Date,Total_Quantity,Invoice_Count,SKU_Count,Rolling_7_Day_Demand,Rolling_30_Day_Demand,Year,Month,Week_Of_Year,Day_Of_Week,Is_Weekend,Total_Quantity_raw,day,week,month,quarter,year,day_of_week,is_weekend,is_holiday,lag_1,lag_3,lag_7,lag_14,lag_30,roll_mean_7,roll_median_7,roll_std_7,roll_max_7,roll_min_7,roll_mean_14,roll_median_14,roll_std_14,roll_max_14,roll_min_14,roll_mean_30,roll_median_30,roll_std_30,roll_max_30,roll_min_30,ema_7,ema_30,growth_rate_1d,growth_rate_7d,demand_trend_7,fourier_week_sin_1,fourier_week_cos_1,fourier_year_sin_1,fourier_year_cos_1,fourier_week_sin_2,fourier_week_cos_2,fourier_year_sin_2,fourier_year_cos_2
31-12-2009,0,0,0,0,13312.1,2009,12,53,3,FALSE,0,31,53,12,4,2009,3,0,0,0,0,0,15413,26098,0,0,0,0,0,4777.642857,0,6606.110279,17402,0,14182.03333,13497.5,13551.4409,49221,0,1419.943458,9154.028109,0,0,-9555.285714,0.974927912,-0.222520934,0.493468142,0.869763872,-0.433883739,-0.900968868,0.858401523,0.512978386
01-01-2010,0,0,0,0,12251.96667,2010,1,53,4,FALSE,0,1,53,1,1,2010,4,0,1,0,0,0,17402,31804,0,0,0,0,0,3676.714286,0,5948.984702,17402,0,13312.1,12025,13597.71945,49221,0,1064.910041,8477.909812,0,0,-7353.428571,0.433883739,-0.900968868,0.508356438,0.861146754,-0.781831482,0.623489802,0.875538993,0.483147464
02-01-2010,0,0,0,0,10611.26667,2010,1,53,5,TRUE,0,2,53,1,1,2010,5,1,0,0,0,0,0,49221,0,0,0,0,0,2433.714286,0,4502.815537,14478,0,12251.96667,10152,13343.71402,49221,0,798.6557851,7857.526645,0,0,-4867.428571,-0.433883739,-0.900968868,0.523094303,0.852274809,0.781831482,0.623489802,0.891640195,0.4527447
03-01-2010,0,0,0,0,9904.266667,2010,1,53,6,TRUE,0,3,53,1,1,2010,6,1,0,0,0,0,6245,21210,0,0,0,0,0,2433.714286,0,4502.815537,14478,0,10611.26667,7508,11546.35452,45332,0,598.9767951,7287.477698,0,0,-4867.428571,-0.974927912,-0.222520934,0.537677377,0.843150662,0.433883739,-0.900968868,0.906686072,0.421806077
04-01-2010,10646,29,479,1520.857143,10088.5,2010,1,1,0,FALSE,10646,4,1,1,1,2010,0,0,0,0,0,0,8771,5119,0,0,0,0,0,1987.642857,0,4404.463394,14478,0,9904.266667,5682,11524.33877,45332,0,449.2241347,6762.997374,0,0,-3975.285714,-0.781831482,0.623489802,0.552101343,0.833777013,-0.974927912,-0.222520934,0.920658817,0.390368215
05-01-2010,11296,36,620,3134.571429,10080.6,2010,1,1,1,FALSE,11296,5,1,1,1,2010,1,0,0,10646,0,0,14478,11533,1520.857143,0,4023.80978,10646,0,2121.571429,0,4648.34933,14478,0,10088.5,7508,11489.32679,45332,0,2998.526136,7040.389701,0.061055796,0,-1201.428571,-1.22E-15,1,0.566361933,0.824156636,-2.45E-15,1,0.933541891,0.358468322
06-01-2010,7459,14,249,4200.142857,9730.733333,2010,1,1,2,FALSE,7459,6,1,1,1,2010,2,0,0,11296,0,0,4578,17955,3134.571429,0,5356.587311,11296,0,1894.285714,0,4035.025106,11296,0,10080.6,7508,11488.38075,45332,0,5072.960536,7342.310488,-0.339677762,0,2480.571429,0.781831482,0.623489802,0.580454928,0.814292378,0.974927912,-0.222520934,0.945320047,0.326144154
07-01-2010,40614,47,656,10002.14286,10313.1,2010,1,1,3,FALSE,40614,7,1,1,1,2010,3,0,0,7459,10646,0,0,23143,4200.142857,0,5370.990177,11296,0,2100.071429,0,4250.153055,11296,0,9730.733333,6852,11399.78567,45332,0,5669.484621,7350.536309,4.444965813,0,4200.142857,0.974927912,-0.222520934,0.594376157,0.804187158,-0.433883739,-0.900968868,0.955979344,0.293433969
08-01-2010,12695,45,500,11815.71429,10141.6,2010,1,1,4,FALSE,12695,8,1,1,1,2010,4,0,0,40614,11296,0,0,17840,10002.14286,7459,14409.31745,40614,0,5001.071429,0,11079.8521,40614,0,10313.1,6852,12501.60131,45332,0,14405.76966,9681.453212,-0.687423056,0,10002.14286,0.433883739,-0.900968868,0.6081215,0.793843965,-0.781831482,0.623489802,0.965507166,0.260376483
09-01-2010,0,0,0,11815.71429,9355.633333,2010,1,1,5,TRUE,0,9,1,1,1,2010,5,1,0,12695,7459,0,0,23579,11815.71429,10646,13723.19147,40614,0,5907.857143,0,11158.28347,40614,0,10141.6,6852,12429.86931,45332,0,13978.07151,9891.458399,-1,0,11815.71429,-0.433883739,-0.900968868,0.62168689,0.783265862,0.781831482,0.623489802,0.973892236,0.227010821
10-01-2010,13383,34,487,13727.57143,9092.8,2010,1,1,6,TRUE,13383,10,1,1,1,2010,6,1,0,0,40614,0,0,21268,11815.71429,10646,13723.19147,40614,0,5907.857143,0,11158.28347,40614,0,9355.633333,5411.5,12295.64529,45332,0,10483.51849,9205.697852,0,0,11815.71429,-0.974927912,-0.222520934,0.635068313,0.772455978,0.433883739,-0.900968868,0.98112463,0.193376474
11-01-2010,13980,56,1067,14203.85714,9558.8,2010,1,2,0,FALSE,13980,11,2,1,1,2010,0,0,0,13383,12695,10646,0,0,13727.57143,11296,12696.55335,40614,0,6863.785714,0,11186.44978,40614,0,9092.8,5411.5,12115.17524,45332,0,11208.39433,9493.917151,0.044608832,0.313169265,13727.57143,-0.781831482,0.623489802,0.64826181,0.761417511,-0.974927912,-0.222520934,0.987195787,0.159513252
12-01-2010,21264,39,766,15627.85714,9850.366667,2010,1,2,1,FALSE,21264,12,2,1,1,2010,1,0,0,13980,0,11296,0,12517,14203.85714,12695,12624.01483,40614,0,7862.357143,3729.5,11150.5277,40614,0,9558.8,6852,12021.87331,45332,0,11901.29967,9802.060641,0.521030043,0.882436261,12683,-1.47E-15,1,0.661263475,0.750153729,-2.94E-15,1,0.992098523,0.125461233
13-01-2010,8835,30,902,15824.42857,8633.8,2010,1,2,2,FALSE,8835,13,2,1,1,2010,2,0,0,21264,13383,7459,0,45332,15627.85714,13383,12802.2788,40614,0,9381.214286,9052.5,11441.61056,40614,0,9850.366667,6852,12200.83112,45332,0,14241.98468,10586.09561,-0.584509029,0.184475131,12493.28571,0.781831482,0.623489802,0.674069462,0.738667964,0.974927912,-0.222520934,0.995827034,0.091260722
14-01-2010,13784,58,1038,11991.57143,8191.133333,2010,1,2,3,FALSE,13784,14,2,1,1,2010,3,0,0,8835,13980,40614,0,27064,15824.42857,13383,12665.78234,40614,0,10012.28571,9740.5,11123.61152,40614,0,8633.8,6852,10195.72553,40614,0,12890.23421,10466.77862,0.560158461,-0.660609642,11624.28571,0.974927912,-0.222520934,0.68667598,0.726963615,-0.433883739,-0.900968868,0.998376906,0.056952196
15-01-2010,8419,46,430,11380.71429,7642.066667,2010,1,2,4,FALSE,8419,15,2,1,1,2010,4,0,0,13784,21264,12695,0,24891,11991.57143,13383,6446.409772,21264,0,10996.85714,10971,10773.75787,40614,0,8191.133333,6852,9641.157159,40614,0,13113.67619,10691.99322,-0.389219385,-0.336825522,1989.428571,0.433883739,-0.900968868,0.699079301,0.715044147,-0.781831482,0.623489802,0.999745124,0.022576263
16-01-2010,0,0,0,11380.71429,7128.3,2010,1,2,5,TRUE,0,16,2,1,1,2010,5,1,0,8419,8835,0,0,15413,11380.71429,13383,6570.053569,21264,0,11598.21429,10971,10338.91758,40614,0,7642.066667,6852,9111.810411,40614,0,11940.00504,10538.19322,-1,0,-435,-0.433883739,-0.900968868,0.711275752,0.702913085,0.781831482,0.623489802,0.999930066,-0.011826391
17-01-2010,9911,40,683,10884.71429,6878.6,2010,1,2,6,TRUE,9911,17,2,1,1,2010,6,1,0,0,13784,13383,0,17402,11380.71429,13383,6570.053569,21264,0,11598.21429,10971,10338.91758,40614,0,7128.3,5411.5,9093.049017,40614,0,8954.999775,9827.373682,0,-0.25943361,-435,-0.974927912,-0.222520934,0.723261725,0.69057402,0.433883739,-0.900968868,0.998931514,-0.046215047
18-01-2010,10333,40,1002,10363.71429,7223.033333,2010,1,3,0,FALSE,10333,18,3,1,1,2010,0,0,0,9911,8419,13980,10646,0,10884.71429,9911,6524.599904,21264,0,12306.14286,10971,9809.428956,40614,0,6878.6,5411.5,8902.046795,40614,0,9194.000072,9832.997912,0.042578953,-0.260872675,-2842.857143,-0.781831482,0.623489802,0.735033674,0.678030602,-0.974927912,-0.222520934,0.99675065,-0.080549004
19-01-2010,15274,47,1065,9508,7524,2010,1,3,1,FALSE,15274,19,3,1,1,2010,1,0,0,10333,0,21264,11296,6245,10363.71429,9911,6380.255108,21264,0,12283.78571,10814.5,9813.859408,40614,0,7223.033333,6852,8826.303536,40614,0,9478.750269,9866.533383,0.478176715,-0.281696764,-3840.142857,-1.71E-15,1,0.746588115,0.665286545,-3.43E-15,1,0.993390055,-0.114787626
20-01-2010,9477,37,761,9599.714286,7547.533333,2010,1,3,2,FALSE,9477,20,3,1,1,2010,2,0,0,15274,9911,8835,7459,8771,9508,9911,4906.031662,15274,0,12567.92857,11514,9840.611359,40614,0,7524,7939,8944.94555,40614,0,10927.56352,10228.29163,-0.379533848,0.072665535,-6119.857143,0.781831482,0.623489802,0.757921627,0.652345619,0.974927912,-0.222520934,0.988853706,-0.148890387
21-01-2010,57628.5,48,732,18044.85714,9494.933333,2010,1,3,3,FALSE,72900,21,3,1,1,2010,3,0,0,9477,10333,13784,40614,14478,9599.714286,9911,4897.346755,15274,0,12712.07143,11514,9774.578578,40614,0,7547.533333,7939,8949.267089,40614,0,10564.92249,10178.14991,5.080880025,3.180825595,-6224.714286,0.974927912,-0.222520934,0.769030859,0.639211653,-0.433883739,-0.900968868,0.983146974,-0.182816925
22-01-2010,18573,45,862,19495.42857,9961.433333,2010,1,3,4,FALSE,18573,22,3,1,1,2010,4,0,0,57628.5,15274,8419,12695,4578,15863.21429,9911,18967.25255,57628.5,0,13927.39286,11514,13757.07056,57628.5,0,8985.883333,7939,12758.49736,57628.5,0,22330.82061,13337.98927,-0.677711549,1.206081482,3871.642857,0.433883739,-0.900968868,0.779912522,0.625888534,-0.781831482,0.623489802,0.976276611,-0.216527085
23-01-2010,0,0,0,19495.42857,9961.433333,2010,1,3,5,TRUE,0,23,3,1,1,2010,5,1,0,18573,9477,0,0,0,17313.78571,10333,18689.29072,57628.5,0,14347.25,11858,13806.17428,57628.5,0,9452.383333,8627,12847.31704,57628.5,0,21391.36524,13685.87957,-1,0,5933.071429,-0.433883739,-0.900968868,0.790563397,0.612380205,0.781831482,0.623489802,0.96825075,-0.249980969
24-01-2010,8846,50,705,19343.28571,10256.3,2010,1,3,6,TRUE,8846,24,3,1,1,2010,6,1,0,0,57628.5,9911,13383,0,17313.78571,10333,18689.29072,57628.5,0,14347.25,11858,13806.17428,57628.5,0,9452.383333,8627,12847.31704,57628.5,0,16043.52297,12778.15012,0,-0.107456362,5933.071429,-0.974927912,-0.222520934,0.800980331,0.598690663,0.433883739,-0.900968868,0.95907889,-0.283138981
25-01-2010,10038,57,905,19301.14286,10590.9,2010,1,4,0,FALSE,10038,25,4,1,1,2010,0,0,0,8846,18573,10333,13980,0,17161.64286,10333,18763.7845,57628.5,0,14023.17857,10122,13883.58048,57628.5,0,9747.25,8840.5,12723.80996,57628.5,0,14244.14198,12517.81755,0.13475017,-0.028549308,6276.928571,-0.781831482,0.623489802,0.811160242,0.584823958,-0.974927912,-0.222520934,0.948771886,-0.315961877
26-01-2010,22968,93,814,20400.28571,11356.5,2010,1,4,1,FALSE,22968,26,4,1,1,2010,1,0,0,10038,0,15274,21264,0,17119.5,10038,18782,57628.5,0,13741.60714,9974.5,13924.43706,57628.5,0,10081.85,9161.5,12589.92727,57628.5,0,13192.60638,12353.91535,1.2881052,0.503731832,6755.785714,-1.96E-15,1,0.821100118,0.570784194,-3.92E-15,1,0.937341938,-0.348410807
27-01-2010,17837,56,870,21594.57143,11951.06667,2010,1,4,2,FALSE,17837,27,4,1,1,2010,2,0,0,22968,8846,9477,8835,0,18218.64286,10038,18880.8696,57628.5,0,13863.32143,9974.5,14002.47738,57628.5,0,10847.45,9694,12653.88949,57628.5,0,15636.45497,13054.34204,-0.223397771,0.882135697,8710.642857,0.781831482,0.623489802,0.830797017,0.556575527,0.974927912,-0.222520934,0.924802574,-0.380447366
28-01-2010,11243,56,717,12786.42857,12325.83333,2010,1,4,3,FALSE,11243,28,4,1,1,2010,3,0,0,17837,10038,57628.5,13784,0,19412.92857,17837,18496.25423,57628.5,0,14506.32143,10185.5,13960.43769,57628.5,0,11442.01667,9974.5,12545.21204,57628.5,0,16186.59126,13369.48652,-0.369681,-0.804905559,9813.214286,0.974927912,-0.222520934,0.84024807,0.542202159,-0.433883739,-0.900968868,0.911168635,-0.412033637
29-01-2010,10162,49,689,11584.85714,12664.56667,2010,1,4,4,FALSE,10162,29,4,1,1,2010,4,0,0,11243,22968,18573,8419,0,12786.42857,11243,7655.203478,22968,0,14324.82143,10185.5,13987.04344,57628.5,0,11816.78333,10185.5,12358.15293,57628.5,0,14950.69339,13229.55827,-0.096148715,-0.452861681,-3076.785714,0.433883739,-0.900968868,0.849450479,0.527668346,-0.781831482,0.623489802,0.896456258,-0.443132234
30-01-2010,0,0,0,11584.85714,12664.56667,2010,1,4,5,TRUE,0,30,4,1,1,2010,5,1,0,10162,17837,0,0,0,11584.85714,10162,7244.64907,22968,0,14449.32143,10247.5,13938.10313,57628.5,0,12155.51667,10247.5,12160.78222,57628.5,0,13753.52001,13027.96444,-1,0,-5728.928571,-0.433883739,-0.900968868,0.858401523,0.512978386,0.781831482,0.623489802,0.880682856,-0.47370635
31-01-2010,10735,53,793,11854.71429,13022.4,2010,1,4,6,TRUE,10735,31,4,1,1,2010,6,1,0,0,11243,8846,9911,0,11584.85714,10162,7244.64907,22968,0,14449.32143,10247.5,13938.10313,57628.5,0,12155.51667,10247.5,12160.78222,57628.5,0,10315.13992,12172.82028,0,0.213542844,-5728.928571,-0.974927912,-0.222520934,0.867098552,0.498136628,0.433883739,-0.900968868,0.863867099,-0.503719799
01-02-2010,9251,66,833,11742.28571,13330.76667,2010,2,5,0,FALSE,9251,1,5,2,1,2010,0,0,0,10735,10162,10038,10333,0,11854.71429,10735,7160.31656,22968,0,14508.17857,10534,13919.1917,57628.5,0,12513.35,10489.5,11946.82766,57628.5,0,10420.10494,12078.54889,-0.138239404,-0.078402072,-5306.928571,-0.781831482,0.623489802,0.875538993,0.483147464,-0.974927912,-0.222520934,0.846028888,-0.533137056
02-02-2010,11094,46,734,10046,13700.56667,2010,2,5,1,FALSE,11094,2,5,2,1,2010,1,0,0,9251,0,22968,15274,0,11742.28571,10735,7199.666606,22968,0,14430.89286,10448.5,13947.13331,57628.5,0,12821.71667,10489.5,11730.12676,57628.5,0,10127.8287,11893.35359,0.199221706,-0.516980146,-5377.214286,-2.20E-15,1,0.883720347,0.468015328,-4.41E-15,1,0.827189337,-0.561923305
03-02-2010,10285,49,856,8967.142857,13688.53333,2010,2,5,2,FALSE,10285,3,5,2,1,2010,2,0,0,11094,10735,17837,9477,10646,10046,10735,5248.382481,17837,0,14132.32143,10448.5,13972.41473,57628.5,0,13191.51667,10690.5,11484.27165,57628.5,0,10369.37153,11841.0498,-0.0729223,-0.423389583,-8172.642857,0.781831482,0.623489802,0.891640195,0.4527447,0.974927912,-0.222520934,0.807370744,-0.590044474
04-02-2010,12798,64,819,9189.285714,13738.6,2010,2,5,3,FALSE,12798,4,5,2,1,2010,3,0,0,10285,9251,11243,57628.5,11296,8967.142857,10285,4010.05035,11243,0,14190.03571,10510,13953.36211,57628.5,0,13179.48333,10534,11487.21959,57628.5,0,10348.27865,11739.32665,0.244336412,0.138308281,-10445.78571,0.974927912,-0.222520934,0.899296192,0.437340096,-0.433883739,-0.900968868,0.786596566,-0.61746728
05-02-2010,10342,40,612,9215,13834.7,2010,2,5,4,FALSE,10342,5,5,2,1,2010,4,0,0,12798,11094,10162,18573,7459,9189.285714,10285,4195.901402,12798,0,10987.85714,10510,6217.434555,22968,0,13229.55,10534,11481.99944,57628.5,0,10960.70899,11808.47574,-0.191904985,0.017713049,-3597.142857,0.433883739,-0.900968868,0.906686072,0.421806077,-0.781831482,0.623489802,0.76489139,-0.644159267
06-02-2010,0,0,0,9215,12480.9,2010,2,5,5,TRUE,0,6,5,2,1,2010,5,1,0,10342,10285,0,0,40614,9215,10342,4203.401004,12798,0,10399.92857,10313.5,5821.564031,22968,0,13325.65,10538.5,11444.03875,57628.5,0,10806.03174,11712.76695,-1,0,-2369.857143,-0.433883739,-0.900968868,0.91380765,0.406147239,0.781831482,0.623489802,0.742280907,-0.670088841
07-02-2010,11186,30,543,9279.428571,12430.6,2010,2,5,6,TRUE,11186,7,5,2,1,2010,6,1,0,0,12798,10735,8846,12695,9215,10342,4203.401004,12798,0,10399.92857,10313.5,5821.564031,22968,0,11971.85,10337.5,10464.96674,57628.5,0,8104.523797,10948.91087,0,0.04201211,-2369.857143,-0.974927912,-0.222520934,0.920658817,0.390368215,0.433883739,-0.900968868,0.718791877,-0.695225314
08-02-2010,8616,60,784,9188.714286,12717.8,2010,2,6,0,FALSE,8616,8,6,2,1,2010,0,0,0,11186,10342,9251,10038,0,9279.428571,10342,4233.927722,12798,0,10567.07143,10538.5,5807.091162,22968,0,11921.55,10337.5,10464.99757,57628.5,0,8874.89285,10964.36199,-0.229751475,-0.068641228,-2575.285714,-0.781831482,0.623489802,0.927237546,0.374473674,-0.974927912,-0.222520934,0.694452102,-0.719538934
09-02-2010,10891,54,667,9159.714286,12634.73333,2010,2,6,1,FALSE,10891,9,6,2,1,2010,1,0,0,8616,0,11094,22968,13383,9188.714286,10342,4241.434298,12798,0,10465.5,10538.5,5829.449964,22968,0,12208.75,10337.5,10242.40314,57628.5,0,8810.169637,10811.41904,0.26404364,-0.018298179,-2553.571429,-2.45E-15,1,0.933541891,0.358468322,-4.90E-15,1,0.66929039,-0.743000925
10-02-2010,3761,31,615,8227.714286,12294.1,2010,2,6,2,FALSE,3761,10,6,2,1,2010,2,0,0,10891,11186,10285,17837,13980,9159.714286,10342,4226.9052,12798,0,9602.857143,10538.5,4601.193288,17837,0,12125.68333,10337.5,10242.65664,57628.5,0,9330.377229,10816.59878,-0.654668993,-0.634321828,-886.2857143,0.781831482,0.623489802,0.939569986,0.342356892,0.974927912,-0.222520934,0.64333652,-0.765583517
11-02-2010,9035,56,511,7690.142857,11886.46667,2010,2,6,3,FALSE,9035,11,6,2,1,2010,3,0,0,3761,8616,12798,11243,21264,8227.714286,10342,4636.80647,12798,0,8597.428571,10313.5,4182.348525,12798,0,11785.05,10309,10348.24147,57628.5,0,7938.03292,10357.62836,1.402286626,-0.294030317,-739.4285714,0.974927912,-0.222520934,0.945320047,0.326144154,-0.433883739,-0.900968868,0.616621213,-0.787259982
12-02-2010,7652,32,571,7305.857143,11847.03333,2010,2,6,4,FALSE,7652,12,6,2,1,2010,4,0,0,9035,10891,10342,10162,8835,7690.142857,9035,4217.842317,11186,0,8439.714286,10223.5,4116.016529,12798,0,11377.41667,10223.5,10201.79882,57628.5,0,8212.27469,10271.63664,-0.153071389,-0.260104429,-1499.142857,0.433883739,-0.900968868,0.950790372,0.309834904,-0.781831482,0.623489802,0.589176087,-0.808004665
13-02-2010,0,0,0,7305.857143,11387.56667,2010,2,6,5,TRUE,0,13,6,2,1,2010,5,1,0,7652,3761,0,0,13784,7305.857143,8616,4055.37797,11186,0,8260.428571,9768,4089.808303,12798,0,11337.98333,10223.5,10214.24373,57628.5,0,8072.206018,10101.40398,-1,0,-1909.142857,-0.433883739,-0.900968868,0.955979344,0.293433969,0.781831482,0.623489802,0.561033626,-0.827793012
14-02-2010,10895,46,706,7264.285714,11470.1,2010,2,6,6,TRUE,10895,14,6,2,1,2010,6,1,0,0,9035,11186,10735,8419,7305.857143,8616,4055.37797,11186,0,8260.428571,9768,4089.808303,12798,0,10878.51667,10100,10408.59402,57628.5,0,6054.154512,9445.287802,0,-0.026014661,-1909.142857,-0.974927912,-0.222520934,0.960885426,0.276946202,0.433883739,-0.900968868,0.532227139,-0.846601602
15-02-2010,57628.5,45,567,19808.42857,14684.26667,2010,2,7,0,FALSE,96425,15,7,2,1,2010,0,0,0,10895,7652,8616,9251,0,7264.285714,8616,4010.213698,10895,0,8271.857143,9768,4097.471544,12798,0,10961.05,10223.5,10398.23054,57628.5,0,7264.365885,9539.409796,4.289444699,5.688544568,-2015.142857,-0.781831482,0.623489802,0.965507166,0.260376483,-0.974927912,-0.222520934,0.50279072,-0.864408174
16-02-2010,16711,61,1051,20639.85714,14910.93333,2010,2,7,1,FALSE,16711,16,7,2,1,2010,1,0,0,57628.5,0,10891,11094,9911,14266.07143,9035,19527.94071,57628.5,0,11727.39286,10313.5,13829.20501,57628.5,0,12882,10309,13238.6289,57628.5,0,19855.39942,12660.30026,-0.710021951,0.53438619,5077.357143,4.41E-15,1,0.969843197,0.243729714,8.82E-15,1,0.472759209,-0.881191653
17-02-2010,25014,49,648,23676,15400.3,2010,2,7,2,FALSE,25014,17,7,2,1,2010,2,0,0,16711,10895,3761,10285,10333,15097.5,9035,19484.14084,57628.5,0,12128.60714,10313.5,13890.7589,57628.5,0,13108.66667,10337.5,13244.21881,57628.5,0,19069.29956,12923.08259,0.496858357,5.650890721,5937.785714,0.781831482,0.623489802,0.973892236,0.227010821,0.974927912,-0.222520934,0.442168152,-0.896932174
18-02-2010,19853,63,773,25221.42857,15552.93333,2010,2,7,3,FALSE,19853,18,7,2,1,2010,3,0,0,25014,57628.5,9035,12798,15274,18133.64286,10895,19074.78292,57628.5,0,13180.67857,10616.5,14292.35912,57628.5,0,13598.03333,10538.5,13408.33357,57628.5,0,20555.47467,13707.18044,-0.206324458,1.197343664,9905.928571,0.974927912,-0.222520934,0.977653084,0.210224752,-0.433883739,-0.900968868,0.411053755,-0.911611107
19-02-2010,12611,58,921,25929.85714,15657.4,2010,2,7,4,FALSE,12611,19,7,2,1,2010,4,0,0,19853,16711,7652,10342,9477,19679.07143,16711,18648.21931,57628.5,0,13684.60714,10616.5,14401.78433,57628.5,0,13750.66667,10538.5,13454.05426,57628.5,0,20379.856,14105.60471,-0.364781141,0.648065865,11988.92857,0.433883739,-0.900968868,0.98112463,0.193376474,-0.781831482,0.623489802,0.379452844,-0.925211078
20-02-2010,0,0,0,25929.85714,13227.4,2010,2,7,5,TRUE,0,20,7,2,1,2010,5,1,0,12611,25014,0,0,57628.5,20387.5,16711,18204.07734,57628.5,0,13846.67857,10893,14374.01492,57628.5,0,13855.13333,10813,13431.87526,57628.5,0,18437.642,14008.74198,-1,0,13081.64286,-0.433883739,-0.900968868,0.984305844,0.176470973,0.781831482,0.623489802,0.347402821,-0.937715991
21-02-2010,5555,37,584,25167,12793.46667,2010,2,7,6,TRUE,5555,21,7,2,1,2010,6,1,0,0,19853,10895,11186,18573,20387.5,16711,18204.07734,57628.5,0,13846.67857,10893,14374.01492,57628.5,0,11934.18333,10538.5,10823.34409,57628.5,0,13828.2315,13101.12499,0,-0.490133089,13081.64286,-0.974927912,-0.222520934,0.987195787,0.159513252,0.433883739,-0.900968868,0.314941621,-0.949111045
22-02-2010,13427,48,666,13310.14286,13241.03333,2010,2,8,0,FALSE,13427,22,8,2,1,2010,0,0,0,5555,12611,57628.5,8616,0,19624.64286,16711,18771.22103,57628.5,0,13444.46429,9963,14532.1072,57628.5,0,11500.25,10313.5,10808.95174,57628.5,0,11759.92363,12612.35015,1.41710171,-0.767007644,12360.35714,-0.781831482,0.623489802,0.989793603,0.142508328,-0.974927912,-0.222520934,0.282107663,-0.959382753
23-02-2010,11873,47,733,12619,13341.93333,2010,2,8,1,FALSE,11873,23,8,2,1,2010,1,0,0,13427,0,16711,10891,8846,13310.14286,13427,8457.340804,25014,0,13788.10714,10893,14465.87706,57628.5,0,11947.81667,10538.5,10592.15199,57628.5,0,12176.69272,12665.10287,-0.115736948,-0.289509904,-955.9285714,-2.94E-15,1,0.992098523,0.125461233,-5.88E-15,1,0.248939809,-0.968518958
24-02-2010,22454,63,782,12253.28571,13755.8,2010,2,8,2,FALSE,22454,24,8,2,1,2010,2,0,0,11873,5555,25014,3761,10038,12619,12611,8329.820746,25014,0,13858.25,11384,14453.124,57628.5,0,12048.71667,10813,10575.9906,57628.5,0,12100.76954,12613.82244,0.891181673,-0.102342688,-2478.5,0.781831482,0.623489802,0.994109865,0.108377013,0.974927912,-0.222520934,0.215477315,-0.976508846
25-02-2010,26312,67,856,13176,13867.26667,2010,2,8,3,FALSE,26312,25,8,2,1,2010,3,0,0,22454,13427,19853,9035,22968,12253.28571,12611,7729.493876,22454,0,15193.46429,12242,14311.31778,57628.5,0,12462.58333,10893,10736.31303,57628.5,0,14689.07715,13250.72943,0.171817939,0.325341258,-5880.357143,0.974927912,-0.222520934,0.995827034,0.091260722,-0.433883739,-0.900968868,0.181759788,-0.983342961
26-02-2010,7419,36,684,12434.28571,13520,2010,2,8,4,FALSE,7419,26,8,2,1,2010,4,0,0,26312,11873,12611,7652,17837,13176,12611,9059.087813,26312,0,16427.53571,13019,14483.28935,57628.5,0,12574.05,10893,10865.72264,57628.5,0,17594.80787,14095.94549,-0.718037397,-0.411704068,-6503.071429,0.433883739,-0.900968868,0.997249521,0.074117425,-0.781831482,0.623489802,0.147827133,-0.989013215
27-02-2010,0,0,0,12434.28571,13145.23333,2010,2,8,5,TRUE,0,27,8,2,1,2010,5,1,0,7419,22454,0,0,11243,12434.28571,11873,9321.795923,26312,0,16410.89286,13019,14494.27878,57628.5,0,12226.78333,10813,10858.1957,57628.5,0,15050.8559,13663.95394,-1,0,-7953.214286,-0.433883739,-0.900968868,0.998376906,0.056952196,0.781831482,0.623489802,0.113719515,-0.993512895
28-02-2010,8419,53,736,12843.42857,13087.13333,2010,2,8,6,TRUE,8419,28,8,2,1,2010,6,1,0,0,26312,5555,10895,10162,12434.28571,11873,9321.795923,26312,0,16410.89286,13019,14494.27878,57628.5,0,11852.01667,10538.5,11084.97725,57628.5,0,11288.14192,12780.07171,0,0.515571557,-7953.214286,-0.974927912,-0.222520934,0.999208856,0.039770114,0.433883739,-0.900968868,0.0794773,-0.996836676
01-03-2010,21448,58,777,13989.28571,13802.06667,2010,3,9,0,FALSE,21448,1,9,3,1,2010,0,0,0,8419,7419,13427,57628.5,0,12843.42857,11873,9027.748314,26312,0,16234.03571,13019,14581.60302,57628.5,0,11793.91667,10538.5,11098.69995,57628.5,0,10570.85644,12498.01464,1.54757097,0.597378417,-6781.214286,-0.781831482,0.623489802,0.999745124,0.022576263,-0.974927912,-0.222520934,0.045141018,-0.998980625
02-03-2010,11897,55,929,13992.71429,13840.8,2010,3,9,1,FALSE,11897,2,9,3,1,2010,1,0,0,21448,0,11873,16711,10735,13989.28571,11873,9604.761071,26312,0,13649.71429,13019,8701.381919,26312,0,12508.85,10813,11003.17202,57628.5,0,13290.14233,13076.77211,-0.445309586,0.002021393,679.1428571,-1.03E-14,1,0.999985551,0.005375732,-2.06E-14,1,0.010751308,-0.999942203
03-03-2010,20381,63,1014,13696.57143,14211.8,2010,3,9,2,FALSE,20381,3,9,3,1,2010,2,0,0,11897,8419,22454,25014,9251,13992.71429,11897,9603.883966,26312,0,13305.85714,12254,8666.149104,26312,0,12547.58333,10893,10998.75675,57628.5,0,12941.85675,13000.49268,0.713120955,-0.092322081,1373.714286,0.781831482,0.623489802,0.999930066,-0.011826391,0.974927912,-0.222520934,-0.023651127,-0.999720273
04-03-2010,18546,74,989,12587.14286,14460.2,2010,3,9,3,FALSE,18546,4,9,3,1,2010,3,0,0,20381,21448,26312,19853,11094,13696.57143,11897,9327.472485,26312,0,12974.92857,12254,8263.784144,26312,0,12918.58333,10994.5,11071.19994,57628.5,0,14801.64256,13477.62052,-0.090034836,-0.295150502,1443.285714,0.974927912,-0.222520934,0.999578686,-0.029025013,-0.433883739,-0.900968868,-0.058025569,-0.998315097
05-03-2010,18260,81,771,14135.85714,14726.03333,2010,3,9,4,FALSE,18260,5,9,3,1,2010,4,0,0,18546,11897,7419,12611,10285,12587.14286,11897,7934.760602,21448,0,12881.57143,12254,8187.131654,26312,0,13166.98333,11040.5,11112.37305,57628.5,0,15737.73192,13805.23329,-0.015421115,1.461248147,-588.8571429,0.433883739,-0.900968868,0.998931514,-0.046215047,-0.781831482,0.623489802,-0.092331334,-0.995728339
06-03-2010,0,0,0,14135.85714,14299.43333,2010,3,9,5,TRUE,0,6,9,3,1,2010,5,1,0,18260,20381,0,0,12798,14135.85714,18260,7814.991479,21448,0,13285.07143,12662,8311.037772,26312,0,13432.81667,11529.5,11136.41616,57628.5,0,16368.29894,14093.14776,-1,0,1701.571429,-0.433883739,-0.900968868,0.997988742,-0.063391405,0.781831482,0.623489802,-0.126527817,-0.99196306
07-03-2010,10927,58,1076,14494.14286,14318.93333,2010,3,9,6,TRUE,10927,7,9,3,1,2010,6,1,0,0,18546,8419,5555,10342,14135.85714,18260,7814.991479,21448,0,13285.07143,12662,8311.037772,26312,0,13006.21667,11040.5,11403.49482,57628.5,0,12276.22421,13182.40275,0,0.297897613,1701.571429,-0.974927912,-0.222520934,0.99675065,-0.080549004,0.433883739,-0.900968868,-0.160574545,-0.987023716
08-03-2010,15620,76,1042,13661.57143,14839.6,2010,3,10,0,FALSE,15620,8,10,3,1,2010,0,0,0,10927,18260,21448,13427,0,14494.14286,18260,7562.630482,21448,0,13668.78571,12662,8046.493352,26312,0,13025.71667,11056.5,11399.2813,57628.5,0,11938.91815,13036.66691,0.429486593,-0.271726968,1650.714286,-0.781831482,0.623489802,0.995217603,-0.097682768,-0.974927912,-0.222520934,-0.19443122,-0.980916154
09-03-2010,12353,57,736,13726.71429,14878.5,2010,3,10,1,FALSE,12353,9,10,3,1,2010,1,0,0,15620,0,11897,11873,11186,13661.57143,15620,6966.819907,20381,0,13825.42857,13758.5,8062.753764,26312,0,13546.38333,11529.5,11137.53054,57628.5,0,12859.18862,13203.57568,-0.20915493,0.038328991,-327.7142857,-3.43E-15,1,0.993390055,-0.114787626,-6.86E-15,1,-0.228057771,-0.973647602
10-03-2010,18013,61,924,13388.42857,15191.73333,2010,3,10,2,FALSE,18013,10,10,3,1,2010,2,0,0,12353,10927,20381,22454,8616,13726.71429,15620,6949.681281,20381,0,13859.71429,13986.5,8054.829363,26312,0,13585.28333,11885,11131.03826,57628.5,0,12732.64146,13148.62526,0.458188294,-0.116186644,-266,0.781831482,0.623489802,0.991268547,-0.131858516,0.974927912,-0.222520934,-0.261414399,-0.965226664
11-03-2010,14179,48,839,12764.57143,15301.33333,2010,3,10,3,FALSE,14179,11,10,3,1,2010,3,0,0,18013,15620,18546,26312,10891,13388.42857,15620,6621.682638,18546,0,13542.5,13986.5,7772.8466,26312,0,13898.51667,12125,11118.5893,57628.5,0,14052.7311,13462.8548,-0.212846278,-0.235468565,-308.1428571,0.974927912,-0.222520934,0.988853706,-0.148890387,-0.433883739,-0.900968868,-0.294461622,-0.955663305
12-03-2010,11029,36,646,11731.57143,15543.6,2010,3,10,4,FALSE,11029,12,10,3,1,2010,4,0,0,14179,12353,18260,7419,3761,12764.57143,14179,6250.068822,18260,0,12675.85714,13266,6862.680009,21448,0,14008.11667,12482,11104.11691,57628.5,0,14084.29832,13509.11265,-0.222159532,-0.396002191,177.4285714,0.433883739,-0.900968868,0.986146248,-0.165878199,-0.781831482,0.623489802,-0.327160327,-0.944968846
13-03-2010,0,0,0,11731.57143,15242.43333,2010,3,10,5,TRUE,0,13,10,3,1,2010,5,1,0,11029,18013,0,0,9035,11731.57143,12353,5769.503325,18013,0,12933.71429,13266,6716.22391,21448,0,14250.38333,12482,10951.06971,57628.5,0,13320.47374,13348.92743,-1,0,-2404.285714,-0.433883739,-0.900968868,0.983146974,-0.182816925,0.781831482,0.623489802,-0.359471813,-0.933155944
14-03-2010,4927,24,447,10874.42857,15151.6,2010,3,10,6,TRUE,4927,14,10,3,1,2010,6,1,0,0,14179,10927,8419,7652,11731.57143,12353,5769.503325,18013,0,12933.71429,13266,6716.22391,21448,0,13949.21667,12482,11220.36951,57628.5,0,9990.355306,12486.81031,0,-0.549098563,-2404.285714,-0.974927912,-0.222520934,0.97985677,-0.199701553,0.433883739,-0.900968868,-0.391357837,-0.92023858
15-03-2010,15166,57,958,10809.57143,15657.13333,2010,3,11,0,FALSE,15166,15,11,3,1,2010,0,0,0,4927,11029,15620,21448,0,10874.42857,12353,6327.651114,18013,0,12684.28571,13266,6957.306347,21448,0,13858.38333,12482,11283.95565,57628.5,0,8724.51648,11998.60595,2.078140857,-0.029065301,-3619.714286,-0.781831482,0.623489802,0.976276611,-0.216527085,-0.974927912,-0.222520934,-0.422780658,-0.906232043
16-03-2010,12845,45,780,10879.85714,15722.13333,2010,3,11,1,FALSE,12845,16,11,3,1,2010,1,0,0,15166,0,12353,11897,10895,10809.57143,12353,6272.993753,18013,0,12235.57143,13266,6538.588682,20381,0,14363.91667,13019,10977.23373,57628.5,0,10334.88736,12203.13999,-0.153039694,0.039828382,-2852,3.43E-15,1,0.972407556,-0.233288544,6.86E-15,1,-0.453703086,-0.89115291
17-03-2010,57628.5,48,768,19572.14286,15136.6,2010,3,11,2,FALSE,78859,17,11,3,1,2010,2,0,0,12845,4927,18013,20381,57628.5,10879.85714,12845,6295.883852,18013,0,12303.28571,13512,6539.721382,20381,0,14428.91667,13136,10961.74717,57628.5,0,10962.41552,12244.58557,3.486453873,2.199272747,-2846.857143,0.781831482,0.623489802,0.96825075,-0.249980969,0.974927912,-0.222520934,-0.484088522,-0.87501903
18-03-2010,23659,86,840,20926.42857,15368.2,2010,3,11,3,FALSE,23659,18,11,3,1,2010,3,0,0,57628.5,15166,14179,18546,16711,16539.21429,12845,18921.70068,57628.5,0,14963.82143,13512,13716.94826,57628.5,0,14428.91667,13136,10961.74717,57628.5,0,22628.93664,15174.91244,-0.589456606,0.6685944,3150.785714,0.974927912,-0.222520934,0.963807423,-0.266599421,-0.433883739,-0.900968868,-0.513901001,-0.857849498
19-03-2010,13368,62,746,21260.57143,14980,2010,3,11,4,FALSE,13368,19,11,3,1,2010,4,0,0,23659,12845,11029,18260,25014,17893.5,12845,19063.34462,57628.5,0,15329.03571,13512,13886.67732,57628.5,0,14660.51667,13136,11084.33891,57628.5,0,22886.45248,15722.68079,-0.434971892,0.212077251,5128.928571,0.433883739,-0.900968868,0.95907889,-0.283138981,-0.781831482,0.623489802,-0.54310524,-0.839664635
20-03-2010,0,0,0,21260.57143,14318.23333,2010,3,11,5,TRUE,0,20,11,3,1,2010,5,1,0,13368,57628.5,0,0,19853,18227.64286,13368,18943.08967,57628.5,0,14979.60714,13106.5,13868.78952,57628.5,0,14272.31667,13106.5,10911.82451,57628.5,0,20506.83936,15570.66001,-1,0,6496.071429,-0.433883739,-0.900968868,0.95406655,-0.299594756,0.781831482,0.623489802,-0.571666671,-0.820485964
21-03-2010,12281,56,795,22311.14286,14307.23333,2010,3,11,6,TRUE,12281,21,11,3,1,2010,6,1,0,0,23659,4927,10927,12611,18227.64286,13368,18943.08967,57628.5,0,14979.60714,13106.5,13868.78952,57628.5,0,13610.55,12728,11160.87139,57628.5,0,15380.12952,14565.44629,0,1.492591841,6496.071429,-0.974927912,-0.222520934,0.948771886,-0.315961877,0.433883739,-0.900968868,-0.599551492,-0.800336185
22-03-2010,12821,56,859,21976.14286,14734.6,2010,3,12,0,FALSE,12821,22,12,3,1,2010,0,0,0,12281,13368,15166,15620,0,19278.21429,13368,18274.63377,57628.5,0,15076.32143,13106.5,13843.05185,57628.5,0,13599.55,12599,11162.05306,57628.5,0,14605.34714,14417.97276,0.043970361,-0.154622181,8403.785714,-0.781831482,0.623489802,0.943196466,-0.332235499,-0.974927912,-0.222520934,-0.626726697,-0.779239147
23-03-2010,54452,71,745,27920,16364.5,2010,3,12,1,FALSE,54452,23,12,3,1,2010,1,0,0,12821,0,12845,12353,5555,18943.21429,12845,18383.74813,57628.5,0,14876.39286,12833,13854.80307,57628.5,0,14026.91667,12833,10864.89211,57628.5,0,14159.26035,14314.88347,3.24709461,3.239159206,8133.642857,-3.92E-15,1,0.937341938,-0.348410807,-7.84E-15,1,-0.653160122,-0.757219819
24-03-2010,14409,73,843,18712.85714,16397.23333,2010,3,12,2,FALSE,14409,24,12,3,1,2010,2,0,0,54452,12281,57628.5,18013,13427,24887.07143,13368,22376.15082,57628.5,0,17883.46429,13106.5,17384.09719,57628.5,0,15656.81667,13106.5,13006.69232,57628.5,0,24232.44527,16905.75699,-0.735381621,-0.749967464,14007.21429,0.781831482,0.623489802,0.931210036,-0.364483015,0.974927912,-0.222520934,-0.678820483,-0.734304264
25-03-2010,17094,85,939,17775,16571.26667,2010,3,12,3,FALSE,17094,25,12,3,1,2010,3,0,0,14409,12821,23659,14179,11873,18712.85714,13368,17200.26712,54452,0,17626.03571,13106.5,17408.69855,57628.5,0,15689.55,13106.5,13002.12201,57628.5,0,21776.58395,16744.59547,0.18634187,-0.277484255,2173.642857,0.974927912,-0.222520934,0.924802574,-0.380447366,-0.433883739,-0.900968868,-0.703677407,-0.710519603
26-03-2010,20924,62,876,18854.42857,16520.26667,2010,3,12,4,FALSE,20924,26,12,3,1,2010,4,0,0,17094,54452,13368,11029,22454,17775,13368,17064.06786,54452,0,17834.25,13106.5,17381.7107,57628.5,0,15863.58333,13773.5,12984.20516,57628.5,0,20605.93796,16767.14822,0.224055224,0.565230401,-118.5,0.433883739,-0.900968868,0.918121448,-0.396299137,-0.781831482,0.623489802,-0.727701476,-0.685893988
27-03-2010,0,0,0,18854.42857,15643.2,2010,3,12,5,TRUE,0,27,12,3,1,2010,5,1,0,20924,14409,0,0,26312,18854.42857,14409,16977.59731,54452,0,18541.03571,13888.5,17284.61243,57628.5,0,15812.58333,13773.5,12960.40937,57628.5,0,20685.45347,17035.44938,-1,0,626.7857143,-0.433883739,-0.900968868,0.911168635,-0.412033637,0.781831482,0.623489802,-0.750864253,-0.660456564
28-03-2010,14517,59,902,19173.85714,15879.8,2010,3,12,6,TRUE,14517,28,12,3,1,2010,6,1,0,0,17094,12281,4927,7419,18854.42857,14409,16977.59731,54452,0,18541.03571,13888.5,17284.61243,57628.5,0,14935.51667,13106.5,13114.76765,57628.5,0,15514.0901,15935.93892,0,0.182069864,626.7857143,-0.974927912,-0.222520934,0.903946193,-0.427646209,0.433883739,-0.900968868,-0.773138326,-0.634237439
29-03-2010,25151,85,1024,20935.28571,16718.16667,2010,3,13,0,FALSE,25151,29,13,3,1,2010,0,0,0,14517,20924,12821,15166,0,19173.85714,14517,16853.89145,54452,0,19226.03571,14463,16889.08044,57628.5,0,15172.11667,13773.5,13038.29179,57628.5,0,15264.81758,15844.35948,0.732520493,0.961703455,-104.3571429,-0.781831482,0.623489802,0.896456258,-0.443132234,-0.974927912,-0.222520934,-0.794497329,-0.607267646
30-03-2010,19258,70,987,15907.57143,17079.46667,2010,3,13,1,FALSE,19258,30,13,3,1,2010,1,0,0,25151,0,54452,12845,8419,20935.28571,17094,16723.09267,54452,0,19939.25,14463,16915.24884,57628.5,0,16010.48333,14294,12836.12059,57628.5,0,17736.36318,16445.00265,-0.234304799,-0.646330713,1992.071429,-1.13E-14,1,0.888701048,-0.458487129,-2.25E-14,1,-0.814915984,-0.579579105
31-03-2010,13642,75,946,15798,16819.26667,2010,3,13,2,FALSE,13642,31,13,3,1,2010,2,0,0,19258,14517,14409,57628.5,21448,15907.57143,17094,7963.131144,25151,0,20397.32143,15805.5,16794.75987,57628.5,0,16371.78333,14463,12767.43348,57628.5,0,18116.77239,16626.54707,-0.291619067,-0.05323062,-8979.5,0.781831482,0.623489802,0.880682856,-0.47370635,0.974927912,-0.222520934,-0.834370124,-0.551204587
01-04-2010,17291,79,903,15826.14286,16999.06667,2010,4,13,3,FALSE,17291,1,13,4,2,2010,3,0,0,13642,25151,17094,23659,11897,15798,17094,7992.411005,25151,0,17255.42857,14463,12973.65469,54452,0,16111.58333,14294,12739.92637,57628.5,0,16998.07929,16433.93538,0.267482774,0.011524512,-2914.857143,0.974927912,-0.222520934,0.872404057,-0.488785394,-0.433883739,-0.900968868,-0.852836722,-0.522177677
02-04-2010,0,0,0,12837,16319.7,2010,4,13,4,FALSE,0,2,13,4,2,2010,4,0,0,17291,19258,20924,13368,20381,15826.14286,17291,7998.079883,25151,0,16800.57143,14463,12842.84691,54452,0,16291.38333,14463,12716.43583,57628.5,0,17071.30947,16489.24606,-1,-1,-1948.857143,0.433883739,-0.900968868,0.863867099,-0.503719799,-0.781831482,0.623489802,-0.870293922,-0.492532729
03-04-2010,0,0,0,12837,15701.5,2010,4,13,5,TRUE,0,3,13,4,2,2010,5,1,0,0,13642,0,0,18546,12837,14517,9537.203608,25151,0,15845.71429,14463,13592.74535,54452,0,15612.01667,14294,13030.94791,57628.5,0,12803.4821,15425.13236,0,0,-6017.428571,-0.433883739,-0.900968868,0.855074509,-0.518505144,0.781831482,0.623489802,-0.886721063,-0.46230483
04-04-2010,0,0,0,10763.14286,15092.83333,2010,4,13,6,TRUE,0,4,13,4,2,2010,6,1,0,0,17291,14517,12281,18260,12837,14517,9537.203608,25151,0,15845.71429,14463,13592.74535,54452,0,14993.81667,13910.5,13323.59091,57628.5,0,9602.611576,14429.70755,0,-1,-6017.428571,-0.974927912,-0.222520934,0.846028888,-0.533137056,0.433883739,-0.900968868,-0.902098701,-0.431529759
05-04-2010,0,0,0,7170.142857,15092.83333,2010,4,14,0,FALSE,0,5,14,4,2,2010,0,0,0,0,0,25151,12821,0,10763.14286,13642,10627.08412,25151,0,14968.5,14463,14222.19783,54452,0,14385.15,13505,13583.78407,57628.5,0,7201.958682,13498.53554,0,-1,-8410.714286,-0.781831482,0.623489802,0.836732914,-0.547611204,-0.974927912,-0.222520934,-0.916408637,-0.400243939
06-04-2010,13022,55,689,6279.285714,15162.66667,2010,4,14,1,FALSE,13022,6,14,4,2,2010,1,0,0,0,0,19258,54452,10927,7170.142857,0,9092.824725,19258,0,14052.71429,14463,14773.22108,54452,0,14385.15,13505,13583.78407,57628.5,0,5401.469011,12627.46701,0,-0.32381348,-13765.14286,-4.41E-15,1,0.827189337,-0.561923305,-8.82E-15,1,-0.929633932,-0.368484399
07-04-2010,23528,61,822,7691.571429,15426.26667,2010,4,14,2,FALSE,23528,7,14,4,2,2010,2,0,0,13022,0,13642,14409,15620,6279.285714,0,7944.068284,17291,0,11093.42857,14025.5,9129.755542,25151,0,14454.98333,13505,13570.77181,57628.5,0,7306.601759,12652.92609,0.806788512,0.724673801,-9628.285714,0.781831482,0.623489802,0.817400982,-0.576069123,0.974927912,-0.222520934,-0.941758934,-0.33628873
08-04-2010,26803,86,1015,9050.428571,15907.93333,2010,4,14,3,FALSE,26803,8,14,4,2,2010,3,0,0,23528,0,17291,17094,12353,7691.571429,0,10066.41323,23528,0,11744.78571,14079.5,9692.453442,25151,0,14718.58333,13505,13670.61711,57628.5,0,11361.95132,13354.68143,0.139195852,0.550112775,-8106.428571,0.974927912,-0.222520934,0.807370744,-0.590044474,-0.433883739,-0.900968868,-0.952769292,-0.303695038
09-04-2010,9120,51,595,10353.28571,15611.5,2010,4,14,4,FALSE,9120,9,14,4,2,2010,4,0,0,26803,13022,0,20924,18013,9050.428571,0,12028.91153,26803,0,12438.28571,14079.5,10424.34293,26803,0,15200.25,13910.5,13837.93443,57628.5,0,15222.21349,14222.47414,-0.659739581,0,-6775.714286,0.433883739,-0.900968868,0.797101593,-0.603845221,-0.781831482,0.623489802,-0.962651975,-0.270741898
10-04-2010,0,0,0,10353.28571,15138.86667,2010,4,14,5,TRUE,0,10,14,4,2,2010,5,1,0,9120,23528,0,0,14179,10353.28571,9120,11360.61032,26803,0,11595.14286,13332,10159.19911,26803,0,14903.81667,13505,13870.81549,57628.5,0,13696.66012,13893.22574,-1,0,-2483.714286,-0.433883739,-0.900968868,0.786596566,-0.61746728,0.781831482,0.623489802,-0.971395285,-0.237468316
11-04-2010,11585,42,662,12008.28571,15157.4,2010,4,14,6,TRUE,11585,11,14,4,2,2010,6,1,0,0,26803,0,14517,11029,10353.28571,9120,11360.61032,26803,0,11595.14286,13332,10159.19911,26803,0,14431.18333,13195,14135.40806,57628.5,0,10272.49509,12996.74462,0,0,-2483.714286,-0.974927912,-0.222520934,0.775858773,-0.630906621,0.433883739,-0.900968868,-0.978988874,-0.203913671
12-04-2010,12839,46,587,13842.42857,15585.36667,2010,4,15,0,FALSE,12839,12,15,4,2,2010,0,0,0,11585,9120,0,25151,0,12008.28571,11585,10404.60012,26803,0,11385.71429,12303.5,10124.4945,26803,0,14449.71667,13195,14131.1574,57628.5,0,10600.62132,12905.65063,0.108243418,0,1245.142857,-0.781831482,0.623489802,0.76489139,-0.644159267,-0.974927912,-0.222520934,-0.985423754,-0.170117678
13-04-2010,14446,52,728,14045.85714,15902.66667,2010,4,15,1,FALSE,14446,13,15,4,2,2010,1,0,0,12839,0,13022,19258,4927,13842.42857,12839,8967.318642,26803,0,10506.28571,12212,9341.271034,26803,0,14877.68333,13195,13870.46491,57628.5,0,11160.21599,12901.34999,0.125165511,0.109353402,6672.285714,2.45E-15,1,0.753697664,-0.657221295,4.90E-15,1,-0.99069231,-0.136120339
14-04-2010,16329,45,616,13017.42857,15941.43333,2010,4,15,2,FALSE,16329,14,15,4,2,2010,2,0,0,14446,11585,23528,13642,15166,14045.85714,12839,8961.755175,26803,0,10162.57143,12212,9079.335673,26803,0,15194.98333,13505,13743.27921,57628.5,0,11981.66199,13001.01793,0.130347501,-0.305975859,7766.571429,0.781831482,0.623489802,0.742280907,-0.670088841,0.974927912,-0.222520934,-0.994788306,-0.10196189
15-04-2010,10769,74,653,10726.85714,15872.23333,2010,4,15,3,FALSE,10769,15,15,4,2,2010,3,0,0,16329,12839,26803,17291,12845,13017.42857,12839,8059.946089,26803,0,10354.5,12212,9186.315397,26803,0,15233.75,13505,13744.83483,57628.5,0,13068.49649,13215.75286,-0.3404985,-0.598216618,5325.857143,0.974927912,-0.222520934,0.730644497,-0.682758097,-0.433883739,-0.900968868,-0.997706893,-0.067682762
16-04-2010,14865,42,582,11547.57143,13739.1,2010,4,15,4,FALSE,14865,16,15,4,2,2010,4,0,0,10769,14446,9120,0,57628.5,10726.85714,11585,5292.491771,16329,0,9888.642857,11177,8970.32516,26803,0,15164.55,13505,13762.49057,57628.5,0,12493.62237,13057.87967,0.380351008,0.629934211,1676.428571,0.433883739,-0.900968868,0.718791877,-0.695225314,-0.781831482,0.623489802,-0.999444617,-0.033323526
17-04-2010,0,0,0,11547.57143,12950.46667,2010,4,15,5,TRUE,0,17,15,4,2,2010,5,1,0,14865,16329,0,0,23659,11547.57143,12839,5445.029044,16329,0,10950.42857,12212,8581.119541,26803,0,13739.1,13505,11186.0808,54452,0,13086.46678,13174.48063,-1,0,1194.285714,-0.433883739,-0.900968868,0.706726556,-0.707486802,0.781831482,0.623489802,-0.999999422,0.001075151
18-04-2010,12961,54,751,11744.14286,12936.9,2010,4,15,6,TRUE,12961,18,15,4,2,2010,6,1,0,0,10769,11585,0,13368,11547.57143,12839,5445.029044,16329,0,10950.42857,12212,8581.119541,26803,0,12950.46667,13195,11296.05345,54452,0,9814.850083,12324.42854,0,0.118774277,1194.285714,-0.974927912,-0.222520934,0.694452102,-0.719538934,0.433883739,-0.900968868,-0.999370651,0.035472556
19-04-2010,19363,74,1247,12676.14286,13582.33333,2010,4,16,0,FALSE,19363,19,16,4,2,2010,0,0,0,12961,14865,12839,0,0,11744.14286,12961,5471.379242,16329,0,11876.21429,12900,7987.463092,26803,0,12936.9,12991.5,11295.7791,54452,0,10601.38756,12365.50154,0.493943369,0.508139263,-264.1428571,-0.781831482,0.623489802,0.681972149,-0.731378143,-0.974927912,-0.222520934,-0.997559048,0.069827976
20-04-2010,13464,68,827,12535.85714,13621.76667,2010,4,16,1,FALSE,13464,20,16,4,2,2010,1,0,0,19363,0,14446,13022,12281,12676.14286,14446,6196.556152,19363,0,13259.28571,12991.5,7429.781283,26803,0,13582.33333,13332,11082.25981,54452,0,12791.79067,12816.99284,-0.304653205,-0.067977295,-1166.285714,-4.90E-15,1,0.66929039,-0.743000925,-9.80E-15,1,-0.994566757,0.104100749
21-04-2010,13264,66,727,12098,13636.53333,2010,4,16,2,FALSE,13264,21,16,4,2,2010,2,0,0,13464,12961,16329,23528,12821,12535.85714,13464,6160.82263,19363,0,13290.85714,13212.5,7429.634517,26803,0,13621.76667,13553,11079.57405,54452,0,12959.843,12858.73868,-0.014854427,-0.18770286,-1510,0.781831482,0.623489802,0.656410576,-0.754403841,0.974927912,-0.222520934,-0.99039732,0.138250311
22-04-2010,21576,79,755,13641.85714,12540.66667,2010,4,16,3,FALSE,21576,22,16,4,2,2010,3,0,0,13264,19363,10769,26803,54452,12098,13264,5951.675394,19363,0,12557.71429,13112.5,6823.43105,26803,0,13636.53333,13553,11078.76519,54452,0,13035.88225,12884.88659,0.626658625,1.003528647,-919.4285714,0.974927912,-0.222520934,0.64333652,-0.765583517,-0.433883739,-0.900968868,-0.985055672,0.172236243
23-04-2010,10212,57,660,12977.14286,12400.76667,2010,4,16,4,FALSE,10212,23,16,4,2,2010,4,0,0,21576,13464,14865,9120,14409,13641.85714,13464,6878.910026,21576,0,12184.35714,13112.5,6087.31039,21576,0,12540.66667,13553,8137.900269,26803,0,15170.91169,13445.64404,-0.526696329,-0.313017154,2915,0.433883739,-0.900968868,0.630072091,-0.776536644,-0.781831482,0.623489802,-0.978548135,0.20601832
24-04-2010,0,0,0,12977.14286,11830.96667,2010,4,16,5,TRUE,0,24,16,4,2,2010,5,1,0,10212,13264,0,0,17094,12977.14286,13264,6965.287083,21576,0,12262.35714,13112.5,6051.918025,21576,0,12400.76667,13364,8140.749058,26803,0,13931.18377,13237.00776,-1,0,1429.571429,-0.433883739,-0.900968868,0.616621213,-0.787259982,0.781831482,0.623489802,-0.97088241,0.239556559
25-04-2010,8380,46,729,12322.71429,11412.83333,2010,4,16,6,TRUE,8380,25,16,4,2,2010,6,1,0,0,21576,12961,11585,20924,12977.14286,13264,6965.287083,21576,0,12262.35714,13112.5,6051.918025,21576,0,11830.96667,13143,8395.184324,26803,0,10448.38783,12382.95334,0,-0.35344495,1429.571429,-0.974927912,-0.222520934,0.602987867,-0.797750357,0.433883739,-0.900968868,-0.962067572,0.272811264
26-04-2010,19555,99,915,12350.14286,12064.66667,2010,4,17,0,FALSE,19555,26,17,4,2,2010,0,0,0,8380,10212,19363,12839,0,12322.71429,13264,7178.984021,21576,0,12033.42857,13112.5,6139.49648,21576,0,11412.83333,12991.5,8237.582768,26803,0,9931.290869,12124.68303,1.33353222,0.009915819,578.5714286,-0.781831482,0.623489802,0.589176087,-0.808004665,-0.974927912,-0.222520934,-0.952114054,0.305743076
27-04-2010,23403,79,832,13770,12360.86667,2010,4,17,1,FALSE,23403,27,17,4,2,2010,1,0,0,19555,0,13464,14446,14517,12350.14286,13264,7210.66267,21576,0,12513.14286,13364,6461.232031,21576,0,12064.66667,13143,8075.443489,26803,0,12337.21815,12604.08481,0.196778318,0.738190731,-326,1.96E-15,1,0.575189961,-0.818019871,3.92E-15,1,-0.941033635,0.338313018
28-04-2010,19380,73,901,14643.71429,12168.5,2010,4,17,2,FALSE,19380,28,17,4,2,2010,2,0,0,23403,8380,13264,16329,25151,13770,13264,8354.389565,23403,0,13152.92857,13364,7081.070339,23403,0,12360.86667,13143,8327.525338,26803,0,15103.66361,13300.82502,-0.171901038,0.461097708,1234.142857,0.781831482,0.623489802,0.561033626,-0.827793012,0.974927912,-0.222520934,-0.92883943,0.37048254
29-04-2010,17039,84,1033,13995.57143,12094.53333,2010,4,17,3,FALSE,17039,29,17,4,2,2010,3,0,0,19380,19555,21576,10769,19258,14643.71429,19380,8608.594324,23403,0,13370.85714,13364,7231.684194,23403,0,12168.5,13143,8085.00793,26803,0,16172.74771,13693.04883,-0.120794634,-0.210279941,2545.714286,0.974927912,-0.222520934,0.546711273,-0.837321195,-0.433883739,-0.900968868,-0.915545873,0.402213568
30-04-2010,17511,50,726,15038.28571,12223.5,2010,4,17,4,FALSE,17511,30,17,4,2,2010,4,0,0,17039,23403,10212,14865,13642,13995.57143,17039,8158.712743,23403,0,13818.71429,14164.5,7252.277514,23403,0,12094.53333,13143,8027.860692,26803,0,16389.31078,13908.92641,0.027701156,0.714747356,353.7142857,0.433883739,-0.900968868,0.532227139,-0.846601602,-0.781831482,0.623489802,-0.901168697,0.433468545
01-05-2010,0,0,0,15038.28571,11647.13333,2010,5,17,5,TRUE,0,1,17,5,2,2010,5,1,0,17511,19380,0,0,17291,15038.28571,17511,8060.393037,23403,0,14007.71429,15251.5,7315.841846,23403,0,12223.5,13143,8084.455833,26803,0,16669.73309,14141.32809,-1,0,2061.142857,-0.433883739,-0.900968868,0.51758551,-0.855631486,0.781831482,0.623489802,-0.885724918,0.464210479
02-05-2010,6296,40,530,14740.57143,11857,2010,5,17,6,TRUE,6296,2,17,5,2,2010,6,1,0,0,17039,8380,12961,0,15038.28571,17511,8060.393037,23403,0,14007.71429,15251.5,7315.841846,23403,0,11647.13333,12991.5,8323.54947,26803,0,12502.29982,13228.94822,0,-0.248687351,2061.142857,-0.974927912,-0.222520934,0.50279072,-0.864408174,0.433883739,-0.900968868,-0.869232816,0.494402984
03-05-2010,0,0,0,11947,11857,2010,5,18,0,FALSE,0,3,18,5,2,2010,0,0,0,6296,17511,19555,19363,0,14740.57143,17511,8379.478601,23403,0,13531.64286,15251.5,7600.51595,23403,0,11857,12991.5,8096.019435,26803,0,10950.72486,12781.64468,-1,-1,2417.857143,-0.781831482,0.623489802,0.487847145,-0.872929071,-0.974927912,-0.222520934,-0.851711911,0.524010325
04-05-2010,11192,52,806,10202.57143,12230.06667,2010,5,18,1,FALSE,11192,4,18,5,2,2010,1,0,0,0,0,23403,13464,0,11947,17039,9667.569533,23403,0,12148.57143,13364,8196.163152,23403,0,11857,12991.5,8096.019435,26803,0,8213.043646,11956.99387,0,-0.521770713,-403.1428571,8.82E-15,1,0.472759209,-0.881191653,1.76E-14,1,-0.833182939,0.55299746
05-05-2010,15625,82,803,9666.142857,12750.9,2010,5,18,2,FALSE,15625,5,18,5,2,2010,2,0,0,11192,6296,19380,13264,0,10202.57143,11192,8254.294596,19380,0,11986.28571,12228,8190.605025,23403,0,12230.06667,12991.5,7782.603952,26803,0,8957.782735,11907.63783,0.39608649,-0.19375645,-3567.428571,0.781831482,0.623489802,0.457531376,-0.889193477,0.974927912,-0.222520934,-0.81366783,0.58133008
06-05-2010,31089,84,945,11673.28571,13353.13333,2010,5,18,3,FALSE,31089,6,18,5,2,2010,3,0,0,15625,0,17039,21576,13022,9666.142857,11192,7659.019986,17511,0,12154.92857,13408.5,8243.074767,23403,0,12750.9,13143,7451.710807,26803,0,10624.58705,12147.47492,0.989696,0.824578907,-4977.571429,0.974927912,-0.222520934,0.442168152,-0.896932174,-0.433883739,-0.900968868,-0.793189684,0.608974651
07-05-2010,23171,66,797,12481.85714,13341.23333,2010,5,18,4,FALSE,23171,7,18,5,2,2010,4,0,0,31089,11192,17511,10212,23528,11673.28571,11192,11017.73533,31089,0,12834.42857,13408.5,9391.510288,31089,0,13353.13333,13364,8169.842972,31089,0,15740.69029,13369.54345,-0.254688153,0.323225401,-2322.285714,0.433883739,-0.900968868,0.426674083,-0.904405455,-0.781831482,0.623489802,-0.771772737,0.635898453
08-05-2010,0,0,0,12481.85714,12447.8,2010,5,18,5,TRUE,0,8,18,5,2,2010,5,1,0,23171,15625,0,0,26803,12481.85714,11192,11703.88086,31089,0,13760.07143,16332,9745.129841,31089,0,13341.23333,13364,8154.757523,31089,0,17598.26772,14001.91226,-1,0,-2556.428571,-0.433883739,-0.900968868,0.411053755,-0.911611107,0.781831482,0.623489802,-0.749442337,0.662069622
09-05-2010,11825,62,895,13271.71429,12537.96667,2010,5,18,6,TRUE,11825,9,18,5,2,2010,6,1,0,0,31089,6296,8380,9120,12481.85714,11192,11703.88086,31089,0,13760.07143,16332,9745.129841,31089,0,12447.8,13112.5,8097.093324,31089,0,13198.70079,13098.54067,0,0.87817662,-2556.428571,-0.974927912,-0.222520934,0.395311789,-0.918546999,0.433883739,-0.900968868,-0.726224915,0.687457179
10-05-2010,15713,77,906,15516.42857,13061.73333,2010,5,19,0,FALSE,15713,10,19,5,2,2010,0,0,0,11825,23171,0,19555,0,13271.71429,11825,11399.44791,31089,0,14006.14286,16332,9641.77545,31089,0,12537.96667,13112.5,8073.785624,31089,0,12855.27559,13016.37484,0.328794926,0,-1468.857143,-0.781831482,0.623489802,0.379452844,-0.925211078,-0.974927912,-0.222520934,-0.702147949,0.712031079
11-05-2010,18150,65,909,16510.42857,13280.56667,2010,5,19,1,FALSE,18150,11,19,5,2,2010,1,0,0,15713,0,11192,23403,11585,15516.42857,15625,9782.933743,31089,0,13731.71429,15669,9525.669897,31089,0,13061.73333,13364,7734.929057,31089,0,13569.70669,13190.35444,0.155094508,0.621694067,3569.428571,-1.27E-14,1,0.363481612,-0.931601373,-2.55E-14,1,-0.677239938,0.735762235
12-05-2010,21669,65,739,17373.85714,13574.9,2010,5,19,2,FALSE,21669,12,19,5,2,2010,2,0,0,18150,11825,15625,19380,12839,16510.42857,15713,9622.486856,31089,0,13356.5,15669,9213.766922,31089,0,13280.56667,13955,7784.418064,31089,0,14714.78002,13510.33807,0.193884298,0.386816,6307.857143,0.781831482,0.623489802,0.347402821,-0.937715991,0.974927912,-0.222520934,-0.651530362,0.75862256
13-05-2010,26817,66,767,16763.57143,13987.26667,2010,5,19,3,FALSE,26817,13,19,5,2,2010,3,0,0,21669,15713,31089,17039,14446,17373.85714,18150,9799.335291,31089,0,13520,15669,9348.205768,31089,0,13574.9,14655.5,7932.66847,31089,0,16453.33501,14036.71336,0.237574415,-0.137411946,7707.714286,0.974927912,-0.222520934,0.331221228,-0.943553124,-0.433883739,-0.900968868,-0.625049649,0.780584997
14-05-2010,14348,49,553,15503.14286,13921.23333,2010,5,19,4,FALSE,14348,14,19,5,2,2010,4,0,0,26817,18150,23171,17511,16329,16763.57143,18150,8894.028856,26817,0,14218.42857,15669,9975.562361,31089,0,13987.26667,15245,8292.877401,31089,0,19044.25126,14861.26265,-0.464966253,-0.380777696,5090.285714,0.433883739,-0.900968868,0.314941621,-0.949111045,-0.781831482,0.623489802,-0.597829141,0.801623551
15-05-2010,0,0,0,15503.14286,13562.26667,2010,5,19,5,TRUE,0,15,19,5,2,2010,5,1,0,14348,21669,0,0,10769,15503.14286,15713,8448.684107,26817,0,13992.5,14986.5,9930.973798,31089,0,13921.23333,14606.5,8281.467164,31089,0,17870.18845,14828.14838,-1,0,3021.285714,-0.433883739,-0.900968868,0.298568817,-0.954388108,0.781831482,0.623489802,-0.569901058,0.821713323
16-05-2010,11028,44,829,15389.28571,13434.36667,2010,5,19,6,TRUE,11028,16,19,5,2,2010,6,1,0,0,26817,11825,6296,14865,15503.14286,15713,8448.684107,26817,0,13992.5,14986.5,9930.973798,31089,0,13562.26667,14606.5,8648.094675,31089,0,13402.64133,13871.47876,0,-0.067399577,3021.285714,-0.974927912,-0.222520934,0.282107663,-0.959382753,0.433883739,-0.900968868,-0.541298452,0.840830533
17-05-2010,13811,49,771,15117.57143,13894.73333,2010,5,20,0,FALSE,13811,17,20,5,2,2010,0,0,0,11028,14348,15713,0,0,15389.28571,15713,8511.648914,26817,0,14330.5,14986.5,9727.3123,31089,0,13434.36667,13906,8656.533002,31089,0,12808.981,13688.02584,0.252357635,-0.121046267,2117.571429,-0.781831482,0.623489802,0.265563028,-0.964093501,-0.974927912,-0.222520934,-0.512055178,0.858952557
18-05-2010,22477,64,818,15735.71429,14211.93333,2010,5,20,1,FALSE,22477,18,20,5,2,2010,1,0,0,13811,0,18150,11192,12961,15117.57143,14348,8529.931591,26817,0,15317,14986.5,8820.212617,31089,0,13894.73333,14079.5,8276.332825,31089,0,13059.48575,13695.95977,0.627470857,0.238402204,-398.8571429,-5.88E-15,1,0.248939809,-0.968518958,-1.18E-14,1,-0.482205848,0.876057943
19-05-2010,9644,61,705,14017.85714,13887.96667,2010,5,20,2,FALSE,9644,19,20,5,2,2010,2,0,0,22477,11028,21669,15625,19363,15735.71429,14348,8933.544084,26817,0,16123.07143,15669,8929.223486,31089,0,14211.93333,14986.5,8420.414098,31089,0,15413.86431,14262.48571,-0.570939182,-0.554940237,-774.7142857,0.781831482,0.623489802,0.232242924,-0.972657815,0.974927912,-0.222520934,-0.45178579,0.892126448
20-05-2010,15590,67,844,12414,13958.83333,2010,5,20,3,FALSE,15590,20,20,5,2,2010,3,0,0,9644,13811,26817,31089,13464,14017.85714,13811,8756.874736,26817,0,15695.85714,15030.5,9096.400555,31089,0,13887.96667,14079.5,8402.343123,31089,0,13971.39823,13964.51534,0.61654915,-0.418652347,-3356,0.974927912,-0.222520934,0.215477315,-0.976508846,-0.433883739,-0.900968868,-0.420831009,0.907139053
21-05-2010,10076,52,797,11803.71429,13852.56667,2010,5,20,4,FALSE,10076,21,20,5,2,2010,4,0,0,15590,22477,14348,23171,13264,12414,13811,6840.372821,22477,0,14588.78571,14969,7949.757608,26817,0,13958.83333,14969,8407.607877,31089,0,14376.04868,14069.38649,-0.353688262,-0.297741846,-4349.571429,0.433883739,-0.900968868,0.198647943,-0.980070913,-0.781831482,0.623489802,-0.389378142,0.92107799
22-05-2010,0,0,0,11803.71429,13133.36667,2010,5,20,5,TRUE,0,22,20,5,2,2010,5,1,0,10076,9644,0,0,21576,11803.71429,11028,6829.62846,22477,0,13653.42857,14079.5,7626.092504,26817,0,13852.56667,14969,8436.789427,31089,0,13301.03651,13811.74596,-1,0,-3699.428571,-0.433883739,-0.900968868,0.181759788,-0.983342961,0.781831482,0.623489802,-0.357464416,0.933926759
23-05-2010,13889,49,677,12212.42857,13255.93333,2010,5,20,6,TRUE,13889,23,20,5,2,2010,6,1,0,0,15590,11028,11825,10212,11803.71429,11028,6829.62846,22477,0,13653.42857,14079.5,7626.092504,26817,0,13133.36667,14079.5,8672.047408,31089,0,9975.77738,12920.65688,0,0.25943054,-3699.428571,-0.974927912,-0.222520934,0.164817847,-0.986324023,0.433883739,-0.900968868,-0.325127603,0.945670155
24-05-2010,32771,71,748,14921,14348.3,2010,5,21,0,FALSE,32771,24,21,5,2,2010,0,0,0,13889,10076,13811,15713,0,12212.42857,13811,6861.004563,22477,0,13800.85714,14118.5,7607.955248,26817,0,13255.93333,14118.5,8655.302743,31089,0,10954.08304,12983.1312,1.359493124,1.372818768,-3176.857143,-0.781831482,0.623489802,0.147827133,-0.989013215,-0.974927912,-0.222520934,-0.292405977,0.956294277
25-05-2010,15014,61,760,13854.85714,14569.43333,2010,5,21,1,FALSE,15014,25,21,5,2,2010,1,0,0,32771,0,22477,18150,8380,14921,13889,10417.815,32771,0,15019.28571,14118.5,9147.840665,32771,0,14348.3,14969,8986.261185,32771,0,16408.31228,14259.7788,-0.541851027,-0.332028296,-196.5714286,-2.74E-14,1,0.130792676,-0.991409742,-5.49E-14,1,-0.259338266,0.965786552
26-05-2010,18921,96,897,15180.14286,14548.3,2010,5,21,2,FALSE,18921,26,21,5,2,2010,2,0,0,15014,13889,9644,21669,19555,13854.85714,13889,9883.85978,32771,0,14795.28571,14118.5,9103.570926,32771,0,14569.43333,15302,8915.676557,32771,0,16059.73421,14308.43862,0.260223791,0.961945251,-1880.857143,0.781831482,0.623489802,0.113719515,-0.993512895,0.974927912,-0.222520934,-0.225963608,0.974135744
27-05-2010,17905,88,930,15510.85714,14365.03333,2010,5,21,3,FALSE,17905,27,21,5,2,2010,3,0,0,18921,32771,15590,26817,23403,15180.14286,15014,9847.029289,32771,0,14599,14118.5,8972.647427,32771,0,14548.3,15302,8904.195494,32771,0,16775.05066,14606.02545,-0.05369695,0.148492623,1162.285714,0.974927912,-0.222520934,0.096612702,-0.995322051,-0.433883739,-0.900968868,-0.192321505,0.981331972
28-05-2010,12627,58,715,15875.28571,14139.93333,2010,5,21,4,FALSE,12627,28,21,5,2,2010,4,0,0,17905,15014,10076,14348,19380,15510.85714,15014,9901.811071,32771,0,13962.42857,14118.5,8332.449134,32771,0,14365.03333,15302,8771.25074,32771,0,17057.53799,14818.864,-0.294777995,0.253175863,3096.857143,0.433883739,-0.900968868,0.0794773,-0.996836676,-0.781831482,0.623489802,-0.158451775,0.987366718
29-05-2010,0,0,0,15875.28571,13571.96667,2010,5,21,5,TRUE,0,29,21,5,2,2010,5,1,0,12627,18921,0,0,17039,15875.28571,15014,9713.602811,32771,0,13839.5,13850,8339.015601,32771,0,14139.93333,14681,8724.640326,32771,0,15949.90349,14677.4525,-1,0,4071.571429,-0.433883739,-0.900968868,0.062318379,-0.998056321,0.781831482,0.623489802,-0.124394505,0.992232839
30-05-2010,6220,32,560,14779.71429,13195.6,2010,5,21,6,TRUE,6220,30,21,5,2,2010,6,1,0,0,17905,13889,11028,17511,15875.28571,15014,9713.602811,32771,0,13839.5,13850,8339.015601,32771,0,13571.96667,14118.5,9076.90639,32771,0,11962.42762,13730.51429,0,-0.552163583,4071.571429,-0.974927912,-0.222520934,0.045141018,-0.998980625,0.433883739,-0.900968868,-0.090190004,0.995924577
31-05-2010,0,0,0,10098.14286,13195.6,2010,5,22,0,FALSE,0,31,22,5,2,2010,0,0,0,6220,12627,32771,13811,0,14779.71429,15014,10384.29705,32771,0,13496.07143,13850,8559.79151,32771,0,13195.6,13850,9141.799667,32771,0,10526.82072,13245.96221,-1,-1,2567.285714,-0.781831482,0.623489802,0.027950298,-0.999609314,-0.974927912,-0.222520934,-0.055878757,0.998437562
01-06-2010,8287,47,757,9137.142857,13261.96667,2010,6,22,1,FALSE,8287,1,22,6,2,2010,1,0,0,0,0,15014,22477,6296,10098.14286,12627,8045.035393,18921,0,12509.57143,13258,9285.765001,32771,0,13195.6,13850,9141.799667,32771,0,7895.115536,12391.37942,0,-0.448048488,-4822.857143,-2.06E-14,1,0.010751308,-0.999942203,-4.12E-14,1,-0.021501373,0.999768819
02-06-2010,11808,46,667,8121,13655.56667,2010,6,22,2,FALSE,11808,2,22,6,2,2010,2,0,0,8287,6220,18921,9644,0,9137.142857,8287,7756.561812,18921,0,11496,11351.5,8879.659167,32771,0,13261.96667,13850,9097.101226,32771,0,7993.086652,12126.57943,0.424882346,-0.375931505,-4717.714286,0.781831482,0.623489802,-0.006450864,-0.999979193,0.974927912,-0.222520934,0.01290146,0.999916773
03-06-2010,17585,67,913,8075.285714,13868.66667,2010,6,22,3,FALSE,17585,3,22,6,2,2010,3,0,0,11808,0,17905,15590,11192,8121,8287,6647.898164,17905,0,11650.57143,12217.5,8863.761389,32771,0,13655.56667,13850,8752.43198,32771,0,8946.814989,12106.02582,0.48924458,-0.017872103,-7059.142857,0.974927912,-0.222520934,-0.023651127,-0.999720273,-0.433883739,-0.900968868,0.047289023,0.998881248
04-06-2010,8167,51,812,7438.142857,13620.06667,2010,6,22,4,FALSE,8167,4,22,6,2,2010,4,0,0,17585,8287,12627,10076,15625,8075.285714,8287,6570.049612,17585,0,11793.07143,12217.5,8947.606104,32771,0,13868.66667,14118.5,8768.194559,32771,0,11106.36124,12459.50957,-0.535570088,-0.353211372,-7435.571429,0.433883739,-0.900968868,-0.040844392,-0.99916552,-0.781831482,0.623489802,0.081620615,0.996663471
05-06-2010,0,0,0,7438.142857,12583.76667,2010,6,22,5,TRUE,0,5,22,6,2,2010,5,1,0,8167,11808,0,0,31089,7438.142857,8167,6264.210017,17585,0,11656.71429,12217.5,8990.23089,32771,0,13620.06667,13850,8822.240852,32771,0,10371.52093,12182.57234,-1,0,-8437.142857,-0.433883739,-0.900968868,-0.058025569,-0.998315097,0.781831482,0.623489802,0.115855604,0.993266067
06-06-2010,14079,68,965,8560.857143,12280.7,2010,6,22,6,TRUE,14079,6,22,6,2,2010,6,1,0,0,17585,6220,13889,23171,7438.142857,8167,6264.210017,17585,0,11656.71429,12217.5,8990.23089,32771,0,12583.76667,13219,8520.262116,32771,0,7778.640699,11396.59691,0,1.263504823,-8437.142857,-0.974927912,-0.222520934,-0.075189576,-0.997169257,0.433883739,-0.900968868,0.149953468,0.988693055
07-06-2010,29457,103,1163,12769,13262.6,2010,6,23,0,FALSE,29457,7,23,6,2,2010,0,0,0,14079,8167,0,32771,0,8560.857143,8287,6698.702149,17585,0,11670.28571,12217.5,8994.002527,32771,0,12280.7,13219,8289.257403,32771,0,9353.730524,11569.6558,1.092265076,0,-6218.857143,-0.781831482,0.623489802,-0.092331334,-0.995728339,-0.974927912,-0.222520934,0.183873851,0.98294985
08-06-2010,25848,81,1047,15277.71429,13730.03333,2010,6,23,1,FALSE,25848,8,23,6,2,2010,1,0,0,29457,0,8287,15014,11825,12769,11808,9207.215558,29457,0,11433.57143,12217.5,8421.308365,29457,0,13262.6,13850,8525.676677,32771,0,14379.54789,12723.68188,-0.122517568,2.119102208,2670.857143,1.47E-14,1,-0.109445769,-0.993992768,2.94E-14,1,0.217576605,0.976043247
09-06-2010,25410,68,765,17220.85714,14053.26667,2010,6,23,2,FALSE,25410,9,23,6,2,2010,2,0,0,25848,14079,11808,18921,15713,15277.71429,14079,10128.78156,29457,0,12207.42857,12217.5,9234.183831,29457,0,13730.03333,13984,8823.35948,32771,0,17246.66092,13570.41474,-0.016945218,1.151930894,6140.571429,0.781831482,0.623489802,-0.126527817,-0.99196306,0.974927912,-0.222520934,0.251021841,0.967981423
10-06-2010,9683,66,589,16092,13771.03333,2010,6,23,3,FALSE,9683,10,23,6,2,2010,3,0,0,25410,29457,17585,17905,18150,17220.85714,17585,10643.83204,29457,0,12670.92857,12217.5,9745.768955,29457,0,14053.26667,13984,9072.606693,32771,0,19287.49569,14334.26119,-0.618929555,-0.44936025,9099.857143,0.974927912,-0.222520934,-0.143572423,-0.989639813,-0.433883739,-0.900968868,0.284169972,0.958773918
11-06-2010,21405,86,925,17983.14286,13762.23333,2010,6,23,4,FALSE,21405,11,23,6,2,2010,4,0,0,9683,25848,8167,12627,21669,16092,14079,11011.45936,29457,0,12083.64286,10745.5,9653.392043,29457,0,13771.03333,13850,9072.466704,32771,0,16886.37177,14034.179,1.210575235,1.620913432,8016.714286,0.433883739,-0.900968868,-0.160574545,-0.987023716,-0.781831482,0.623489802,0.316981767,0.948431631
12-06-2010,0,0,0,17983.14286,12868.33333,2010,6,23,5,TRUE,0,12,23,6,2,2010,5,1,0,21405,25410,0,0,26817,17983.14286,21405,10550.67785,29457,0,12710.64286,10745.5,9971.236978,29457,0,13762.23333,13850,9064.666449,32771,0,18016.02883,14509.71706,-1,0,10545,-0.433883739,-0.900968868,-0.177529149,-0.984115543,0.781831482,0.623489802,0.34941839,0.936966802
13-06-2010,11120,70,834,17560.42857,12760.73333,2010,6,23,6,TRUE,11120,13,23,6,2,2010,6,1,0,0,9683,14079,6220,14348,17983.14286,21405,10550.67785,29457,0,12710.64286,10745.5,9971.236978,29457,0,12868.33333,13219,9055.152038,32771,0,13512.02162,13573.60403,0,-0.210171177,10545,-0.974927912,-0.222520934,-0.19443122,-0.980916154,0.433883739,-0.900968868,0.381441449,0.924393001
14-06-2010,16206,57,928,15667.42857,13300.93333,2010,6,24,0,FALSE,16206,14,24,6,2,2010,0,0,0,11120,21405,29457,0,0,17560.42857,21405,10789.73591,29457,0,13060.64286,11464,9810.587175,29457,0,12760.73333,12217.5,9056.141939,32771,0,12914.01621,13415.30664,0.457374101,-0.449842143,8999.571429,-0.781831482,0.623489802,-0.211275756,-0.977426496,-0.974927912,-0.222520934,0.413013043,0.91072511
15-06-2010,19496,52,863,14760,13583.2,2010,6,24,1,FALSE,19496,15,24,6,2,2010,1,0,0,16206,0,25848,8287,11028,15667.42857,16206,9431.616402,25848,0,14218.21429,12943.5,9079.869308,29457,0,13300.93333,13219,8746.775887,32771,0,13737.01216,13595.35175,0.20301123,-0.245744352,2898.428571,-6.86E-15,1,-0.228057771,-0.973647602,-1.37E-14,1,0.444095804,0.895979306
16-06-2010,18986,81,954,13842.28571,13755.7,2010,6,24,2,FALSE,18986,16,24,6,2,2010,2,0,0,19496,11120,25410,11808,13811,14760,16206,8553.578842,25410,0,15018.85714,15142.5,9010.564994,29457,0,13583.2,13850,8807.322492,32771,0,15176.75912,13976.03949,-0.026159212,-0.252813853,-517.7142857,0.781831482,0.623489802,-0.244772301,-0.96958059,0.974927912,-0.222520934,0.474652944,0.880173041
17-06-2010,13238,78,850,14350.14286,13447.73333,2010,6,24,3,FALSE,13238,17,24,6,2,2010,3,0,0,18986,16206,9683,17585,22477,13842.28571,16206,7500.2605,21405,0,15531.57143,16895.5,9018.024751,29457,0,13755.7,13984,8862.444246,32771,0,16129.06934,14299.26334,-0.302749394,0.367138284,-3378.571429,0.974927912,-0.222520934,-0.261414399,-0.965226664,-0.433883739,-0.900968868,0.504648295,0.863325025
18-06-2010,9608,50,599,12664.85714,13446.53333,2010,6,24,4,FALSE,9608,18,24,6,2,2010,4,0,0,13238,19496,21405,8167,9644,14350.14286,16206,7289.073065,21405,0,15221.07143,15142.5,9016.72025,29457,0,13447.73333,13563.5,8708.114048,32771,0,15406.30201,14230.79462,-0.274210606,-0.551132913,-1741.857143,0.433883739,-0.900968868,-0.277979139,-0.960587111,-0.781831482,0.623489802,0.534046357,0.845455196
19-06-2010,0,0,0,12664.85714,12926.86667,2010,6,24,5,TRUE,0,19,24,6,2,2010,5,1,0,9608,18986,0,0,15590,12664.85714,13238,6728.287435,19496,0,15324,15142.5,8937.881783,29457,0,13446.53333,13563.5,8708.65875,32771,0,13956.7265,13932.54932,-1,0,-5318.285714,-0.433883739,-0.900968868,-0.294461622,-0.955663305,0.781831482,0.623489802,0.562812334,0.826584707
20-06-2010,4487,26,333,11717.28571,12740.56667,2010,6,24,6,TRUE,4487,20,24,6,2,2010,6,1,0,0,13238,11120,14079,10076,12664.85714,13238,6728.287435,19496,0,15324,15142.5,8937.881783,29457,0,12926.86667,12932.5,9035.360775,32771,0,10467.54488,13033.67382,0,-0.596492806,-5318.285714,-0.974927912,-0.222520934,-0.310856968,-0.950456704,0.433883739,-0.900968868,0.590912179,0.806735891
21-06-2010,12061,44,1000,11125.14286,13142.6,2010,6,25,0,FALSE,12061,21,25,6,2,2010,0,0,0,4487,9608,16206,29457,0,11717.28571,13238,7414.22769,19496,0,14638.85714,14722,9396.53436,29457,0,12740.56667,12932.5,9153.023362,32771,0,8972.408658,12482.27473,1.68798752,-0.255769468,-5843.142857,-0.781831482,0.623489802,-0.327160327,-0.944968846,-0.974927912,-0.222520934,0.618312634,0.785932241
22-06-2010,6978,43,667,9336.857143,12912.23333,2010,6,25,1,FALSE,6978,22,25,6,2,2010,1,0,0,12061,0,19496,25848,13889,11125.14286,12061,7157.045303,19496,0,13396.28571,12649.5,8381.689617,25848,0,13142.6,12932.5,8833.416395,32771,0,9744.556494,12455.09568,-0.421441008,-0.642080427,-4542.285714,2.48E-18,1,-0.343366874,-0.939201357,4.95E-18,1,0.644981268,0.76419838
23-06-2010,16258,68,763,8947.142857,12361.8,2010,6,25,2,FALSE,16258,23,25,6,2,2010,2,0,0,6978,4487,18986,25410,32771,9336.857143,9608,6219.345743,18986,0,12048.42857,11590.5,7716.119538,25410,0,12912.23333,12344,8903.120777,32771,0,9052.91737,12101.73423,1.329893952,-0.14368482,-5423.142857,0.781831482,0.623489802,-0.359471813,-0.933155944,0.974927912,-0.222520934,0.670886518,0.741560031
24-06-2010,11306,73,737,8671.142857,12238.2,2010,6,25,3,FALSE,11306,24,25,6,2,2010,3,0,0,16258,12061,13238,9683,15014,8947.142857,9608,5564.9901,16258,0,11394.71429,11590.5,6834.339858,21405,0,12361.8,12344,8107.968543,29457,0,10854.18803,12369.88072,-0.30458851,-0.145943496,-4895.142857,0.974927912,-0.222520934,-0.375470379,-0.926834394,-0.433883739,-0.900968868,0.695997722,0.718043989
25-06-2010,7997,45,787,8441,11874.06667,2010,6,25,4,FALSE,7997,25,25,6,2,2010,4,0,0,11306,6978,9608,21405,18921,8671.142857,9608,5360.880041,16258,0,11510.64286,11683.5,6816.81388,21405,0,12238.2,11934.5,8094.395044,29457,0,10967.14102,12301.24318,-0.292676455,-0.167672773,-5679,0.433883739,-0.900968868,-0.391357837,-0.92023858,-0.781831482,0.623489802,0.720285159,0.693678088
26-06-2010,0,0,0,8441,11277.23333,2010,6,25,5,TRUE,0,26,25,6,2,2010,5,1,0,7997,16258,0,0,17905,8441,7997,5348.52341,16258,0,10552.92857,11213,6237.003219,19496,0,11874.06667,11557,8028.844276,29457,0,10224.60577,12023.54979,-1,0,-4223.857143,-0.433883739,-0.900968868,-0.407129485,-0.913370452,0.781831482,0.623489802,0.743720084,0.668491164
27-06-2010,10851,55,748,9350.142857,11218.03333,2010,6,25,6,TRUE,10851,27,25,6,2,2010,6,1,0,0,11306,4487,11120,12627,8441,7997,5348.52341,16258,0,10552.92857,11213,6237.003219,19496,0,11277.23333,11213,8228.090811,29457,0,7668.454324,11247.83617,0,1.41831959,-4223.857143,-0.974927912,-0.222520934,-0.422780658,-0.906232043,0.433883739,-0.900968868,0.766274759,0.64251303
28-06-2010,34536,70,920,12560.85714,12369.23333,2010,6,26,0,FALSE,34536,28,26,6,2,2010,0,0,0,10851,7997,12061,16206,0,9350.142857,10851,5099.483877,16258,0,10533.71429,11078.5,6235.536044,19496,0,11218.03333,10985.5,8224.432774,29457,0,8464.090743,11222.23381,2.182748134,1.863444159,-2367.142857,-0.781831482,0.623489802,-0.438306723,-0.898825465,-0.974927912,-0.222520934,0.787922488,0.615774433
29-06-2010,20923,71,853,14553,12859.33333,2010,6,26,1,FALSE,20923,29,26,6,2,2010,1,0,0,34536,0,6978,19496,6220,12560.85714,10851,10884.59358,34536,0,11843,11078.5,8881.270327,34536,0,12369.23333,11213,8982.210375,34536,0,14982.06806,12726.349,-0.394168404,1.998423617,1435.714286,6.86E-15,1,-0.453703086,-0.89115291,1.37E-14,1,0.808637651,0.588307019
30-06-2010,21040,79,922,15236.14286,13560.66667,2010,6,26,2,FALSE,21040,30,26,6,2,2010,2,0,0,20923,10851,16258,18986,0,14553,11306,10968.3102,34536,0,11944.92857,11078.5,8983.459386,34536,0,12859.33333,11557,9036.078846,34536,0,16467.30104,13255.16561,0.005591932,0.29413212,5216.142857,0.781831482,0.623489802,-0.468965191,-0.883216649,0.974927912,-0.222520934,0.828395729,0.560143299
01-07-2010,16493,85,895,15977.14286,13834.2,2010,7,26,3,FALSE,16493,1,26,7,3,2010,3,0,0,21040,34536,11306,13238,8287,15236.14286,11306,11237.81063,34536,0,12091.64286,11078.5,9122.985928,34536,0,13560.66667,11934.5,8817.450775,34536,0,17610.47578,13757.41335,-0.216112167,0.458782947,6289,0.974927912,-0.222520934,-0.484088522,-0.87501903,-0.433883739,-0.900968868,0.847173337,0.531316606
02-07-2010,8709,47,635,16078.85714,13730.9,2010,7,26,4,FALSE,8709,2,26,7,3,2010,4,0,0,16493,20923,7997,9608,11808,15977.14286,16493,11105.70744,34536,0,12324.14286,11078.5,9195.635929,34536,0,13834.2,12649.5,8775.392929,34536,0,17331.10684,13933.90293,-0.4719578,0.089033388,7306,0.433883739,-0.900968868,-0.499068603,-0.866562479,-0.781831482,0.623489802,0.864948251,0.50186106
03-07-2010,0,0,0,16078.85714,13144.73333,2010,7,26,5,TRUE,0,3,26,7,3,2010,5,1,0,8709,21040,0,0,17585,16078.85714,16493,11023.39351,34536,0,12259.92857,11078.5,9219.170908,34536,0,13730.9,12649.5,8818.202516,34536,0,15175.58013,13596.81221,-1,0,7637.857143,-0.433883739,-0.900968868,-0.513901001,-0.857849498,0.781831482,0.623489802,0.881699432,0.471811522
04-07-2010,5302,21,463,15286.14286,13049.23333,2010,7,26,6,TRUE,5302,4,26,7,3,2010,6,1,0,0,16493,10851,4487,8167,16078.85714,16493,11023.39351,34536,0,12259.92857,11078.5,9219.170908,34536,0,13144.73333,11683.5,9132.050342,34536,0,11381.6851,12719.598,0,-0.511381439,7637.857143,-0.974927912,-0.222520934,-0.528581328,-0.848882665,0.433883739,-0.900968868,0.897407054,0.441203559
05-07-2010,16630,85,795,12728.14286,13603.56667,2010,7,27,0,FALSE,16630,5,27,7,3,2010,0,0,0,5302,8709,34536,12061,0,15286.14286,16493,11644.04436,34536,0,12318.14286,11078.5,9168.748617,34536,0,13049.23333,11683.5,9200.624022,34536,0,9861.763822,12241.04302,2.136552244,-0.518473477,5936,-0.781831482,0.623489802,-0.54310524,-0.839664635,-0.974927912,-0.222520934,0.912052525,0.410073397
06-07-2010,11962,58,681,11448,13533,2010,7,27,1,FALSE,11962,6,27,7,3,2010,1,0,0,16630,0,20923,6978,14079,12728.14286,16493,8154.222003,21040,0,12644.5,11078.5,9239.931025,34536,0,13603.56667,12649.5,8882.788133,34536,0,11553.82287,12524.20168,-0.280697535,-0.428284663,167.2857143,-1.47E-14,1,-0.557468437,-0.830198134,-2.94E-14,1,0.925618513,0.378457883
07-07-2010,14692,77,910,10541.14286,13040.83333,2010,7,27,2,FALSE,14692,7,27,7,3,2010,2,0,0,11962,5302,21040,16258,29457,11448,11962,7313.320609,21040,0,13000.5,11634,9099.765464,34536,0,13533,12011.5,8887.288753,34536,0,11655.86715,12487.93059,0.228222705,-0.301711027,-3105,0.781831482,0.623489802,-0.571666671,-0.820485964,0.974927912,-0.222520934,0.93808896,0.346394434
08-07-2010,11756,70,773,9864.428571,12571.1,2010,7,27,3,FALSE,11756,8,27,7,3,2010,3,0,0,14692,16630,16493,11306,25848,10541.14286,11962,6240.570124,16630,0,12888.64286,11634,9066.20609,34536,0,13040.83333,12011.5,8368.734515,34536,0,12414.90036,12630.12868,-0.199836646,-0.287212757,-4695,0.974927912,-0.222520934,-0.58569574,-0.810530999,-0.433883739,-0.900968868,0.949449106,0.313921001
09-07-2010,14072,30,599,10630.57143,12193.16667,2010,7,27,4,FALSE,14072,9,27,7,3,2010,4,0,0,11756,11962,8709,7997,25410,9864.428571,11756,5722.96502,16630,0,12920.78571,11859,9060.959638,34536,0,12571.1,11859,8013.014416,34536,0,12250.17527,12573.73326,0.197005784,0.615799747,-6112.714286,0.433883739,-0.900968868,-0.599551492,-0.800336185,-0.781831482,0.623489802,0.959685507,0.281076018
10-07-2010,0,0,0,10630.57143,11870.4,2010,7,27,5,TRUE,0,10,27,7,3,2010,5,1,0,14072,14692,0,0,9683,10630.57143,11962,5898.782215,16630,0,13354.71429,13017,8951.829967,34536,0,12193.16667,11859,7645.539471,34536,0,12705.63145,12670.39567,-1,0,-5448.285714,-0.433883739,-0.900968868,-0.613229826,-0.789904539,0.781831482,0.623489802,0.968786046,0.24789836
11-07-2010,5806,28,497,10702.57143,11350.43333,2010,7,27,6,TRUE,5806,11,27,7,3,2010,6,1,0,0,11756,5302,10851,21405,10630.57143,11962,5898.782215,16630,0,13354.71429,13017,8951.829967,34536,0,11870.4,11859,7953.357494,34536,0,9529.22359,11852.95048,0,0.095058469,-5448.285714,-0.974927912,-0.222520934,-0.626726697,-0.779239147,0.433883739,-0.900968868,0.976739953,0.214427296
12-07-2010,9721,50,734,9715.571429,11674.46667,2010,7,28,0,FALSE,9721,12,28,7,3,2010,0,0,0,5806,14072,16630,34536,0,10702.57143,11962,5825.52312,16630,0,12994.35714,13017,9159.504846,34536,0,11350.43333,11531,7817.262854,34536,0,8598.417693,11462.82451,0.674302446,-0.415453999,-4583.571429,-0.781831482,0.623489802,-0.640038108,-0.768343166,-0.974927912,-0.222520934,0.983537812,0.18070244
13-07-2010,10045,55,744,9441.714286,11638.63333,2010,7,28,1,FALSE,10045,13,28,7,3,2010,1,0,0,9721,0,11962,20923,11120,9715.571429,11756,5206.249573,14692,0,11221.85714,11859,6755.867989,21040,0,11674.46667,11531,7526.622051,34536,0,8879.06327,11350.4487,0.033329904,-0.160257482,-3012.571429,-7.84E-15,1,-0.653160122,-0.757219819,-1.57E-14,1,0.989171579,0.146763709
14-07-2010,13384,62,819,9254.857143,11544.56667,2010,7,28,2,FALSE,13384,14,28,7,3,2010,2,0,0,10045,5806,14692,21040,16206,9441.714286,10045,5118.061245,14692,0,10444.85714,10900.5,6152.944222,21040,0,11638.63333,11531,7531.90994,34536,0,9170.547452,11266.22617,0.332404181,-0.089028042,-2006.285714,0.781831482,0.623489802,-0.666088856,-0.745872399,0.974927912,-0.222520934,0.993634586,0.112651272
15-07-2010,27819,80,840,11549.57143,11822,2010,7,28,3,FALSE,27819,15,28,7,3,2010,3,0,0,13384,9721,11756,16493,19496,9254.857143,10045,4914.248211,14072,0,9898,10900.5,5437.463804,16630,0,11544.56667,11531,7490.408495,34536,0,10223.91059,11402.85678,1.078526599,1.366366111,-1286.285714,0.974927912,-0.222520934,-0.678820483,-0.734304264,-0.433883739,-0.900968868,0.99692155,0.078405504
16-07-2010,14312,68,726,11583.85714,11666.2,2010,7,28,4,FALSE,14312,16,28,7,3,2010,4,0,0,27819,10045,14072,8709,18986,11549.57143,10045,8625.646852,27819,0,10707,10900.5,7086.626875,27819,0,11822,11531,7935.957396,34536,0,14622.68294,12461.96308,-0.485531471,0.017055145,1685.142857,0.433883739,-0.900968868,-0.691351236,-0.722518836,-0.781831482,0.623489802,0.999028581,0.044066936
17-07-2010,0,0,0,11583.85714,11224.93333,2010,7,28,5,TRUE,0,17,28,7,3,2010,5,1,0,14312,13384,0,0,13238,11583.85714,10045,8637.812598,27819,0,11107.21429,11859,7123.229963,27819,0,11666.2,11531,7835.709965,34536,0,14545.01221,12581.32033,-1,0,953.2857143,-0.433883739,-0.900968868,-0.703677407,-0.710519603,0.781831482,0.623489802,0.999953184,0.009676212
18-07-2010,9646,40,589,12132.42857,11226.2,2010,7,28,6,TRUE,9646,18,28,7,3,2010,6,1,0,0,27819,5806,5302,9608,11583.85714,10045,8637.812598,27819,0,11107.21429,11859,7123.229963,27819,0,11224.93333,11078.5,8112.018219,34536,0,10908.75915,11769.62205,0,0.661384774,953.2857143,-0.974927912,-0.222520934,-0.715795349,-0.698310116,0.433883739,-0.900968868,0.999694267,-0.024725964
19-07-2010,18535,59,782,13391.57143,11844.03333,2010,7,29,0,FALSE,18535,19,29,7,3,2010,0,0,0,9646,14312,9721,16630,0,12132.42857,10045,8326.023278,27819,0,11417.5,11859,6943.242534,27819,0,11226.2,11078.5,8111.759996,34536,0,10593.06937,11632.61415,0.921521874,0.906696842,1429.857143,-0.781831482,0.623489802,-0.727701476,-0.685893988,-0.974927912,-0.222520934,0.998252134,-0.059098876
20-07-2010,12099,57,663,13685,12097.76667,2010,7,29,1,FALSE,12099,20,29,7,3,2010,1,0,0,18535,0,10045,11962,4487,13391.57143,13384,8563.642427,27819,0,11553.57143,11859,7070.749353,27819,0,11844.03333,11531,7931.078778,34536,0,12578.55202,12077.92946,-0.347234961,0.204479841,3676,-9.77E-16,1,-0.739392264,-0.673274892,-1.95E-15,1,0.995628493,-0.093401839
21-07-2010,13174,55,734,13655,12134.86667,2010,7,29,2,FALSE,13174,21,29,7,3,2010,2,0,0,12099,9646,13384,14692,12061,13685,13384,8464.478011,27819,0,11563.35714,11927.5,7071.452855,27819,0,12097.76667,11859,7808.408283,34536,0,12458.66402,12079.28885,0.088850318,-0.015690377,4243.285714,0.781831482,0.623489802,-0.750864253,-0.660456564,0.974927912,-0.222520934,0.99182645,-0.127594254
22-07-2010,13939,78,806,11672.14286,12366.9,2010,7,29,3,FALSE,13939,22,29,7,3,2010,3,0,0,13174,18535,27819,11756,6978,13655,13174,8466.094613,27819,0,11454.92857,11927.5,7031.314359,27819,0,12134.86667,11859,7810.871273,34536,0,12637.49801,12149.91539,0.058068924,-0.498939574,4400.142857,0.974927912,-0.222520934,-0.76211405,-0.647442796,-0.433883739,-0.900968868,0.986850503,-0.161635652
23-07-2010,13371,48,665,11537.71429,12270.66667,2010,7,29,4,FALSE,13371,23,29,7,3,2010,4,0,0,13939,12099,14312,14072,16258,11672.14286,13174,5802.12965,18535,0,11610.85714,12636.5,7062.640254,27819,0,12366.9,12030.5,7755.594267,34536,0,12962.87351,12265.34022,-0.040748978,-0.065749022,122.5714286,0.433883739,-0.900968868,-0.773138326,-0.634237439,-0.781831482,0.623489802,0.980706544,-0.195485741
24-07-2010,0,0,0,11537.71429,11893.8,2010,7,29,5,TRUE,0,24,29,7,3,2010,5,1,0,13371,13174,0,0,11306,11537.71429,13174,5741.356161,18535,0,11560.78571,12636.5,7046.315537,27819,0,12270.66667,12030.5,7723.492516,34536,0,13064.90513,12336.67312,-1,0,-46.14285714,-0.433883739,-0.900968868,-0.783933817,-0.620844402,0.781831482,0.623489802,0.973401843,-0.229104458
25-07-2010,11531,54,741,11807,12011.6,2010,7,29,6,TRUE,11531,25,29,7,3,2010,6,1,0,0,13939,9646,5806,7997,11537.71429,13174,5741.356161,18535,0,11560.78571,12636.5,7046.315537,27819,0,11893.8,12030.5,8041.477791,34536,0,9798.67885,11540.75861,0,0.19541779,-46.14285714,-0.974927912,-0.222520934,-0.794497329,-0.607267646,0.433883739,-0.900968868,0.964945046,-0.262452012
26-07-2010,15011,62,822,11303.57143,12511.96667,2010,7,30,0,FALSE,15011,26,30,7,3,2010,0,0,0,11531,13371,18535,9721,0,11807,13174,5681.738026,18535,0,11969.71429,12636.5,6850.039454,27819,0,12011.6,12030.5,8008.241133,34536,0,10231.75914,11540.12902,0.301795161,-0.190126787,-325.4285714,-0.781831482,0.623489802,-0.804825737,-0.59351119,-0.974927912,-0.222520934,0.955346162,-0.295488934
27-07-2010,14315,70,663,11620.14286,12627.43333,2010,7,30,1,FALSE,14315,27,30,7,3,2010,1,0,0,15011,0,12099,10045,10851,11303.57143,13174,5114.007426,15011,0,12347.57143,13272.5,6862.346344,27819,0,12511.96667,12636.5,7694.675089,34536,0,11426.56935,11764.05621,-0.046365998,0.183155633,-2088,-2.25E-14,1,-0.814915984,-0.579579105,-4.51E-14,1,0.944616553,-0.328176122
28-07-2010,13365,65,724,11647.42857,11921.73333,2010,7,30,2,FALSE,13365,28,30,7,3,2010,2,0,0,14315,11531,13174,13384,34536,11620.14286,13371,5238.525633,15011,0,12652.57143,13377.5,6847.009204,27819,0,12627.43333,13272.5,7694.881549,34536,0,12148.67701,11928.63325,-0.066363954,0.014498254,-2064.857143,0.781831482,0.623489802,-0.824765084,-0.565475513,0.974927912,-0.222520934,0.932768918,-0.360474889
29-07-2010,13763,72,895,11622.28571,11683.06667,2010,7,30,3,FALSE,13763,29,30,7,3,2010,3,0,0,13365,15011,13939,27819,20923,11647.42857,13371,5248.456086,15011,0,12651.21429,13368,6846.854957,27819,0,11921.73333,13269.5,6493.347248,27819,0,12452.75776,12021.30208,0.029779274,-0.012626444,-2007.571429,0.974927912,-0.222520934,-0.834370124,-0.551204587,-0.433883739,-0.900968868,0.919817279,-0.392347006
30-07-2010,8443,53,508,10918.28571,11263.16667,2010,7,30,4,FALSE,8443,30,30,7,3,2010,4,0,0,13763,14315,13371,14312,21040,11622.28571,13371,5236.055536,15011,0,11647.21429,13368,5309.603899,18535,0,11683.06667,13269.5,6279.143923,27819,0,12780.31832,12133.6697,-0.386543631,-0.368558821,-49.85714286,0.433883739,-0.900968868,-0.843728259,-0.536770551,-0.781831482,0.623489802,0.905776966,-0.42375475
31-07-2010,0,0,0,10918.28571,10713.4,2010,7,30,5,TRUE,0,31,30,7,3,2010,5,1,0,8443,13365,0,0,16493,10918.28571,13365,5292.734162,15011,0,11228,13269.5,5314.712193,18535,0,11263.16667,12636.5,6048.819076,27819,0,11695.98874,11895.56195,-1,0,-619.4285714,-0.433883739,-0.900968868,-0.852836722,-0.522177677,0.781831482,0.623489802,0.890664596,-0.454660948
01-08-2010,9702,32,583,10657,10746.5,2010,8,30,6,TRUE,9702,1,30,8,3,2010,6,1,0,0,13763,11531,9646,8709,10918.28571,13365,5292.734162,15011,0,11228,13269.5,5314.712193,18535,0,10713.4,12030.5,6301.337075,27819,0,8771.991555,11128.10627,0,-0.158615905,-619.4285714,-0.974927912,-0.222520934,-0.861692816,-0.507430281,0.433883739,-0.900968868,0.874498056,-0.48502902
02-08-2010,11871,63,691,10208.42857,11142.2,2010,8,31,0,FALSE,11871,2,31,8,3,2010,0,0,0,9702,8443,15011,18535,0,10657,13365,5302.581918,15011,0,11232,13269.5,5313.450871,18535,0,10746.5,12030.5,6293.047783,27819,0,9004.493667,11036.09941,0.223562152,-0.209179935,-1150,-0.781831482,0.623489802,-0.870293922,-0.492532729,-0.974927912,-0.222520934,0.857296481,-0.514823022
03-08-2010,16330,59,857,10496.28571,11509.8,2010,8,31,1,FALSE,16330,3,31,8,3,2010,1,0,0,11871,0,14315,12099,5302,10208.42857,11871,4996.869282,14315,0,10756,12636.5,4890.558644,15011,0,11142.2,12030.5,5958.335063,27819,0,9721.12025,11089.96397,0.375621262,0.140761439,-1095.142857,-1.57E-14,1,-0.878637494,-0.477489428,-3.14E-14,1,0.839080229,-0.544007692
04-08-2010,11740,53,850,10264.14286,11346.8,2010,8,31,2,FALSE,11740,4,31,8,3,2010,2,0,0,16330,9702,13365,13174,16630,10496.28571,11871,5320.430613,16330,0,11058.21429,13269.5,5105.920307,16330,0,11509.8,12636.5,5925.69619,27819,0,11373.34019,11428.03083,-0.281077771,-0.121586233,-1123.857143,0.781831482,0.623489802,-0.886721063,-0.46230483,0.974927912,-0.222520934,0.819870862,-0.572548487
05-08-2010,16828,54,744,10702,11509,2010,8,31,3,FALSE,16828,5,31,8,3,2010,3,0,0,11740,11871,13763,13939,11962,10264.14286,11740,5208.678061,16330,0,10955.78571,12618,5074.497992,16330,0,11346.8,12030.5,5846.725753,27819,0,11465.00514,11448.15788,0.433390119,0.22269854,-1383.285714,0.974927912,-0.222520934,-0.894542237,-0.44698343,-0.433883739,-0.900968868,0.799691114,-0.600411627
06-08-2010,9923,45,409,10913.42857,11350.03333,2010,8,31,4,FALSE,9923,6,31,8,3,2010,4,0,0,16828,16330,8443,13371,14692,10702,11740,5661.009186,16828,0,11162.14286,12618,5260.477133,16828,0,11509,12636.5,5931.266295,27819,0,12805.75386,11795.24449,-0.410328025,0.175293142,-920.2857143,0.433883739,-0.900968868,-0.902098701,-0.431529759,-0.781831482,0.623489802,0.77856487,-0.627564134
07-08-2010,0,0,0,10913.42857,10958.16667,2010,8,31,5,TRUE,0,7,31,8,3,2010,5,1,0,9923,11740,0,0,11756,10913.42857,11740,5589.767373,16828,0,10915.85714,11805.5,5229.732216,16828,0,11350.03333,11985,5906.873468,27819,0,12085.06539,11674.45452,-1,0,-4.857142857,-0.433883739,-0.900968868,-0.90938822,-0.415948392,0.781831482,0.623489802,0.756517136,-0.653973871
08-08-2010,8120,44,562,10687.42857,10759.76667,2010,8,31,6,TRUE,8120,8,31,8,3,2010,6,1,0,0,16828,9702,11531,14072,10913.42857,11740,5589.767373,16828,0,10915.85714,11805.5,5229.732216,16828,0,10958.16667,11985,6258.498041,27819,0,9063.799044,10921.26386,0,-0.163059163,-4.857142857,-0.974927912,-0.222520934,-0.916408637,-0.400243939,0.433883739,-0.900968868,0.733574005,-0.679609579
09-08-2010,57628.5,51,621,23309.28571,14100.56667,2010,8,32,0,FALSE,100224,9,32,8,3,2010,0,0,0,8120,9923,11871,15011,0,10687.42857,11740,5678.191433,16828,0,10672.21429,11805.5,5278.101628,16828,0,10759.76667,11805.5,6250.719929,27819,0,8827.849283,10740.53715,6.097105911,3.854561537,30.42857143,-0.781831482,0.623489802,-0.923157873,-0.384421047,-0.974927912,-0.222520934,0.709762633,-0.704440917
10-08-2010,20053,46,937,23841.14286,14575.46667,2010,8,32,1,FALSE,20053,10,32,8,3,2010,1,0,0,57628.5,0,16330,14315,5806,17224.21429,11740,18692.27791,57628.5,0,13716.32143,11805.5,13639.57508,57628.5,0,12680.71667,11985,10344.54314,57628.5,0,21028.01196,13765.56716,-0.652029812,0.227985303,7015.785714,-8.82E-15,1,-0.929633932,-0.368484399,-1.76E-14,1,0.685111202,-0.728438495
11-08-2010,8197,46,642,23335,14524.66667,2010,8,32,2,FALSE,8197,11,32,8,3,2010,2,0,0,20053,8120,11740,13365,9721,17756.07143,11740,18715.54535,57628.5,0,14126.17857,11805.5,13744.75404,57628.5,0,13155.61667,12636.5,10345.08136,57628.5,0,20784.25897,14171.20801,-0.591233232,-0.301788756,7259.785714,0.781831482,0.623489802,-0.935834897,-0.352438711,0.974927912,-0.222520934,0.65964889,-0.75157391
12-08-2010,18216,81,897,23533.28571,14797.03333,2010,8,32,3,FALSE,18216,12,32,8,3,2010,3,0,0,8197,57628.5,16828,13763,10045,17249.92857,9923,18951.77781,57628.5,0,13757.03571,10831.5,13835.86605,57628.5,0,13104.81667,12636.5,10366.24896,57628.5,0,17637.44423,13785.77522,1.222276443,0.082481578,6985.785714,0.974927912,-0.222520934,-0.941758934,-0.33628873,-0.433883739,-0.900968868,0.633405832,-0.77381978
13-08-2010,18159,55,765,24709.85714,14956.2,2010,8,32,4,FALSE,18159,13,32,8,3,2010,4,0,0,18216,20053,9923,8443,13384,17448.21429,9923,18953.88853,57628.5,0,14075.10714,10831.5,13887.10364,57628.5,0,13377.18333,13269.5,10390.39778,57628.5,0,17782.08317,14071.59618,-0.003129117,0.82999093,6746.214286,0.433883739,-0.900968868,-0.947404289,-0.320039236,-0.781831482,0.623489802,0.60641309,-0.795149775
14-08-2010,0,0,0,24709.85714,14028.9,2010,8,32,5,TRUE,0,14,32,8,3,2010,5,1,0,18159,8197,0,0,27819,18624.78571,18159,18662.2858,57628.5,0,14769.10714,11805.5,13826.63557,57628.5,0,13536.35,13269.5,10427.01452,57628.5,0,17876.31238,14335.29966,-1,0,7711.357143,-0.433883739,-0.900968868,-0.952769292,-0.303695038,0.781831482,0.623489802,0.578702612,-0.815538648
15-08-2010,17333,58,615,26026,14129.6,2010,8,32,6,TRUE,17333,15,32,8,3,2010,6,1,0,0,18216,8120,9702,14312,18624.78571,18159,18662.2858,57628.5,0,14769.10714,11805.5,13826.63557,57628.5,0,12609.05,12636.5,10349.74336,57628.5,0,13407.23428,13410.44159,0,1.134605911,7711.357143,-0.974927912,-0.222520934,-0.957852355,-0.287260971,0.433883739,-0.900968868,0.550307195,-0.83496227
16-08-2010,11080,39,677,13291.14286,14498.93333,2010,8,33,0,FALSE,11080,16,33,8,3,2010,0,0,0,17333,18159,57628.5,11871,0,19940.92857,18159,18114.80992,57628.5,0,15314.17857,14100.5,13761.77704,57628.5,0,12709.75,12636.5,10381.53183,57628.5,0,14388.67571,13663.50988,-0.360756938,-0.80773402,9253.5,-0.781831482,0.623489802,-0.962651975,-0.270741898,-0.974927912,-0.222520934,0.521260446,-0.853397649
17-08-2010,18400,45,613,13055,14790.73333,2010,8,33,1,FALSE,18400,17,33,8,3,2010,1,0,0,11080,0,20053,16330,9646,13291.14286,17333,7274.424317,20053,0,15257.67857,14035,13778.61413,57628.5,0,13079.08333,12636.5,10107.24564,57628.5,0,13561.50678,13496.83182,0.660649819,-0.082431556,-3933.071429,-3.04E-14,1,-0.96716673,-0.254142709,-6.08E-14,1,0.491596746,-0.870822966
18-08-2010,22851,58,957,15148.42857,14934.6,2010,8,33,2,FALSE,22851,18,33,8,3,2010,2,0,0,18400,17333,8197,11740,18535,13055,17333,7041.435223,18400,0,15405.53571,14284,13802.09276,57628.5,0,13370.88333,13269.5,10131.0511,57628.5,0,14771.13009,13813.16526,0.241902174,1.787727217,-4701.071429,0.781831482,0.623489802,-0.971395285,-0.237468316,0.974927912,-0.222520934,0.461351204,-0.887217598
19-08-2010,22520,77,801,15763.28571,15281.96667,2010,8,33,3,FALSE,22520,19,33,8,3,2010,3,0,0,22851,11080,18216,16828,12099,15148.42857,18159,7518.590401,22851,0,16199.17857,17080.5,13894.24773,57628.5,0,13514.75,13269.5,10237.004,57628.5,0,16791.09757,14396.25139,-0.014485143,0.236275801,-2101.5,0.974927912,-0.222520934,-0.975336388,-0.220723651,-0.433883739,-0.900968868,0.430559617,-0.90256214
20-08-2010,19177,59,799,15908.71429,15482.06667,2010,8,33,4,FALSE,19177,20,33,8,3,2010,4,0,0,22520,18400,18159,9923,13174,15763.28571,18159,7973.486642,22851,0,16605.75,17746,13996.9632,57628.5,0,13862.11667,13368,10363.33316,57628.5,0,18223.32317,14920.36422,-0.148445826,0.056060356,-1684.928571,0.433883739,-0.900968868,-0.978988874,-0.203913671,-0.781831482,0.623489802,0.39925843,-0.91683843
21-08-2010,0,0,0,15908.71429,15017.43333,2010,8,33,5,TRUE,0,21,33,8,3,2010,5,1,0,19177,22851,0,0,13939,15908.71429,18400,8033.522343,22851,0,17266.75,18187.5,13875.07452,57628.5,0,14062.21667,13567,10407.44897,57628.5,0,18461.74238,15194.98589,-1,0,-2716.071429,-0.433883739,-0.900968868,-0.982351661,-0.187043349,0.781831482,0.623489802,0.367484689,-0.930029571
22-08-2010,13884,60,769,15416,15034.53333,2010,8,33,6,TRUE,13884,22,33,8,3,2010,6,1,0,0,22520,17333,8120,13371,15908.71429,18400,8033.522343,22851,0,17266.75,18187.5,13875.07452,57628.5,0,13597.58333,13368,10719.60669,57628.5,0,13846.30679,14214.66419,0,-0.198984596,-2716.071429,-0.974927912,-0.222520934,-0.985423754,-0.170117678,0.433883739,-0.900968868,0.335276002,-0.942119951
23-08-2010,13251,45,713,15726.14286,15476.23333,2010,8,34,0,FALSE,13251,23,34,8,3,2010,0,0,0,13884,19177,11080,57628.5,0,15416,18400,8037.375131,22851,0,17678.46429,18187.5,13666.7391,57628.5,0,13614.68333,13564,10719.64195,57628.5,0,13855.73009,14193.33102,-0.045592048,0.195938628,-4524.928571,-0.781831482,0.623489802,-0.988204245,-0.153141667,-0.974927912,-0.222520934,0.302670491,-0.95309526
24-08-2010,19081,61,697,15823.42857,15727.9,2010,8,34,1,FALSE,19081,24,34,8,3,2010,1,0,0,13251,0,18400,20053,11531,15726.14286,18400,7882.569408,22851,0,14508.64286,17746,7395.763783,22851,0,14056.38333,13564,10407.77342,57628.5,0,13704.54757,14132.53547,0.439966795,0.03701087,2435,4.90E-15,1,-0.99069231,-0.136120339,9.81E-15,1,0.269706745,-0.962942507
25-08-2010,17575,76,857,15069.71429,15813.36667,2010,8,34,2,FALSE,17575,25,34,8,3,2010,2,0,0,19081,13884,22851,8197,15011,15823.42857,19081,7925.157261,22851,0,14439.21429,17746,7344.093673,22851,0,14308.05,13823.5,10435.84639,57628.5,0,15048.66068,14451.79125,-0.078926681,-0.230887051,2768.428571,0.781831482,0.623489802,-0.992887214,-0.11905873,0.974927912,-0.222520934,0.236423781,-0.971650038
26-08-2010,17607,80,842,14367.85714,15923.1,2010,8,34,3,FALSE,17607,26,34,8,3,2010,3,0,0,17575,13251,22520,18216,14315,15069.71429,17575,7377.367998,22520,0,15109.07143,17867,7156.225084,22851,0,14393.51667,13823.5,10452.28814,57628.5,0,15680.24551,14653.28859,0.001820768,-0.218161634,-78.71428571,0.974927912,-0.222520934,-0.994788306,-0.10196189,-0.433883739,-0.900968868,0.202860992,-0.979207546
27-08-2010,7316,36,675,12673.42857,15721.46667,2010,8,34,4,FALSE,7316,27,34,8,3,2010,4,0,0,17607,19081,19177,18159,13365,14367.85714,17575,6758.157896,19177,0,15065.57143,17591,7137.713475,22851,0,14503.25,13823.5,10468.70305,57628.5,0,16161.93413,14843.85062,-0.584483444,-0.61850133,-1395.428571,0.433883739,-0.900968868,-0.996395024,-0.084834878,-0.781831482,0.623489802,0.1690581,-0.985606087
28-08-2010,0,0,0,12673.42857,15262.7,2010,8,34,5,TRUE,0,28,34,8,3,2010,5,1,0,7316,17575,0,0,13763,12673.42857,13884,6837.877421,19081,0,14291.07143,17454,7361.015037,22851,0,14301.61667,13823.5,10549.32557,57628.5,0,13950.4506,14358.18283,-1,0,-3235.285714,-0.433883739,-0.900968868,-0.997706893,-0.067682762,0.781831482,0.623489802,0.135055116,-0.990838088
29-08-2010,8766,39,483,11942.28571,15273.46667,2010,8,34,6,TRUE,8766,29,34,8,3,2010,6,1,0,0,17607,13884,17333,8443,12673.42857,13884,6837.877421,19081,0,14291.07143,17454,7361.015037,22851,0,13842.85,13567.5,10868.00422,57628.5,0,10462.83795,13431.84844,0,-0.368625756,-3235.285714,-0.974927912,-0.222520934,-0.998723524,-0.050510617,0.433883739,-0.900968868,0.100892283,-0.994897355
30-08-2010,0,0,0,10049.28571,15273.46667,2010,8,35,0,FALSE,0,30,35,8,3,2010,0,0,0,8766,7316,13251,11080,0,11942.28571,13251,6959.405284,19081,0,13679.14286,15729.5,7444.304709,22851,0,13853.61667,13567.5,10862.62892,57628.5,0,10038.62846,13130.82596,-1,-1,-3473.714286,-0.781831482,0.623489802,-0.999444617,-0.033323526,-0.974927912,-0.222520934,0.066610037,-0.997779085
31-08-2010,14176,63,936,9348.571429,15422.6,2010,8,35,1,FALSE,14176,31,35,8,3,2010,1,0,0,0,0,19081,18400,9702,10049.28571,8766,8230.241424,19081,0,12887.71429,15729.5,8283.552382,22851,0,13853.61667,13567.5,10862.62892,57628.5,0,7528.971346,12283.67589,0,-0.257061999,-5676.857143,1.18E-14,1,-0.999869958,-0.016126573,2.35E-14,1,0.032248952,-0.999479867
01-09-2010,12910,43,646,8682.142857,15457.23333,2010,9,35,2,FALSE,12910,1,35,9,3,2010,2,0,0,14176,8766,17575,22851,11871,9348.571429,8766,7510.461012,17607,0,12586,14030,8143.067207,22851,0,14002.75,14030,10834.34083,57628.5,0,9190.728509,12405.76131,-0.089305869,-0.265433855,-6474.857143,0.781831482,0.623489802,-0.999999422,0.001075151,0.974927912,-0.222520934,-0.002150301,-0.999997688
02-09-2010,21964,91,848,9304.571429,15645.03333,2010,9,35,3,FALSE,21964,2,35,9,3,2010,3,0,0,12910,0,17607,22520,16330,8682.142857,8766,6835.482242,17607,0,11875.92857,13567.5,7594.025977,22520,0,14037.38333,14030,10828.95075,57628.5,0,10120.54638,12438.29284,0.701316809,0.247458397,-6387.571429,0.974927912,-0.222520934,-0.99983297,0.018276558,-0.433883739,-0.900968868,-0.03654701,-0.999331935
03-09-2010,31223,60,655,12719.85714,16294.46667,2010,9,35,4,FALSE,31223,3,35,9,3,2010,4,0,0,21964,14176,7316,19177,11740,9304.571429,8766,7899.215549,21964,0,11836.21429,13567.5,7535.305845,21964,0,14225.18333,14030,10918.56399,57628.5,0,13081.40979,13052.8546,0.421553451,3.267769273,-5063.285714,0.433883739,-0.900968868,-0.999370651,0.035472556,-0.781831482,0.623489802,-0.070900462,-0.997483396
04-09-2010,0,0,0,12719.85714,15733.53333,2010,9,35,5,TRUE,0,4,35,9,3,2010,5,1,0,31223,12910,0,0,16828,12719.85714,12910,11322.54018,31223,0,12696.64286,13567.5,8986.085171,31223,0,14874.61667,15502,11337.05076,57628.5,0,17616.80734,14225.12206,-1,0,46.42857143,-0.433883739,-0.900968868,-0.998612602,0.052658057,0.781831482,0.623489802,-0.105169998,-0.994454258
05-09-2010,7222,35,514,12499.28571,15643.5,2010,9,35,6,TRUE,7222,5,35,9,3,2010,6,1,0,0,21964,8766,13884,9923,12719.85714,12910,11322.54018,31223,0,12696.64286,13567.5,8986.085171,31223,0,14313.68333,14030,11649.08166,57628.5,0,13212.6055,13307.37224,0,-0.176135067,46.42857143,-0.974927912,-0.222520934,-0.997559048,0.069827976,0.433883739,-0.900968868,-0.139315058,-0.990248108
06-09-2010,16208,53,861,14814.71429,16183.76667,2010,9,36,0,FALSE,16208,6,36,9,3,2010,0,0,0,7222,31223,0,13251,0,12499.28571,12910,11426.95922,31223,0,12220.78571,13080.5,9094.115529,31223,0,14223.65,14030,11694.53556,57628.5,0,11714.95413,12914.76758,1.244253669,0,557,-0.781831482,0.623489802,-0.9962103,0.086977231,-0.974927912,-0.222520934,-0.173295227,-0.984869922
07-09-2010,15746,51,718,15039,16437.96667,2010,9,36,1,FALSE,15746,7,36,9,3,2010,1,0,0,16208,0,14176,19081,8120,14814.71429,14176,10028.67832,31223,0,12432,13543,9154.024588,31223,0,14763.91667,15192,11385.06505,57628.5,0,12838.2156,13127.23419,-0.028504442,0.110750564,4765.428571,-9.80E-15,1,-0.994566757,0.104100749,-1.96E-14,1,-0.207070289,-0.978326068
08-09-2010,10208,49,691,14653,13437.43333,2010,9,36,2,FALSE,10208,8,36,9,3,2010,2,0,0,15746,7222,12910,17575,57628.5,15039,15746,10029.56913,31223,0,12193.78571,13543,9009.947965,31223,0,15018.11667,15977,11316.53628,57628.5,0,13565.1617,13296.18682,-0.35170837,-0.20929512,5690.428571,0.781831482,0.623489802,-0.992628906,0.121193461,0.974927912,-0.222520934,-0.240600266,-0.97062429
09-09-2010,13200,67,865,13401,13209,2010,9,36,3,FALSE,13200,9,36,9,3,2010,3,0,0,10208,16208,21964,17607,20053,14653,15746,10176.08708,31223,0,11667.57143,11559,8885.763754,31223,0,13437.43333,14961,7979.265089,31223,0,12725.87127,13096.94896,0.293103448,-0.399016573,5970.857143,0.974927912,-0.222520934,-0.99039732,0.138250311,-0.433883739,-0.900968868,-0.273845475,-0.961773703
10-09-2010,10430,46,629,10430.57143,13283.43333,2010,9,36,4,FALSE,10430,10,36,9,3,2010,4,0,0,13200,15746,31223,7316,8197,13401,13200,9652.326576,31223,0,11352.78571,11559,8735.967351,31223,0,13209,14030,7880.829354,31223,0,12844.40345,13103.59741,-0.209848485,-0.665951382,4096.428571,0.433883739,-0.900968868,-0.98787266,0.15526625,-0.781831482,0.623489802,-0.306766566,-0.951784783
11-09-2010,0,0,0,10430.57143,12676.23333,2010,9,36,5,TRUE,0,11,36,9,3,2010,5,1,0,10430,10208,0,0,18216,10430.57143,10430,5604.21695,16208,0,11575.21429,11670,8664.631398,31223,0,13283.43333,14030,7842.310434,31223,0,12240.80259,12931.10726,-1,0,-2289.285714,-0.433883739,-0.900968868,-0.985055672,0.172236243,0.781831482,0.623489802,-0.339324576,-0.940669353
12-09-2010,9278,48,729,10724.28571,12380.2,2010,9,36,6,TRUE,9278,12,36,9,3,2010,6,1,0,0,13200,7222,8766,18159,10430.57143,10430,5604.21695,16208,0,11575.21429,11670,8664.631398,31223,0,12676.23333,13567.5,8146.528322,31223,0,9180.601943,12096.84227,0,0.284685683,-2289.285714,-0.974927912,-0.222520934,-0.98194719,0.189155269,0.433883739,-0.900968868,-0.371480969,-0.928440569
13-09-2010,28405,87,992,12466.71429,13327.03333,2010,9,37,0,FALSE,28405,13,37,9,3,2010,0,0,0,9278,10430,16208,0,0,10724.28571,10430,5460.05341,16208,0,11611.78571,11670,8652.934888,31223,0,12380.2,13225.5,8101.660057,31223,0,9204.951457,11914.98148,2.061543436,0.752529615,-1775,-0.781831482,0.623489802,-0.978548135,0.20601832,-0.974927912,-0.222520934,-0.403197686,-0.915112903
14-09-2010,11384,63,764,11843.57143,13128.73333,2010,9,37,1,FALSE,11384,14,37,9,3,2010,1,0,0,28405,0,15746,14176,17333,12466.71429,10430,8565.018325,28405,0,13640.71429,13055,9042.206295,31223,0,13327.03333,13567.5,8263.12965,31223,0,14004.96359,12978.85364,-0.599225488,-0.277022736,-2348,-3.14E-14,1,-0.974859511,0.222820408,-6.27E-14,1,-0.434437187,-0.900702132
15-09-2010,21473,67,811,13452.85714,13475.16667,2010,9,37,2,FALSE,21473,15,37,9,3,2010,2,0,0,11384,9278,10208,12910,11080,11843.57143,10430,8444.501561,28405,0,13441.28571,12147,9060.263432,31223,0,13128.73333,13225.5,8235.013472,31223,0,13349.72269,12875.95986,0.886243851,1.103546238,-3195.428571,0.781831482,0.623489802,-0.97088241,0.239556559,0.974927912,-0.222520934,-0.465162499,-0.88522531
16-09-2010,14418,68,897,13626.85714,13342.43333,2010,9,37,3,FALSE,14418,16,37,9,3,2010,3,0,0,21473,28405,13200,21964,18400,13452.85714,11384,9126.699265,28405,0,14052.92857,12292,9307.307001,31223,0,13475.16667,13567.5,8363.461081,31223,0,15380.54202,13430.60761,-0.328552135,0.092272727,-1200.142857,0.974927912,-0.222520934,-0.96661801,0.256221822,-0.433883739,-0.900968868,-0.495337255,-0.868700756
17-09-2010,11843,52,726,13828.71429,12975.5,2010,9,37,4,FALSE,11843,17,37,9,3,2010,4,0,0,14418,11384,10430,31223,22851,13626.85714,11384,9132.683695,28405,0,13513.92857,12292,9028.239708,31223,0,13342.43333,13567.5,8314.05823,31223,0,15139.90652,13494.31035,-0.178596199,0.135474593,225.8571429,0.433883739,-0.900968868,-0.962067572,0.272811264,-0.781831482,0.623489802,-0.524925742,-0.851148028
18-09-2010,0,0,0,13828.71429,12224.83333,2010,9,37,5,TRUE,0,18,37,9,3,2010,5,1,0,11843,21473,0,0,22520,13828.71429,11843,9065.617238,28405,0,12129.64286,11613.5,7452.26756,28405,0,12975.5,13225.5,8120.598801,31223,0,14315.67989,13387.7742,-1,0,3398.142857,-0.433883739,-0.900968868,-0.957232443,0.289319978,0.781831482,0.623489802,-0.553892938,-0.832587901
19-09-2010,13697,59,984,14460,12042.16667,2010,9,37,6,TRUE,13697,19,37,9,3,2010,6,1,0,0,14418,9278,7222,19177,13828.71429,11843,9065.617238,28405,0,12129.64286,11613.5,7452.26756,28405,0,12224.83333,13055,8247.759838,31223,0,10736.75992,12524.04683,0,0.476287993,3398.142857,-0.974927912,-0.222520934,-0.952114054,0.305743076,0.433883739,-0.900968868,-0.58220456,-0.813042342
20-09-2010,25067,82,967,13983.14286,12877.73333,2010,9,38,0,FALSE,25067,20,38,9,3,2010,0,0,0,13697,11843,28405,16208,0,14460,13697,8847.138822,28405,0,12592.14286,12521.5,7324.084378,28405,0,12042.16667,13055,8148.565281,31223,0,11476.81994,12599.72122,0.830108783,-0.117514522,3735.714286,-0.781831482,0.623489802,-0.946713918,0.322075701,-0.974927912,-0.222520934,-0.609827098,-0.792534486
21-09-2010,37072,103,1020,17652.85714,13650.66667,2010,9,38,1,FALSE,37072,21,38,9,3,2010,1,0,0,25067,0,11384,15746,13884,13983.14286,13697,8021.687965,25067,0,13224.92857,12521.5,8011.004666,28405,0,12877.73333,13225.5,8156.363549,31223,0,14874.36495,13404.06179,0.478916504,2.256500351,1516.428571,3.92E-15,1,-0.941033635,0.338313018,7.85E-15,1,-0.636727858,-0.771088603
22-09-2010,14626,83,689,16674.71429,13696.5,2010,9,38,2,FALSE,14626,22,38,9,3,2010,2,0,0,37072,13697,21473,10208,13251,17652.85714,14418,11677.30724,37072,0,14748.21429,12521.5,10243.69212,37072,0,13650.66667,13225.5,9276.757966,37072,0,20423.77371,14931.02555,-0.605470436,-0.318865552,5809.285714,0.781831482,0.623489802,-0.935074884,0.354450223,0.974927912,-0.222520934,-0.662875003,-0.748730079
23-09-2010,21377,86,935,17668.85714,13773.03333,2010,9,38,3,FALSE,21377,23,38,9,3,2010,3,0,0,14626,25067,14418,13200,19081,16674.71429,14418,11590.42748,37072,0,15063.78571,13448.5,10160.78118,37072,0,13696.5,13448.5,9278.111865,37072,0,18974.33029,14911.34648,0.461575277,0.482660563,3221.857143,0.974927912,-0.222520934,-0.92883943,0.37048254,-0.433883739,-0.900968868,-0.688237584,-0.725485374
24-09-2010,28035,67,810,19982,14121.7,2010,9,38,4,FALSE,28035,24,38,9,3,2010,4,0,0,21377,37072,11843,10430,17575,17668.85714,14626,11662.82232,37072,0,15647.85714,14057.5,10279.72684,37072,0,13773.03333,13448.5,9333.36424,37072,0,19574.99771,15328.48542,0.311456238,1.367221143,4042,0.433883739,-0.900968868,-0.922329118,0.386405226,-0.781831482,0.623489802,-0.712785583,-0.701382002
25-09-2010,0,0,0,19982,13534.8,2010,9,38,5,TRUE,0,25,38,9,3,2010,5,1,0,28035,14626,0,0,17607,19982,21377,11917.70702,37072,0,16905.35714,14522,10662.02166,37072,0,14121.7,13448.5,9669.61227,37072,0,21689.99829,16148.26056,-1,0,6153.285714,-0.433883739,-0.900968868,-0.915545873,0.402213568,0.781831482,0.623489802,-0.736489945,-0.676448491
26-09-2010,13385,65,747,19937.42857,13737.1,2010,9,38,6,TRUE,13385,26,38,9,3,2010,6,1,0,0,21377,13697,9278,7316,19982,21377,11917.70702,37072,0,16905.35714,14522,10662.02166,37072,0,13534.8,13055,9980.121948,37072,0,16267.49871,15106.43729,0,-0.022778711,6153.285714,-0.974927912,-0.222520934,-0.908491704,0.417902889,0.433883739,-0.900968868,-0.759322615,-0.650714351
27-09-2010,57628.5,95,1012,34283.42857,17920.06667,2010,9,39,0,FALSE,125489,27,39,9,3,2010,0,0,0,13385,28035,25067,28405,0,19937.42857,21377,11945.68068,37072,0,17198.71429,14522,10491.14901,37072,0,13737.1,13292.5,9910.989019,37072,0,15546.87404,14995.37682,3.305453866,1.298978737,5477.428571,-0.781831482,0.623489802,-0.901168697,0.433468545,-0.974927912,-0.222520934,-0.781256568,-0.62421004
28-09-2010,23634,127,1199,32363.71429,18415.66667,2010,9,39,1,FALSE,23634,28,39,9,3,2010,1,0,0,57628.5,0,37072,11384,8766,24589.07143,21377,18703.99073,57628.5,0,19286.10714,14522,14881.11996,57628.5,0,15658.05,13541,12423.07226,57628.5,0,26067.28053,17745.9009,-0.589890419,-0.362483815,10605.92857,-1.76E-14,1,-0.89357902,0.448905931,-3.53E-14,1,-0.802265845,-0.596966929
29-09-2010,20736,99,967,33236.57143,19106.86667,2010,9,39,2,FALSE,20736,29,39,9,3,2010,2,0,0,23634,13385,14626,21473,0,22669.35714,21377,17880.74919,57628.5,0,20161.10714,18001.5,14740.21874,57628.5,0,16153.65,13936.5,12435.20566,57628.5,0,25458.9604,18125.77827,-0.122619954,0.417749214,5016.5,0.781831482,0.623489802,-0.885724918,0.464210479,0.974927912,-0.222520934,-0.822325578,-0.569017262
30-09-2010,24834,93,978,33730.42857,19462.13333,2010,9,39,3,FALSE,24834,30,39,9,3,2010,3,0,0,20736,57628.5,21377,14418,14176,23542.21429,21377,17569.08397,57628.5,0,20108.46429,17681,14736.48865,57628.5,0,16844.85,14297,12077.50924,57628.5,0,24278.2203,18294.17967,0.197627315,0.161715863,6867.5,0.974927912,-0.222520934,-0.877608717,0.479377659,-0.433883739,-0.900968868,-0.841412025,-0.540394119
01-10-2010,22213,71,919,32898.71429,19772.23333,2010,10,39,4,FALSE,22213,1,39,10,4,2010,4,0,0,24834,23634,28035,11843,12910,24036.07143,23634,17546.65002,57628.5,0,20852.46429,21056.5,14689.95751,57628.5,0,17200.11667,14522,12152.81715,57628.5,0,24417.16522,18716.10356,-0.105540791,-0.207668985,6367.214286,0.433883739,-0.900968868,-0.869232816,0.494402984,-0.781831482,0.623489802,-0.859502597,-0.511131378
02-10-2010,0,0,0,32898.71429,19040.1,2010,10,39,5,TRUE,0,2,39,10,4,2010,5,1,0,22213,20736,0,0,21964,23204.35714,22213,17463.29237,57628.5,0,21593.17857,21795,14460.37683,57628.5,0,17510.21667,15186,12158.26243,57628.5,0,23866.12392,18941.70978,-1,0,3222.357143,-0.433883739,-0.900968868,-0.860599696,0.509282007,0.781831482,0.623489802,-0.876575881,-0.481263674
03-10-2010,20343,77,966,33892.71429,18677.43333,2010,10,39,6,TRUE,20343,3,39,10,4,2010,6,1,0,0,24834,13385,13697,31223,23204.35714,22213,17463.29237,57628.5,0,21593.17857,21795,14460.37683,57628.5,0,16778.08333,14522,12536.24805,57628.5,0,17899.59294,17719.66399,0,0.519835637,3222.357143,-0.974927912,-0.222520934,-0.851711911,0.524010325,0.433883739,-0.900968868,-0.892611671,-0.450826358
04-10-2010,23529,84,1002,19327,19461.73333,2010,10,40,0,FALSE,23529,4,40,10,4,2010,0,0,0,20343,22213,57628.5,25067,0,24198.35714,22213,17003.18999,57628.5,0,22067.89286,21795,14289.29356,57628.5,0,16415.41667,14522,12258.24865,57628.5,0,18510.4447,17888.91147,0.156614069,-0.591712434,4260.928571,-0.781831482,0.623489802,-0.84257209,0.53858358,-0.974927912,-0.222520934,-0.907590986,-0.419855454
05-10-2010,34855,130,1166,20930,20382.83333,2010,10,40,1,FALSE,34855,5,40,10,4,2010,1,0,0,23529,0,23634,37072,7222,19327,22213,8673.845399,24834,0,21958.03571,21795,14270.36214,57628.5,0,17199.71667,15186,11919.78724,57628.5,0,19765.08353,18252.78815,0.481363424,0.474782094,-5262.071429,1.76E-14,1,-0.833182939,0.55299746,3.53E-14,1,-0.921496098,-0.388387618
06-10-2010,21884,63,738,21094,20572.03333,2010,10,40,2,FALSE,21884,6,40,10,4,2010,2,0,0,34855,20343,20736,14626,16208,20930,22213,10456.21694,34855,0,21799.67857,21795,14101.03858,57628.5,0,18120.81667,15977,12186.84983,57628.5,0,23537.56265,19323.8986,-0.37214173,0.055362654,-1739.357143,0.781831482,0.623489802,-0.823547235,0.567247699,0.974927912,-0.222520934,-0.934310548,-0.356460096
07-10-2010,30072,121,1360,21842.28571,21049.56667,2010,10,40,3,FALSE,30072,7,40,10,4,2010,3,0,0,21884,23529,24834,21377,15746,21094,22213,10461.66848,34855,0,22318.10714,22048.5,13949.61662,57628.5,0,18310.01667,18044.5,12200.18193,57628.5,0,23124.17198,19489.06643,0.374154634,0.210920512,-2448.214286,0.974927912,-0.222520934,-0.81366783,0.58133008,-0.433883739,-0.900968868,-0.94601917,-0.324110677
08-10-2010,41441,78,995,24589.14286,22090.66667,2010,10,40,4,FALSE,41441,8,40,10,4,2010,4,0,0,30072,34855,22213,28035,10208,21842.28571,22213,10949.70629,34855,0,22939.17857,22871,14097.27307,57628.5,0,18787.55,20539.5,12375.47305,57628.5,0,24861.12899,20171.83634,0.378059324,0.865619232,-2193.785714,0.433883739,-0.900968868,-0.803547649,0.595240436,-0.781831482,0.623489802,-0.956608105,-0.291377647
09-10-2010,0,0,0,24589.14286,21650.66667,2010,10,40,5,TRUE,0,9,40,10,4,2010,5,1,0,41441,21884,0,0,13200,24589.14286,23529,13232.10748,41441,0,23896.75,22871,14902.35707,57628.5,0,19828.65,21056.5,12930.14535,57628.5,0,29006.09674,21544.04045,-1,0,1384.785714,-0.433883739,-0.900968868,-0.793189684,0.608974651,0.781831482,0.623489802,-0.966064822,-0.258299749
10-10-2010,12414,68,897,23456.42857,21716.8,2010,10,40,6,TRUE,12414,10,40,10,4,2010,6,1,0,0,30072,20343,13385,10430,24589.14286,23529,13232.10748,41441,0,23896.75,22871,14902.35707,57628.5,0,19388.65,21056.5,13380.24723,57628.5,0,21754.57256,20154.10235,0,-0.389765521,1384.785714,-0.974927912,-0.222520934,-0.782597002,0.62252866,0.433883739,-0.900968868,-0.974378126,-0.224916134
11-10-2010,24913,91,1130,23654.14286,22547.23333,2010,10,41,0,FALSE,24913,11,41,10,4,2010,0,0,0,12414,41441,23529,57628.5,0,23456.42857,23529,13974.70986,41441,0,23827.39286,22871,14957.20181,57628.5,0,19454.78333,21056.5,13339.28162,57628.5,0,19419.42942,19654.74091,1.006847108,0.058821029,-741.9285714,-0.781831482,0.623489802,-0.771772737,0.635898453,-0.974927912,-0.222520934,-0.981538179,-0.191266314
12-10-2010,29531,110,1134,22893.57143,23222.33333,2010,10,41,1,FALSE,29531,12,41,10,4,2010,1,0,0,24913,0,34855,23634,9278,23654.14286,24913,13985.69383,41441,0,21490.57143,22871,11403.5957,41441,0,20285.21667,21425,12852.97703,57628.5,0,20792.82206,19993.98343,0.18536507,-0.152747095,4327.142857,-3.92E-15,1,-0.760720091,0.649080074,-7.83E-15,1,-0.987536507,-0.157390115
13-10-2010,40097,86,1035,25495.42857,23612.06667,2010,10,41,2,FALSE,40097,13,41,10,4,2010,2,0,0,29531,12414,21884,20736,28405,22893.57143,24913,13407.87553,41441,0,21911.78571,22871,11596.14073,41441,0,20960.31667,21678.5,12786.60995,57628.5,0,22977.36655,20609.27482,0.357793505,0.832251874,1963.571429,0.781831482,0.623489802,-0.749442337,0.662069622,0.974927912,-0.222520934,-0.992366009,-0.123327633
14-10-2010,37123,99,1014,26502.71429,24470.03333,2010,10,41,3,FALSE,37123,14,41,10,4,2010,3,0,0,40097,24913,30072,24834,11384,25495.42857,29531,14867.06569,41441,0,23294.71429,24181.5,12559.58385,41441,0,21350.05,21678.5,13193.07159,57628.5,0,27257.27491,21866.54742,-0.074170137,0.234470604,4401.428571,0.974927912,-0.222520934,-0.73794281,0.674863252,-0.433883739,-0.900968868,-0.996020969,-0.089119183
15-10-2010,22350,117,1081,23775.42857,24499.26667,2010,10,41,4,FALSE,22350,15,41,10,4,2010,4,0,0,37123,29531,41441,22213,21473,26502.71429,29531,15456.01767,41441,0,24172.5,24221,13093.52712,41441,0,22208.01667,22048.5,13358.50188,57628.5,0,29723.70618,22850.83468,-0.397947364,-0.460679038,4660.428571,0.433883739,-0.900968868,-0.726224915,0.687457179,-0.781831482,0.623489802,-0.998497063,-0.054805253
16-10-2010,0,0,0,23775.42857,24018.66667,2010,10,41,5,TRUE,0,16,41,10,4,2010,5,1,0,22350,40097,0,0,14418,23775.42857,24913,13996.17172,40097,0,24182.28571,24221,13092.0011,41441,0,22237.25,22281.5,13357.79751,57628.5,0,27880.27964,22818.52277,-1,0,-813.7142857,-0.433883739,-0.900968868,-0.714292117,0.699847677,0.781831482,0.623489802,-0.999791358,-0.020426458
17-10-2010,18978,71,1118,24713.14286,24256.5,2010,10,41,6,TRUE,18978,17,41,10,4,2010,6,1,0,0,37123,12414,20343,11843,23775.42857,24913,13996.17172,40097,0,24182.28571,24221,13092.0011,41441,0,21756.65,22281.5,13897.30462,57628.5,0,20910.20973,21346.36001,0,0.528757854,-813.7142857,-0.974927912,-0.222520934,-0.702147949,0.712031079,0.433883739,-0.900968868,-0.999902324,0.013976514
18-10-2010,19725,104,1194,23972,24914,2010,10,42,0,FALSE,19725,18,42,10,4,2010,0,0,0,18978,22350,24913,23529,0,24713.14286,24913,13311.24238,40097,0,24084.78571,24221,13127.82657,41441,0,21994.48333,22281.5,13782.37342,57628.5,0,20427.1573,21193.56259,0.039361366,-0.208244692,1256.714286,-0.781831482,0.623489802,-0.689796005,0.724003779,-0.974927912,-0.222520934,-0.998829828,0.048362944
19-10-2010,27244,78,1089,23645.28571,25365.56667,2010,10,42,1,FALSE,27244,19,42,10,4,2010,1,0,0,19725,0,29531,34855,13697,23972,22350,13442.0461,40097,0,23813.07143,23631.5,13179.48005,41441,0,22651.98333,22281.5,13153.05755,57628.5,0,20251.61797,21098.81661,0.381191381,-0.077444042,317.8571429,-2.55E-14,1,-0.677239938,0.735762235,-5.10E-14,1,-0.996575141,0.082692132
20-10-2010,24039,108,1078,21351.28571,25331.3,2010,10,42,2,FALSE,24039,20,42,10,4,2010,2,0,0,27244,18978,40097,21884,25067,23645.28571,22350,13311.57346,40097,0,23269.42857,23631.5,12841.61638,41441,0,23103.55,22939.5,13067.2825,57628.5,0,21999.71348,21495.28006,-0.117640581,-0.400478839,751.7142857,0.781831482,0.623489802,-0.664483466,0.747302967,0.974927912,-0.222520934,-0.99314093,0.116923448
21-10-2010,17798,96,1063,18590.57143,24688.83333,2010,10,42,3,FALSE,17798,21,42,10,4,2010,3,0,0,24039,19725,37123,30072,37072,21351.28571,22350,11223.83612,37123,0,23423.35714,24476,12836.64693,41441,0,23069.28333,22939.5,13063.30342,57628.5,0,22509.53511,21659.39102,-0.259619785,-0.520566765,-4144.142857,0.974927912,-0.222520934,-0.651530362,0.75862256,-0.433883739,-0.900968868,-0.988531261,0.151016376
22-10-2010,23118,88,1083,18700.28571,24971.9,2010,10,42,4,FALSE,23118,22,42,10,4,2010,4,0,0,17798,27244,22350,41441,14626,18590.57143,19725,8816.415066,27244,0,22546.64286,23194.5,12766.58185,41441,0,22426.81667,22281.5,12822.62876,57628.5,0,21331.65133,21410.26902,0.29890999,0.034362416,-7912.142857,0.433883739,-0.900968868,-0.638384459,0.769717664,-0.781831482,0.623489802,-0.982751589,0.184930565
23-10-2010,0,0,0,18700.28571,24259.33333,2010,10,42,5,TRUE,0,23,42,10,4,2010,5,1,0,23118,24039,0,0,21377,18700.28571,19725,8875.575976,27244,0,21237.85714,22734,11563.07716,40097,0,22709.88333,22734,12737.93632,57628.5,0,21778.2385,21520.44521,-1,0,-5075.142857,-0.433883739,-0.900968868,-0.625049649,0.780584997,0.781831482,0.623489802,-0.975808756,0.218625874
24-10-2010,15445,83,1044,18195.57143,23839.66667,2010,10,42,6,TRUE,15445,24,42,10,4,2010,6,1,0,0,17798,18978,12414,28035,18700.28571,19725,8875.575976,27244,0,21237.85714,22734,11563.07716,40097,0,21997.31667,22734,13395.99183,57628.5,0,16333.67887,20132.02939,0,-0.186162925,-5075.142857,-0.974927912,-0.222520934,-0.611529876,0.791221341,0.433883739,-0.900968868,-0.967710977,0.252062422
25-10-2010,14485,73,996,17447,24322.5,2010,10,43,0,FALSE,14485,25,43,10,4,2010,0,0,0,15445,23118,19725,24913,0,18195.57143,19725,8957.228903,27244,0,21454.35714,22734,11412.55153,40097,0,21577.65,22281.5,13397.53059,57628.5,0,16111.50916,19829.6404,-0.062156038,-0.265652725,-6517.571429,-0.781831482,0.623489802,-0.597829141,0.801623551,-0.974927912,-0.222520934,-0.958467839,0.285200635
26-10-2010,25974,104,1149,17265.57143,24742.13333,2010,10,43,1,FALSE,25974,26,43,10,4,2010,1,0,0,14485,0,27244,29531,13385,17447,17798,9026.796885,27244,0,20709.5,21037.5,11509.34296,40097,0,22060.48333,22281.5,12842.59858,57628.5,0,15704.88187,19484.82489,0.793165343,-0.046615769,-6525,9.80E-15,1,-0.5839515,0.811788547,1.96E-14,1,-0.94809028,0.318001292
27-10-2010,16197,72,962,16145.28571,21099.06667,2010,10,43,2,FALSE,16197,27,43,10,4,2010,2,0,0,25974,15445,24039,40097,57628.5,17265.57143,17798,8807.160701,25974,0,20455.42857,21037.5,11337.60606,40097,0,22480.11667,22734,12754.72414,57628.5,0,18272.1614,19903.48135,-0.376414876,-0.326219893,-6379.714286,0.781831482,0.623489802,-0.569901058,0.821713323,0.974927912,-0.222520934,-0.936590583,0.350425569
28-10-2010,14298,63,883,15645.28571,20787.86667,2010,10,43,3,FALSE,14298,28,43,10,4,2010,3,0,0,16197,14485,17798,37123,23634,16145.28571,16197,8285.265108,25974,0,18748.28571,19351.5,9855.022994,37123,0,21099.06667,22281.5,10930.27491,41441,0,17753.37105,19664.35352,-0.117243934,-0.196651309,-5206,0.974927912,-0.222520934,-0.555681972,0.83139494,-0.433883739,-0.900968868,-0.92398236,0.382435091
29-10-2010,25578,83,972,15996.71429,20949.26667,2010,10,43,4,FALSE,25578,29,43,10,4,2010,4,0,0,14298,25974,23118,22350,20736,15645.28571,15445,8274.506102,25974,0,17117.92857,18388,8355.289586,27244,0,20787.86667,22048.5,10988.36318,41441,0,16889.52829,19318.13716,0.788921527,0.106410589,-2945.285714,0.433883739,-0.900968868,-0.541298452,0.840830533,-0.781831482,0.623489802,-0.910280532,0.413991972
30-10-2010,0,0,0,15996.71429,20121.46667,2010,10,43,5,TRUE,0,30,43,10,4,2010,5,1,0,25578,16197,0,0,24834,15996.71429,15445,8686.748024,25974,0,17348.5,18388,8552.980522,27244,0,20949.26667,22281.5,11023.08053,41441,0,19061.64622,19721.99928,-1,0,-2703.571429,-0.433883739,-0.900968868,-0.526754753,0.850017312,0.781831482,0.623489802,-0.895501318,0.445058861
31-10-2010,16352,83,1149,16126.28571,19926.1,2010,10,43,6,TRUE,16352,31,43,10,4,2010,6,1,0,0,14298,15445,18978,22213,15996.71429,15445,8686.748024,25974,0,17348.5,18388,8552.980522,27244,0,20121.46667,22048.5,11636.68969,41441,0,14296.23466,18449.61223,0,0.058724506,-2703.571429,-0.974927912,-0.222520934,-0.512055178,0.858952557,0.433883739,-0.900968868,-0.879662209,0.475598989
01-11-2010,14127,62,1115,16075.14286,20397,2010,11,44,0,FALSE,14127,1,44,11,4,2010,0,0,0,16352,25578,14485,19725,0,16126.28571,16197,8683.911037,25974,0,17160.92857,17075,8543.285105,27244,0,19926.1,21113.5,11649.55702,41441,0,14810.176,18314.28241,-0.136068982,-0.024715223,-2069.285714,-0.781831482,0.623489802,-0.497204078,0.867633623,-0.974927912,-0.222520934,-0.862781952,0.505576209
02-11-2010,24166,91,1048,15816.85714,20524.43333,2010,11,44,1,FALSE,24166,2,44,11,4,2010,1,0,0,14127,0,25974,27244,20343,16075.14286,16197,8696.233676,25974,0,16761.07143,16274.5,8545.049061,27244,0,20397,21113.5,11088.33012,41441,0,14639.382,18044.13516,0.710625044,-0.06960807,-1371.857143,-1.18E-14,1,-0.482205848,0.876057943,-2.35E-14,1,-0.844880527,0.534955041
03-11-2010,23637,87,1027,16879.71429,20528.03333,2010,11,44,2,FALSE,23637,3,44,11,4,2010,2,0,0,24166,16352,16197,24039,23529,15816.85714,16197,8374.111862,25578,0,16541.21429,16274.5,8290.386835,25974,0,20524.43333,22117,11109.63569,41441,0,17021.0365,18439.09418,-0.021890259,0.459344323,-1448.714286,0.781831482,0.623489802,-0.467064925,0.884223024,0.974927912,-0.222520934,-0.82597912,0.563700712
04-11-2010,57628.5,132,1361,23447,21375.16667,2010,11,44,3,FALSE,60269,4,44,11,4,2010,3,0,0,23637,14127,14298,17798,34855,16879.71429,16352,8886.853262,25578,0,16512.5,16274.5,8263.07133,25974,0,20528.03333,22117,11110.66032,41441,0,18675.02737,18774.44294,1.438063206,3.030528745,734.4285714,0.974927912,-0.222520934,-0.45178579,0.892126448,-0.433883739,-0.900968868,-0.806100104,0.5917792
05-11-2010,22449,75,1033,23000,21394,2010,11,44,4,FALSE,22449,5,44,11,4,2010,4,0,0,57628.5,24166,25578,23118,21884,23069.78571,23637,17604.14896,57628.5,0,19357.53571,16274.5,13764.98421,57628.5,0,21287.15,22117,12776.39434,57628.5,0,28413.39553,21281.1563,-0.610453161,-0.122331691,7424.5,0.433883739,-0.900968868,-0.436372964,0.899765879,-0.781831482,0.623489802,-0.785267007,0.619157272
06-11-2010,0,0,0,23000,20391.6,2010,11,44,5,TRUE,0,6,44,11,4,2010,5,1,0,22449,23637,0,0,30072,22622.78571,22449,17569.53773,57628.5,0,19309.75,16274.5,13752.08058,57628.5,0,21305.98333,22399.5,12777.72084,57628.5,0,26922.29665,21356.50106,-1,0,6626.071429,-0.433883739,-0.900968868,-0.420831009,0.907139053,0.781831482,0.623489802,-0.763504486,0.645802524
07-11-2010,18428,82,1106,23296.57143,19624.5,2010,11,44,6,TRUE,18428,7,44,11,4,2010,6,1,0,0,57628.5,16352,15445,41441,22622.78571,22449,17569.53773,57628.5,0,19309.75,16274.5,13752.08058,57628.5,0,20303.58333,21037.5,13237.60585,57628.5,0,20191.72249,19978.66228,0,0.126956947,6626.071429,-0.974927912,-0.222520934,-0.405164522,0.914243791,0.433883739,-0.900968868,-0.740838298,0.67168342
08-11-2010,32397,82,1216,25906.57143,20704.4,2010,11,45,0,FALSE,32397,8,45,11,4,2010,0,0,0,18428,22449,14127,14485,0,22919.35714,22449,17463.24582,57628.5,0,19522.82143,17390,13710.64146,57628.5,0,19536.48333,19351.5,12623.00337,57628.5,0,19750.79186,19878.61955,0.758031257,1.29326821,6793.071429,-0.781831482,0.623489802,-0.389378142,0.92107799,-0.974927912,-0.222520934,-0.717295272,0.696769326
09-11-2010,35361,121,1109,27505.85714,21469.3,2010,11,45,1,FALSE,35361,9,45,11,4,2010,1,0,0,32397,0,24166,25974,12414,25529.35714,23637,17294.62922,57628.5,0,20802.25,20438.5,14036.24338,57628.5,0,20616.38333,21037.5,12275.0088,57628.5,0,22912.3439,20686.257,0.091489953,0.463254159,9454.214286,2.35E-14,1,-0.373476537,0.927639626,4.71E-14,1,-0.692903271,0.721030552
10-11-2010,35184,131,1478,29155.42857,21811.66667,2010,11,45,2,FALSE,35184,10,45,11,4,2010,2,0,0,35361,18428,23637,16197,24913,27128.64286,23637,17661.27427,57628.5,0,21472.75,20438.5,14518.22697,57628.5,0,21381.28333,22399.5,12459.82767,57628.5,0,26024.50792,21633.01461,-0.005005515,0.488513771,11311.78571,0.781831482,0.623489802,-0.357464416,0.933926759,0.974927912,-0.222520934,-0.667691166,0.744438383
11-11-2010,34397,129,1274,25459.42857,21973.86667,2010,11,45,3,FALSE,34397,11,45,11,4,2010,3,0,0,35184,32397,57628.5,14298,29531,28778.21429,32397,17819.33997,57628.5,0,22828.96429,23043,14870.05324,57628.5,0,21723.65,22399.5,12699.03251,57628.5,0,28314.38094,22507.27173,-0.022368122,-0.40312519,11898.5,0.974927912,-0.222520934,-0.341346514,0.939937528,-0.433883739,-0.900968868,-0.641688798,0.766965114
12-11-2010,23217,111,1275,25569.14286,21411.2,2010,11,45,4,FALSE,23217,12,45,11,4,2010,4,0,0,34397,35361,22449,25578,40097,25459.42857,32397,13085.00833,35361,0,24264.60714,23901.5,14953.07377,57628.5,0,21885.85,22399.5,12832.56525,57628.5,0,29835.03571,23274.35098,-0.325028345,0.034210878,2389.642857,0.433883739,-0.900968868,-0.325127603,0.945670155,-0.781831482,0.623489802,-0.614926941,0.788584084
13-11-2010,0,0,0,25569.14286,20173.76667,2010,11,45,5,TRUE,0,13,45,11,4,2010,5,1,0,23217,35184,0,0,37123,25569.14286,32397,13058.75315,35361,0,24095.96429,23427,14950.43532,57628.5,0,21323.18333,22399.5,12368.19525,57628.5,0,28180.52678,23270.65091,-1,0,2946.357143,-0.433883739,-0.900968868,-0.308812481,0.951122942,0.781831482,0.623489802,-0.587437272,0.809269703
14-11-2010,17295,90,1226,25407.28571,20005.26667,2010,11,45,6,TRUE,17295,14,45,11,4,2010,6,1,0,0,34397,18428,16352,22350,25569.14286,32397,13058.75315,35361,0,24095.96429,23427,14950.43532,57628.5,0,20085.75,21037.5,12588.03765,57628.5,0,21135.39509,21769.3186,0,-0.061482527,2946.357143,-0.974927912,-0.222520934,-0.292405977,0.956294277,0.433883739,-0.900968868,-0.559252325,0.828997489
15-11-2010,37969,103,1412,26203.28571,21270.9,2010,11,46,0,FALSE,37969,15,46,11,4,2010,0,0,0,17295,23217,32397,14127,0,25407.28571,32397,13168.57584,35361,0,24163.32143,23427,14914.9443,57628.5,0,19917.25,19351.5,12590.51607,57628.5,0,20175.29631,21480.65288,1.195374386,0.171991234,2487.928571,-0.781831482,0.623489802,-0.275912945,0.961182629,-0.974927912,-0.222520934,-0.53040546,0.847744094
16-11-2010,39307,108,1366,26767,21948.53333,2010,11,46,1,FALSE,39307,16,46,11,4,2010,1,0,0,37969,0,35361,24166,18978,26203.28571,34397,13814.08451,37969,0,25866.32143,23901.5,15041.45148,57628.5,0,21182.88333,21087,12426.64789,57628.5,0,24623.72224,22544.41721,0.035239274,0.111591867,673.9285714,-5.49E-14,1,-0.259338266,0.965786552,-1.10E-13,1,-0.500930819,0.865487328
17-11-2010,28549,119,1265,25819.14286,22242.66667,2010,11,46,2,FALSE,28549,17,46,11,4,2010,2,0,0,39307,17295,35184,23637,19725,26767,34397,14321.2707,39307,0,26947.82143,28017,15448.61002,57628.5,0,21860.51667,22783.5,12849.3556,57628.5,0,28294.54168,23625.87417,-0.273691709,-0.188580036,-361.6428571,0.781831482,0.623489802,-0.242686845,0.970104683,0.974927912,-0.222520934,-0.470863289,0.882206191
18-11-2010,21366,104,1207,23957.57143,22046.73333,2010,11,46,3,FALSE,21366,18,46,11,4,2010,3,0,0,28549,37969,34397,57628.5,27244,25819.14286,28549,13884.24388,39307,0,27298.67857,30473,15423.39131,57628.5,0,22154.65,23167.5,12899.68215,57628.5,0,28358.15626,23943.49519,-0.251602508,-0.378841178,-2959.071429,0.974927912,-0.222520934,-0.225963608,0.974135744,-0.433883739,-0.900968868,-0.440238455,0.897880895
19-11-2010,25313,108,1120,24257,22089.2,2010,11,46,4,FALSE,25313,19,46,11,4,2010,4,0,0,21366,39307,23217,22449,24039,23957.57143,23217,13407.87132,39307,0,24708.5,25883,12751.54666,39307,0,21958.71667,22783.5,12864.30637,57628.5,0,26610.11719,23777.20517,0.184732753,0.090278675,-1501.857143,0.433883739,-0.900968868,-0.209173506,0.977878543,-0.781831482,0.623489802,-0.409092566,0.912492889
20-11-2010,0,0,0,24257,21495.93333,2010,11,46,5,TRUE,0,20,46,11,4,2010,5,1,0,25313,28549,0,0,17798,24257,25313,13411.97983,39307,0,24913.07143,26931,12735.47268,39307,0,22001.18333,22783.5,12873.50997,57628.5,0,26285.83789,23876.28871,-1,0,-1312.142857,-0.433883739,-0.900968868,-0.192321505,0.981331972,0.781831482,0.623489802,-0.377462484,0.926024877
21-11-2010,17985,96,1286,24355.57143,21324.83333,2010,11,46,6,TRUE,17985,21,46,11,4,2010,6,1,0,0,21366,17295,18428,23118,24257,25313,13411.97983,39307,0,24913.07143,26931,12735.47268,39307,0,21407.91667,22783.5,13470.16738,57628.5,0,19714.37842,22335.88299,0,0.039895924,-1312.142857,-0.974927912,-0.222520934,-0.175412594,0.984495009,0.433883739,-0.900968868,-0.345385646,0.938460844
22-11-2010,19775,93,1338,21756.42857,21984,2010,11,47,0,FALSE,19775,22,47,11,4,2010,0,0,0,17985,25313,37969,32397,0,24355.57143,25313,13354.69795,39307,0,24881.42857,26931,12753.36288,39307,0,21236.81667,21907.5,13480.29288,57628.5,0,19282.03382,22055.18086,0.099527384,-0.479180384,-1051.714286,-0.781831482,0.623489802,-0.158451775,0.987366718,-0.974927912,-0.222520934,-0.312900018,0.94978607
23-11-2010,26947,132,1422,19990.71429,22367.4,2010,11,47,1,FALSE,26947,23,47,11,4,2010,1,0,0,19775,0,39307,35361,15445,21756.42857,21366,11961.43202,39307,0,23979.85714,24265,12626.71041,39307,0,21895.98333,21907.5,12875.97347,57628.5,0,19405.27536,21908.07242,0.362680152,-0.314447808,-4446.857143,-1.96E-14,1,-0.141444068,0.989946249,-3.92E-14,1,-0.280044048,0.959987151
24-11-2010,28754,133,1337,20020,22843.03333,2010,11,47,2,FALSE,28754,24,47,11,4,2010,2,0,0,26947,17985,28549,35184,14485,19990.71429,21366,9622.459677,28549,0,23378.85714,24265,12237.5724,39307,0,22279.38333,22833,12848.47744,57628.5,0,21290.70652,22233.16452,0.067057557,0.007180637,-6776.285714,0.781831482,0.623489802,-0.124394505,0.992232839,0.974927912,-0.222520934,-0.246856625,0.969052014
25-11-2010,38054,153,1238,22404,23245.7,2010,11,47,3,FALSE,38054,25,47,11,4,2010,3,0,0,28754,19775,21366,34397,25974,20020,21366,9653.110898,28754,0,22919.57143,24265,11875.74733,39307,0,22755.01667,23427,12814.05377,57628.5,0,23156.52989,22653.86358,0.323433261,0.781054011,-5799.142857,0.974927912,-0.222520934,-0.107308132,0.994225812,-0.433883739,-0.900968868,-0.213377029,0.97696993
26-11-2010,17394,84,1161,21272.71429,23285.6,2010,11,47,4,FALSE,17394,26,47,11,4,2010,4,0,0,38054,26947,25313,23217,16197,22404,25313,11851.33289,38054,0,23180.78571,24265,12183.8423,39307,0,23157.68333,23427,13105.18727,57628.5,0,26880.89742,23647.42077,-0.542912703,-0.312843203,-1553.571429,0.433883739,-0.900968868,-0.090190004,0.995924577,-0.781831482,0.623489802,-0.179644884,0.983731526
27-11-2010,0,0,0,21272.71429,22809,2010,11,47,5,TRUE,0,27,47,11,4,2010,5,1,0,17394,28754,0,0,14298,21272.71429,19775,11905.20695,38054,0,22764.85714,23339.5,12281.51143,39307,0,23197.58333,23427,13085.07078,57628.5,0,24509.17306,23243.97427,-1,0,-2984.285714,-0.433883739,-0.900968868,-0.073045188,0.997328632,0.781831482,0.623489802,-0.145700115,0.989328801
28-11-2010,16298,91,1134,21031.71429,22499.66667,2010,11,47,6,TRUE,16298,28,47,11,4,2010,6,1,0,0,38054,17985,17295,25578,21272.71429,19775,11905.20695,38054,0,22764.85714,23339.5,12281.51143,39307,0,22720.98333,23427,13667.81281,57628.5,0,18381.8798,21744.36303,0,-0.093800389,-2984.285714,-0.974927912,-0.222520934,-0.055878757,0.998437562,0.433883739,-0.900968868,-0.1115829,0.993755129
29-11-2010,39991,107,1525,23919.71429,23832.7,2010,11,48,0,FALSE,39991,29,48,11,4,2010,0,0,0,16298,17394,19775,37969,0,21031.71429,19775,11999.55461,38054,0,22693.64286,23339.5,12318.50297,39307,0,22411.65,22833,13705.88303,57628.5,0,17860.90985,21392.98477,1.453736655,1.022300885,-3323.857143,-0.781831482,0.623489802,-0.03869579,0.999251037,-0.974927912,-0.222520934,-0.077333617,0.997005272
30-11-2010,26532,123,953,23860.42857,24172.03333,2010,11,48,1,FALSE,26532,30,48,11,4,2010,1,0,0,39991,0,26947,39307,16352,23919.71429,26947,13924.96105,39991,0,22838.07143,23339.5,12521.55586,39991,0,23744.68333,23427,13392.13332,57628.5,0,23393.43239,22592.85672,-0.336550724,-0.015400601,2163.285714,-4.12E-14,1,-0.021501373,0.999768819,-8.23E-14,1,-0.042992804,0.999075382
01-12-2010,26818,127,1340,23583.85714,24595.06667,2010,12,48,2,FALSE,26818,1,48,12,4,2010,2,0,0,26532,16298,28754,28549,14127,23860.42857,26532,13910.80045,39991,0,21925.57143,23339.5,11665.28053,39991,0,24084.01667,23901.5,13327.17055,57628.5,0,24178.07429,22846.99499,0.010779436,-0.067329763,3869.714286,0.781831482,0.623489802,-0.004300593,0.999990752,0.974927912,-0.222520934,-0.008601106,0.99996301
02-12-2010,31264,142,923,22613.85714,24831.66667,2010,12,48,3,FALSE,31264,2,48,12,4,2010,3,0,0,26818,39991,38054,21366,24166,23583.85714,26532,13816.21608,39991,0,21801.92857,23339.5,11598.66051,39991,0,24507.05,24739.5,13201.03775,57628.5,0,24838.05572,23103.18886,0.165784175,-0.178430651,3563.857143,0.974927912,-0.222520934,0.01290146,0.999916773,-0.433883739,-0.900968868,0.025800772,0.999667105
03-12-2010,16158,68,1133,22437.28571,24582.36667,2010,12,48,4,FALSE,16158,3,48,12,4,2010,4,0,0,31264,26532,17394,25313,23637,22613.85714,26532,12834.46026,39991,0,22508.92857,25922.5,11868.57165,39991,0,24743.65,25922.5,13258.19877,57628.5,0,26444.54179,23629.69281,-0.483175537,-0.071058986,209.8571429,0.433883739,-0.900968868,0.030099695,0.999546902,-0.781831482,0.623489802,0.060172113,0.998188017
04-12-2010,0,0,0,22437.28571,22573.4,2010,12,48,5,TRUE,0,4,48,12,4,2010,5,1,0,16158,26818,0,0,57628.5,22437.28571,26532,12926.41457,39991,0,21855,23153.5,11954.09061,39991,0,24494.35,25922.5,13349.72479,57628.5,0,23872.90634,23147.64811,-1,0,1164.571429,-0.433883739,-0.900968868,0.047289023,0.998881248,0.781831482,0.623489802,0.094472236,0.995527497
05-12-2010,16242,88,1142,22429.28571,22366.5,2010,12,48,6,TRUE,16242,5,48,12,4,2010,6,1,0,0,31264,16298,17985,22449,22437.28571,26532,12926.41457,39991,0,21855,23153.5,11954.09061,39991,0,22573.4,24265,12539.09641,39991,0,17904.67976,21654.25146,0,-0.003436004,1164.571429,-0.974927912,-0.222520934,0.064464357,0.99792001,0.433883739,-0.900968868,0.128660544,0.991688693
06-12-2010,21619,102,1471,19804.71429,23087.13333,2010,12,49,0,FALSE,21619,6,49,12,4,2010,0,0,0,16242,16158,39991,19775,0,22429.28571,26532,12930.86391,39991,0,21730.5,23153.5,12006.45831,39991,0,22366.5,24265,12592.31586,39991,0,17489.00982,21305.07395,0.331055289,-0.459403366,1397.571429,-0.781831482,0.623489802,0.081620615,0.996663471,-0.974927912,-0.222520934,0.162696572,0.98667615
07-12-2010,25180,84,1277,19611.57143,23312.2,2010,12,49,1,FALSE,25180,7,49,12,4,2010,1,0,0,21619,0,26532,26947,18428,19804.71429,21619,10386.43007,31264,0,21862.21429,24075.5,11993.4633,39991,0,23087.13333,24265,11865.83796,39991,0,18521.50736,21325.32724,0.164716222,-0.050957335,-4115,-5.88E-15,1,0.098752721,0.995112004,-1.18E-14,1,0.196540036,0.9804958
08-12-2010,23041,116,1200,19072,23000.33333,2010,12,49,2,FALSE,23041,8,49,12,4,2010,2,0,0,25180,16242,26818,28754,32397,19611.57143,21619,10252.1849,31264,0,21736,23399.5,11945.03676,39991,0,23312.2,25246.5,11838.42098,39991,0,20186.13052,21574.0158,-0.084948372,-0.140838243,-4248.857143,0.781831482,0.623489802,0.115855604,0.993266067,0.974927912,-0.222520934,0.23015088,0.973154958
09-12-2010,19898,107,1258,17448.28571,22484.9,2010,12,49,3,FALSE,19898,9,49,12,4,2010,3,0,0,23041,21619,31264,38054,35361,19072,21619,9903.149146,31264,0,21327.92857,22330,11783.33285,39991,0,23000.33333,24198.5,11713.41739,39991,0,20899.84789,21668.65995,-0.13640901,-0.36354913,-4511.857143,0.974927912,-0.222520934,0.132924203,0.991126206,-0.433883739,-0.900968868,0.263489322,0.964662312
10-12-2010,20973,77,1264,18136.14286,22011.2,2010,12,49,4,FALSE,20973,10,49,12,4,2010,4,0,0,19898,25180,16158,17394,35184,17448.28571,19898,8386.660573,25180,0,20031.07143,20758.5,10755.13338,39991,0,22484.9,23129,11488.8079,39991,0,20649.38592,21554.42382,0.05402553,0.297994801,-5165.571429,0.433883739,-0.900968868,0.149953468,0.988693055,-0.781831482,0.623489802,0.296515905,0.955027915
11-12-2010,0,0,0,18136.14286,20864.63333,2010,12,49,5,TRUE,0,11,49,12,4,2010,5,1,0,20973,23041,0,0,34397,18136.14286,20973,8460.330912,25180,0,20286.71429,21296,10730.13643,39991,0,22011.2,22330,11237.36909,39991,0,20730.28944,21516.91261,-1,0,-4301.142857,-0.433883739,-0.900968868,0.166938359,0.985967334,0.781831482,0.623489802,0.329191539,0.944263168
12-12-2010,10537,44,800,17321.14286,20441.96667,2010,12,49,6,TRUE,10537,12,49,12,4,2010,6,1,0,0,19898,16242,16298,23217,18136.14286,20973,8460.330912,25180,0,20286.71429,21296,10730.13643,39991,0,20864.63333,21492.5,11676.26813,39991,0,15547.71708,20128.7247,0,-0.351249846,-4301.142857,-0.974927912,-0.222520934,0.183873851,0.98294985,0.433883739,-0.900968868,0.361477548,0.932380814
13-12-2010,17701,70,1169,16761.42857,21032,2010,12,50,0,FALSE,17701,13,50,12,4,2010,0,0,0,10537,20973,21619,39991,0,17321.14286,20973,8934.696552,25180,0,19875.21429,21296,11001.89563,39991,0,20441.96667,21169.5,11816.83319,39991,0,14295.03781,19509.90375,0.679889912,-0.181229474,-5108.142857,-0.781831482,0.623489802,0.200754931,0.979641494,-0.974927912,-0.222520934,0.393335722,0.919394915
14-12-2010,20255,90,1010,16057.85714,21130.66667,2010,12,50,1,FALSE,20255,14,50,12,4,2010,1,0,0,17701,0,25180,26532,17295,16761.42857,19898,8741.210535,25180,0,18283.07143,20435.5,9356.756937,31264,0,21032,21169.5,11186.01894,39991,0,15146.52836,19393.20028,0.144285634,-0.195591739,-3043.285714,2.94E-14,1,0.217576605,0.976043247,5.88E-14,1,0.424728353,0.905320842
15-12-2010,18453,74,755,15402.42857,20480.13333,2010,12,50,2,FALSE,18453,15,50,12,4,2010,2,0,0,20255,10537,23041,26818,37969,16057.85714,19898,8127.321995,23041,0,17834.71429,20076.5,9077.296475,31264,0,21130.66667,21169.5,11164.95452,39991,0,16423.64627,19448.80026,-0.088965687,-0.199123302,-3553.714286,0.781831482,0.623489802,0.234333894,0.972156174,0.974927912,-0.222520934,0.455618284,0.890175252
16-12-2010,29860,121,922,16825.57143,20165.23333,2010,12,50,3,FALSE,29860,16,50,12,4,2010,3,0,0,18453,17701,19898,31264,39307,15402.42857,18453,7640.740537,20973,0,17237.21429,19175.5,8708.306443,31264,0,20480.13333,20614,10709.28488,39991,0,16930.9847,19384.55508,0.618165068,0.500653332,-3669.571429,0.974927912,-0.222520934,0.251021841,0.967981423,-0.433883739,-0.900968868,0.485968957,0.873976071
17-12-2010,16935,66,1368,16248.71429,19778.1,2010,12,50,4,FALSE,16935,17,50,12,4,2010,4,0,0,29860,20255,20973,16158,28549,16825.57143,18453,9353.425003,29860,0,17136.92857,19175.5,8540.820601,29860,0,20165.23333,20614,10266.33405,39991,0,20163.23853,20060.39024,-0.432853315,-0.192533257,-622.7142857,0.433883739,-0.900968868,0.267635505,0.963520231,-0.781831482,0.623489802,0.515744448,0.856742473
18-12-2010,0,0,0,16248.71429,19065.9,2010,12,50,5,TRUE,0,18,50,12,4,2010,5,1,0,16935,18453,0,0,21366,16248.71429,17701,9177.879361,29860,0,17192.42857,19175.5,8536.49345,29860,0,19778.1,20076.5,10157.69035,39991,0,19356.17889,19858.75216,-1,0,-1887.428571,-0.433883739,-0.900968868,0.284169972,0.958773918,0.781831482,0.623489802,0.544909516,0.838494853
19-12-2010,3734,23,390,15276.85714,18346.6,2010,12,50,6,TRUE,3734,19,50,12,4,2010,6,1,0,0,29860,10537,16242,25313,16248.71429,17701,9177.879361,29860,0,17192.42857,19175.5,8536.49345,29860,0,19065.9,19836.5,10772.91699,39991,0,14517.13417,18577.54234,0,-0.645629686,-1887.428571,-0.974927912,-0.222520934,0.300620349,0.953743889,0.433883739,-0.900968868,0.573429642,0.819254811
20-12-2010,14914,61,924,14878.71429,18843.73333,2010,12,51,0,FALSE,14914,20,51,12,4,2010,0,0,0,3734,16935,17701,21619,0,15276.85714,17701,10188.09491,29860,0,16299,19175.5,9266.911136,29860,0,18346.6,19114,11058.05308,39991,0,11821.35063,17619.89445,2.994108195,-0.157448732,-2044.285714,-0.781831482,0.623489802,0.316981767,0.948431631,-0.974927912,-0.222520934,0.601271069,0.799045118
21-12-2010,15605,55,821,14214.42857,18764.4,2010,12,51,1,FALSE,15605,21,51,12,4,2010,1,0,0,14914,0,20255,25180,17985,14878.71429,16935,10131.87412,29860,0,15820.07143,18077,9143.252892,29860,0,18843.73333,19114,10527.31482,39991,0,12594.51297,17445.32061,0.046332305,-0.229572945,-1882.714286,7.85E-15,1,0.333249386,0.942838717,1.57E-14,1,0.628400847,0.777889694
22-12-2010,3080,17,193,12018.28571,18207.9,2010,12,51,2,FALSE,3080,22,51,12,4,2010,2,0,0,15605,3734,18453,23041,19775,14214.42857,15605,9869.678766,29860,0,15136.14286,17318,8738.409166,29860,0,18764.4,19114,10542.96549,39991,0,13347.13473,17326.59025,-0.802627363,-0.833089471,-1843.428571,0.781831482,0.623489802,0.34941839,0.936966802,0.974927912,-0.222520934,0.654786863,0.755813578
23-12-2010,5752,27,785,8574.285714,17501.4,2010,12,51,3,FALSE,5752,23,51,12,4,2010,3,0,0,3080,14914,29860,19898,26947,12018.28571,14914,10461.93148,29860,0,13710.35714,16270,8974.669641,29860,0,18207.9,18077,10921.59809,39991,0,10780.35105,16407.4554,0.867532468,-0.807367716,-3384.142857,0.974927912,-0.222520934,0.365483996,0.930817624,-0.433883739,-0.900968868,0.680397889,0.732842898
24-12-2010,0,0,0,6155,16542.93333,2010,12,51,4,FALSE,0,24,51,12,4,2010,4,0,0,5752,15605,16935,20973,28754,8574.285714,5752,7007.420798,16935,0,12699.92857,15259.5,9020.643159,29860,0,17501.4,17547.5,11021.86096,39991,0,9523.263285,15720.00666,-1,-1,-8251.285714,0.433883739,-0.900968868,0.381441449,0.924393001,-0.781831482,0.623489802,0.705203612,0.709004842
25-12-2010,0,0,0,6155,15274.46667,2010,12,51,5,TRUE,0,25,51,12,4,2010,5,1,1,0,3080,0,0,38054,6155,3734,6548.15376,15605,0,11201.85714,12725.5,9278.848825,29860,0,16542.93333,17164.5,11257.30322,39991,0,7142.447463,14705.81268,0,0,-10093.71429,-0.433883739,-0.900968868,0.397286028,0.917694836,0.781831482,0.623489802,0.729174672,0.684327624
26-12-2010,0,0,0,5621.571429,14694.66667,2010,12,51,6,TRUE,0,26,51,12,4,2010,6,1,1,0,5752,3734,10537,17394,6155,3734,6548.15376,15605,0,11201.85714,12725.5,9278.848825,29860,0,15274.46667,16616.5,10887.75304,39991,0,5356.835598,13757.05058,0,-1,-10093.71429,-0.974927912,-0.222520934,0.413013043,0.91072511,0.433883739,-0.900968868,0.752282698,0.658840453
27-12-2010,0,0,0,3491,14694.66667,2010,12,52,0,FALSE,0,27,52,12,4,2010,0,0,0,0,0,14914,17701,0,5621.571429,3080,6919.788866,15605,0,10449.21429,10333,9752.200668,29860,0,14694.66667,16270,11228.78642,39991,0,4017.626698,12869.49893,0,-1,-9655.285714,-0.781831482,0.623489802,0.428617841,0.903485886,-0.974927912,-0.222520934,0.77450034,0.632573493
28-12-2010,0,0,0,1261.714286,14151.4,2010,12,52,1,FALSE,0,28,52,12,4,2010,1,0,0,0,0,15605,20255,16298,3491,0,5784.72647,15605,0,9184.857143,4743,9886.228688,29860,0,14694.66667,16270,11228.78642,39991,0,3013.220024,12039.20867,0,-1,-11387.71429,-1.37E-14,1,0.444095804,0.895979306,-2.74E-14,1,0.795801301,0.605557833
29-12-2010,0,0,0,821.7142857,12818.36667,2010,12,52,2,FALSE,0,29,52,12,4,2010,2,0,0,0,0,3080,18453,39991,1261.714286,0,2288.68388,5752,0,7738.071429,3407,9620.077654,29860,0,14151.4,16200,11538.52928,39991,0,2259.915018,11262.48553,0,-1,-12952.71429,0.781831482,0.623489802,0.459442352,0.888207591,0.974927912,-0.222520934,0.81616037,0.57782545
30-12-2010,0,0,0,0,11933.96667,2010,12,52,3,FALSE,0,30,52,12,4,2010,3,0,0,0,0,5752,29860,26532,821.7142857,0,2174.051649,5752,0,6420,1540,9297.817387,29860,0,12818.36667,15881.5,10732.25872,31264,0,1694.936263,10535.87356,0,-1,-11196.57143,0.974927912,-0.222520934,0.474652944,0.880173041,-0.433883739,-0.900968868,0.83555345,0.549409166
31-12-2010,0,0,0,0,11040.03333,2010,12,52,4,FALSE,0,31,52,12,4,2010,4,0,0,0,0,0,16935,26818,0,0,0,0,0,4287.142857,0,6515.885864,16935,0,11933.96667,15259.5,10656.1328,31264,0,1271.202197,9856.139784,0,0,-8574.285714,0.433883739,-0.900968868,0.489723078,0.871878034,-0.781831482,0.623489802,0.853957589,0.520342614
01-01-2011,0,0,0,0,9997.9,2011,1,52,5,TRUE,0,1,52,1,1,2011,5,1,1,0,0,0,0,31264,0,0,0,0,0,3077.5,0,5476.270443,15605,0,11040.03333,12725.5,10488.01192,31264,0,953.4016481,9220.259798,0,0,-6155,-0.433883739,-0.900968868,0.504648295,0.863325025,0.781831482,0.623489802,0.871351004,0.490660196
02-01-2011,0,0,0,0,9459.3,2011,1,52,6,TRUE,0,2,52,1,1,2011,6,1,0,0,0,0,3734,16158,0,0,0,0,0,3077.5,0,5476.270443,15605,0,9997.9,8144.5,9948.567183,29860,0,715.0512361,8625.404327,0,0,-6155,-0.974927912,-0.222520934,0.519424179,0.854516543,0.433883739,-0.900968868,0.887713108,0.460397044
03-01-2011,0,0,0,0,9459.3,2011,1,1,0,FALSE,0,3,1,1,1,2011,0,0,0,0,0,0,14914,0,0,0,0,0,0,2810.785714,0,5532.478206,15605,0,9459.3,4743,10040.52848,29860,0,536.2884271,8068.926629,0,0,-5621.571429,-0.781831482,0.623489802,0.534046357,0.845455196,-0.974927912,-0.222520934,0.903024535,0.429588977
04-01-2011,8630,36,819,1232.857143,9205.566667,2011,1,1,1,FALSE,8630,4,1,1,1,2011,1,0,0,0,0,0,15605,16242,0,0,0,0,0,1745.5,0,4327.311703,15605,0,9459.3,4743,10040.52848,29860,0,402.2163203,7548.350717,0,0,-3491,-3.53E-14,1,0.548510502,0.836143666,-7.06E-14,1,0.917267163,0.398272459
05-01-2011,19769,55,992,4057,9143.9,2011,1,1,2,FALSE,19769,5,1,1,1,2011,2,0,0,8630,0,0,3080,21619,1232.857143,0,3261.833402,8630,0,1247.285714,0,2707.09468,8630,0,9205.566667,4743,9959.063547,29860,0,2459.16224,7618.134542,1.290730012,0,-28.85714286,0.781831482,0.623489802,0.562812334,0.826584707,0.974927912,-0.222520934,0.930424135,0.366484554
06-01-2011,23124,50,998,7360.428571,9075.366667,2011,1,1,3,FALSE,23124,6,1,1,1,2011,3,0,0,19769,0,0,5752,25180,4057,0,7638.450083,19769,0,2439.357143,0,5650.522639,19769,0,9143.9,4743,9885.001123,29860,0,6786.62168,8402.061345,0.169710152,0,3235.285714,0.974927912,-0.222520934,0.57694762,0.816781148,-0.433883739,-0.900968868,0.942479879,0.334262887
07-01-2011,17160,53,1031,9811.857143,8879.333333,2011,1,1,4,FALSE,17160,7,1,1,1,2011,4,0,0,23124,8630,0,0,23041,7360.428571,0,10171.67862,23124,0,3680.214286,0,7895.44151,23124,0,9075.366667,4743,9776.520002,29860,0,10870.96626,9351.863839,-0.257913856,0,7360.428571,0.433883739,-0.900968868,0.590912179,0.806735891,-0.781831482,0.623489802,0.953420125,0.301645594
08-01-2011,0,0,0,9811.857143,8216.066667,2011,1,1,5,TRUE,0,8,1,1,1,2011,5,1,0,17160,19769,0,0,19898,9811.857143,8630,10169.95127,23124,0,4905.928571,0,8582.277557,23124,0,8879.333333,4743,9543.005141,29860,0,12443.2247,9855.614559,-1,0,9811.857143,-0.433883739,-0.900968868,0.604701877,0.796451907,0.781831482,0.623489802,0.963231926,0.268671281
09-01-2011,8125,48,640,10972.57143,7787.8,2011,1,1,6,TRUE,8125,9,1,1,1,2011,6,1,0,0,23124,0,0,20973,9811.857143,8630,10169.95127,23124,0,4905.928571,0,8582.277557,23124,0,8216.066667,3407,9441.714726,29860,0,9332.418521,9219.768459,0,0,9811.857143,-0.974927912,-0.222520934,0.618312634,0.785932241,0.433883739,-0.900968868,0.971903667,0.235378974
10-01-2011,12861,39,1096,12809.85714,8216.5,2011,1,2,0,FALSE,12861,10,2,1,1,2011,0,0,0,8125,17160,0,0,0,10972.57143,8630,9288.968329,23124,0,5486.285714,0,8499.322276,23124,0,7787.8,3407,9129.33866,29860,0,9030.563891,9149.138236,0.582892308,0,10972.57143,-0.781831482,0.623489802,0.631740422,0.775180004,-0.974927912,-0.222520934,0.979425086,0.201808078
11-01-2011,28437,58,943,15639.42857,8813.166667,2011,1,2,1,FALSE,28437,11,2,1,1,2011,1,0,0,12861,0,8630,0,10537,12809.85714,12861,7929.366335,23124,0,6404.928571,0,8555.576872,23124,0,8216.5,4743,9052.669497,29860,0,9988.172918,9388.613188,1.211103336,2.295133256,12809.85714,4.95E-18,1,0.644981268,0.76419838,9.90E-18,1,0.98578728,0.167998327
12-01-2011,10606,45,1078,14330.42857,8576.666667,2011,1,2,2,FALSE,10606,12,2,1,1,2011,2,0,0,28437,8125,19769,0,17701,15639.42857,17160,9556.325738,28437,0,8436.142857,4062.5,10145.85957,28437,0,8813.166667,4743,9772.194001,29860,0,14600.37969,10617.54137,-0.627035201,-0.463503465,14406.57143,0.781831482,0.623489802,0.658031254,0.752990616,0.974927912,-0.222520934,0.99098272,0.133989737
13-01-2011,10171,44,949,12480,8240.533333,2011,1,2,3,FALSE,10171,13,2,1,1,2011,3,0,0,10606,12861,23124,0,20255,14330.42857,12861,9523.898411,28437,0,9193.714286,8377.5,9859.415784,28437,0,8576.666667,4743,9634.564562,29860,0,13601.78477,10616.79677,-0.04101452,-0.560153953,10273.42857,0.974927912,-0.222520934,0.670886518,0.741560031,-0.433883739,-0.900968868,0.995005255,0.09982256
14-01-2011,23139,47,898,13334.14286,8396.733333,2011,1,2,4,FALSE,23139,14,2,1,1,2011,4,0,0,10171,28437,17160,0,18453,12480,10606,8758.169443,28437,0,9920.214286,9400.5,9497.961354,28437,0,8240.533333,4743,9385.772533,29860,0,12744.08857,10588.03568,1.274997542,0.348426573,5119.571429,0.433883739,-0.900968868,0.683543256,0.729910006,-0.781831482,0.623489802,0.997850124,0.065537235
15-01-2011,0,0,0,13334.14286,7401.4,2011,1,2,5,TRUE,0,15,2,1,1,2011,5,1,0,23139,10606,0,0,29860,13334.14286,10606,9546.711064,28437,0,11573,10388.5,9650.939946,28437,0,8396.733333,4743,9598.180388,29860,0,15342.81643,11397.77532,-1,0,3522.285714,-0.433883739,-0.900968868,0.695997722,0.718043989,0.781831482,0.623489802,0.999513962,0.031174342
16-01-2011,4086,25,422,12757.14286,6973.1,2011,1,2,6,TRUE,4086,16,2,1,1,2011,6,1,0,0,10171,8125,0,16935,13334.14286,10606,9546.711064,28437,0,11573,10388.5,9650.939946,28437,0,7401.4,3407,8811.707724,28437,0,11507.11232,10662.43497,0,-0.497107692,3522.285714,-0.974927912,-0.222520934,0.708246232,0.705965492,0.433883739,-0.900968868,0.999994798,-0.003225449
17-01-2011,13375,51,1211,12830.57143,7418.933333,2011,1,3,0,FALSE,13375,17,3,1,1,2011,0,0,0,4086,23139,12861,0,0,12757.14286,10606,10024.14275,28437,0,11864.85714,10388.5,9330.498609,28437,0,6973.1,3407,8642.993412,28437,0,9651.834243,10238.14885,2.273372491,0.039965788,1784.571429,-0.781831482,0.623489802,0.720285159,0.693678088,-0.974927912,-0.222520934,0.999292064,-0.037621422
18-01-2011,57628.5,41,892,20620.14286,10059.93333,2011,1,3,1,FALSE,82964,18,3,1,1,2011,1,0,0,13375,0,28437,8630,3734,12830.57143,10606,10026.9125,28437,0,12820.21429,11733.5,8684.57718,28437,0,7418.933333,3910,8615.815245,28437,0,10582.62568,10440.52634,3.308672897,1.026532335,20.71428571,-2.16E-14,1,0.732110943,0.681185413,-4.31E-14,1,0.99740659,-0.071972867
19-01-2011,17354,35,951,21584.14286,10141.26667,2011,1,3,2,FALSE,17354,19,3,1,1,2011,2,0,0,57628.5,4086,10606,19769,14914,17000.78571,10606,19342.49565,57628.5,0,16320.10714,13118,14673.94217,57628.5,0,9215.416667,4919,12544.1801,57628.5,0,22344.09426,13484.91174,-0.698864277,0.636243636,1361.357143,0.781831482,0.623489802,0.743720084,0.668491164,0.974927912,-0.222520934,0.99434061,-0.106239126
20-01-2011,10475,39,950,21627.57143,9970.266667,2011,1,3,3,FALSE,10475,20,3,1,1,2011,3,0,0,17354,13375,10171,23124,15605,17964.78571,13375,19137.74295,57628.5,0,16147.60714,13118,14644.44502,57628.5,0,9296.75,4919,12590.22803,57628.5,0,21096.5707,13734.53034,-0.396392762,0.0298889,3634.357143,0.974927912,-0.222520934,0.755109146,0.655599099,-0.433883739,-0.900968868,0.990097751,-0.140379644
21-01-2011,15302,39,963,20508,10377.66667,2011,1,3,4,FALSE,15302,21,3,1,1,2011,4,0,0,10475,57628.5,23139,17160,3080,18008.21429,13375,19117.44327,57628.5,0,15244.10714,11733.5,14570.93274,57628.5,0,9125.75,4919,12536.3175,57628.5,0,18441.17802,13524.23806,0.460811456,-0.338692251,5528.214286,0.433883739,-0.900968868,0.766274759,0.64251303,-0.781831482,0.623489802,0.984683035,-0.174354011
22-01-2011,0,0,0,20508,10185.93333,2011,1,3,5,TRUE,0,22,3,1,1,2011,5,1,0,15302,17354,0,0,5752,16888.64286,13375,18995.98368,57628.5,0,15111.39286,11733.5,14560.59798,57628.5,0,9533.15,6938.5,12531.6622,57628.5,0,17656.38352,13638.93237,-1,0,3554.5,-0.433883739,-0.900968868,0.777213618,0.629236832,0.781831482,0.623489802,0.978102871,-0.208122017
23-01-2011,5200,27,568,20667.14286,10359.26667,2011,1,3,6,TRUE,5200,23,3,1,1,2011,6,1,0,0,10475,4086,8125,0,16888.64286,13375,18995.98368,57628.5,0,15111.39286,11733.5,14560.59798,57628.5,0,9341.416667,6105.5,12635.08412,57628.5,0,13242.28764,12759.00125,0,0.272638277,3554.5,-0.974927912,-0.222520934,0.787922488,0.615774433,0.433883739,-0.900968868,0.970365047,-0.241643695
24-01-2011,11955,53,846,20464.28571,10757.76667,2011,1,4,0,FALSE,11955,24,4,1,1,2011,0,0,0,5200,15302,13375,12861,0,17047.78571,13375,18875.13266,57628.5,0,14902.46429,11733.5,14688.97567,57628.5,0,9514.75,6662.5,12537.80917,57628.5,0,11231.71573,12271.32375,1.299038462,-0.106168224,4290.642857,-0.781831482,0.623489802,0.798398199,0.602129816,-0.974927912,-0.222520934,0.961478722,-0.274879369
25-01-2011,15538,67,873,10832,11275.7,2011,1,4,1,FALSE,15538,25,4,1,1,2011,1,0,0,11955,0,57628.5,28437,0,16844.92857,11955,18928.73852,57628.5,0,14837.75,11280.5,14700.65257,57628.5,0,9913.25,8377.5,12414.34569,57628.5,0,11412.5368,12250.91577,0.299707235,-0.730376463,4014.357143,1.37E-14,1,0.808637651,0.588307019,2.75E-14,1,0.951454413,-0.307789702
26-01-2011,10931,56,761,9914.428571,11640.06667,2011,1,4,2,FALSE,10931,26,4,1,1,2011,2,0,0,15538,5200,17354,10606,0,10832,11955,6259.713066,17354,0,13916.39286,11280.5,14177.67905,57628.5,0,10431.18333,9400.5,12310.18785,57628.5,0,12443.9026,12462.98572,-0.296498906,-0.3701164,-6168.785714,0.781831482,0.623489802,0.818637814,0.574310133,0.974927912,-0.222520934,0.940303984,-0.340335742
27-01-2011,11266,52,855,10027.42857,12015.6,2011,1,4,3,FALSE,11266,27,4,1,1,2011,3,0,0,10931,11955,10475,10171,0,9914.428571,10931,5577.989508,15538,0,13939.60714,11443,14172.1067,57628.5,0,10795.55,10323,12151.54079,57628.5,0,12065.67695,12364.14793,0.030646784,0.075513126,-8050.357143,0.974927912,-0.222520934,0.828395729,0.560143299,-0.433883739,-0.900968868,0.928040634,-0.372478969
28-01-2011,9842,40,584,9247.428571,12343.66667,2011,1,4,4,FALSE,9842,28,4,1,1,2011,4,0,0,11266,15538,15302,23139,0,10027.42857,11266,5599.210119,15538,0,14017.82143,11610.5,14152.71662,57628.5,0,11171.08333,10540.5,11979.27093,57628.5,0,11865.75771,12293.29968,-0.126398012,-0.356816102,-7980.785714,0.433883739,-0.900968868,0.837908509,0.54581071,-0.781831482,0.623489802,0.914678876,-0.404181338
29-01-2011,0,0,0,9247.428571,12343.66667,2011,1,4,5,TRUE,0,29,4,1,1,2011,5,1,0,9842,10931,0,0,0,9247.428571,10931,5100.022936,15538,0,13068.03571,11098.5,13938.06168,57628.5,0,11499.15,10540.5,11796.15594,57628.5,0,11359.81828,12135.15131,-1,0,-7641.214286,-0.433883739,-0.900968868,0.847173337,0.531316606,0.781831482,0.623489802,0.900234525,-0.435405327
30-01-2011,3383,24,483,8987.857143,12456.43333,2011,1,4,6,TRUE,3383,30,4,1,1,2011,6,1,0,0,11266,5200,4086,0,9247.428571,10931,5100.022936,15538,0,13068.03571,11098.5,13938.06168,57628.5,0,11499.15,10540.5,11796.15594,57628.5,0,8519.863712,11352.23832,0,-0.349423077,-7641.214286,-0.974927912,-0.222520934,0.856187474,0.516665278,0.433883739,-0.900968868,0.884724678,-0.466113981
31-01-2011,13406,62,840,9195.142857,12903.3,2011,1,5,0,FALSE,13406,31,5,1,1,2011,0,0,0,3383,9842,11955,13375,0,8987.857143,10931,5378.96531,15538,0,13017.82143,11098.5,13974.12987,57628.5,0,11611.91667,10540.5,11698.20132,57628.5,0,7235.647784,10838.09392,2.962754951,0.121371811,-8059.928571,-0.781831482,0.623489802,0.864948251,0.50186106,-0.974927912,-0.222520934,0.868167691,-0.496270954
01-02-2011,15814,63,830,9234.571429,13430.43333,2011,2,5,1,FALSE,15814,1,5,2,1,2011,1,0,0,13406,0,15538,57628.5,0,9195.142857,10931,5537.973228,15538,0,13020.03571,11098.5,13974.19328,57628.5,0,12058.78333,10768.5,11493.59783,57628.5,0,8778.235838,11003.76528,0.179621065,0.017762904,-7649.785714,-7.84E-15,1,0.873453076,0.486908333,-1.57E-14,1,0.850583162,-0.525840551
02-02-2011,9706,63,795,9059.571429,13753.96667,2011,2,5,2,FALSE,9706,2,5,2,1,2011,2,0,0,15814,3383,10931,17354,0,9234.571429,10931,5591.383784,15814,0,10033.28571,11098.5,5762.055622,17354,0,12585.91667,11098.5,11282.16818,57628.5,0,10537.17688,11314.103,-0.38624004,-0.1120666,-1597.428571,0.781831482,0.623489802,0.881699432,0.471811522,0.974927912,-0.222520934,0.831991901,-0.554787776
03-02-2011,15712,46,598,9694.714286,13990.03333,2011,2,5,3,FALSE,15712,3,5,2,1,2011,3,0,0,9706,13406,11266,10475,8630,9059.571429,9842,5548.444763,15814,0,9487,10703,5363.358377,15814,0,12909.45,11098.5,11045.48692,57628.5,0,10329.38266,11210.35442,0.618792499,0.394638736,-854.8571429,0.974927912,-0.222520934,0.889684879,0.456575094,-0.433883739,-0.900968868,0.812415914,-0.583078367
04-02-2011,12695,52,739,10102.28571,13754.23333,2011,2,5,4,FALSE,12695,4,5,2,1,2011,4,0,0,15712,15814,9842,15302,19769,9694.714286,9842,6072.809199,15814,0,9861.071429,11098.5,5614.325351,15814,0,13145.51667,11610.5,11026.5345,57628.5,0,11675.03699,11500.78317,-0.192018839,0.289880106,-332.7142857,0.433883739,-0.900968868,0.897407054,0.441203559,-0.781831482,0.623489802,0.791878371,-0.61067884
05-02-2011,0,0,0,10102.28571,12983.43333,2011,2,5,5,TRUE,0,5,5,2,1,2011,5,1,0,12695,9706,0,0,23124,10102.28571,12695,6179.148936,15814,0,9674.857143,11098.5,5461.124326,15814,0,12909.71667,11610.5,10955.41719,57628.5,0,11930.02775,11577.82941,-1,0,854.8571429,-0.433883739,-0.900968868,0.904863671,0.425701464,0.781831482,0.623489802,0.770403579,-0.637556527
06-02-2011,2036,11,220,9909.857143,12479.3,2011,2,5,6,TRUE,2036,6,5,2,1,2011,6,1,0,0,15712,3383,5200,17160,10102.28571,12695,6179.148936,15814,0,9674.857143,11098.5,5461.124326,15814,0,12138.91667,11098.5,11025.23599,57628.5,0,8947.520809,10830.87268,0,-0.398167307,854.8571429,-0.974927912,-0.222520934,0.912052525,0.410073397,0.433883739,-0.900968868,0.748016955,-0.663679618
07-02-2011,9128,42,803,9298.714286,12783.56667,2011,2,6,0,FALSE,9128,7,6,2,1,2011,0,0,0,2036,12695,13406,11955,0,9909.857143,12695,6438.791979,15814,0,9448.857143,11098.5,5719.892103,15814,0,11634.78333,10768.5,11132.97706,57628.5,0,7219.640607,10263.46154,3.483300589,-0.319110846,922,-0.781831482,0.623489802,0.918971488,0.394323983,-0.974927912,-0.222520934,0.724744996,-0.689017192
08-02-2011,10100,45,758,8482.428571,12849.4,2011,2,6,1,FALSE,10100,8,6,2,1,2011,1,0,0,9128,0,15814,15538,8125,9298.714286,9706,6251.960618,15814,0,9246.928571,10386.5,5674.331536,15814,0,11939.05,10768.5,10926.85808,57628.5,0,7696.730455,10190.20595,0.106485539,-0.361325408,103.5714286,-2.94E-14,1,0.925618513,0.378457883,-5.88E-14,1,0.700615245,-0.713539262
09-02-2011,7164,29,602,8119.285714,12659.5,2011,2,6,2,FALSE,7164,9,6,2,1,2011,2,0,0,10100,2036,9706,10931,12861,8482.428571,9706,5598.376606,15712,0,8858.5,9971,5389.536697,15814,0,12004.88333,10768.5,10909.02143,57628.5,0,8297.547841,10184.38621,-0.290693069,-0.261899856,-752.1428571,0.781831482,0.623489802,0.931991632,0.36247979,0.974927912,-0.222520934,0.675656262,-0.737216804
10-02-2011,11876,41,504,7571.285714,12107.46667,2011,2,6,3,FALSE,11876,10,6,2,1,2011,3,0,0,7164,9128,15712,11266,28437,8119.285714,9128,5588.215896,15712,0,8589.428571,9774,5372.113589,15814,0,11814.98333,10540.5,10943.13682,57628.5,0,8014.160881,9989.522588,0.65773311,-0.244144603,-940.2857143,0.974927912,-0.222520934,0.93808896,0.346394434,-0.433883739,-0.900968868,0.649897588,-0.760021792
11-02-2011,10520,45,621,7260.571429,12104.6,2011,2,6,4,FALSE,10520,11,6,2,1,2011,4,0,0,11876,10100,12695,9842,10606,7571.285714,9128,4860.219567,12695,0,8633,9774,5397.904123,15814,0,11262.95,10540.5,10483.789,57628.5,0,8979.620661,10111.23081,-0.114179859,-0.171327294,-2123.428571,0.433883739,-0.900968868,0.943908692,0.330206574,-0.781831482,0.623489802,0.623369711,-0.781927237
12-02-2011,0,0,0,7260.571429,11765.56667,2011,2,6,5,TRUE,0,12,6,2,1,2011,5,1,0,10520,7164,0,0,10171,7260.571429,9128,4536.832039,11876,0,8681.428571,9903,5412.606719,15814,0,11260.08333,10497.5,10483.98659,57628.5,0,9364.715496,10137.60301,-1,0,-2841.714286,-0.433883739,-0.900968868,0.949449106,0.313921001,0.781831482,0.623489802,0.596104027,-0.802907211
13-02-2011,2723,20,425,7358.714286,11085.03333,2011,2,6,6,TRUE,2723,13,6,2,1,2011,6,1,0,0,11876,2036,3383,23139,7260.571429,9128,4536.832039,11876,0,8681.428571,9903,5412.606719,15814,0,10921.05,10497.5,10682.98734,57628.5,0,7023.536622,9483.56411,0,0.337426326,-2841.714286,-0.974927912,-0.222520934,0.954708563,0.297542533,0.433883739,-0.900968868,0.568132809,-0.822936882
14-02-2011,13567,42,713,7992.857143,11537.26667,2011,2,7,0,FALSE,13567,14,7,2,1,2011,0,0,0,2723,10520,9128,13406,0,7358.714286,9128,4410.650999,11876,0,8634.285714,9903,5464.926355,15814,0,10240.51667,10287.5,10526.97076,57628.5,0,5948.402466,9047.398684,3.982372383,0.486305872,-2551.142857,-0.781831482,0.623489802,0.959685507,0.281076018,-0.974927912,-0.222520934,0.539489162,-0.841992544
15-02-2011,22669,58,809,9788.428571,12156.7,2011,2,7,1,FALSE,22669,15,7,2,1,2011,1,0,0,13567,0,10100,15814,4086,7992.857143,10100,4988.662694,13567,0,8645.785714,9903,5475.898397,15814,0,10692.75,10497.5,10361.99646,57628.5,0,7853.05185,9338.985865,0.670892607,1.244455446,-1305.857143,-5.10E-14,1,0.964378464,0.264526328,-1.02E-13,1,0.510206988,-0.860051644
16-02-2011,16117,63,698,11067.42857,12248.1,2011,2,7,2,FALSE,16117,16,7,2,1,2011,2,0,0,22669,2723,7164,9706,13375,9788.428571,10520,7502.234264,22669,0,9135.428571,9903,6395.441667,22669,0,11312.18333,10725.5,10507.84376,57628.5,0,11557.03889,10198.98678,-0.289029071,1.249720826,1306,0.781831482,0.623489802,0.968786046,0.24789836,0.974927912,-0.222520934,0.480320945,-0.877092806
17-02-2011,14413,68,875,11429.85714,9963.066667,2011,2,7,3,FALSE,14413,17,7,2,1,2011,3,0,0,16117,13567,11876,15712,57628.5,11067.42857,11876,7739.653499,22669,0,9593.357143,10310,6663.348495,22669,0,11403.58333,10725.5,10538.28663,57628.5,0,12697.02917,10580.79408,-0.105726872,0.213624116,2948.142857,0.974927912,-0.222520934,0.972906949,0.231197035,-0.433883739,-0.900968868,0.449866405,-0.893095862
18-02-2011,9149,39,594,11234,9689.566667,2011,2,7,4,FALSE,9149,18,7,2,1,2011,4,0,0,14413,22669,10520,12695,17354,11429.85714,13567,7842.544197,22669,0,9500.571429,10310,6580.118127,22669,0,9963.066667,10725.5,5961.572599,22669,0,13126.02187,10828.03317,-0.365225838,-0.130323194,3858.571429,0.433883739,-0.900968868,0.976739953,0.214427296,-0.781831482,0.623489802,0.418879413,-0.90804187
19-02-2011,0,0,0,11234,9340.4,2011,2,7,5,TRUE,0,19,7,2,1,2011,5,1,0,9149,16117,0,0,10475,11234,13567,7886.052519,22669,0,9247.285714,9624.5,6515.629061,22669,0,9689.566667,10497.5,5796.737576,22669,0,12131.76641,10719.70845,-1,0,3973.428571,-0.433883739,-0.900968868,0.980283923,0.197594104,0.781831482,0.623489802,0.387396646,-0.92191314
20-02-2011,5218,26,593,11590.42857,9004.266667,2011,2,7,6,TRUE,5218,20,7,2,1,2011,6,1,0,0,14413,2723,2036,15302,11234,13567,7886.052519,22669,0,9247.285714,9624.5,6515.629061,22669,0,9340.4,10310,6057.415248,22669,0,9098.824804,10028.11436,0,0.916268821,3973.428571,-0.974927912,-0.222520934,0.983537812,0.18070244,0.433883739,-0.900968868,0.355455365,-0.934693256
21-02-2011,21533,38,811,12728.42857,9722.033333,2011,2,8,0,FALSE,21533,21,8,2,1,2011,0,0,0,5218,9149,13567,9128,0,11590.42857,13567,7483.368133,22669,0,9474.571429,9624.5,6296.542186,22669,0,9004.266667,9971,5994.652916,22669,0,8128.618603,9717.7844,3.126676888,0.587160021,4231.714286,-0.781831482,0.623489802,0.986500657,0.163757304,-0.974927912,-0.222520934,0.323093376,-0.946367091
22-02-2011,21893,52,893,12617.57143,10278.46667,2011,2,8,1,FALSE,21893,22,8,2,1,2011,1,0,0,21533,0,22669,10100,5200,12728.42857,14413,8385.377906,22669,0,10360.64286,10310,7069.422984,22669,0,9722.033333,10310,6166.026818,22669,0,11479.71395,10480.05637,0.016718525,-0.03423177,4735.571429,-1.57E-14,1,0.989171579,0.146763709,-3.14E-14,1,0.29034898,-0.956920827
23-02-2011,13742,63,860,12278.28571,10338.03333,2011,2,8,2,FALSE,13742,23,8,2,1,2011,2,0,0,21893,5218,16117,7164,11955,12617.57143,14413,8235.854132,21893,0,11203,11198,7709.589663,22669,0,10278.46667,10725.5,6488.642113,22669,0,14083.03546,11216.37532,-0.372310784,-0.147359931,2829.142857,0.781831482,0.623489802,0.991549791,0.129726685,0.974927912,-0.222520934,0.257260934,-0.966341974
24-02-2011,11891,55,775,11918,10216.46667,2011,2,8,3,FALSE,11891,24,8,2,1,2011,3,0,0,13742,21533,14413,11876,15538,12278.28571,13742,8115.707973,21893,0,11672.85714,12721.5,7644.672985,22669,0,10338.03333,10725.5,6512.721426,22669,0,13997.7766,11379.31885,-0.134696551,-0.17498092,1210.857143,0.974927912,-0.222520934,0.993634586,0.112651272,-0.433883739,-0.900968868,0.2238684,-0.974619382
25-02-2011,10572,49,592,12121.28571,10204.5,2011,2,8,4,FALSE,10572,25,8,2,1,2011,4,0,0,11891,21893,9149,10520,10931,11918,11891,8060.941219,21893,0,11673.92857,12729,7644.704698,22669,0,10216.46667,10725.5,6446.007504,22669,0,13471.08245,11412.33053,-0.110924228,0.155536124,488.1428571,0.433883739,-0.900968868,0.995425349,0.095542524,-0.781831482,0.623489802,0.190210901,-0.981743252
26-02-2011,0,0,0,12121.28571,9828.966667,2011,2,8,5,TRUE,0,26,8,2,1,2011,5,1,0,10572,13742,0,0,11266,12121.28571,11891,7997.163241,21893,0,11677.64286,12729,7644.113528,22669,0,10204.5,10546,6444.968418,22669,0,12746.31184,11358.11566,-1,0,887.2857143,-0.433883739,-0.900968868,0.99692155,0.078405504,0.781831482,0.623489802,0.156328273,-0.987705154
27-02-2011,4823,33,566,12064.85714,9661.666667,2011,2,8,6,TRUE,4823,27,8,2,1,2011,6,1,0,0,11891,5218,2723,9842,12121.28571,11891,7997.163241,21893,0,11677.64286,12729,7644.113528,22669,0,9828.966667,10310,6704.000861,22669,0,9559.733877,10625.334,0,-0.075699502,887.2857143,-0.974927912,-0.222520934,0.998122746,0.061245282,0.433883739,-0.900968868,0.122260618,-0.992498031
28-02-2011,9873,57,906,10399.14286,9990.766667,2011,2,9,0,FALSE,9873,28,9,2,1,2011,0,0,0,4823,10572,21533,13567,0,12064.85714,11891,8055.174847,21893,0,11827.64286,12729,7473.582352,22669,0,9661.666667,10310,6766.002876,22669,0,8375.550408,10250.98988,1.047066141,-0.54149445,474.4285714,-0.781831482,0.623489802,0.999028581,0.044066936,-0.974927912,-0.222520934,0.088048258,-0.99611621
01-03-2011,12137,62,844,9005.428571,10282.56667,2011,3,9,1,FALSE,12137,1,9,3,1,2011,1,0,0,9873,0,21893,22669,3383,10399.14286,10572,6892.645003,21893,0,11563.78571,11231.5,7472.658925,22669,0,9990.766667,10310,6515.320691,22669,0,8749.912806,10226.60343,0.229312266,-0.445621888,-2329.285714,1.96E-14,1,0.999638787,0.026875551,3.92E-14,1,0.053731686,-0.99855541
02-03-2011,8612,43,543,8272.571429,10122.76667,2011,3,9,2,FALSE,8612,2,9,3,1,2011,2,0,0,12137,4823,13742,16117,13406,9005.428571,10572,4871.099289,13742,0,10811.5,11231.5,6765.341117,21893,0,10282.56667,10546,6404.260509,22669,0,9596.684605,10349.85482,-0.290434209,-0.373308107,-3612.142857,0.781831482,0.623489802,0.999953184,0.009676212,0.974927912,-0.222520934,0.019351519,-0.999812742
03-03-2011,20075,49,793,9441.714286,10264.8,2011,3,9,3,FALSE,20075,3,9,3,1,2011,3,0,0,8612,9873,11891,14413,15814,8272.571429,9873,4403.138459,12137,0,10275.42857,10222.5,6608.119594,21893,0,10122.76667,10310,6383.413051,22669,0,9350.513453,10237.73516,1.331049698,0.688251619,-4005.714286,0.974927912,-0.222520934,0.999971679,-0.007525989,-0.433883739,-0.900968868,-0.015051552,-0.999886719
04-03-2011,13560,49,717,9868.571429,10393.26667,2011,3,9,4,FALSE,13560,4,9,3,1,2011,4,0,0,20075,12137,10572,9149,9706,9441.714286,9873,6231.128836,20075,0,10679.85714,10222.5,7039.976004,21893,0,10264.8,10310,6559.390507,22669,0,12031.63509,10872.39741,-0.324533001,0.282633371,-2476.285714,0.433883739,-0.900968868,0.999694267,-0.024725964,-0.781831482,0.623489802,-0.049436809,-0.998777253
05-03-2011,0,0,0,9868.571429,9869.533333,2011,3,9,5,TRUE,0,5,9,3,1,2011,5,1,0,13560,8612,0,0,15712,9868.571429,9873,6420.917402,20075,0,10994.92857,11231.5,7064.8552,21893,0,10393.26667,10546,6585.756537,22669,0,12413.72632,11045.79112,-1,0,-2252.714286,-0.433883739,-0.900968868,0.999121028,-0.041918622,0.781831482,0.623489802,-0.083763553,-0.996485658
06-03-2011,5027,27,510,9897.714286,9613.933333,2011,3,9,6,TRUE,5027,6,9,3,1,2011,6,1,0,0,20075,4823,5218,12695,9868.571429,9873,6420.917402,20075,0,10994.92857,11231.5,7064.8552,21893,0,9869.533333,10310,6770.360494,22669,0,9310.294738,10333.15944,0,0.042297325,-2252.714286,-0.974927912,-0.222520934,0.998252134,-0.059098876,0.433883739,-0.900968868,-0.117991157,-0.993014646
07-03-2011,14006,68,1045,10488.14286,10080.8,2011,3,10,0,FALSE,14006,7,10,3,1,2011,0,0,0,5027,13560,9873,21533,0,9897.714286,9873,6394.609181,20075,0,10981.28571,11231.5,7077.042999,21893,0,9613.933333,9986.5,6804.670257,22669,0,8239.471054,9990.826569,1.786154764,0.418616429,-2167.142857,-0.781831482,0.623489802,0.997087841,-0.076261641,-0.974927912,-0.222520934,-0.152079109,-0.988368324
08-03-2011,14537,48,883,10831,10497.5,2011,3,10,1,FALSE,14537,8,10,3,1,2011,1,0,0,14006,0,12137,21893,2036,10488.14286,12137,6580.062295,20075,0,10443.64286,11231.5,6473.985654,21893,0,10080.8,10310,6599.702665,22669,0,9681.10329,10249.87002,0.037912323,0.19774244,89,-1.95E-15,1,0.995628493,-0.093401839,-3.91E-15,1,-0.185987064,-0.982552193
09-03-2011,11861,53,755,11295.14286,10588.6,2011,3,10,2,FALSE,11861,9,10,3,1,2011,2,0,0,14537,5027,8612,13742,9128,10831,13560,6740.85771,20075,0,9918.214286,11231.5,5728.908571,20075,0,10497.5,10546,6467.5741,22669,0,10895.07747,10526.45905,-0.184081998,0.377264282,1825.571429,0.781831482,0.623489802,0.993874523,-0.110514398,0.974927912,-0.222520934,-0.219674889,-0.975573136
10-03-2011,15583,57,656,10653.42857,10771.36667,2011,3,10,3,FALSE,15583,10,10,3,1,2011,3,0,0,11861,14006,20075,11891,10100,11295.14286,13560,6674.128094,20075,0,9783.857143,11216.5,5653.899048,20075,0,10588.6,11216.5,6466.866622,22669,0,11136.5581,10612.55846,0.313801534,-0.223760897,3022.571429,0.974927912,-0.222520934,0.99182645,-0.127594254,-0.433883739,-0.900968868,-0.253102712,-0.967439413
11-03-2011,10521,53,605,10219.28571,10883.26667,2011,3,10,4,FALSE,10521,11,10,3,1,2011,4,0,0,15583,14537,13560,10572,7164,10653.42857,13560,5854.929002,15583,0,10047.57143,11216.5,5842.693277,20075,0,10771.36667,11868.5,6529.756147,22669,0,12248.16858,10933.23211,-0.324841173,-0.224115044,1211.714286,0.433883739,-0.900968868,0.989484879,-0.144636353,-0.781831482,0.623489802,-0.286230968,-0.958160651
12-03-2011,0,0,0,10219.28571,10487.4,2011,3,10,5,TRUE,0,12,10,3,1,2011,5,1,0,10521,11861,0,0,11876,10219.28571,11861,5714.472583,15583,0,10043.92857,11191,5842.357038,20075,0,10883.26667,11868.5,6494.474272,22669,0,11816.37643,10906.63649,-1,0,350.7142857,-0.433883739,-0.900968868,0.986850503,-0.161635652,0.781831482,0.623489802,-0.319020448,-0.947747832
13-03-2011,2733,16,416,9891.571429,10227.83333,2011,3,10,6,TRUE,2733,13,10,3,1,2011,6,1,0,0,15583,5027,4823,10520,10219.28571,11861,5714.472583,15583,0,10043.92857,11191,5842.357038,20075,0,10487.4,11216.5,6787.225189,22669,0,8862.282324,10202.98252,0,-0.456335787,350.7142857,-0.974927912,-0.222520934,0.983924103,-0.17858712,0.433883739,-0.900968868,-0.351432343,-0.936213281
14-03-2011,16737,50,679,10281.71429,10785.73333,2011,3,11,0,FALSE,16737,14,11,3,1,2011,0,0,0,2733,10521,14006,9873,0,9891.571429,11861,6113.701112,15583,0,9894.642857,11191,6010.313823,20075,0,10227.83333,11216.5,6933.265037,22669,0,7329.961743,9721.048167,5.124039517,0.194987862,-6.142857143,-0.781831482,0.623489802,0.980706544,-0.195485741,-0.974927912,-0.222520934,-0.383428291,-0.92357065
15-03-2011,8941,52,722,9482.285714,10993,2011,3,11,1,FALSE,8941,15,11,3,1,2011,1,0,0,16737,0,14537,12137,2723,10281.71429,11861,6495.253875,16737,0,10384.92857,11999,6282.224012,20075,0,10785.73333,11876,6752.924939,22669,0,9681.721307,10173.69022,-0.465794348,-0.384948751,-206.4285714,-2.35E-14,1,0.977198778,-0.212326515,-4.70E-14,1,-0.414970422,-0.909834902
16-03-2011,12883,52,582,9628.285714,10970.2,2011,3,11,2,FALSE,12883,16,11,3,1,2011,2,0,0,8941,2733,11861,8612,13567,9482.285714,10521,6222.89313,16737,0,10156.64286,11191,6271.719033,20075,0,10993,11876,6590.391255,22669,0,9496.54098,10094.16182,0.440890281,0.086164742,-1348.714286,0.781831482,0.623489802,0.973401843,-0.229104458,0.974927912,-0.222520934,-0.446021403,-0.895022295
17-03-2011,20975,62,1064,10398.57143,10913.73333,2011,3,11,3,FALSE,20975,17,11,3,1,2011,3,0,0,12883,16737,15583,20075,22669,9628.285714,10521,6299.520583,16737,0,10461.71429,12372,6294.638236,20075,0,10970.2,11876,6582.357503,22669,0,10343.15574,10274.08686,0.62811457,0.346018097,-1666.857143,0.974927912,-0.222520934,0.969316862,-0.245814605,-0.433883739,-0.900968868,-0.476544484,-0.87915036
18-03-2011,13938,64,765,10886.71429,10841.1,2011,3,11,4,FALSE,13938,18,11,3,1,2011,4,0,0,20975,8941,10521,13560,16117,10398.57143,10521,7385.116561,20975,0,10526,12372,6404.01421,20975,0,10913.73333,11876,6485.086142,21893,0,13001.1168,10964.46836,-0.335494636,0.324779013,-254.8571429,0.433883739,-0.900968868,0.964945046,-0.262452012,-0.781831482,0.623489802,-0.506503538,-0.862237883
19-03-2011,0,0,0,10886.71429,10360.66667,2011,3,11,5,TRUE,0,19,11,3,1,2011,5,1,0,13938,12883,0,0,14413,10886.71429,12883,7506.488987,20975,0,10553,12372,6418.57015,20975,0,10841.1,11876,6436.82258,21893,0,13235.3376,11156.30911,-1,0,667.4285714,-0.433883739,-0.900968868,0.960287686,-0.279011755,0.781831482,0.623489802,-0.535863106,-0.844304881
20-03-2011,14038,60,861,12501.71429,10523.63333,2011,3,11,6,TRUE,14038,20,11,3,1,2011,6,1,0,0,20975,2733,5027,9149,10886.71429,12883,7506.488987,20975,0,10553,12372,6418.57015,20975,0,10360.66667,11216.5,6693.780841,21893,0,9926.503201,10436.54723,0,4.136480059,667.4285714,-0.974927912,-0.222520934,0.955346162,-0.295488934,0.433883739,-0.900968868,-0.564588439,-0.82537258
21-03-2011,10292,53,627,11581,10866.7,2011,3,12,0,FALSE,10292,21,12,3,1,2011,0,0,0,14038,13938,16737,14006,0,12501.71429,13938,6624.125495,20975,0,11196.64286,13410.5,6271.935287,20975,0,10523.63333,11876,6722.715628,21893,0,10954.3774,10668.89902,-0.266847129,-0.385074984,2610.142857,-0.781831482,0.623489802,0.950121936,-0.311878673,-0.974927912,-0.222520934,-0.592645538,-0.805463386
22-03-2011,16548,53,1140,12667.71429,11244.36667,2011,3,12,1,FALSE,16548,22,12,3,1,2011,1,0,0,10292,0,8941,14537,5218,11581,12883,6380.770852,20975,0,10931.35714,12372,6222.316284,20975,0,10866.7,11876,6423.094673,21893,0,10788.78305,10644.58296,0.607850758,0.850799687,1299.285714,-4.51E-14,1,0.944616553,-0.328176122,-9.02E-14,1,-0.620001195,-0.784600865
23-03-2011,14374,63,773,12880.71429,11005.73333,2011,3,12,2,FALSE,14374,23,12,3,1,2011,2,0,0,16548,14038,12883,11861,21533,12667.71429,13938,6502.823405,20975,0,11075,12372,6334.162625,20975,0,11244.36667,12014,6412.591614,21893,0,12228.58729,11025.44857,-0.131375393,0.115733913,3185.428571,0.781831482,0.623489802,0.938831643,-0.344376459,0.974927912,-0.222520934,-0.646623034,-0.762809709
24-03-2011,18164,68,781,12479.14286,10881.43333,2011,3,12,3,FALSE,18164,24,12,3,1,2011,3,0,0,14374,10292,20975,15583,21893,12880.71429,14038,6535.387688,20975,0,11254.5,13410.5,6393.47944,20975,0,11005.73333,12014,6144.099659,21893,0,12764.94047,11241.48415,0.263670516,-0.134016687,3252.428571,0.974927912,-0.222520934,0.932768918,-0.360474889,-0.433883739,-0.900968868,-0.672479545,-0.740115709
25-03-2011,14083,56,800,12499.85714,10892.8,2011,3,12,4,FALSE,14083,25,12,3,1,2011,4,0,0,18164,16548,13938,10521,13742,12479.14286,14038,6021.275929,18164,0,11438.85714,13410.5,6562.861616,20975,0,10881.43333,12014,5950.930236,20975,0,14114.70535,11688.09807,-0.224675182,0.010403214,2080.571429,0.433883739,-0.900968868,0.926430171,-0.376466649,-0.781831482,0.623489802,-0.697540124,-0.716545725
26-03-2011,0,0,0,12499.85714,10496.43333,2011,3,12,5,TRUE,0,26,12,3,1,2011,5,1,0,14083,14374,0,0,11891,12499.85714,14083,6027.37744,18164,0,11693.28571,13988,6593.515106,20975,0,10892.8,12014,5956.905181,20975,0,14106.77901,11842.60787,-1,0,1613.142857,-0.433883739,-0.900968868,0.919817279,-0.392347006,0.781831482,0.623489802,-0.721775111,-0.692127654
27-03-2011,4496,32,503,11136.71429,10293.9,2011,3,12,6,TRUE,4496,27,12,3,1,2011,6,1,0,0,18164,14038,2733,10572,12499.85714,14083,6027.37744,18164,0,11693.28571,13988,6593.515106,20975,0,10496.43333,11999,6275.294617,20975,0,10580.08426,11078.56866,0,-0.679726457,1613.142857,-0.974927912,-0.222520934,0.912932198,-0.408111261,0.433883739,-0.900968868,-0.745155822,-0.666890397
28-03-2011,12222,61,891,11412.42857,10701.3,2011,3,13,0,FALSE,12222,28,13,3,1,2011,0,0,0,4496,14083,10292,16737,0,11136.71429,14083,6666.638451,18164,0,11819.21429,13988,6423.873313,20975,0,10293.9,11999,6370.105966,20975,0,9059.063194,10653.88681,1.71841637,0.187524291,-1365,-0.781831482,0.623489802,0.905776966,-0.42375475,-0.974927912,-0.222520934,-0.767654584,-0.640863823
29-03-2011,32803,62,970,13734.57143,11633.96667,2011,3,13,1,FALSE,32803,29,13,3,1,2011,1,0,0,12222,0,16548,8941,4823,11412.42857,14083,6665.790572,18164,0,11496.71429,13410.5,6269.470968,20975,0,10701.3,12179.5,6072.956447,20975,0,9849.797396,10755.0554,1.683930617,0.982293933,-168.5714286,-9.79E-15,1,0.898353699,-0.439272843,-1.96E-14,1,-0.789244767,-0.614078739
30-03-2011,20621,75,877,14627,11992.23333,2011,3,13,2,FALSE,20621,30,13,3,1,2011,2,0,0,32803,4496,14374,12883,9873,13734.57143,14083,10488.34753,32803,0,13201.14286,13988,8402.090041,32803,0,11633.96667,12552.5,7185.660815,32803,0,15588.09805,12177.50344,-0.371368472,0.434604146,1066.857143,0.781831482,0.623489802,0.890664596,-0.454660948,0.974927912,-0.222520934,-0.809900819,-0.586566845
31-03-2011,16832,66,869,14436.71429,12148.73333,2011,3,13,3,FALSE,16832,31,13,3,1,2011,3,0,0,20621,12222,18164,20975,12137,14627,14083,10812.58242,32803,0,13753.85714,14060.5,8630.949158,32803,0,11992.23333,13221.5,7360.643322,32803,0,16846.32354,12722.24515,-0.183744726,-0.073331865,1746.285714,0.974927912,-0.222520934,0.88271193,-0.469914511,-0.433883739,-0.900968868,-0.829598291,-0.558360704
01-04-2011,18459,75,742,15061.85714,12476.96667,2011,4,13,4,FALSE,18459,1,13,4,2,2011,4,0,0,16832,32803,14083,13938,8612,14436.71429,14083,10751.51018,32803,0,13457.92857,14060.5,8433.070026,32803,0,12148.73333,13749,7413.549222,32803,0,16842.74265,12987.39063,0.096661122,0.310729248,1957.571429,0.433883739,-0.900968868,0.874498056,-0.48502902,-0.781831482,0.623489802,-0.84831387,-0.5294937
02-04-2011,0,0,0,15061.85714,11807.8,2011,4,13,5,TRUE,0,2,13,4,2,2011,5,1,0,18459,20621,0,0,20075,15061.85714,16832,10854.24549,32803,0,13780.85714,14228.5,8538.76679,32803,0,12476.96667,13972,7469.338518,32803,0,17246.80699,13340.39768,-1,0,2562,-0.433883739,-0.900968868,0.866025404,-0.5,0.781831482,0.623489802,-0.866025404,-0.5
03-04-2011,5658,20,523,15227.85714,11544.4,2011,4,13,6,TRUE,5658,3,13,4,2,2011,6,1,0,0,16832,4496,14038,13560,15061.85714,16832,10854.24549,32803,0,13780.85714,14228.5,8538.76679,32803,0,11807.8,13749,7661.931387,32803,0,12935.10524,12479.72687,0,0.258451957,2562,-0.974927912,-0.222520934,0.857296481,-0.514823022,0.433883739,-0.900968868,-0.88271193,-0.469914511
04-04-2011,14004,59,907,15482.42857,12011.2,2011,4,14,0,FALSE,14004,4,14,4,2,2011,0,0,0,5658,18459,12222,10292,0,15227.85714,16832,10673.09835,32803,0,13182.28571,14228.5,8808.805275,32803,0,11544.4,13410.5,7735.094751,32803,0,11115.82893,12039.61545,1.475079533,0.145802651,4091.142857,-0.781831482,0.623489802,0.84831387,-0.5294937,-0.974927912,-0.222520934,-0.898353699,-0.439272843
05-04-2011,15558,52,705,13018.85714,12362.23333,2011,4,14,1,FALSE,15558,5,14,4,2,2011,1,0,0,14004,0,32803,16548,5027,15482.42857,16832,10610.52287,32803,0,13447.42857,14228.5,8770.899907,32803,0,12011.2,13971,7430.966027,32803,0,11837.8717,12166.34994,0.110968295,-0.525714112,4070,-3.14E-14,1,0.839080229,-0.544007692,-6.27E-14,1,-0.912932198,-0.408111261
06-04-2011,9156,40,713,11381,12200.56667,2011,4,14,2,FALSE,9156,6,14,4,2,2011,2,0,0,15558,5658,20621,14374,14006,13018.85714,15558,7450.038041,20621,0,13376.71429,14228.5,8747.93984,32803,0,12362.23333,14005,7337.815223,32803,0,12767.90377,12385.16607,-0.41149248,-0.555986616,-715.7142857,0.781831482,0.623489802,0.829598291,-0.558360704,0.974927912,-0.222520934,-0.926430171,-0.376466649
07-04-2011,10508,64,832,10477.57143,12066.26667,2011,4,14,3,FALSE,10508,7,14,4,2,2011,3,0,0,9156,14004,16832,18164,14537,11381,14004,6725.194644,18459,0,13004,14043.5,8813.097316,32803,0,12200.56667,13971,7353.761213,32803,0,11864.92783,12176.83278,0.147662735,-0.375712928,-3246,0.974927912,-0.222520934,0.819870862,-0.572548487,-0.433883739,-0.900968868,-0.938831643,-0.344376459
08-04-2011,12985,71,825,9695.571429,12103.73333,2011,4,14,4,FALSE,12985,8,14,4,2,2011,4,0,0,10508,15558,18459,14083,11861,10477.57143,10508,6280.98856,18459,0,12457.14286,13113,8705.155739,32803,0,12066.26667,13410.5,7346.406773,32803,0,11525.69587,12069.16615,0.235725162,-0.296549109,-3959.142857,0.433883739,-0.900968868,0.809900819,-0.586566845,-0.781831482,0.623489802,-0.950121936,-0.311878673
09-04-2011,0,0,0,9695.571429,11584.3,2011,4,14,5,TRUE,0,9,14,4,2,2011,5,1,0,12985,9156,0,0,15583,9695.571429,10508,5400.744265,15558,0,12378.71429,12603.5,8694.320343,32803,0,12103.73333,13461.5,7348.189798,32803,0,11890.5219,12128.2522,-1,0,-5366.285714,-0.433883739,-0.900968868,0.799691114,-0.600411627,0.781831482,0.623489802,-0.960287686,-0.279011755
10-04-2011,5603,32,635,9687.714286,11420.36667,2011,4,14,6,TRUE,5603,10,14,4,2,2011,6,1,0,0,10508,5658,4496,10521,9695.571429,10508,5400.744265,15558,0,12378.71429,12603.5,8694.320343,32803,0,11584.3,12934,7638.788585,32803,0,8917.891428,11345.78432,0,-0.009720749,-5366.285714,-0.974927912,-0.222520934,0.789244767,-0.614078739,0.433883739,-0.900968868,-0.969316862,-0.245814605
11-04-2011,13632,64,756,9634.571429,11874.76667,2011,4,15,0,FALSE,13632,11,15,4,2,2011,0,0,0,5603,12985,14004,12222,0,9687.714286,10508,5407.632837,15558,0,12457.78571,12603.5,8621.847332,32803,0,11420.36667,12934,7714.788215,32803,0,8089.168571,10975.28211,1.432982331,-0.026563839,-5540.142857,-0.781831482,0.623489802,0.77856487,-0.627564134,-0.974927912,-0.222520934,-0.977198778,-0.212326515
12-04-2011,15311,62,647,9599.285714,12294.03333,2011,4,15,1,FALSE,15311,12,15,4,2,2011,1,0,0,13632,0,15558,32803,2733,9634.571429,10508,5359.761433,15558,0,12558.5,13308.5,8627.114882,32803,0,11874.76667,13308.5,7414.554479,32803,0,9474.876428,11146.68326,0.12316608,-0.015876077,-5847.857143,3.93E-15,1,0.767654584,-0.640863823,7.85E-15,1,-0.983924103,-0.17858712
13-04-2011,18752,60,662,10970.14286,12361.2,2011,4,15,2,FALSE,18752,13,15,4,2,2011,2,0,0,15311,5603,9156,20621,16737,9599.285714,10508,5314.890645,15311,0,11309.07143,13308.5,6465.493716,20621,0,12294.03333,13785,7233.197392,32803,0,10933.90732,11415.34886,0.224740383,1.04805592,-3419.571429,0.781831482,0.623489802,0.756517136,-0.653973871,0.974927912,-0.222520934,-0.989484879,-0.144636353
14-04-2011,18858,86,770,12163,12691.76667,2011,4,15,3,FALSE,18858,14,15,4,2,2011,3,0,0,18752,13632,10508,16832,8941,10970.14286,12985,6323.36022,18752,0,11175.57143,13308.5,6274.916962,18752,0,12361.2,13785,7285.046637,32803,0,12888.43049,11888.68119,0.00565273,0.794632661,-410.8571429,0.974927912,-0.222520934,0.745155822,-0.666890397,-0.433883739,-0.900968868,-0.993874523,-0.110514398
15-04-2011,12717,56,718,12124.71429,12686.23333,2011,4,15,4,FALSE,12717,15,15,4,2,2011,4,0,0,18858,15311,12985,18459,12883,12163,13632,6975.596319,18858,0,11320.28571,13308.5,6436.679213,18858,0,12691.76667,13971,7349.214463,32803,0,14380.82287,12338.31466,-0.325644289,-0.020639199,1685.428571,0.433883739,-0.900968868,0.733574005,-0.679609579,-0.781831482,0.623489802,-0.997087841,-0.076261641
16-04-2011,0,0,0,12124.71429,11987.06667,2011,4,15,5,TRUE,0,16,15,4,2,2011,5,1,0,12717,18752,0,0,20975,12124.71429,13632,6971.066817,18858,0,10910.14286,12851,6122.062496,18858,0,12686.23333,13971,7349.128007,32803,0,13964.86715,12362.74597,-1,0,2429.142857,-0.433883739,-0.900968868,0.721775111,-0.692127654,0.781831482,0.623489802,-0.999121028,-0.041918622
17-04-2011,8136,42,620,12486.57143,11793.66667,2011,4,15,6,TRUE,8136,17,15,4,2,2011,6,1,0,0,18858,5603,5658,13938,12124.71429,13632,6971.066817,18858,0,10910.14286,12851,6122.062496,18858,0,11987.06667,13785,7528.91583,32803,0,10473.65036,11565.14946,0,0.452079243,2429.142857,-0.974927912,-0.222520934,0.709762633,-0.704440917,0.433883739,-0.900968868,-0.999971679,-0.007525989
18-04-2011,29825,69,1275,14799.85714,12787.83333,2011,4,16,0,FALSE,29825,18,16,4,2,2011,0,0,0,8136,12717,13632,14004,0,12486.57143,13632,6633.690975,18858,0,11087.14286,12851,5992.993972,18858,0,11793.66667,13308.5,7551.558644,32803,0,9889.237773,11343.91401,2.665806293,1.187866784,2798.857143,-0.781831482,0.623489802,0.697540124,-0.716545725,-0.974927912,-0.222520934,-0.999638787,0.026875551
19-04-2011,14461,59,984,14678.42857,12801.93333,2011,4,16,1,FALSE,14461,19,16,4,2,2011,1,0,0,29825,0,15311,15558,14038,14799.85714,15311,9362.026124,29825,0,12217.21429,12851,7803.4907,29825,0,12787.83333,13818,7900.551024,32803,0,14873.17833,12536.24214,-0.515138307,-0.055515642,5165.285714,-1.76E-14,1,0.685111202,-0.728438495,-3.53E-14,1,-0.998122746,0.061245282
20-04-2011,18371,63,588,14624,13071.23333,2011,4,16,2,FALSE,18371,20,16,4,2,2011,2,0,0,14461,8136,18752,9156,10292,14678.42857,14461,9359.80361,29825,0,12138.85714,12851,7772.811786,29825,0,12801.93333,13818,7903.23612,32803,0,14770.13375,12660.42006,0.270382408,-0.020317833,5079.142857,0.781831482,0.623489802,0.672479545,-0.740115709,0.974927912,-0.222520934,-0.995425349,0.095542524
21-04-2011,18210,77,941,14531.42857,13126.63333,2011,4,16,3,FALSE,18210,21,16,4,2,2011,3,0,0,18371,29825,18858,10508,16548,14624,14461,9333.237238,29825,0,12797.07143,13308.5,7890.074402,29825,0,13071.23333,14043.5,7952.254413,32803,0,15670.35031,13028.84458,-0.008763813,-0.034362074,3653.857143,0.974927912,-0.222520934,0.65964889,-0.75157391,-0.433883739,-0.900968868,-0.991549791,0.129726685
22-04-2011,0,0,0,12714.71429,12647.5,2011,4,16,4,FALSE,0,22,16,4,2,2011,4,0,0,18210,14461,12717,12985,14374,14531.42857,14461,9287.344056,29825,0,13347.21429,14046.5,7986.119258,29825,0,13126.63333,14043.5,7983.040426,32803,0,16305.26273,13363.11267,-1,-1,2368.428571,0.433883739,-0.900968868,0.646623034,-0.762809709,-0.781831482,0.623489802,-0.986500657,0.163757304
23-04-2011,0,0,0,12714.71429,12042.03333,2011,4,16,5,TRUE,0,23,16,4,2,2011,5,1,0,0,18371,0,0,18164,12714.71429,14461,10818.93146,29825,0,12419.71429,14046.5,8749.016001,29825,0,12647.5,13818,8329.433924,32803,0,12228.94705,12500.97637,0,0,590,-0.433883739,-0.900968868,0.633405832,-0.77381978,0.781831482,0.623489802,-0.980283923,0.197594104
24-04-2011,0,0,0,11552.42857,11572.6,2011,4,16,6,TRUE,0,24,16,4,2,2011,6,1,0,0,18210,8136,5603,14083,12714.71429,14461,10818.93146,29825,0,12419.71429,14046.5,8749.016001,29825,0,12042.03333,13308.5,8571.271991,32803,0,9171.710287,11694.46176,0,-1,590,-0.974927912,-0.222520934,0.620001195,-0.784600865,0.433883739,-0.900968868,-0.972906949,0.231197035
25-04-2011,0,0,0,7291.714286,11572.6,2011,4,17,0,FALSE,0,25,17,4,2,2011,0,0,0,0,0,29825,13632,0,11552.42857,14461,11786.56471,29825,0,12019.5,14046.5,9201.287374,29825,0,11572.6,12851,8837.16368,32803,0,6878.782715,10939.98036,0,-1,-934.1428571,-0.781831482,0.623489802,0.60641309,-0.795149775,-0.974927912,-0.222520934,-0.964378464,0.264526328
26-04-2011,16135,71,923,7530.857143,11960.56667,2011,4,17,1,FALSE,16135,26,17,4,2,2011,1,0,0,0,0,14461,15311,4496,7291.714286,0,9183.632011,18371,0,11045.78571,13589,9723.969245,29825,0,11572.6,12851,8837.16368,32803,0,5159.087037,10234.17517,0,0.115759629,-7508.142857,-3.92E-14,1,0.592645538,-0.805463386,-7.84E-14,1,-0.954708563,0.297542533
27-04-2011,18218,65,785,7509,12160.43333,2011,4,17,2,FALSE,18218,27,17,4,2,2011,2,0,0,16135,0,18371,18752,12222,7530.857143,0,9420.184896,18371,0,11104.64286,13589,9754.218272,29825,0,11960.56667,13308.5,8771.014327,32803,0,7903.065277,10614.87355,0.129098234,-0.008328344,-7147.571429,0.781831482,0.623489802,0.578702612,-0.815538648,0.974927912,-0.222520934,-0.943908692,0.330206574
28-04-2011,13396,59,713,6821.285714,11513.53333,2011,4,17,3,FALSE,13396,28,17,4,2,2011,3,0,0,18218,0,18210,18858,32803,7509,0,9390.973343,18218,0,11066.5,13589,9723.007898,29825,0,12160.43333,13818,8845.179481,32803,0,10481.79896,11105.39784,-0.26468328,-0.264360242,-7115,0.974927912,-0.222520934,0.564588439,-0.82537258,-0.433883739,-0.900968868,-0.931991632,0.36247979
29-04-2011,0,0,0,6821.285714,10826.16667,2011,4,17,4,FALSE,0,29,17,4,2,2011,4,0,0,13396,16135,0,12717,20621,6821.285714,0,8621.45573,18218,0,10676.35714,13056.5,9493.186266,29825,0,11513.53333,13514,7947.53373,29825,0,11210.34922,11253.17862,-1,0,-7710.142857,0.433883739,-0.900968868,0.550307195,-0.83496227,-0.781831482,0.623489802,-0.918971488,0.394323983
30-04-2011,0,0,0,6821.285714,10265.1,2011,4,17,5,TRUE,0,30,17,4,2,2011,5,1,0,0,18218,0,0,16832,6821.285714,0,8621.45573,18218,0,9768,10766,9883.305318,29825,0,10826.16667,13190.5,8024.051759,29825,0,8407.761914,10527.1671,0,0,-5893.428571,-0.433883739,-0.900968868,0.535863106,-0.844304881,0.781831482,0.623489802,-0.904863671,0.425701464
01-05-2011,3814,18,357,7366.142857,9776.933333,2011,5,17,6,TRUE,3814,1,17,5,2,2011,6,1,0,0,13396,0,8136,18459,6821.285714,0,8621.45573,18218,0,9768,10766,9883.305318,29825,0,10265.1,12851,8176.646241,29825,0,6305.821435,9847.995027,0,0,-5893.428571,-0.974927912,-0.222520934,0.521260446,-0.853397649,0.433883739,-0.900968868,-0.889684879,0.456575094
02-05-2011,0,0,0,7366.142857,9776.933333,2011,5,18,0,FALSE,0,2,18,5,2,2011,0,0,0,3814,0,0,29825,0,7366.142857,3814,8230.155293,18218,0,9459.285714,8605,10004.95585,29825,0,9776.933333,11612.5,8107.459872,29825,0,5682.866077,9458.705025,-1,0,-4186.285714,-0.781831482,0.623489802,0.506503538,-0.862237883,-0.974927912,-0.222520934,-0.873453076,0.486908333
03-05-2011,12454,66,743,6840.285714,10003.46667,2011,5,18,1,FALSE,12454,3,18,5,2,2011,1,0,0,0,0,16135,14461,5658,7366.142857,3814,8230.155293,18218,0,7328.928571,1907,8377.932125,18371,0,9776.933333,11612.5,8107.459872,29825,0,4262.149557,8848.465991,0,-0.228137589,74.42857143,-6.08E-14,1,0.491596746,-0.870822966,-1.22E-13,1,-0.856187474,0.516665278
04-05-2011,17363,65,695,6718.142857,10115.43333,2011,5,18,2,FALSE,17363,4,18,5,2,2011,2,0,0,12454,3814,18218,18371,14004,6840.285714,3814,7675.398919,18218,0,7185.571429,1907,8262.886921,18371,0,10003.46667,12585.5,8083.311492,29825,0,6310.112168,9081.081088,0.394170548,-0.046931606,-690.5714286,0.781831482,0.623489802,0.476544484,-0.87915036,0.974927912,-0.222520934,-0.837908509,0.54581071
05-05-2011,17436,89,902,7295.285714,10178.03333,2011,5,18,3,FALSE,17436,5,18,5,2,2011,3,0,0,17363,0,13396,18210,15558,6718.142857,3814,7468.167924,17363,0,7113.571429,1907,8161.69556,18218,0,10115.43333,12585.5,8163.502002,29825,0,9073.334126,9615.398438,0.004204343,0.301582562,-790.8571429,0.974927912,-0.222520934,0.461351204,-0.887217598,-0.433883739,-0.900968868,-0.818637814,0.574310133
06-05-2011,19945,82,1019,10144.57143,10537.66667,2011,5,18,4,FALSE,19945,6,18,5,2,2011,4,0,0,17436,12454,0,0,9156,7295.285714,3814,8191.33914,17436,0,7058.285714,1907,8082.990597,18218,0,10178.03333,12585.5,8213.722297,29825,0,11164.00059,10119.95338,0.143897683,0,474,0.433883739,-0.900968868,0.446021403,-0.895022295,-0.781831482,0.623489802,-0.798398199,0.602129816
07-05-2011,0,0,0,10144.57143,10187.4,2011,5,18,5,TRUE,0,7,18,5,2,2011,5,1,0,19945,17363,0,0,10508,10144.57143,12454,8684.788385,19945,0,8482.928571,8134,8490.651361,19945,0,10537.66667,12851,8401.479317,29825,0,13359.25045,10753.82735,-1,0,3323.285714,-0.433883739,-0.900968868,0.430559617,-0.90256214,0.781831482,0.623489802,-0.777213618,0.629236832
08-05-2011,10621,63,739,11117,10108.6,2011,5,18,6,TRUE,10621,8,18,5,2,2011,6,1,0,0,17436,3814,0,12985,10144.57143,12454,8684.788385,19945,0,8482.928571,8134,8490.651361,19945,0,10187.4,12851,8618.988106,29825,0,10019.43783,10060.03204,0,1.78474043,3323.285714,-0.974927912,-0.222520934,0.414970422,-0.909834902,0.433883739,-0.900968868,-0.755109146,0.655599099
09-05-2011,13354,71,859,13024.71429,10553.73333,2011,5,19,0,FALSE,13354,9,19,5,2,2011,0,0,0,10621,19945,0,0,0,11117,12454,8226.834385,19945,0,9241.571429,11537.5,8141.719783,19945,0,10108.6,12585.5,8603.321097,29825,0,10169.82838,10096.22352,0.257320403,0,3750.857143,-0.781831482,0.623489802,0.39925843,-0.91683843,-0.974927912,-0.222520934,-0.732110943,0.681185413
10-05-2011,19784,96,932,14071.85714,11026.43333,2011,5,19,1,FALSE,19784,10,19,5,2,2011,1,0,0,13354,0,12454,16135,5603,13024.71429,13354,6608.399799,19945,0,10195.42857,12904,7748.4809,19945,0,10553.73333,13035.5,8405.460868,29825,0,10965.87128,10306.40265,0.481503669,0.588565923,5658.571429,-2.55E-14,1,0.383428291,-0.92357065,-5.10E-14,1,-0.708246232,0.705965492
11-05-2011,18894,80,829,14290.57143,11201.83333,2011,5,19,2,FALSE,18894,11,19,5,2,2011,2,0,0,19784,10621,17363,18218,13632,14071.85714,17363,7067.677116,19945,0,10456.07143,12904,8020.250998,19945,0,11026.43333,13375,8515.474967,29825,0,13170.40346,10917.86054,-0.044985847,0.088176006,7231.571429,0.781831482,0.623489802,0.367484689,-0.930029571,0.974927912,-0.222520934,-0.683543256,0.729910006
12-05-2011,37774,86,947,17196,11950.6,2011,5,19,3,FALSE,37774,12,19,5,2,2011,3,0,0,18894,13354,17436,13396,15311,14290.57143,17436,7208.778765,19945,0,10504.35714,12904,8072.441253,19945,0,11201.83333,13375,8624.489542,29825,0,14601.3026,11432.45018,0.999259024,1.166437256,7572.428571,0.974927912,-0.222520934,0.351432343,-0.936213281,-0.433883739,-0.900968868,-0.658031254,0.752990616
13-05-2011,15217,73,779,16520.57143,11832.76667,2011,5,19,4,FALSE,15217,13,19,5,2,2011,4,0,0,37774,19784,19945,0,18752,17196,18894,11505.69452,37774,0,12245.64286,12904,10883.85806,37774,0,11950.6,13375,9877.609688,37774,0,20394.47695,13131.90501,-0.597156775,-0.237051893,9900.714286,0.433883739,-0.900968868,0.335276002,-0.942119951,-0.781831482,0.623489802,-0.631740422,0.775180004
14-05-2011,0,0,0,16520.57143,11204.16667,2011,5,19,5,TRUE,0,14,19,5,2,2011,5,1,0,15217,18894,0,0,18858,16520.57143,15217,11456.09046,37774,0,13332.57143,14285.5,10311.65197,37774,0,11832.76667,13375,9814.559571,37774,0,19100.10771,13266.42727,-1,0,6376,-0.433883739,-0.900968868,0.319020448,-0.947747832,0.781831482,0.623489802,-0.604701877,0.796451907
15-05-2011,4895,31,575,15702.57143,10943.43333,2011,5,19,6,TRUE,4895,15,19,5,2,2011,6,1,0,0,37774,10621,3814,12717,16520.57143,15217,11456.09046,37774,0,13332.57143,14285.5,10311.65197,37774,0,11204.16667,13035.5,9952.036929,37774,0,14325.08078,12410.52874,0,-0.53912061,6376,-0.974927912,-0.222520934,0.302670491,-0.95309526,0.433883739,-0.900968868,-0.57694762,0.816781148
16-05-2011,16019,68,793,16083.28571,11477.4,2011,5,20,0,FALSE,16019,16,20,5,2,2011,0,0,0,4895,15217,13354,0,0,15702.57143,15217,12132.03165,37774,0,13409.78571,14285.5,10238.6827,37774,0,10943.43333,12904,10013.31113,37774,0,11967.56059,11925.65591,2.272522983,0.199565673,4585.571429,-0.781831482,0.623489802,0.286230968,-0.958160651,-0.974927912,-0.222520934,-0.548510502,0.836143666
17-05-2011,26769,82,873,17081.14286,12098.5,2011,5,20,1,FALSE,26769,17,20,5,2,2011,1,0,0,16019,0,19784,12454,8136,16083.28571,16019,12087.78231,37774,0,14554,15618,9492.728318,37774,0,11477.4,13375,9835.149188,37774,0,12980.42044,12189.74263,0.671078095,0.353063081,3058.571429,9.81E-15,1,0.269706745,-0.962942507,1.96E-14,1,-0.519424179,0.854516543
18-05-2011,19013,73,717,17098.14286,11738.1,2011,5,20,2,FALSE,19013,18,20,5,2,2011,2,0,0,26769,4895,18894,17363,29825,17081.14286,16019,12716.17119,37774,0,15576.5,16691,10006.20469,37774,0,12098.5,13928.5,10198.49507,37774,0,16427.56533,13130.33988,-0.28973813,0.006298296,3009.285714,0.781831482,0.623489802,0.253102712,-0.967439413,0.974927912,-0.222520934,-0.489723078,0.871878034
19-05-2011,18124,99,878,14291,11860.2,2011,5,20,3,FALSE,18124,19,20,5,2,2011,3,0,0,19013,16019,37774,17436,14461,17098.14286,16019,12719.07791,37774,0,15694.35714,16727.5,10038.53041,37774,0,11738.1,13928.5,9730.780545,37774,0,17073.924,13509.86634,-0.046757482,-0.520199079,2807.571429,0.974927912,-0.222520934,0.236423781,-0.971650038,-0.433883739,-0.900968868,-0.459442352,0.888207591
20-05-2011,15348,71,604,14309.71429,11759.43333,2011,5,20,4,FALSE,15348,20,20,5,2,2011,4,0,0,18124,26769,15217,19945,18371,14291,16019,9028.202239,26769,0,15743.5,17071.5,10049.39049,37774,0,11860.2,14306.5,9788.93269,37774,0,17336.443,13807.55238,-0.153167071,0.008608793,-2905,0.433883739,-0.900968868,0.219674889,-0.975573136,-0.781831482,0.623489802,-0.428617841,0.903485886
21-05-2011,0,0,0,14309.71429,11152.43333,2011,5,20,5,TRUE,0,21,20,5,2,2011,5,1,0,15348,19013,0,0,18210,14309.71429,16019,9030.57709,26769,0,15415.14286,15683.5,9976.385964,37774,0,11759.43333,14306.5,9735.010595,37774,0,16839.33225,13906.9361,-1,0,-2210.857143,-0.433883739,-0.900968868,0.202860992,-0.979207546,0.781831482,0.623489802,-0.397286028,0.917694836
22-05-2011,12645,61,875,15416.85714,11573.93333,2011,5,20,6,TRUE,12645,22,20,5,2,2011,6,1,0,0,18124,4895,10621,0,14309.71429,16019,9030.57709,26769,0,15415.14286,15683.5,9976.385964,37774,0,11152.43333,13375,9885.488318,37774,0,12629.49919,13009.71441,0,1.583248212,-2210.857143,-0.974927912,-0.222520934,0.185987064,-0.982552193,0.433883739,-0.900968868,-0.365483996,0.930817624
23-05-2011,18169,68,825,15724,12179.56667,2011,5,21,0,FALSE,18169,23,21,5,2,2011,0,0,0,12645,15348,16019,13354,0,15416.85714,16019,8112.3569,26769,0,15559.71429,15683.5,9916.050985,37774,0,11573.93333,13375,9660.592932,37774,0,12633.37439,12986.18445,0.436852511,0.134215619,-285.7142857,-0.781831482,0.623489802,0.1690581,-0.985606087,-0.974927912,-0.222520934,-0.333249386,0.942838717
24-05-2011,15936,68,913,14176.42857,12710.76667,2011,5,21,1,FALSE,15936,24,21,5,2,2011,1,0,0,18169,0,26769,19784,0,15724,18124,8179.378175,26769,0,15903.64286,17071.5,9917.164814,37774,0,12179.56667,14306.5,9477.777707,37774,0,14017.28079,13320.55965,-0.122901646,-0.404684523,-359.2857143,-1.18E-14,1,0.152079109,-0.988368324,-2.35E-14,1,-0.300620349,0.953743889
25-05-2011,13163,65,703,13340.71429,13149.53333,2011,5,21,2,FALSE,13163,25,21,5,2,2011,2,0,0,15936,12645,19013,18894,0,14176.42857,15936,6616.915718,19013,0,15628.78571,15977.5,9854.472933,37774,0,12710.76667,15282.5,9214.537954,37774,0,14496.96059,13489.29774,-0.174008534,-0.307684216,-2904.714286,0.781831482,0.623489802,0.135055116,-0.990838088,0.974927912,-0.222520934,-0.267635505,0.963520231
26-05-2011,16264,64,547,13075,13153.83333,2011,5,21,3,FALSE,16264,26,21,5,2,2011,3,0,0,13163,18169,18124,37774,16135,13340.71429,15348,6264.278722,18169,0,15219.42857,15642,9827.397838,37774,0,13149.53333,15282.5,8896.316598,37774,0,14163.47045,13468.24627,0.235584593,-0.102626352,-3757.428571,0.974927912,-0.222520934,0.117991157,-0.993014646,-0.433883739,-0.900968868,-0.234333894,0.972156174
27-05-2011,16209,64,643,13198,13086.86667,2011,5,21,4,FALSE,16209,27,21,5,2,2011,4,0,0,16264,15936,15348,15217,18218,13075,15348,6063.808979,18169,0,13683,15642,7415.392443,26769,0,13153.83333,15282.5,8897.840416,37774,0,14688.60283,13648.61748,-0.003381702,0.056098514,-1216,0.433883739,-0.900968868,0.100892283,-0.994897355,-0.781831482,0.623489802,-0.200754931,0.979641494
28-05-2011,0,0,0,13198,12640.33333,2011,5,21,5,TRUE,0,28,21,5,2,2011,5,1,0,16209,13163,0,0,13396,13198,15936,6126.012841,18169,0,13753.85714,15977.5,7435.889144,26769,0,13086.86667,15282.5,8865.91513,37774,0,15068.70213,13813.80345,-1,0,-1111.714286,-0.433883739,-0.900968868,0.083763553,-0.996485658,0.781831482,0.623489802,-0.166938359,0.985967334
29-05-2011,4067,24,443,11972.57143,12775.9,2011,5,21,6,TRUE,4067,29,21,5,2,2011,6,1,0,0,16264,12645,4895,0,13198,15936,6126.012841,18169,0,13753.85714,15977.5,7435.889144,26769,0,12640.33333,15282.5,9181.536639,37774,0,11301.52659,12922.59032,0,-0.678370898,-1111.714286,-0.974927912,-0.222520934,0.066610037,-0.997779085,0.433883739,-0.900968868,-0.132924203,0.991126206
30-05-2011,0,0,0,9377,12775.9,2011,5,22,0,FALSE,0,30,22,5,2,2011,0,0,0,4067,16209,18169,16019,0,11972.57143,15936,7044.215425,18169,0,13694.71429,15977.5,7514.645684,26769,0,12775.9,15282.5,9017.015533,37774,0,9492.894946,12351.26191,-1,-1,-3444.285714,-0.781831482,0.623489802,0.049436809,-0.998777253,-0.974927912,-0.222520934,-0.098752721,0.995112004
31-05-2011,11724,54,739,8775.285714,13039.56667,2011,5,22,1,FALSE,11724,31,22,5,2,2011,1,0,0,0,0,15936,26769,3814,9377,13163,7697.549697,16264,0,12550.5,15642,8310.893794,26769,0,12775.9,15282.5,9017.015533,37774,0,7119.671209,11554.40631,0,-0.264307229,-6347,2.35E-14,1,0.032248952,-0.999479867,4.71E-14,1,-0.064464357,0.99792001
01-06-2011,10965,42,822,8461.285714,13405.06667,2011,6,22,2,FALSE,10965,1,22,6,2,2011,2,0,0,11724,4067,13163,19013,0,8775.285714,11724,7251.058951,16264,0,11475.85714,14255.5,7233.850883,19013,0,13039.56667,15282.5,8860.208886,37774,0,8270.753407,11565.34783,-0.064738997,-0.166983211,-5401.142857,0.781831482,0.623489802,0.015051552,-0.999886719,0.974927912,-0.222520934,-0.030099695,0.999546902
02-06-2011,14586,52,858,8221.571429,13476.13333,2011,6,22,3,FALSE,14586,2,22,6,2,2011,3,0,0,10965,0,16264,18124,12454,8461.285714,10965,7074.835398,16264,0,10901,12904,6900.935187,18169,0,13405.06667,15282.5,8523.520326,37774,0,8944.315055,11526.61572,0.330232558,-0.103172651,-4879.428571,0.974927912,-0.222520934,-0.002150301,-0.999997688,-0.433883739,-0.900968868,0.004300593,0.999990752
03-06-2011,7679,44,559,7003,13153.33333,2011,6,22,4,FALSE,7679,3,22,6,2,2011,4,0,0,14586,11724,16209,15348,17363,8221.571429,10965,6789.051354,16209,0,10648.28571,12904,6677.235591,18169,0,13476.13333,15282.5,8524.205141,37774,0,10354.73629,11723.99535,-0.473536268,-0.526250848,-4853.428571,0.433883739,-0.900968868,-0.019351519,-0.999812742,-0.781831482,0.623489802,0.03869579,0.999251037
04-06-2011,0,0,0,7003,12572.13333,2011,6,22,5,TRUE,0,4,22,6,2,2011,5,1,0,7679,10965,0,0,17436,7003,7679,5811.601386,14586,0,10100.5,12184.5,6575.827245,18169,0,13153.33333,14901.5,8555.242701,37774,0,9685.802219,11463.02791,-1,0,-6195,-0.433883739,-0.900968868,-0.03654701,-0.999331935,0.781831482,0.623489802,0.073045188,0.997328632
05-06-2011,13397,67,755,8335.857143,12353.86667,2011,6,22,6,TRUE,13397,5,22,6,2,2011,6,1,0,0,14586,4067,12645,19945,7003,7679,5811.601386,14586,0,10100.5,12184.5,6575.827245,18169,0,12572.13333,13970,8841.727662,37774,0,7264.351664,10723.47772,0,2.294074256,-6195,-0.974927912,-0.222520934,-0.053731686,-0.99855541,0.433883739,-0.900968868,0.107308132,0.994225812
06-06-2011,9459,57,736,9687.142857,12669.16667,2011,6,23,0,FALSE,9459,6,23,6,2,2011,0,0,0,13397,7679,0,18169,0,8335.857143,10965,6089.278102,14586,0,10154.21429,12443.5,6601.232929,18169,0,12353.86667,13375.5,8733.605973,37774,0,8797.513748,10895.96303,-0.293946406,0,-3636.714286,-0.781831482,0.623489802,-0.070900462,-0.997483396,-0.974927912,-0.222520934,0.141444068,0.989946249
07-06-2011,18731,78,986,10688.14286,12939.5,2011,6,23,1,FALSE,18731,7,23,6,2,2011,1,0,0,9459,0,11724,15936,10621,9687.142857,10965,4855.73494,14586,0,9532.071429,11344.5,6185.089135,16264,0,12669.16667,13375.5,8437.968652,37774,0,8962.885311,10803.25573,0.980230468,0.597662914,310.1428571,-5.49E-14,1,-0.088048258,-0.99611621,-1.10E-13,1,0.175412594,0.984495009
08-06-2011,21260,99,1043,12158.85714,13203.03333,2011,6,23,2,FALSE,21260,8,23,6,2,2011,2,0,0,18731,13397,10965,13163,13354,10688.14286,10965,5945.551963,18731,0,9731.714286,11344.5,6447.248923,18731,0,12939.5,13991.5,8499.773968,37774,0,11404.91398,11314.72311,0.135016817,0.938896489,1912.857143,0.781831482,0.623489802,-0.105169998,-0.994454258,0.974927912,-0.222520934,0.209173506,0.977878543
09-06-2011,28265,85,990,14113,13485.73333,2011,6,23,3,FALSE,28265,9,23,6,2,2011,3,0,0,21260,9459,14586,16264,19784,12158.85714,13397,7172.215358,21260,0,10310.07143,11344.5,7108.044927,21260,0,13203.03333,14901.5,8634.561632,37774,0,13868.68549,11956.35387,0.329492004,0.937817085,3697.571429,0.974927912,-0.222520934,-0.122260618,-0.992498031,-0.433883739,-0.900968868,0.242686845,0.970104683
10-06-2011,10669,50,639,14540.14286,13211.56667,2011,6,23,4,FALSE,10669,10,23,6,2,2011,4,0,0,28265,18731,7679,16209,18894,14113,13397,9446.60551,28265,0,11167.28571,11344.5,8473.754507,28265,0,13485.73333,14901.5,8989.01652,37774,0,17467.76412,13008.52459,-0.622536706,0.389373616,5891.428571,0.433883739,-0.900968868,-0.139315058,-0.990248108,-0.781831482,0.623489802,0.275912945,0.961182629
11-06-2011,0,0,0,14540.14286,11952.43333,2011,6,23,5,TRUE,0,11,23,6,2,2011,5,1,0,10669,21260,0,0,37774,14540.14286,13397,9170.76657,28265,0,10771.57143,10817,8348.633465,28265,0,13211.56667,13991.5,8943.693095,37774,0,15768.07309,12857.58752,-1,0,7537.142857,-0.433883739,-0.900968868,-0.156328273,-0.987705154,0.781831482,0.623489802,0.308812481,0.951122942
12-06-2011,9457,39,649,13977.28571,11760.43333,2011,6,23,6,TRUE,9457,12,23,6,2,2011,6,1,0,0,28265,13397,4067,15217,14540.14286,13397,9170.76657,28265,0,10771.57143,10817,8348.633465,28265,0,11952.43333,13280,7972.73284,28265,0,11826.05482,12028.06575,0,-0.294095693,7537.142857,-0.974927912,-0.222520934,-0.173295227,-0.984869922,0.433883739,-0.900968868,0.341346514,0.939937528
13-06-2011,11291,59,822,14239,12136.8,2011,6,24,0,FALSE,11291,13,24,6,2,2011,0,0,0,9457,10669,9459,0,0,13977.28571,10669,9371.33631,28265,0,11156.57143,10817,8137.271889,28265,0,11760.43333,12904,7960.751722,28265,0,11233.79111,11862.19054,0.193930422,0.193677979,5641.428571,-0.781831482,0.623489802,-0.190210901,-0.981743252,-0.974927912,-0.222520934,0.373476537,0.927639626
14-06-2011,14602,57,876,13649.14286,12460.36667,2011,6,24,1,FALSE,14602,14,24,6,2,2011,1,0,0,11291,0,18731,11724,4895,14239,11291,9248.90471,28265,0,11963.07143,11128,7479.409237,28265,0,12136.8,12904,7646.266817,28265,0,11248.09333,11825.33953,0.293242405,-0.220436709,4551.857143,-1.96E-14,1,-0.207070289,-0.978326068,-3.92E-14,1,0.405164522,0.914243791
15-06-2011,30381,59,906,14952.14286,12939.1,2011,6,24,2,FALSE,30381,15,24,6,2,2011,2,0,0,14602,9457,21260,10965,16019,13649.14286,11291,9044.073703,28265,0,12168.64286,11128,7511.813605,28265,0,12460.36667,13280,7533.806962,28265,0,12086.57,12004.47892,1.080605397,0.429021637,2961,0.781831482,0.623489802,-0.2238684,-0.974619382,0.974927912,-0.222520934,0.436372964,0.899765879
16-06-2011,20272,83,852,13810.28571,12722.53333,2011,6,24,3,FALSE,20272,16,24,6,2,2011,3,0,0,30381,11291,28265,14586,26769,14952.14286,11291,10808.30583,30381,0,13555.5,12344,8930.799971,30381,0,12939.1,13280,8195.033889,30381,0,16660.1775,13190.06092,-0.332740858,-0.2827879,2793.285714,0.974927912,-0.222520934,-0.240600266,-0.97062429,-0.433883739,-0.900968868,0.467064925,0.884223024
17-06-2011,11753,52,574,13965.14286,12480.53333,2011,6,24,4,FALSE,11753,17,24,6,2,2011,4,0,0,20272,14602,10669,7679,19013,13810.28571,11291,9511.910949,30381,0,13961.64286,12344,9108.785105,30381,0,12722.53333,13280,7897.396095,30381,0,17563.13313,13646.96022,-0.420234807,0.101602774,-302.7142857,0.433883739,-0.900968868,-0.257260934,-0.966341974,-0.781831482,0.623489802,0.497204078,0.867633623
18-06-2011,0,0,0,13965.14286,11876.4,2011,6,24,5,TRUE,0,18,24,6,2,2011,5,1,0,11753,30381,0,0,18124,13965.14286,11753,9460.933559,30381,0,14252.64286,12575,8956.435277,30381,0,12480.53333,12904,7808.726753,30381,0,16110.59984,13524.76924,-1,0,-575,-0.433883739,-0.900968868,-0.273845475,-0.961773703,0.781831482,0.623489802,0.526754753,0.850017312
19-06-2011,15069,60,721,14766.85714,11867.1,2011,6,24,6,TRUE,15069,19,24,6,2,2011,6,1,0,0,20272,9457,13397,15348,13965.14286,11753,9460.933559,30381,0,14252.64286,12575,8956.435277,30381,0,11876.4,12199,8054.289659,30381,0,12082.94988,12652.20348,0,0.593422861,-575,-0.974927912,-0.222520934,-0.29034898,-0.956920827,0.433883739,-0.900968868,0.555681972,0.83139494
20-06-2011,16599,74,997,15525.14286,12420.4,2011,6,25,0,FALSE,16599,20,25,6,2,2011,0,0,0,15069,11753,11291,9459,0,14766.85714,14602,9250.689261,30381,0,14372.07143,13177.5,8955.295627,30381,0,11867.1,12199,8050.30299,30381,0,12829.46241,12808.12584,0.101532948,0.470108936,789.5714286,-0.781831482,0.623489802,-0.306766566,-0.951784783,-0.974927912,-0.222520934,0.5839515,0.811788547
21-06-2011,14183,55,843,15465.28571,12471.66667,2011,6,25,1,FALSE,14183,21,25,6,2,2011,1,0,0,16599,0,14602,18731,12645,15525.14286,15069,9135.112614,30381,0,14882.07143,14835.5,8856.74318,30381,0,12420.4,12904,7772.170862,30381,0,13771.84681,13052.69836,-0.145550937,-0.028694699,1286.142857,-4.12E-14,1,-0.323093376,-0.946367091,-8.23E-14,1,0.611529876,0.791221341
22-06-2011,15818,60,646,13384.85714,12393.3,2011,6,25,2,FALSE,15818,22,25,6,2,2011,2,0,0,14183,15069,30381,21260,18169,15465.28571,15069,9143.538424,30381,0,14557.21429,14392.5,8787.848675,30381,0,12471.66667,13280,7778.773112,30381,0,13874.63511,13125.62105,0.115278855,-0.479345644,1816.142857,0.781831482,0.623489802,-0.339324576,-0.940669353,0.974927912,-0.222520934,0.638384459,0.769717664
23-06-2011,14670,72,960,12584.57143,12351.1,2011,6,25,3,FALSE,14670,23,25,6,2,2011,3,0,0,15818,16599,20272,28265,15936,13384.85714,15069,6441.717717,20272,0,14168.5,14392.5,8586.611033,30381,0,12393.3,13280,7731.092893,30381,0,14360.47633,13299.32292,-0.072575547,-0.276341752,-1567.285714,0.974927912,-0.222520934,-0.355455365,-0.934693256,-0.433883739,-0.900968868,0.664483466,0.747302967
24-06-2011,9981,51,647,12331.42857,12245.03333,2011,6,25,4,FALSE,9981,24,25,6,2,2011,4,0,0,14670,14183,11753,10669,13163,12584.57143,14670,5754.853281,16599,0,13197.42857,14392.5,7579.461273,30381,0,12351.1,13280,7714.52579,30381,0,14437.85725,13387.7537,-0.319631902,-0.150770016,-1225.714286,0.433883739,-0.900968868,-0.371480969,-0.928440569,-0.781831482,0.623489802,0.689796005,0.724003779
25-06-2011,0,0,0,12331.42857,11702.9,2011,6,25,5,TRUE,0,25,25,6,2,2011,5,1,0,9981,15818,0,0,16264,12331.42857,14670,5835.930684,16599,0,13148.28571,14392.5,7599.320227,30381,0,12245.03333,12575,7724.845775,30381,0,13323.64294,13167.96314,-1,0,-1633.714286,-0.433883739,-0.900968868,-0.387396646,-0.92191314,0.781831482,0.623489802,0.714292117,0.699847677
26-06-2011,3760,26,536,10715.85714,11287.93333,2011,6,25,6,TRUE,3760,26,25,6,2,2011,6,1,0,0,14670,15069,9457,16209,12331.42857,14670,5835.930684,16599,0,13148.28571,14392.5,7599.320227,30381,0,11702.9,11738.5,7998.912678,30381,0,9992.732202,12318.41713,0,-0.75048112,-1633.714286,-0.974927912,-0.222520934,-0.403197686,-0.915112903,0.433883739,-0.900968868,0.73794281,0.674863252
27-06-2011,9898,45,712,9758.571429,11617.86667,2011,6,26,0,FALSE,9898,27,26,6,2,2011,0,0,0,3760,9981,16599,11291,0,10715.85714,14183,6481.423646,16599,0,12741.35714,14392.5,7956.331437,30381,0,11287.93333,11507.5,8079.59183,30381,0,8434.549151,11766.26118,1.632446809,-0.403699018,-4051,-0.781831482,0.623489802,-0.418879413,-0.90804187,-0.974927912,-0.222520934,0.760720091,0.649080074
28-06-2011,21747,55,605,10839.14286,12207.2,2011,6,26,1,FALSE,21747,28,26,6,2,2011,1,0,0,9898,0,14183,14602,4067,9758.571429,9981,5939.919524,15818,0,12641.85714,14392.5,7984.524791,30381,0,11617.86667,11507.5,7800.006887,30381,0,8800.411863,11645.7282,1.197110527,0.533314531,-5766.571429,-6.27E-14,1,-0.434437187,-0.900702132,-1.25E-13,1,0.782597002,0.62252866
29-06-2011,12070,42,978,10303.71429,12609.53333,2011,6,26,2,FALSE,12070,29,26,6,2,2011,2,0,0,21747,3760,15818,30381,0,10839.14286,9981,7389.962481,21747,0,13152.21429,14426.5,8339.891322,30381,0,12207.2,11738.5,7877.351771,30381,0,12037.0589,12297.42316,-0.444980917,-0.236945252,-4626.142857,0.781831482,0.623489802,-0.449866405,-0.893095862,0.974927912,-0.222520934,0.803547649,0.595240436
30-06-2011,21949,70,939,11343.57143,12950.36667,2011,6,26,3,FALSE,21949,30,26,6,2,2011,3,0,0,12070,9898,14670,20272,11724,10303.71429,9981,7099.160484,21747,0,11844.28571,13126.5,6705.852122,21747,0,12609.53333,11911.5,7533.086526,30381,0,12045.29417,12282.7507,0.818475559,0.496182686,-3081.142857,0.974927912,-0.222520934,-0.465162499,-0.88522531,-0.433883739,-0.900968868,0.823547235,0.567247699
01-07-2011,7641,49,585,11009.28571,12839.56667,2011,7,26,4,FALSE,7641,1,26,7,3,2011,4,0,0,21949,21747,9981,11753,10965,11343.57143,9981,8280.172962,21949,0,11964.07143,13126.5,6880.674648,21949,0,12950.36667,12733.5,7720.61913,30381,0,14521.22063,12906.37968,-0.651874801,-0.234445446,-1241,0.433883739,-0.900968868,-0.480320945,-0.877092806,-0.781831482,0.623489802,0.84257209,0.53858358
02-07-2011,0,0,0,11009.28571,12353.36667,2011,7,26,5,TRUE,0,2,26,7,3,2011,5,1,0,7641,12070,0,0,14586,11009.28571,9898,8390.846118,21949,0,11670.35714,13126.5,6977.461127,21949,0,12839.56667,12733.5,7773.762741,30381,0,12801.16547,12566.67777,-1,0,-1322.142857,-0.433883739,-0.900968868,-0.495337255,-0.868700756,0.781831482,0.623489802,0.860599696,0.509282007
03-07-2011,3091,25,421,10913.71429,12200.43333,2011,7,26,6,TRUE,3091,3,26,7,3,2011,6,1,0,0,21949,3760,15069,7679,11009.28571,9898,8390.846118,21949,0,11670.35714,13126.5,6977.461127,21949,0,12353.36667,11911.5,8109.642955,30381,0,9600.874104,11755.92436,0,-0.177925532,-1322.142857,-0.974927912,-0.222520934,-0.510206988,-0.860051644,0.433883739,-0.900968868,0.877608717,0.479377659
04-07-2011,15698,52,1100,11742.28571,12723.7,2011,7,27,0,FALSE,15698,4,27,7,3,2011,0,0,0,3091,7641,9898,16599,0,10913.71429,9898,8490.396137,21949,0,10814.78571,11025.5,7257.415785,21949,0,12200.43333,11911.5,8242.997093,30381,0,7973.405578,11196.89699,4.078615335,0.585976965,197.8571429,-0.781831482,0.623489802,-0.524925742,-0.851148028,-0.974927912,-0.222520934,0.89357902,0.448905931
05-07-2011,22092,73,1144,11791.57143,13013.53333,2011,7,27,1,FALSE,22092,5,27,7,3,2011,1,0,0,15698,0,21747,14183,13397,11742.28571,12070,8656.143863,21949,0,10750.42857,11025.5,7205.98977,21949,0,12723.7,12733.5,7934.280034,30381,0,9904.554184,11487.29073,0.407313034,0.015864257,1983.714286,2.94E-14,1,-0.539489162,-0.841992544,5.88E-14,1,0.908491704,0.417902889
06-07-2011,19165,70,999,12805.14286,13337.06667,2011,7,27,2,FALSE,19165,6,27,7,3,2011,2,0,0,22092,3091,12070,15818,9459,11791.57143,12070,8723.323466,22092,0,11315.35714,11025.5,7782.734477,22092,0,13013.53333,13126.5,8116.443083,30381,0,12951.41564,12171.46552,-0.1324914,0.587821044,952.4285714,0.781831482,0.623489802,-0.553892938,-0.832587901,0.974927912,-0.222520934,0.922329118,0.386405226
07-07-2011,19141,76,1045,12404,13350.73333,2011,7,27,3,FALSE,19141,7,27,7,3,2011,3,0,0,19165,15698,21949,14670,18731,12805.14286,15698,9162.212896,22092,0,11554.42857,11025.5,7980.579097,22092,0,13337.06667,14392.5,8163.181475,30381,0,14504.81173,12622.66129,-0.001252283,-0.127932935,2501.428571,0.974927912,-0.222520934,-0.568132809,-0.822936882,-0.433883739,-0.900968868,0.935074884,0.354450223
08-07-2011,12707,65,906,13127.71429,13065.63333,2011,7,27,4,FALSE,12707,8,27,7,3,2011,4,0,0,19141,22092,7641,9981,21260,12404,15698,8747.222645,22092,0,11873.78571,11025.5,8201.251266,22092,0,13350.73333,14392.5,8172.860774,30381,0,15663.8588,13043.19927,-0.336137088,0.663002225,1060.428571,0.433883739,-0.900968868,-0.58220456,-0.813042342,-0.781831482,0.623489802,0.946713918,0.322075701
09-07-2011,0,0,0,13127.71429,12123.46667,2011,7,27,5,TRUE,0,9,27,7,3,2011,5,1,0,12707,19165,0,0,28265,13127.71429,15698,8493.357477,22092,0,12068.5,12388.5,8185.200564,22092,0,13065.63333,13445,8035.46745,30381,0,14924.6441,13021.509,-1,0,2118.428571,-0.433883739,-0.900968868,-0.596104027,-0.802907211,0.781831482,0.623489802,0.957232443,0.289319978
10-07-2011,4204,24,601,13286.71429,11907.96667,2011,7,27,6,TRUE,4204,10,27,7,3,2011,6,1,0,0,19141,3091,3760,10669,13127.71429,15698,8493.357477,22092,0,12068.5,12388.5,8185.200564,22092,0,12123.46667,12388.5,7846.706015,30381,0,11193.48307,12181.41164,0,0.360077645,2118.428571,-0.974927912,-0.222520934,-0.609827098,-0.792534486,0.433883739,-0.900968868,0.96661801,0.256221822
11-07-2011,15106,52,926,13202.14286,12411.5,2011,7,28,0,FALSE,15106,11,28,7,3,2011,0,0,0,4204,12707,15698,9898,0,13286.71429,15698,8281.936201,22092,0,12100.21429,12388.5,8151.322282,22092,0,11907.96667,12388.5,7975.744123,30381,0,9446.112305,11666.73992,2.593244529,-0.03771181,2373,-0.781831482,0.623489802,-0.623369711,-0.781927237,-0.974927912,-0.222520934,0.974859511,0.222820408
12-07-2011,13954,53,976,12039.57143,12561.4,2011,7,28,1,FALSE,13954,12,28,7,3,2011,1,0,0,15106,0,22092,21747,9457,13202.14286,15106,8256.192008,22092,0,12472.21429,13906.5,8161.920675,22092,0,12411.5,13445,7668.978504,30381,0,10861.08423,11888.62767,-0.076261088,-0.36836864,1459.857143,7.85E-15,1,-0.636727858,-0.771088603,1.57E-14,1,0.98194719,0.189155269
13-07-2011,16267,59,946,11625.57143,12727.26667,2011,7,28,2,FALSE,16267,13,28,7,3,2011,2,0,0,13954,4204,19165,12070,11291,12039.57143,13954,7315.086713,19165,0,11915.57143,13330.5,7735.315912,22092,0,12561.4,14068.5,7653.171178,30381,0,11634.31317,12021.8775,0.165758922,-0.151213149,248,0.781831482,0.623489802,-0.649897588,-0.760021792,0.974927912,-0.222520934,0.98787266,0.15526625
14-07-2011,17524,71,952,11394.57143,12824.66667,2011,7,28,3,FALSE,17524,14,28,7,3,2011,3,0,0,16267,15106,19141,21949,14602,11625.57143,13954,6915.714108,19141,0,12215.35714,14530,7822.597155,22092,0,12727.26667,14392.5,7678.568576,30381,0,12792.48488,12295.75637,0.077273007,-0.084478345,-1179.571429,0.974927912,-0.222520934,-0.662875003,-0.748730079,-0.433883739,-0.900968868,0.992628906,0.121193461
15-07-2011,7310,42,839,10623.57143,12055.63333,2011,7,28,4,FALSE,7310,15,28,7,3,2011,4,0,0,17524,13954,12707,7641,30381,11394.57143,13954,6644.532536,17524,0,11899.28571,14530,7480.994436,22092,0,12824.66667,14426.5,7721.580749,30381,0,13975.36366,12633.06241,-0.582857795,-0.424726529,-1009.428571,0.433883739,-0.900968868,-0.675656262,-0.737216804,-0.781831482,0.623489802,0.9962103,0.086977231
16-07-2011,0,0,0,10623.57143,11379.9,2011,7,28,5,TRUE,0,16,28,7,3,2011,5,1,0,7310,16267,0,0,20272,10623.57143,13954,6778.631176,17524,0,11875.64286,14530,7495.995501,22092,0,12055.63333,14068.5,7030.735011,22092,0,12309.02274,12289.63903,-1,0,-2504.142857,-0.433883739,-0.900968868,-0.688237584,-0.725485374,0.781831482,0.623489802,0.998612602,0.052658057
17-07-2011,11019,51,750,11597.14286,11355.43333,2011,7,28,6,TRUE,11019,17,28,7,3,2011,6,1,0,0,17524,4204,3091,11753,10623.57143,13954,6778.631176,17524,0,11875.64286,14530,7495.995501,22092,0,11379.9,13330.5,7186.282327,22092,0,9231.767058,11496.75909,0,1.621075167,-2504.142857,-0.974927912,-0.222520934,-0.700615245,-0.713539262,0.433883739,-0.900968868,0.99983297,0.018276558
18-07-2011,15098,65,1185,11596,11858.7,2011,7,29,0,FALSE,15098,18,29,7,3,2011,0,0,0,11019,7310,15106,15698,0,11597.14286,13954,6164.544061,17524,0,12441.92857,14530,7068.585458,22092,0,11355.43333,13330.5,7186.217756,22092,0,9678.575294,11465.93592,0.370178782,-0.000529591,-1689.571429,-0.781831482,0.623489802,-0.712785583,-0.701382002,-0.974927912,-0.222520934,0.999869958,-0.016126573
19-07-2011,29168,67,851,13769.42857,12328.66667,2011,7,29,1,FALSE,29168,19,29,7,3,2011,1,0,0,15098,0,13954,22092,15069,11596,13954,6163.785823,17524,0,12399.07143,14526,7049.117266,22092,0,11858.7,14068.5,6885.949368,22092,0,11033.43147,11700.26264,0.931911511,1.090296689,-1606.142857,-1.37E-14,1,-0.724744996,-0.689017192,-2.74E-14,1,0.998723524,-0.050510617
20-07-2011,17676,58,1050,13970.71429,12364.56667,2011,7,29,2,FALSE,17676,20,29,7,3,2011,2,0,0,29168,11019,16267,19165,16599,13769.42857,15098,9111.366635,29168,0,12904.5,14526,7988.638054,29168,0,12328.66667,14068.5,7560.679687,29168,0,15567.0736,12827.21344,-0.393993417,0.086617078,1729.857143,0.781831482,0.623489802,-0.736489945,-0.676448491,0.974927912,-0.222520934,0.996395024,-0.084834878
21-07-2011,19907,76,869,14311.14286,12555.36667,2011,7,29,3,FALSE,19907,21,29,7,3,2011,3,0,0,17676,15098,17524,19141,14183,13970.71429,15098,9190.954225,29168,0,12798.14286,14526,7908.385908,29168,0,12364.56667,14068.5,7584.175916,29168,0,16094.3052,13140.03838,0.126216339,0.135984935,2345.142857,0.974927912,-0.222520934,-0.748016955,-0.663679618,-0.433883739,-0.900968868,0.992887214,-0.11905873
22-07-2011,10270,43,875,14734,12370.43333,2011,7,29,4,FALSE,10270,22,29,7,3,2011,4,0,0,19907,29168,7310,12707,15818,14311.14286,15098,9386.552836,29168,0,12852.85714,14526,7958.137981,29168,0,12555.36667,14312,7702.577864,29168,0,17047.4789,13576.61655,-0.48410107,0.404924761,2916.571429,0.433883739,-0.900968868,-0.759322615,-0.650714351,-0.781831482,0.623489802,0.988204245,-0.153141667
23-07-2011,0,0,0,14734,11881.43333,2011,7,29,5,TRUE,0,23,29,7,3,2011,5,1,0,10270,17676,0,0,14670,14734,15098,9080.266351,29168,0,12678.78571,14526,7988.169841,29168,0,12370.43333,13330.5,7688.131429,29168,0,15353.10918,13363.28645,-1,0,4110.428571,-0.433883739,-0.900968868,-0.770403579,-0.637556527,0.781831482,0.623489802,0.982351661,-0.187043349
24-07-2011,17661,58,649,15682.85714,12137.43333,2011,7,29,6,TRUE,17661,24,29,7,3,2011,6,1,0,0,19907,11019,4204,9981,14734,15098,9080.266351,29168,0,12678.78571,14526,7988.169841,29168,0,11881.43333,12388.5,7997.153729,29168,0,11514.83188,12501.13893,0,0.602777022,4110.428571,-0.974927912,-0.222520934,-0.781256568,-0.62421004,0.433883739,-0.900968868,0.975336388,-0.220723651
25-07-2011,16095,59,1020,15825.28571,12673.93333,2011,7,30,0,FALSE,16095,25,30,7,3,2011,0,0,0,17661,10270,15098,15106,0,15682.85714,17661,8973.769339,29168,0,13640,15102,7694.186377,29168,0,12137.43333,13330.5,8056.92084,29168,0,13051.37391,12834.0332,-0.088669951,0.066035236,4085.714286,-0.781831482,0.623489802,-0.791878371,-0.61067884,-0.974927912,-0.222520934,0.96716673,-0.254142709
26-07-2011,13709,53,763,13616.85714,13005.56667,2011,7,30,1,FALSE,13709,26,30,7,3,2011,1,0,0,16095,0,29168,13954,3760,15825.28571,17661,8970.851125,29168,0,13710.64286,15596.5,7713.198255,29168,0,12673.93333,14526,7750.896072,29168,0,13812.28043,13044.41815,-0.148244797,-0.529998629,4229.285714,-3.53E-14,1,-0.802265845,-0.596966929,-7.05E-14,1,0.957852355,-0.287260971
27-07-2011,13962,48,747,13086.28571,13141.03333,2011,7,30,2,FALSE,13962,27,30,7,3,2011,2,0,0,13709,17661,17676,16267,9898,13616.85714,16095,6772.094246,19907,0,13693.14286,15596.5,7712.881571,29168,0,13005.56667,14526,7567.0088,29168,0,13786.46033,13087.2944,0.01845503,-0.210115411,-152.5714286,0.781831482,0.623489802,-0.812415914,-0.583078367,0.974927912,-0.222520934,0.947404289,-0.320039236
28-07-2011,30256,80,858,14564.71429,13424.66667,2011,7,30,3,FALSE,30256,28,30,7,3,2011,3,0,0,13962,16095,19907,17524,21747,13086.28571,13962,6542.674064,19907,0,13528.5,14530,7678.236424,29168,0,13141.03333,14530,7545.805642,29168,0,13830.34524,13143.72702,1.167024782,0.519867383,-884.4285714,0.974927912,-0.222520934,-0.822325578,-0.569017262,-0.433883739,-0.900968868,0.935834897,-0.352438711
29-07-2011,11559,64,682,14748.85714,13407.63333,2011,7,30,4,FALSE,11559,29,30,7,3,2011,4,0,0,30256,13709,10270,7310,12070,14564.71429,13962,9035.266012,30256,0,14437.92857,14530,8852.142205,30256,0,13424.66667,14530,8025.137847,30256,0,17936.75893,14247.74463,-0.617960074,0.125511198,253.5714286,0.433883739,-0.900968868,-0.831991901,-0.554787776,-0.781831482,0.623489802,0.923157873,-0.384421047
30-07-2011,0,0,0,14748.85714,12676,2011,7,30,5,TRUE,0,30,30,7,3,2011,5,1,0,11559,13962,0,0,21949,14748.85714,13962,8945.842413,30256,0,14741.42857,14530,8659.706752,30256,0,13407.63333,14530,8028.653799,30256,0,16342.3192,14074.27723,-1,0,14.85714286,-0.433883739,-0.900968868,-0.841412025,-0.540394119,0.781831482,0.623489802,0.90938822,-0.415948392
31-07-2011,19413,42,789,14999.14286,13068.4,2011,7,30,6,TRUE,19413,31,30,7,3,2011,6,1,0,0,30256,17661,11019,7641,14748.85714,13962,8945.842413,30256,0,14741.42857,14530,8659.706752,30256,0,12676,13958,8221.23038,30256,0,12256.7394,13166.25935,0,0.099201631,14.85714286,-0.974927912,-0.222520934,-0.850583162,-0.525840551,0.433883739,-0.900968868,0.894542237,-0.44698343
01-08-2011,11669,40,761,14366.85714,13457.36667,2011,8,31,0,FALSE,11669,1,31,8,3,2011,0,0,0,19413,11559,16095,15098,0,14999.14286,13962,9064.617393,30256,0,15341,15596.5,8672.729479,30256,0,13068.4,14530,8253.498425,30256,0,14045.80455,13569.27487,-0.398907948,-0.274992234,-683.7142857,-0.781831482,0.623489802,-0.859502597,-0.511131378,-0.974927912,-0.222520934,0.878637494,-0.477489428
02-08-2011,15718,44,848,14653.85714,13878.26667,2011,8,31,1,FALSE,15718,2,31,8,3,2011,1,0,0,11669,0,13709,29168,3091,14366.85714,13709,9129.569019,30256,0,15096.07143,15028.5,8728.36116,30256,0,13457.36667,14530,7883.031189,30256,0,13451.60341,13446.6765,0.346987745,0.146546065,-1458.428571,-5.68E-14,1,-0.868167691,-0.496270954,-1.14E-13,1,0.861692816,-0.507430281
03-08-2011,16499,64,856,15016.28571,13904.96667,2011,8,31,2,FALSE,16499,3,31,8,3,2011,2,0,0,15718,19413,13962,17676,15698,14653.85714,13962,9137.016388,30256,0,14135.35714,14840,7745.180959,30256,0,13878.26667,15102,7643.923532,30256,0,14018.20256,13593.2135,0.049688256,0.181707492,1037,0.781831482,0.623489802,-0.876575881,-0.481263674,0.974927912,-0.222520934,0.843728259,-0.536770551
04-08-2011,41143,82,895,16571.57143,14540,2011,8,31,3,FALSE,41143,4,31,8,3,2011,3,0,0,16499,11669,30256,19907,22092,15016.28571,15718,9155.297332,30256,0,14051.28571,14840,7710.100612,30256,0,13904.96667,15102,7651.893768,30256,0,14638.40192,13780.68359,1.493666283,0.359829455,1930,0.974927912,-0.222520934,-0.884724678,-0.466113981,-0.433883739,-0.900968868,0.824765084,-0.565475513
05-08-2011,12750,55,836,16741.71429,14326.16667,2011,8,31,4,FALSE,12750,5,31,8,3,2011,4,0,0,41143,15718,11559,10270,19165,16571.57143,15718,12492.26913,41143,0,15568.14286,14840,10525.62106,41143,0,14540,15102,9022.534612,41143,0,21264.55144,15545.99433,-0.690105243,0.103036595,2006.857143,0.433883739,-0.900968868,-0.892611671,-0.450826358,-0.781831482,0.623489802,0.804825737,-0.59351119
06-08-2011,0,0,0,16741.71429,13688.13333,2011,8,31,5,TRUE,0,6,31,8,3,2011,5,1,0,12750,16499,0,0,19141,16741.71429,15718,12420.52484,41143,0,15745.28571,14840,10450.19463,41143,0,14326.16667,14530,8985.082519,41143,0,19135.91358,15365.6076,-1,0,1992.857143,-0.433883739,-0.900968868,-0.900234525,-0.435405327,0.781831482,0.623489802,0.783933817,-0.620844402
07-08-2011,5175,30,403,14707.71429,13437.06667,2011,8,31,6,TRUE,5175,7,31,8,3,2011,6,1,0,0,41143,19413,17661,12707,16741.71429,15718,12420.52484,41143,0,15745.28571,14840,10450.19463,41143,0,13688.13333,13958,9305.28838,41143,0,14351.93518,14374.27808,0,-0.733426055,1992.857143,-0.974927912,-0.222520934,-0.907590986,-0.419855454,0.433883739,-0.900968868,0.76211405,-0.647442796
08-08-2011,13336,40,823,14945.85714,13881.6,2011,8,32,0,FALSE,13336,8,32,8,3,2011,0,0,0,5175,12750,11669,16095,0,14707.71429,12750,13059.54085,41143,0,14853.42857,13835.5,10801.03496,41143,0,13437.06667,13958,9433.402037,41143,0,12057.70139,13780.77626,1.577004831,0.142857143,-291.4285714,-0.781831482,0.623489802,-0.914678876,-0.404181338,-0.974927912,-0.222520934,0.739392264,-0.673274892
09-08-2011,16258,42,652,15023,14283.4,2011,8,32,1,FALSE,16258,9,32,8,3,2011,1,0,0,13336,0,15718,13709,4204,14945.85714,13336,13009.9992,41143,0,14656.35714,13522.5,10801.80897,41143,0,13881.6,13958,9086.197003,41143,0,12377.27604,13752.08102,0.219106179,0.034355516,579,3.53E-14,1,-0.921496098,-0.388387618,7.06E-14,1,0.715795349,-0.698310116
10-08-2011,14414,49,827,14725.14286,14260.33333,2011,8,32,2,FALSE,14414,10,32,8,3,2011,2,0,0,16258,5175,16499,13962,15106,15023,13336,13016.93981,41143,0,14838.42857,13649,10806.09399,41143,0,14283.4,14530,8908.264937,41143,0,13347.45703,13913.75321,-0.113421085,-0.126371295,369.1428571,0.781831482,0.623489802,-0.928040634,-0.372478969,0.974927912,-0.222520934,0.691351236,-0.722518836
11-08-2011,39228,69,1045,14451.57143,15102.8,2011,8,32,3,FALSE,39228,11,32,8,3,2011,3,0,0,14414,13336,41143,30256,13954,14725.14286,13336,13001.38201,41143,0,14870.71429,13875,10803.94905,41143,0,14260.33333,14188,8906.957305,41143,0,13614.09277,13946.0272,1.721520744,-0.046544977,-291.1428571,0.974927912,-0.222520934,-0.934310548,-0.356460096,-0.433883739,-0.900968868,0.666088856,-0.745872399
12-08-2011,11978,51,711,14341.28571,14959.83333,2011,8,32,4,FALSE,11978,12,32,8,3,2011,4,0,0,39228,16258,12750,11559,16267,14451.57143,13336,12357.03948,39228,0,15511.57143,13875,11987.9737,41143,0,15102.8,14756,10004.621,41143,0,20017.56958,15577.12222,-0.694656878,-0.06054902,-2120,0.433883739,-0.900968868,-0.940303984,-0.340335742,-0.781831482,0.623489802,0.640038108,-0.768343166
13-08-2011,0,0,0,14341.28571,14375.7,2011,8,32,5,TRUE,0,13,32,8,3,2011,5,1,0,11978,14414,0,0,17524,14341.28571,13336,12378.18388,39228,0,15541.5,13875,11977.86562,41143,0,14959.83333,14188,10018.04687,41143,0,18007.67718,15344.92079,-1,0,-2400.428571,-0.433883739,-0.900968868,-0.94601917,-0.324110677,0.781831482,0.623489802,0.613229826,-0.789904539
14-08-2011,3172,25,380,14055.14286,14237.76667,2011,8,32,6,TRUE,3172,14,32,8,3,2011,6,1,0,0,39228,5175,19413,7310,14341.28571,13336,12378.18388,39228,0,15541.5,13875,11977.86562,41143,0,14375.7,13835.5,10368.15739,41143,0,13505.75789,14354.9259,0,-0.38705314,-2400.428571,-0.974927912,-0.222520934,-0.951454413,-0.307789702,0.433883739,-0.900968868,0.58569574,-0.810530999
15-08-2011,10173,48,614,13603.28571,14576.86667,2011,8,33,0,FALSE,10173,15,33,8,3,2011,0,0,0,3172,11978,13336,11669,0,14055.14286,13336,12645.65553,39228,0,14381.42857,13043,12354.61838,41143,0,14237.76667,13835.5,10492.18091,41143,0,10922.31842,13633.44681,2.207124842,-0.237177564,-652.5714286,-0.781831482,0.623489802,-0.956608105,-0.291377647,-0.974927912,-0.222520934,0.557468437,-0.830198134
16-08-2011,11184,53,662,12878.42857,14582.36667,2011,8,33,1,FALSE,11184,16,33,8,3,2011,1,0,0,10173,0,16258,15718,11019,13603.28571,11978,12731.85156,39228,0,14274.57143,13043,12386.31218,41143,0,14576.86667,13835.5,10175.78026,41143,0,10734.98881,13410.19217,0.099380714,-0.312092508,-1342.571429,1.37E-14,1,-0.961478722,-0.274879369,2.75E-14,1,0.528581328,-0.848882665
17-08-2011,25649,54,939,14483.42857,14934.06667,2011,8,33,2,FALSE,25649,17,33,8,3,2011,2,0,0,11184,3172,14414,16499,15098,12878.42857,11184,12699.91979,39228,0,13950.71429,12364,12404.92849,41143,0,14582.36667,13835.5,10173.83533,41143,0,10847.24161,13266.56687,1.293365522,0.779450534,-2144.571429,0.781831482,0.623489802,-0.966064822,-0.258299749,0.974927912,-0.222520934,0.499068603,-0.866562479
18-08-2011,34028,69,854,13740.57143,15096.06667,2011,8,33,3,FALSE,34028,18,33,8,3,2011,3,0,0,25649,10173,39228,41143,29168,14483.42857,11184,13604.07485,39228,0,14604.28571,12364,12784.74214,41143,0,14934.06667,13835.5,10372.70048,41143,0,14547.68121,14065.43353,0.326679403,-0.132558377,-241.7142857,0.974927912,-0.222520934,-0.970365047,-0.241643695,-0.433883739,-0.900968868,0.468965191,-0.883216649
19-08-2011,10664,56,556,13552.85714,14862.33333,2011,8,33,4,FALSE,10664,19,33,8,3,2011,4,0,0,34028,11184,11978,12750,17676,13740.57143,11184,12084.83013,34028,0,14096.07143,12364,11748.01648,39228,0,15096.06667,13835.5,10637.24857,41143,0,19417.76091,15353.34104,-0.686611026,-0.109701119,-711,0.433883739,-0.900968868,-0.974378126,-0.224916134,-0.781831482,0.623489802,0.438306723,-0.898825465
20-08-2011,0,0,0,13552.85714,14198.76667,2011,8,33,5,TRUE,0,20,33,8,3,2011,5,1,0,10664,25649,0,0,19907,13552.85714,10664,12126.90324,34028,0,13947.07143,11581,11779.58788,39228,0,14862.33333,13522.5,10655.62645,41143,0,17229.32068,15050.80291,-1,0,-788.4285714,-0.433883739,-0.900968868,-0.978102871,-0.208122017,0.781831482,0.623489802,0.407129485,-0.913370452
21-08-2011,8081,39,656,14254.14286,14125.8,2011,8,33,6,TRUE,8081,21,33,8,3,2011,6,1,0,0,34028,3172,5175,10270,13552.85714,10664,12126.90324,34028,0,13947.07143,11581,11779.58788,39228,0,14198.76667,13043,10946.51503,41143,0,12921.99051,14079.78337,0,1.547604035,-788.4285714,-0.974927912,-0.222520934,-0.981538179,-0.191266314,0.433883739,-0.900968868,0.375470379,-0.926834394
22-08-2011,15542,65,732,15021.14286,14643.86667,2011,8,34,0,FALSE,15542,22,34,8,3,2011,0,0,0,8081,10664,10173,13336,0,14254.14286,10664,11554.99248,34028,0,14154.64286,11581,11637.87363,39228,0,14125.8,13043,10980.84803,41143,0,11711.74288,13692.76508,0.923276822,0.527769586,199,-0.781831482,0.623489802,-0.984683035,-0.174354011,-0.974927912,-0.222520934,0.343366874,-0.939201357
23-08-2011,15172,64,816,15590.85714,14560.9,2011,8,34,1,FALSE,15172,23,34,8,3,2011,1,0,0,15542,0,11184,16258,17661,15021.14286,11184,11416.30364,34028,0,14312.21429,11581,11640.87069,39228,0,14643.86667,13522.5,10653.16415,41143,0,12669.30716,13812.07056,-0.02380646,0.35658083,1417.857143,-7.83E-15,1,-0.987536507,-0.157390115,-1.57E-14,1,0.310856968,-0.950456704
24-08-2011,29360,76,946,16121,15003.06667,2011,8,34,2,FALSE,29360,24,34,8,3,2011,2,0,0,15172,8081,25649,14414,16095,15590.85714,15172,11291.73005,34028,0,14234.64286,11581,11630.52093,39228,0,14560.9,13522.5,10638.53862,41143,0,13294.98037,13899.80795,0.935143686,0.144684003,2712.428571,0.781831482,0.623489802,-0.990097751,-0.140379644,0.974927912,-0.222520934,0.277979139,-0.960587111
25-08-2011,13316,74,751,13162.14286,14989.96667,2011,8,34,3,FALSE,13316,25,34,8,3,2011,3,0,0,29360,15542,34028,39228,13709,16121,15172,11912.70122,34028,0,15302.21429,11581,12314.11185,39228,0,15003.06667,13522.5,10974.84769,41143,0,17311.23528,14897.23969,-0.546457766,-0.608675209,1637.571429,0.974927912,-0.222520934,-0.992366009,-0.123327633,-0.433883739,-0.900968868,0.244772301,-0.96958059
26-08-2011,17125,47,623,14085.14286,15095.4,2011,8,34,4,FALSE,17125,26,34,8,3,2011,4,0,0,13316,15172,10664,11978,13962,13162.14286,13316,8919.998401,29360,0,13451.35714,11581,10208.69906,34028,0,14989.96667,13326,10976.68,41143,0,16312.42646,14795.22423,0.286046861,0.605870218,-578.4285714,0.433883739,-0.900968868,-0.99434061,-0.106239126,-0.781831482,0.623489802,0.211275756,-0.977426496
27-08-2011,0,0,0,14085.14286,14086.86667,2011,8,34,5,TRUE,0,27,34,8,3,2011,5,1,0,17125,29360,0,0,30256,14085.14286,15172,8952.636901,29360,0,13819,12250,10244.17503,34028,0,15095.4,13326,10981.6552,41143,0,16515.56984,14945.53234,-1,0,532.2857143,-0.433883739,-0.900968868,-0.996020969,-0.089119183,0.781831482,0.623489802,0.177529149,-0.984115543
28-08-2011,6701,37,734,13888,13924.93333,2011,8,34,6,TRUE,6701,28,34,8,3,2011,6,1,0,0,13316,8081,3172,11559,14085.14286,15172,8952.636901,29360,0,13819,12250,10244.17503,34028,0,14086.86667,13033,10930.53127,41143,0,12386.67738,13981.30445,0,-0.170770944,532.2857143,-0.974927912,-0.222520934,-0.99740659,-0.071972867,0.433883739,-0.900968868,0.143572423,-0.989639813
29-08-2011,0,0,0,11667.71429,13924.93333,2011,8,35,0,FALSE,0,29,35,8,3,2011,0,0,0,6701,17125,15542,10173,0,13888,15172,9120.508228,29360,0,14071.07143,12250,10002.60866,34028,0,13924.93333,13033,11005.00379,41143,0,10965.25804,13511.60739,-1,-1,-366.1428571,-0.781831482,0.623489802,-0.998497063,-0.054805253,-0.974927912,-0.222520934,0.109445769,-0.993992768
30-08-2011,10236,41,1304,10962.57143,13619.03333,2011,8,35,1,FALSE,10236,30,35,8,3,2011,1,0,0,0,0,15172,11184,19413,11667.71429,13316,10446.1729,29360,0,13344.42857,12250,10655.75429,34028,0,13924.93333,13033,11005.00379,41143,0,8223.943528,12639.89078,0,-0.325336146,-3353.428571,-2.94E-14,1,-0.999292064,-0.037621422,-5.88E-14,1,0.075189576,-0.997169257
31-08-2011,12449,47,785,8546.714286,13645.03333,2011,8,35,2,FALSE,12449,31,35,8,3,2011,2,0,0,10236,6701,29360,25649,11669,10962.57143,10236,10336.21765,29360,0,13276.71429,11990,10673.53657,34028,0,13619.03333,12364,10974.697,41143,0,8726.957646,12484.80105,0.216197733,-0.575987738,-4628.285714,0.781831482,0.623489802,-0.999791358,-0.020426458,0.974927912,-0.222520934,0.040844392,-0.99916552
01-09-2011,27850,76,774,10623,14049.43333,2011,9,35,3,FALSE,27850,1,35,9,3,2011,3,0,0,12449,0,13316,34028,15718,8546.714286,10236,6632.167864,17125,0,12333.85714,11556.5,10062.04949,34028,0,13645.03333,12599.5,10970.84117,41143,0,9657.468234,12482.49131,1.23712748,1.09146891,-7574.285714,0.974927912,-0.222520934,-0.999994798,-0.003225449,-0.433883739,-0.900968868,0.006450864,-0.999979193
02-09-2011,18433,74,1120,10809.85714,14113.9,2011,9,35,4,FALSE,18433,2,35,9,3,2011,4,0,0,27850,10236,17125,10664,16499,10623,10236,9862.45338,27850,0,11892.57143,11556.5,9129.712741,29360,0,14049.43333,12599.5,11269.42618,41143,0,14205.60118,13473.94348,-0.338132855,0.076379562,-2539.142857,0.433883739,-0.900968868,-0.999902324,0.013976514,-0.781831482,0.623489802,-0.027950298,-0.999609314
03-09-2011,0,0,0,10809.85714,12742.46667,2011,9,35,5,TRUE,0,3,35,9,3,2011,5,1,0,18433,12449,0,0,41143,10809.85714,10236,10017.34834,27850,0,12447.5,12882.5,9284.09761,29360,0,14113.9,12599.5,11289.43606,41143,0,15262.45088,13793.88261,-1,0,-3275.285714,-0.433883739,-0.900968868,-0.999513962,0.031174342,0.781831482,0.623489802,-0.062318379,-0.998056321
04-09-2011,10920,50,821,11412.57143,12681.46667,2011,9,35,6,TRUE,10920,4,35,9,3,2011,6,1,0,0,27850,6701,8081,12750,10809.85714,10236,10017.34834,27850,0,12447.5,12882.5,9284.09761,29360,0,12742.46667,12213.5,10352.90176,39228,0,11446.83816,12903.9547,0,0.629607521,-3275.285714,-0.974927912,-0.222520934,-0.998829828,0.048362944,0.433883739,-0.900968868,-0.096612702,-0.995322051
05-09-2011,22742,68,885,14661.42857,13439.53333,2011,9,36,0,FALSE,22742,5,36,9,3,2011,0,0,0,10920,18433,0,15542,0,11412.57143,10920,9854.526707,27850,0,12650.28571,12882.5,9212.112907,29360,0,12681.46667,11581,10358.24571,39228,0,11315.12862,12775.95762,1.082600733,0,-2475.428571,-0.781831482,0.623489802,-0.997850124,0.065537235,-0.974927912,-0.222520934,-0.130792676,-0.991409742
06-09-2011,15070,64,706,15352,13769.36667,2011,9,36,1,FALSE,15070,6,36,9,3,2011,1,0,0,22742,0,10236,15172,5175,14661.42857,12449,9191.425676,27850,0,13164.57143,12882.5,9579.614347,29360,0,13439.53333,12213.5,10229.5366,39228,0,14171.84647,13418.9281,-0.337349398,0.472254787,2993.714286,-5.10E-14,1,-0.996575141,0.082692132,-1.02E-13,1,-0.164817847,-0.986324023
07-09-2011,16390,52,1086,15915,13871.16667,2011,9,36,2,FALSE,16390,7,36,9,3,2011,2,0,0,15070,10920,12449,29360,13336,15352,15070,8982.743883,27850,0,13157.28571,12882.5,9578.008822,29360,0,13769.36667,12882.5,10112.72903,39228,0,14396.38485,13525.44887,0.087591241,0.316571612,4389.428571,0.781831482,0.623489802,-0.995005255,0.09982256,0.974927912,-0.222520934,-0.198647943,-0.980070913
08-09-2011,17404,76,933,14422.71429,13909.36667,2011,9,36,3,FALSE,17404,8,36,9,3,2011,3,0,0,16390,22742,27850,13316,16258,15915,16390,8893.531151,27850,0,12230.85714,12882.5,8451.235694,27850,0,13871.16667,12882.5,10123.58186,39228,0,14894.78864,13710.25862,0.061866992,-0.37508079,7368.285714,0.974927912,-0.222520934,-0.99314093,0.116923448,-0.433883739,-0.900968868,-0.232242924,-0.972657815
09-09-2011,17358,62,911,14269.14286,14007.5,2011,9,36,4,FALSE,17358,9,36,9,3,2011,4,0,0,17404,15070,18433,17125,14414,14422.71429,16390,7288.733971,22742,0,12522.85714,13759.5,8561.515761,27850,0,13909.36667,12882.5,10135.05446,39228,0,15522.09148,13948.56451,-0.002643071,-0.058319319,3799.714286,0.433883739,-0.900968868,-0.99098272,0.133989737,-0.781831482,0.623489802,-0.265563028,-0.964093501
10-09-2011,0,0,0,14269.14286,12699.9,2011,9,36,5,TRUE,0,10,36,9,3,2011,5,1,0,17358,16390,0,0,39228,14269.14286,16390,7200.952239,22742,0,12539.5,13759.5,8571.370896,27850,0,14007.5,12882.5,10154.34348,39228,0,15981.06861,14168.52809,-1,0,3459.285714,-0.433883739,-0.900968868,-0.988531261,0.151016376,0.781831482,0.623489802,-0.298568817,-0.954388108
11-09-2011,20906,75,1017,15695.71429,12997.5,2011,9,36,6,TRUE,20906,11,36,9,3,2011,6,1,0,0,17404,10920,6701,11978,14269.14286,16390,7200.952239,22742,0,12539.5,13759.5,8571.370896,27850,0,12699.9,12213.5,9283.006266,34028,0,11985.80146,13254.42951,0,0.914468864,3459.285714,-0.974927912,-0.222520934,-0.98578728,0.167998327,0.433883739,-0.900968868,-0.331221228,-0.943553124
12-09-2011,16824,68,901,14850.28571,13558.3,2011,9,37,0,FALSE,16824,12,37,9,3,2011,0,0,0,20906,17358,22742,0,0,15695.71429,17358,7412.912736,22742,0,13554.14286,15730,8667.296738,27850,0,12997.5,12882.5,9401.419408,34028,0,14215.85109,13748.07922,-0.195254951,-0.260223375,4283.142857,-0.781831482,0.623489802,-0.982751589,0.184930565,-0.974927912,-0.222520934,-0.363481612,-0.931601373
13-09-2011,36519,67,1095,17914.42857,14669.86667,2011,9,37,1,FALSE,36519,13,37,9,3,2011,1,0,0,16824,0,15070,10236,3172,14850.28571,16824,6786.350166,20906,0,14755.85714,16607,7762.562829,27850,0,13558.3,14193,9096.202535,34028,0,14867.88832,13946.52572,1.170649073,1.423291307,188.8571429,-7.25E-14,1,-0.979425086,0.201808078,-1.45E-13,1,-0.395311789,-0.918546999
14-09-2011,14186,68,849,17599.57143,14803.63333,2011,9,37,2,FALSE,14186,14,37,9,3,2011,2,0,0,36519,20906,16390,12449,10173,17914.42857,17358,10646.5127,36519,0,16633.21429,17091,9556.345706,36519,0,14669.86667,15121,9793.976367,36519,0,20280.66624,15402.81438,-0.611544675,-0.134472239,2562.428571,0.781831482,0.623489802,-0.975808756,0.218625874,0.974927912,-0.222520934,-0.426674083,-0.904405455
15-09-2011,29281,83,1007,19296.28571,15406.86667,2011,9,37,3,FALSE,29281,15,37,9,3,2011,3,0,0,14186,16824,17404,27850,11184,17599.57143,17358,10731.36173,36519,0,16757.28571,17091,9509.001237,36519,0,14803.63333,15121,9757.778031,36519,0,18756.99968,15324.31023,1.064077259,0.682429327,1684.571429,0.974927912,-0.222520934,-0.971903667,0.235378974,-0.433883739,-0.900968868,-0.457531376,-0.889193477
16-09-2011,15051,50,800,18966.71429,15053.6,2011,9,37,4,FALSE,15051,16,37,9,3,2011,4,0,0,29281,36519,17358,18433,25649,19296.28571,17358,11599.12639,36519,0,16859.5,17091,9644.142102,36519,0,15406.86667,15357,10080.3469,36519,0,21387.99976,16224.74183,-0.48598067,-0.132907017,4873.571429,0.433883739,-0.900968868,-0.967710977,0.252062422,-0.781831482,0.623489802,-0.487847145,-0.872929071
17-09-2011,0,0,0,18966.71429,13919.33333,2011,9,37,5,TRUE,0,17,37,9,3,2011,5,1,0,15051,14186,0,0,34028,18966.71429,16824,11695.75119,36519,0,16617.92857,16607,9644.053468,36519,0,15053.6,15121,9892.996205,36519,0,19803.74982,16149.01655,-1,0,4697.571429,-0.433883739,-0.900968868,-0.963231926,0.268671281,0.781831482,0.623489802,-0.51758551,-0.855631486
18-09-2011,8937,27,829,17256.85714,13861.76667,2011,9,37,6,TRUE,8937,18,37,9,3,2011,6,1,0,0,29281,20906,10920,10664,18966.71429,16824,11695.75119,36519,0,16617.92857,16607,9644.053468,36519,0,13919.33333,15060.5,9588.52769,36519,0,14852.81236,15107.14451,0,-0.572515067,4697.571429,-0.974927912,-0.222520934,-0.958467839,0.285200635,0.433883739,-0.900968868,-0.546711273,-0.837321195
19-09-2011,29248,71,765,19031.71429,14836.7,2011,9,38,0,FALSE,29248,19,38,9,3,2011,0,0,0,8937,15051,16824,22742,0,17256.85714,15051,12227.7869,36519,0,16476.28571,16607,9748.176835,36519,0,13861.76667,15060.5,9613.896313,36519,0,13373.85927,14709.07067,2.272686584,0.738468854,1561.142857,-0.781831482,0.623489802,-0.953420125,0.301645594,-0.974927912,-0.222520934,-0.575189961,-0.818019871
20-09-2011,43683,70,895,20055.14286,16023.43333,2011,9,38,1,FALSE,43683,20,38,9,3,2011,1,0,0,29248,0,36519,15070,8081,19031.71429,15051,13029.85003,36519,0,16941,16607,10213.80834,36519,0,14836.7,15121,9642.677798,36519,0,17342.39446,15647.06611,0.49353802,0.196171856,4181.428571,1.96E-14,1,-0.94809028,0.318001292,3.92E-14,1,-0.602987867,-0.797750357
21-09-2011,22312,75,1329,21216,16249.1,2011,9,38,2,FALSE,22312,21,38,9,3,2011,2,0,0,43683,8937,14186,16390,15542,20055.14286,15051,14794.20402,43683,0,18984.78571,17091,12432.40039,43683,0,16023.43333,15357,10892.38152,43683,0,23927.54584,17455.83604,-0.48922922,0.572818272,2140.714286,0.781831482,0.623489802,-0.942479879,0.334262887,0.974927912,-0.222520934,-0.630072091,-0.776536644
22-09-2011,33144,112,1193,21767.85714,16848.16667,2011,9,38,3,FALSE,33144,22,38,9,3,2011,3,0,0,22312,29248,29281,17404,15172,21216,22312,14574.08817,43683,0,19407.78571,17381,12438.06802,43683,0,16249.1,15781,10952.0299,43683,0,23523.65938,17769.13694,0.485478666,0.131928554,3616.428571,0.974927912,-0.222520934,-0.936590583,0.350425569,-0.433883739,-0.900968868,-0.656410576,-0.754403841
23-09-2011,21872,64,1271,22742.28571,16598.56667,2011,9,38,4,FALSE,21872,23,38,9,3,2011,4,0,0,33144,43683,15051,17358,29360,21767.85714,22312,14997.36316,43683,0,20532.07143,19132,12944.09321,43683,0,16848.16667,16607,11374.46154,43683,0,25928.74454,18761.06359,-0.340091721,0.453192479,2471.571429,0.433883739,-0.900968868,-0.930424135,0.366484554,-0.781831482,0.623489802,-0.681972149,-0.731378143
24-09-2011,0,0,0,22742.28571,16154.7,2011,9,38,5,TRUE,0,24,38,9,3,2011,5,1,0,21872,22312,0,0,13316,22742.28571,22312,14706.99102,43683,0,20854.5,21389,12915.13535,43683,0,16598.56667,16607,11170.76975,43683,0,24914.5584,18961.76917,-1,0,3775.571429,-0.433883739,-0.900968868,-0.92398236,0.382435091,0.781831482,0.623489802,-0.706726556,-0.707486802
25-09-2011,19424,75,979,24240.42857,16231.33333,2011,9,38,6,TRUE,19424,25,38,9,3,2011,6,1,0,0,33144,8937,20906,17125,22742.28571,22312,14706.99102,43683,0,20854.5,21389,12915.13535,43683,0,16154.7,16607,11563.3539,43683,0,18685.9188,17738.42922,0,1.173436276,3775.571429,-0.974927912,-0.222520934,-0.917267163,0.398272459,0.433883739,-0.900968868,-0.730644497,-0.682758097
26-09-2011,15249,66,900,22240.57143,16739.63333,2011,9,39,0,FALSE,15249,26,39,9,3,2011,0,0,0,19424,21872,29248,16824,0,24240.42857,22312,13555.36543,43683,0,20748.64286,20648,12920.75305,43683,0,16231.33333,16607,11577.61531,43683,0,18870.4391,17847.17572,-0.21494028,-0.478631018,6983.571429,-0.781831482,0.623489802,-0.910280532,0.413991972,-0.974927912,-0.222520934,-0.753697664,-0.657221295
27-09-2011,21231,80,1006,19033.14286,17223.96667,2011,9,39,1,FALSE,21231,27,39,9,3,2011,1,0,0,15249,0,43683,36519,6701,22240.57143,21872,13725.04771,43683,0,20636.14286,20648,12964.33639,43683,0,16739.63333,16607,11167.9218,43683,0,17965.07933,17679.55148,0.392288019,-0.513975688,3208.857143,-1.95E-15,1,-0.903024535,0.429588977,-3.90E-15,1,-0.775858773,-0.630906621
28-09-2011,25530,85,1299,19492.85714,18074.96667,2011,9,39,2,FALSE,25530,28,39,9,3,2011,2,0,0,21231,19424,22312,14186,0,19033.14286,21231,9995.74837,33144,0,19544.14286,20327.5,12141.33576,43683,0,17223.96667,17091,11031.79213,43683,0,18781.55949,17908.67719,0.202486929,0.144227322,-1022,0.781831482,0.623489802,-0.895501318,0.445058861,0.974927912,-0.222520934,-0.797101593,-0.603845221
29-09-2011,27456,105,1134,18680.28571,18648.96667,2011,9,39,3,FALSE,27456,29,39,9,3,2011,3,0,0,25530,15249,33144,29281,10236,19492.85714,21231,10242.62988,33144,0,20354.42857,21551.5,12134.77315,43683,0,18074.96667,17381,10634.86755,43683,0,20468.66962,18400.37544,0.075440658,-0.171614772,-1723.142857,0.974927912,-0.222520934,-0.887713108,0.460397044,-0.433883739,-0.900968868,-0.817400982,-0.576069123
30-09-2011,22553,74,970,18777.57143,18985.76667,2011,9,39,4,FALSE,22553,30,39,9,3,2011,4,0,0,27456,21231,21872,15051,12449,18680.28571,21231,9146.081469,27456,0,20224.07143,21551.5,12040.94326,43683,0,18648.96667,17918.5,10661.85908,43683,0,22215.50222,18984.60928,-0.178576632,0.031135699,-3087.571429,0.433883739,-0.900968868,-0.879662209,0.475598989,-0.781831482,0.623489802,-0.836732914,-0.547611204
01-10-2011,0,0,0,18777.57143,18057.43333,2011,10,39,5,TRUE,0,1,39,10,4,2011,5,1,0,22553,25530,0,0,27850,18777.57143,21231,9189.209811,27456,0,20759.92857,22092,11959.67368,43683,0,18985.76667,18928.5,10618.75503,43683,0,22299.87666,19214.82804,-1,0,-3964.714286,-0.433883739,-0.900968868,-0.871351004,0.490660196,0.781831482,0.623489802,-0.855074509,-0.518505144
02-10-2011,8332,35,862,17193,17720.73333,2011,10,39,6,TRUE,8332,2,39,10,4,2011,6,1,0,0,27456,19424,8937,18433,18777.57143,21231,9189.209811,27456,0,20759.92857,22092,11959.67368,43683,0,18057.43333,17918.5,11026.63142,43683,0,16724.9075,17975.16171,0,-0.571046129,-3964.714286,-0.974927912,-0.222520934,-0.862781952,0.505576209,0.433883739,-0.900968868,-0.872404057,-0.488785394
03-10-2011,25942,68,1088,18720.57143,18585.46667,2011,10,40,0,FALSE,25942,3,40,10,4,2011,0,0,0,8332,22553,15249,29248,0,17193,21231,9981.361697,27456,0,20716.71429,22092,12006.68068,43683,0,17720.73333,17381,11168.0786,43683,0,14626.68062,17353.02225,2.113538166,0.70122631,-7047.428571,-0.781831482,0.623489802,-0.853957589,0.520342614,-0.974927912,-0.222520934,-0.888701048,-0.458487129
04-10-2011,25284,81,1190,19299.57143,19064.26667,2011,10,40,1,FALSE,25284,4,40,10,4,2011,1,0,0,25942,0,21231,43683,10920,18720.57143,22553,10441.87908,27456,0,20480.57143,22092,11857.56831,43683,0,18585.46667,18414,10744.98333,43683,0,17455.51047,17907.14984,-0.025364274,0.190900099,-3520,-2.35E-14,1,-0.844880527,0.534955041,-4.70E-14,1,-0.903946193,-0.427646209
05-10-2011,46222,96,1104,22255.57143,19846.93333,2011,10,40,2,FALSE,46222,5,40,10,4,2011,2,0,0,25284,8332,25530,22312,22742,19299.57143,25284,10713.12814,27456,0,19166.35714,22092,9955.149596,33144,0,19064.26667,20165,10711.60959,43683,0,19412.63285,18383.07566,0.82811264,0.810497454,266.4285714,0.781831482,0.623489802,-0.83555345,0.549409166,0.974927912,-0.222520934,-0.918121448,-0.396299137
06-10-2011,35367,122,1253,23385.71429,20523.5,2011,10,40,3,FALSE,35367,6,40,10,4,2011,3,0,0,46222,25942,27456,33144,15070,22255.57143,25284,14795.60777,46222,0,20874.21429,22212.5,12308.98022,46222,0,19846.93333,20165,11792.83617,46222,0,26114.97464,20179.13529,-0.234844879,0.288133741,2762.714286,0.974927912,-0.222520934,-0.82597912,0.563700712,-0.433883739,-0.900968868,-0.931210036,-0.364483015
07-10-2011,30914,88,1068,24580.14286,21007.63333,2011,10,40,4,FALSE,30914,7,40,10,4,2011,4,0,0,35367,25284,22553,21872,16390,23385.71429,25284,15542.3325,46222,0,21033,22212.5,12492.40735,46222,0,20523.5,21068.5,12087.86748,46222,0,28427.98098,21158.99753,-0.125908333,0.370726733,4705.428571,0.433883739,-0.900968868,-0.81616037,0.57782545,-0.781831482,0.623489802,-0.943196466,-0.332235499
08-10-2011,0,0,0,24580.14286,20427.5,2011,10,40,5,TRUE,0,8,40,10,4,2011,5,1,0,30914,46222,0,0,17404,24580.14286,25942,15787.01815,46222,0,21678.85714,23918.5,12769.77663,46222,0,21007.63333,21551.5,12206.87311,46222,0,29049.48573,21788.35253,-1,0,5802.571429,-0.433883739,-0.900968868,-0.806100104,0.5917792,0.781831482,0.623489802,-0.95406655,-0.299594756
09-10-2011,7285,39,798,24430.57143,20091.73333,2011,10,40,6,TRUE,7285,9,40,10,4,2011,6,1,0,0,35367,8332,19424,17358,24580.14286,25942,15787.01815,46222,0,21678.85714,23918.5,12769.77663,46222,0,20427.5,21551.5,12783.9644,46222,0,21787.1143,20382.65237,0,-0.125660106,5802.571429,-0.974927912,-0.222520934,-0.795801301,0.605557833,0.433883739,-0.900968868,-0.963807423,-0.266599421
10-10-2011,26121,100,1323,24456.14286,20962.43333,2011,10,41,0,FALSE,26121,10,41,10,4,2011,0,0,0,7285,30914,25942,15249,0,24430.57143,25942,15970.50861,46222,0,20811.78571,23918.5,13334.30192,46222,0,20091.73333,21551.5,12997.85649,46222,0,18161.58573,19537.64254,2.585586822,0.006900008,7237.571429,-0.781831482,0.623489802,-0.785267007,0.619157272,-0.974927912,-0.222520934,-0.972407556,-0.233288544
11-10-2011,28477,82,1227,24912.28571,21214.8,2011,10,41,1,FALSE,28477,11,41,10,4,2011,1,0,0,26121,0,25284,21231,20906,24456.14286,26121,15973.47503,46222,0,21588.35714,25407,13301.95818,46222,0,20962.43333,22092,12469.70768,46222,0,20151.43929,19962.37528,0.090195628,0.126285398,5735.571429,6.86E-14,1,-0.77450034,0.632573493,1.37E-13,1,-0.97985677,-0.199701553
12-10-2011,17639,88,1061,20829,21241.96667,2011,10,41,2,FALSE,17639,12,41,10,4,2011,2,0,0,28477,7285,46222,25530,16824,24912.28571,28477,16046.47888,46222,0,22105.92857,25736,13427.36173,46222,0,21214.8,22432.5,12544.91179,46222,0,22232.82947,20511.7059,-0.380587843,-0.618385185,5612.714286,0.781831482,0.623489802,-0.763504486,0.645802524,0.974927912,-0.222520934,-0.986146248,-0.165878199
13-10-2011,18681,77,1164,18445.28571,20647.36667,2011,10,41,3,FALSE,18681,13,41,10,4,2011,3,0,0,17639,26121,35367,27456,36519,20829,26121,13083.20242,35367,0,21542.28571,25613,13438.1891,46222,0,21241.96667,22432.5,12535.95466,46222,0,21084.3721,20326.37004,0.059073644,-0.471795742,-1426.571429,0.974927912,-0.222520934,-0.752282698,0.658840453,-0.433883739,-0.900968868,-0.991268547,-0.131858516
14-10-2011,18134,74,991,16619.57143,20778.96667,2011,10,41,4,FALSE,18134,14,41,10,4,2011,4,0,0,18681,28477,30914,22553,14186,18445.28571,18681,11405.45862,30914,0,20915.5,23918.5,13345.46577,46222,0,20647.36667,22092,12205.02857,46222,0,20483.52908,20220.21713,-0.029281088,-0.41340493,-4940.428571,0.433883739,-0.900968868,-0.740838298,0.67168342,-0.781831482,0.623489802,-0.995217603,-0.097682768
15-10-2011,0,0,0,16619.57143,19802.93333,2011,10,41,5,TRUE,0,15,41,10,4,2011,5,1,0,18134,17639,0,0,29281,16619.57143,18134,10015.00834,28477,0,20599.85714,21982.5,13356.01117,46222,0,20778.96667,22092,12154.1353,46222,0,19896.14681,20085.62248,-1,0,-7960.571429,-0.433883739,-0.900968868,-0.729174672,0.684327624,0.781831482,0.623489802,-0.997988742,-0.063391405
16-10-2011,8649,35,800,16814.42857,19589.53333,2011,10,41,6,TRUE,8649,16,41,10,4,2011,6,1,0,0,18681,7285,8332,15051,16619.57143,18134,10015.00834,28477,0,20599.85714,21982.5,13356.01117,46222,0,19802.93333,21551.5,12614.80903,46222,0,14922.11011,18789.77587,0,0.187234043,-7960.571429,-0.974927912,-0.222520934,-0.717295272,0.696769326,0.433883739,-0.900968868,-0.999578686,-0.029025013
17-10-2011,31319,89,1339,17557,20633.5,2011,10,42,0,FALSE,31319,17,42,10,4,2011,0,0,0,8649,18134,26121,25942,0,16814.42857,18134,9814.380195,28477,0,20622.5,21982.5,13333.86359,46222,0,19589.53333,21551.5,12751.37852,46222,0,13353.83258,18135.53226,2.621112267,0.198996976,-7616.142857,-0.781831482,0.623489802,-0.705203612,0.709004842,-0.974927912,-0.222520934,-0.999985551,0.005375732
18-10-2011,29285,84,1236,17672.42857,21311.76667,2011,10,42,1,FALSE,29285,18,42,10,4,2011,1,0,0,31319,0,28477,25284,8937,17557,18134,10784.57839,31319,0,21006.57143,21982.5,13574.14912,46222,0,20633.5,22092,12368.57329,46222,0,17845.12443,18986.07857,-0.064944602,0.028373775,-6899.142857,4.71E-14,1,-0.692903271,0.721030552,9.41E-14,1,-0.999208856,0.039770114
19-10-2011,19178,85,1186,17892.28571,20976.1,2011,10,42,2,FALSE,19178,19,42,10,4,2011,2,0,0,29285,8649,17639,46222,29248,17672.42857,18134,10924.35432,31319,0,21292.35714,22401,13712.54443,46222,0,21311.76667,22432.5,12262.51018,46222,0,20705.09333,19650.52511,-0.345125491,0.087249844,-7239.857143,0.781831482,0.623489802,-0.680397889,0.732842898,0.974927912,-0.222520934,-0.997249521,0.074117425
20-10-2011,40855,89,1146,21060,20881.83333,2011,10,42,3,FALSE,40855,20,42,10,4,2011,3,0,0,19178,31319,18681,35367,43683,17892.28571,18681,10939.04605,31319,0,19360.64286,18929.5,11685.56803,35367,0,20976.1,22092,12175.29227,46222,0,20323.31999,19620.03962,1.130305558,1.186981425,-2936.714286,0.974927912,-0.222520934,-0.667691166,0.744438383,-0.433883739,-0.900968868,-0.994109865,0.108377013
21-10-2011,24779,64,802,22009.28571,20964.06667,2011,10,42,4,FALSE,24779,21,42,10,4,2011,4,0,0,40855,29285,18134,30914,22312,21060,19178,13990.47088,40855,0,19752.64286,18929.5,12337.66942,40855,0,20881.83333,22092,12003.15374,46222,0,25456.24,20990.03707,-0.393489169,0.366438734,2614.714286,0.433883739,-0.900968868,-0.654786863,0.755813578,-0.781831482,0.623489802,-0.989793603,0.142508328
22-10-2011,0,0,0,22009.28571,19859.26667,2011,10,42,5,TRUE,0,22,42,10,4,2011,5,1,0,24779,19178,0,0,33144,22009.28571,24779,13984.28364,40855,0,19314.42857,18929.5,12015.48698,40855,0,20964.06667,22212.5,12021.72595,46222,0,25286.93,21234.48629,-1,0,5389.714286,-0.433883739,-0.900968868,-0.641688798,0.766965114,0.781831482,0.623489802,-0.984305844,0.176470973
23-10-2011,6953,42,969,21767,19361.96667,2011,10,42,6,TRUE,6953,23,42,10,4,2011,6,1,0,0,40855,8649,7285,21872,22009.28571,24779,13984.28364,40855,0,19314.42857,18929.5,12015.48698,40855,0,19859.26667,21551.5,12381.38031,46222,0,18965.1975,19864.51943,0,-0.196092034,5389.714286,-0.974927912,-0.222520934,-0.628400847,0.777889694,0.433883739,-0.900968868,-0.977653084,0.210224752
24-10-2011,25922,78,1326,20996,20226.03333,2011,10,43,0,FALSE,25922,24,43,10,4,2011,0,0,0,6953,24779,31319,26121,0,21767,24779,14266.18801,40855,0,19290.71429,18929.5,12041.35485,40855,0,19361.96667,20327.5,12595.51121,46222,0,15962.14812,19031.51818,2.728174889,-0.17232351,4952.571429,-0.781831482,0.623489802,-0.614926941,0.788584084,-0.974927912,-0.222520934,-0.969843197,0.243729714
25-10-2011,26818,77,1131,20643.57143,20472.5,2011,10,43,1,FALSE,26818,25,43,10,4,2011,1,0,0,25922,0,29285,28477,19424,20996,24779,13802.21574,40855,0,19276.5,18929.5,12032.78619,40855,0,20226.03333,21892,12100.88359,46222,0,18452.11109,19476.06539,0.034565234,-0.084241079,3439,-8.82E-14,1,-0.601271069,0.799045118,-1.76E-13,1,-0.960885426,0.276946202
26-10-2011,20617,95,1049,20849.14286,20651.43333,2011,10,43,2,FALSE,20617,26,43,10,4,2011,2,0,0,26818,6953,19178,17639,15249,20643.57143,24779,13585.07562,40855,0,19158,18929.5,11943.04334,40855,0,20472.5,23666,12159.14374,46222,0,20543.58332,19949.73859,-0.231225296,0.075033893,2971.142857,0.781831482,0.623489802,-0.587437272,0.809269703,0.974927912,-0.222520934,-0.950790372,0.309834904
27-10-2011,32761,106,1135,19692.85714,21035.76667,2011,10,43,3,FALSE,32761,27,43,10,4,2011,3,0,0,20617,25922,40855,18681,21231,20849.14286,24779,13570.08147,40855,0,19370.71429,19897.5,11940.42762,40855,0,20651.43333,23666,12119.05586,46222,0,20561.93749,19992.78771,0.589028472,-0.198115286,2956.857143,0.974927912,-0.222520934,-0.573429642,0.819254811,-0.433883739,-0.900968868,-0.939569986,0.342356892
28-10-2011,23998,78,858,19581.28571,20984.7,2011,10,43,4,FALSE,23998,28,43,10,4,2011,4,0,0,32761,26818,24779,18134,25530,19692.85714,24779,11812.29381,32761,0,20376.42857,22698,12459.5442,40855,0,21035.76667,25031.5,12319.24242,46222,0,23611.70312,20816.54335,-0.267482678,-0.031518625,-1367.142857,0.433883739,-0.900968868,-0.559252325,0.828997489,-0.781831482,0.623489802,-0.927237546,0.374473674
29-10-2011,0,0,0,19581.28571,20069.5,2011,10,43,5,TRUE,0,29,43,10,4,2011,5,1,0,23998,20617,0,0,27456,19581.28571,23998,11759.81845,32761,0,20795.28571,24388.5,12476.91486,40855,0,20984.7,24388.5,12303.13492,46222,0,23708.27734,21021.79861,-1,0,-2428,-0.433883739,-0.900968868,-0.544909516,0.838494853,0.781831482,0.623489802,-0.91380765,0.406147239
30-10-2011,19943,96,1213,21437,19982.5,2011,10,43,6,TRUE,19943,30,43,10,4,2011,6,1,0,0,32761,6953,8649,22553,19581.28571,23998,11759.81845,32761,0,20795.28571,24388.5,12476.91486,40855,0,20069.5,23275.5,12815.66783,46222,0,17781.208,19665.55354,0,1.868258306,-2428,-0.974927912,-0.222520934,-0.53040546,0.847744094,0.433883739,-0.900968868,-0.899296192,0.437340096
31-10-2011,21554,72,1599,20813,20700.96667,2011,10,44,0,FALSE,21554,31,44,10,4,2011,0,0,0,19943,23998,25922,31319,0,21437,23998,10378.75625,32761,0,21602,24388.5,11986.65078,40855,0,19982.5,22307.5,12807.08327,46222,0,18321.656,19683.45331,0.080780224,-0.168505517,-330,-0.781831482,0.623489802,-0.515744448,0.856742473,-0.974927912,-0.222520934,-0.883720347,0.468015328
01-11-2011,16546,77,886,19345.57143,20974.76667,2011,11,44,1,FALSE,16546,1,44,11,4,2011,1,0,0,21554,0,26818,29285,8332,20813,21554,10193.82427,32761,0,20904.5,22776,11657.31361,40855,0,20700.96667,22776,12239.4269,46222,0,19129.742,19804.13375,-0.232346664,-0.383026326,-183,-1.10E-13,1,-0.500930819,0.865487328,-2.20E-13,1,-0.867098552,0.498136628
02-11-2011,28488,85,1238,20470,21059.63333,2011,11,44,2,FALSE,28488,2,44,11,4,2011,2,0,0,16546,19943,20617,19178,25942,19345.57143,20617,9921.005978,32761,0,19994.57143,21085.5,11448.14614,40855,0,20974.76667,22776,12043.49441,46222,0,18483.8065,19593.93157,0.721745437,0.381772324,-1298,0.781831482,0.623489802,-0.485968957,0.873976071,0.974927912,-0.222520934,-0.849450479,0.527668346
03-11-2011,34314,103,1205,20691.85714,21360.63333,2011,11,44,3,FALSE,34314,3,44,11,4,2011,3,0,0,28488,21554,32761,40855,25284,20470,21554,10517.24972,32761,0,20659.57143,22776,11665.40263,40855,0,21059.63333,22776,12088.5899,46222,0,20984.85488,20167.74243,0.204507161,0.047403925,-379.1428571,0.974927912,-0.222520934,-0.470863289,0.882206191,-0.433883739,-0.900968868,-0.830797017,0.556575527
04-11-2011,35144,94,1262,22284.14286,20991.36667,2011,11,44,4,FALSE,35144,4,44,11,4,2011,4,0,0,34314,16546,23998,24779,46222,20691.85714,21554,10831.42312,34314,0,20192.35714,22776,10900.22256,34314,0,21360.63333,22776,12307.83476,46222,0,24317.14116,21080.40421,0.024188378,0.464455371,999,0.433883739,-0.900968868,-0.455618284,0.890175252,-0.781831482,0.623489802,-0.811160242,0.584823958
05-11-2011,0,0,0,22284.14286,19812.46667,2011,11,44,5,TRUE,0,5,44,11,4,2011,5,1,0,35144,28488,0,0,35367,22284.14286,21554,12138.81239,35144,0,20932.71429,22776,11567.30673,35144,0,20991.36667,22776,11686.72103,40855,0,27023.85587,21987.73297,-1,0,2702.857143,-0.433883739,-0.900968868,-0.440238455,0.897880895,0.781831482,0.623489802,-0.790563397,0.612380205
06-11-2011,23089,102,1312,22733.57143,19551.63333,2011,11,44,6,TRUE,23089,6,44,11,4,2011,6,1,0,0,34314,19943,6953,30914,22284.14286,21554,12138.81239,35144,0,20932.71429,22776,11567.30673,35144,0,19812.46667,21085.5,11967.03589,40855,0,20267.8919,20569.16956,0,0.157749586,2702.857143,-0.974927912,-0.222520934,-0.424728353,0.905320842,0.433883739,-0.900968868,-0.769030859,0.639211653
07-11-2011,31299,93,1048,24125.71429,20594.93333,2011,11,45,0,FALSE,31299,7,45,11,4,2011,0,0,0,23089,35144,21554,25922,0,22733.57143,23089,12095.85011,35144,0,22085.28571,23543.5,10848.79599,35144,0,19551.63333,21085.5,11800.84611,40855,0,20973.16893,20731.73926,0.355580579,0.452120256,1296.571429,-0.781831482,0.623489802,-0.409092566,0.912492889,-0.974927912,-0.222520934,-0.746588115,0.665286545
08-11-2011,26366,108,1477,25528.57143,21230.96667,2011,11,45,1,FALSE,26366,8,45,11,4,2011,1,0,0,31299,0,16546,26818,7285,24125.71429,28488,12491.77253,35144,0,22469.35714,23543.5,11087.62259,35144,0,20594.93333,22321.5,11389.07388,40855,0,23554.62669,21413.49802,-0.157608869,0.593496918,3312.714286,-1.76E-14,1,-0.393335722,0.919394915,-3.53E-14,1,-0.723261725,0.69057402
09-11-2011,38139,119,1245,26907.28571,21631.56667,2011,11,45,2,FALSE,38139,9,45,11,4,2011,2,0,0,26366,23089,28488,20617,26121,25528.57143,28488,12041.98931,35144,0,22437.07143,23543.5,11074.63633,35144,0,21230.96667,23543.5,11150.43504,40855,0,24257.47002,21733.01428,0.446522036,0.338774221,6183,0.781831482,0.623489802,-0.377462484,0.926024877,0.974927912,-0.222520934,-0.699079301,0.715044147
10-11-2011,38079,129,1305,27445.14286,21951.63333,2011,11,45,3,FALSE,38079,10,45,11,4,2011,3,0,0,38139,31299,34314,32761,28477,26907.28571,31299,12955.15187,38139,0,23688.64286,25182,11818.25926,38139,0,21631.56667,23543.5,11541.2134,40855,0,27727.85252,22791.46497,-0.001573193,0.109721979,6437.285714,0.974927912,-0.222520934,-0.361477548,0.932380814,-0.433883739,-0.900968868,-0.674069462,0.738667964
11-11-2011,28967,105,1533,26562.71429,22329.23333,2011,11,45,4,FALSE,28967,11,45,11,4,2011,4,0,0,38079,26366,35144,23998,17639,27445.14286,31299,13384.93252,38139,0,24068.5,25182,12211.22091,38139,0,21951.63333,23543.5,11866.16956,40855,0,30315.63939,23777.75755,-0.239291998,-0.175762577,6753.285714,0.433883739,-0.900968868,-0.345385646,0.938460844,-0.781831482,0.623489802,-0.64826181,0.761417511
12-11-2011,0,0,0,26562.71429,21706.53333,2011,11,45,5,TRUE,0,12,45,11,4,2011,5,1,0,28967,38139,0,0,18681,26562.71429,28967,12990.58247,38139,0,24423.42857,27427,12281.02853,38139,0,22329.23333,24388.5,11904.37841,40855,0,29978.47954,24112.54739,-1,0,4278.571429,-0.433883739,-0.900968868,-0.329191539,0.944263168,0.781831482,0.623489802,-0.62168689,0.783265862
13-11-2011,20686,87,1259,26219.42857,21791.6,2011,11,45,6,TRUE,20686,13,45,11,4,2011,6,1,0,0,38079,23089,19943,18134,26562.71429,28967,12990.58247,38139,0,24423.42857,27427,12281.02853,38139,0,21706.53333,24388.5,12571.67716,40855,0,22483.85965,22556.89917,0,-0.104075534,4278.571429,-0.974927912,-0.222520934,-0.312900018,0.94978607,0.433883739,-0.900968868,-0.594376157,0.804187158
14-11-2011,47236,107,1416,28496.14286,23366.13333,2011,11,46,0,FALSE,47236,14,46,11,4,2011,0,0,0,20686,28967,31299,21554,0,26219.42857,28967,13128.69352,38139,0,24476.5,27427,12261.76766,38139,0,21791.6,24388.5,12555.29334,40855,0,22034.39474,22436.196,1.283476748,0.509185597,3485.857143,-0.781831482,0.623489802,-0.296515905,0.955027915,-0.974927912,-0.222520934,-0.566361933,0.824156636
15-11-2011,30318,108,1456,29060.71429,24088.43333,2011,11,46,1,FALSE,30318,15,46,11,4,2011,1,0,0,47236,0,26366,16546,8649,28496.14286,28967,15350.27576,47236,0,26310.92857,28727.5,13635.09144,47236,0,23366.13333,25350.5,12689.38647,47236,0,28334.79606,24036.18335,-0.358159031,0.14989001,4370.428571,-3.92E-14,1,-0.280044048,0.959987151,-7.84E-14,1,-0.537677377,0.843150662
16-11-2011,32955,130,1516,28320.14286,24142.96667,2011,11,46,2,FALSE,32955,16,46,11,4,2011,2,0,0,30318,20686,38139,28488,31319,29060.71429,30318,15331.53756,47236,0,27294.64286,29642.5,13370.63205,47236,0,24088.43333,26144,12436.98358,47236,0,28830.59704,24441.46184,0.086978033,-0.135923857,3532.142857,0.781831482,0.623489802,-0.263489322,0.964662312,0.974927912,-0.222520934,-0.508356438,0.861146754
17-11-2011,31596,137,1439,27394,24220,2011,11,46,3,FALSE,31596,17,46,11,4,2011,3,0,0,32955,47236,38079,34314,29285,28320.14286,30318,14940.14352,47236,0,27613.71429,30808.5,13454.33779,47236,0,24142.96667,26144,12473.31489,47236,0,29861.69778,24990.72237,-0.041238052,-0.17025132,1412.857143,0.974927912,-0.222520934,-0.246856625,0.969052014,-0.433883739,-0.900968868,-0.47843382,0.878123613
18-11-2011,23921,108,1239,26673.14286,24378.1,2011,11,46,4,FALSE,23921,18,46,11,4,2011,4,0,0,31596,30318,28967,35144,19178,27394,30318,14426.47505,47236,0,27419.57143,30808.5,13369.56003,47236,0,24220,26144,12513.23868,47236,0,30295.27334,25416.86931,-0.242910495,-0.174198226,-51.14285714,0.433883739,-0.900968868,-0.23015088,0.973154958,-0.781831482,0.623489802,-0.447944939,0.894061145
19-11-2011,0,0,0,26673.14286,23016.26667,2011,11,46,5,TRUE,0,19,46,11,4,2011,5,1,0,23921,32955,0,0,40855,26673.14286,30318,14460.80362,47236,0,26617.92857,29642.5,13206.24307,47236,0,24378.1,26144,12477.24949,47236,0,28701.705,25320.36162,-1,0,110.4285714,-0.433883739,-0.900968868,-0.213377029,0.97696993,0.781831482,0.623489802,-0.416925881,0.908940487
20-11-2011,19107,100,1285,26447.57143,22827.2,2011,11,46,6,TRUE,19107,20,46,11,4,2011,6,1,0,0,31596,20686,23089,24779,26673.14286,30318,14460.80362,47236,0,26617.92857,29642.5,13206.24307,47236,0,23016.26667,25350.5,12841.12026,47236,0,21526.27875,23686.7899,0,-0.076331819,110.4285714,-0.974927912,-0.222520934,-0.196540036,0.9804958,0.433883739,-0.900968868,-0.385413359,0.922744029
21-11-2011,25705,100,1259,23371.71429,23684.03333,2011,11,47,0,FALSE,25705,21,47,11,4,2011,0,0,0,19107,23921,47236,31299,0,26447.57143,30318,14581.57233,47236,0,26333.5,29642.5,13330.39108,47236,0,22827.2,24960,12856.01894,47236,0,20921.45906,23391.31958,0.34531847,-0.455817597,228.1428571,-0.781831482,0.623489802,-0.179644884,0.983731526,-0.974927912,-0.222520934,-0.353444671,0.935455432
22-11-2011,35367,135,1504,24093,24631.16667,2011,11,47,1,FALSE,35367,22,47,11,4,2011,1,0,0,25705,0,30318,26366,6953,23371.71429,25705,11386.39451,32955,0,25933.92857,27666.5,13253.72187,47236,0,23684.03333,25813.5,12117.5496,47236,0,22117.3443,23540.58929,0.375880179,0.166534732,-5124.428571,-6.08E-14,1,-0.162696572,0.98667615,-1.22E-13,1,-0.321057654,0.947059651
23-11-2011,39295,131,1408,24998.71429,25076.93333,2011,11,47,2,FALSE,39295,23,47,11,4,2011,2,0,0,35367,19107,32955,38139,25922,24093,25705,12040.86169,35367,0,26576.85714,29642.5,13492.45947,47236,0,24631.16667,26144,11872.69779,47236,0,25429.75822,24303.58353,0.111063986,0.192383553,-4967.714286,0.781831482,0.623489802,-0.145700115,0.989328801,0.974927912,-0.222520934,-0.288290641,0.957542953
24-11-2011,26396,113,1510,24255.85714,25062.86667,2011,11,47,3,FALSE,26396,24,47,11,4,2011,3,0,0,39295,25705,31596,38079,26818,24998.71429,25705,13017.40907,39295,0,26659.42857,29642.5,13571.96367,47236,0,25076.93333,26592,12170.15591,47236,0,28896.06867,25270.77169,-0.328260593,-0.164577795,-3321.428571,0.974927912,-0.222520934,-0.128660544,0.991688693,-0.433883739,-0.900968868,-0.255182413,0.966892929
25-11-2011,18923,83,1378,23541.85714,25006.4,2011,11,47,4,FALSE,18923,25,47,11,4,2011,4,0,0,26396,35367,23921,28967,20617,24255.85714,25705,12723.22682,39295,0,25824.92857,27681.5,13168.99006,47236,0,25062.86667,26381,12168.31787,47236,0,28271.0515,25343.36706,-0.283111077,-0.208937753,-3138.142857,0.433883739,-0.900968868,-0.1115829,0.993755129,-0.781831482,0.623489802,-0.221772158,0.975098513
26-11-2011,0,0,0,23541.85714,23914.36667,2011,11,47,5,TRUE,0,26,47,11,4,2011,5,1,0,18923,39295,0,0,32761,23541.85714,25705,12884.36823,39295,0,25107.5,26050.5,13257.93824,47236,0,25006.4,26381,12193.56446,47236,0,25934.03863,24929.14983,-1,0,-3131.285714,-0.433883739,-0.900968868,-0.094472236,0.995527497,0.781831482,0.623489802,-0.188099418,0.982149993
27-11-2011,10942,57,1123,22375.42857,23479.16667,2011,11,47,6,TRUE,10942,27,47,11,4,2011,6,1,0,0,26396,19107,20686,23998,23541.85714,25705,12884.36823,39295,0,25107.5,26050.5,13257.93824,47236,0,23914.36667,26035.5,12920.46963,47236,0,19450.52897,23320.81758,0,-0.427330298,-3131.285714,-0.974927912,-0.222520934,-0.077333617,0.997005272,0.433883739,-0.900968868,-0.154204048,0.988039023
28-11-2011,29334,115,1442,22893.85714,24456.96667,2011,11,48,0,FALSE,29334,28,48,11,4,2011,0,0,0,10942,18923,25705,47236,0,22375.42857,25705,13696.75279,39295,0,24411.5,26050.5,13754.37818,47236,0,23479.16667,26035.5,13135.64624,47236,0,17323.39673,22522.18419,1.680862731,0.141178759,-4072.142857,-0.781831482,0.623489802,-0.060172113,0.998188017,-0.974927912,-0.222520934,-0.120126165,0.992758634
29-11-2011,30809,135,1557,22242.71429,24819.16667,2011,11,48,1,FALSE,30809,29,48,11,4,2011,1,0,0,29334,0,35367,30318,19943,22893.85714,26396,13910.79027,39295,0,23132.78571,26050.5,12215.24776,39295,0,24456.96667,26381,12398.74282,47236,0,20326.04755,22961.65618,0.050282948,-0.128877202,-477.8571429,-8.23E-14,1,-0.042992804,0.999075382,-1.65E-13,1,-0.085906104,0.996303238
30-11-2011,28356,108,1381,20680,25045.9,2011,11,48,2,FALSE,28356,30,48,11,4,2011,2,0,0,30809,10942,39295,32955,21554,22242.71429,26396,13323.93085,39295,0,23167.85714,26050.5,12238.14765,39295,0,24819.16667,27442,12421.02312,47236,0,22946.78566,23467.93643,-0.079619592,-0.278381473,-1850.285714,0.781831482,0.623489802,-0.025800772,0.999667105,0.974927912,-0.222520934,-0.051584367,0.99866864
01-12-2011,27004,121,1252,20766.85714,25394.5,2011,12,48,3,FALSE,27004,1,48,12,4,2011,3,0,0,28356,29334,26396,31596,16546,20680,26396,11508.40332,30809,0,22839.35714,26050.5,12014.91778,39295,0,25045.9,28422,12421.44737,47236,0,24299.08924,23783.29537,-0.047679503,0.023033793,-4318.714286,0.974927912,-0.222520934,-0.008601106,0.99996301,-0.433883739,-0.900968868,-0.017201575,0.999852042
02-12-2011,28690,120,1314,22162.14286,25401.23333,2011,12,48,4,FALSE,28690,2,48,12,4,2011,4,0,0,27004,30809,18923,23921,28488,20766.85714,27004,11560.90822,30809,0,22511.35714,26050.5,11818.55295,39295,0,25394.5,28422,12321.02,47236,0,24975.31693,23991.08276,0.062435195,0.516144375,-3489,0.433883739,-0.900968868,0.008601106,0.99996301,-0.781831482,0.623489802,0.017201575,0.999852042
03-12-2011,0,0,0,22162.14286,24257.43333,2011,12,48,5,TRUE,0,3,48,12,4,2011,5,1,0,28690,28356,0,0,34314,22162.14286,28356,11886.09987,30809,0,22852,26700,11930.5056,39295,0,25401.23333,28523,12322.82393,47236,0,25903.9877,24294.23871,-1,0,-1379.714286,-0.433883739,-0.900968868,0.025800772,0.999667105,0.781831482,0.623489802,0.051584367,0.99866864
04-12-2011,12296,66,1038,22355.57143,23495.83333,2011,12,48,6,TRUE,12296,4,48,12,4,2011,6,1,0,0,27004,10942,19107,35144,22162.14286,28356,11886.09987,30809,0,22852,26700,11930.5056,39295,0,24257.43333,27680,13038.72824,47236,0,19427.99077,22726.86847,0,0.123743374,-1379.714286,-0.974927912,-0.222520934,0.042992804,0.999075382,0.433883739,-0.900968868,0.085906104,0.996303238
05-12-2011,44497,127,1767,24521.71429,24979.06667,2011,12,49,0,FALSE,44497,5,49,12,4,2011,0,0,0,12296,28690,29334,25705,0,22355.57143,28356,11682.34771,30809,0,22365.5,26700,12230.07356,39295,0,23495.83333,26700,13048.18934,47236,0,17644.99308,22053.90922,2.618819128,0.516908707,-19.85714286,-0.781831482,0.623489802,0.060172113,0.998188017,-0.974927912,-0.222520934,0.120126165,0.992758634
06-12-2011,30377,115,1421,24460,25222,2011,12,49,1,FALSE,30377,6,49,12,4,2011,1,0,0,44497,0,30809,35367,23089,24521.71429,28356,14303.62808,44497,0,23707.78571,27680,13581.37267,44497,0,24979.06667,27680,12812.16756,47236,0,24357.99481,23501.85056,-0.317324763,-0.014021877,1627.857143,9.81E-15,1,0.077333617,0.997005272,1.96E-14,1,0.154204048,0.988039023
07-12-2011,41789,106,1113,26379,25571.66667,2011,12,49,2,FALSE,41789,7,49,12,4,2011,2,0,0,30377,12296,28356,39295,31299,24460,28356,14272.87874,44497,0,23351.35714,27680,13314.71266,44497,0,25222,28523,12844.14844,47236,0,25862.74611,23945.40859,0.375678968,0.473726901,2217.285714,0.781831482,0.623489802,0.094472236,0.995527497,0.974927912,-0.222520934,0.188099418,0.982149993
08-12-2011,35010,120,1665,27522.71429,25859.8,2011,12,49,3,FALSE,35010,8,49,12,4,2011,3,0,0,41789,44497,27004,26396,26366,26379,28690,15714.26053,44497,0,23529.5,27680,13558.88323,44497,0,25571.66667,28523,13154.3357,47236,0,29844.30958,25096.60803,-0.162219723,0.296474596,5699,0.974927912,-0.222520934,0.1115829,0.993755129,-0.433883739,-0.900968868,0.221772158,0.975098513
09-12-2011,57628.5,44,1082,36845.57143,27720.16667,2011,12,49,4,FALSE,93950,9,49,12,4,2011,4,0,0,35010,30377,28690,18923,38139,27522.71429,30377,16054.98294,44497,0,24144.78571,28523,13890.36212,44497,0,25859.8,28828.5,13266.52571,47236,0,31135.73219,25736.18171,0.646058269,1.008661555,6755.857143,0.433883739,-0.900968868,0.128660544,0.991688693,-0.781831482,0.623489802,0.255182413,0.966892929
