StockCode,Description,Total_Quantity_Sold,Total_Revenue,Avg_Price,First_Sale_Date,Last_Sale_Date,Num_Orders,Num_Countries_Sold,SKU_Demand_Velocity,Return_Rate,Average_Daily_Demand,Gross_Quantity,Return_Quantity,Net_Quantity,Product_Lifespan_Days
10002,INFLATABLE POLITICAL GLOBE ,8671,6942.26,0.979155313,01-12-2009,18-04-2011,362,12,38.53777778,0.135692888,17.20436508,9013,1223,7790,504
10080,GROOVY CACTUS INFLATABLE,315,129.29,0.505,02-12-2009,21-11-2011,27,1,12.11538462,0,0.4375,597,0,597,720
10109,BENDY COLOUR PENCILS,4,1.68,0.42,03-12-2009,03-12-2009,1,1,4,0,4,0,0,0,1
10120,DOGGY RUBBER,664,142.74,0.240136986,01-12-2009,04-12-2011,73,2,10.375,-0.003605769,0.904632153,-8320,30,-8350,734
10125,MINI FUNKY DESIGN TAPES,2103,1715.78,0.930635838,01-12-2009,09-12-2011,167,6,16.95967742,0,2.845737483,2151,0,2151,739
10133,COLOURING PENCILS BROWN TUBE,3837,2373.26,0.745709343,01-12-2009,07-09-2011,289,8,20.40957447,0.005263158,5.939628483,3800,20,3780,646
10134,COLOURING PENCILS BROWN TUBE,625,721.13,1.290740741,03-12-2009,12-11-2010,52,4,13.88888889,0.016778523,1.811594203,596,10,586,345
10135,COLOURING PENCILS BROWN TUBE,4226,4566.21,1.398562691,01-12-2009,08-12-2011,324,7,18.53508772,0.002574304,5.726287263,4273,11,4262,738
10138,ASSORTED COLOUR JUMBO PEN,261,111.22,0.477619048,02-12-2009,20-04-2010,21,1,14.5,-2.939393939,1.864285714,-66,194,-260,140
11001,ASSTD DESIGN RACING CAR PEN,4829,7408.65,1.873007813,01-12-2009,06-12-2011,251,12,25.15104167,0.166223132,6.561141304,4885,812,4073,736
15030,FAN BLACK FRAME ,254,73.66,0.29,13-12-2009,06-12-2011,26,1,9.769230769,0,0.350828729,404,0,404,724
15034,PAPER POCKET TRAVELING FAN ,10153,1416.26,0.357265625,01-12-2009,08-12-2011,255,10,50.51243781,0.14104812,13.75745257,10266,1448,8818,738
15036,ASSORTED COLOURS SILK FAN,44272,32967.03,0.993256048,01-12-2009,09-12-2011,991,14,102.2448037,0.021363689,59.90798376,43485,929,42556,739
15039,SANDALWOOD FAN,5101,4345.62,1.144837662,03-12-2009,09-12-2011,306,8,22.97747748,0.005274468,6.921302578,5119,27,5092,737
16008,SMALL FOLDING SCISSOR(POINTED EDGE),3141,422.96,0.156235294,19-03-2010,09-12-2011,85,8,44.23943662,0,4.977812995,1633,0,1633,631
16010,FOLDING CAMPING SCISSOR W/KNIF & S,32,3.84,0.12,17-01-2010,28-03-2011,4,1,8,0,0.073394495,37,0,37,436
16011, ANIMAL STICKERS,3812,799.32,0.209553571,04-12-2009,07-12-2011,112,3,36.3047619,0.006144393,5.19346049,3906,24,3882,734
16012,FOOD/DRINK SPUNGE STICKERS,2901,608.01,0.209404762,02-12-2009,05-12-2011,83,6,39.73972603,0,3.952316076,2973,0,2973,734
16014,SMALL CHINESE STYLE SCISSOR,29355,9513.1,0.395268817,03-12-2009,09-12-2011,93,6,337.4137931,0,39.83039349,30370,0,30370,737
16015,MEDIUM CHINESE STYLE SCISSOR,1572,711.38,0.487076923,03-12-2009,17-11-2011,65,1,26.2,0,2.198601399,1014,0,1014,715
16016,LARGE CHINESE STYLE SCISSOR,2314,1870.7,0.840188679,03-12-2009,09-12-2011,106,7,23.6122449,0,3.139755767,2338,0,2338,737
16033,MINI HIGHLIGHTER PENS,15121,1544.52,0.1164,10-12-2009,17-02-2011,50,6,328.7173913,0.03761166,34.76091954,12762,480,12282,435
16043,POP ART PUSH DOWN RUBBER ,2145,180.3,0.318461538,16-12-2009,09-06-2011,13,2,165,0.545152355,3.964879852,1805,984,821,541
16044,POP-ART FLUORESCENT PENS,6193,389.22,0.3,07-01-2010,18-02-2010,3,2,2064.333333,0,144.0232558,5112,0,5112,43
16045,POPART WOODEN PENCILS ASST,9312,429.44,0.0496,07-01-2010,05-12-2011,74,4,150.1935484,0,13.34097421,4745,0,4745,698
16046,TEATIME PEN CASE & PENS,10056,1223.5,0.944354839,04-12-2009,28-11-2011,59,2,182.8363636,0.459432652,13.87034483,10082,4632,5450,725
16047,POP ART PEN CASE & PENS,10612,1054.7,0.958387097,01-12-2009,24-10-2010,31,2,379,0.491514175,32.35365854,10547,5184,5363,328
16048,TEATIME ROUND PENCIL SHARPENER ,3461,537.06,0.40254717,07-12-2009,08-12-2011,105,7,39.32954545,0,4.728142077,3462,0,3462,732
16049,TEATIME GEL PENS ASST,3169,560.48,0.381875,04-12-2009,25-05-2011,32,1,113.1785714,0,5.890334572,2772,0,2772,538
16050,TEATIME PENCIL WITH RUBBER,151,46.45,0.4,16-02-2010,19-04-2010,8,1,21.57142857,0,2.396825397,-692,0,-692,63
16051,TEATIME PENCIL W STAMP ASST,941,84.69,0.4325,10-12-2009,09-06-2010,4,3,235.25,0,5.17032967,599,0,599,182
16052,TEATIME PUSH DOWN RUBBER,848,281.32,0.568571429,16-12-2009,09-06-2011,35,3,25.6969697,0.015852048,1.567467652,1514,24,1490,541
16053,POPART COL BALLPOINT PEN ASST,4313,185.73,0.174,07-01-2010,16-11-2010,10,3,431.3,0.52645433,13.73566879,3799,2000,1799,314
16054,POPART RECT PENCIL SHARPENER ASST,1210,159,0.173846154,07-01-2010,04-12-2011,39,4,34.57142857,0.089256198,1.736011478,1210,108,1102,697
16119,FUNKY GIRL ADDRESS BOOK,273,130.71,1.0325,10-12-2009,22-12-2009,8,2,45.5,0,21,258,0,258,13
16192,PINK BALLET OPENING CUBE BOX ,3,12.9,4.3,18-12-2009,18-12-2009,1,1,3,0,3,-1,0,-1,1
16212,FUNKY GIRLZ ASST MAGNETIC MEMO PAD,366,287.01,1.677804878,02-12-2009,12-11-2010,37,3,10.45714286,0,1.057803468,170,0,170,346
16215,FUNKY GIRLZ MAGNETIC TO DO LIST ,8,5.2,0.65,03-12-2009,03-12-2009,3,1,8,0,8,-78,0,-78,1
16216,LETTER SHAPE PENCIL SHARPENER,4158,371.64,0.219550562,04-12-2009,07-12-2011,88,2,54,0.026455026,5.664850136,4158,110,4048,734
16218,CARTOON  PENCIL SHARPENERS,4629,448.13,0.453673469,08-12-2009,09-12-2011,98,4,55.10714286,0,6.323770492,4632,0,4632,732
16219,HOUSE SHAPE PENCIL SHARPENER,3357,499.55,0.555703125,06-12-2009,08-12-2011,128,6,31.37383178,0.014294223,4.579809004,3358,48,3310,733
16225,RATTLE SNAKE EGGS,1520,1271.66,1.559819277,01-12-2009,09-12-2011,165,3,11.96850394,0,2.056833559,1530,0,1530,739
16235,RECYCLED PENCIL WITH RABBIT ERASER,5827,1333.95,0.308980892,01-12-2009,09-12-2011,310,6,26.48636364,-0.043506706,7.884979702,-3057,133,-3190,739
16236,KITTY PENCIL ERASERS,2652,593.29,0.303358491,02-12-2009,08-12-2011,260,7,13.46192893,0.010502626,3.598371777,2666,28,2638,737
16237,SLEEPING CAT ERASERS,10385,2233.15,0.296495726,01-12-2009,09-12-2011,580,8,30.81602374,0.00831962,14.05277402,10938,91,10847,739
16238,PARTY TIME PENCIL ERASERS,2447,559.54,0.309662447,01-12-2009,08-12-2011,236,7,13.51933702,0,3.315718157,2525,0,2525,738
16239,BALLERINA HEART DECORATION.,347,492.17,2.655714286,02-12-2009,02-03-2010,21,2,21.6875,0,3.813186813,340,0,340,91
16254,TRANSPARENT ACRYLIC TAPE DISPENSER,941,305.66,1.266585366,11-01-2010,30-11-2011,40,2,29.40625,0,1.36574746,893,0,893,689
16259,PIECE OF CAMO STATIONERY SET,5473,766.09,0.146181818,07-12-2009,13-11-2011,55,4,107.3137255,0.05810928,7.74115983,2306,134,2172,707
17001,HEAVENS SCENT FRAGRANCE OILS ASSTD,1211,299.35,0.279565217,04-12-2009,28-02-2011,23,2,57.66666667,0.003166227,2.67920354,1895,6,1889,452
17003,BROCADE RING PURSE ,70369,14766.42,0.302727273,01-12-2009,08-12-2011,456,7,233.7840532,0.010358343,95.35094851,71440,740,70700,738
17021,NAMASTE SWAGAT INCENSE,3720,984.24,0.294939759,22-01-2010,05-12-2011,76,2,53.14285714,0.022700815,5.446559297,3436,78,3358,683
17033,"BROCADE PURSE,SMALL ARCH BUTTON",3280,867.84,0.285362319,02-12-2009,19-10-2010,69,1,58.57142857,0.038626609,10.1863354,932,36,896,322
17038,PORCELAIN BUDAH INCENSE HOLDER,2559,254.51,0.429090909,14-12-2009,09-12-2011,55,2,46.52727273,0,3.524793388,1259,0,1259,726
17039,INLAID WOOD INCENSE HOLDER,3707,837.88,0.37744186,02-12-2009,09-08-2010,43,2,95.05128205,0,14.7689243,2480,0,2480,251
17061,ASSORTED SHAPED STENCIL FOR HENNA,52,2.08,0.04,07-12-2009,07-12-2009,1,1,52,0,52,-1146,0,-1146,1
17096,ASSORTED LAQUERED INCENSE HOLDERS,6240,1117.09,0.322368421,02-12-2009,19-07-2011,76,2,91.76470588,0,10.48739496,6195,0,6195,595
17174,ASSTD RASTA KEY-CHAINS,36,15.12,0.42,01-02-2010,24-11-2011,7,3,6,0,0.054380665,36,0,36,662
17178,FLAT PALM T-LIGHT HOLDER,133,156.65,1.234,08-12-2009,16-09-2010,24,1,5.782608696,0,0.469964664,129,0,129,283
17181,CIRCLE OF FRIENDS CANDLE HOLDER,353,642.66,3.771641791,01-12-2009,05-08-2010,65,3,7.510638298,0,1.423387097,318,0,318,248
18007,ESSENTIAL BALM 3.5g TIN IN ENVELOPE,11396,1043.22,0.242972973,02-12-2009,20-07-2011,72,6,183.8064516,0.279394645,19.12080537,8590,2400,6190,596
18010,ASSORTED FRAGRANCE BATH CONFETTI,64,30.16,0.556666667,01-12-2009,28-01-2010,9,1,8,0,1.084745763,-708,0,-708,59
20615,BLUE SPOTTY PASSPORT COVER,637,1077.81,2.625306122,01-12-2009,08-12-2011,195,4,4.423611111,0,0.863143631,652,0,652,738
20616,CHERRY BLOSSOM PASSPORT COVER,283,449.26,2.098512397,01-12-2009,08-12-2011,121,2,2.858585859,0,0.383468835,287,0,287,738
20617,FIRST CLASS PASSPORT COVER ,498,992.99,2.398095238,02-12-2009,08-12-2011,105,9,5.242105263,0,0.675712347,466,0,466,737
20618,QUEEN OF THE SKIES PASSPORT COVER ,297,648.54,2.278905109,01-12-2009,06-12-2011,137,4,2.538461538,0,0.403532609,259,0,259,736
20619,TROPICAL PASSPORT COVER ,578,1014.42,2.341494845,01-12-2009,05-12-2011,194,6,3.681528662,0,0.786394558,584,0,584,735
20620,RED SPOTTY PASSPORT COVER,15,61.76,4.104285714,02-12-2009,03-02-2010,14,1,1.363636364,0,0.234375,-31,0,-31,64
20621,ECONOMY PASSPORT COVER ,207,451.67,2.358484848,02-12-2009,02-09-2010,33,2,6.677419355,0,0.752727273,372,0,372,275
20622,VIPPASSPORT COVER ,582,1127.59,2.634453125,01-12-2009,05-12-2011,128,6,5.388888889,0,0.791836735,590,0,590,735
20652,BLUE SPOTTY LUGGAGE TAG ,1516,1027.29,1.410635838,01-12-2009,08-12-2011,172,8,11.57251908,0,2.054200542,1453,0,1453,738
20653,CHERRY BLOSSOM LUGGAGE TAG,2004,528.77,1.380740741,02-12-2009,05-12-2011,81,5,28.62857143,0,2.730245232,1992,0,1992,734
20654,FIRST CLASS LUGGAGE TAG ,398,505.41,1.376033058,01-12-2009,08-12-2011,120,8,3.719626168,0,0.539295393,400,0,400,738
20655,QUEEN OF SKIES LUGGAGE TAG,414,608.48,1.70125,01-12-2009,04-12-2011,189,4,2.797297297,0,0.564032698,421,0,421,734
20657,TROPICAL LUGGAGE TAG,1877,726.47,1.323050847,01-12-2009,11-11-2011,118,6,19.75789474,0,2.639943741,1867,0,1867,711
20658,RED SPOTTY LUGGAGE TAG,1584,2251.36,1.682625698,01-12-2009,26-09-2011,353,9,6.6,0.023300971,2.381954887,1545,36,1509,665
20659,ECONOMY LUGGAGE TAG,369,533.51,1.573928571,01-12-2009,09-12-2011,138,4,3.354545455,0,0.49932341,307,0,307,739
20660,VIP LUGGAGE TAG ,71,88.75,1.25,01-12-2009,01-08-2010,26,2,3.736842105,0,0.290983607,34,0,34,244
20661,BLUE SPOTTY PURSE ,898,980.06,3.006048387,01-12-2009,01-12-2011,123,7,8.017857143,0.393333333,1.228454172,900,354,546,731
20662,FIRST CLASS HOLIDAY PURSE ,728,471.33,2.718571429,06-12-2009,24-10-2011,49,6,16.17777778,0.410958904,1.058139535,730,300,430,688
20663,QUEEN OF THE SKIES HOLIDAY PURSE ,1074,369.41,2.577727273,10-12-2009,17-10-2011,44,4,26.85,0.475425331,1.586410635,1058,503,555,677
20664,TROPICAL HOLIDAY PURSE ,57,155.41,2.712903226,15-12-2009,30-08-2011,31,1,1.9,0,0.091346154,66,0,66,624
20665,RED SPOTTY PURSE ,1335,4256.34,3.814498567,01-12-2009,09-12-2011,348,17,5.3187251,0.024150943,1.806495264,1325,32,1293,739
20666,ECONOMY HOLIDAY PURSE,911,412.45,2.408478261,08-12-2009,20-07-2011,46,4,21.69047619,0.446927374,1.544067797,895,400,495,590
20667,CHERRY BLOSSOM PURSE,40,108.69,2.64375,17-12-2009,30-08-2011,24,1,1.666666667,0,0.064308682,40,0,40,622
20668,DISCO BALL CHRISTMAS DECORATION,20951,2454.88,0.165672043,02-12-2009,09-12-2011,367,7,102.7009804,0.000143706,28.38888889,20876,3,20873,738
20669,RED HEART LUGGAGE TAG,797,1111.89,1.595590909,02-12-2009,09-12-2011,214,7,4.502824859,0,1.079945799,759,0,759,738
20670,VIP HOLIDAY PURSE,694,378.85,2.8625,08-12-2009,15-11-2011,48,3,15.77272727,0.46359584,0.980225989,673,312,361,708
20671,BLUE TEATIME PRINT BOWL ,786,1038.72,1.576783217,02-12-2009,09-12-2010,143,5,6.390243902,0,2.107238606,658,0,658,373
20672,PINK TEATIME PRINT BOWL,138,201,1.75,02-12-2009,05-03-2010,36,2,4.6,0,1.468085106,61,0,61,94
20673,STRAWBERRIES PRINT BOWL,5,6.25,1.25,01-12-2009,03-12-2009,2,1,2.5,0,1.666666667,11,0,11,3
20674,GREEN SPOTTY BOWL,3412,4348.52,1.506201717,01-12-2009,08-12-2011,463,16,10.33939394,0.004332756,4.623306233,3462,15,3447,738
20675,BLUE SPOTTY BOWL,6465,8067.83,1.507034384,01-12-2009,08-12-2011,693,22,16.12219451,0.007302602,8.760162602,6573,48,6525,738
20676,RED SPOTTY BOWL,10475,13105.7,1.550442387,01-12-2009,08-12-2011,966,23,22.00630252,0.013583138,14.19376694,10675,145,10530,738
20677,PINK SPOTTY BOWL,7774,9798.06,1.58260078,01-12-2009,08-12-2011,760,23,18.42180095,0.001770359,10.53387534,7908,14,7894,738
20678,LARGE BLACK DIAMANTE HAIRSLIDE,4,6.6,1.65,23-09-2011,23-09-2011,1,1,4,0,4,4,0,4,1
20679,EDWARDIAN PARASOL RED,6149,30020.97,6.66226257,01-12-2009,09-12-2011,715,16,15.97142857,0.00309864,8.320703654,5809,18,5791,739
20680,PINK FLOWERS CHILDS UMBRELLA,6,19.5,3.25,10-12-2009,22-01-2010,4,1,1.5,0,0.136363636,-20,0,-20,44
20681,PINK SPOTTY CHILDS UMBRELLA,1405,4757.15,3.849825073,01-12-2009,10-03-2011,341,15,6.787439614,0.024199844,3.021505376,1281,31,1250,465
20682,RED SPOTTY CHILDS UMBRELLA,3068,10171.31,3.857470489,01-12-2009,08-12-2011,589,19,8.790830946,0.018170226,4.157181572,3137,57,3080,738
20683,RAIN GIRL CHILDS UMBRELLA,1,3.25,3.25,11-12-2009,11-12-2009,1,1,1,0,1,-42,0,-42,1
20684,STRAWBERRY DREAM CHILDS UMBRELLA,580,1910.06,3.582768362,01-12-2009,22-07-2011,176,8,4.055944056,0.02303263,0.968280467,521,12,509,599
20685,RED SPOTTY COIR DOORMAT,9783,66417.47,8.403582176,01-12-2009,09-12-2011,1725,19,18.25186567,0.009217513,13.23815968,9981,92,9889,739
20686,DOLLY MIXTURE CHILDREN'S UMBRELLA,590,2002.84,3.713978495,02-12-2009,08-12-2011,186,8,3.831168831,0.015686275,0.800542741,510,8,502,737
20688,BEAUTY SPEED EXPRESSO CUPS,464,332.9,6.004545455,04-12-2009,17-03-2010,11,2,46.4,0,4.461538462,370,0,370,104
20689,RETRO SISTERS EXPRESSO CUPS,429,614.1,6.176585366,07-12-2009,14-07-2010,41,7,12.61764706,0.025862069,1.95,464,12,452,220
20692,FLORAL ELEPHANT SOFT TOY,908,3682.76,4.89212766,01-12-2009,08-09-2010,139,6,9.869565217,0.002355713,3.219858156,849,2,847,282
20693,FLORAL DINOSAUR GREEN,33,161.89,5.207777778,02-12-2009,14-03-2010,18,2,2.0625,0.25,0.32038835,4,1,3,103
20694,FLORAL PINK MONSTER,166,622.33,4.398363636,01-12-2009,22-11-2011,54,5,3.608695652,0.070175439,0.229916898,57,4,53,722
20695,FLORAL BLUE MONSTER,142,604.58,4.856393443,01-12-2009,17-11-2011,61,4,3.227272727,0.03125,0.19804742,128,4,124,717
20696,FLORAL SOFT CAR TOY,151,617.94,4.625666667,02-12-2009,11-11-2011,60,7,2.649122807,0,0.212676056,153,0,153,710
20697,LITTLE GREEN MONSTER SOFT TOY,40,96.6,2.507142857,13-12-2009,23-11-2011,21,1,2,0,0.05625879,44,0,44,711
20698,LITTLE PINK MONSTER SOFT TOY,47,114.45,2.509090909,17-01-2010,23-11-2011,21,2,2.35,0,0.069526627,107,0,107,676
20699,MOUSEY LONG LEGS SOFT TOY,294,797.96,3.062134831,04-12-2009,05-12-2011,88,6,4.02739726,0,0.401639344,285,0,285,732
20700,GREEN CAT FLORAL CUSHION COVER ,420,1125.05,5.423398058,07-12-2009,28-09-2011,103,3,5.384615385,0.006666667,0.635400908,300,2,298,661
20701,PINK CAT FLORAL CUSHION COVER ,353,721.49,4.416,02-12-2009,30-06-2011,50,3,10.38235294,0,0.612847222,323,0,323,576
20702,PINK PADDED MOBILE,782,3296.7,4.303225806,03-12-2009,26-10-2011,245,17,4.159574468,0.013513514,1.128427128,814,11,803,693
20703,BLUE PADDED SOFT MOBILE,471,1993.47,4.260177515,01-12-2009,14-04-2011,169,15,3.623076923,0.072892938,0.942,439,32,407,500
20704,MR ROBOT SOFT TOY,361,1371.42,6.370875,06-12-2009,09-12-2011,80,9,5.640625,0.011080332,0.491825613,361,4,357,734
20705,MRS ROBOT SOFT TOY,273,996.19,5.426226415,07-12-2009,06-12-2011,53,7,5.46,0.003663004,0.373972603,273,1,272,730
20707,CRAZY DAISY HEART DECORATION,1613,1243.68,1.22405,04-12-2009,05-12-2011,199,7,10.75333333,0.004331683,2.203551913,1616,7,1609,732
20711,JUMBO BAG TOYS ,12643,25719.13,2.726691943,01-12-2009,01-12-2011,1052,14,27.72587719,0.003033448,17.29548564,12527,38,12489,731
20712,JUMBO BAG WOODLAND ANIMALS,17710,37499.37,2.738984594,01-12-2009,09-12-2011,1415,20,35.85020243,0.014166384,23.96481732,17718,251,17467,739
20713,JUMBO BAG OWLS,20814,40667.05,2.583969811,01-12-2009,09-12-2011,1314,16,46.98419865,0.013268046,28.16508796,18993,252,18741,739
20714,POSY SHOPPER BAG,1580,649.82,0.946785714,01-12-2009,12-01-2010,28,2,112.8571429,0,36.74418605,1150,0,1150,43
20715,LITTLE FLOWER SHOPPER BAG,400,424,1.06,07-01-2010,07-01-2010,1,1,400,-7.272727273,400,-55,400,-455,1
20716,PARTY FOOD SHOPPER BAG,1533,1925.04,1.444337349,01-12-2009,29-06-2011,246,8,8.286486486,0.00752909,2.661458333,1461,11,1450,576
20717,STRAWBERRY SHOPPER BAG,6296,7767.48,1.593254902,04-12-2009,09-12-2011,757,14,14.57407407,0.019709871,8.554347826,6342,125,6217,736
20718,RED SPOTTY SHOPPER BAG,13353,17457.35,1.655369458,01-12-2009,09-12-2011,1213,18,26.08007813,0.0042998,18.06901218,13489,58,13431,739
20719,WOODLAND CHARLOTTE BAG,24479,27598.42,1.152661188,01-12-2009,09-12-2011,1573,18,45.75514019,0.005411255,33.12449256,24948,135,24813,739
20721,OWLS CHARLOTTE BAG,1,0.85,0.85,07-12-2009,07-12-2009,1,1,1,0,1,2,0,2,1
20723,STRAWBERRY CHARLOTTE BAG,18296,20401.05,1.135025234,01-12-2009,09-12-2011,1379,15,35.04980843,0.010116311,24.75778078,18485,187,18298,739
20724,RED SPOTTY CHARLOTTE BAG,32197,35190.21,1.101962981,01-12-2009,09-12-2011,2035,19,56.88515901,0.009877835,43.56833559,32497,321,32176,739
20725,LUNCH BAG RED SPOTTY,40317,71106.29,2.053925566,01-12-2009,09-12-2011,3056,21,67.87373737,0.022739485,54.55615697,40942,931,40011,739
20726,LUNCH BAG WOODLAND,22118,38506.74,2.112312821,01-12-2009,09-12-2011,1926,20,38.80350877,0.045426065,29.92963464,22344,1015,21329,739
20727,LUNCH BAG  BLACK SKULL.,26678,45655.27,2.023109908,01-12-2009,09-12-2011,2351,19,46.07599309,0.044643515,36.10013532,27126,1211,25915,739
20728,LUNCH BAG CARS BLUE,24596,42270.3,1.974873266,01-12-2009,09-12-2011,2067,23,43,0.046071775,33.28281461,24744,1140,23604,739
20729,RED SPOTTY CANDY BAG,5262,1778.12,1.402066116,01-12-2009,16-06-2010,121,7,73.08333333,0.004535147,26.57575758,4851,22,4829,198
20730,STRAWBERRY CANDY BAG,2218,1011.7,1.08627451,01-12-2009,05-09-2010,102,5,36.36065574,0.005617978,7.949820789,1958,11,1947,279
20731,POSY CANDY BAG,4142,1252.92,1.402465753,07-12-2009,20-06-2011,73,3,61.82089552,0.012944222,7.383244207,4249,55,4194,561
20733,GOLD MINI TAPE MEASURE ,1927,1452.2,0.851762712,03-12-2009,09-12-2011,294,6,9.53960396,0.152983172,2.614654003,1961,300,1661,737
20734,SILVER MINI TAPE MEASURE ,1592,1470.62,1.316101695,01-12-2009,06-04-2011,117,7,15.60784314,0.000598086,3.235772358,1672,1,1671,492
20735,BLACK MINI TAPE MEASURE ,1515,1540.29,1.20519802,02-12-2009,06-12-2011,202,2,9.967105263,0,2.06122449,1074,0,1074,735
20736,PINK MINI TAPE MEASURE ,290,233.5,0.843157895,02-12-2009,14-03-2010,19,1,20.71428571,0,2.815533981,485,0,485,103
20737,RED MINI TAPE MEASURE ,1,1.7,1.7,02-12-2009,02-12-2009,1,1,1,0,1,2,0,2,1
20738,GREEN MINI TAPE MEASURE ,1610,1301.72,0.954594595,03-12-2009,29-11-2010,74,5,25.55555556,0,4.447513812,1454,0,1454,362
20739,*USB Office Glitter Lamp,1,8.65,8.65,01-12-2009,01-12-2009,1,1,1,0,1,1,0,1,1
20747,PICCADILLY TEA SET,683,9224.92,15.7237037,01-12-2009,16-05-2010,108,6,10.50769231,0.004711425,4.089820359,849,4,845,167
20748,KENSINGTON COFFEE SET,1600,14266.98,12.38322404,01-12-2009,28-11-2011,183,6,12.5,0,2.197802198,1536,0,1536,728
20749,ASSORTED COLOUR MINI CASES,3062,22097.61,8.091415584,01-12-2009,09-12-2011,766,21,7.468292683,0.004119138,4.143437077,3156,13,3143,739
20750, RED/WHITE DOT MINI CASES,3688,26866.63,8.112461707,01-12-2009,09-12-2011,909,25,8.232142857,0.005295208,4.99052774,3777,20,3757,739
20751,FUNKY WASHING UP GLOVES ASSORTED,2839,6023.26,2.320546559,01-12-2009,04-12-2011,471,13,9.041401274,0.001032347,3.867847411,2906,3,2903,734
20752,RETRO BLUE SPOTTY WASHING UP GLOVES,1500,2868.2,2.377765363,01-12-2009,27-11-2011,358,11,6.072874494,0.002018843,2.063273728,1486,3,1483,727
20753,RETRO PINK SPOT WASHING UP GLOVES,218,509,2.660714286,01-12-2009,18-01-2010,56,3,10.38095238,-0.043478261,4.448979592,-46,2,-48,49
20754,RETRO RED SPOTTY WASHING UP GLOVES,5094,10444.82,2.488578089,01-12-2009,20-11-2011,852,16,12.2746988,0.006326687,7.075,5216,33,5183,720
20755,BLUE PAISLEY POCKET BOOK,5145,1089.73,0.908114754,07-12-2009,07-12-2011,122,5,53.04123711,0,7.038303694,5162,0,5162,731
20756,GREEN FERN POCKET BOOK,5728,851.56,0.80609375,01-12-2009,22-11-2011,64,4,114.56,0,7.933518006,5575,0,5575,722
20757,RED DAISY POCKET BOOK ,5347,890.7,0.844050633,07-12-2009,27-11-2011,78,2,83.546875,0,7.416088766,5215,0,5215,721
20758,ABSTRACT CIRCLES POCKET BOOK,5425,953.42,0.818969072,01-12-2009,07-12-2011,95,4,72.33333333,0.000192419,7.360922659,5197,1,5196,737
20759,CHRYSANTHEMUM POCKET BOOK ,5777,891.13,0.772539683,17-12-2009,07-12-2011,63,3,115.54,0,8.012482663,5600,0,5600,721
20760,GARDEN PATH POCKET BOOK,5550,1313.66,0.792682927,04-12-2009,24-11-2011,81,5,88.0952381,0,7.697642164,5386,0,5386,721
20761,BLUE PAISLEY SKETCHBOOK,458,1422.46,4.008979592,01-12-2009,07-12-2011,146,5,3.578125,0.008510638,0.621438263,470,4,466,737
20762,GREEN FERN SKETCHBOOK ,458,1343.79,3.836102941,04-12-2009,06-12-2011,136,4,4.01754386,0.008583691,0.624829468,466,4,462,733
20763,DAISY SKETCHBOOK ,267,702.86,3.805945946,07-12-2009,06-12-2011,74,2,4.107692308,0.014869888,0.365753425,269,4,265,730
20764,ABSTRACT CIRCLES SKETCHBOOK ,685,2134.76,4.178865979,02-12-2009,08-12-2011,193,6,4.691780822,0.005780347,0.929443691,692,4,688,737
20765,CHRYSANTHEMUM SKETCHBOOK ,442,1265.06,3.903945578,01-12-2009,05-12-2011,146,2,3.745762712,0.011061947,0.601360544,452,5,447,735
20766,GARDEN PATH SKETCHBOOK,518,1548.47,3.951910828,04-12-2009,04-12-2011,155,5,4.211382114,0.007619048,0.708618331,525,4,521,731
20767,BLUE PAISLEY JOURNAL ,812,1741.61,2.680446927,01-12-2009,06-12-2011,179,5,5.205128205,0.008547009,1.10326087,819,7,812,736
20768,GREEN FERN JOURNAL ,767,1534.19,2.55704698,01-12-2009,06-12-2011,149,3,6.235772358,0,1.042119565,771,0,771,736
20769,DAISY JOURNAL ,438,808.81,2.561625,07-12-2009,06-12-2011,79,5,6.347826087,0,0.6,442,0,442,730
20770,ABSTRACT CIRCLE JOURNAL ,1045,2190.59,2.473762376,01-12-2009,27-11-2011,201,6,6.49068323,0.009469697,1.43741403,1056,10,1046,727
20771,CHRYSANTHEMUM  JOURNAL,606,1201.68,2.567928571,01-12-2009,06-12-2011,140,5,5.224137931,0.009538951,0.823369565,629,6,623,736
20772,GARDEN PATH JOURNAL,970,1848.73,2.511111111,02-12-2009,08-12-2011,161,6,7.698412698,0.154871795,1.31614654,975,151,824,737
20773,BLUE PAISLEY NOTEBOOK,3339,963.98,1.74225,01-12-2009,12-09-2011,117,3,34.42268041,0.000301386,5.129032258,3318,1,3317,651
20774,GREEN FERN NOTEBOOK,3484,962.48,1.739,01-12-2009,04-10-2011,119,4,36.29166667,0.000285225,5.176820208,3506,1,3505,673
20775,DAISY NOTEBOOK ,3604,926.54,1.739823009,06-12-2009,05-12-2011,112,2,40.04444444,0,4.936986301,3527,0,3527,730
20776,ABSTRACT CIRCLES NOTEBOOK,3258,832.66,1.782823529,01-12-2009,17-09-2010,84,5,57.15789474,0,11.19587629,3259,0,3259,291
20777,CHRYSANTHEMUM NOTEBOOK,3660,1262.7,1.781058824,01-12-2009,09-12-2011,169,6,27.9389313,0.000821243,4.952638701,3653,3,3650,739
20778,GARDEN PATH NOTEBOOK ,3611,944.36,1.808021978,02-12-2009,26-04-2011,90,4,48.14666667,0.000832871,7.066536204,3602,3,3599,511
20780,BLACK EAR MUFF HEADPHONES,231,1333.96,6.895445545,01-12-2009,08-12-2011,98,5,3.121621622,0.004016064,0.31300813,249,1,248,738
20781,GOLD EAR MUFF HEADPHONES,103,579.93,6.378196721,04-12-2009,07-12-2011,61,4,1.807017544,0.054545455,0.140326975,110,6,104,734
20782,CAMOUFLAGE EAR MUFF HEADPHONES,155,995.48,6.865977011,01-12-2009,09-12-2011,87,4,2.348484848,0.040935673,0.209742896,171,7,164,739
20783,HEART EAR MUFF HEADPHONES,165,1051.4,7.645090909,01-12-2009,16-08-2010,55,3,4.125,0.030769231,0.637065637,130,4,126,259
20784,RED RETRO BAR STOOL,101,3570.87,36.42621622,01-12-2009,21-10-2010,37,1,2.970588235,0.011111111,0.310769231,90,1,89,325
20785,FUSCHIA RETRO BAR STOOL,102,3672.35,37.55945946,22-01-2010,06-04-2011,36,2,3.090909091,0.007246377,0.231818182,138,1,137,440
20786,BLACK RETRO BAR STOOL,99,3533.9,36.876875,22-01-2010,22-10-2010,31,1,3.413793103,0.023529412,0.361313869,85,2,83,274
20787,BLUE RETRO BAR STOOL,69,2535.1,38.021875,17-01-2010,22-09-2010,30,1,2.653846154,0,0.277108434,-1,0,-1,249
20791,BLUE TILED SET OF 3 DRAWERS,5,63.75,12.75,14-01-2010,14-01-2010,1,1,5,2.5,5,2,5,-3,1
20793,BLUE TILED TRAY,281,518.5,8.935,02-12-2009,08-09-2011,22,2,12.77272727,0.018726592,0.43498452,267,5,262,646
20794,BLUE  TILE HOOK,212,591.02,3.44244898,07-01-2010,06-12-2011,48,3,4.416666667,0.084507042,0.303290415,213,18,195,699
20795,LARGE BLUE PROVENCAL CERAMIC BALL,135,308.7,2.956896552,09-12-2009,05-12-2011,29,3,4.821428571,0.051851852,0.185694635,135,7,128,727
20796,SMALL BLUE PROVENCAL CERAMIC BALL,99,182.16,2.349545455,09-12-2009,10-11-2011,22,2,4.5,0,0.141025641,99,0,99,702
20798,CLEAR MILKSHAKE GLASS,551,1308.15,3.106117647,01-12-2009,25-01-2011,83,4,7.25,0.18018018,1.308788599,444,80,364,421
20799,PINK MILKSHAKE GLASS,200,355.33,3.125769231,01-12-2009,21-06-2010,26,3,8,0.043478261,0.985221675,184,8,176,203
20800,LARGE GLASS SUNDAE DISH CLEAR,1005,303.96,3.618,11-01-2010,30-03-2010,5,2,201,0,12.72151899,979,0,979,79
20801,LARGE PINK GLASS SUNDAE DISH,1092,1422,2.207652174,18-01-2010,25-05-2011,111,4,13.31707317,0.029038113,2.215010142,1102,32,1070,493
20802,SMALL GLASS SUNDAE DISH CLEAR,1051,1596.81,2.104051724,16-12-2009,28-11-2011,116,2,10.2038835,0.044985942,1.474053296,1067,48,1019,713
20803,SMALL PINK GLASS SUNDAE DISH,1149,874.46,1.696071429,07-12-2009,01-05-2011,84,4,15.52702703,0.065719361,2.24853229,1126,74,1052,511
20804,GLASS CHICKEN BUTTER DISH,325,579.31,2.678852459,01-12-2009,01-07-2010,61,1,10.15625,0.131868132,1.525821596,364,48,316,213
20812,EMBOSSED FLOWER TRELLIS PHOTO FRAME,5,12.75,2.55,01-12-2009,28-01-2010,3,1,1.666666667,0,0.084745763,-7,0,-7,59
20814,SILVER FINCH DECORATION,189,208.89,1.206153846,01-12-2009,24-02-2010,13,1,18.9,0.074712644,2.197674419,174,13,161,86
20816,GOLD FLOWER CUSHION COVER ,24,123.6,5.378571429,04-02-2010,28-04-2011,7,2,4,0.384615385,0.053452116,13,5,8,449
20818,GOLD TEDDY BEAR,87,268.5,4.491666667,02-12-2009,04-05-2011,30,3,3.107142857,0,0.167630058,57,0,57,519
20819,SILVER TEDDY BEAR,228,631.49,3.888,02-12-2009,30-11-2011,65,9,4.071428571,0,0.312757202,229,0,229,729
20820,SILVER LOOKING MIRROR,11,54.45,4.95,17-12-2009,01-03-2011,8,1,1.375,0,0.025,-132,0,-132,440
20821,GOLDIE LOOKING MIRROR,42,286.42,7.882,14-12-2009,23-11-2011,25,1,1.68,-0.09929078,0.05915493,-141,14,-155,710
20822,SILVER WINE GOBLET,2,9.3,4.65,01-02-2010,01-02-2010,1,1,2,-0.166666667,2,-12,2,-14,1
20823,GOLD WINE GOBLET,253,533.71,3.651052632,01-12-2009,09-06-2011,19,1,14.88235294,0.025157233,0.455035971,159,4,155,556
20825,GOLD WINE GLASS,361,1255.08,6.831428571,01-12-2009,14-11-2010,7,1,60.16666667,0.022988506,1.034383954,261,6,255,349
20826,SILVER APERITIF GLASS,355,290.72,1.347857143,01-12-2009,18-05-2011,14,1,25.35714286,0,0.664794007,186,0,186,534
20827,GOLD APERITIF GLASS,173,209.36,1.63375,01-12-2009,21-04-2011,8,1,21.625,0,0.34122288,60,0,60,507
20828,GLITTER BUTTERFLY CLIPS,4423,10940.48,2.935849359,01-12-2009,08-12-2011,607,6,12.08469945,0.006694934,5.993224932,4481,30,4451,738
20829,GLITTER HANGING BUTTERFLY STRING,4820,9825.02,2.42197556,01-12-2009,08-12-2011,481,4,15.20504732,0.225773196,6.531165312,4850,1095,3755,738
20830,SILVER PHOTO FRAME,407,964.61,2.990722892,01-12-2009,02-10-2011,82,3,5.5,0.043650794,0.606557377,252,11,241,671
20831,GOLD PHOTO FRAME,474,927.96,2.722625,01-12-2009,09-12-2011,79,5,6.493150685,0.0125,0.641407307,480,6,474,739
20832,RED FLOCK LOVE HEART PHOTO FRAME,1681,1122.65,0.932641509,01-12-2009,09-12-2011,158,2,13.448,0.004778973,2.274695535,1674,8,1666,739
20833,SHAKER THROW  QUILTED,52,811.8,27.63,06-12-2009,09-03-2010,5,1,10.4,0.024390244,0.553191489,41,1,40,94
20835,FRENCH LATTICE CUSHION COVER ,80,87.02,2.87,03-03-2010,10-11-2011,10,2,8,0,0.129449838,81,0,81,618
20836,FRENCH PAISLEY CUSHION COVER,224,250,1.120909091,02-03-2010,24-11-2011,22,2,10.66666667,0.107142857,0.353870458,224,24,200,633
20837,FRENCH FLORAL CUSHION COVER ,165,188.07,1.184444444,04-12-2009,20-11-2011,18,3,10.3125,0,0.230125523,165,0,165,717
20838,FRENCH LATTICE CUSHION COVER ,446,565.8,1.946190476,14-02-2010,05-12-2011,63,4,8.109090909,0.02690583,0.675757576,446,12,434,660
20839,FRENCH PAISLEY CUSHION COVER ,633,1018.11,2.502966102,07-12-2009,08-12-2011,118,5,6.956043956,0,0.864754098,562,0,562,732
20840,FRENCH FLORAL CUSHION COVER ,885,1419.09,2.147021277,18-12-2009,08-12-2011,93,6,11.49350649,0.255841121,1.227461859,856,219,637,721
20845,ZINC HEART LATTICE 2 WALL PLANTER,76,502.27,7.169583333,02-12-2009,16-08-2011,24,2,3.304347826,0,0.121990369,71,0,71,623
20846,ZINC HEART LATTICE T-LIGHT HOLDER,1453,1956.81,1.553872832,14-12-2009,07-12-2011,169,7,10.76296296,0,2.006906077,1471,0,1471,724
20847,ZINC HEART LATTICE CHARGER LARGE,80,334.35,4.747407407,03-12-2009,25-11-2011,27,3,3.076923077,0.012345679,0.110650069,81,1,80,723
20848,ZINC HEART LATTICE CHARGER SMALL,39,115.05,2.95,10-12-2009,06-11-2011,12,1,3.25,0,0.055954089,31,0,31,697
20849,ZINC HEART LATTICE DOUBLE PLANTER,674,593.03,4.047083333,07-12-2009,21-11-2010,24,2,32.0952381,0,1.925714286,693,0,693,350
20850,ZINC HEART LATTICE PLANTER BOWL,820,713.8,2.843478261,06-01-2010,11-11-2010,23,2,39.04761905,0,2.64516129,817,0,817,310
20851,ZINC HEART LATTICE TRAY OVAL ,335,429.57,5.966206897,08-12-2009,27-04-2011,28,2,11.96428571,0.006535948,0.662055336,306,2,304,506
20854,BLUE PATCH PURSE PINK HEART,441,711.37,1.663518519,03-12-2009,20-02-2011,107,4,4.793478261,0.039473684,0.991011236,380,15,365,445
20855,PINK PATCH PURSE BLUE HEART,142,234.3,1.65,03-12-2009,15-09-2010,47,3,3.227272727,0.016393443,0.494773519,61,1,60,287
20856,DENIM PATCH PURSE PINK BUTTERFLY,408,674.09,1.66,06-12-2009,09-08-2011,122,6,3.885714286,0.046808511,0.666666667,235,11,224,612
20857,BLUE ROSE PATCH PURSE PINK BUTTERFL,249,410.85,1.65,06-12-2009,17-02-2011,73,5,3.661764706,0.076190476,0.567198178,210,16,194,439
20858,SILVER PURSE GOLD PINK BUTTERFLY,4,6.6,1.65,14-12-2009,14-12-2009,1,1,4,0,4,-24,0,-24,1
20860,GOLD COSMETICS BAG WITH BUTTERFLY,20,42,2.1,08-04-2010,13-12-2010,11,1,1.818181818,0,0.08,-5,0,-5,250
20861,GOLD COSMETIC BAG PINK STAR,46,96.6,2.1,03-12-2009,10-12-2010,16,2,2.875,0,0.123324397,34,0,34,373
20862,PINK PATCH PENCIL CASE BLUE HEART,325,691.14,2.621621622,02-12-2009,30-06-2010,37,4,10.48387097,0.00297619,1.54028436,336,1,335,211
20863,BLUE PATCH PENCIL CASE PINK HEART,293,601.53,2.4202,01-12-2009,15-08-2010,50,4,6.369565217,0.0041841,1.135658915,239,1,238,258
20864,DENIM PATCH PENCIL CASE BUTTERFLY,252,498.14,2.2,06-12-2009,24-10-2010,29,4,9.333333333,0.004255319,0.780185759,235,1,234,323
20865,PATCHWORK PENCIL CASE BUTTERFLY ,251,500.49,2.196060606,01-12-2009,30-06-2010,33,4,8.366666667,0.362831858,1.183962264,226,82,144,212
20866,BLUE ROSE FABRIC MIRROR,1280,1368.91,1.485759162,01-12-2009,08-12-2011,191,9,9.481481481,0.113528855,1.734417344,1057,120,937,738
20867,PINK ROSE FABRIC MIRROR,1098,1093.14,1.380064516,01-12-2009,06-12-2011,153,9,9.547826087,0,1.491847826,870,0,870,736
20868,SILVER FABRIC MIRROR,882,518.07,0.921408451,06-12-2009,08-12-2011,71,4,15.20689655,0,1.203274216,882,0,882,733
20869,GOLD FABRIC MIRROR,529,295.12,0.942222222,02-12-2009,08-12-2011,53,4,11.25531915,0,0.717774763,530,0,530,737
20870,OPULENT VELVET CANDLE IN BOX,29,52.2,2.921428571,01-12-2009,22-12-2009,7,1,4.833333333,0.5,1.318181818,2,1,1,22
20871,OPULENT VELVET SET/3 CANDLES,1273,1978.05,2.688372093,02-12-2009,14-12-2010,127,5,16.11392405,0.001912046,3.367724868,1046,2,1044,378
20877,MODERN CHRISTMAS BAUBLE CANDLE ,12,5.04,0.42,10-12-2009,18-12-2009,5,1,2.4,0,1.333333333,-22,0,-22,9
20878,SET/9 CHRISTMAS T-LIGHTS SCENTED ,737,952.51,1.47862069,02-12-2009,05-12-2010,85,2,13.4,0,1.997289973,710,0,710,369
20879,TREE OF NOAH FESTIVE SCENTED CANDLE,57,67.8,1.802727273,04-12-2009,22-12-2009,11,1,7.125,2.4,3,40,96,-56,19
20881,MODERN CHRISTMAS TREE CANDLE,3,2.55,0.85,10-12-2009,16-12-2009,2,1,1.5,0,0.428571429,-10,0,-10,7
20882,MODERN CHRISTMAS TREE CANDLE,3,8.85,2.95,13-12-2009,16-12-2009,2,1,1.5,0,0.75,-19,0,-19,4
20884,MODERN CHRISTMAS TREE CANDLE ,3,6.3,2.1,10-12-2009,18-12-2009,3,1,1,0,0.333333333,8,0,8,9
20885,BOX OF 3 PEBBLE CANDLES,1,2.95,2.95,22-12-2009,22-12-2009,1,1,1,-0.055555556,1,-18,1,-19,1
20886,BOX OF 9 PEBBLE CANDLES,1777,3540.22,2.387220447,01-12-2009,07-11-2011,308,8,7.692640693,0.003452244,2.513437058,1738,6,1732,707
20887,BOX OF 6 PEBBLE CANDLES,18,118.39,5.615,01-12-2009,22-12-2009,8,1,3.6,0,0.818181818,33,0,33,22
20888,SET 3 JARDIN DE FEMME SCENT CANDLES,367,547.74,3.885263158,01-12-2009,26-03-2010,19,2,21.58823529,0,3.163793103,326,0,326,116
20889,JARDIN DE FEMME SCENTED CANDLE,657,398.04,2.337692308,02-12-2009,26-03-2010,13,3,59.72727273,0,5.713043478,620,0,620,115
20890,SMALL GLASS ROSE SCENTED CANDLE,605,202.62,2.9925,21-01-2010,19-04-2010,4,1,151.25,0,6.797752809,575,0,575,89
20891,LARGE GLASS ROSE SCENTED CANDLE ,684,236.33,8.126666667,12-01-2010,19-04-2010,3,1,228,0,6.979591837,599,0,599,98
20892,SET/3 TALL GLASS CANDLE HOLDER PINK,102,1095.35,16.15289474,01-12-2009,21-12-2010,38,3,2.833333333,0.525,0.264248705,40,21,19,386
20893,HANGING BAUBLE T-LIGHT HOLDER SMALL,559,1308.59,2.886455696,03-12-2009,04-12-2011,76,3,7.763888889,0.34751773,0.763661202,423,147,276,732
20894,HANGING BAUBLE T-LIGHT HOLDER LARGE,267,827.3,3.453625,01-12-2009,01-12-2011,79,2,3.708333333,0.021276596,0.365253078,282,6,276,731
20895,VINTAGE NOTEBOOK FRENCH LETTER ,16,47.2,2.95,08-12-2009,02-02-2010,4,1,4,0,0.280701754,-18,0,-18,57
20896,VINTAGE NOTEBOOK PINK FLOWER,39,115.05,2.95,09-12-2009,18-08-2010,14,2,2.785714286,0,0.154150198,20,0,20,253
20897,VINTAGE NOTEBOOK PARIS DAYS,351,848.7,3.8476,01-12-2009,30-08-2011,75,4,5.4,0.05625,0.55015674,320,18,302,638
20898,VINTAGE NOTEBOOK TRAVELOGUE,327,693.92,3.194181818,04-12-2009,23-10-2011,53,4,6.8125,0.020477816,0.474600871,293,6,287,689
20899,VINTAGE NOTEBOOK RED ROSE,44,129.8,2.95,09-12-2009,16-05-2010,12,1,4,0,0.27672956,48,0,48,159
20901,VINTAGE KEEPSAKE BOX PINK FLOWER,91,806.58,9.474626866,01-12-2009,14-11-2011,67,3,1.596491228,0.02173913,0.12745098,92,2,90,714
20902,VINTAGE KEEPSAKE BOX PARIS DAYS,206,1525.22,9.306034483,03-12-2009,10-08-2011,116,6,2.080808081,0,0.334415584,209,0,209,616
20903,VINTAGE KEEPSAKE BOX TRAVELOGUE,187,919.8,7.181046512,01-12-2009,23-10-2011,86,4,2.493333333,0.006410256,0.270231214,156,1,155,692
20905,VINTAGE KEEPSAKE BOX BEAUTY GIRL,10,63.5,6.35,02-12-2009,28-01-2010,4,1,2.5,0,0.172413793,-2,0,-2,58
20906,VINTAGE NOTEBOOK BEAUTY GIRL,101,368.24,4.0925,02-12-2009,03-04-2011,47,2,2.805555556,0,0.206967213,-4,0,-4,488
20910,VINTAGE PHOTO ALBUM PARIS DAYS,106,769.12,8.37787234,03-12-2009,16-12-2010,47,2,2.304347826,0,0.279683377,97,0,97,379
20913,SET/5 BLUE SPOTTY LID GLASS BOWLS,314,898.72,3.803023256,01-12-2009,17-01-2010,43,2,15.7,0,6.541666667,163,0,163,48
20914,SET/5 RED SPOTTY LID GLASS BOWLS,18670,52508.56,3.225493708,01-12-2009,09-12-2011,2030,19,32.92768959,0.021593369,25.26387009,18941,409,18532,739
20931,BLUE POT PLANT CANDLE ,673,2238.07,4.795632911,07-12-2009,09-12-2011,157,6,5.2578125,0.039940828,0.918144611,676,27,649,733
20932,PINK POT PLANT CANDLE,333,1143.97,4.717530864,10-12-2009,08-12-2011,81,4,4.44,0.050898204,0.456790123,334,17,317,729
20933,YELLOW POT PLANT CANDLE,505,1329.49,4.100754717,02-12-2009,08-12-2011,52,2,11.22222222,0,0.685210312,497,0,497,737
20934,SET/3 POT PLANT CANDLES,197,1185.07,7.268,02-12-2009,04-11-2011,74,4,3.126984127,0.119047619,0.280227596,168,20,148,703
20935,ROUND CACTUS CANDLE,300,574.48,3.077234043,08-12-2009,16-11-2011,46,1,6.976744186,0.022641509,0.423131171,265,6,259,709
20936,FORKED CACTUS CANDLE,333,843.39,3.673289474,06-12-2009,09-12-2011,76,2,4.757142857,0.029239766,0.453678474,342,10,332,734
20939,ORANGE CANDLE,12,10.2,0.85,11-12-2009,11-12-2009,1,1,12,0,12,-5,0,-5,1
20940,SET/6 GARDEN GNOME T-LIGHT CANDLES,118,342.75,3.475454545,01-12-2009,13-12-2009,22,2,11.8,0.486486486,9.076923077,74,36,38,13
20941,FROG CANDLE,998,896.28,1.77288,01-12-2009,06-07-2011,124,5,10.28865979,0.048403708,1.711835334,971,47,924,583
20942,SET/6 GINGERBREAD TREE T-LIGHTS,6,7.5,1.25,01-12-2009,22-12-2009,4,1,2,-0.5,0.272727273,-2,1,-3,22
20943,SET/6 GINGERBREAD STAR T-LIGHTS,381,540.21,1.671690141,01-12-2009,22-10-2010,71,5,8.466666667,0.002793296,1.168711656,358,1,357,326
20950,SET/6  ANGEL T-LIGHTS WHITE/GOLD,687,353.39,0.754642857,02-12-2009,28-11-2010,83,3,10.9047619,0,1.897790055,673,0,673,362
20952,PORCELAIN CHERUB BELL SMALL,329,150.72,0.68125,10-12-2009,23-11-2010,24,3,14.95454545,0.37845706,0.94269341,687,260,427,349
20953,PORCELAIN CHERUB BELL LARGE,33,54.45,1.65,19-03-2010,29-11-2010,9,2,3.666666667,0,0.12890625,26,0,26,256
20954,*USB Office Mirror Ball,3,25.59,8.53,02-12-2009,17-12-2010,3,1,1.5,0,0.007874016,-1,0,-1,381
20956,PORCELAIN T-LIGHT HOLDERS ASSORTED,2338,3083.82,1.756639004,01-12-2009,06-12-2011,236,2,13.83431953,0.021834061,3.176630435,1374,30,1344,736
20957,PORCELAIN HANGING BELL SMALL,126,184.61,1.577333333,11-04-2010,29-11-2010,15,3,8.4,0.011695906,0.540772532,171,2,169,233
20958,PORCELAIN HANGING BELL LARGE,38,70.5,1.92,26-03-2010,29-11-2010,10,1,3.8,0,0.152610442,-63,0,-63,249
20960,WATERMELON BATH SPONGE,1900,2550.84,1.657201835,01-12-2009,07-03-2011,215,7,12.66666667,0,4.112554113,1790,0,1790,462
20961,STRAWBERRY BATH SPONGE ,3530,4687.65,1.707490347,01-12-2009,09-12-2011,514,13,11.38709677,0.01927253,4.776725304,3684,71,3613,739
20963,APPLE BATH SPONGE,3459,4676.15,1.762834951,01-12-2009,09-12-2011,509,12,11.41584158,0.002742732,4.680649526,3646,10,3636,739
20964,POLYESTER FILLER PAD 60x40cm,20,51,2.55,01-12-2009,06-05-2011,6,2,3.333333333,0,0.038314176,22,0,22,522
20966,SANDWICH BATH SPONGE,3007,4265.24,1.799433962,01-12-2009,24-08-2011,420,9,12.79574468,0.000354359,4.757911392,2822,1,2821,632
20967,GREY FLORAL FELTCRAFT SHOULDER BAG,1055,3997.34,3.9912,01-12-2009,26-10-2011,296,11,5.672043011,0.018726592,1.517985612,1068,20,1048,695
20968,GREEN FLORAL FELTCRAFT SHOULDER BAG,43,185.11,4.7495,01-12-2009,12-01-2010,19,1,3.307692308,0,1,-72,0,-72,43
20969,RED FLORAL FELTCRAFT SHOULDER BAG,3237,12066.52,4.244845528,01-12-2009,08-12-2011,613,11,9.409883721,0.087735276,4.386178862,3294,289,3005,738
20970,PINK FLORAL FELTCRAFT SHOULDER BAG,2490,9387.29,4.142339688,01-12-2009,09-12-2011,574,12,7.661538462,0.001177856,3.369418133,2547,3,2544,739
20971,PINK BLUE FELT CRAFT TRINKET BOX,22260,28580.97,1.409372313,01-12-2009,09-12-2011,1148,16,47.06131078,0.170886915,30.1217862,22629,3867,18762,739
20972,PINK CREAM FELT CRAFT TRINKET BOX ,20496,24785.31,1.404507442,01-12-2009,09-12-2011,1397,18,40.10958904,0.072106353,27.73477673,20761,1497,19264,739
20973,12 PENCIL SMALL TUBE WOODLAND,9863,6773.95,0.781561119,17-03-2010,09-12-2011,658,14,33.32094595,0.000892591,15.58135861,10083,9,10074,633
20974,12 PENCILS SMALL TUBE SKULL,13219,8686.54,0.7466,01-12-2009,09-12-2011,822,12,31.77644231,0.045136072,17.88768606,13559,612,12947,739
20975,12 PENCILS SMALL TUBE RED SPOTTY,18099,11848.71,0.739526372,01-12-2009,08-12-2011,902,17,46.28900256,0.080036699,24.52439024,18529,1483,17046,738
20976,12 PENCILS SMALL TUBE POSY,549,376.34,0.748421053,02-12-2009,04-10-2010,76,3,8.318181818,0,1.788273616,538,0,538,307
20977,36 PENCILS TUBE WOODLAND,3792,5069.99,1.56809816,01-12-2009,07-11-2011,485,17,12.51485149,0.020810515,5.363507779,3652,76,3576,707
20978,36 PENCILS TUBE SKULLS,4117,5438.57,1.58679646,01-12-2009,09-12-2011,557,12,12.47575758,0.004323805,5.571041949,4163,18,4145,739
20979,36 PENCILS TUBE RED SPOTTY,8156,10271.81,1.569535865,01-12-2009,09-12-2011,709,19,20.44110276,0.047451028,11.03653586,8219,390,7829,739
20980,36 PENCILS TUBE POSY,233,282.31,1.404576271,01-12-2009,08-08-2011,58,2,4.396226415,0.041474654,0.378246753,217,9,208,616
20981,12 PENCILS TALL TUBE WOODLAND,4718,4069.16,0.962912621,01-12-2009,09-12-2011,513,19,14.60681115,0.016520284,6.384303112,4782,79,4703,739
20982,12 PENCILS TALL TUBE SKULLS,4851,4243.8,0.961333333,01-12-2009,09-12-2011,576,13,14.97222222,0.00588474,6.564276049,4928,29,4899,739
20983,12 PENCILS TALL TUBE RED SPOTTY,6280,5469.08,0.956834862,01-12-2009,09-12-2011,641,16,16.97297297,0.004888048,8.49797023,6342,31,6311,739
20984,12 PENCILS TALL TUBE POSY,5867,1940.96,0.535458167,01-12-2009,17-10-2011,245,14,36.44099379,0.035767511,8.552478134,6039,216,5823,686
20985,HEART CALCULATOR,2370,3047.99,1.542233333,02-12-2009,09-12-2011,291,12,10.87155963,0.018371608,3.211382114,2395,44,2351,738
20986,BLUE CALCULATOR RULER,1217,1530.95,1.554354067,02-12-2009,09-12-2011,204,5,7.902597403,0,1.649051491,1251,0,1251,738
20987,GEISHA GIRL CHOPSTICKS SET/5,131,288.35,3.018181818,01-12-2009,22-12-2009,22,1,14.55555556,0,5.954545455,11,0,11,22
20988,TRELLIS FLOWER CHOPSTICKS SET/5,24,46.8,1.95,02-12-2009,28-02-2010,9,1,3,0,0.269662921,-2,0,-2,89
20989,URBAN CHIC CHOPSTICKS SET/5,407,782.18,2.269824561,01-12-2009,17-03-2010,57,2,10.43589744,0.005524862,3.803738318,362,2,360,107
20990,SPRING FLOWER CHOPSTICKS SET/5,895,1706.14,2.247641509,02-12-2009,13-06-2010,103,3,12.09459459,0.001026694,4.613402062,974,1,973,194
20991,JAZZ HEARTS MAGNETIC MEMO PAD,7084,884.56,0.9515625,01-12-2009,19-02-2010,32,4,308,0,87.45679012,6950,0,6950,81
20992,JAZZ HEARTS PURSE NOTEBOOK,6151,3220.4,0.685321508,01-12-2009,08-12-2011,433,6,22.44890511,0,8.334688347,6224,0,6224,738
20993,JAZZ HEARTS MEMO PAD,10967,1334.11,0.8425,04-12-2009,09-03-2010,32,3,421.8076923,0,114.2395833,10853,0,10853,96
20994,JAZZ HEARTS SPIRAL NOTEPAD,47,39.95,0.85,01-12-2009,25-01-2010,12,1,4.7,0,0.839285714,21,0,21,56
20996,JAZZ HEARTS ADDRESS BOOK,6311,1686.79,0.378422619,02-12-2009,08-12-2011,335,5,27.67982456,0.002207157,8.563093623,6343,14,6329,737
20997,ROSE DU SUD CUSHION COVER ,170,796.74,4.718433735,08-12-2009,08-12-2011,83,6,2.328767123,0,0.23255814,170,0,170,731
20998,ROSE DU SUD OVEN GLOVE,324,942.26,2.944330709,02-12-2009,14-10-2011,127,8,2.867256637,0,0.475073314,321,0,321,682
21000,ROSE DU SUD COSMETICS BAG,690,1744.98,3.76,03-12-2009,09-12-2011,94,9,8.214285714,0,0.936227951,655,0,655,737
21001,ROSE DU SUD WASHBAG ,141,717.8,4.899222222,16-12-2009,08-12-2011,90,7,1.807692308,0,0.195020747,149,0,149,723
21002,ROSE DU SUD DRAWSTRING BAG,417,1507.22,3.536141304,21-12-2009,23-10-2011,184,9,3.04379562,0,0.620535714,429,0,429,672
21003,ROSE DU SUD CUSHION COVER,109,647.75,5.928125,02-03-2010,08-12-2011,64,4,2.056603774,0,0.168469861,109,0,109,647
21004,ROSE DU SUD CHILDS APRON,137,625.07,4.793943662,01-12-2009,05-11-2010,70,4,2.283333333,0,0.402941176,63,0,63,340
21007,ETCHED GLASS DROPLET DECORATION,1927,914.67,1.18,02-12-2009,23-09-2010,48,2,58.39393939,0,6.510135135,1811,0,1811,296
21008,ETCHED GLASS HEART TREE DECORATION,1,2.51,2.51,01-02-2010,01-02-2010,1,1,1,0,1,-18,0,-18,1
21009,ETCHED GLASS STAR TREE DECORATION,1047,1494.99,1.482571429,02-12-2009,17-12-2010,102,3,19.03636364,0.016129032,2.748031496,930,15,915,381
21010,ETCHED GLASS BIRD TREE DECORATION,850,1114.76,1.478705882,02-12-2009,24-10-2010,83,4,15.17857143,0.015037594,2.599388379,798,12,786,327
21011,GLITTER SNOW PEAR TREE DECORATION,1840,1373.8,1.253492063,02-12-2009,21-12-2010,118,3,25.20547945,0.001640241,4.779220779,1829,3,1826,385
21012,ANTIQUE ALL GLASS CANDLESTICK,2297,4293.7,2.332857143,01-12-2009,09-12-2011,299,3,10.83490566,0.002114165,3.108254398,2365,5,2360,739
21014,SWISS CHALET TREE DECORATION ,1850,928.09,0.805412371,01-12-2009,23-11-2011,189,5,15.16393443,0.000530504,2.558782849,1885,1,1884,723
21015,DARK BIRD HOUSE TREE DECORATION,1700,771.73,0.768510638,01-12-2009,09-12-2011,186,6,14.65517241,0.00232288,2.300405954,1722,4,1718,739
21016,LIGHT BIRD HOUSE TREE DECORATION,834,582.85,0.967931034,01-12-2009,26-11-2010,82,4,15.73584906,0.005167959,2.310249307,774,4,770,361
21017,RED BIRD HOUSE TREE DECORATION,659,535.89,1.354942529,01-12-2009,19-11-2010,87,3,11.36206897,0,1.861581921,494,0,494,354
21018,BIRD BOX CHRISTMAS TREE DECORATION,213,182.71,0.887727273,01-12-2009,17-12-2010,42,2,5.916666667,0,0.557591623,349,0,349,382
21025,SPACE FROG,300,396.12,1.520864198,01-12-2009,06-12-2011,81,4,4.47761194,0,0.407608696,314,0,314,736
21026,SPACE OWL,549,716.73,1.63304,02-12-2009,09-12-2011,124,7,5.545454545,0,0.743902439,558,0,558,738
21027,NINJA RABBIT PINK,355,433.61,1.254303797,04-12-2009,21-11-2011,77,5,5.725806452,0,0.494428969,197,0,197,718
21028,NINJA RABBIT BLACK,323,423.9,1.612173913,05-12-2009,08-12-2011,92,2,4.0375,0,0.440054496,324,0,324,734
21030,SPACE CADET RED,239,290.9,1.203076923,16-12-2009,21-11-2011,51,5,4.78,0,0.338526912,250,0,250,706
21031,SPACE CADET BLACK,144,176.7,1.294102564,01-12-2009,16-11-2011,39,2,3.789473684,0.006802721,0.201117318,147,1,146,716
21032,SPACE CADET WHITE,203,252.16,1.4008,04-12-2009,30-11-2011,50,3,4.06,0.013888889,0.279229711,216,3,213,727
21033,JUMBO BAG CHARLIE AND LOLA TOYS,4590,10132.11,3.338970332,01-12-2009,08-09-2011,573,8,15.50675676,0.002609727,7.094281298,4215,11,4204,647
21034,REX CASH+CARRY JUMBO SHOPPER,4002,3801.9,0.95,01-12-2009,08-12-2011,1902,9,7.316270567,0.00660066,5.422764228,4242,28,4214,738
21035,SET/2 RED SPOTTY TEA TOWELS ,5994,18644.78,4.038792735,01-12-2009,09-12-2011,929,17,13.5,0.033984567,8.110960758,6091,207,5884,739
21036,SET/2 TEA TOWELS MODERN VINTAGE,1,2.55,2.55,14-12-2009,14-12-2009,1,1,1,0,1,-11,0,-11,1
21038,SET/4 MODERN VINTAGE COTTON NAPKINS,166,355.48,2.220192308,16-12-2009,04-05-2011,52,3,3.608695652,0.013888889,0.328712871,144,2,142,505
21039,RED SPOTTY SHOPPING BAG,1313,3423.65,2.985307018,01-12-2009,06-12-2011,228,12,7.335195531,0.012130402,1.783967391,1319,16,1303,736
21040,MODERN VINTAGE COTTON SHOPPING BAG,894,1125.85,2.434492754,02-12-2009,15-03-2011,68,6,17.19230769,0,1.906183369,820,0,820,469
21041,RED SPOTTY OVEN GLOVE DOUBLE,2666,9049.29,4.075584906,01-12-2009,23-11-2011,525,9,9.65942029,0.005096041,3.687413555,2551,13,2538,723
21042,RED SPOTTY APRON ,1473,8717.31,6.910521092,01-12-2009,08-12-2011,399,10,5.622137405,0.011960133,1.995934959,1505,18,1487,738
21043,APRON MODERN VINTAGE COTTON,677,1921.03,4.285602837,07-12-2009,07-06-2011,141,4,6.838383838,0.004769475,1.23540146,629,3,626,548
21051,RIBBONS PURSE ,754,1486.16,2.174461538,03-12-2009,08-12-2011,127,10,7.25,0.008185539,1.024456522,733,6,727,736
21054,NURSE'S BAG SOFT TOY,382,3538,9.614863388,03-12-2009,14-11-2011,182,10,2.652777778,0.005970149,0.536516854,335,2,333,712
21055,TOOL BOX SOFT TOY ,386,3839.09,10.46596413,01-12-2009,08-12-2011,222,14,2.231213873,0.017199017,0.52303523,407,7,400,738
21056,DOCTOR'S BAG SOFT TOY,545,4961.33,9.701076923,03-12-2009,08-12-2011,195,12,3.40625,0.146690519,0.74048913,559,82,477,736
21058,PARTY INVITES WOODLAND,2396,2055.59,0.995483871,01-12-2009,08-12-2011,275,14,11.57487923,0.004954583,3.246612466,2422,12,2410,738
21059,PARTY INVITES DINOSAURS,1596,1348.56,0.900769231,06-12-2009,08-12-2011,221,9,8.489361702,0.014805676,2.177353342,1621,24,1597,733
21060,PARTY INVITES BALLOON GIRL,1276,952.55,0.940794702,08-12-2009,05-12-2011,151,5,9.451851852,0,1.752747253,1288,0,1288,728
21061,PARTY INVITES FOOTBALL,1396,1046.56,0.97,08-12-2009,04-12-2011,163,9,9.561643836,0.00837404,1.920220083,1433,12,1421,727
21062,PARTY INVITES SPACEMAN,1053,875.87,0.867445255,08-12-2009,02-12-2011,136,11,8.56097561,0,1.452413793,1078,0,1078,725
21063,PARTY INVITES JAZZ HEARTS,1456,1256.27,0.941260504,01-12-2009,06-12-2011,238,8,7.583333333,0.002680965,1.97826087,1492,4,1488,736
21064,BOOM BOX SPEAKER BOYS,884,4432.92,5.502183908,01-12-2009,09-12-2011,171,8,7.072,0.00990099,1.196211096,909,9,900,739
21065,BOOM BOX SPEAKER GIRLS,608,1455.36,4.923114754,02-12-2009,09-12-2011,118,3,6.4,0.01141925,0.823848238,613,7,606,738
21066,VINTAGE RED MUG,2284,1494.67,1.277633588,01-12-2009,01-12-2011,131,2,20.21238938,0.010466638,3.124487004,2293,24,2269,731
21067,VINTAGE RED TEATIME MUG,4763,3830.67,1.505805243,01-12-2009,04-10-2011,266,9,24.55154639,0.007553504,7.077265973,4766,36,4730,673
21068,VINTAGE BILLBOARD LOVE/HATE MUG,4066,4224.63,1.582952128,01-12-2009,08-12-2011,373,8,16.13492063,0.020236471,5.509485095,4398,89,4309,738
21069,VINTAGE BILLBOARD TEA MUG,5099,5404.36,1.689751773,01-12-2009,17-08-2011,279,5,24.39712919,0.140615921,8.1584,5163,726,4437,625
21070,VINTAGE BILLBOARD MUG ,2034,2083.46,1.584655172,01-12-2009,08-12-2011,229,6,11.68965517,0.014541929,2.756097561,2063,30,2033,738
21071,VINTAGE BILLBOARD DRINK ME MUG,4269,4998.32,1.631194969,01-12-2009,31-10-2011,472,6,14.82291667,0.002730997,6.098571429,4394,12,4382,700
21076,SET/20 COLLAGE PAPER NAPKIN ,843,714.55,0.984680851,02-12-2009,16-03-2010,92,5,14.53448276,0.001329787,8.028571429,752,1,751,105
21077,SET/20 WOODLAND PAPER NAPKINS ,2790,2058.1,0.924564103,02-12-2009,09-09-2010,192,10,23.84615385,0,9.893617021,2898,0,2898,282
21078,SET/20 STRAWBERRY PAPER NAPKINS ,7211,6181.25,1.108874172,02-12-2009,13-10-2011,741,14,19.12732095,0.000288101,10.58883994,6942,2,6940,681
21080,SET/20 RED SPOTTY PAPER NAPKINS ,31076,25416.93,1.030324675,01-12-2009,08-12-2011,2123,22,53.21232877,0.02051846,42.10840108,31825,653,31172,738
21081,SET/20 POSIES PAPER NAPKINS,4,3.4,0.85,01-12-2009,31-01-2010,4,1,1,0,0.064516129,-1,0,-1,62
21082,SET/20 FRUIT SALAD PAPER NAPKINS ,7183,1960.45,1.070727273,01-12-2009,28-06-2011,163,6,55.68217054,0.430894309,12.49217391,7134,3074,4060,575
21084,SET/6 COLLAGE PAPER CUPS,2929,1008.81,0.565066079,06-12-2009,07-12-2011,223,9,18.65605096,0.008193923,4.00136612,2929,24,2905,732
21085,SET/6 WOODLAND PAPER CUPS,13731,1872.68,0.772647059,01-12-2009,12-07-2010,66,8,259.0754717,0,61.29910714,13713,0,13713,224
21086,SET/6 RED SPOTTY PAPER CUPS,16658,10781.81,0.894461358,01-12-2009,06-12-2011,843,18,40.43203883,0.047521901,22.63315217,16666,792,15874,736
21087,SET/6 POSIES PAPER CUPS,260,168.08,0.749393939,25-01-2010,19-04-2011,32,3,8.666666667,0,0.577777778,247,0,247,450
21088,SET/6 FRUIT SALAD PAPER CUPS,16615,1816.73,0.472262774,15-12-2009,08-12-2011,136,7,155.2803738,0.42973217,22.94889503,16615,7140,9475,724
21089,SET/6 GREEN SPRING PAPER CUPS,323,112.54,0.49725,15-01-2010,17-08-2011,40,4,8.72972973,0,0.556896552,318,0,318,580
21090,SET/6 COLLAGE PAPER PLATES,3107,1729.09,0.729139785,16-12-2009,07-12-2011,278,10,16.01546392,0.012299283,4.3033241,2927,36,2891,722
21091,SET/6 WOODLAND PAPER PLATES,13700,1868.7,1.028958333,01-12-2009,18-03-2010,47,8,360.5263158,0,126.8518519,13688,0,13688,108
21092,SET/6 STRAWBERRY PAPER PLATES,12846,1571.5,1.109285714,07-12-2009,17-03-2010,28,5,494.0769231,0.001871199,127.1881188,12826,24,12802,101
21094,SET/6 RED SPOTTY PAPER PLATES,19633,15334.03,0.988060606,01-12-2009,08-12-2011,984,19,42.40388769,0.037795744,26.60298103,20161,762,19399,738
21095,SET/6 POSIES PAPER PLATES,295,274.57,1.006585366,17-12-2009,16-06-2011,40,3,7.763157895,0,0.539305302,498,0,498,547
21096,SET/6 FRUIT SALAD  PAPER PLATES,15919,2711.71,0.656783217,10-12-2009,08-12-2011,143,8,148.7757009,0.44009043,21.83676269,15924,7008,8916,729
21097,SET/6 GREEN SPRING  PAPER PLATE,32,27.2,0.85,15-01-2010,21-06-2010,7,1,4.571428571,0,0.202531646,2,0,2,158
21098,CHRISTMAS TOILET ROLL,8537,13263.93,1.636347403,01-12-2009,09-12-2011,596,11,43.33502538,0.025356026,11.55209743,8637,219,8418,739
21099,SET/6 STRAWBERRY PAPER CUPS,13290,1516.64,0.755,01-12-2009,07-05-2010,33,5,443,0.009007657,84.11392405,13322,120,13202,158
21100,CHARLIE AND LOLA CHARLOTTE BAG,2540,3795,2.230259259,01-12-2009,22-03-2011,269,8,14.68208092,0.001730852,5.324947589,2311,4,2307,477
21102,"CANDLE IN JAR COLLAGE , VANILLA",82,221.08,3.0615,02-12-2009,12-03-2010,20,2,4.555555556,-0.688888889,0.811881188,-45,31,-76,101
21106,CREAM SLICE FLANNEL CHOCOLATE SPOT ,790,2419.68,3.703882353,02-12-2009,02-12-2011,169,10,5.486111111,0,1.080711354,801,0,801,731
21107,CREAM SLICE FLANNEL PINK SPOT ,2302,6624.77,3.644349206,02-12-2009,06-12-2011,313,12,10.80751174,0,3.131972789,2463,0,2463,735
21108,FAIRY CAKE FLANNEL ASSORTED COLOUR,12962,25407.27,3.001073171,01-12-2009,09-12-2011,613,17,39.39817629,0.241053033,17.53991881,13105,3159,9946,739
21109,"LARGE CAKE TOWEL, CHOCOLATE SPOTS",1173,4476.49,6.663656388,04-12-2009,09-12-2011,223,8,7.768211921,0.001759015,1.59375,1137,2,1135,736
21110,LARGE CAKE TOWEL PINK SPOTS,1640,7729.37,7.42012012,01-12-2009,25-11-2011,329,14,7.224669604,0.003997335,2.262068966,1501,6,1495,725
21111,"SWISS ROLL TOWEL, CHOCOLATE  SPOTS",1379,3187.16,3.501898148,01-12-2009,09-12-2011,214,11,8.460122699,0.004968062,1.866035183,1409,7,1402,739
21112,"SWISS ROLL TOWEL, PINK  SPOTS",2222,5484.26,3.357631579,01-12-2009,05-12-2011,189,7,14.91275168,0.08863026,3.023129252,2234,198,2036,735
21114,LAVENDER SCENTED FABRIC HEART,5666,7306.14,1.80570297,01-12-2009,04-12-2011,494,13,18.10223642,0.010375238,7.719346049,5783,60,5723,734
21115,ROSE CARAVAN DOORSTOP,1247,7955.84,7.740046189,01-12-2009,09-12-2011,431,13,4.285223368,0.000792393,1.687415426,1262,1,1261,739
21116,OWL DOORSTOP,1355,7900.01,6.772915888,01-12-2009,05-12-2011,534,10,4.208074534,0.000724113,1.843537415,1381,1,1380,735
21117,BLOND DOLL DOORSTOP,328,502.08,1.912692308,10-12-2009,23-11-2011,26,4,12.61538462,0,0.459383754,334,0,334,714
21118,SHOPPING BAG DOORSTOP,69,104.25,2.535714286,02-12-2009,11-01-2010,7,1,11.5,0,1.682926829,47,0,47,41
21119,Glow In The Dark Shot Glasses ,3,41.01,13.67,18-12-2009,27-09-2010,3,1,1,0,0.01056338,2,0,2,284
21120,*Boombox Ipod Classic,1,16.98,16.98,09-12-2010,09-12-2010,1,1,1,0,1,-4,0,-4,1
21121,SET/10 RED SPOTTY PARTY CANDLES,15215,18442.7,1.355351474,01-12-2009,09-12-2011,873,20,33.29321663,0.012224323,20.58863329,15870,194,15676,739
21122,SET/10 PINK SPOTTY PARTY CANDLES,12209,14844.78,1.342234432,01-12-2009,09-12-2011,807,21,27.74772727,0.005729535,16.52097429,12741,73,12668,739
21123,SET/10 IVORY SPOTTY PARTY CANDLES,2751,3393.06,1.23875,03-12-2009,09-12-2011,252,15,14.18041237,0.017235189,3.732700136,2785,48,2737,737
21124,SET/10 BLUE SPOTTY PARTY CANDLES,10029,12172.79,1.297862715,01-12-2009,09-12-2011,629,21,25.781491,0.00485485,13.57104195,10093,49,10044,739
21125,SET 6 FOOTBALL CELEBRATION CANDLES,2123,2211.38,1.305059289,01-12-2009,09-12-2011,246,15,11.05729167,0.006915629,2.872801083,2169,15,2154,739
21126,SET OF 6 GIRLS CELEBRATION CANDLES,2325,2349.22,1.336816609,01-12-2009,09-12-2011,285,14,10.56818182,0.005975245,3.146143437,2343,14,2329,739
21127,COLOURFUL FISHING GNOME,297,998.03,7.3366,03-12-2009,10-06-2010,48,4,7.071428571,0.003703704,1.563157895,270,1,269,190
21128,GOLD FISHING GNOME,126,841.63,9.536315789,17-12-2009,07-12-2011,57,4,2.25,0,0.174757282,129,0,129,721
21129,SILVER FISHING GNOME ,124,949.44,9.0145,02-12-2009,29-11-2011,60,1,2.137931034,0.039370079,0.17032967,127,5,122,728
21130,COLOURFUL STANDING GNOME,721,1200.93,3.99,04-12-2009,30-06-2010,49,6,19.48648649,0.00141844,3.449760766,705,1,704,209
21131,GOLD STANDING GNOME,276,1098.86,5.7656,07-12-2009,06-12-2011,49,5,5.75,0,0.378082192,276,0,276,730
21132,SILVER STANDING GNOME   ,93,476.61,5.723191489,14-12-2009,08-12-2011,47,6,2.113636364,0,0.128275862,98,0,98,725
21133,PAINTED BIRD ASSORTED CHRISTMAS,410,712.91,2.166428571,01-12-2009,13-09-2010,42,2,15.76923077,0,1.428571429,-4,0,-4,287
21134,VICTORIAN METAL POSTCARD CHRISTMAS,377,646.44,2.158125,01-12-2009,16-11-2010,46,3,11.42424242,0,1.074074074,-199,0,-199,351
21135,VICTORIAN  METAL POSTCARD SPRING,5985,8567.24,2.008149038,02-12-2009,08-12-2011,405,13,20.42662116,0.070934256,8.120759837,4624,328,4296,737
21136,PAINTED METAL PEARS ASSORTED,10496,17451.45,1.969089692,01-12-2009,08-12-2011,739,12,26.5721519,0.021676301,14.22222222,10380,225,10155,738
21137,BLACK RECORD COVER FRAME,18739,65189.29,4.146305031,01-12-2009,09-12-2011,634,8,54.15895954,0.001154097,25.35723951,19929,23,19906,739
21143,ANTIQUE GLASS HEART DECORATION ,2088,4149.15,2.285294118,01-12-2009,22-08-2011,182,4,18,0.008888889,3.314285714,2250,20,2230,630
21144,PINK POODLE HANGING DECORATION ,543,287.47,1.036721311,02-12-2009,21-12-2010,60,6,12.92857143,0.024896266,1.41038961,482,12,470,385
21145,ANTIQUE GLASS PLACE SETTING,869,1256.21,3.406734694,01-12-2009,16-11-2011,49,3,19.31111111,0.008953168,1.213687151,1452,13,1439,716
21146,ANTIQUE GLASS RIDGED HANGING BALL,789,1513.67,2.179655172,02-12-2009,02-11-2010,58,3,18.78571429,0.002656042,2.348214286,753,2,751,336
21147,JINGLE BELLS TREE DECORATION,477,870.48,2.123193277,04-12-2009,05-12-2011,118,2,5.482758621,0.004291845,0.651639344,466,2,464,732
21153,RED SPOTTY TABLECLOTH ,393,4294.69,11.79985612,01-12-2009,22-09-2010,139,8,4.010204082,0.006309148,1.327702703,317,2,315,296
21154,RED SPOTTY OVEN GLOVE ,8095,11694.95,1.768631922,01-12-2009,09-12-2011,903,16,17.71334792,0.02725495,10.95399188,8182,223,7959,739
21155,RED SPOTTY PEG BAG,6665,16343.09,2.841977459,01-12-2009,09-12-2011,969,13,15.75650118,0.039531039,9.01894452,6653,263,6390,739
21156,RED SPOTTY CHILDS APRON,9137,17002.28,2.240898396,01-12-2009,08-12-2011,930,23,20.71882086,0.007766784,12.38075881,9399,73,9326,738
21157,RED SPOTTY WASHBAG,689,1616.95,2.896214689,01-12-2009,25-10-2011,176,9,5.468253968,0.008583691,0.992795389,699,6,693,694
21158,MOODY GIRL DOOR HANGER ,2587,1792.66,1.26046729,02-12-2009,09-12-2011,310,5,11.54910714,0.037122082,3.505420054,2613,97,2516,738
21159,MOODY BOY  DOOR HANGER ,2105,1445.37,1.335776892,01-12-2009,09-12-2011,250,4,10.85051546,0.03705486,2.848443843,2078,77,2001,739
21160,KEEP OUT GIRLS DOOR HANGER ,794,557.49,1.511724138,01-12-2009,14-12-2010,58,2,15.56862745,0.098930481,2.094986807,748,74,674,379
21161,KEEP OUT BOYS DOOR HANGER ,2360,1806.05,1.675781991,01-12-2009,08-06-2011,206,5,15.12820513,0.041010968,4.252252252,2097,86,2011,555
21162,TOXIC AREA  DOOR HANGER ,2402,1655.88,1.274808362,01-12-2009,09-12-2011,285,9,12.31794872,0.034898214,3.250338295,2407,84,2323,739
21163,DO NOT TOUCH MY STUFF DOOR HANGER ,2800,1757.92,1.33655303,02-12-2009,28-10-2011,253,4,14.81481481,0.030808264,4.022988506,2759,85,2674,696
21164,HOME SWEET HOME METAL SIGN ,5981,16626.41,3.273665284,01-12-2009,08-12-2011,721,17,14.87810945,0.003631562,8.104336043,6058,22,6036,738
21165,BEWARE OF THE CAT METAL SIGN ,9360,15167.38,2.123363821,01-12-2009,07-12-2011,966,16,21.17647059,0.005530853,12.70013569,9221,51,9170,737
21166,COOK WITH WINE METAL SIGN ,19932,38138.86,2.276118467,01-12-2009,09-12-2011,1425,12,42.95689655,0.027355028,26.97158322,20435,559,19876,739
21167,WHITE SAGE INCENSE,2440,587.52,0.329912281,10-12-2009,08-12-2011,114,1,25.15463918,0.02004008,3.347050754,2495,50,2445,729
21169,YOU'RE CONFUSING ME METAL SIGN ,8856,14262.61,2.130267857,08-12-2009,09-12-2011,772,9,24.53185596,0.00374277,12.09836066,8817,33,8784,732
21171,BATHROOM METAL SIGN ,1845,2578.27,1.674444444,02-12-2009,11-08-2011,260,7,10.30726257,0,2.985436893,1720,0,1720,618
21172,PARTY METAL SIGN ,7685,11382.16,1.912512665,01-12-2009,09-12-2011,971,11,17.58581236,0.010144928,10.39918809,7590,77,7513,739
21173,LOO ROLL  METAL SIGN ,340,607.96,2.212307692,01-12-2009,01-04-2010,77,3,6.538461538,0.045283019,2.786885246,265,12,253,122
21174,POTTERING IN THE SHED METAL SIGN,9696,19593.81,2.513987784,01-12-2009,09-12-2011,1135,5,19.23809524,0.000407789,13.12043302,9809,4,9805,739
21175,GIN + TONIC DIET METAL SIGN,20676,43851.48,2.560520646,01-12-2009,09-12-2011,1659,15,39.38285714,0.10080745,27.97834912,20187,2035,18152,739
21179,NO JUNK MAIL METAL SIGN,4284,3517.9,1.328307393,01-12-2009,12-09-2011,505,8,15.3,0.002824859,6.580645161,4248,12,4236,651
21181,PLEASE ONE PERSON  METAL SIGN,24732,50117.14,2.366498906,01-12-2009,09-12-2011,1810,11,59.88377724,0.004513779,33.46684709,25256,114,25142,739
21185, HOME SWEET HOME  BLACKBOARD,132,876.29,7.369318182,01-12-2009,05-07-2010,44,3,4.4,0.060869565,0.608294931,115,7,108,217
21186,WHITE DOVE HONEYCOMB PAPER GARLAND,5272,8532.17,2.030373333,01-12-2009,14-12-2010,369,6,27.74736842,0.00188537,13.91029024,5304,10,5294,379
21187,WHITE BELL HONEYCOMB PAPER GARLAND ,1344,2243.78,2.020945946,01-12-2009,04-08-2011,144,4,12.67924528,0,2.196078431,1349,0,1349,612
21188,3D HEARTS  HONEYCOMB PAPER GARLAND,912,2771.34,3.576212121,03-12-2009,03-08-2011,128,7,8,0.038126362,1.497536946,918,35,883,609
21189,WHITE HONEYCOMB PAPER GARLAND ,797,1698.88,2.4475,01-12-2009,08-12-2011,123,5,8.302083333,0,1.079945799,814,0,814,738
21190,PINK HEARTS PAPER GARLAND,806,1337.59,1.979826087,13-12-2009,25-11-2011,111,6,9.372093023,0.086907449,1.130434783,886,77,809,713
21191,LARGE WHITE HONEYCOMB PAPER BELL  ,1479,3408.61,2.889455446,01-12-2009,08-12-2011,201,5,10.4893617,0,2.004065041,1544,0,1544,738
21192,WHITE BELL HONEYCOMB PAPER ,2167,3885.64,2.354279279,01-12-2009,27-11-2011,216,3,14.64189189,0.022630835,2.980742779,2121,48,2073,727
21193,WHITE HONEYCOMB PAPER FAN ,111,274.37,2.843478261,02-12-2009,07-04-2010,22,1,6.166666667,0,0.874015748,90,0,90,127
21194,PINK  HONEYCOMB PAPER FAN,578,751.5,2.028659794,03-12-2009,09-12-2011,95,8,6.720930233,0.017211704,0.784260516,581,10,571,737
21195,PINK  HONEYCOMB PAPER BALL ,997,2122.66,2.978410596,02-12-2009,17-05-2011,150,7,8.594827586,0,1.87406015,986,0,986,532
21196,ROUND WHITE CONFETTI IN TUBE,178,306.89,1.93826087,08-02-2010,07-12-2011,22,7,8.476190476,0,0.266467066,179,0,179,668
21197,MULTICOLOUR  CONFETTI IN TUBE,453,661.81,1.631956522,03-03-2010,02-12-2011,45,8,10.53488372,0.045064378,0.7078125,466,21,445,640
21198,WHITE HEART CONFETTI IN TUBE,1282,1472.3,1.745042017,01-12-2009,07-12-2011,118,6,11.98130841,0.058456742,1.739484396,1283,75,1208,737
21199,PINK  HEART CONFETTI IN TUBE,1305,1495.7,1.869,07-12-2009,02-12-2011,149,9,10.03846154,0.036781609,1.797520661,1305,48,1257,726
21200,MULTICOLOUR HONEYCOMB PAPER GARLAND,1421,2065.16,2.023543307,01-12-2009,09-12-2011,126,5,13.28037383,0.019649123,1.922868742,1425,28,1397,739
21201,TROPICAL  HONEYCOMB PAPER GARLAND ,2741,6517.16,2.980206612,01-12-2009,09-12-2011,235,7,14.20207254,0.005492184,3.709066306,2367,13,2354,739
21202,DOLLY HONEYCOMB GARLAND,854,1103.48,1.780151515,14-12-2009,17-11-2011,66,6,13.55555556,0.059509918,1.213068182,857,51,806,704
21203,BUTTERFLIES  HONEYCOMB GARLAND,1539,2527,2.041351351,03-12-2009,17-08-2010,145,5,14.94174757,0.033041133,5.965116279,1483,49,1434,258
21204,DAISIES  HONEYCOMB GARLAND ,1608,2682.99,1.991980676,06-12-2009,07-12-2011,205,7,9.514792899,0.030453698,2.196721311,1609,49,1560,732
21205,MULTICOLOUR 3D BALLS GARLAND,669,1746.97,2.922147651,02-12-2009,02-12-2011,144,5,5.39516129,0.030746706,0.915184679,683,21,662,731
21206,STRAWBERRY HONEYCOMB  GARLAND ,2155,3067.9,1.859291667,03-12-2009,23-11-2011,238,8,10.99489796,0.005069124,2.9889043,2170,11,2159,721
21207,SKULL AND CROSSBONES  GARLAND ,3601,5597.42,1.760388693,03-12-2009,05-12-2011,282,16,16.22072072,0.135157546,4.912687585,3618,489,3129,733
21208,PASTEL COLOUR HONEYCOMB FAN,1078,976.91,1.639672131,16-12-2009,09-12-2011,120,10,10.16981132,0.038745387,1.488950276,1084,42,1042,724
21209,MULTICOLOUR HONEYCOMB FAN,1476,1368.04,1.746058394,16-12-2009,09-12-2011,137,10,11.808,0.025050779,2.038674033,1477,37,1440,724
21210,SET OF 72 RETRO SPOT PAPER  DOILIES,15118,21727.19,1.766472103,01-12-2009,08-12-2011,1161,25,32.16595745,0.010814756,20.48509485,15072,163,14909,738
21211,SET OF 72 SKULL PAPER  DOILIES,2405,3365.64,1.670252101,02-12-2009,28-11-2011,237,11,13.28729282,0.004954583,3.308115543,2422,12,2410,727
21212,PACK OF 72 RETRO SPOT CAKE CASES,94884,51825.15,0.708057215,01-12-2009,09-12-2011,3118,26,159.7373737,0.011495443,128.3951286,96560,1110,95450,739
21213,PACK OF 72 SKULL CAKE CASES,40263,21390.76,0.7410299,01-12-2009,09-12-2011,1481,21,74.83828996,0.002184961,54.48308525,40733,89,40644,739
21214,SET OF 72 IVORY PAPER DOILIES,2006,2920.82,1.992772277,01-12-2009,08-10-2010,199,9,16.5785124,0.000538213,6.429487179,1858,1,1857,312
21215, IVORY PAPER CUP CAKE CASES ,4349,2533.88,0.870237288,04-12-2009,08-12-2011,291,9,18.74568966,0.009325044,5.917006803,4504,42,4462,735
21216,"SET 3 RED SPOT TIN TEA,COFFEE,SUGAR",3884,20169,6.912595797,01-12-2009,09-12-2011,802,19,9.590123457,0.005834602,5.255751015,3942,23,3919,739
21217,RED SPOTTY ROUND CAKE TINS,2904,29769.24,11.66873118,01-12-2009,09-12-2011,928,18,6.496644295,0.018175583,3.929634641,2916,53,2863,739
21218,RED SPOTTY BISCUIT TIN,5256,20800.31,5.261407982,01-12-2009,09-12-2011,897,19,12,0.015457116,7.112313938,5305,82,5223,739
21219,SET/4 BADGES BALLOON GIRL,1013,1303.27,1.553932584,04-12-2009,08-12-2011,176,8,6.891156463,0.009633911,1.378231293,1038,10,1028,735
21220,SET/4 BADGES DOGS,659,888.68,1.644375,02-12-2009,09-12-2011,159,7,4.954887218,0,0.89295393,684,0,684,738
21221,SET/4 BADGES CUTE CREATURES,535,709.66,1.497383178,01-12-2009,08-12-2011,107,5,5.631578947,0,0.724932249,557,0,557,738
21222,SET/4 BADGES BEETLES,621,804.65,1.515671642,07-12-2009,09-12-2011,133,7,5.645454545,0,0.847203274,629,0,629,733
21223,SET/4 BADGES WOODLAND ANIMAL,492,587.08,1.434545455,01-12-2009,08-04-2010,43,5,14.47058824,0,3.813953488,483,0,483,129
21224,SET/4 SKULL BADGES,2171,2691.91,1.250664557,03-12-2009,09-12-2011,312,9,9.317596567,0.009914376,2.945725916,2219,22,2197,737
21225,POCKET MIRROR BUTTERFLY ,2,2.5,1.25,11-12-2009,21-12-2009,2,1,1,0,0.181818182,-15,0,-15,11
21226,POCKET MIRROR WOODLAND,213,230.55,1.073157895,11-12-2009,25-11-2011,37,3,6.264705882,0,0.297902098,250,0,250,715
21228,"POCKET MIRROR ""GLAMOROUS""",97,122.57,1.29125,09-12-2009,09-03-2011,31,1,3.344827586,0,0.212719298,72,0,72,456
21231,SWEETHEART CERAMIC TRINKET BOX,19428,24128.86,1.499337748,01-12-2009,08-12-2011,1482,19,41.24840764,0.016415938,26.32520325,19676,323,19353,738
21232,STRAWBERRY CERAMIC TRINKET BOX,37997,49300.57,1.533333333,01-12-2009,09-12-2011,2435,24,67.01410935,0.024369597,51.41677943,38983,950,38033,739
21238,RED SPOTTY CUP,9477,8164,1.020328587,01-12-2009,09-12-2011,903,21,21.34459459,0.016372927,12.8240866,9589,157,9432,739
21239,PINK  SPOTTY CUP,7369,6438.39,1.059009247,01-12-2009,09-12-2011,751,22,17.84261501,0.006973314,9.971583221,7457,52,7405,739
21240,BLUE  SPOTTY CUP,7581,6535.74,1.05130829,01-12-2009,08-12-2011,769,22,17.79577465,0.00693445,10.27235772,7643,53,7590,738
21241,GREEN SPOTTY CUP,2213,1869.07,0.981724138,01-12-2009,12-10-2010,260,12,13.66049383,0.000470367,7.003164557,2126,1,2125,316
21242,RED SPOTTY PLATE ,7085,11917.73,1.994164134,01-12-2009,09-12-2011,657,22,18.07397959,0.007019514,9.587280108,7123,50,7073,739
21243,PINK  SPOTTY PLATE ,5636,9287.7,2.011964286,01-12-2009,08-12-2011,503,21,17.6125,0.002822865,7.636856369,5668,16,5652,738
21244,BLUE  SPOTTY PLATE ,5045,8279.07,1.949175947,01-12-2009,06-12-2011,445,17,16.8729097,0.006089177,6.854619565,5091,31,5060,736
21245,GREEN  SPOTTY PLATE ,2567,4268.36,1.927954545,01-12-2009,07-12-2011,304,16,11.11255411,0.001544998,3.483039349,2589,4,2585,737
21246,RED SPOTTY BIG BOWL,749,3685.63,5.087368421,01-12-2009,04-09-2011,209,16,4.595092025,0.01217656,1.164852255,657,8,649,643
21247,SET OF RED SALAD SERVERS ,422,664.73,1.886790123,01-12-2009,25-10-2010,81,6,6.59375,0,1.282674772,386,0,386,329
21248,DOOR HANGER  MUM + DADS ROOM,1043,1299.55,1.688924051,01-12-2009,09-12-2011,158,8,7.45,0.07495069,1.411366712,1014,76,938,739
21249,WOODLAND  HEIGHT CHART STICKERS ,1661,4770.53,3.665057915,01-12-2009,08-12-2011,259,16,7.872037915,0.009489917,2.250677507,1686,16,1670,738
21250,SET OF SKULL WALL STICKERS,402,997.55,3.229,03-12-2009,30-11-2011,60,5,7.309090909,0,0.552197802,404,0,404,728
21251,DINOSAUR HEIGHT CHART STICKER SET,595,1683.93,3.519545455,01-12-2009,30-11-2011,132,11,5.129310345,0,0.815068493,599,0,599,730
21252,SET OF MEADOW  FLOWER STICKERS,168,408.66,3.361363636,01-12-2009,25-01-2010,22,3,11.2,0,3,157,0,157,56
21253,SET OF PICTURE FRAME  STICKERS,332,1225.17,4.603606557,02-12-2009,08-12-2011,122,4,3.074074074,0,0.450474898,343,0,343,737
21255,"FRENCH BOTTLE , LAVENDER",476,860.08,2.388541667,01-12-2009,18-04-2010,96,2,8.206896552,0.03307888,3.424460432,393,13,380,139
21256,"FRENCH BOTTLE, BRASSERIE DES ARTIST",326,588.64,2.422923077,01-12-2009,18-02-2010,65,1,8.358974359,0,4.075,242,0,242,80
21257,VICTORIAN SEWING BOX MEDIUM,1549,13968.48,10.49658537,01-12-2009,09-12-2011,532,9,4.840625,0.017892644,2.096075778,1509,27,1482,739
21258,VICTORIAN SEWING BOX LARGE,1505,21386.56,17.00918406,01-12-2009,09-12-2011,526,9,5.948616601,0.08004779,2.036535859,1674,134,1540,739
21259,VICTORIAN SEWING BOX SMALL ,2293,13843.92,6.926051829,01-12-2009,09-12-2011,655,10,6.180592992,0.011430991,3.102841678,2362,27,2335,739
21260,FIRST AID TIN,3512,11564.43,3.814665428,01-12-2009,08-12-2011,534,19,10.87306502,0.016986912,4.758807588,3591,61,3530,738
21261,GREEN GOOSE FEATHER CHRISTMAS TREE ,283,1146.12,6.386233766,04-12-2009,06-12-2011,77,6,4.287878788,0,0.386084584,292,0,292,733
21262,WHITE GOOSE FEATHER CHRISTMAS TREE ,606,2366.02,6.068484848,02-12-2009,08-12-2011,132,7,5.883495146,0.0171875,0.822252374,640,11,629,737
21263,GREEN GOOSE FEATHER TREE 60CM,299,658.29,3.060175439,13-09-2010,06-12-2011,56,4,6.102040816,0.006535948,0.664444444,306,2,304,450
21264,WHITE GOOSE FEATHER TREE 60CM ,391,917.85,3.473529412,08-12-2009,06-12-2011,68,5,6.74137931,0.020304569,0.536351166,394,8,386,729
21265,PINK GOOSE FEATHER TREE 60CM,321,705.59,3.586470588,06-12-2009,07-12-2011,34,5,9.441176471,0.061919505,0.43852459,323,20,303,732
21266,VINTAGE SILVER TINSEL REEL,23,98.9,4.3,01-12-2009,16-12-2009,9,1,3.285714286,0,1.4375,0,0,0,16
21267,VINTAGE PINK TINSEL REEL ,24,74.6,3.42,02-12-2009,18-12-2009,10,1,3.428571429,0,1.411764706,2,0,2,17
21268,VINTAGE BLUE TINSEL REEL,397,261.66,1.288461538,06-12-2009,02-12-2010,49,5,9.925,0,1.096685083,445,0,445,362
21269,ANTIQUE CREAM CUTLERY SHELF ,114,1036.84,9.413230769,08-12-2009,22-11-2011,65,6,1.78125,0,0.159440559,109,0,109,715
21270,ANTIQUE CREAM CUTLERY CUPBOARD,76,874.43,12.02211538,08-12-2009,05-12-2011,51,4,1.76744186,0,0.104395604,78,0,78,728
21272,SALLE DE BAIN HOOK,2348,3109.83,1.63872093,01-12-2009,11-08-2011,339,8,9.467741935,0.005936073,3.793214863,2190,13,2177,619
21274,EMBOSSED HEART 3 DRAWER SHELF,175,2420.69,14.65603774,04-12-2009,05-11-2010,105,4,2.108433735,0.00617284,0.519287834,162,1,161,337
21275,ZINC TOP  2 DOOR WOODEN SHELF ,249,1714.48,14.02145455,08-12-2009,10-11-2011,55,4,5.29787234,0.084656085,0.354196302,189,16,173,703
21276,TWO EMBOSSED HEART MINI DRAWERS,677,1558.94,4.253103448,03-12-2009,08-04-2010,29,4,33.85,0.023916293,5.330708661,669,16,653,127
21277,FRENCH STYLE EMBOSSED HEART CABINET,54,1309.39,24.66020833,08-12-2009,23-11-2011,48,4,1.173913043,0.068965517,0.075418994,58,4,54,716
21278,VINTAGE KITCHEN PRINT PUDDINGS,2758,1654.45,3.509159664,08-12-2009,15-07-2011,118,8,27.85858586,0.437681159,4.714529915,2760,1208,1552,585
21279,VINTAGE KITCHEN PRINT FRUITS,3527,1621.83,3.595346535,02-12-2009,04-12-2011,101,6,39.18888889,0.462471783,4.811732606,3544,1639,1905,733
21280,VINTAGE KITCHEN PRINT VEGETABLES,3333,1800.44,2.993428571,04-12-2009,09-11-2011,70,5,49.01470588,0.373876573,4.720963173,3338,1248,2090,706
21281,VINTAGE KITCHEN PRINT SEAFOOD,3680,1716.8,3.472985075,02-12-2009,09-11-2011,67,5,58.41269841,0.421168083,5.197740113,3647,1536,2111,708
21282,NATURAL BARK CANDLE LARGE,356,1522.28,4.772028986,02-12-2009,14-11-2010,69,4,5.933333333,0.034482759,1.022988506,348,12,336,348
21283,NATURAL BARK CANDLE SMALL,512,1629.2,3.675853659,01-12-2009,24-11-2010,81,5,7.01369863,0.023668639,1.426183844,507,12,495,359
21284,RETRO SPOT CANDLE  SMALL,1547,1668.72,1.963857143,01-12-2009,08-12-2011,140,8,13.57017544,0.038436899,2.096205962,1561,60,1501,738
21285,RETRO SPOT CANDLE  MEDIUM,1007,1362.62,2.315858586,03-12-2009,08-12-2011,99,7,13.42666667,0.04743083,1.368206522,1012,48,964,736
21286,RETRO SPOT CANDLE  LARGE,1006,1623.01,2.912673267,02-12-2009,08-12-2011,101,9,12.575,0.011892963,1.364993216,1009,12,997,737
21287,SCENTED VELVET LOUNGE CANDLE ,4107,1860,0.848064516,04-12-2009,06-12-2011,93,4,51.98734177,0,5.603001364,4134,0,4134,733
21288,STRIPEY CHOCOLATE NESTING BOXES,982,2557.47,3.34125,03-12-2009,08-12-2011,224,9,5.643678161,0.025746653,1.33423913,971,25,946,736
21289,LARGE STRIPES CHOCOLATE GIFT BAG,1413,1549.31,1.30872549,08-12-2009,08-12-2011,102,7,15.35869565,0.013802622,1.932968536,1449,20,1429,731
21290,LARGE SPOTTY CHOCOLATE GIFT BAG,2,2.5,1.25,23-12-2009,23-12-2009,1,1,2,0,2,-15,0,-15,1
21291,SMALL SPOTTY CHOCOLATE GIFT BAG ,2411,2077.93,0.972222222,01-12-2009,28-11-2011,153,8,19.13492063,0.02644041,3.311813187,2534,67,2467,728
21292,SMALL STRIPES CHOCOLATE GIFT BAG ,2449,1427.11,0.814615385,04-12-2009,06-12-2011,91,8,31,0.006459427,3.34106412,2477,16,2461,733
21293,MIRRORED DOVE WALL DECORATION,343,872.34,3.005697674,03-12-2009,05-12-2011,85,3,5.119402985,0.005830904,0.467939973,343,2,341,733
21294,ETCHED GLASS COASTER,2246,1653.75,1.127092199,02-12-2009,26-10-2011,139,6,18.2601626,0,3.236311239,2211,0,2211,694
21298,EDWARDIAN 2 DRAWER WALL CABINET ,52,755.8,19.37857143,14-12-2009,03-03-2010,14,1,6.5,0.206896552,0.65,29,6,23,80
21299,EDWARDIAN TOILET ROLL UNIT ,166,966.35,11.01617647,01-12-2009,12-03-2010,34,2,7.217391304,0.025641026,1.62745098,156,4,152,102
21300,ANTIQUE EDWARDIAN DRESSER,53,841.7,23.47916667,05-12-2009,05-03-2010,12,3,8.833333333,0.357142857,0.582417582,28,10,18,91
21303,FILIGREE WALL MIRROR  ANTIQUE WHITE,96,985.54,15.43466667,03-12-2009,10-03-2010,30,3,4.173913043,0.152777778,0.979591837,72,11,61,98
21304,ARCHED GREY MIRROR,86,591.58,11.13222222,02-12-2009,13-04-2010,18,2,5.733333333,0,0.646616541,79,0,79,133
21306,SET/4 DAISY MIRROR MAGNETS,681,342.8,1.396617647,03-12-2009,05-12-2011,68,3,10.47692308,0.027737226,0.929058663,685,19,666,733
21307,SET/4 BUTTERFLY MIRROR MAGNETS,749,650.07,2.125694444,01-12-2009,13-07-2011,72,2,12.48333333,0.001416431,1.269491525,706,1,705,590
21308,LOUVRE VANITY MIRROR,132,705.9,12.15833333,06-12-2009,12-01-2010,6,1,22,0.016129032,3.473684211,124,2,122,38
21309,LOUVRE CHALKBOARD,49,325.6,9.16,08-12-2009,17-02-2010,5,1,12.25,0.034482759,0.680555556,29,1,28,72
21310,CAPIZ CHANDELIER,6,179.7,29.95,18-03-2010,24-05-2011,4,1,1.5,0.166666667,0.013856813,6,1,5,433
21311,SET/4 BIRD MIRROR MAGNETS ,701,539.67,1.569789474,03-12-2009,04-12-2011,94,2,8.151162791,0.037921348,0.957650273,712,27,685,732
21312,LARGE CHUNKY GLASS ROMAN BOWL,299,1179.17,6.816153846,02-12-2009,12-09-2010,26,1,11.5,0.05078125,1.049122807,256,13,243,285
21313,GLASS HEART T-LIGHT HOLDER ,6711,5771.11,1.132038369,01-12-2009,09-12-2011,415,5,23.79787234,0.022935114,9.081190798,6889,158,6731,739
21314,SMALL GLASS HEART TRINKET POT,11426,24641.39,2.776856343,01-12-2009,09-12-2011,1066,10,24.00420168,0.096141831,15.46143437,12804,1231,11573,739
21316,SMALL CHUNKY GLASS ROMAN  BOWL,693,1146.11,3.011702128,03-12-2009,10-04-2011,47,1,16.5,0.002967359,1.402834008,674,2,672,494
21317,GLASS SPHERE CANDLE STAND MEDIUM,357,1453.4,5.967763158,13-12-2009,06-12-2011,74,2,5.1,0.008333333,0.493093923,360,3,357,724
21318,GLASS CHALICE BLUE SMALL ,972,900.42,1.597234043,13-12-2009,09-05-2011,93,7,13.31506849,0.035087719,1.894736842,912,32,880,513
21319,GLASS CHALICE GREEN  SMALL ,508,743.61,1.973692308,07-12-2009,10-04-2011,65,4,8.466666667,0.081932773,1.036734694,476,39,437,490
21320,GLASS CHALICE GREEN  LARGE ,398,913.34,3.157719298,01-12-2009,07-04-2011,56,3,7.803921569,0.070512821,0.807302231,312,22,290,493
21321,GLASS CHALICE BLUE  LARGE ,122,301.8,3.076111111,01-12-2009,09-04-2010,18,1,7.176470588,0.142857143,0.938461538,105,15,90,130
21322,GLASS SPHERE CANDLE STAND LARGE ,301,590.45,4.967857143,09-12-2009,11-01-2010,14,2,25.08333333,0,8.852941176,286,0,286,34
21323,HANGING MEDINA LANTERN LARGE,740,2506.89,5.57325,02-12-2009,23-07-2010,80,3,12.13114754,0.004115226,3.162393162,729,3,726,234
21324,HANGING MEDINA LANTERN SMALL,1014,2845.71,3.70480226,03-12-2009,09-05-2011,175,6,7.681818182,0.053892216,1.938814532,1002,54,948,523
21326,AGED GLASS SILVER T-LIGHT HOLDER,17770,11593.86,0.810183486,01-12-2009,09-12-2011,643,7,48.68493151,0.005556766,24.04600812,18356,102,18254,739
21327,SKULLS WRITING SET ,1926,3378.51,2.00214,02-12-2009,09-12-2011,495,6,6.153354633,0,2.609756098,1967,0,1967,738
21328,BALLOONS  WRITING SET ,2441,4612.63,2.262357473,01-12-2009,09-12-2011,643,9,7.075362319,0,3.303112314,2535,0,2535,739
21329,DINOSAURS  WRITING SET ,2082,3760.66,2.111996435,01-12-2009,09-12-2011,555,6,6.567823344,0.009407338,2.817320704,2126,20,2106,739
21330,WOODLAND ANIMAL  WRITING SET ,1452,2454.07,2.278325123,01-12-2009,07-11-2010,201,6,12,0.006716418,4.245614035,1340,9,1331,342
21331,MOROCCAN BEATEN METAL DISH LARGE,110,946.68,14.56933333,06-12-2009,16-11-2011,30,6,4.074074074,0.027272727,0.154711674,110,3,107,711
21332,MOROCCAN BEATEN METAL MIRROR,270,1644.17,11.9834,04-12-2009,15-08-2011,50,3,6,0.085714286,0.435483871,245,21,224,620
21333,CLASSIC WHITE FRAME,1057,3192.09,3.225765766,01-12-2009,05-04-2011,222,8,6.60625,0.017126546,2.152749491,1051,18,1033,491
21335,LIBRARY LAMP,42,989.62,25.33285714,01-12-2009,18-05-2010,28,2,1.68,-0.666666667,0.24852071,-6,4,-10,169
21336,GOLD WASHBAG,1823,527.56,3.439069767,04-12-2009,29-06-2011,43,3,43.4047619,0.478693968,3.181500873,1807,865,942,573
21337,SILVER WASHBAG,33,103.53,3.465,02-12-2009,30-11-2010,12,1,3,0,0.090659341,12,0,12,364
21338,MARAKESH LANTERN SMALL ,199,873.25,6.314285714,05-12-2009,13-04-2010,13,1,16.58333333,0,1.530769231,199,0,199,130
21339,MARAKESH LANTERN LARGE,30,544.5,19.25769231,08-12-2009,14-07-2010,12,2,2.727272727,0,0.136986301,25,0,25,219
21340,CLASSIC METAL BIRDCAGE PLANT HOLDER,1758,19194.13,13.07895238,02-12-2009,07-12-2011,419,13,6.948616601,0.03490991,2.388586957,1776,62,1714,736
21341,KASBAH LANTERN WITH GLASS ,72,410.64,7.186551724,02-12-2009,01-10-2010,29,3,3.428571429,0,0.236842105,57,0,57,304
21343,GOLD JEWELERY BOX,20,92,8.283333333,09-12-2009,11-02-2010,3,1,6.666666667,0.285714286,0.307692308,7,2,5,65
21344,MOROCCAN BEATEN METAL DISH,166,749.82,8.916153846,01-12-2009,08-12-2011,26,4,6.64,0.030120482,0.224932249,166,5,161,738
21347,GOTHIC CARRIAGE LANTERN,8,47.6,5.95,02-12-2009,01-04-2010,4,1,2,0,0.066115702,-10,0,-10,121
21348,PINK SPOTS CHOCOLATE NESTING BOXES ,842,2030.84,3.14761194,01-12-2009,26-01-2011,133,6,8.174757282,0.038366337,1.995260664,808,31,777,422
21349,IVY HEART WREATH,553,4010.73,8.393837209,01-12-2009,01-11-2011,171,9,6.144444444,0.024742268,0.788873039,485,12,473,701
21350,GINGHAM HEART WREATH,225,647.75,2.940909091,02-12-2009,05-11-2010,42,3,7.03125,0.004395604,0.663716814,455,2,453,339
21351,CINAMMON & ORANGE WREATH,1099,3702.75,5.48150838,01-12-2009,09-12-2011,177,5,11.32989691,0.027412281,1.48714479,912,25,887,739
21352,EUCALYPTUS & PINECONE  WREATH,880,3110.28,5.293647799,01-12-2009,15-11-2011,158,3,8.54368932,0.012304251,1.230769231,894,11,883,715
21353,SILVER SLEIGHBELL  WREATH,19,160.45,8.994444444,01-12-2009,22-12-2009,9,1,3.166666667,0,0.863636364,-116,0,-116,22
21354,TOAST ITS - BEST MUM,2476,2979.46,1.498623853,02-12-2009,01-12-2011,217,9,15.37888199,0,3.391780822,2534,0,2534,730
21355,TOAST ITS - I LOVE YOU ,3452,4218.05,1.45566474,01-12-2009,09-12-2011,341,11,17.17412935,0.014117647,4.671177267,3400,48,3352,739
21356,TOAST ITS - FAIRY FLOWER,1592,2014.16,1.497909605,01-12-2009,09-12-2011,349,8,6.497959184,0.000615764,2.154262517,1624,1,1623,739
21357,TOAST ITS - DINOSAUR,1388,1827.76,1.52087963,01-12-2009,28-03-2011,211,7,9.985611511,0.025276461,2.873706004,1899,48,1851,483
21358,TOAST ITS - HAPPY BIRTHDAY,1129,1398.71,1.281891892,02-12-2009,08-12-2011,222,9,6.342696629,0.00087184,1.531886024,1147,1,1146,737
21359,RELAX LARGE WOOD LETTERS,208,2116.48,14.57506667,02-12-2009,11-08-2011,73,3,3.2,0.021978022,0.336569579,182,4,178,618
21360,JOY LARGE WOOD LETTERS,441,2790.41,10.0931,01-12-2009,06-06-2011,100,3,5.25,0.004819277,0.797468354,415,2,413,553
21361,LOVE LARGE WOOD LETTERS ,556,7361.74,14.29027778,11-02-2010,22-07-2011,286,7,2.865979381,0.028070175,1.055028463,570,16,554,527
21363,HOME SMALL WOOD LETTERS,984,5296.48,5.966068796,05-01-2010,25-09-2011,401,5,3.784615385,0.018962076,1.564387917,1002,19,983,629
21364,PEACE SMALL WOOD LETTERS,468,3407.72,7.620658683,01-12-2009,13-10-2011,167,2,4,0.004576659,0.686217009,437,2,435,682
21365,MIRRORED WALL ART STARS,469,707.92,2.503037975,07-12-2009,08-12-2011,77,4,6.7,0,0.640710383,476,0,476,732
21366,MIRRORED WALL ART PHOTO FRAMES,238,1140,6.046153846,10-12-2009,07-12-2011,77,2,3.552238806,0,0.326923077,247,0,247,728
21367,MIRRORED WALL ART GENTS,211,278.48,2.567,08-12-2009,05-12-2011,60,1,3.981132075,0,0.289835165,215,0,215,728
21368,MIRRORED WALL ART LADIES,201,212.04,1.866808511,08-12-2009,05-12-2011,47,1,4.674418605,0,0.276098901,203,0,203,728
21369,MIRRORED WALL ART SPLODGES,133,225.36,2.914090909,23-12-2009,05-12-2011,22,3,6.333333333,0,0.186535764,135,0,135,713
21370,MIRRORED WALL ART FOXY,54,251.97,7.356363636,06-12-2009,07-12-2011,22,1,2.571428571,0,0.073770492,56,0,56,732
21371,MIRRORED WALL ART POPPIES,404,556.01,2.59578125,01-12-2009,08-12-2011,64,7,6.847457627,0,0.547425474,404,0,404,738
21372,MIRRORED WALL ART TABLE LAMP,156,267.01,2.594117647,02-12-2009,28-11-2011,50,4,3.466666667,0,0.214580468,158,0,158,727
21373,MIRRORED WALL ART SNOWFLAKES,636,548.89,1.246557377,04-12-2009,07-12-2011,61,4,12.23076923,0.018867925,0.866485014,636,12,624,734
21374,MIRRORED WALL ART SKULLS,470,809.67,2.898028169,18-12-2009,01-12-2011,71,4,7.230769231,0,0.658263305,474,0,474,714
21375,LARGE CAMPHOR WOOD FIELD MUSHROOM ,134,817.6,8.058225806,01-12-2009,04-12-2011,61,3,2.350877193,0,0.182561308,139,0,139,734
21376,LARGE  TALL CAMPHOR WOOD TOADSTOOL ,183,849.91,5.996086957,06-12-2009,04-12-2011,46,2,4.159090909,0,0.251028807,188,0,188,729
21377,SMALL CAMPHOR WOOD FIELD  MUSHROOM,518,742.56,2.524387755,01-12-2009,08-12-2011,98,3,5.630434783,0.045540797,0.701897019,527,24,503,738
21378,SMALL TALL CAMPHOR WOOD TOADSTOOL,560,728.97,2.155454545,07-12-2009,09-12-2011,88,2,7,0,0.763983629,561,0,561,733
21379, CAMPHOR WOOD PORTOBELLO MUSHROOM,641,705.46,1.9376,01-12-2009,09-12-2011,125,2,5.827272727,0,0.867388363,656,0,656,739
21380,WOODEN HAPPY BIRTHDAY GARLAND,5031,14593.32,3.406554878,03-12-2009,02-12-2011,651,18,13.27440633,0.115087997,6.891780822,5057,582,4475,730
21381,MINI WOODEN HAPPY BIRTHDAY GARLAND,5104,8568,2.192467772,03-12-2009,06-12-2011,532,13,14.33707865,0.117110118,6.953678474,5149,603,4546,734
21382,SET/4 SPRING FLOWER DECORATION,1238,1665.66,2.22372549,16-05-2010,01-12-2011,152,3,10.67241379,0.006451613,2.191150442,1240,8,1232,565
21383,PACK OF 12 STICKY BUNNIES,2204,1590.43,0.964924012,09-12-2009,09-12-2011,323,7,11.18781726,0.027765338,3.01504788,2233,62,2171,731
21384,IVORY HANGING DECORATION  BUTTERFLY,1917,1810.19,1.048157895,02-12-2009,19-05-2010,150,2,22.82142857,0,11.34319527,1875,0,1875,169
21385,IVORY HANGING DECORATION  HEART,10832,9358.94,1.04887165,01-12-2009,08-12-2011,690,7,28.35602094,0.000549803,14.67750678,10913,6,10907,738
21386,IVORY HANGING DECORATION  EGG,1148,680.78,0.837090909,11-01-2010,04-12-2011,105,3,13.50588235,0,1.656565657,1196,0,1196,693
21387,IVORY HANGING DECORATION  RABBIT,25,21.25,0.85,23-02-2010,01-03-2010,4,1,8.333333333,0,3.571428571,50,0,50,7
21388,IVORY HANGING DECORATION  CHICKEN,311,290.17,0.915862069,02-12-2009,29-03-2010,29,1,12.95833333,0,2.63559322,196,0,196,118
21389,IVORY HANGING DECORATION  BIRD,2299,2008.09,0.997985075,03-12-2009,04-12-2011,261,5,12.2287234,0.013020833,3.140710383,2304,30,2274,732
21390,FILIGRIS HEART WITH BUTTERFLY,10937,13552.97,1.46046281,02-12-2009,08-12-2011,588,9,31.51873199,0.006802721,14.83989145,11025,75,10950,737
21391,FRENCH EMROIDR LAVENDER SCENT HEART,1417,1811.89,1.873707865,02-12-2009,21-11-2011,175,5,9.978873239,0.002798507,1.968055556,1072,3,1069,720
21392,RED SPOTTY PUDDING BOWL,7545,1478.13,2.381632653,03-12-2009,17-03-2011,48,8,164.0217391,0.485436893,16.05319149,7519,3650,3869,470
21393,BLUE  SPOTTY PUDDING BOWL,5244,1172.81,2.133636364,08-01-2010,28-03-2011,43,7,127.902439,0.477181593,11.78426966,5237,2499,2738,445
21394,RED SPOTTY BEAKER ,4005,1864.63,0.789066667,26-01-2010,13-11-2011,150,12,36.08108108,0.005482183,6.095890411,4013,22,3991,657
21395,BLUE SPOTTY BEAKER ,2968,1401.6,0.906695652,07-12-2009,03-11-2011,115,10,31.24210526,0.006798097,4.258249641,2942,20,2922,697
21396,RED SPOTTY EGG CUP ,948,1205.25,1.708846154,01-12-2009,16-05-2010,77,6,17.23636364,0.005740528,5.676646707,871,5,866,167
21397,BLUE  SPOTTY EGG CUP ,2157,2017.74,1.650611111,04-12-2009,09-05-2011,180,5,15.97777778,0.005676443,4.132183908,2114,12,2102,522
21398,RED  SPOTTY COFFEE  MUG,2295,2231.9,1.890238095,01-12-2009,19-04-2011,126,8,22.95,0.000873362,4.544554455,2290,2,2288,505
21399,BLUE  SPOTTY  COFFEE MUG,2378,1550.44,1.527118644,04-12-2009,05-06-2011,118,7,25.29787234,0.049209139,4.33151184,2276,112,2164,549
21400,RED PUDDING SPOON,1078,213.07,0.3,07-12-2009,08-12-2011,91,5,13.30864198,0.011131725,1.472677596,1078,12,1066,732
21401,BLUE PUDDING SPOON,1437,315.7,0.319754098,07-12-2009,08-12-2011,121,6,14.22772277,0,1.963114754,1444,0,1444,732
21402,RED  EGG  SPOON,1698,333.42,0.366381579,03-12-2009,09-12-2011,151,9,12.67164179,0.000644745,2.303934871,1551,1,1550,737
21403,BLUE EGG  SPOON,2319,523.07,0.334203822,03-12-2009,08-12-2011,157,9,17.30597015,0,3.150815217,2326,0,2326,736
21406,SPOTTY CAT DOORSTOP ,1,8.65,8.65,14-12-2009,14-12-2009,1,1,1,0,1,-7,0,-7,1
21407,BROWN CHECK CAT DOORSTOP ,1294,5883.33,5.250021978,01-12-2009,22-11-2011,453,7,4.431506849,0.001540832,1.792243767,1298,2,1296,722
21408,SPOTTY PINK DUCK DOORSTOP,703,3045.31,5.908458333,02-12-2009,09-12-2011,240,8,3.759358289,0.006954103,0.952574526,719,5,714,738
21409,SPOTTY COCKEREL DOORSTOP,1,4.25,4.25,18-01-2010,18-01-2010,1,1,1,0,1,2,0,2,1
21410,COUNTRY COTTAGE  DOORSTOP GREEN,312,1458.28,5.5142,01-12-2009,07-12-2010,150,6,2.836363636,0.003257329,0.838709677,307,1,306,372
21411,GINGHAM HEART  DOORSTOP RED,2090,8352.94,4.87036566,01-12-2009,09-12-2011,624,9,5.870786517,0.003754106,2.828146143,2131,8,2123,739
21412,VINTAGE GOLD TINSEL REEL,275,279,1.728513514,01-12-2009,21-11-2010,67,4,5.97826087,0.037656904,0.77247191,239,9,230,356
21413,PERIWINKLE T-LIGHT HOLDER,3162,1131.14,1.641153846,08-12-2009,13-11-2011,52,1,64.53061224,0,4.478753541,3174,0,3174,706
21414,SCALLOP SHELL SOAP DISH,1637,870.89,2.922972973,07-12-2009,22-02-2011,36,4,48.14705882,0.000628931,3.695259594,1590,1,1589,443
21415,CLAM SHELL SMALL ,348,726.16,2.646097561,09-12-2009,08-12-2011,82,3,4.35,0,0.476712329,361,0,361,730
21416,CLAM SHELL LARGE,751,603.06,4.120434783,13-12-2009,22-03-2011,22,3,35.76190476,0,1.615053763,739,0,739,465
21417,COCKLE SHELL DISH,502,1023.9,3.026779661,01-12-2009,09-12-2011,118,2,4.735849057,0.04950495,0.679296346,505,25,480,739
21418,STARFISH SOAP DISH,194,533.84,3.482537313,06-12-2009,07-12-2011,66,2,3.079365079,0.015384615,0.265027322,195,3,192,732
21419,CONCH SHELL,1259,577.69,4.353157895,01-12-2009,14-07-2010,19,2,74.05882353,0,5.57079646,1249,0,1249,226
21420,OYSTER TRINKET BOX,120,332.16,3.613125,04-01-2010,07-12-2011,31,2,4,0,0.170697013,122,0,122,703
21421,PORCELAIN ROSE LARGE ,1792,2144.48,1.569166667,06-12-2009,24-05-2011,105,4,21.33333333,0.002929688,3.34953271,2048,6,2042,535
21422,PORCELAIN ROSE SMALL,3160,2619.17,1.076283784,03-12-2009,28-11-2011,147,4,24.49612403,0.001270648,4.35261708,3148,4,3144,726
21424,WOODLAND STORAGE BOX LARGE ,955,2861.64,4.811619718,01-12-2009,25-10-2011,142,8,7.958333333,0.064480874,1.376080692,915,59,856,694
21425,SKULLS STORAGE BOX LARGE,505,1274.93,4.170631579,02-12-2009,06-12-2011,95,2,5.674157303,0.061386139,0.68707483,505,31,474,735
21426,WOODLAND STORAGE BOX SMALL,1028,1647.07,3.219306931,01-12-2009,05-12-2011,99,9,10.93617021,0.101068999,1.398639456,1029,104,925,735
21427,SKULLS STORAGE BOX SMALL,507,999.06,3.045416667,03-12-2009,06-12-2011,119,5,4.970588235,0.030947776,0.690735695,517,16,501,734
21428,SET3 BOOK BOX GREEN GINGHAM FLOWER ,2883,11762.93,5.060493562,01-12-2009,06-12-2011,465,19,9.873287671,0.014547974,3.917119565,2887,42,2845,736
21429,RED GINGHAM ROSE JEWELLERY BOX,6359,11342.25,2.104053254,01-12-2009,08-12-2011,997,18,16.55989583,0.010869565,8.616531165,6440,70,6370,738
21430,SET/3 RED GINGHAM ROSE STORAGE BOX,4621,18044.97,4.76255814,01-12-2009,09-12-2011,814,19,13.12784091,0.013730959,6.253044655,4661,64,4597,739
21431,GREEN GINGHAM FLOWER JEWELLERY BOX,1483,2511.36,1.939892473,01-12-2009,16-11-2010,278,11,9.098159509,0.001473839,4.225071225,1357,2,1355,351
21432,SET OF 3 CASES WOODLAND DESIGN,942,5435.91,6.098577406,01-12-2009,19-11-2010,237,15,6.077419355,0.025698324,2.661016949,895,23,872,354
21437,24 HANGING EASTER EGGS FLORAL TUB,677,2350.92,3.973596491,08-12-2009,28-03-2010,109,3,12.30909091,0.007961783,6.099099099,628,5,623,111
21438,TUB 24 HANGING EASTER EGGS SPOTTY,373,1229.82,3.832972973,03-12-2009,18-03-2010,36,3,16.2173913,0.011363636,3.518867925,352,4,348,106
21439,BASKET OF TOADSTOOLS,2259,2837.54,1.549218107,01-12-2009,08-12-2011,240,12,12.01595745,0.178243775,3.06097561,2289,408,1881,738
21440,12 MINI TOADSTOOL PEGS,472,597.56,1.32875,01-12-2009,01-07-2010,95,3,7.044776119,0.005,2.215962441,400,2,398,213
21441,BLUE BIRDHOUSE DECORATION,928,655.46,1.100671642,13-12-2009,08-12-2011,133,10,7.798319328,0,1.278236915,941,0,941,726
21442,GREEN BIRDHOUSE DECORATION,973,704.97,1.121544118,15-12-2009,08-12-2011,136,7,8.176470588,0,1.343922652,978,0,978,724
21443,OLIVE CHALET BIRDFEEDER,257,727.93,4.631923077,04-12-2009,30-03-2010,26,1,12.85,0.023715415,2.196581197,253,6,247,117
21444,BLUE CHALET BIRDFEEDER,291,902.03,5.461944444,01-12-2009,26-04-2010,36,3,9.387096774,0.003558719,1.979591837,281,1,280,147
21445,12 PINK ROSE PEG PLACE SETTINGS,1519,1887.23,1.516506849,01-12-2009,22-07-2011,146,5,13.68468468,0.008281573,2.535893155,1449,12,1437,599
21446,12 RED ROSE PEG PLACE SETTINGS,1258,1669.83,1.484916667,03-12-2009,08-12-2011,232,10,6.76344086,0,1.70923913,1227,0,1227,736
21447,12 IVORY ROSE PEG PLACE SETTINGS,2776,3842.63,1.625014663,03-12-2009,21-09-2011,336,9,11.19354839,0.000372995,4.218844985,2681,1,2680,658
21448,12 DAISY PEGS IN WOOD BOX,955,1640.17,1.878046512,02-12-2009,16-10-2011,211,2,5.584795322,0,1.39619883,930,0,930,684
21450,DISTRESSED CANDLE STICK WHITE,13,77.35,5.95,03-12-2009,20-12-2009,3,1,4.333333333,-0.588235294,0.722222222,-17,10,-27,18
21452,TOADSTOOL MONEY BOX,1875,5731.33,3.463038278,18-03-2010,08-12-2011,408,16,6.970260223,0.022529442,2.971473851,1953,44,1909,631
21454,PAINTED PINK RABBIT ,937,807.6,0.906497462,11-01-2010,08-12-2011,194,3,6.992537313,0.012779553,1.344332855,939,12,927,697
21455,PAINTED YELLOW WOODEN DAISY,901,797.27,0.935146199,28-01-2010,07-12-2011,167,2,7.385245902,0.018867925,1.326951399,901,17,884,679
21456,2 PICTURE BOOK EGGS EASTER CHICKS,738,776.05,1.447878788,04-12-2009,07-12-2011,65,4,13.9245283,0.001355014,1.005449591,738,1,737,734
21457,2 PICTURE BOOK EGGS EASTER DUCKS,685,716,1.544769231,04-12-2009,09-11-2011,65,4,12.9245283,0,0.970254958,686,0,686,706
21458,2 PICTURE BOOK EGGS EASTER BUNNY,768,849.24,1.635,04-12-2009,09-11-2011,88,5,11.46268657,0,1.087818697,768,0,768,706
21459,YELLOW EASTER EGG HUNT START POST,263,520.55,2.300909091,28-01-2010,18-04-2011,44,2,6.414634146,0.068441065,0.589686099,263,18,245,446
21460,GREEN EASTER EGG HUNT START POST,113,249.65,2.365555556,29-01-2010,23-03-2011,27,2,4.346153846,0.07079646,0.269689737,113,8,105,419
21461,BLUE EASTER EGG HUNT START POST,82,171.04,2.336086957,29-01-2010,06-04-2011,23,2,3.727272727,0.060240964,0.189376443,83,5,78,433
21462,"NURSERY A,B,C PAINTED LETTERS",413,2425.41,6.878888889,04-12-2009,09-12-2011,171,8,2.80952381,0.014150943,0.561141304,424,6,418,736
21463,MIRRORED DISCO BALL ,1349,7484.81,6.564735099,01-12-2009,07-12-2011,302,7,5.942731278,0.056704981,1.830393487,1305,74,1231,737
21464,DISCO BALL ROTATOR BATTERY OPERATED,539,2286.75,4.245391705,02-12-2009,01-12-2011,217,6,3.011173184,0.0375,0.738356164,560,21,539,730
21465,PINK FLOWER CROCHET FOOD COVER,793,2875.64,4.030588235,01-12-2009,01-12-2011,187,3,5.183006536,0.002512563,1.084815321,796,2,794,731
21466,RED FLOWER CROCHET FOOD COVER,927,3479.79,3.984782609,01-12-2009,08-12-2011,275,4,4.213636364,0,1.256097561,937,0,937,738
21467,CHERRY CROCHET FOOD COVER,1025,3263.75,4.033984375,01-12-2009,09-12-2011,254,9,5.256410256,0.004849661,1.387009472,1031,5,1026,739
21468,BUTTERFLY CROCHET FOOD COVER,669,2361.39,4.018827586,02-12-2009,29-11-2011,142,3,5.39516129,0.00297619,0.918956044,672,2,670,728
21469,POLKA DOT RAFFIA FOOD COVER,1165,3482.01,3.972095238,01-12-2009,07-12-2011,210,4,6.812865497,0.042625746,1.5807327,1173,50,1123,737
21470,FLOWER VINE RAFFIA FOOD COVER,1102,4190.93,4.200248447,01-12-2009,08-12-2011,319,6,4.534979424,0.008028546,1.493224932,1121,9,1112,738
21471,STRAWBERRY RAFFIA FOOD COVER,1406,5095.63,3.920752351,01-12-2009,09-12-2011,319,7,6.248888889,0.002818887,1.902571042,1419,4,1415,739
21472,LADYBIRD + BEE RAFFIA FOOD COVER,1056,4077.82,4.395017422,01-12-2009,15-07-2011,285,6,5.528795812,0,1.783783784,926,0,926,592
21473,SWEETHEART CREAM STEEL TABLE RECT,157,3212.16,20.839,13-12-2009,20-11-2011,90,3,2.121621622,0.025477707,0.221751412,157,4,153,708
21474,SWEETHEART CREAM STEEL FOLDIN BENCH,210,4189.5,19.95,21-01-2010,12-09-2010,94,4,3,0.034653465,0.893617021,202,7,195,235
21475,SWEETHEART CREAM STEEL FOLDIN CHAIR,1,14.95,14.95,16-12-2009,16-12-2009,1,1,1,0,1,0,1,-1,1
21476,STEEL SWEETHEART ROUND TABLE CREAM,142,2219.51,16.436,19-01-2010,19-10-2011,85,4,1.972222222,0.013888889,0.222222222,144,2,142,639
21477,STRING OF 20 ROSE LIGHTS,273,3248.94,14.87266667,01-12-2009,31-03-2010,45,2,12.40909091,0.079861111,2.256198347,288,23,265,121
21478,SILVER SKULL HOT WATER BOTTLE ,204,854.23,4.420537634,01-12-2009,31-10-2010,92,2,3.4,0.002386635,0.608955224,419,1,418,335
21479,WHITE SKULL HOT WATER BOTTLE ,6219,31079.8,4.686652587,01-12-2009,09-12-2011,930,10,26.92207792,0.026008493,8.415426252,7536,196,7340,739
21480,PINK STRIPE HOT WATER BOTTLE,285,899.52,3.835,01-12-2009,22-12-2009,57,1,16.76470588,0.022813688,12.95454545,263,6,257,22
21481,FAWN BLUE HOT WATER BOTTLE,8174,25613.45,3.765328947,01-12-2009,09-12-2011,1050,18,23.09039548,0.093713484,11.0608931,8558,802,7756,739
21482,MUSHROOM BLUE HOT WATER BOTTLE,740,2296.76,3.629513514,01-12-2009,17-10-2010,184,9,7.628865979,0.009803922,2.30529595,612,6,606,321
21484,CHICK GREY HOT WATER BOTTLE,4584,18171.14,4.573588571,01-12-2009,09-12-2011,864,13,13.64285714,0.012512413,6.202976996,5035,63,4972,739
21485,RED SPOT HEART HOT WATER BOTTLE,7593,37078.67,5.467250177,01-12-2009,09-12-2011,1385,18,19.12594458,0.004919894,10.27469553,7927,39,7888,739
21486,PINK HEART DOTS HOT WATER BOTTLE,1116,3638.67,3.903737374,01-12-2009,07-12-2010,294,7,7.540540541,0.001,3,1000,1,999,372
21488,RED WHITE SCARF  HOT WATER BOTTLE,2384,9784.58,4.569120879,01-12-2009,01-03-2011,359,11,16,0,5.228070175,2364,0,2364,456
21489,BLUE WHITE SCARF HOT WATER BOTTLE,28,157.6,5.964285714,01-12-2009,17-02-2010,14,1,4,0,0.35443038,-3,0,-3,79
21490,SET OF THREE 50'S GIFT WRAPS ,637,1210.6,2.594642857,01-12-2009,20-09-2010,55,1,53.08333333,0.048780488,2.166666667,574,28,546,294
21491,SET OF THREE VINTAGE GIFT WRAPS,2878,5367.01,2.124,01-12-2009,16-12-2010,248,9,32.70454545,0.017689906,7.553805774,2883,51,2832,381
21493, VINTAGE DESIGN GIFT TAGS,272,252.45,1.048333333,01-12-2009,30-09-2010,29,2,38.85714286,0,0.894736842,-437,0,-437,304
21494,ROTATING LEAVES T-LIGHT HOLDER,3833,6449,2.581045365,01-12-2009,09-12-2011,501,8,14.51893939,0.001017294,5.186738836,3932,4,3928,739
21495,SKULLS WRAP,12465,5119.3,0.418138298,01-12-2009,08-12-2011,376,11,45.32727273,0.001997603,16.8902439,12515,25,12490,738
21496,WOODLAND CREATURES  WRAP,25,10.5,0.42,17-12-2009,17-12-2009,1,1,25,-0.142857143,25,-175,25,-200,1
21497,FANCY FONTS BIRTHDAY WRAP,17500,6978,0.417690722,01-12-2009,09-12-2011,485,11,53.84615385,0,23.68064953,17625,0,17625,739
21498,RED SPOTS  WRAP ,26726,10851.92,0.417481297,01-12-2009,08-12-2011,802,16,62.59016393,0.003722038,36.21409214,26867,100,26767,738
21499,BLUE SPOTS  WRAP,15052,6059.84,0.416478261,01-12-2009,08-12-2011,460,19,47.0375,0.014809452,20.39566396,15193,225,14968,738
21500,PINK SPOTS  WRAP ,15950,6443,0.416382114,01-12-2009,05-12-2011,492,19,47.4702381,0,21.70068027,16150,0,16150,735
21503,TOYBOX  WRAP ,1801,740.42,0.41875,16-12-2009,30-11-2011,64,8,31.05172414,0.000634115,2.518881119,1577,1,1576,715
21504,SKULLS GREETING CARD,4913,2005.02,0.466848485,02-12-2009,07-12-2011,329,5,21.36086957,0.002478827,6.675271739,4841,12,4829,736
21506,"FANCY FONT BIRTHDAY CARD, ",10878,4534.49,0.489415292,01-12-2009,09-12-2011,665,14,28.10852713,0.005308795,14.71989175,11302,60,11242,739
21507,"ELEPHANT, BIRTHDAY CARD, ",8223,3455.41,0.503794872,02-12-2009,09-12-2011,584,14,23.09831461,0.002883922,11.14227642,8322,24,8298,738
21508,VINTAGE KID DOLLY CARD ,6716,2808.62,0.517097967,01-12-2009,09-12-2011,541,15,19.92878338,0.001764187,9.087956698,6802,12,6790,739
21509,COWBOYS AND INDIANS BIRTHDAY CARD ,8696,3587.22,0.502734499,03-12-2009,09-12-2011,628,11,23.82465753,0.002722014,11.79918589,8817,24,8793,737
21511,VINTAGE COLLAGE  GREETING  CARD ,40,16.8,0.42,13-04-2010,21-05-2010,2,1,20,0,1.025641026,31,0,31,39
21518,BANK ACCOUNT  GREETING  CARD ,1107,469.28,0.504862385,02-12-2009,12-07-2011,109,5,11.53125,0,1.882653061,1100,0,1100,588
21519,GIN & TONIC DIET GREETING CARD ,7356,3149.93,0.501534296,01-12-2009,08-12-2011,553,14,20.89772727,0.00486355,9.967479675,7402,36,7366,738
21520,BOOZE & WOMEN GREETING CARD ,957,411.63,0.528518519,01-12-2009,05-12-2011,108,5,9.666666667,0.00201005,1.302040816,995,2,993,735
21523,FANCY FONT HOME SWEET HOME DOORMAT,6916,46083.71,8.905819964,01-12-2009,09-12-2011,1122,12,15.0021692,0.000845904,9.358592693,7093,6,7087,739
21524,SPOTTY  HOME SWEET HOME DOORMAT,5255,35955.44,8.468759757,01-12-2009,08-12-2011,1150,21,10.55220884,0.00130988,7.120596206,5344,7,5337,738
21525,BEWARE OF THE CAT DOORMAT,2,13.5,6.75,18-12-2009,18-12-2009,2,1,2,0,2,0,2,-2,1
21527,RETRO SPOT TRADITIONAL TEAPOT ,3345,24968.47,8.890357569,01-12-2009,15-05-2011,831,15,10.453125,0.056498919,6.299435028,3239,183,3056,531
21528,DAIRY MAID TRADITIONAL TEAPOT ,899,5680.15,7.654163424,01-12-2009,09-12-2011,257,5,4.181395349,0.035164835,1.216508796,910,32,878,739
21529,RETRO SPOT CERAMIC TOASTRACK,503,1790.44,4.022302632,01-12-2009,13-09-2010,152,5,4.836538462,0.017699115,1.75261324,452,8,444,287
21530,DAIRY MAID CERAMIC TOASTRACK,959,1361.56,2.278181818,01-12-2009,08-12-2011,162,4,7,0.066115702,1.299457995,968,64,904,738
21531,RETRO SPOT SUGAR JAM BOWL,4073,10174.12,3.038633461,01-12-2009,07-12-2011,776,15,9.861985472,0.009870005,5.526458616,4154,41,4113,737
21532,DAIRY MAID SUGAR JAM BOWL,1387,1419.71,2.386413043,01-12-2009,11-10-2010,90,3,18.74324324,0.012003001,4.403174603,1333,16,1317,315
21533,RETRO SPOT LARGE MILK JUG,3343,16614.87,5.453440748,01-12-2009,09-12-2011,954,17,7.158458244,0.024163028,4.52368065,3435,83,3352,739
21534,DAIRY MAID LARGE MILK JUG,938,4768.64,5.383681159,01-12-2009,07-12-2011,342,4,3.580152672,0.030208333,1.272727273,960,29,931,737
21535,RETRO SPOT SMALL MILK JUG,6776,16837,2.864748455,01-12-2009,08-12-2011,1111,14,14.29535865,0.014203687,9.181571816,6618,94,6524,738
21536,DAIRY MAID  SMALL  MILK JUG,221,474.74,2.268888889,03-12-2009,30-03-2010,61,3,4.911111111,0.035,1.872881356,200,7,193,118
21537,RETRO SPOTS PUDDING BOWL,1005,4338.71,4.705285171,01-12-2009,07-12-2011,256,12,5.317460317,0.065641026,1.363636364,975,64,911,737
21538,DAIRY MAID  PUDDING BOWL,1308,1924.51,4.007647059,01-12-2009,09-12-2010,51,1,31.90243902,0.001508296,3.497326203,1326,2,1324,374
21539,RETRO SPOTS BUTTER DISH,2723,13551.64,5.789149233,01-12-2009,01-11-2011,709,11,6.928753181,0.026090198,3.884450785,2683,70,2613,701
21540,DAIRY MAID CERAMIC BUTTER DISH,1323,2394.95,4.735977011,01-12-2009,09-09-2010,87,2,18.63380282,0.0154202,4.674911661,1297,20,1277,283
21541,DINOSAURS WATER TRANSFER TATTOOS ,1907,1636.24,1.044926108,01-12-2009,15-11-2010,201,8,14.33834586,0.010662177,5.448571429,1782,19,1763,350
21542,WOODLAND WATER TRANSFER TATTOOS ,1877,1600.75,1.016020942,01-12-2009,10-10-2010,190,8,14.8968254,0.076252723,5.977707006,918,70,848,314
21543,BUTTERFLY WATER TRANSFER TATTOOS ,284,215,1.195833333,01-12-2009,21-12-2009,24,1,25.81818182,0,13.52380952,133,0,133,21
21544,SKULLS  WATER TRANSFER TATTOOS ,6064,5052.21,1.04519685,01-12-2009,09-12-2011,503,13,18.95,0.003914533,8.205683356,6131,24,6107,739
21545,CERAMIC BIRDHOUSE BUTTERFLY SMALL,697,1640.12,3.555542169,01-12-2009,23-07-2010,82,4,10.25,0.00297619,2.965957447,672,2,670,235
21547,CERAMIC BIRDHOUSE CRESTED TIT SMALL,719,1848.47,3.587272727,01-12-2009,22-03-2011,119,6,7.336734694,0.002793296,1.507337526,716,2,714,477
21548,CERAMIC BIRDHOUSE FINCH BLUE ROOF,682,1776.12,3.727037037,01-12-2009,01-11-2010,107,5,8.317073171,0.02265861,2.029761905,662,15,647,336
21549,CERAMIC BIRDHOUSE RED ROOF SMALL,547,1270.39,3.306730769,01-12-2009,13-04-2010,51,3,14.39473684,0.013384321,4.082089552,523,7,516,134
21550,CERAMIC BIRDHOUSE CRESTED TIT LARGE,295,1565.51,6.715223881,02-12-2009,21-05-2010,64,1,5.9,0.003412969,1.725146199,293,1,292,171
21551,CERAMIC BIRDHOUSE BUTTERFLY LARGE,169,824.95,6.8,02-12-2009,29-01-2010,22,1,10.5625,0,2.86440678,160,0,160,59
21552,CERAMIC BIRDHOUSE BLACK ROSE  LARGE,165,837.6,6.259722222,02-12-2009,03-06-2010,35,2,6.875,0.019480519,0.89673913,154,3,151,184
21553,CERAMIC BIRDHOUSE FINCH BLUE  LARGE,90,581.27,7.881282051,01-12-2009,06-04-2010,39,2,3.461538462,0.012658228,0.708661417,79,1,78,127
21554,CERAMIC BIRDHOUSE RED ROOF LARGE,167,767.75,6.479545455,01-12-2009,21-01-2010,22,2,10.4375,0.020408163,3.211538462,147,3,144,52
21555,CERAMIC STRAWBERRY TRINKET TRAY,425,1131.37,3.057462687,02-12-2009,06-12-2011,134,7,3.828828829,0.001508296,0.578231293,663,1,662,735
21556,CERAMIC STRAWBERRY MONEY BOX,1607,4244.41,3.251346801,01-12-2009,23-11-2011,293,9,7.688995215,0.002492212,2.222683264,1605,4,1601,723
21557,SET OF 6 FUNKY BEAKERS,932,3169.39,4.149375,01-12-2009,09-12-2011,302,6,4.179372197,0.001046025,1.261163735,956,1,955,739
21558,SKULL LUNCHBOX WITH CUTLERY ,4207,10810.66,3.257603093,01-12-2009,09-12-2011,768,13,11.15915119,0.026835814,5.692828146,4099,110,3989,739
21559,STRAWBERRY LUNCHBOX WITH CUTLERY,8227,20345.53,3.047467742,01-12-2009,09-12-2011,1221,18,16.65384615,0.004073808,11.13261164,8346,34,8312,739
21560,TOADSTOOL  LUNCHBOX WITH CUTLERY,4,15.44,3.86,01-12-2009,22-12-2009,4,1,2,0,0.181818182,43,0,43,22
21561,DINOSAUR LUNCHBOX WITH CUTLERY,2969,7303.91,2.899028571,01-12-2009,08-12-2011,522,14,8.810089021,0.00100368,4.02303523,2989,3,2986,738
21562,HAWAIIAN GRASS SKIRT ,678,970.28,1.850675676,07-01-2010,21-11-2011,73,6,9.826086957,0,0.99122807,678,0,678,684
21563,RED HEART SHAPE LOVE BUCKET ,2786,6875.71,3.315123288,02-12-2009,09-12-2011,362,9,10.51320755,0.006780871,3.775067751,2802,19,2783,738
21564,PINK  HEART SHAPE LOVE BUCKET ,1951,4524.5,3.229355932,03-12-2009,09-12-2011,294,10,8.445887446,0.005589431,2.647218453,1968,11,1957,737
21576,LETS GO SHOPPING COTTON TOTE BAG,732,1686.19,2.513381643,01-12-2009,08-12-2011,205,13,4.692307692,0.012113055,0.991869919,743,9,734,738
21577,SAVE THE PLANET COTTON TOTE BAG,2556,5716.52,2.713261803,01-12-2009,08-12-2011,464,22,8.548494983,0.006170459,3.463414634,2593,16,2577,738
21578,WOODLAND DESIGN  COTTON TOTE BAG,2205,5062.86,2.608385417,01-12-2009,05-12-2011,380,21,8.579766537,0.00463392,3,2158,10,2148,735
21579,LOLITA  DESIGN  COTTON TOTE BAG,1029,1560.85,2.586058394,01-12-2009,06-12-2011,136,13,9.10619469,0.016283525,1.398097826,1044,17,1027,736
21580,RABBIT  DESIGN  COTTON TOTE BAG,542,1329.63,2.855639535,01-12-2009,08-12-2011,172,7,4.106060606,0.010889292,0.734417344,551,6,545,738
21581,SKULLS  DESIGN  COTTON TOTE BAG,1172,1890.74,2.645833333,01-12-2009,08-12-2011,203,8,7.865771812,0.016835017,1.588075881,1188,20,1168,738
21582,KINGS CHOICE SMALL TUBE MATCHES,117,193.05,1.65,01-12-2009,21-02-2010,16,1,11.7,0,1.409638554,79,0,79,83
21584,RETRO SPOT SMALL TUBE MATCHES,3769,6070.05,1.647831978,01-12-2009,07-12-2011,352,9,15.83613445,0.006965944,5.113975577,3876,27,3849,737
21585,SWALLOW SMALL TUBE MATCHES,1,1.65,1.65,01-08-2010,01-08-2010,1,1,1,0,1,-41,0,-41,1
21586,KINGS CHOICE GIANT TUBE MATCHES,2583,6018.75,2.514959016,01-12-2009,07-11-2011,238,5,15.56024096,0.018752392,3.653465347,2613,49,2564,707
21587,COSY HOUR GIANT TUBE MATCHES,2071,5173.05,2.541697417,01-12-2009,18-10-2011,260,3,18.32743363,0.002719855,3.014556041,2206,6,2200,687
21588,RETRO SPOT GIANT  TUBE MATCHES,3351,7748.55,2.523529412,01-12-2009,08-12-2011,284,7,16.83919598,0.007357269,4.540650407,3398,25,3373,738
21589,SWALLOW GIANT TUBE MATCHES,1119,2583.45,2.504494382,01-12-2009,17-06-2010,88,5,17.484375,0.011090573,5.623115578,1082,12,1070,199
21590,KINGS CHOICE CIGAR BOX MATCHES ,3448,4141.28,1.246135593,01-12-2009,10-11-2010,286,3,20.40236686,0.007503608,9.994202899,3465,26,3439,345
21591,COSY HOUR CIGAR BOX MATCHES ,3978,6003.08,1.262421053,01-12-2009,09-12-2011,365,7,20.93684211,0.014000519,5.382949932,3857,54,3803,739
21592,RETRO SPOT  CIGAR BOX MATCHES ,5876,6552.46,1.19312115,01-12-2009,08-12-2011,476,10,20.76325088,0.004006009,7.962059621,5991,24,5967,738
21593,SWALLOW CIGAR BOX MATCHES ,1391,1629.31,1.248020833,01-12-2009,23-05-2010,94,2,21.07575758,0.019339243,7.994252874,1241,24,1217,174
21594,Dr. Jam's Arouzer Stress Ball,5,21.06,4.212,09-12-2009,14-01-2011,5,1,1,0,0.012437811,5,0,5,402
21595,Dad's Cab Electronic Meter,9,76.95,8.55,02-12-2009,07-12-2010,9,1,1,0,0.02425876,13,0,13,371
21596,Hypochondriac Pill Stress Ball,10,42.64,4.26,01-12-2009,04-11-2010,9,1,1.666666667,0,0.029498525,10,0,10,339
21609,SET 12 LAVENDER  BOTANICAL T-LIGHTS,1499,4186.29,3.033287671,02-12-2009,30-08-2011,218,6,8.468926554,0,2.35321821,1508,0,1508,637
21610,SET 12 PEAR BOTANICAL T-LIGHTS,542,1543.67,3.043571429,02-12-2009,18-11-2010,97,4,6.948717949,0,1.539772727,518,0,518,352
21611,SET OF 12 LILY BOTANICAL T-LIGHTS,750,2182.19,3.122781457,01-12-2009,27-10-2010,148,5,6.756756757,0.008426966,2.265861027,712,6,706,331
21612,SET 12 WILDFLOWER BOTANICAL T-LIGHT,698,2025.77,3.24622807,01-12-2009,29-09-2010,113,4,7.931818182,0.009202454,2.303630363,652,6,646,303
21613,S/12 VANILLA  BOTANICAL T-LIGHTS,632,1861.45,3.078445946,02-12-2009,27-10-2011,145,5,4.751879699,0,0.909352518,589,0,589,695
21614,SET OF 12 ROSE BOTANICAL T-LIGHTS,1627,4538.17,3.064314721,02-12-2009,31-05-2011,194,8,11.22068966,0.081619938,2.97985348,1605,131,1474,546
21615,4 LAVENDER BOTANICAL DINNER CANDLES,1168,2308.67,2.350348837,01-12-2009,09-12-2011,169,8,10.33628319,0,1.580514208,1161,0,1161,739
21616,4 PEAR BOTANICAL DINNER CANDLES,1152,2458.58,2.465969388,08-12-2009,09-12-2011,191,6,9.520661157,0,1.573770492,1164,0,1164,732
21617,4 LILY  BOTANICAL DINNER CANDLES,834,2135.01,2.945465116,02-12-2009,21-11-2011,169,3,6.177777778,0,1.158333333,854,0,854,720
21618,4 WILDFLOWER BOTANICAL CANDLES,698,1823.74,2.91260274,01-12-2009,14-11-2011,139,4,6.345454545,0,0.977591036,648,0,648,714
21619,4 VANILLA BOTANICAL CANDLES,1131,2069.02,2.402816901,01-12-2009,08-12-2011,212,7,8.8359375,0,1.532520325,1045,0,1045,738
21620,S/4 ROSE    BOTANICAL  CANDLE,1087,2206.73,2.531762115,03-12-2009,09-12-2011,222,5,7.820143885,-0.015463918,1.474898236,-388,6,-394,737
21621,VINTAGE UNION JACK BUNTING,6900,60286.04,9.307857689,01-12-2009,06-12-2011,1292,10,13.96761134,0.009823484,9.375,6515,64,6451,736
21622,VINTAGE UNION JACK CUSHION COVER,3699,19936.94,5.837389241,01-12-2009,07-12-2011,626,13,12.12786885,0.014915254,5.018995929,2950,44,2906,737
21623,VINTAGE UNION JACK MEMOBOARD,6165,45402.18,10.21583804,28-02-2010,08-12-2011,530,9,19.95145631,0.007738013,9.499229584,7237,56,7181,649
21624,VINTAGE UNION JACK DOORSTOP,1771,10641.15,6.616987654,01-12-2009,08-12-2011,403,6,6.632958801,0.015668719,2.399728997,1787,28,1759,738
21625,VINTAGE UNION JACK APRON,984,7037.62,8.184553571,01-12-2009,07-12-2011,334,9,3.920318725,0,1.335142469,825,0,825,737
21626,VINTAGE UNION JACK PENNANT,1496,3017.07,2.328300971,01-12-2009,21-11-2011,204,2,9.777777778,0.03960396,2.074895978,1515,60,1455,721
21627,ELEPHANT CARNIVAL POUFFE,195,3766.35,22.70078261,04-12-2009,24-10-2011,115,5,1.822429907,0.035502959,0.282608696,169,6,163,690
21628,TRIANGULAR POUFFE VINTAGE ,164,3185.28,22.65022989,02-12-2009,08-12-2011,87,6,2.05,0.023952096,0.222523745,167,4,163,737
21629,SQUARE FLOOR CUSHION VINTAGE PINK ,177,1961.37,11.97333333,03-12-2009,08-12-2011,105,1,1.84375,0.005524862,0.24048913,181,1,180,736
21630,FLOOR CUSHION ELEPHANT CARNIVAL,162,1973.39,13.73410526,03-12-2009,07-12-2011,95,5,1.8,0.02994012,0.220408163,167,5,162,735
21631,HIPPY CHIC DECORATIVE PARASOL,221,1571.75,10.77962963,09-12-2009,17-11-2011,54,1,4.510204082,0,0.311706629,221,0,221,709
21632,VINTAGE PINK DECORATIVE PARASOL,132,1076.22,11.17037736,02-12-2009,18-01-2011,53,3,3.219512195,0.00990099,0.319612591,101,1,100,413
21633,SUNFLOWER DECORATIVE PARASOL,175,1663.11,13.04888889,04-12-2009,21-11-2011,72,3,2.734375,0.011363636,0.243732591,176,2,174,718
21634,ASSORTED MINI MADRAS NOTEBOOK,1771,1507.74,1.363768116,03-12-2009,16-10-2011,69,3,27.671875,0.075436409,2.592972182,1604,121,1483,683
21635,MADRAS NOTEBOOK LARGE ,398,855.24,3.290465116,04-12-2009,13-07-2011,42,2,9.95,0.03030303,0.67802385,396,12,384,587
21636,MADRAS NOTEBOOK MEDIUM,1014,985.74,1.492772277,04-12-2009,05-12-2011,98,4,12.07142857,0.023762376,1.385245902,1010,24,986,732
21637,ASSORTED SANSKRIT MINI NOTEBOOK,1358,1741.72,1.840860215,01-12-2009,10-10-2011,93,7,18.10666667,0.014766202,2,1219,18,1201,679
21638,ASSORTED TUTTI FRUTTI NOTEBOOK,1020,2220.94,2.437448276,01-12-2009,08-12-2011,142,6,8.360655738,0.007881773,1.382113821,1015,8,1007,738
21639,ASSORTED TUTTI FRUTTI KEYRING,259,228.65,0.963333333,01-12-2009,03-03-2010,15,2,32.375,-0.150943396,2.784946237,-53,8,-61,93
21640,ASSORTED TUTTI FRUTTI  FOB NOTEBOOK,2225,2049.4,1.097196262,01-12-2009,08-12-2011,205,5,13.65030675,0,3.014905149,2269,0,2269,738
21641,ASSORTED TUTTI FRUTTI KEYRING BALL,1666,946.31,1.225765766,02-12-2009,16-09-2011,111,3,17,0,2.547400612,1625,0,1625,654
21642,ASSORTED TUTTI FRUTTI PEN,4413,2575.18,0.880689655,01-12-2009,09-12-2011,251,5,24.51666667,0.062048052,5.971583221,4287,266,4021,739
21643,ASSORTED TUTTI FRUTTI MIRROR,1521,2127.94,1.860294118,01-12-2009,15-11-2011,204,5,9.876623377,0.009168304,2.127272727,1527,14,1513,715
21644,ASSORTED TUTTI FRUTTI HEART BOX,1087,1461.47,1.438391608,03-12-2009,27-11-2011,137,3,9.290598291,0.026119403,1.499310345,1072,28,1044,725
21645,ASSORTED TUTTI FRUTTI ROUND BOX,969,1642.65,1.844148148,02-12-2009,16-11-2010,133,6,10.09375,0.030364372,2.768571429,988,30,958,350
21647,ASSORTED TUTTI FRUTTI LARGE PURSE,848,1899.28,2.565945946,01-12-2009,27-11-2011,144,7,8.233009709,0.006060606,1.166437414,660,4,656,727
21648,ASSORTED TUTTI FRUTTI SMALL PURSE,2940,3956.48,1.834549356,01-12-2009,09-12-2011,231,9,17.81818182,0.093533065,3.97834912,2737,256,2481,739
21649,ASSORTED TUTTI FRUTTI PHOTO FRAME,421,1162.89,3.34862069,01-12-2009,08-01-2010,29,1,26.3125,0.009925558,10.79487179,403,4,399,39
21650,ASSORTED TUTTI FRUTTI BRACELET,3204,1163.8,0.663864734,01-12-2009,09-12-2011,197,6,21.36,0.008583691,4.335588633,3262,28,3234,739
21651,HANGING GLASS ETCHED TEALIGHT,1361,2200.36,1.84456,03-12-2009,21-02-2011,124,7,13.34313725,0,3.051569507,1480,0,1480,446
21652,GLASS ETCHED T-LIGHT HOLDER MEDIUM,896,1747.94,2.098860759,06-12-2009,05-08-2010,78,7,13.57575758,0.024940618,3.687242798,842,21,821,243
21653,GLASS ETCHED T-LIGHT HOLDER LARGE,1246,2565.67,2.266086957,13-01-2010,22-11-2010,111,5,13.39784946,0.006311993,3.968152866,1109,7,1102,314
21654,RIDGED GLASS FINGER BOWL,1183,820.21,1.279638554,03-12-2009,18-09-2011,82,2,15.77333333,0,1.80610687,1198,0,1198,655
21655,HANGING RIDGE GLASS T-LIGHT HOLDER,1396,2277.5,1.956741573,02-12-2009,11-02-2011,89,6,20.52941176,0.095451156,3.194508009,1341,128,1213,437
21656,RIDGED GLASS POSY VASE ,985,1614.54,2.050714286,03-12-2009,03-05-2011,140,7,8.49137931,0.00204918,1.905222437,976,2,974,517
21657,MILK BOTTLE WITH GLASS STOPPER ,257,1967.38,8.511949153,03-12-2009,20-02-2011,118,4,2.519607843,0.018726592,0.57752809,267,5,262,445
21658,GLASS  BEURRE DISH,2225,9271.89,5.327878788,01-12-2009,11-08-2011,519,9,7.491582492,0.040498442,3.59450727,2247,91,2156,619
21659,GLASS CAKE STAND,120,1891.7,17.16363636,02-12-2009,07-11-2010,66,4,2.142857143,0.037383178,0.351906158,107,4,103,341
21661,VINTAGE GLASS TEA CADDY,239,1511.31,7.073838384,04-12-2009,22-02-2011,98,3,2.9875,0.026315789,0.535874439,228,6,222,446
21662,VINTAGE GLASS COFFEE CADDY,269,1735.05,7.421028037,04-12-2009,15-08-2011,106,2,3.056818182,0.015444015,0.433870968,259,4,255,620
21663,VINTAGE GLASS SUGAR CADDY,76,488.16,7.245625,02-12-2009,13-04-2010,32,1,2.814814815,0.107692308,0.571428571,65,7,58,133
21664,RIDGED GLASS STORAGE JAR CREAM LID,258,1031.07,4.253970588,03-12-2009,17-10-2011,67,2,4.161290323,0.02991453,0.377192982,234,7,227,684
21665,TRIANGULAR RIDGED GLASS POSY HOLDER,879,638.8,1.088974359,02-12-2009,26-05-2010,75,3,16.27777778,0,4.994318182,851,0,851,176
21666, RIDGED GLASS T-LIGHT HOLDER,1760,1105.15,0.819186047,02-12-2009,06-12-2011,85,4,22.56410256,0.001697793,2.394557823,1767,3,1764,735
21667,GLASS CAKE COVER AND PLATE,354,6126.25,18.95809816,03-12-2009,12-01-2011,163,6,2.974789916,0.078125,0.871921182,320,25,295,406
21668,RED STRIPE CERAMIC DRAWER KNOB,10357,13912.17,1.641812725,01-12-2009,09-12-2011,825,12,23.97453704,0.008352535,14.01488498,10416,87,10329,739
21669,BLUE STRIPE CERAMIC DRAWER KNOB,10578,13839.18,1.568351648,01-12-2009,09-12-2011,805,14,25.73722628,0.009877003,14.31393775,10732,106,10626,739
21670,BLUE SPOT CERAMIC DRAWER KNOB,8845,12074.4,1.638290155,01-12-2009,09-12-2011,767,11,20.42725173,0.008134674,11.96887686,8851,72,8779,739
21671,RED SPOT CERAMIC DRAWER KNOB,9488,12339.32,1.613452055,01-12-2009,09-12-2011,727,15,24.14249364,0.017997036,12.83897158,9446,170,9276,739
21672,WHITE SPOT RED CERAMIC DRAWER KNOB,11120,14411.13,1.596831923,01-12-2009,09-12-2011,815,13,25.86046512,0.00557053,15.0473613,11130,62,11068,739
21673,WHITE SPOT BLUE CERAMIC DRAWER KNOB,10050,13272.39,1.632708333,01-12-2009,09-12-2011,763,14,23.75886525,0.010036052,13.59945873,10263,103,10160,739
21674,RIDGED GLASS PENDANT LAMPSHADE,43,680.85,16.50555556,07-12-2009,10-03-2010,9,3,4.777777778,0,0.457446809,36,0,36,94
21675,BUTTERFLIES STICKERS,1782,1576.84,1.04795539,02-12-2009,09-12-2011,268,9,8.865671642,0.006560962,2.414634146,1829,12,1817,738
21676,FLOWERS  STICKERS,1193,893.72,1.013836478,02-12-2009,05-12-2011,159,5,8.902985075,0,1.625340599,1212,0,1212,734
21677,HEARTS  STICKERS,2125,1859.38,0.998530466,01-12-2009,09-12-2011,279,6,10.16746411,0.016544118,2.875507442,2176,36,2140,739
21678,PAISLEY PATTERN  STICKERS,572,423,0.97425,02-12-2009,09-12-2011,80,6,7.835616438,0,0.775067751,582,0,582,738
21679,SKULLS  STICKERS,4871,4034.51,1.057493261,01-12-2009,07-12-2011,370,10,19.10196078,0.181634712,6.609226594,4955,900,4055,737
21680,WOODLAND  STICKERS,2858,2483.68,1.141003717,01-12-2009,09-12-2011,268,9,14.43434343,0.010200612,3.867388363,2941,30,2911,739
21681,GIANT MEDINA STAMPED METAL BOWL ,233,2234.81,10.156375,02-12-2009,22-02-2011,79,4,3.426470588,0.013274336,0.520089286,226,3,223,448
21682,LARGE MEDINA STAMPED METAL BOWL ,559,2767.59,5.280526316,03-12-2009,04-12-2011,152,7,4.140740741,0.007054674,0.763661202,567,4,563,732
21683,MEDIUM MEDINA STAMPED METAL BOWL ,936,2757.47,3.308627451,02-12-2009,05-12-2011,152,6,6.832116788,0.001082251,1.27520436,924,1,923,734
21684,SMALL MEDINA STAMPED METAL BOWL ,1696,1357.61,1.11,01-12-2009,09-12-2011,104,5,17.85263158,0.007715134,2.294993234,1685,13,1672,739
21685,MEDINA STAMPED METAL TRAY ,3,44.85,14.95,01-12-2009,02-12-2009,2,1,1.5,-1,1.5,-1,1,-2,2
21686,MEDINA STAMPED METAL STOOL,65,2460.14,39.29515152,11-12-2009,02-10-2011,33,1,1.96969697,0.116666667,0.098335855,60,7,53,661
21687,SILVER PLATE CANDLE BOWL LARGE,477,1871.23,4.647358491,01-12-2009,14-09-2010,101,2,6.194805195,0.002257336,1.65625,443,1,442,288
21688,SILVER PLATE CANDLE BOWL SMALL,912,2845.65,3.607957746,01-12-2009,30-11-2011,142,5,6.961832061,0.00952381,1.249315068,630,6,624,730
21689,SILVER VANILLA  FLOWER CANDLE POT,342,1268.12,4.104516129,07-12-2009,06-12-2011,60,3,6.218181818,0,0.468493151,21,0,21,730
21690,SILVER  CANDLEPOT JARDIN ,258,990.84,3.959545455,03-12-2009,30-01-2011,82,2,3.909090909,0,0.608490566,318,0,318,424
21691,SILVER VANILLA FLOWER CANDLE POT,249,960.99,3.988987342,01-12-2009,29-10-2010,72,2,4.293103448,0,0.747747748,220,0,220,333
21692,SILVER LATTICE VANILLA CANDLE POT,502,1906.62,4.022333333,01-12-2009,25-02-2011,111,3,5.456521739,0.010723861,1.110619469,373,4,369,452
21693,SMALL HAMMERED SILVER CANDLEPOT ,871,2648.62,3.38575,03-12-2009,06-12-2011,120,6,8.216981132,0,1.186648501,862,0,862,734
21694,SMALL REGAL  SILVER CANDLEPOT ,556,1593.16,3.275428571,01-12-2009,05-12-2011,70,2,8.825396825,0,0.756462585,580,0,580,735
21695,SMALL SILVER FLOWER CANDLE POT,630,1952.18,3.62754902,02-12-2009,08-12-2011,102,3,7,0.001529052,0.854816825,654,1,653,737
21696,SMALL SILVER TRELLIS CANDLEPOT,749,2251.14,3.254485981,03-12-2009,23-11-2011,107,5,7.884210526,0.189873418,1.038834951,158,30,128,721
21697,SET 5 MINI DOUGHNUT FRIDGE MAGNET ,372,295.08,1.491428571,07-12-2009,15-02-2010,7,6,62,0,5.23943662,-127,0,-127,71
21698,MOCK LOBSTER FRIDGE MAGNET,530,399.01,1.231696429,08-12-2009,07-12-2011,112,4,5.353535354,0,0.726027397,539,0,539,730
21699,SET 5 MINI CHOCOLATE FRIDGE MAGNETS,108,82.44,1.226666667,15-12-2009,15-02-2010,3,2,36,0,1.714285714,-44,0,-44,63
21700,BIG DOUGHNUT FRIDGE MAGNETS,6335,7028.51,3.240170455,01-12-2009,07-12-2011,525,20,20.50161812,0.023359073,8.595658073,5180,121,5059,737
21702,SET 5 MINI GATEAUX  FRIDGE MAGNETS,2636,918.68,1.3425,15-12-2009,15-02-2010,8,5,439.3333333,0,41.84126984,2259,0,2259,63
21703,BAG 125g SWIRLY MARBLES,14577,5646.47,0.496811092,02-12-2009,09-12-2011,561,12,41.88793103,0.011556397,19.75203252,14797,171,14626,738
21704,BAG 250g SWIRLY MARBLES,17175,13235.16,0.976498258,01-12-2009,09-12-2011,568,13,53.17337461,0.040568655,23.24086604,17304,702,16602,739
21705,BAG 500g SWIRLY MARBLES,2534,3145.71,1.807017544,01-12-2009,09-12-2011,225,5,17.72027972,0.010184097,3.428958051,2553,26,2527,739
21706,"FOLDING UMBRELLA , RED/WHITE SPOT",1348,5026.21,5.192204724,01-12-2009,07-12-2011,254,12,6.773869347,0.022058824,1.829036635,1360,30,1330,737
21707,"FOLDING UMBRELLA , BLACK/BLUE  SPOT",1005,4184.95,4.954418605,01-12-2009,06-12-2011,172,10,7.027972028,0,1.36548913,1010,0,1010,736
21708,FOLDING UMBRELLA  CREAM/MULTI  SPOT,611,2336.48,4.722538462,01-12-2009,05-12-2011,129,7,5.605504587,0.006514658,0.831292517,614,4,610,735
21709,FOLDING UMBRELLA  CHOC/WHITE  SPOT,696,2876.72,5.148717949,02-12-2009,04-12-2011,117,5,6.757281553,0,0.94952251,700,0,700,733
21710,FOLDING UMBRELLA  PINK/WHITE  SPOT,726,2235.01,4.934234234,01-12-2009,25-11-2011,110,9,7.5625,0.01504788,1.00137931,731,11,720,725
21711,FOLDING UMBRELLA  WHITE/RED  SPOT,382,1555.66,5.22915493,01-12-2009,24-11-2011,71,5,6.063492063,0,0.527624309,385,0,385,724
21713,CITRONELLA CANDLE FLOWERPOT,2733,5145.44,2.383939394,08-12-2009,06-12-2011,391,4,11.15510204,0.045993532,3.748971193,2783,128,2655,729
21714,CITRONELLA CANDLE GARDEN POT,4283,6182.39,1.758460076,07-12-2009,09-12-2011,522,5,15.35125448,0.016188714,5.843110505,4324,70,4254,733
21715,GIRLS VINTAGE TIN SEASIDE BUCKET,3553,8987.24,3.257576375,13-12-2009,08-12-2011,487,15,11.6875,0.009259259,4.893939394,3564,33,3531,726
21716,BOYS VINTAGE TIN SEASIDE BUCKET,3709,9397.07,3.336873747,13-12-2009,09-12-2011,496,15,12.32225914,0.002666667,5.101788171,3750,10,3740,727
21717,EASTER TIN BUCKET,1554,4039.63,2.927272727,02-12-2009,22-03-2011,176,12,14,0.005901639,3.264705882,1525,9,1516,476
21718,RED METAL BEACH SPADE ,4030,5250.3,1.667765957,14-12-2009,09-12-2011,467,7,13.80136986,0.012849024,5.550964187,4047,52,3995,726
21719,LOVELY BONBON STICKER SHEET,906,813.14,1.072657343,01-12-2009,05-12-2011,141,8,7.743589744,0,1.232653061,861,0,861,735
21720,CAKE SHOP  STICKER SHEET,1068,929.81,1.029553571,04-12-2009,26-07-2011,112,10,11.48387097,0.011090573,1.78,1082,12,1070,600
21721,CANDY SHOP  STICKER SHEET,1090,990.5,1.145410959,01-12-2009,02-12-2011,144,9,9.159663866,0.001754386,1.489071038,1140,2,1138,732
21722,SWEET PUDDING STICKER SHEET,347,327.75,1.154810127,01-12-2009,08-12-2011,79,5,4.957142857,0.008264463,0.470189702,363,3,360,738
21723,ALPHABET HEARTS STICKER SHEET,866,769.13,1.029632353,02-12-2009,05-12-2011,135,6,7.157024793,0,1.179836512,859,0,859,734
21724,PANDA AND BUNNIES STICKER SHEET,996,888.34,1.014357542,01-12-2009,09-12-2011,178,5,6.916666667,0.002129925,1.347767253,939,2,937,739
21725,SWEETIES  STICKERS,1135,1036.43,1.149770115,01-12-2009,17-11-2011,173,6,8.107142857,0.001725626,1.582984658,1159,2,1157,717
21726,MULTI HEARTS  STICKERS,1077,930.99,0.973417722,01-12-2009,07-12-2011,155,7,8.4140625,0.001879699,1.461329715,1064,2,1062,737
21728,METAL MEDINA LANTERN ,298,2773.11,13.71025,03-12-2009,23-07-2010,40,1,8.277777778,0.006849315,1.278969957,292,2,290,233
21729,SMALL MARAKESH METAL  LANTERN ,124,422.9,4.051290323,02-12-2009,18-01-2010,30,1,6.526315789,0,2.583333333,105,0,105,48
21730,GLASS STAR FROSTED T-LIGHT HOLDER,1115,5534.17,5.451111111,01-12-2009,07-12-2011,293,7,6.126373626,0.02992126,1.512890095,1270,38,1232,737
21731,RED TOADSTOOL LED NIGHT LIGHT,28910,48315.84,2.237496782,01-12-2009,09-12-2011,1537,22,55.27724665,0.033155832,39.12043302,29859,990,28869,739
21732,RED HANGING METAL STAR TLIGHT HLDR,925,3214.57,3.815666667,01-12-2009,28-09-2010,58,2,19.27083333,0.003215434,3.062913907,933,3,930,302
21733,RED HANGING HEART T-LIGHT HOLDER,17575,50346.49,3.096754044,01-12-2009,08-12-2011,1760,21,33.86319846,0.023683182,23.81436314,17903,424,17479,738
21734,SMALL MARAKESH LANTERN ON STICK,97,529.49,5.727666667,02-12-2009,10-03-2010,29,2,3.592592593,0.086956522,0.97979798,69,6,63,99
21735,TWO DOOR CURIO CABINET,853,11112.85,15.35282443,01-12-2009,16-09-2011,262,5,4.561497326,0.35443038,1.302290076,632,224,408,655
21736,GOLD SCROLL GLASS T-LIGHT HOLDER,193,393.69,2.343571429,04-12-2009,06-04-2011,27,2,7.423076923,0.011904762,0.394683027,252,3,249,489
21737,SET 3 WICKER LOG BASKETS,398,7362.66,19.86804878,01-12-2009,18-10-2010,164,4,3.553571429,0,1.236024845,397,0,397,322
21738,COSY SLIPPER SHOES SMALL  RED ,422,1322.63,3.500661765,01-12-2009,20-10-2011,131,4,4.795454545,0.00929368,0.612481858,538,5,533,689
21739,COSY SLIPPER SHOES SMALL GREEN,494,1451.85,3.05252809,02-12-2009,09-12-2011,177,7,4.116666667,0.001956947,0.669376694,511,1,510,738
21740,COSY SLIPPER SHOES LARGE RED,201,698.01,3.687910448,01-12-2009,30-05-2010,66,3,9.136363636,0,1.110497238,196,0,196,181
21741,COSY SLIPPER SHOES LARGE GREEN,701,2293.75,3.830260417,01-12-2009,16-11-2011,190,8,5.116788321,0.00135318,0.979050279,739,1,738,716
21742,LARGE ROUND WICKER PLATTER ,437,2647.28,6.052820513,01-12-2009,08-12-2011,193,3,2.819354839,0,0.592140921,442,0,442,738
21743,STAR PORTABLE TABLE LIGHT ,1288,3767.08,3.553675676,01-12-2009,13-09-2011,182,3,10.91525424,0.045843046,1.975460123,1287,59,1228,652
21744,SNOWFLAKE PORTABLE TABLE LIGHT ,898,2697.16,3.179144144,01-12-2009,24-11-2011,217,6,7.241935484,0.006593407,1.240331492,910,6,904,724
21745,GAOLERS KEYS DECORATIVE GARDEN ,2699,9201.49,3.953394309,01-12-2009,07-12-2011,486,10,8.356037152,0.006941907,3.662143826,2737,19,2718,737
21746,SMALL RED SPOT  WINDMILL,5965,7468.34,1.509516129,01-12-2009,29-11-2011,488,8,19.81727575,0.009715243,8.182441701,5970,58,5912,729
21747,SMALL SKULL WINDMILL,2049,2452.35,1.442337662,01-12-2009,30-11-2011,153,5,16.0078125,0.061463415,2.806849315,2050,126,1924,730
21749,LARGE RED SPOT WINDMILL,5657,10980.98,2.543461538,09-12-2009,29-11-2011,286,8,28.0049505,0.13020651,7.846047157,5714,744,4970,721
21750, LARGE SKULL WINDMILL,309,663.85,2.428548387,14-12-2009,08-11-2011,62,3,5.421052632,0.003194888,0.444604317,313,1,312,695
21752,GLASS CAKE STAND MIRRORED BASE,77,1244.81,17.71702703,02-12-2009,09-09-2010,37,6,2.566666667,0.25,0.273049645,28,7,21,282
21754,HOME BUILDING BLOCK WORD,7595,46516.99,6.587843795,01-12-2009,09-12-2011,2066,16,13.27797203,0.004970052,10.27740189,7847,39,7808,739
21755,LOVE BUILDING BLOCK WORD,5643,34836.02,6.681397787,01-12-2009,09-12-2011,1696,14,10.29744526,0.008486318,7.635994587,5774,49,5725,739
21756,BATH BUILDING BLOCK WORD,1612,9944.65,6.565616438,01-12-2009,08-12-2011,581,12,5.00621118,0.003594967,2.184281843,1669,6,1663,738
21757,LIGHTHOUSE PRINTED METAL SIGN,80,454.3,6.305813953,08-12-2009,17-02-2011,42,1,2.162162162,0,0.183066362,74,0,74,437
21758,VINTAGE SHELLS PRINT,135,1069.76,9.013417722,10-12-2009,01-12-2011,79,2,1.824324324,0,0.186980609,129,0,129,722
21759,METAL WALL SHELF UNIT WITH HOOKS,30,1274.47,54.18692308,13-01-2010,29-04-2010,13,2,2.727272727,0,0.280373832,23,0,23,107
21760,FRENCH STYLE WALL DRESSER,15,1740,116.9230769,01-03-2010,09-09-2010,12,2,1.25,0.222222222,0.077720207,9,2,7,193
21761,WOOD AND GLASS MEDICINE CABINET,65,1814.75,29.575,01-12-2009,04-12-2011,24,3,2.826086957,0.016393443,0.088555858,61,1,60,734
21763,VINTAGE WOODEN BAR STOOL,43,1157.9,27.95294118,31-01-2010,06-07-2011,17,5,2.529411765,0.111111111,0.082375479,27,3,24,522
21764,VINTAGE WOODEN PLATE RACK,17,659.15,39.49545455,08-12-2009,12-03-2010,11,4,1.888888889,0.071428571,0.178947368,14,1,13,95
21765,HANGING METAL BIRD BATH,371,3076.39,9.029794521,06-12-2009,15-11-2010,143,7,3.533333333,0.0234375,1.075362319,384,9,375,345
21767,FRENCH STYLE WIRE DOOR CABINET ,1,29.95,29.95,01-12-2009,01-12-2009,1,1,1,0,1,2,0,2,1
21768,WALL MOUNTED VINTAGE ORGANISER,497,6756.09,18.04335366,01-12-2009,15-11-2010,163,5,4.601851852,0.003984064,1.42,502,2,500,350
21769,VINTAGE POST OFFICE CABINET,123,7954.87,77.62666667,03-12-2009,07-12-2010,48,3,2.928571429,0.031007752,0.332432432,129,4,125,370
21770,OPEN CLOSED METAL SIGN,2991,14807.3,5.435674847,01-12-2009,08-12-2011,651,21,10.3137931,0.01621074,4.052845528,2961,48,2913,738
21772,VINTAGE METAL CAKE STAND CREAM ,1,12.75,12.75,05-01-2010,05-01-2010,1,1,1,0,1,-6,0,-6,1
21773,DECORATIVE ROSE BATHROOM BOTTLE,1642,1899.4,1.916387097,01-12-2009,08-12-2011,308,3,7.0472103,0.015015015,2.224932249,1665,25,1640,738
21774,DECORATIVE CATS BATHROOM BOTTLE,1711,2129.81,2.008216216,03-12-2009,09-12-2011,368,8,6.360594796,0.000572082,2.321573948,1748,1,1747,737
21775,DECORATIVE FLORE BATHROOM BOTTLE,874,1326.29,2.009496403,02-12-2009,08-12-2011,277,4,4.065116279,0.004530011,1.185888738,883,4,879,737
21777,RECIPE BOX WITH METAL HEART,1126,9075.51,9.097527174,01-12-2009,06-12-2010,367,4,5.60199005,0.018083183,3.035040431,1106,20,1086,371
21779,MA CAMPAGNE MINI WOODEN CHEST,301,1097.8,4.612272727,04-12-2009,15-01-2010,22,2,20.06666667,0.033333333,7,300,10,290,43
21780,MA CAMPAGNE 4 DRAWER WALL SHELF,203,1745.85,10.9125,08-12-2009,13-01-2010,32,3,14.5,0,5.486486486,178,0,178,37
21781,MA CAMPAGNE CUTLERY BOX,655,10125.72,16.54970027,01-12-2009,10-07-2011,363,8,2.729166667,0.071428571,1.115843271,630,45,585,587
21784,SHOE SHINE BOX ,290,3538.28,12.68859551,01-12-2009,01-09-2011,178,6,2.027972028,0.023890785,0.453125,293,7,286,640
21785,RAIN PONCHO ,2005,1514.63,0.990891089,04-12-2009,15-02-2011,100,6,24.75308642,0,4.567198178,1869,0,1869,439
21786,RAIN HAT WITH RED SPOTS,7471,3049.03,0.625032538,01-12-2009,09-12-2011,450,9,25.67353952,0.009048604,10.10960758,7736,70,7666,739
21787,RAIN PONCHO WITH RED SPOTS,15135,11926.08,1.036113445,25-03-2010,09-12-2011,469,13,51.83219178,0.034748272,24.216,15195,528,14667,625
21788,KIDS RAIN MAC BLUE,3375,2725.09,0.910422535,01-12-2009,06-12-2011,206,15,19.50867052,0.021445358,4.585597826,3404,73,3331,736
21789,KIDS RAIN MAC PINK,2920,2437.07,0.937692308,01-12-2009,02-12-2011,218,16,16.40449438,0.031186441,3.989071038,2950,92,2858,732
21790,VINTAGE SNAP CARDS,27244,23506.17,1.008572922,01-12-2009,09-12-2011,1888,16,48.65,0.007265049,36.86603518,27942,203,27739,739
21791,VINTAGE HEADS AND TAILS CARD GAME ,17604,22858.6,1.489977444,01-12-2009,09-12-2011,1313,23,35.85336049,0.057934373,23.82138024,18590,1077,17513,739
21792,CLASSIC FRENCH STYLE BASKET GREEN ,494,2517.88,5.968297872,20-01-2010,03-08-2011,141,2,4.371681416,0.026530612,0.88057041,490,13,477,561
21793,CLASSIC FRENCH STYLE BASKET BROWN,353,1627.36,5.173203883,20-01-2010,01-12-2011,102,2,4.152941176,0,0.51835536,313,0,313,681
21794,CLASSIC FRENCH STYLE BASKET NATURAL,713,3552.09,6.00247191,27-01-2010,25-10-2011,178,3,4.721854305,0.017906336,1.119309262,726,13,713,637
21795,SET OF 3 BLUE STRIPE BASKET,441,3734.94,13.154125,01-12-2009,11-08-2010,80,2,6.391304348,0.002237136,1.736220472,447,1,446,254
21796,SET OF 3 RED STRIPE BASKETS,324,2782.19,12.66208955,01-12-2009,11-08-2010,67,2,5.491525424,0,1.275590551,352,0,352,254
21801,CHRISTMAS TREE DECORATION WITH BELL,3398,1467.66,0.457760618,02-12-2009,30-10-2011,258,4,22.06493506,0.009682625,4.868194842,3718,36,3682,698
21802,CHRISTMAS TREE HEART DECORATION,4377,1917.2,0.489753846,02-12-2009,21-11-2011,323,6,23.28191489,0.00021106,6.079166667,4738,1,4737,720
21803,CHRISTMAS TREE STAR DECORATION,4463,1938.96,0.467708978,02-12-2009,09-12-2011,322,5,24.12432432,0,6.047425474,4835,0,4835,738
21804,WHITE CHRISTMAS GARLAND STARS TREES,597,2240.99,3.843380282,01-12-2009,02-12-2011,137,2,6.35106383,0.003174603,0.81557377,630,2,628,732
21805,WHITE CHRISTMAS TREE DECORATION ,2221,957.63,0.506571429,01-12-2009,21-11-2010,103,3,33.65151515,0,6.238764045,2220,0,2220,356
21806,WHITE CHRISTMAS HEART DECORATION,2707,1179.43,0.499393939,01-12-2009,29-11-2010,128,3,33.01219512,0,7.436813187,2774,0,2774,364
21807,WHITE CHRISTMAS STAR DECORATION,3225,1422.45,0.51247191,01-12-2009,22-11-2011,172,4,29.58715596,0.000599161,4.466759003,3338,2,3336,722
21808,"CHRISTMAS GARLAND STARS,TREES",1001,2715.53,3.601575342,01-12-2009,09-12-2011,144,5,10.11111111,0.045053869,1.354533153,1021,46,975,739
21809,CHRISTMAS HANGING TREE WITH BELL,3015,2427.89,1.237830189,01-12-2009,09-12-2011,207,6,22.84090909,0,4.079837618,2982,0,2982,739
21810,CHRISTMAS HANGING STAR WITH BELL,6959,4374.41,0.964916667,02-12-2009,09-12-2011,344,6,46.39333333,0.008453933,9.429539295,6979,59,6920,738
21811,CHRISTMAS HANGING HEART WITH BELL,6340,4577.18,1.154798995,01-12-2009,23-11-2011,382,8,30.19047619,0.007682458,8.769017981,6248,48,6200,723
21812,GARLAND WITH HEARTS AND BELLS,805,3917.49,5.59776699,01-12-2009,09-12-2011,205,9,5.551724138,0.038049941,1.089309878,841,32,809,739
21813,GARLAND WITH STARS AND BELLS,815,3761.41,5.460107527,01-12-2009,09-12-2011,184,5,6.572580645,0.024764151,1.102841678,848,21,827,739
21814,HEART T-LIGHT HOLDER ,670,1016.53,1.818888889,01-12-2009,29-11-2011,95,4,9.054054054,0,0.919067215,631,0,631,729
21815, STAR  T-LIGHT HOLDER ,679,1060.24,1.855425532,01-12-2009,23-11-2011,92,6,9.563380282,0.004950495,0.939142462,404,2,402,723
21816,CHRISTMAS TREE T-LIGHT HOLDER,422,637.34,1.699411765,01-12-2009,27-11-2011,50,4,11.10526316,0.002347418,0.580467675,426,1,425,727
21817,GLITTER CHRISTMAS TREE,1687,1077.19,0.733037037,01-12-2009,09-11-2011,130,3,19.61627907,0,2.379407616,1684,0,1684,709
21818,GLITTER CHRISTMAS HEART ,4196,2549.45,0.721,01-12-2009,07-12-2011,285,4,24.82840237,0,5.693351425,4304,0,4304,737
21819,GLITTER CHRISTMAS STAR ,3847,2247.14,0.711439689,01-12-2009,08-12-2011,248,6,29.82170543,0,5.212737127,3924,0,3924,738
21820,GLITTER HEART GARLAND WITH BELLS ,795,3132.39,4.692065217,01-12-2009,05-12-2011,180,4,5.977443609,0.047923323,1.081632653,626,30,596,735
21821,GLITTER STAR GARLAND WITH BELLS ,713,2866.6,4.836602564,01-12-2009,05-12-2011,153,4,6.922330097,0.017663043,0.970068027,736,13,723,735
21822,GLITTER CHRISTMAS TREE WITH BELLS,1010,1343.7,1.580136986,01-12-2009,09-12-2011,142,4,10.97826087,0.00795053,1.366711773,1132,9,1123,739
21823,PAINTED METAL HEART WITH HOLLY BELL,2468,2447.72,1.312477876,02-12-2009,15-11-2011,212,3,20.39669421,0.010012516,3.456582633,2397,24,2373,714
21824,PAINTED METAL STAR WITH HOLLY BELLS,2782,2351.46,1.122863636,02-12-2009,15-11-2011,211,5,23.77777778,0.008888889,3.896358543,2700,24,2676,714
21825,PAINTED METAL TREE WITH HOLLY BELLS,733,1053.19,1.546875,01-12-2009,14-11-2010,75,4,13.32727273,0.004392387,2.100286533,683,3,680,349
21826,EIGHT PIECE DINOSAUR SET,1800,2326.87,1.461726908,01-12-2009,16-03-2011,240,5,10.77844311,0.033627343,3.821656051,1814,61,1753,471
21827,EIGHT PIECE CREEPY CRAWLIE SET,835,1068.89,1.364825175,01-12-2009,29-03-2011,134,4,8.18627451,0.016229713,1.725206612,801,13,788,484
21828,EIGHT PIECE SNAKE  SET,1105,1396.62,1.479016393,01-12-2009,09-12-2011,180,5,7.416107383,0,1.49526387,1118,0,1118,739
21829,DINOSAUR KEYRINGS ASSORTED,15035,3242.18,0.264126214,01-12-2009,20-10-2011,409,13,53.50533808,0.022313156,21.82148041,12952,289,12663,689
21830,ASSORTED CREEPY CRAWLIES,7658,3185.6,0.461627907,04-12-2009,23-11-2011,256,4,39.4742268,0.103725782,10.63611111,6710,696,6014,720
21832,CHOCOLATE CALCULATOR,3338,5836.76,2.265948276,01-12-2009,09-12-2011,459,13,12.64393939,0.012212853,4.51691475,3439,42,3397,739
21833,CAMOUFLAGE LED TORCH,6239,10681.67,2.04894382,01-12-2009,09-12-2011,444,8,23.63257576,0.02944367,8.442489851,6453,190,6263,739
21836,GINGHAM OVEN GLOVE RED HEART ,249,1003.89,4.367821782,07-12-2009,20-01-2011,100,6,3.036585366,0.018018018,0.607317073,222,4,218,410
21837,CROSS STITCH ALPHABET CUSHION COVER,244,1622.64,7.640989011,01-12-2009,18-05-2010,91,4,3.8125,0.008810573,1.443786982,227,2,225,169
21838,DADDY MOUSE RED GINGHAM BOW TIE,1,5.45,5.45,02-12-2009,02-12-2009,1,1,1,0,1,-20,0,-20,1
21839,MUMMY MOUSE RED GINGHAM RIBBON,201,1085.59,5.499036145,01-12-2009,27-03-2011,83,2,2.716216216,0.013071895,0.417012448,153,2,151,482
21841,BABY MOUSE RED GINGHAM DRESS,437,1857.47,4.421641791,01-12-2009,29-11-2011,132,7,4.08411215,0.007915567,0.599451303,379,3,376,729
21842,PINK HEART CANDY BUTTON CALCULATOR,551,1308.74,3.01106383,01-12-2009,04-03-2010,47,4,20.40740741,0,5.861702128,531,0,531,94
21843,RETRO SPOT CAKE STAND,6128,64918.3,12.23963375,01-12-2009,09-12-2011,1527,18,11.71701721,0.097040272,8.292286874,6183,600,5583,739
21844,RETRO SPOT MUG,5374,15329.44,3.30796371,01-12-2009,06-12-2011,494,13,16.28484848,0.008818666,7.301630435,5443,48,5395,736
21845,DAIRY MAID STRIPE MUG,2521,3758.41,2.168544304,09-12-2009,28-11-2011,158,5,19.24427481,0.02519685,3.501388889,2540,64,2476,720
21846,PINK DIAMANTE PEN IN GIFT BOX,1601,3803.4,3.912264151,02-12-2009,08-12-2011,264,5,8.561497326,0.01637356,2.172320217,1649,27,1622,737
21847,GREEN  DIAMANTE PEN IN GIFT BOX,347,675.37,3.2625,08-12-2009,16-11-2011,71,2,5.982758621,0,0.489421721,348,0,348,709
21849,SILVER DIAMANTE PEN IN GIFT BOX,633,1483.51,3.719852941,02-12-2009,04-12-2011,134,2,5.861111111,0.145454545,0.863574352,660,96,564,733
21850,BLUE  DIAMANTE PEN IN GIFT BOX,447,1072.98,3.891981132,10-12-2009,06-12-2011,106,3,5.518518519,0.07826087,0.614855571,460,36,424,727
21851,LILAC DIAMANTE PEN IN GIFT BOX,628,1473.56,3.955771812,02-12-2009,05-12-2011,149,2,5.607142857,0,0.855585831,645,0,645,734
21852,EMPIRE TEDDY,2,13.9,6.95,04-12-2009,18-12-2009,2,1,1,0,0.133333333,6,0,6,15
21853,GUMBALL CUSTOM CARS TOP TRUMPS GAME,3,15.4,5.133333333,02-12-2009,19-04-2010,3,1,1,0,0.021582734,0,0,0,139
21854,EURO FOOTBALL STARS TOP TRUMPS GAME,1,5.17,5.17,04-12-2009,04-12-2009,1,1,1,0,1,-1,0,-1,1
21857,STAR WARS TOP TRUMPS GAME,2,10.23,5.115,11-01-2010,20-01-2010,2,1,1,0,0.2,1,0,1,10
21858,HIGH SCHOOL MUSICAL 3 TOP TRUMPS ,2,10.23,5.115,10-12-2009,08-03-2010,2,1,1,0,0.02247191,-14,0,-14,89
21860,DR WHO TOP TRUMPS GAME,1,5.17,5.17,02-12-2009,02-12-2009,1,1,1,0,1,1,0,1,1
21864,UNION JACK FLAG PASSPORT COVER ,1853,4431.54,2.754820144,01-12-2009,09-12-2011,411,5,6.762773723,0.020356234,2.50744249,1965,40,1925,739
21865,PINK UNION JACK  PASSPORT COVER ,896,2085.64,2.605766667,01-12-2009,08-12-2011,297,3,3.878787879,0.006912442,1.214092141,868,6,862,738
21866,UNION JACK FLAG LUGGAGE TAG,2168,3591.5,1.770434783,01-12-2009,08-12-2011,453,6,7.01618123,0.011225864,2.937669377,2227,25,2202,738
21867,PINK UNION JACK  LUGGAGE TAG,1144,1562.87,1.538172757,01-12-2009,08-12-2011,288,3,5.2,0,1.550135501,1182,0,1182,738
21868,POTTING SHED TEA MUG,9075,11163.64,1.617162162,01-12-2009,05-12-2011,881,6,22.91666667,0.022308438,12.34693878,9279,207,9072,735
21869,POTTING SHED COFFEE MUG,1264,1469.58,1.348125,01-12-2009,23-05-2010,111,2,19.75,0.014873141,7.264367816,1143,17,1126,174
21870,I CAN ONLY PLEASE ONE PERSON MUG,6083,7627.49,1.53648265,01-12-2009,24-08-2011,630,6,19.12893082,0.01522285,9.625,6372,97,6275,632
21871,SAVE THE PLANET MUG,11492,13654.89,1.733651399,01-12-2009,09-12-2011,779,13,29.16751269,0.069395477,15.55074425,11629,807,10822,739
21872,GLAMOROUS  MUG,5092,5163.8,1.541054217,02-12-2009,09-12-2011,330,8,21.30543933,0.006829268,6.899728997,5125,35,5090,738
21873,IF YOU CAN'T STAND THE HEAT MUG,2010,2360.01,1.670954774,02-12-2009,08-12-2011,199,5,12.5625,0.043771044,2.727272727,2079,91,1988,737
21874,GIN AND TONIC MUG,6332,8209.17,1.814602917,02-12-2009,09-12-2011,617,9,17.5401662,0.004469102,8.579945799,6489,29,6460,738
21875,KINGS CHOICE MUG,6818,7882.08,1.702043269,01-12-2009,09-12-2011,414,5,24.00704225,0.010349854,9.225981055,6860,71,6789,739
21876,POTTERING MUG,5663,7351.25,1.982788462,01-12-2009,09-12-2011,623,3,15.99717514,0.014839385,7.663058187,5728,85,5643,739
21877,HOME SWEET HOME MUG,14054,15954.75,1.578084544,01-12-2009,09-12-2011,755,13,34.1946472,0.077588055,19.01759134,13997,1086,12911,739
21878,PACK OF 6 SANDCASTLE FLAGS ASSORTED,5586,4586.48,1.059170732,25-03-2010,08-12-2011,403,7,23.56962025,0.075232309,8.951923077,5596,421,5175,624
21879,HEARTS GIFT TAPE,1567,664.84,0.749477124,04-12-2009,09-12-2011,152,7,15.21359223,0,2.129076087,1579,0,1579,736
21880,RED AND WHITE SPOT TAPE,2483,1289.83,0.652333333,02-12-2009,07-12-2011,329,14,10.61111111,0.00952759,3.373641304,2519,24,2495,736
21881,CUTE CATS TAPE,1332,554.95,0.832966102,02-12-2009,08-12-2011,118,7,13.875,0,1.807327001,1345,0,1345,737
21882,SKULLS TAPE,1052,499.44,0.775289256,02-12-2009,28-11-2011,119,7,10.62626263,0,1.447042641,1064,0,1064,727
21883,STARS GIFT TAPE ,2348,1199.48,0.736637168,01-12-2009,07-12-2011,226,11,14.49382716,0.00041425,3.185888738,2414,1,2413,737
21884,CAKES AND BOWS GIFT  TAPE,1448,663.61,0.990310559,02-12-2009,04-12-2011,161,8,11.13846154,0,1.975443383,1455,0,1455,733
21888,BINGO SET,3520,13862.17,4.600822249,01-12-2009,05-12-2011,825,19,8.979591837,0.028571429,4.789115646,3535,101,3434,735
21889,WOODEN BOX OF DOMINOES,12805,17095.66,1.552057793,01-12-2009,09-12-2011,1123,16,28.97058824,0.011714027,17.32746955,13232,155,13077,739
21890,S/6 WOODEN SKITTLES IN COTTON BAG,3489,10451.6,3.727256318,01-12-2009,09-12-2011,547,15,10.86915888,0.003519062,4.721244926,3410,12,3398,739
21891,TRADITIONAL WOODEN SKIPPING ROPE,12142,15547.75,1.536589057,01-12-2009,08-12-2011,835,18,31.8687664,0.007895386,16.45257453,12159,96,12063,738
21892,TRADITIONAL WOODEN CATCH CUP GAME ,7826,10151.28,1.570631704,01-12-2009,09-12-2011,818,15,19.91348601,0.006842372,10.58998647,7892,54,7838,739
21893,POTTING SHED SEED TIN,172,587.8,5.4975,01-12-2009,15-02-2010,20,2,11.46666667,0,2.233766234,152,0,152,77
21894,POTTING SHED SEED ENVELOPES,1320,1836.14,1.739678715,02-12-2009,08-12-2011,247,5,6.804123711,0,1.791044776,1312,0,1312,737
21895,POTTING SHED SOW 'N' GROW SET,555,1718.63,4.853139535,01-12-2009,09-12-2010,85,4,8.538461538,0.007518797,1.483957219,532,4,528,374
21896,POTTING SHED TWINE,2387,4944.04,2.489829352,01-12-2009,06-12-2011,290,7,10.89954338,0.00589722,3.243206522,2374,14,2360,736
21897,POTTING SHED CANDLE CITRONELLA,866,2641.36,3.107037037,01-12-2009,27-04-2011,106,4,9.730337079,0.005494505,1.688109162,910,5,905,513
21898,POTTING SHED ROSE CANDLE,827,2538.81,3.001623932,01-12-2009,27-04-2011,113,3,8.989130435,0,1.61208577,812,0,812,513
21899,"KEY FOB , GARAGE DESIGN",6676,4322.47,0.81022187,01-12-2009,08-12-2011,622,6,17.70822281,0.009844255,9.046070461,6806,67,6739,738
21900,"KEY FOB , SHED",8323,5529.14,0.865005889,01-12-2009,09-12-2011,835,5,19.4009324,0.000719011,11.26251691,6954,5,6949,739
21901,"KEY FOB , BACK DOOR ",6158,4061.51,0.809490806,01-12-2009,09-12-2011,688,4,15.87113402,0.02428186,8.332882273,6301,153,6148,739
21902,"KEY FOB , FRONT  DOOR ",5359,3408.03,0.779836735,01-12-2009,09-12-2011,474,6,17.62828947,0.011185243,7.251691475,5096,57,5039,739
21903,MAN FLU METAL SIGN,3436,6908.87,2.436167076,03-12-2009,08-12-2011,407,7,11.72696246,0.004602992,4.668478261,3476,16,3460,736
21904,HOUSE WRECKING METAL SIGN ,757,1201.52,2.090205479,08-12-2009,25-05-2011,145,2,6.154471545,0.131081081,1.417602996,740,97,643,534
21905,MORE BUTTER METAL SIGN ,1615,2141.07,1.688403042,06-12-2009,09-12-2011,263,5,7.764423077,0.001231527,2.20027248,1624,2,1622,734
21906,PHARMACIE FIRST AID TIN,1786,12879.46,8.386713615,06-12-2009,09-12-2011,424,19,6.288732394,0.021990104,2.433242507,1819,40,1779,734
21907,I'M ON HOLIDAY METAL SIGN,5163,10866.22,2.283719434,29-01-2010,07-12-2011,771,15,12.71674877,0.004048583,7.615044248,5187,21,5166,678
21908,CHOCOLATE THIS WAY METAL SIGN,9678,19125.98,2.460213632,01-12-2009,09-12-2011,974,16,19.91358025,0.003243791,13.09607578,9865,32,9833,739
21910,WAY OUT METAL SIGN ,1066,1398.18,1.761531532,03-12-2009,16-02-2011,111,5,11.58695652,0,2.41723356,1039,0,1039,441
21911,GARDEN METAL SIGN ,2546,4080.85,2.044550725,01-12-2009,15-04-2011,344,7,12.4195122,0.004716981,5.081836327,2544,12,2532,501
21912,VINTAGE SNAKES & LADDERS,3734,14651.33,4.679349398,01-12-2009,09-12-2011,828,19,9.063106796,0.019984223,5.052774019,3803,76,3727,739
21913,VINTAGE SEASIDE JIGSAW PUZZLES,1129,4302.48,4.348595318,01-12-2009,08-12-2011,298,14,4.908695652,0.003457217,1.529810298,1157,4,1153,738
21914,BLUE HARMONICA IN BOX ,12957,17725.36,1.448534836,01-12-2009,09-12-2011,963,17,34.83064516,0.010864645,17.53315291,13254,144,13110,739
21915,RED  HARMONICA IN BOX ,36289,42664.54,1.399408341,04-12-2009,07-12-2011,1025,20,88.29440389,0.023350601,49.4400545,38029,888,37141,734
21916,SET 12 RETRO WHITE CHALK STICKS,11011,4751.06,0.517406897,01-12-2009,09-12-2011,713,8,27.05405405,0.020172136,14.89986468,11154,225,10929,739
21917,SET 12 KIDS  WHITE CHALK STICKS,8010,3324.22,0.496857749,01-12-2009,08-12-2011,467,15,26.09120521,0.002598367,10.85365854,8082,21,8061,738
21918,SET 12 KIDS COLOUR  CHALK STICKS,14598,6013.14,0.522289308,01-12-2009,09-12-2011,788,20,35.26086957,0.002983211,19.75372124,14414,43,14371,739
21919,Electronic Talking Breath-A-Loser,6,30.47,5.082,14-12-2009,07-10-2010,5,1,1.2,0,0.020134228,5,0,5,298
21922,UNION STRIPE WITH FRINGE  HAMMOCK,1443,11199.18,8.857429306,11-04-2010,08-12-2011,388,10,6.166666667,0.018569464,2.377265239,1454,27,1427,607
21923,RED/CREAM STRIPE FRINGE HAMMOCK,337,2662.64,8.584369748,03-12-2009,03-08-2010,119,5,4.493333333,0.005333333,1.381147541,375,2,373,244
21924,BLUE/CREAM STRIPE FRINGE HAMMOCK,315,2486.66,8.614596774,02-12-2009,18-10-2010,123,4,3.795180723,0.029069767,0.981308411,344,10,334,321
21925,UNION STRIPE CUSHION COVER ,1201,1562.33,1.577514793,11-04-2010,06-12-2011,167,2,9.764227642,0.014790468,1.985123967,1217,18,1199,605
21926,RED/CREAM STRIPE CUSHION COVER ,1009,1325.27,1.596122449,11-04-2010,08-12-2011,147,4,8.773913043,0.025717112,1.662273476,1011,26,985,607
21927,BLUE/CREAM STRIPE CUSHION COVER ,1260,1728.24,1.687823834,11-04-2010,01-12-2011,192,4,8.235294118,0.050309598,2.1,1292,65,1227,600
21928,JUMBO BAG SCANDINAVIAN PAISLEY,24268,46202.52,2.476015474,01-12-2009,09-12-2011,1542,12,46.66923077,0.01190236,32.83897158,24785,295,24490,739
21929,JUMBO BAG PINK VINTAGE PAISLEY,25608,49651.99,2.502973636,01-12-2009,09-12-2011,1619,15,48.96367113,0.010674201,34.65223275,25482,272,25210,739
21930,JUMBO STORAGE BAG SKULLS,13390,27368.08,2.528616305,01-12-2009,09-12-2011,1321,11,26.05058366,0.000439335,18.11907984,13657,6,13651,739
21931,JUMBO STORAGE BAG SUKI,29182,61537.55,2.53337585,01-12-2009,09-12-2011,2329,17,50.40069085,0.013218099,39.48849797,29505,390,29115,739
21932,SCANDINAVIAN PAISLEY PICNIC BAG,3871,8498.61,2.427794793,02-12-2009,09-12-2011,649,13,11.76595745,0.008742607,5.245257453,3889,34,3855,738
21933,PINK VINTAGE PAISLEY PICNIC BAG,4116,9087.63,2.437531646,02-12-2009,08-12-2011,625,13,12.98422713,0.005059022,5.584803256,4151,21,4130,737
21934,SKULL SHOULDER BAG,4597,8275.22,2.196657497,01-12-2009,09-12-2011,725,9,11.57934509,0.013123924,6.220568336,4648,61,4587,739
21935,SUKI  SHOULDER BAG,7127,13103.21,2.310639913,01-12-2009,09-12-2011,921,16,16.53596288,0.018156618,9.644113667,7215,131,7084,739
21936,RED/WHITE SPOT PICNIC BAG,7805,22741.31,3.631169202,02-12-2009,09-12-2011,1046,21,18.19347319,0.018256096,10.57588076,7833,143,7690,738
21937,STRAWBERRY   PICNIC BAG,4100,12038.82,3.605083207,02-12-2009,04-12-2011,657,13,14.18685121,0.014413519,5.593451569,4024,58,3966,733
21942,SKULLS DESIGN FLANNEL,1672,1136.28,1.253665158,01-12-2009,09-12-2011,221,4,11.22147651,0.014209591,2.262516915,1689,24,1665,739
21943,CAKES AND RABBITS DESIGN FLANNEL ,591,529.16,1.103422819,07-12-2009,08-12-2011,149,7,5.008474576,0,0.807377049,593,0,593,732
21944,KITTENS DESIGN FLANNEL,1789,1106.01,1.150585366,02-12-2009,08-12-2011,204,7,12.59859155,0.001112347,2.427408412,1798,2,1796,737
21945,STRAWBERRIES  DESIGN FLANNEL ,1862,1307.1,1.256528926,01-12-2009,09-12-2011,240,7,11.1497006,0.000525486,2.51962111,1903,1,1902,739
21946,PARTY TIME DESIGN FLANNEL,625,358.97,0.999552239,07-12-2009,08-12-2011,67,6,10.77586207,0,0.853825137,625,0,625,732
21947,SET OF 6 HEART CHOPSTICKS,1675,2302.81,1.719407895,01-12-2009,09-12-2011,298,12,7.827102804,0,2.266576455,1711,0,1711,739
21948,SET OF 6 CAKE CHOPSTICKS,2293,2921.36,1.875576208,01-12-2009,07-12-2011,267,7,10.97129187,0,3.111261872,2310,0,2310,737
21949,SET OF 6 STRAWBERRY CHOPSTICKS,2598,3164.18,1.766777778,01-12-2009,09-12-2011,269,11,13.81914894,0.002276176,3.51556157,2636,6,2630,739
21950,SET OF 6 DOTS CHOPSTICKS,211,263.63,2.399444444,03-12-2009,01-04-2010,18,1,14.06666667,0.942708333,1.758333333,192,181,11,120
21955,UNION JACK GUNS & ROSES  DOORMAT,3911,23734.4,8.588896458,01-12-2009,09-12-2011,729,9,10.51344086,0.007159294,5.292286874,3911,28,3883,739
21967,PACK OF 12 SKULL TISSUES,15652,4401.44,0.419834711,01-12-2009,09-12-2011,479,13,52.87837838,0,21.17997294,15410,0,15410,739
21972,SET OF 36 DINOSAUR PAPER DOILIES,1055,1560.82,1.644502924,02-12-2009,01-12-2011,171,11,7.644927536,0.001893939,1.445205479,1056,2,1054,730
21973,SET OF 36 MUSHROOM PAPER DOILIES,1670,2420.03,1.795619048,02-12-2009,28-11-2011,210,17,10.30864198,0.007936508,2.297111417,1638,13,1625,727
21974,SET OF 36 PAISLEY FLOWER DOILIES,7046,10622.15,1.989320988,02-12-2009,08-12-2011,808,18,16.6572104,0.01996008,9.560379919,7014,140,6874,737
21975,PACK OF 60 DINOSAUR CAKE CASES,31332,15236.62,0.630082769,01-12-2009,08-12-2011,1303,24,60.72093023,0.003768804,42.45528455,31575,119,31456,738
21976,PACK OF 60 MUSHROOM CAKE CASES,14570,7792.37,0.770362694,01-12-2009,09-12-2011,950,24,30.67368421,0.003711702,19.71583221,14818,55,14763,739
21977,PACK OF 60 PINK PAISLEY CAKE CASES,56061,28081.73,0.711244444,01-12-2009,09-12-2011,1993,24,99.22300885,0.003856041,75.86062246,56794,219,56575,739
21980,PACK OF 12 RED SPOTTY TISSUES ,31337,8650.14,0.386176471,01-12-2009,09-12-2011,676,17,80.55784062,0.006846059,42.40460081,31551,216,31335,739
21981,PACK OF 12 WOODLAND TISSUES ,26204,7129.46,0.465230496,02-12-2009,09-12-2011,553,16,82.92405063,0.001176381,35.50677507,26352,31,26321,738
21982,PACK OF 12 SUKI TISSUES ,32086,10395.88,0.450874317,07-12-2009,09-12-2011,718,12,87.66666667,0.001147928,43.77353342,32232,37,32195,733
21983,PACK OF 12 BLUE PAISLEY TISSUES ,6118,1875.02,0.416116208,02-12-2009,09-12-2011,325,10,23.80544747,0.011474104,8.2899729,6275,72,6203,738
21984,PACK OF 12 PINK PAISLEY TISSUES ,25351,7023.95,0.411343964,02-12-2009,09-12-2011,432,13,83.11803279,0.006577659,34.35094851,25541,168,25373,738
21985,PACK OF 12 HEARTS DESIGN TISSUES ,25523,8972.11,0.408197425,01-12-2009,08-12-2011,919,13,57.48423423,0.004201027,34.58401084,25708,108,25600,738
21986,PACK OF 12 PINK SPOT TISSUES ,13476,4786.13,0.412938689,01-12-2009,09-12-2011,469,13,44.62251656,0.00177305,18.23545332,13536,24,13512,739
21987,PACK OF 6 SKULL PAPER CUPS,6417,3988.06,0.730992366,01-12-2009,09-12-2011,385,15,22.28125,0.04675365,8.683355886,6438,301,6137,739
21988,PACK OF 6 SKULL PAPER PLATES,7829,5820.1,0.951273585,06-12-2009,06-12-2011,416,16,26.90378007,0.07332909,10.70998632,7855,576,7279,731
21989,PACK OF 20 SKULL PAPER NAPKINS,8552,6790.7,1.080196375,01-12-2009,09-12-2011,654,17,22.04123711,0.072693383,11.57239513,8584,624,7960,739
21990,MODERN FLORAL STATIONERY SET,2453,4530.54,2.26582,01-12-2009,09-12-2011,497,10,8.792114695,0.0048,3.319350474,2500,12,2488,739
21991,BOHEMIAN COLLAGE STATIONERY SET,1103,1927.54,2.241917808,02-12-2009,08-12-2011,289,3,5.62755102,0.010733453,1.49660787,1118,12,1106,737
21992,VINTAGE PAISLEY STATIONERY SET,3320,6744.8,2.416601208,02-12-2009,15-11-2011,656,10,9.567723343,0.00173913,4.649859944,3450,6,3444,714
21993,FLORAL FOLK STATIONERY SET,2849,5216.88,2.261327586,01-12-2009,09-12-2011,577,11,9.102236422,0.004127967,3.855209743,2907,12,2895,739
22016,Dotcomgiftshop Gift Voucher £100.00,1,83.33,83.33,02-08-2011,02-08-2011,1,1,1,0,1,12,0,12,1
22021,BLUE FELT EASTER EGG BASKET,1413,2430.31,1.789117647,14-12-2009,21-03-2011,233,7,13.20560748,0.00845666,3.051835853,1419,12,1407,463
22023,EMPIRE BIRTHDAY CARD,4975,2076.77,0.530232019,01-12-2009,08-12-2011,430,7,17.45614035,0.002347418,6.741192412,5112,12,5100,738
22024,RAINY LADIES BIRTHDAY CARD,5391,2257,0.557927107,01-12-2009,09-12-2011,439,11,18.09060403,0.006681514,7.294993234,5388,36,5352,739
22025,RING OF ROSES BIRTHDAY CARD,3970,1641.64,0.537128028,01-12-2009,09-12-2011,288,11,18.04545455,0.003014318,5.372124493,3981,12,3969,739
22026,BANQUET BIRTHDAY  CARD  ,4029,1717.47,0.534836066,01-12-2009,09-12-2011,366,10,15.14661654,0.002951303,5.451962111,4066,12,4054,739
22027,TEA PARTY BIRTHDAY CARD,11297,4806.49,0.522479339,01-12-2009,09-12-2011,845,19,25.38651685,0.019897024,15.28687415,11459,228,11231,739
22028,PENNY FARTHING BIRTHDAY CARD,6344,2665.13,0.531181102,01-12-2009,09-12-2011,507,17,19.76323988,0.003810734,8.584573748,6298,24,6274,739
22029,SPACE BOY BIRTHDAY CARD,17602,7280.76,0.508278986,01-12-2009,09-12-2011,1101,19,36.14373717,0.003352892,23.81867388,17895,60,17835,739
22030,SWALLOWS GREETING CARD,12735,5197.84,0.464733045,01-12-2009,08-12-2011,685,12,34.23387097,0.009658725,17.25609756,12424,120,12304,738
22031,BOTANICAL LAVENDER BIRTHDAY CARD,1125,493.99,0.517183099,01-12-2009,09-12-2011,142,3,9.533898305,0.01055409,1.52232747,1137,12,1125,739
22032,BOTANICAL LILY GREETING CARD,980,418.12,0.465225225,03-12-2009,25-11-2011,111,7,10.76923077,0,1.355463347,980,0,980,723
22033,BOTANICAL ROSE GREETING CARD,1603,681.93,0.481640625,03-12-2009,22-11-2011,128,6,14.84259259,0,2.226388889,1485,0,1485,720
22034,ROBIN CHRISTMAS CARD,1617,673.49,0.451170213,01-12-2009,25-11-2011,94,9,26.50819672,0.020016681,2.230344828,1199,24,1175,725
22035,VINTAGE CARAVAN GREETING CARD ,4083,1731.24,0.554127424,01-12-2009,31-10-2011,360,8,16.07480315,0.012548015,5.832857143,3905,49,3856,700
22036,DINOSAUR BIRTHDAY CARD,1649,695.11,0.497407407,01-12-2009,04-10-2010,135,6,17,0.03992629,5.353896104,1628,65,1563,308
22037,ROBOT BIRTHDAY CARD,7054,3035.7,0.521748031,01-12-2009,09-12-2011,634,14,20.50581395,0.001682086,9.545331529,7134,12,7122,739
22038,BOTANICAL LAVENDER GIFT WRAP ,1150,481,0.418222222,22-12-2009,06-12-2011,45,5,25.55555556,0,1.608391608,1150,0,1150,715
22039,BOTANICAL LILY GIFT WRAP,850,353,0.414666667,22-12-2009,25-10-2011,30,3,30.35714286,0.029411765,1.263001486,850,25,825,673
22040,BOTANICAL ROSE GIFT WRAP,2815,1144.3,0.416595745,04-12-2009,17-11-2011,94,6,32.73255814,0,3.942577031,2815,0,2815,714
22041,"RECORD FRAME 7"" SINGLE SIZE ",7540,18650.87,3.55525,01-12-2009,09-12-2011,555,5,23.86075949,0.005342832,10.202977,7861,42,7819,739
22042,CHRISTMAS CARD SINGING ANGEL,1738,627.19,0.406899225,01-12-2009,06-12-2011,128,8,19.97701149,0.01459854,2.361413043,1644,24,1620,736
22043,CHRISTMAS CARD SCREEN PRINT ,2197,619.25,0.333174603,06-12-2009,02-12-2011,125,7,23.62365591,0.005476951,3.022008253,2191,12,2179,727
22044,CHRISTMAS CARD STACK OF PRESENTS,1940,550.28,0.324157303,01-12-2009,07-11-2011,89,5,32.33333333,0.007361268,2.743988685,1766,13,1753,707
22045,SPACE BOY GIFT WRAP,14542,5981.64,0.418900634,04-12-2009,08-12-2011,473,19,46.60897436,0.007158928,19.78503401,14667,105,14562,735
22046,TEA PARTY  WRAPPING PAPER ,6375,2613.5,0.418461538,02-12-2009,08-12-2011,208,16,37.28070175,0.005333333,8.649932157,6375,34,6341,737
22047,EMPIRE GIFT WRAP,8250,3351,0.417931034,02-12-2009,05-12-2011,261,7,41.25,0.030120482,11.23978202,8300,250,8050,734
22048,BIRTHDAY BANQUET GIFT WRAP,2815,1166.3,0.419215686,04-12-2009,05-12-2011,102,9,30.93406593,0.008802817,3.845628415,2840,25,2815,732
22049,WRAP CHRISTMAS SCREEN PRINT,3500,1015.75,0.296,02-12-2009,20-10-2011,114,6,48.61111111,0.014184397,5.087209302,3525,50,3475,688
22050,PINK PAISLEY ROSE GIFT WRAP,3300,1354,0.418608696,04-12-2009,05-12-2011,115,12,32.35294118,0.015384615,4.508196721,3250,50,3200,732
22051,BLUE SCANDINAVIAN PAISLEY WRAP,3175,1317.5,0.419310345,01-12-2009,24-11-2011,116,10,29.6728972,0,4.385359116,2925,0,2925,724
22052,VINTAGE CARAVAN GIFT WRAP,3525,1460.5,0.418125,04-12-2009,11-07-2011,128,10,32.94392523,0.014285714,6.025641026,3500,50,3450,585
22053,EMPIRE DESIGN ROSETTE,4551,4020.89,1.508390805,03-12-2009,08-11-2011,87,4,60.68,0.000439271,6.446175637,4553,2,4551,706
22054,MINI CAKE STAND HANGING HEARTS,361,655.01,2.153589744,01-12-2009,08-03-2010,74,4,7.847826087,0.03943662,3.683673469,355,14,341,98
22055,MINI CAKE STAND  HANGING STRAWBERY,4925,8179.19,2.162878179,01-12-2009,08-12-2011,724,13,13.56749311,0.01030303,6.673441734,4950,51,4899,738
22056,CERAMIC PLATE LOVE HEART DESIGN,607,656.87,1.943529412,08-12-2009,27-07-2010,34,3,20.23333333,0.001686341,2.61637931,593,1,592,232
22057,CERAMIC PLATE STRAWBERRY DESIGN,3060,4011.73,2.046153846,03-12-2009,08-12-2011,260,7,16.81318681,0.026814912,4.157608696,3058,82,2976,736
22058,CERAMIC LOVE HEARTS DESIGN MUG,520,795.72,1.663181818,01-12-2009,21-11-2010,103,3,6.842105263,0.015384615,1.460674157,520,8,512,356
22059,CERAMIC STRWBERRY DESIGN MUG,4940,6639.03,1.772914046,03-12-2009,09-12-2011,458,13,16.09120521,0.012785208,6.702849389,5084,65,5019,737
22060,LARGE CAKE STAND HANGING HEARTS,733,5691.41,9.867515528,04-12-2009,23-05-2011,158,8,5.682170543,0.036111111,1.367537313,720,26,694,536
22061,LARGE CAKE STAND  HANGING STRAWBERY,2171,19121.37,11.22291747,02-12-2009,09-12-2011,520,13,6.659509202,0.052535404,2.941734417,2189,115,2074,738
22062,CERAMIC BOWL WITH LOVE HEART DESIGN,761,1248.15,2.398106061,01-12-2009,14-10-2011,126,5,6.794642857,0.008313539,1.11420205,842,7,835,683
22063,CERAMIC BOWL WITH STRAWBERRY DESIGN,2303,6356.06,3.64509589,01-12-2009,08-12-2011,356,11,9.066929134,0.006875806,3.120596206,2327,16,2311,738
22064,PINK DOUGHNUT TRINKET POT ,6606,10592.66,2.142932011,01-12-2009,09-12-2011,693,16,17.0257732,0.020560191,8.939106901,6712,138,6574,739
22065,CHRISTMAS PUDDING TRINKET POT ,8640,6273.84,1.423765957,01-12-2009,09-12-2011,456,10,42.77227723,0.005227867,11.69147497,8799,46,8753,739
22066,LOVE HEART TRINKET POT,3435,2729.16,1.155071429,04-12-2009,06-12-2011,273,9,16.67475728,0.00318011,4.68622101,3459,11,3448,733
22067,CHOC TRUFFLE GOLD TRINKET POT ,1855,3019.32,2.096968504,02-12-2009,08-12-2011,252,10,9.32160804,0.010498688,2.516960651,1905,20,1885,737
22068, BLACK PIRATE TREASURE CHEST,1112,1979.82,2.250359712,01-12-2009,09-12-2011,276,4,5.398058252,0.012291484,1.50473613,1139,14,1125,739
22069, BROWN  PIRATE TREASURE CHEST ,968,2164.63,2.96394052,01-12-2009,09-12-2011,267,5,5.289617486,0,1.309878214,986,0,986,739
22070,SMALL RETRO SPOT MUG IN BOX  RED,1835,5701.49,4.035771605,01-12-2009,09-12-2011,320,16,7.677824268,0.182946573,2.48308525,1853,339,1514,739
22071,SMALL RETRO SPOT MUG IN BOX  WHITE,1530,4355.88,3.862384615,01-12-2009,09-12-2011,256,15,7.65,0.199097938,2.070365359,1552,309,1243,739
22072,TEA CUP AND SAUCER RETRO SPOT,2405,9231.01,4.430304762,01-12-2009,09-12-2011,511,8,7.808441558,0.020169423,3.254397835,2479,50,2429,739
22073,RETRO SPOT STORAGE JAR,2124,8457.89,4.620698152,01-12-2009,04-05-2011,474,16,7.585714286,0.021647059,4.084615385,2125,46,2079,520
22074,6 RIBBONS SHIMMERING PINKS ,2156,2216.34,1.519587629,03-12-2009,09-12-2011,287,8,11.05641026,0.005542725,2.925373134,2165,12,2153,737
22075,6 RIBBONS ELEGANT CHRISTMAS ,3079,4660.69,1.811432507,01-12-2009,09-12-2011,358,7,15.47236181,0.003546099,4.166441137,3384,12,3372,739
22076,6 RIBBONS EMPIRE  ,2353,3490.19,1.729155673,01-12-2009,09-12-2011,375,10,9.374501992,0,3.184032476,2392,0,2392,739
22077,6 RIBBONS RUSTIC CHARM,17238,31513.11,2.110567416,01-12-2009,09-12-2011,1751,22,34,0.007099101,23.32611637,17467,124,17343,739
22078,RIBBON REEL LACE DESIGN ,3984,8449.94,2.496919918,02-12-2009,09-12-2011,480,12,12.56782334,0.009877827,5.398373984,3847,38,3809,738
22079,RIBBON REEL HEARTS DESIGN ,5028,8457.84,1.934811594,01-12-2009,07-12-2011,684,11,13.19685039,0.012007874,6.822252374,5080,61,5019,737
22080,RIBBON REEL SPOTS DESIGN ,3887,6512.44,1.921145038,01-12-2009,09-12-2011,519,13,13.2662116,0.011060156,5.259810555,3707,41,3666,739
22081,RIBBON REEL FLORA + FAUNA ,1559,2761.04,2.182598684,01-12-2009,09-12-2011,302,9,7.184331797,0.025883838,2.109607578,1584,41,1543,739
22082,RIBBON REEL STRIPES DESIGN ,7267,12192.05,1.892079918,01-12-2009,07-12-2011,957,12,16.70574713,0.004128929,9.860244233,7508,31,7477,737
22083,PAPER CHAIN KIT RETRO SPOT,13716,40412.82,3.616784954,01-12-2009,09-12-2011,1401,18,26.07604563,0.037764135,18.56021651,14008,529,13479,739
22084,PAPER CHAIN KIT EMPIRE,8803,25163.56,3.273520097,02-12-2009,08-12-2011,811,7,26.83841463,0.012685714,11.94436906,8750,111,8639,737
22085,PAPER CHAIN KIT SKULLS ,2538,6883.87,3.188311688,01-12-2009,09-12-2011,230,11,13.35789474,0.229772192,3.434370771,2546,585,1961,739
22086,PAPER CHAIN KIT 50'S CHRISTMAS ,35084,117760.29,3.369927466,01-12-2009,09-12-2011,2018,12,114.6535948,0.016319378,47.47496617,36521,596,35925,739
22087,PAPER BUNTING WHITE LACE,8475,25389.1,3.482346821,01-12-2009,09-12-2011,847,13,26.23839009,0.01885003,11.46820027,8435,159,8276,739
22088,PAPER BUNTING COLOURED LACE,4399,13076.88,3.520527157,01-12-2009,06-07-2011,619,15,13.78996865,0.017158545,7.545454545,4371,75,4296,583
22089,PAPER BUNTING VINTAGE PAISLEY,3506,10303.35,3.383262032,01-12-2009,05-12-2011,552,10,10.37278107,0.017231638,4.770068027,3540,61,3479,735
22090,PAPER BUNTING RETRO SPOTS,16698,50431.9,3.674023256,01-12-2009,08-12-2011,1703,20,30.69485294,0.029527091,22.62601626,16832,497,16335,738
22091,EMPIRE TISSUE BOX,3179,2485.86,1.260092593,01-12-2009,09-12-2011,324,7,13.94298246,0.017176765,4.301759134,3202,55,3147,739
22092,BLUE PAISLEY TISSUE BOX,933,592.91,0.815428571,18-12-2009,08-12-2011,140,7,8.481818182,0,1.294036061,964,0,964,721
22093,MOTORING TISSUE BOX,2346,1429.87,0.95971223,01-12-2009,06-12-2011,275,9,12.61290323,0.02020202,3.1875,2376,48,2328,736
22094,RED POLKA DOT TISSUE BOX,3557,2649.05,1.308099415,02-12-2009,08-12-2011,339,13,14.94537815,0.025569761,4.826322931,3598,92,3506,737
22095,LADS ONLY TISSUE BOX,2978,3123.03,1.389178082,02-12-2009,09-12-2011,284,2,16.0972973,0.031666173,4.035230352,3379,107,3272,738
22096,PINK PAISLEY SQUARE TISSUE BOX ,1667,938.86,0.915459459,02-12-2009,08-12-2011,180,7,12.07971014,0.010714286,2.261872456,1680,18,1662,737
22097,SWALLOW SQUARE TISSUE BOX,2064,1281.75,0.98532,02-12-2009,08-12-2011,242,10,10.92063492,0.009047619,2.800542741,2100,19,2081,737
22098,BOUDOIR SQUARE TISSUE BOX,2865,1952.04,1.248213166,03-12-2009,08-12-2011,309,11,12.73333333,0.027241379,3.892663043,2900,79,2821,736
22099,CARAVAN SQUARE TISSUE BOX,2123,1585.46,1.278966667,02-12-2009,09-12-2011,291,11,9.920560748,0.011152416,2.876693767,2152,24,2128,738
22100,SKULLS SQUARE TISSUE BOX,1005,709.5,1.46125,02-12-2009,06-12-2011,127,6,9.220183486,0,1.367346939,1021,0,1021,735
22101,MIRROR MOSAIC VOTIVE HOLDER,1909,2790.27,2.328290598,01-12-2009,08-12-2011,116,2,19.68041237,0.168045502,2.586720867,1934,325,1609,738
22102,MIRROR MOSAIC T-LIGHT HOLDER ,1842,1191.69,1.995254237,01-12-2009,28-11-2011,59,3,34.11111111,0.389519179,2.53021978,1851,721,1130,728
22103,MIRROR MOSAIC T-LIGHT HOLDER ROUND,1746,1760.64,2.047042254,01-12-2009,24-10-2011,71,4,27.28125,0.273809524,2.519480519,1764,483,1281,693
22104,MIRROR MOSAIC CANDLE PLATE,1187,968.08,1.576565657,08-12-2009,09-12-2011,99,1,13.04395604,0,1.621584699,1191,0,1191,732
22105,MIRROR MOSAIC GOBLET CANDLE HOLDER,692,1294.7,4.25,07-12-2009,08-12-2011,55,4,14.12244898,0.347763348,0.945355191,693,241,452,732
22106,MIRROR MOSAIC HURRICANE LAMP ,509,1589.98,5.470759494,15-01-2010,09-12-2011,79,3,7.376811594,0.234951456,0.733429395,515,121,394,694
22107,PIZZA PLATE IN BOX,1240,4840.59,4.638552279,01-12-2009,09-12-2011,369,9,5.511111111,0.07421875,1.677943166,1280,95,1185,739
22108,PING! MICROWAVE PLATE,313,978.74,3.543515625,01-12-2009,09-12-2011,128,4,2.980952381,0.0125,0.423545332,320,4,316,739
22109,FULL ENGLISH BREAKFAST PLATE,3338,13750.11,5.133204931,01-12-2009,09-12-2011,642,10,9.875739645,0.022687609,4.51691475,3438,78,3360,739
22110,BIRD HOUSE HOT WATER BOTTLE,2609,8563.76,3.84398855,01-12-2009,09-12-2011,512,9,9.808270677,0.001455604,3.530446549,2748,4,2744,739
22111,SCOTTIE DOG HOT WATER BOTTLE,9776,49771.94,5.734759699,01-12-2009,09-12-2011,1689,16,24.01965602,0.021237033,13.22868742,10218,217,10001,739
22112,CHOCOLATE HOT WATER BOTTLE,11065,57981.94,5.849994269,01-12-2009,09-12-2011,1721,16,25.26255708,0.013498313,14.9729364,11557,156,11401,739
22113,GREY HEART HOT WATER BOTTLE,5759,22025.93,4.199551657,01-12-2009,09-12-2011,996,12,21.73207547,0.005366426,7.792963464,5963,32,5931,739
22114,HOT WATER BOTTLE TEA AND SYMPATHY,11677,59189.14,4.774289292,01-12-2009,09-12-2011,1583,19,32.89295775,0.017555059,15.80108254,12532,220,12312,739
22115,METAL SIGN EMPIRE TEA,2889,5695.1,3.274811133,01-12-2009,08-12-2011,500,7,9.08490566,0.000343289,3.914634146,2913,1,2912,738
22116,METAL SIGN HIS DINNER IS SERVED,823,1103.88,1.822373737,01-12-2009,09-12-2011,198,4,5.208860759,0.021556886,1.113667118,835,18,817,739
22117,METAL SIGN HER DINNER IS SERVED ,1765,5207.73,3.060434783,01-12-2009,06-12-2011,230,11,9.915730337,0.000512033,2.398097826,1953,1,1952,736
22118,JOY WOODEN BLOCK LETTERS,799,3842.07,5.403333333,01-12-2009,09-12-2011,271,5,4.565714286,0.002430134,1.081190798,823,2,821,739
22119, PEACE WOODEN BLOCK LETTERS,896,5543.87,6.810720461,01-12-2009,09-12-2011,340,7,4.457711443,0.007462687,1.212449256,938,7,931,739
22120,WELCOME  WOODEN BLOCK LETTERS,1018,10314.19,11.28659401,01-12-2009,05-12-2011,367,10,3.945736434,0.018446602,1.385034014,1030,19,1011,735
22121,NOEL WOODEN BLOCK LETTERS ,1481,9167.61,6.6425,01-12-2009,09-12-2011,438,7,7.962365591,0.00536193,2.00405954,1492,8,1484,739
22122,SET OF 2 FANCY FONT TEA TOWELS,1095,3290.08,3.470714286,01-12-2009,20-08-2010,191,6,8.830645161,0,4.163498099,1160,0,1160,263
22123,PING MICROWAVE APRON,655,1700.14,3.733473054,02-12-2009,09-12-2011,166,5,4.851851852,0.036308623,0.887533875,661,24,637,738
22124,SET OF 2 TEA TOWELS PING MICROWAVE,298,751.93,2.72219697,07-12-2009,09-12-2011,132,3,2.591304348,0,0.406548431,303,0,303,733
22125,UNION JACK HOT WATER BOTTLE ,653,4089.09,6.847883598,01-12-2009,23-11-2011,183,4,10.53225806,0.091040462,0.903181189,692,63,629,723
22127,PARTY CONES CARNIVAL ASSORTED,3468,4153.11,1.81591195,01-12-2009,23-03-2011,155,12,29.89655172,0.0356623,7.255230126,2748,98,2650,478
22128,PARTY CONES CANDY ASSORTED,3923,4759.59,1.535329949,01-12-2009,18-11-2011,195,17,24.98726115,0.014038606,5.463788301,3989,56,3933,718
22129,PARTY CONES CANDY TREE DECORATION,3246,3095.12,1.634,02-12-2009,09-12-2011,174,14,24.40601504,0.005524862,4.398373984,3258,18,3240,738
22130,PARTY CONE CHRISTMAS DECORATION ,9737,10991.21,1.800509259,01-12-2009,08-12-2011,424,14,50.4507772,0.037235254,13.19376694,8782,327,8455,738
22131,FOOD CONTAINER SET 3 LOVE HEART ,5243,9914.89,2.551026723,01-12-2009,08-12-2011,692,13,13.54780362,0.003009216,7.104336043,5317,16,5301,738
22132,RED LOVE HEART SHAPE CUP,3345,2989.81,1.149254499,01-12-2009,08-12-2011,388,14,12.76717557,0.003570366,4.532520325,3361,12,3349,738
22133,PINK LOVE HEART SHAPE CUP,2464,2258.61,1.233079268,01-12-2009,08-12-2011,327,12,10.5751073,0.004784689,3.338753388,2508,12,2496,738
22134,LADLE LOVE HEART RED ,2354,1043.58,0.637591973,01-12-2009,09-12-2011,298,9,10.55605381,0.00505476,3.185385656,2374,12,2362,739
22135,LADLE LOVE HEART PINK,1624,806.15,0.676056782,01-12-2009,09-12-2011,317,6,7.282511211,0.014440433,2.197564276,1662,24,1638,739
22136,LOVE HEART SOCK HANGER,1989,3322.22,2.090555556,01-12-2009,08-12-2011,265,9,10.04545455,0.001517451,2.695121951,1977,3,1974,738
22137,BATHROOM SET LOVE HEART DESIGN,606,1508.28,3.616046512,14-12-2009,11-08-2011,43,6,15.15,0.004942339,1,607,3,604,606
22138,BAKING SET 9 PIECE RETROSPOT ,9366,45882.01,5.366973001,01-12-2009,09-12-2011,1914,31,18.22178988,0.118788713,12.67388363,7265,863,6402,739
22139,RETRO SPOT TEA SET CERAMIC 11 PC ,10609,52843.01,5.579728959,01-12-2009,09-12-2011,2093,28,20.05482042,0.044019316,14.35588633,10768,474,10294,739
22141,CHRISTMAS CRAFT TREE TOP ANGEL,3663,8895.21,2.595549828,01-12-2009,09-12-2011,572,12,25.26206897,0.006305833,4.956698241,3806,24,3782,739
22142,CHRISTMAS CRAFT WHITE FAIRY ,4300,6445.39,1.726116505,01-12-2009,09-12-2011,503,11,29.05405405,0.00413318,5.818673884,4355,18,4337,739
22143,CHRISTMAS CRAFT HEART DECORATIONS,446,942.88,2.579859155,01-12-2009,27-10-2010,70,2,9.291666667,0.030379747,1.347432024,395,12,383,331
22144,CHRISTMAS CRAFT LITTLE FRIENDS,5134,12382.47,2.593407821,01-12-2009,09-12-2011,704,13,30.02339181,0.008695652,6.947225981,5405,47,5358,739
22145,CHRISTMAS CRAFT HEART STOCKING ,1306,2752.66,2.368606965,01-12-2009,08-12-2010,197,10,14.6741573,0.004535147,3.501340483,1323,6,1317,373
22146,EASTER CRAFT IVY WREATH WITH CHICK,1413,2633.13,2.003944954,04-12-2009,25-01-2011,107,7,26.66037736,0.032280702,3.380382775,1425,46,1379,418
22147,FELTCRAFT BUTTERFLY HEARTS,12828,17893.58,1.618163962,01-12-2009,01-12-2011,1132,15,27.527897,0.069033982,17.54856361,13095,904,12191,731
22148,EASTER CRAFT 4 CHICKS ,3237,6480.29,2.313737705,02-12-2009,04-12-2011,299,14,21.87162162,0.016204425,4.416098226,3209,52,3157,733
22149,FELTCRAFT 6 FLOWER FRIENDS,12674,26218.97,2.382309879,01-12-2009,10-11-2011,1382,18,25.97131148,0.051409105,17.85070423,12916,664,12252,710
22150, 3 STRIPEY MICE FELTCRAFT,7815,14486.55,2.196227795,01-12-2009,09-12-2011,938,12,17.80182232,0.095871502,10.57510149,7969,764,7205,739
22151,PLACE SETTING WHITE HEART,27562,11609.19,0.536752717,01-12-2009,09-12-2011,716,12,69.07769424,0.032799226,37.29634641,27897,915,26982,739
22152,PLACE SETTING WHITE STAR,6241,2642.28,0.517991968,01-12-2009,05-12-2011,241,6,35.86781609,0.001780511,8.491156463,6178,11,6167,735
22153,ANGEL DECORATION STARS ON DRESS,5705,2469.16,0.547713311,01-12-2009,09-12-2011,283,6,34.16167665,0.028050017,7.719891746,5918,166,5752,739
22154,ANGEL DECORATION 3 BUTTONS ,7114,3073.32,0.5343769,01-12-2009,09-12-2011,317,5,43.64417178,0.025544703,9.626522327,7986,204,7782,739
22155,STAR DECORATION RUSTIC,5925,2671.81,0.561577465,01-12-2009,09-12-2011,340,4,33.66477273,0.008559432,8.01759134,6192,53,6139,739
22156,HEART DECORATION WITH PEARLS ,6156,5537.57,1.076515152,01-12-2009,09-12-2011,581,5,17.68965517,0.034455508,8.330175913,6327,218,6109,739
22157,ANGEL DECORATION WITH LACE PADDED,1698,1451.4,0.894296875,02-12-2009,31-08-2011,124,3,22.05194805,0.053156146,2.661442006,1806,96,1710,638
22158,3 HEARTS HANGING DECORATION RUSTIC,8985,29198.28,3.221857923,03-12-2009,08-12-2011,718,7,36.52439024,0.010646306,12.20788043,9299,99,9200,736
22161,HEART DECORATION RUSTIC HANGING ,6726,2738.28,0.69992126,07-12-2009,09-12-2011,489,9,23.19310345,0.012861736,9.175989086,6842,88,6754,733
22162,HEART GARLAND RUSTIC PADDED,1218,3737.9,3.383735849,01-12-2009,24-11-2011,260,4,6.96,0.010723861,1.682320442,1119,12,1107,724
22163,HEART STRING MEMO HOLDER HANGING,1269,2235.12,2.326584158,01-12-2009,09-12-2011,197,7,9.064285714,0.065943239,1.717185386,1198,79,1119,739
22164,STRING OF STARS CARD HOLDER,315,883.22,3.346326531,03-12-2009,28-11-2011,49,4,7,0.00456621,0.433884298,219,1,218,726
22165,"DIAMANTE HEART SHAPED WALL MIRROR, ",976,7673.73,12.87021818,01-12-2009,09-12-2011,272,2,4.979591837,0.009183673,1.320703654,980,9,971,739
22166,"WALL MIRROR , RECT DIAMANTE, PINK/",440,3528.75,12.14132075,01-12-2009,08-12-2011,159,1,3.410852713,0.017621145,0.596205962,454,8,446,738
22167,"WALL MIRROR , DIAMANTE OVAL SHAPE",690,6056.33,11.31302632,01-12-2009,09-12-2011,303,3,3.026315789,0.03649635,0.933694181,685,25,660,739
22168,"ORGANISER WOOD, ANTIQUE WHITE ",659,5475.93,8.504903846,08-12-2009,12-04-2011,312,10,3.183574879,0.119617225,1.342158859,418,50,368,491
22169,FAMILY ALBUM WHITE PICTURE FRAME,2275,19507.6,9.794022825,01-12-2009,08-12-2011,701,11,5.65920398,0.041522491,3.082655827,2312,96,2216,738
22170,PICTURE FRAME WOOD TRIPLE PORTRAIT,2385,15645.27,7.424469565,02-12-2009,09-12-2011,575,9,6.853448276,0.037720034,3.231707317,2386,90,2296,738
22171,3 HOOK PHOTO SHELF ANTIQUE WHITE,3141,23709.46,9.802632375,01-12-2009,09-12-2011,661,10,8.222513089,0.04538842,4.250338295,3437,156,3281,739
22172,METAL SHELF WITH RAIL ,378,3451.82,9.579301075,01-12-2009,29-09-2010,185,7,3.230769231,0.010723861,1.247524752,373,4,369,303
22173,METAL 4 HOOK HANGER FRENCH CHATEAU,5026,15411.9,3.726640159,01-12-2009,09-12-2011,997,12,12.14009662,0.028649922,6.801082544,5096,146,4950,739
22174,PHOTO CUBE,5122,10374.33,2.520707965,01-12-2009,09-12-2011,557,9,16.73856209,0.008880666,6.930987821,5405,48,5357,739
22175,PINK OWL SOFT TOY,1824,5278.31,3.418246575,02-12-2009,09-12-2011,363,11,7.042471042,0.004864865,2.471544715,1850,9,1841,738
22176,BLUE OWL SOFT TOY,1184,3542.73,3.360038462,02-12-2009,31-10-2011,258,12,5.832512315,0.007666099,1.693848355,1174,9,1165,699
22177,5 HOOK BLACKBOARD ORGANISER ,325,3101.46,11.89312,01-12-2009,25-08-2010,125,4,4.452054795,0.078616352,1.212686567,318,25,293,268
22178,VICTORIAN GLASS HANGING T-LIGHT,40081,52382.82,1.569304726,01-12-2009,09-12-2011,1816,17,71.57321429,0.024786493,54.2368065,40748,1010,39738,739
22179,SET 10 LIGHTS NIGHT OWL,2023,14418.61,8.442618629,01-12-2009,09-12-2011,566,11,5.730878187,0.017191977,2.737483085,2094,36,2058,739
22180,RETRO SPOT LAMP,975,10103.38,11.2757561,01-12-2009,07-11-2011,410,14,3.409090909,0.051177073,1.379066478,977,50,927,707
22181,SNOWSTORM PHOTO FRAME FRIDGE MAGNET,1538,1291.38,1.020214286,02-12-2009,29-11-2011,138,10,12.7107438,0.028474576,2.112637363,1475,42,1433,728
22182,CAKE STAND VICTORIAN FILIGREE SMALL,561,2156.45,4.562325581,02-12-2009,09-12-2011,172,5,4.065217391,0.007005254,0.760162602,571,4,567,738
22183,CAKE STAND VICTORIAN FILIGREE MED,586,3297.25,6.313157895,02-12-2009,13-11-2011,209,3,3.959459459,0.014681892,0.823033708,613,9,604,712
22184,CAKE STAND VICTORIAN FILIGREE LARGE,389,2887.07,9.199863014,02-12-2009,27-01-2011,146,6,3.536363636,0.048843188,0.921800948,389,19,370,422
22185,SLATE TILE NATURAL HANGING,3896,6224.72,1.924785408,01-12-2009,09-12-2011,462,5,13.29692833,0.001008065,5.271989175,3968,4,3964,739
22186,RED STAR CARD HOLDER,2004,5431.4,3.243352601,01-12-2009,09-12-2011,345,8,11.38636364,0.057814797,2.711772666,2041,118,1923,739
22187,GREEN CHRISTMAS TREE CARD HOLDER,2104,6820.7,4.355464481,01-12-2009,09-12-2011,364,7,12.90797546,0.023685457,2.847090663,2111,50,2061,739
22188,BLACK HEART CARD HOLDER,10353,28112.03,4.455873016,14-12-2009,08-12-2011,566,7,31.56402439,0.000398438,14.28,12549,5,12544,725
22189,CREAM HEART CARD HOLDER,16186,49300.94,4.433558282,01-12-2009,08-12-2011,1299,12,33.93291405,0.002361988,21.93224932,18205,43,18162,738
22190,LOCAL CAFE MUG,1400,2591.67,2.361469388,01-12-2009,09-12-2011,242,5,8.092485549,0.00070028,1.894451962,1428,1,1427,739
22191,EAU DE NIL DINER WALL CLOCK,1967,16216.05,8.726083467,01-12-2009,08-12-2011,620,13,5.668587896,0.17579106,2.665311653,1991,350,1641,738
22192,BLUE DINER WALL CLOCK,1426,12104.8,8.901544118,01-12-2009,08-12-2011,543,15,4.470219436,0.023028611,1.932249322,1433,33,1400,738
22193,RED DINER WALL CLOCK,1910,16117.98,9.215218801,01-12-2009,09-12-2011,617,16,5.858895706,0.021199586,2.584573748,1934,41,1893,739
22194,BLACK DINER WALL CLOCK,373,3212.1,9.188625,01-12-2009,11-08-2011,160,9,2.683453237,0.016393443,0.602584814,366,6,360,619
22195,HEART MEASURING SPOONS LARGE,5127,9144.24,2.247609223,01-12-2009,09-12-2011,811,17,13.04580153,0.003599167,6.937753721,5279,19,5260,739
22196,SMALL HEART MEASURING SPOONS,6586,6141.19,1.178548708,01-12-2009,09-12-2011,981,16,14.50660793,0.01024651,8.912043302,6734,69,6665,739
22197,"POPCORN HOLDER , SMALL ",88499,79520.2,1.033148774,01-12-2009,09-12-2011,2322,17,157.1918295,0.010090805,119.7550744,80172,809,79363,739
22198,"POPCORN HOLDER , LARGE",7331,12759.61,2.066452599,01-12-2009,21-02-2011,646,13,26.85347985,0.028059236,16.36383929,7698,216,7482,448
22199,FRYING PAN RED POLKADOT ,1827,7480.35,5.188128079,01-12-2009,09-12-2011,405,15,6.455830389,0.151824034,2.472259811,1864,283,1581,739
22200,FRYING PAN PINK POLKADOT ,1296,5784.92,5.627877095,01-12-2009,09-12-2011,357,9,5.225806452,0.008339651,1.753721245,1319,11,1308,739
22201,FRYING PAN BLUE POLKADOT ,509,2034.4,4.553674699,01-12-2009,08-12-2011,166,9,3.635714286,0.003891051,0.689701897,514,2,512,738
22202,MILK PAN PINK RETROSPOT,1074,4336.25,5.249622642,02-12-2009,05-05-2011,264,9,6,0.031281534,2.065384615,991,31,960,520
22203,MILK PAN RED RETROSPOT,1402,5469.51,4.637994924,01-12-2009,08-12-2011,392,15,5.154411765,0.010578279,1.899728997,1418,15,1403,738
22204,MILK PAN BLUE RETROSPOT,537,1974.29,4.206882353,03-12-2009,08-12-2011,169,11,4.037593985,0.026022305,0.729619565,538,14,524,736
22206,"MUG , DOTCOMGIFTSHOP.COM ",14,11.82,0.842,07-06-2010,21-11-2011,10,1,1.4,0,0.026266417,14,0,14,533
22207,FRYING PAN UNION FLAG,3103,13298.57,5.545791667,01-12-2009,09-12-2011,480,7,10.48310811,0.02667085,4.198917456,3187,85,3102,739
22208,WOOD STAMP SET THANK YOU,2366,3036.95,1.55707483,01-12-2009,08-12-2011,433,9,9.135135135,0.01039501,3.20596206,2405,25,2380,738
22209,WOOD STAMP SET HAPPY BIRTHDAY,1415,1753.94,1.416293436,03-12-2009,09-12-2011,257,8,7.293814433,0.019525802,1.919945726,1434,28,1406,737
22210,WOOD STAMP SET BEST WISHES,1586,1898.42,1.378949153,02-12-2009,08-12-2011,287,10,8.091836735,0.009270705,2.151967436,1618,15,1603,737
22211,WOOD STAMP SET FLOWERS,1531,2022.35,1.516632997,01-12-2009,08-12-2011,291,7,7.655,0.031859558,2.074525745,1538,49,1489,738
22212,FOUR HOOK  WHITE LOVEBIRDS,4024,8642.3,2.620642857,01-12-2009,09-12-2011,828,15,9.042696629,0.009722897,5.445196211,4114,40,4074,739
22214,CANDLE PLATE LACE WHITE,549,1279.79,2.72326087,01-12-2009,06-12-2011,92,7,7.32,0,0.745923913,549,0,549,736
22215,CAKE STAND WHITE TWO TIER LACE,1085,8809.93,9.028802228,01-12-2009,09-12-2011,359,17,4.465020576,0.056466302,1.468200271,1098,62,1036,739
22216,T-LIGHT HOLDER WHITE LACE,1396,1215.83,1.071239669,02-12-2009,09-12-2011,116,4,14.39175258,0.002133713,1.891598916,1406,3,1403,738
22217,T-LIGHT HOLDER HANGING LACE,2374,2814.81,1.405925926,09-12-2009,09-12-2011,214,4,14.47560976,0.025011166,3.247606019,2239,56,2183,731
22218,CAKE STAND LACE WHITE,1232,5365.66,5.398560606,01-12-2009,15-12-2010,264,15,7.289940828,0.052461663,3.242105263,1239,65,1174,380
22219,LOVEBIRD HANGING DECORATION WHITE ,9771,9270.48,1.134940171,01-12-2009,09-12-2011,1149,13,18.97281553,0.013107417,13.22192152,9384,123,9261,739
22220,CAKE STAND LOVEBIRD 2 TIER WHITE,745,6885.44,10.38407407,02-12-2009,09-12-2011,270,11,3.651960784,0.06961178,1.009485095,747,52,695,738
22221,CAKE STAND LOVEBIRD 2 TIER PINK,905,6702.33,10.57853503,17-12-2009,08-12-2011,156,12,6.908396947,0.01323043,1.253462604,907,12,895,722
22222,CAKE PLATE LOVEBIRD WHITE,1489,6160.84,5.630868486,01-12-2009,08-12-2011,403,15,5.356115108,0.003335557,2.017615176,1499,5,1494,738
22223,CAKE PLATE LOVEBIRD PINK,726,3359.66,5.410338983,04-12-2009,06-12-2011,175,10,4.905405405,0.001373626,0.990450205,728,1,727,733
22224,WHITE LOVEBIRD LANTERN,2373,7527.94,3.615792079,01-12-2009,09-12-2011,401,9,8.660583942,0.009151414,3.211096076,2404,22,2382,739
22227,"DECORATION, HANGING HEART+MIRROR ",6021,4344.17,0.891370482,02-12-2009,09-12-2011,643,5,15.55813953,0.005364981,8.158536585,6151,33,6118,738
22228,BUNNY WOODEN PAINTED WITH BIRD ,1727,1456.6,1.015467626,03-12-2009,08-12-2011,275,6,9.489010989,0.020242915,2.346467391,1729,35,1694,736
22229,BUNNY WOODEN PAINTED WITH FLOWER ,1007,845.3,1.019365079,04-12-2009,05-12-2011,185,6,7.192857143,0.05163853,1.37568306,1007,52,955,732
22230,JIGSAW TREE WITH WATERING CAN,1657,1134.64,0.944795918,02-12-2009,04-12-2011,193,9,10.48734177,0.034358047,2.260572988,1659,57,1602,733
22231,JIGSAW TREE WITH BIRDHOUSE,2135,2712.48,1.554684385,01-12-2009,08-12-2011,297,14,10.11848341,0.049354244,2.89295393,2168,107,2061,738
22232,3 PIECE JIGSAW TOADSTOOLS,1109,1318.99,1.560189873,01-12-2009,07-12-2011,158,13,8.6640625,0.066726781,1.504748982,1109,74,1035,737
22233,JIGSAW RABBIT AND BIRDHOUSE,949,1210.11,1.511137725,09-12-2009,07-12-2011,164,8,7.135338346,0.077649528,1.301783265,953,74,879,729
22236,CAKE STAND 3 TIER MAGIC GARDEN,1127,13965.52,13.37624703,10-12-2009,23-11-2011,421,17,4.419607843,0.089034677,1.578431373,1067,95,972,714
22241,"GARLAND , WOODEN  "" HAPPY EASTER""",4349,5862.42,1.586346555,01-12-2009,23-11-2011,474,4,21.63681592,0.004110528,6.015214385,4379,18,4361,723
22242,"HOOK, 5 HANGER , MAGIC TOADSTOOL",4756,7559.91,1.915822102,10-12-2009,16-02-2011,368,18,21.91705069,0.01293823,10.95852535,4792,62,4730,434
22243,"HOOK, 5 HANGER ,MAGIC TOADSTOOL RED",7678,11860.25,1.904632911,13-12-2009,30-11-2011,388,17,31.46721311,0.011135569,10.69359331,7723,86,7637,718
22244,"HOOK, 3 HANGER ,MAGIC GARDEN",4760,9101.96,2.691319444,09-12-2009,28-09-2011,431,17,18.03030303,0.013377926,7.22306525,4784,64,4720,659
22245,"HOOK, 1 HANGER ,MAGIC GARDEN",4633,3988.85,1.110287081,09-12-2009,01-09-2011,413,17,18.02723735,0.007221007,7.330696203,4570,33,4537,632
22246,"GARLAND, MAGIC GARDEN 1.8M",1081,2287.95,2.698465608,01-12-2009,24-11-2011,188,4,7.304054054,0.010791367,1.493093923,1112,12,1100,724
22247,BUNNY DECORATION MAGIC GARDEN,1184,1022.79,1.045828877,13-12-2009,25-11-2011,182,3,9.178294574,0.000840336,1.66058906,1190,1,1189,713
22248,DECORATION  PINK CHICK MAGIC GARDEN,1013,901.5,1.070893855,02-12-2009,05-12-2011,173,4,7.616541353,0.020669291,1.380108992,1016,21,995,734
22249,DECORATION WHITE CHICK MAGIC GARDEN,1636,1434.66,1.039072581,13-12-2009,08-12-2011,243,5,10.62337662,0.00241838,2.253443526,1654,4,1650,726
22250,DECORATION  BUTTERFLY  MAGIC GARDEN,1521,1382.96,1.135095057,13-12-2009,08-12-2011,257,4,8.13368984,0.002616089,2.095041322,1529,4,1525,726
22251,BIRDHOUSE DECORATION MAGIC GARDEN,1871,2317.64,1.562591362,17-12-2009,08-12-2011,298,5,8.784037559,0.014830508,2.591412742,1888,28,1860,722
22252,BIRDCAGE DECORATION MAGIC GARDEN,956,1175.56,1.285,10-12-2009,09-12-2011,113,11,9.56,0.013251784,1.309589041,981,13,968,730
22253,6 CROCHET STRAWBERRIES,964,1158.28,1.474157303,01-12-2009,08-04-2010,86,6,16.33898305,0,7.472868217,908,0,908,129
22254,FELT TOADSTOOL LARGE,1398,1792.21,1.5208,01-12-2009,07-12-2011,148,11,11.55371901,0.05102764,1.89687924,1411,72,1339,737
22255,FELT TOADSTOOL  SMALL,1185,1127.11,1.145931034,01-12-2009,07-12-2011,142,8,10.12820513,0.036945813,1.607869742,1218,45,1173,737
22256,FELT FARM ANIMAL CHICKEN,933,1200.07,1.571393443,07-12-2009,07-09-2011,119,8,10.36666667,0.012725345,1.4578125,943,12,931,640
22257,FELT FARM ANIMAL SHEEP,419,345.48,1.244745763,21-01-2010,30-10-2011,57,3,8.551020408,0.028571429,0.646604938,420,12,408,648
22258,FELT FARM ANIMAL RABBIT,1342,1291.05,1.459774436,04-12-2009,25-11-2011,131,5,14.91111111,0.040892193,1.858725762,1345,55,1290,722
22259,FELT FARM ANIMAL HEN,590,482.95,1.297162162,24-01-2010,26-04-2011,72,2,10.92592593,0.005067568,1.288209607,592,3,589,458
22260,FELT EGG COSY BLUE RABBIT ,1557,1594.77,1.285081301,02-12-2009,09-12-2011,241,7,9.611111111,0.010152284,2.109756098,1576,16,1560,738
22261,FELT EGG COSY WHITE RABBIT ,2105,2024.35,1.150629921,01-12-2009,09-12-2011,243,8,12.83536585,0.001887683,2.848443843,2119,4,2115,739
22262,FELT EGG COSY CHICKEN,2026,1947.82,1.150658307,01-12-2009,06-12-2011,306,8,9.834951456,0.008260447,2.752717391,2058,17,2041,736
22263,FELT EGG COSY LADYBIRD ,836,627.38,1.169345794,06-12-2009,08-12-2011,105,5,9.186813187,0.058194774,1.140518417,842,49,793,733
22264,FELT FARM ANIMAL WHITE BUNNY ,2014,1152.22,1.062823529,14-12-2009,09-12-2011,168,7,17.82300885,0,2.774104683,2036,0,2036,726
22265,EASTER DECORATION NATURAL CHICK,1843,1207.8,0.76440678,02-12-2009,29-11-2011,168,4,15.10655738,0,2.531593407,1853,0,1853,728
22266,EASTER DECORATION HANGING BUNNY,2542,1040.11,0.685235294,17-12-2009,07-12-2011,161,3,20.5,0.002749411,3.525658807,2546,7,2539,721
22267,EASTER DECORATION EGG BUNNY ,1472,1291.47,1.174710744,07-12-2009,05-12-2011,117,4,15.65957447,0.00203666,2.01920439,1473,3,1470,729
22268,EASTER DECORATION SITTING BUNNY,2554,1271.29,0.832489796,13-12-2009,10-11-2011,236,4,15.20238095,0.021492295,3.659025788,2466,53,2413,698
22269,EGG CUP NATURAL CHICKEN,1521,1357.7,1.207815534,02-12-2009,07-12-2011,204,5,9.162650602,0.016404199,2.066576087,1524,25,1499,736
22270,HAPPY EASTER HANGING DECORATION,685,2638.67,4.247405063,03-12-2009,22-11-2011,153,8,6.061946903,0.037572254,0.951388889,692,26,666,720
22271,FELTCRAFT DOLL ROSIE,4866,13921.73,3.271171285,01-12-2009,25-11-2011,787,16,12.31898734,0.062154979,6.711724138,4891,304,4587,725
22272,FELTCRAFT DOLL MARIA,1371,3848.34,3.159934211,01-12-2009,22-05-2011,300,13,6.959390863,0.000777001,2.548327138,1287,1,1286,538
22273,FELTCRAFT DOLL MOLLY,7355,20150.99,3.300158537,01-12-2009,09-12-2011,810,16,18.16049383,0.198861326,9.952638701,7377,1467,5910,739
22274,FELTCRAFT DOLL EMILY,3773,10770.07,3.266006051,01-12-2009,08-12-2011,656,15,10.62816901,0.019300991,5.112466125,3834,74,3760,738
22275,WEEKEND BAG VINTAGE ROSE PAISLEY,946,7875.33,8.885642633,01-12-2009,02-12-2010,313,11,5.5,0.005070994,2.577656676,986,5,981,367
22276,WASH BAG VINTAGE ROSE PAISLEY,1889,4884.86,3.015855615,01-12-2009,08-12-2011,373,20,7.710204082,0.008961518,2.559620596,1897,17,1880,738
22277,COSMETIC BAG VINTAGE ROSE PAISLEY,1400,2927.49,2.475277778,01-12-2009,09-12-2011,250,14,6.965174129,0.001386001,1.894451962,1443,2,1441,739
22278,OVERNIGHT BAG VINTAGE ROSE PAISLEY,1016,5959.53,6.753556701,02-12-2009,09-12-2011,383,13,3.877862595,0.019699812,1.376693767,1066,21,1045,738
22279,POCKET BAG BLUE PAISLEY RED SPOT,1440,2104.62,1.625299539,02-12-2009,09-12-2011,214,9,9,0.025552486,1.951219512,1448,37,1411,738
22280,POCKET BAG PINK PAISELY BROWN SPOT,877,1248.74,1.555123457,01-12-2009,09-12-2011,158,6,6.8515625,0,1.186738836,884,0,884,739
22281,EASTER TREE YELLOW BIRDS,511,3285.86,8.12261745,01-12-2009,07-12-2011,149,7,4.913461538,0.03125,0.693351425,512,16,496,737
22282,12 EGG HOUSE PAINTED WOOD,561,7304.69,16.83865741,01-12-2009,08-12-2011,216,9,3.205714286,0.003539823,0.760162602,565,2,563,738
22283,6 EGG HOUSE PAINTED WOOD,1032,8533.09,9.604136126,01-12-2009,08-12-2011,382,9,3.725631769,0.017142857,1.398373984,1050,18,1032,738
22284,HEN HOUSE DECORATION,2465,4017.74,1.999377049,03-12-2009,05-12-2011,300,4,11.68246445,0.010366826,3.362892224,2508,26,2482,733
22285,"DECORATION HEN ON NEST, HANGING",2705,4248.01,1.932304833,06-12-2009,05-12-2011,261,6,14.70108696,0.004511278,3.705479452,2660,12,2648,730
22286,"DECORATION , WOBBLY RABBIT , METAL ",1937,2200.75,1.741487179,01-12-2009,01-12-2011,195,3,13.83571429,0,2.649794802,1917,0,1917,731
22287,"DECORATION , WOBBLY CHICKEN, METAL ",1340,1435.75,1.67768595,03-12-2009,01-12-2011,121,3,13.4,0.008908686,1.838134431,1347,12,1335,729
22288,"DECORATION , HANGING METAL RABBIT",1310,1525.99,1.56344,01-12-2009,06-12-2011,119,4,14.08602151,0,1.779891304,1316,0,1316,736
22289,"DECORATION , HANGING METAL CHICKEN",764,817.48,1.546794872,01-12-2009,22-11-2011,76,3,10.91428571,0,1.058171745,768,0,768,722
22290,STANDING METAL RABBIT WITH EGG,670,1223.02,2.356202532,09-12-2009,31-03-2010,78,1,13.95833333,0.001506024,5.92920354,664,1,663,113
22291,"SPRING DEC , HANGING CHICK CREAM",3193,4412.93,1.643977695,03-12-2009,25-11-2011,264,5,19.95625,0.014892957,4.416320885,3223,48,3175,723
22292,"SPRING DEC , HANGING CHICK  YELLOW",2779,3773.74,1.60123348,03-12-2009,25-11-2011,222,5,17.47798742,0.008589835,3.843706777,2794,24,2770,723
22293,"SPRING DEC , HANGING CHICK  GREEN",2034,2860.2,1.795521739,02-12-2009,22-11-2011,225,5,12.17964072,0.011616651,2.821081831,2066,24,2042,721
22294,HEART FILIGREE DOVE  SMALL,16671,20629.38,1.455212528,01-12-2009,08-12-2011,861,11,39.13380282,0.006247446,22.58943089,17127,107,17020,738
22295,HEART FILIGREE DOVE LARGE,8411,13873.54,1.831008287,01-12-2009,08-12-2011,706,9,24.37971014,0.006874427,11.39701897,8728,60,8668,738
22296,HEART IVORY TRELLIS LARGE,9719,16027.56,1.814789227,01-12-2009,08-12-2011,833,10,24.05693069,0.000803697,13.16937669,9954,8,9946,738
22297,HEART IVORY TRELLIS SMALL,13715,17702.62,1.648847321,01-12-2009,08-12-2011,969,9,31.09977324,0.019669552,18.58401084,13981,275,13706,738
22299,PIG KEYRING WITH LIGHT & SOUND ,3912,4430.82,1.629207921,03-12-2009,09-12-2011,202,9,26.6122449,0.015376859,5.308005427,3967,61,3906,737
22300,COFFEE MUG DOG + BALL DESIGN,4116,9891.4,3.011132075,01-12-2009,09-12-2011,526,10,12.7037037,0.015632754,5.569688769,4030,63,3967,739
22301,COFFEE MUG CAT + BIRD DESIGN,5009,12124.78,3.177100775,01-12-2009,09-12-2011,643,12,13.79889807,0.015539859,6.778078484,4955,77,4878,739
22302,COFFEE MUG PEARS  DESIGN,4926,10492.45,2.723233083,01-12-2009,09-12-2011,396,7,18.31226766,0.007939914,6.665764547,4660,37,4623,739
22303,COFFEE MUG APPLES DESIGN,5439,12701.63,2.727319778,01-12-2009,09-12-2011,540,9,15.58452722,0.026602871,7.359945873,5225,139,5086,739
22304,COFFEE MUG BLUE PAISLEY DESIGN,2380,4689.56,2.855868263,01-12-2009,09-12-2011,167,9,16.52777778,0.008078995,3.220568336,2228,18,2210,739
22305,COFFEE MUG PINK PAISLEY DESIGN,2267,4711.53,2.797708333,01-12-2009,07-12-2011,144,8,17.7109375,0.005255614,3.075983718,2093,11,2082,737
22306,SILVER MUG BONE CHINA TREE OF LIFE,1621,2316.2,2.025333333,09-12-2009,06-12-2011,163,9,14.6036036,0.011258278,2.226648352,1510,17,1493,728
22307,GOLD MUG BONE CHINA TREE OF LIFE,1199,1804.11,2.348487395,07-12-2009,09-12-2011,118,7,13.32222222,0.038246269,1.63574352,1072,41,1031,733
22308,TEA COSY BLUE STRIPE,677,2085.05,3.925607477,01-12-2009,09-12-2011,214,8,4.179012346,0.03806735,0.916102842,683,26,657,739
22309,TEA COSY RED  STRIPE,1331,3459.08,3.446516854,02-12-2009,09-12-2011,266,10,6.589108911,0.019345238,1.803523035,1344,26,1318,738
22310,KNITTED MUG COSY IVORY COLOUR ,1739,3113.94,2.513451327,03-12-2009,08-12-2011,223,6,10.16959064,0.007214206,2.362771739,1802,13,1789,736
22311,OFFICE MUG WARMER BLACK+SILVER ,2116,6755.56,4.553046358,01-12-2009,06-12-2011,300,14,10.63316583,0.004642526,2.875,2154,10,2144,736
22312,OFFICE MUG WARMER POLKADOT,1233,4254.05,4.289963235,01-12-2009,08-12-2011,269,15,6.258883249,0.020439061,1.670731707,1321,27,1294,738
22313,OFFICE MUG WARMER PINK,985,3146.07,4.273453237,02-12-2009,09-12-2011,137,11,8.716814159,0.246334311,1.334688347,1023,252,771,738
22314,OFFICE MUG WARMER CHOC+BLUE,1110,3888.48,4.341181102,02-12-2009,09-12-2011,249,13,6.132596685,0.003439381,1.504065041,1163,4,1159,738
22315,200 RED + WHITE BENDY STRAWS,2136,2749.51,1.448560411,01-12-2009,08-12-2011,387,11,8.030075188,0.002271695,2.894308943,2201,5,2196,738
22316,200 BENDY SKULL STRAWS,1257,1432.82,1.402941176,09-12-2009,06-12-2011,119,7,11.63888889,0.000785546,1.726648352,1273,1,1272,728
22317,FIVE CATS HANGING DECORATION,587,1827.64,3.675357143,04-12-2009,29-11-2011,167,15,4.163120567,0,0.808539945,592,0,592,726
22318,FIVE HEART HANGING DECORATION,1583,4983.98,3.678778626,01-12-2009,05-12-2011,389,15,5.756363636,0.012300123,2.153741497,1626,20,1606,735
22319,HAIRCLIPS FORTIES FABRIC ASSORTED,2987,1698.04,0.80816092,01-12-2009,09-12-2011,174,12,21.18439716,0.025370675,4.041948579,3035,77,2958,739
22320,BIRDS MOBILE VINTAGE DESIGN,598,3545.02,6.202333333,01-12-2009,08-12-2011,180,19,3.960264901,0.03820598,0.810298103,602,23,579,738
22321,BIRD DECORATION RED SPOT,2528,2339.95,1.228557377,01-12-2009,08-12-2011,305,16,10.8034188,0.000383436,3.425474255,2608,1,2607,738
22322,BIRD DECORATION GREEN  SPOT,1617,1528.21,1.228897059,02-12-2009,11-11-2011,272,7,8.125628141,0.009179927,2.277464789,1634,15,1619,710
22323,PINK POLKADOT KIDS BAG,635,1683.31,3.191025641,03-12-2009,12-01-2011,116,7,6.614583333,0.019417476,1.564039409,618,12,606,406
22324,BLUE POLKADOT KIDS BAG,664,1797.06,3.322352941,01-12-2009,09-12-2011,152,7,5.107692308,0.01174743,0.898511502,681,8,673,739
22325,MOBILE VINTAGE HEARTS ,699,3139.99,5.006,01-12-2009,29-11-2011,224,16,4.396226415,0.068181818,0.958847737,704,48,656,729
22326,"ROUND SNACK BOXES ,SET4, WOODLAND ",15446,44257.74,3.429444048,07-01-2010,09-12-2011,1391,25,31.84742268,0.003696622,22.002849,15690,58,15632,702
22327,ROUND SNACK BOXES SET OF 4 SKULLS,3065,9943.55,3.80130303,10-01-2010,09-12-2011,646,15,8.173333333,0.008336005,4.384835479,3119,26,3093,699
22328,"ROUND SNACK BOXES ,SET 4, FRUITS ",12959,36170.31,3.192174658,07-01-2010,09-12-2011,1159,19,26.94178794,0.048033438,18.46011396,14594,701,13893,702
22329,ROUND CONTAINER SET OF 5 RETROSPOT,5159,8430.45,2.079477977,10-01-2010,09-12-2011,610,19,14.33055556,0.006378044,7.380543634,5174,33,5141,699
22330,72 ROUND PINK DOILIES,128,197.9,1.87,01-12-2009,07-02-2010,22,4,7.111111111,0.047808765,1.855072464,251,12,239,69
22331,WOODLAND PARTY BAG + STICKER SET,3660,6011.57,1.977165533,02-12-2009,09-12-2011,437,18,12.1192053,0.007768551,4.959349593,3733,29,3704,738
22332,SKULLS PARTY BAG + STICKER SET,4158,6520.55,1.822467532,03-12-2009,05-12-2011,381,14,14.90322581,0.109621829,5.672578445,4178,458,3720,733
22333,RETRO SPORT PARTY BAG + STICKER SET,10030,15639.65,1.860612536,01-12-2009,07-12-2011,697,22,24.40389294,0.130554463,13.60922659,10172,1328,8844,737
22334,DINOSAUR PARTY BAG + STICKER SET,2230,3552.36,1.739701493,03-12-2009,07-12-2011,264,10,10.51886792,0.008444444,3.034013605,2250,19,2231,735
22335,HEART DECORATION PAINTED ZINC ,8666,5644.77,0.848931298,01-12-2009,08-12-2011,510,9,27.59872611,0.056532663,11.74254743,8756,495,8261,738
22336,DOVE DECORATION PAINTED ZINC ,4661,2234.96,0.733468468,01-12-2009,14-10-2011,214,10,34.27205882,0.005053834,6.824304539,4551,23,4528,683
22337,ANGEL DECORATION PAINTED ZINC ,2473,1522.52,0.73409396,01-12-2009,02-12-2011,146,10,25.76041667,0,3.378415301,2509,0,2509,732
22338,STAR DECORATION PAINTED ZINC ,6087,2151.99,0.554538745,01-12-2009,09-12-2011,264,12,44.43065693,0.015437114,8.236806495,6154,95,6059,739
22339,CHRISTMAS TREE PAINTED ZINC ,3521,1385.46,0.572913907,02-12-2009,20-11-2011,145,9,37.06315789,0.037514318,4.897079277,3492,131,3361,719
22340,NOEL GARLAND PAINTED ZINC ,1799,1511.05,1.242391304,01-12-2009,09-12-2011,184,9,16.97169811,0.007123288,2.434370771,1825,13,1812,739
22341,LOVE GARLAND PAINTED ZINC ,3467,5698.89,2.359049587,02-12-2009,08-12-2011,240,7,18.24736842,0.343382142,4.704206242,3483,1196,2287,737
22342,HOME GARLAND PAINTED ZINC ,1817,2521.25,2.038956522,02-12-2009,09-12-2011,230,7,9.270408163,0.037940379,2.462059621,1845,70,1775,738
22343,PARTY PIZZA DISH RED WHITE SPOT ,3297,1985.74,0.827659574,02-12-2009,08-12-2011,188,13,22.42857143,0.012681159,4.473541384,3312,42,3270,737
22344,PARTY PIZZA DISH PINK+WHITE SPOT ,1580,807.32,0.837443609,02-12-2009,08-12-2011,133,11,14.62962963,0,2.143826323,1596,0,1596,737
22345,PARTY PIZZA DISH BLUE+WHITE SPOT ,1466,710.6,0.803538462,02-12-2009,08-12-2011,128,10,14.37254902,0.012137559,1.989145183,1483,18,1465,737
22346,PARTY PIZZA DISH GREEN+WHITE SPOT ,1300,612.61,0.813846154,02-12-2009,08-12-2011,103,8,15.11627907,0,1.763907734,1316,0,1316,737
22347,PIZZA SLICE DISH,2716,3119.18,1.662521739,01-12-2009,20-08-2010,115,5,36.21333333,0,10.3269962,2700,0,2700,263
22348,TEA BAG PLATE RED SPOTTY ,12453,10583.12,1.070978373,01-12-2009,09-12-2011,961,22,27.796875,0.00796432,16.8511502,12556,100,12456,739
22349,"DOG BOWL , CHASING BALL DESIGN",2571,10551.67,4.150815217,01-12-2009,05-12-2011,366,10,10.12204724,0.013888889,3.497959184,2592,36,2556,735
22350,CAT BOWL ,2840,7883.44,3.077784431,01-12-2009,08-12-2011,331,9,11.63934426,0.00069808,3.848238482,2865,2,2863,738
22351,DOTCOMGIFTSHOP TEA TOWEL,15,29.81,2.766666667,26-08-2010,29-06-2011,3,1,5,0,0.048701299,-1385,0,-1385,308
22352,LUNCHBOX WITH CUTLERY RETROSPOT ,7090,17830.71,3.134055258,01-12-2009,09-12-2011,1117,16,14.86373166,0.009036563,9.594046008,7193,65,7128,739
22353,LUNCHBOX WITH CUTLERY FAIRY CAKES ,3039,7917.89,3.147369478,01-12-2009,08-05-2011,493,15,13.50666667,0.006495615,5.799618321,3079,20,3059,524
22354,RETRO SPOT PADDED SEAT CUSHION,2228,8454.56,4.249644128,02-12-2009,06-12-2011,280,11,10.76328502,0.008414526,3.031292517,2258,19,2239,735
22355,"CHARLOTTE BAG , SUKI DESIGN",31956,45377.56,1.161101598,01-12-2009,09-12-2011,1742,16,57.57837838,0.005716731,43.24221922,32711,187,32524,739
22356,"CHARLOTTE BAG , PINK/WHITE SPOTS",20015,20871.9,1.157736085,01-12-2009,09-12-2011,1584,18,37.13358071,0.028750679,27.08389716,20243,582,19661,739
22357,KINGS CHOICE BISCUIT TIN,2073,9352.41,5.123658009,07-01-2010,09-12-2011,462,14,7.173010381,0.023222749,2.952991453,2110,49,2061,702
22358,KINGS CHOICE TEA CADDY ,2651,8393.61,3.87295082,06-01-2010,09-12-2011,605,12,7.552706553,0.02264291,3.770981508,2694,61,2633,703
22359,GLASS JAR KINGS CHOICE,1278,4052.18,3.624356436,16-03-2010,06-12-2011,202,7,8.088607595,0.027777778,2.025356577,1404,39,1365,631
22360,"GLASS JAR, ENGLISH CONFECTIONERY",2503,7535.5,3.777775176,13-12-2009,08-12-2011,425,8,9.168498168,0.07113129,3.447658402,2643,188,2455,726
22361,GLASS JAR DAISY FRESH COTTON WOOL,1845,6036.26,4.267971888,15-03-2010,09-12-2011,496,13,6.069078947,0.041158537,2.905511811,1968,81,1887,635
22362,GLASS JAR PEACOCK BATH SALTS,747,2410.53,3.822885375,15-03-2010,09-12-2011,253,9,3.952380952,0.055808656,1.176377953,878,49,829,635
22363,GLASS JAR MARMALADE ,781,2303.39,3.641860465,15-03-2010,08-12-2011,169,9,5.206666667,0.171364149,1.231861199,887,152,735,634
22364,GLASS JAR DIGESTIVE BISCUITS,2054,6498.61,3.921959064,15-03-2010,08-12-2011,340,12,8.558333333,0.051034483,3.239747634,2175,111,2064,634
22365,DOORMAT RESPECTABLE HOUSE,2329,15289.79,8.923137698,04-01-2010,08-12-2011,443,14,8.031034483,0.001270648,3.308238636,2361,3,2358,704
22366,DOORMAT AIRMAIL ,2540,17242.3,9.055017606,04-01-2010,08-12-2011,568,20,7.362318841,0.011262136,3.607954545,2575,29,2546,704
22367,CHILDS APRON SPACEBOY DESIGN,8059,15778.67,2.252075797,10-01-2010,09-12-2011,1156,23,16.68530021,0.006360856,11.52932761,8175,52,8123,699
22371,AIRLINE BAG VINTAGE TOKYO 78,1828,8936.8,5.362751092,12-02-2010,09-12-2011,684,13,5.035812672,0.010031679,2.744744745,1894,19,1875,666
22372,AIRLINE BAG VINTAGE WORLD CHAMPION ,604,3073.43,5.338298611,11-02-2010,09-12-2011,287,14,2.783410138,0.011164274,0.905547226,627,7,620,667
22374,AIRLINE BAG VINTAGE JET SET RED,1023,5099.84,5.329907407,14-02-2010,09-12-2011,430,13,3.602112676,0.004770992,1.540662651,1048,5,1043,664
22375,AIRLINE BAG VINTAGE JET SET BROWN,590,2969.29,5.488701754,14-02-2010,08-12-2011,284,9,2.669683258,0.003220612,0.889894419,621,2,619,663
22376,AIRLINE BAG VINTAGE JET SET WHITE,529,2632.18,5.216546185,14-02-2010,08-12-2011,246,10,2.698979592,0,0.797888386,551,0,551,663
22377,BOTTLE BAG RETROSPOT ,3618,6920.11,2.473417431,26-01-2010,08-12-2011,435,14,13.10869565,0.016560861,5.304985337,3623,60,3563,682
22378,WALL TIDY RETROSPOT ,3749,6826.51,2.864021938,25-01-2010,09-12-2011,546,17,11.39513678,0.003965107,5.480994152,3783,15,3768,684
22379,RECYCLING BAG RETROSPOT ,15765,34640.84,2.899917877,25-01-2010,09-12-2011,1570,16,30.85127202,0.004167963,23.04824561,16075,67,16008,684
22380,TOY TIDY SPACEBOY  ,4964,10217.66,2.464797101,22-01-2010,09-12-2011,688,20,13.27272727,0.009,7.225618632,5000,45,4955,687
22381,TOY TIDY PINK RETROSPOT  ,9265,19619.54,2.727551755,24-01-2010,09-12-2011,1100,19,19.75479744,0.003174939,13.52554745,9449,30,9419,685
22382,LUNCHBAG SPACEBOY DESIGN ,20248,34071.97,1.89585826,22-01-2010,08-12-2011,2153,24,37.4962963,0.012366196,29.51603499,20459,253,20206,686
22383,LUNCHBAG SUKI  DESIGN ,25058,43254.35,2.076506568,22-01-2010,09-12-2011,2398,17,46.14732965,0.007383552,36.47452693,25462,188,25274,687
22384,LUNCHBAG PINK RETROSPOT,20783,34088.79,1.945049134,25-01-2010,09-12-2011,2106,23,38.20404412,0.013545627,30.38450292,21040,285,20755,684
22385,JUMBO BAG SPACEBOY DESIGN,17057,32433.5,2.439888801,29-01-2010,08-12-2011,1248,17,37.08043478,0.024709977,25.12076583,17240,426,16814,679
22386,JUMBO BAG PINK WITH WHITE SPOTS,39437,76324.62,2.413737329,29-01-2010,09-12-2011,2245,17,73.43947858,0.012098394,57.99558824,39840,482,39358,680
22389,PAPERWEIGHT SAVE THE PLANET,647,1245.52,2.541847826,30-03-2010,08-12-2011,92,6,8.0875,0.151745068,1.045234249,659,100,559,619
22390,PAPERWEIGHT CHILDHOOD MEMORIES,813,1448.52,2.652289157,26-03-2010,08-12-2011,83,9,10.84,0,1.304975923,836,0,836,623
22391,PAPERWEIGHT HOME SWEET HOME,323,635.19,2.823787879,30-03-2010,08-12-2011,66,5,5.383333333,0,0.52180937,327,0,327,619
22393,PAPERWEIGHT VINTAGE COLLAGE,834,1459.37,2.871333333,26-03-2010,08-12-2011,120,6,8.872340426,0.061831153,1.338683788,841,52,789,623
22394,PAPERWEIGHT KINGS CHOICE ,346,544.29,2.540909091,06-04-2010,09-12-2011,55,3,6.92,0.017191977,0.564437194,349,6,343,613
22395,PAPERWEIGHT VINTAGE PAISLEY,234,413.76,3.091132075,13-04-2010,08-12-2011,53,5,5.2,0,0.38677686,237,0,237,605
22396,MAGNETS PACK OF 4 RETRO PHOTO,1895,1427.08,0.920594595,26-03-2010,09-12-2011,184,11,12.89115646,0.006259781,3.036858974,1917,12,1905,624
22398,MAGNETS PACK OF 4 SWALLOWS,4239,3687.48,1.013881279,26-03-2010,09-12-2011,430,14,16.05681818,0.022145329,6.793269231,4335,96,4239,624
22399,MAGNETS PACK OF 4 CHILDHOOD MEMORY,4040,4734.6,1.305791367,26-03-2010,02-12-2011,277,15,20.09950249,0.005862237,6.547811994,4094,24,4070,617
22400,MAGNETS PACK OF 4 HOME SWEET HOME,2450,2049.56,0.893797468,30-03-2010,07-12-2011,234,10,14.08045977,0.010109179,3.964401294,2473,25,2448,618
22402,MAGNETS PACK OF 4 VINTAGE COLLAGE,3431,3012.78,0.922125984,26-03-2010,08-12-2011,250,13,18.74863388,0.004057971,5.507223114,3450,14,3436,623
22403,MAGNETS PACK OF 4 VINTAGE LABELS ,1715,1195.89,1.10509434,29-03-2010,07-12-2011,212,9,10.39393939,0.006912442,2.770597738,1736,12,1724,619
22405,MONEY BOX POCKET MONEY DESIGN,1642,1993.38,1.349773756,26-03-2010,08-12-2011,217,14,10.2625,0.00776583,2.635634029,1674,13,1661,623
22406,MONEY BOX KINGS CHOICE DESIGN,2487,3149.35,1.464703196,26-03-2010,08-12-2011,217,8,15.07272727,0.019817677,3.991974318,2523,50,2473,623
22407,MONEY BOX FIRST ADE DESIGN,438,521.12,1.388666667,26-03-2010,07-12-2011,75,6,6.441176471,0.082004556,0.704180064,439,36,403,622
22408,MONEY BOX CONFECTIONERY DESIGN,650,798.67,1.464895833,26-03-2010,06-12-2011,95,7,8.227848101,0.055722892,1.046698873,664,37,627,621
22409,MONEY BOX BISCUITS DESIGN,1686,2290.46,1.551818182,26-03-2010,06-12-2011,164,12,12.48888889,0.008235294,2.714975845,1700,14,1686,621
22410,MONEY BOX HOUSEKEEPING DESIGN,1363,1667.46,1.393080808,26-03-2010,08-12-2011,198,10,8.908496732,0.008784773,2.187800963,1366,12,1354,623
22411,JUMBO SHOPPER VINTAGE RED PAISLEY,27281,57318.71,2.450991399,29-01-2010,09-12-2011,2192,19,50.52037037,0.015901633,40.11911765,27733,441,27292,680
22412,METAL SIGN NEIGHBOURHOOD WITCH ,2401,5140.82,2.571231527,29-01-2010,10-11-2011,402,5,8.730909091,0.000840336,3.688172043,2380,2,2378,651
22413,METAL SIGN TAKE IT OR LEAVE IT ,6976,19728.24,3.297567568,29-01-2010,08-12-2011,881,20,15.96338673,0.018407534,10.27393225,7008,129,6879,679
22414,DOORMAT NEIGHBOURHOOD WITCH ,1187,7203.57,9.446954545,10-01-2010,08-12-2011,220,10,6.706214689,0.001670844,1.700573066,1197,2,1195,698
22415,WHITE TISSUE REAM,317,2520.15,7.95,01-12-2009,26-01-2011,204,4,2.28057554,0,0.751184834,295,0,295,422
22416,36 DOILIES SPACEBOY DESIGN ,1970,2763.36,1.576477273,03-02-2010,04-12-2011,176,13,12.87581699,0.003041054,2.940298507,1973,6,1967,670
22417,PACK OF 60 SPACEBOY CAKE CASES,21451,11159.9,0.710106667,31-01-2010,08-12-2011,1103,23,45.4470339,0.005267779,31.68537666,21641,114,21527,677
22418,10 COLOUR SPACEBOY PEN,12314,10417.73,1.015423729,06-05-2010,09-12-2011,586,18,39.21656051,0.01775055,21.12178388,12732,226,12506,583
22419,LIPSTICK PEN RED,6847,3242.59,0.599036609,07-05-2010,09-12-2011,509,11,24.98905109,0.001415028,11.76460481,7067,10,7057,582
22420,LIPSTICK PEN BABY PINK,2111,1014.75,0.585541667,07-05-2010,09-12-2011,234,8,12.56547619,0.000472144,3.627147766,2118,1,2117,582
22421,LIPSTICK PEN FUSCHIA,4721,2351.86,0.589591346,06-05-2010,09-12-2011,406,8,18.73412698,0.009339975,8.097770154,4818,45,4773,583
22422,TOOTHPASTE TUBE PEN,2743,1760.94,0.987994429,07-05-2010,09-12-2011,354,11,12.08370044,0.00861141,4.713058419,2787,24,2763,582
22423,REGENCY CAKESTAND 3 TIER,26478,330590.32,14.19041772,15-03-2010,09-12-2011,3918,31,51.51361868,0.053907168,41.6976378,27232,1468,25764,635
22424,ENAMEL BREAD BIN CREAM,1529,20886.89,15.38533784,16-05-2010,09-12-2011,739,10,4.200549451,0.030089629,2.668411867,1562,47,1515,573
22425,ENAMEL COLLANDER CREAM,854,4321.52,5.605927152,16-05-2010,08-12-2011,301,8,4.125603865,0.028735632,1.493006993,870,25,845,572
22426,ENAMEL WASH BOWL CREAM,1333,5133.3,4.713217158,08-04-2010,08-12-2011,372,9,5.353413655,0.027920647,2.185245902,1361,38,1323,610
22427,ENAMEL FLOWER JUG CREAM,3210,19273.28,6.529052369,14-05-2010,28-11-2011,798,11,10.25559105,0.015556938,5.691489362,3214,50,3164,564
22428,ENAMEL FIRE BUCKET CREAM,459,3379.67,7.964375,08-04-2010,08-12-2011,191,3,3.039735099,0.029821074,0.752459016,503,15,488,610
22429,ENAMEL MEASURING JUG CREAM,2280,9844.04,4.822738854,18-03-2010,09-12-2011,625,9,6.909090909,0.018755328,3.607594937,2346,44,2302,632
22430,ENAMEL WATERING CAN CREAM,1397,6761.38,5.599301676,14-05-2010,08-12-2011,356,11,6.073913043,0.026685393,2.433797909,1424,38,1386,574
22431,WATERING CAN BLUE ELEPHANT,3365,6771.52,2.359582665,22-02-2010,08-12-2011,620,11,9.985163205,0.005269321,5.13740458,3416,18,3398,655
22432,WATERING CAN PINK BUNNY,3532,6730.42,2.273969171,18-02-2010,08-12-2011,517,15,11.77333333,0.002318094,5.359635812,7765,18,7747,659
22433,WATERING CAN GREEN DINOSAUR,2778,5186.28,2.264964706,18-02-2010,08-12-2011,422,14,10.52272727,-0.010853835,4.215477997,-1382,15,-1397,659
22434,BALLOON PUMP WITH 10 BALLOONS,2547,4733.49,2.039407666,07-04-2010,08-12-2011,281,12,12.54679803,0.006957866,4.168576105,2587,18,2569,611
22435,SET OF 9 HEART SHAPED BALLOONS,4915,6185.22,1.427129799,08-04-2010,07-12-2011,537,13,15.40752351,0.030250272,8.070607553,4595,139,4456,609
22436,12 COLOURED PARTY BALLOONS,4215,2687.05,0.684353741,07-04-2010,07-12-2011,289,9,20.36231884,0.006284916,6.909836066,4296,27,4269,610
22437,SET OF 9 BLACK SKULL BALLOONS,6514,5457.97,0.980155211,07-04-2010,09-12-2011,443,15,21.8590604,0.002428658,10.64379085,6588,16,6572,612
22438,BALLOON ART MAKE YOUR OWN FLOWERS,1459,1913.22,1.924011299,11-04-2010,08-12-2011,170,6,11.3984375,0,2.403624382,1502,0,1502,607
22439,6 ROCKET BALLOONS ,3891,2599.01,0.731594595,08-04-2010,08-12-2011,363,9,15.62650602,0.018858436,6.378688525,3977,75,3902,610
22440,BALLOON WATER BOMB PACK OF 35,8523,3399.41,0.450733333,11-04-2010,06-12-2011,292,7,40.58571429,0.006224066,14.08760331,8676,54,8622,605
22441,GROW YOUR OWN BASIL IN ENAMEL MUG,2644,5729.57,2.428592437,23-03-2010,09-12-2011,472,11,9.579710145,0.003667033,4.216905901,2727,10,2717,627
22442,GROW YOUR OWN FLOWERS SET OF 3,866,4765.32,7.467803468,23-03-2010,09-12-2011,172,9,6.983870968,0.020524515,1.381180223,877,18,859,627
22443,GROW YOUR OWN HERBS SET OF 3,683,5393.43,8.465509434,23-03-2010,05-08-2011,264,10,3.773480663,0.007163324,1.363273453,698,5,693,501
22444,GROW YOUR OWN PLANT IN A CAN ,10132,13856.6,1.578920705,23-03-2010,19-05-2011,453,17,48.01895735,0.01049749,23.95271868,10955,115,10840,423
22445,PENCIL CASE LIFE IS BEAUTIFUL,1287,3948.86,3.467122807,17-03-2010,08-12-2011,275,14,6.532994924,0,2.036392405,1259,0,1259,632
22446,PIN CUSHION RUSSIAN DOLL PINK,618,1751.93,3.052328042,18-03-2010,09-12-2011,186,10,4.414285714,0.009584665,0.977848101,626,6,620,632
22447,PIN CUSHION RUSSIAN DOLL BLUE,248,796.34,3.486097561,23-03-2010,09-12-2011,82,7,3.594202899,0.023809524,0.39553429,252,6,246,627
22448,PIN CUSHION RUSSIAN DOLL RED,753,2426.73,3.689180328,18-03-2010,06-12-2011,121,10,7.171428571,0.007926024,1.197138315,757,6,751,629
22449,SILK PURSE RUSSIAN DOLL PINK,1323,4374.45,3.465705128,17-03-2010,24-11-2011,308,19,6.54950495,0.009607686,2.140776699,1249,12,1237,618
22450,SILK PURSE RUSSIAN DOLL BLUE,834,2798.28,3.512934783,17-03-2010,28-11-2011,180,13,6.043478261,0.015306122,1.340836013,784,12,772,622
22451,SILK PURSE RUSSIAN DOLL RED,1339,4496.99,3.82,17-03-2010,13-05-2011,238,12,8.638709677,0.006187162,3.165484634,1293,8,1285,423
22452,MEASURING TAPE RUSSIAN DOLL PINK,1271,3358.1,2.692996109,21-03-2010,06-12-2011,255,15,7.221590909,0.009938838,2.030351438,1308,13,1295,626
22453,MEASURING TAPE RUSSIAN DOLL BLUE,801,2212.92,2.87937931,21-03-2010,08-12-2011,144,14,7.151785714,0.009345794,1.275477707,856,8,848,628
22454,MEASURING TAPE RUSSIAN DOLL RED,1405,3933.63,3.144917127,19-03-2010,16-11-2011,179,13,10.40740741,0.014666667,2.310855263,1500,22,1478,608
22456,NATURAL SLATE CHALKBOARD LARGE ,4416,21583.2,6.30692951,04-03-2010,09-12-2011,835,7,11.26530612,0.022638224,6.835913313,4594,104,4490,646
22457,NATURAL SLATE HEART CHALKBOARD ,15373,47288.23,3.511840699,04-03-2010,09-12-2011,2046,15,33.13146552,0.007107501,23.79721362,15758,112,15646,646
22458,CAST IRON HOOK GARDEN FORK,1523,3790.47,2.863930636,04-03-2010,20-04-2011,173,4,12.08730159,0,3.687651332,1475,0,1475,413
22459,CAST IRON HOOK GARDEN TROWEL,1378,3389.74,2.887586207,04-03-2010,27-04-2011,172,6,10.68217054,0,3.280952381,1199,0,1199,420
22460,EMBOSSED GLASS TEALIGHT HOLDER,4771,6283.87,1.520952381,08-03-2010,09-12-2011,376,5,18.93253968,0.005378568,7.431464174,4834,26,4808,642
22461,SAVOY ART DECO CLOCK,410,3607.81,12.36856164,07-03-2010,12-08-2011,146,1,3.474576271,0.180515759,0.782442748,349,63,286,524
22464,HANGING METAL HEART LANTERN,7847,12985.31,1.909522013,04-03-2010,09-12-2011,784,11,19.18581907,0.031179845,12.14705882,8018,250,7768,646
22465,HANGING METAL STAR LANTERN,4517,7284.24,1.865506329,04-03-2010,09-12-2011,461,6,16.54578755,0.030910254,6.992260062,4691,145,4546,646
22466,FAIRY TALE COTTAGE NIGHTLIGHT,5312,9857.18,2.372267003,05-03-2010,09-12-2011,394,17,21.68163265,0.007144072,8.235658915,5879,42,5837,645
22467,GUMBALL COAT RACK,11868,28059.48,2.844572457,04-03-2010,09-12-2011,1095,19,31.3968254,0.027699265,18.37151703,10614,294,10320,646
22468,BABUSHKA LIGHTS STRING OF 10,1736,11542.6,7.880169492,08-03-2010,08-12-2011,413,14,6.728682171,0.032620922,2.708268331,1778,58,1720,641
22469,HEART OF WICKER SMALL,27908,48935.11,1.921567198,22-04-2010,09-12-2011,2151,15,66.92565947,0.009765219,46.74706868,28878,282,28596,597
22470,HEART OF WICKER LARGE,17773,53506.13,3.212542628,22-04-2010,08-12-2011,1952,10,42.01654846,0.021491371,29.8204698,18426,396,18030,596
22471,TV DINNER TRAY AIR HOSTESS ,627,2568.76,5.779318182,11-03-2010,09-12-2011,176,13,4.576642336,0.004658385,0.981220657,644,3,641,639
22472,TV DINNER TRAY DOLLY GIRL,1099,5160.32,5.8658,08-03-2010,08-12-2011,250,14,6.139664804,0.004440497,1.71450858,1126,5,1121,641
22473,TV DINNER TRAY VINTAGE PAISLEY,811,3070.92,5.20138756,11-03-2010,08-12-2011,209,9,5.165605096,0,1.271159875,836,0,836,638
22474,SPACEBOY TV DINNER TRAY,972,4746.53,6.225859375,08-03-2010,09-12-2011,254,15,5.460674157,0.032323232,1.514018692,990,32,958,642
22475,SKULL DESIGN TV DINNER TRAY,769,3856.8,6.003552124,05-03-2010,08-12-2011,256,8,3.984455959,0.007604563,1.194099379,789,6,783,644
22476,EMPIRE UNION JACK TV DINNER TRAY,1332,5218.61,6.592851852,07-03-2010,09-12-2011,269,8,6.795918367,0.007352941,2.071539658,1360,10,1350,643
22477,WATERING CAN GARDEN MARKER,2414,3356.74,1.648736462,05-03-2010,08-12-2011,276,9,11.83333333,0.000409333,3.748447205,2443,1,2442,644
22478,BIRDHOUSE GARDEN MARKER ,2772,3848.41,1.613974763,05-03-2010,09-12-2011,317,11,12.54298643,0.000718391,4.297674419,2784,2,2782,645
22479,DAISY GARDEN MARKER,1939,2691.19,1.578744186,05-03-2010,08-12-2011,214,5,11.75151515,0,3.010869565,1956,0,1956,644
22480,RED TEA TOWEL CLASSIC DESIGN,2368,2863.06,1.273670412,05-03-2010,28-08-2011,263,9,13.15555556,0,4.36900369,2401,0,2401,542
22481,BLACK TEA TOWEL CLASSIC DESIGN,1272,1309.81,1.160714286,07-03-2010,09-12-2011,219,4,7.709090909,0,1.978227061,1017,0,1017,643
22482,BLUE TEA TOWEL CLASSIC DESIGN,2319,2739.43,1.247706422,05-03-2010,05-07-2011,214,9,15.15686275,0,4.75204918,2306,0,2306,488
22483,RED GINGHAM TEDDY BEAR ,1877,5440.51,3.314584527,04-03-2010,08-12-2011,349,17,7.820833333,0.008914525,2.910077519,1907,17,1890,645
22485,SET OF 2 WOODEN MARKET CRATES,1101,14677.84,14.76142857,05-03-2010,09-12-2011,419,16,3.904255319,0.011722272,1.706976744,1109,13,1096,645
22486,PLASMATRONIC LAMP,104,856.4,9.821,08-03-2010,09-12-2011,40,2,2.810810811,0.132075472,0.161993769,106,14,92,642
22487,WHITE WOOD GARDEN PLANT LADDER,1632,16373.7,10.68828889,05-03-2010,08-12-2011,898,17,4,0.043478261,2.534161491,1633,71,1562,644
22488,NATURAL SLATE RECTANGLE CHALKBOARD,6905,11788.06,1.960036991,05-03-2010,09-12-2011,808,11,17.21945137,0.007046304,10.70542636,6954,49,6905,645
22489,PACK OF 12 TRADITIONAL CRAYONS,17916,7548.67,0.511937107,02-03-2010,09-12-2011,785,20,48.29110512,0.019241402,27.64814815,18086,348,17738,648
22491,PACK OF 12 COLOURED PENCILS,7423,5950,0.896202532,06-05-2010,09-12-2011,390,15,29.33992095,0.023828435,12.73241852,7554,180,7374,583
22492,MINI PAINT SET VINTAGE ,43546,27817.59,0.769918033,06-05-2010,08-12-2011,732,23,120.6260388,0.006153509,74.82130584,45665,281,45384,582
22493,PAINT YOUR OWN CANVAS SET,4738,7608.12,1.834222738,07-05-2010,08-12-2011,418,9,18.22307692,0.056822895,8.154905336,4822,274,4548,581
22494,EMERGENCY FIRST AID TIN ,2765,3730.92,1.717473461,29-01-2010,08-12-2011,468,22,8.75,0.017832168,4.072164948,2860,51,2809,679
22495,SET OF 2 ROUND TINS CAMEMBERT ,940,2682.32,3.421464435,29-01-2010,09-12-2011,237,13,5.371428571,0.006276151,1.382352941,956,6,950,680
22496,SET OF 2 ROUND TINS DUTCH CHEESE,731,1996.09,3.120721649,29-01-2010,09-12-2011,193,13,4.841059603,0.008152174,1.075,736,6,730,680
22497,SET OF 2 TINS VINTAGE BATHROOM ,929,4239.07,5.253928571,31-01-2010,05-12-2011,279,13,4.509708738,0.005376344,1.378338279,930,5,925,674
22498,WOODEN REGATTA BUNTING,1135,6933.74,6.845091384,03-02-2010,09-12-2011,381,7,4.348659004,0,1.681481481,1153,0,1153,675
22499,WOODEN UNION JACK BUNTING,3584,21826.52,6.621156812,02-02-2010,07-12-2011,774,8,10.01117318,0.001998287,5.317507418,3503,7,3496,674
22500,SET OF 2 TINS JARDIN DE PROVENCE,580,2647.31,5.186834171,31-01-2010,09-12-2011,198,8,3.717948718,0.006745363,0.855457227,593,4,589,678
22501,PICNIC BASKET WICKER LARGE,2612,30339.36,13.58845144,21-05-2010,06-11-2011,762,10,9.006896552,0.04903037,4.882242991,2733,134,2599,535
22502,PICNIC BASKET WICKER SMALL,3766,60880.3,8.060515575,23-05-2010,25-09-2011,924,8,12.26710098,0.021271333,7.6700611,4043,86,3957,491
22503,CABIN BAG VINTAGE PAISLEY,141,3178.02,25.08092593,30-04-2010,27-11-2011,54,10,2.764705882,0.147651007,0.244367418,149,22,127,577
22504,CABIN BAG VINTAGE RETROSPOT,366,7985.03,25.72113043,04-05-2010,05-12-2011,115,12,4.159090909,0.032085561,0.629948365,374,12,362,581
22505,MEMO BOARD COTTAGE DESIGN,3773,18034.63,5.474500666,10-03-2010,09-12-2011,744,23,9.902887139,0.004966022,5.8953125,3826,19,3807,640
22507,MEMO BOARD RETROSPOT  DESIGN,5455,25603.46,5.941274945,11-03-2010,09-12-2011,900,15,13.30487805,0.004214963,8.536776213,5694,24,5670,639
22508,DOORSTOP RETROSPOT HEART,2880,11561.95,4.388196023,11-03-2010,08-12-2011,697,13,7.868852459,0.010228435,4.514106583,2933,30,2903,638
22509,SEWING BOX RETROSPOT DESIGN ,387,5130.36,15.85803191,10-03-2010,08-12-2011,187,11,2.804347826,0.04822335,0.605633803,394,19,375,639
22510,DOORSTOP RUSSIAN DOLL GINGHAM,316,821.57,3.414333333,12-03-2010,08-12-2011,90,7,4.051282051,0,0.496075353,325,0,325,637
22511,DOORSTOP RUSSIAN DOLL RETROSPOT,397,1046.66,3.424732143,12-03-2010,08-12-2011,111,8,4.268817204,0.002444988,0.623233909,409,1,408,637
22512,DOORSTOP RACING CAR DESIGN,384,956.17,3.630985915,12-03-2010,06-12-2011,71,4,6.193548387,0,0.604724409,391,0,391,635
22513,DOORSTOP FOOTBALL DESIGN,585,1894.7,4.337426901,14-03-2010,09-12-2011,170,6,4.208633094,0,0.919811321,595,0,595,636
22514,CHILDS GARDEN SPADE BLUE,1082,2202.92,2.351802575,28-03-2010,08-12-2011,233,7,6.557575758,0.001813237,1.742351047,1103,2,1101,621
22515,CHILDS GARDEN SPADE PINK,1046,2129.74,2.451238095,28-03-2010,06-12-2011,208,7,6.881578947,0.003762935,1.689822294,1063,4,1059,619
22516,CHILDS GARDEN RAKE BLUE,839,1700.6,2.497804878,28-03-2010,08-12-2011,162,6,6.821138211,0.003504673,1.351046699,856,3,853,621
22517,CHILDS GARDEN RAKE PINK,806,1589.41,2.393026316,26-03-2010,06-12-2011,152,6,6.716666667,0,1.297906602,815,0,815,621
22518,CHILDS GARDEN BRUSH BLUE,1398,2899.8,2.545430712,25-03-2010,16-05-2011,266,11,8.961538462,0,3.344497608,1394,0,1394,418
22519,CHILDS GARDEN BRUSH PINK,1425,2968.77,2.477846154,25-03-2010,07-06-2011,258,10,9.628378378,0.009776536,3.238636364,1432,14,1418,440
22520,CHILDS GARDEN TROWEL BLUE ,2294,2011.28,0.926382979,25-03-2010,17-05-2011,369,9,11.52763819,0.000909091,5.474940334,2200,2,2198,419
22521,CHILDS GARDEN TROWEL PINK,2288,1987.93,0.935,25-03-2010,05-05-2011,370,10,12.30107527,0.000907029,5.621621622,2205,2,2203,407
22522,CHILDS GARDEN FORK BLUE ,2239,1905.81,0.908053097,25-03-2010,08-12-2011,334,10,10.86893204,0.007072136,3.588141026,2121,15,2106,624
22523,CHILDS GARDEN FORK PINK,2183,1882.29,0.927206704,25-03-2010,08-12-2011,352,11,10.59708738,0.007129278,3.498397436,2104,15,2089,624
22524,CHILDRENS GARDEN GLOVES BLUE,1925,2713.23,1.57840678,25-03-2010,24-05-2011,293,11,11,0.007337526,4.518779343,1908,14,1894,426
22525,CHILDRENS GARDEN GLOVES PINK,1946,2748.79,1.653525836,25-03-2010,18-04-2011,328,13,10.93258427,0.007824726,4.98974359,1917,15,1902,390
22526,WHEELBARROW FOR CHILDREN ,544,6689.67,13.60014423,26-03-2010,09-12-2011,207,6,3.675675676,0.02189781,0.871794872,548,12,536,624
22528,GARDENERS KNEELING PAD,5824,7623.41,1.490769231,26-03-2010,07-12-2010,554,3,37.81818182,0.007677871,22.6614786,5861,45,5816,257
22529,MAGIC DRAWING SLATE GO TO THE FAIR ,2437,984.03,0.456153846,28-03-2010,08-12-2011,155,7,19.81300813,0,3.92431562,2470,0,2470,621
22530,MAGIC DRAWING SLATE DOLLY GIRL ,10065,4257.09,0.494556962,28-03-2010,08-12-2011,468,15,38.26996198,0.004671988,16.20772947,10274,48,10226,621
22531,MAGIC DRAWING SLATE CIRCUS PARADE  ,8136,3507.76,0.485377129,31-03-2010,08-12-2011,406,14,31.53488372,0,13.16504854,8314,0,8314,618
22532,MAGIC DRAWING SLATE LEAP FROG ,2862,1101.1,0.454611111,28-03-2010,08-12-2011,175,9,21.04411765,0,4.608695652,2919,0,2919,621
22533,MAGIC DRAWING SLATE BAKE A CAKE ,4519,1783.36,0.475423729,28-03-2010,08-12-2011,231,12,26.42690058,0.015450644,7.276972625,4660,72,4588,621
22534,MAGIC DRAWING SLATE SPACEBOY ,12891,5514.79,0.495116667,28-03-2010,08-12-2011,583,15,40.53773585,0.010666053,20.75845411,13032,139,12893,621
22535,MAGIC DRAWING SLATE BUNNIES ,4454,1862.49,0.470398671,25-03-2010,02-12-2011,298,10,21.31100478,0.026566305,7.207119741,4517,120,4397,618
22536,MAGIC DRAWING SLATE PURDEY,9091,3586.24,0.455641711,28-03-2010,08-12-2011,365,10,37.7219917,0.013898405,14.63929147,10217,142,10075,621
22537,MAGIC DRAWING SLATE DINOSAUR,5861,2420.91,0.488328691,29-03-2010,05-12-2011,350,10,24.42083333,0.008067227,9.499189627,5950,48,5902,617
22538,MINI JIGSAW GO TO THE FAIR,1443,610.43,0.53627907,28-03-2010,05-12-2011,86,7,18.0375,0,2.334951456,1446,0,1446,618
22539,MINI JIGSAW DOLLY GIRL,5654,2268.13,0.540281124,26-03-2010,09-12-2011,247,17,31.41111111,0.000174004,9.060897436,5747,1,5746,624
22540,MINI JIGSAW CIRCUS PARADE ,6162,2410.29,0.496631579,28-03-2010,09-12-2011,189,14,42.20547945,0.000477251,9.906752412,6286,3,6283,622
22541,MINI JIGSAW LEAP FROG,1245,503.92,0.559104478,28-03-2010,06-12-2011,66,8,21.46551724,0,2.011308562,1247,0,1247,619
22543,MINI JIGSAW BAKE A CAKE ,3247,1281.49,0.508728814,26-03-2010,08-12-2011,118,10,32.7979798,0,5.21187801,3300,0,3300,623
22544,MINI JIGSAW SPACEBOY,9382,3756.52,0.510789474,25-03-2010,09-12-2011,341,16,39.58649789,0.009533787,15.0112,9545,91,9454,625
22545,MINI JIGSAW BUNNIES,3451,1421.06,0.533297297,26-03-2010,09-12-2011,184,10,23.6369863,0.014064294,5.530448718,3484,49,3435,624
22546,MINI JIGSAW FIDO,4375,1760.8,0.516758242,26-03-2010,08-12-2011,181,10,30.38194444,0.000228102,7.02247191,4384,1,4383,623
22547,MINI JIGSAW DINOSAUR ,1980,846.82,0.59296875,26-03-2010,08-12-2011,189,8,13.2,0.000979912,3.178170144,2041,2,2039,623
22548,HEADS AND TAILS SPORTING FUN,3526,4404.31,1.38725,25-03-2010,13-11-2011,428,11,13.88188976,0,5.886477462,3519,0,3519,599
22549,PICTURE DOMINOES,6521,9718.41,1.859376731,25-03-2010,09-12-2011,711,18,18.7925072,0.000149522,10.4336,6688,1,6687,625
22550,HOLIDAY FUN LUDO,2058,7669.64,4.364812207,25-03-2010,08-12-2011,425,17,7.622222222,0.042004773,3.298076923,2095,88,2007,624
22551,PLASTERS IN TIN SPACEBOY,15441,25912.87,1.811910198,25-03-2010,09-12-2011,1299,27,34.62107623,0.018188732,24.7056,15779,287,15492,625
22553,PLASTERS IN TIN SKULLS,7794,13013.15,1.901796029,25-03-2010,09-12-2011,1090,23,18.64593301,0.014800197,12.4704,8108,120,7988,625
22554,PLASTERS IN TIN WOODLAND ANIMALS,13588,22853.72,1.865147059,25-03-2010,09-12-2011,1275,25,30.53483146,0.011531767,21.7408,13788,159,13629,625
22555,PLASTERS IN TIN STRONGMAN,11549,18680.32,1.805651731,25-03-2010,09-12-2011,967,24,28.16829268,0.003359933,18.4784,11905,40,11865,625
22556,PLASTERS IN TIN CIRCUS PARADE ,13585,22334.08,1.774983553,25-03-2010,09-12-2011,1196,24,31.01598174,0.008625063,21.736,13797,119,13678,625
22557,PLASTERS IN TIN VINTAGE PAISLEY ,10369,17401.3,1.829238754,25-03-2010,09-12-2011,1126,29,24.00231481,0.007532957,16.5904,10620,80,10540,625
22558,CLOTHES PEGS RETROSPOT PACK 24 ,13809,19513.17,1.669216172,14-04-2010,09-12-2011,1202,17,38.25207756,0.006404392,22.82479339,14209,91,14118,605
22559,SEASIDE FRISBEE ,1583,1986.87,1.500882353,25-03-2010,05-12-2011,202,8,10.69594595,0.002517306,2.549114332,1589,4,1585,621
22560,TRADITIONAL MODELLING CLAY,14836,17861.71,1.371140584,25-03-2010,09-12-2011,742,12,40.20596206,0.011493498,23.7376,15226,175,15051,625
22561,WOODEN SCHOOL COLOURING SET,11642,19524.27,1.741420824,25-03-2010,09-12-2011,904,18,29.03241895,0.035826471,18.6272,11779,422,11357,625
22562,MONSTERS STENCIL CRAFT,3978,4682.3,1.323358586,24-03-2010,08-12-2011,393,10,16.37037037,0,6.3648,4013,0,4013,625
22563,HAPPY STENCIL CRAFT,5942,6923.85,1.317904412,24-03-2010,08-12-2011,533,8,19.61056106,0.000499002,9.5072,6012,3,6009,625
22564,ALPHABET STENCIL CRAFT,4570,5221.4,1.322936047,24-03-2010,08-12-2011,343,6,20.49327354,0.147732181,7.312,4630,684,3946,625
22565,FELTCRAFT HAIRBANDS PINK + WHITE ,2086,1902.19,1.032269504,10-03-2010,09-12-2011,278,8,10.32673267,0.000469704,3.259375,2129,1,2128,640
22566,"FELTCRAFT HAIRBAND S/2, PINK/PURPLE",2836,2373.82,0.988245033,10-03-2010,09-12-2011,297,7,13.63461538,0,4.43125,2896,0,2896,640
22567,20 DOLLY PEGS RETROSPOT,5561,6955.83,1.455843137,26-03-2010,09-12-2011,506,17,18.47508306,0.008454106,8.911858974,5796,49,5747,624
22568,FELTCRAFT CUSHION OWL,5479,20244.97,4.161740614,10-03-2010,07-12-2011,875,10,13.97704082,0.06437613,8.587774295,5530,356,5174,638
22569,FELTCRAFT CUSHION BUTTERFLY,5521,20104.43,4.187288777,10-03-2010,25-10-2011,784,10,15.50842697,0.061094386,9.278991597,5647,345,5302,595
22570,FELTCRAFT CUSHION RABBIT,5631,20901.1,4.310666667,10-03-2010,18-11-2011,807,13,15.64166667,0.075008702,9.096930533,5746,431,5315,619
22571,ROCKING HORSE RED CHRISTMAS ,5780,5135.24,1.044126679,23-07-2010,09-12-2011,511,17,30.10416667,0.018059432,11.44554455,6091,110,5981,505
22572,ROCKING HORSE GREEN CHRISTMAS ,3439,3087.18,1.03997319,22-07-2010,29-11-2011,362,13,21.09815951,0.000895255,6.933467742,3351,3,3348,496
22573,STAR WOODEN CHRISTMAS DECORATION,4907,4403.83,1.091466993,18-07-2010,09-12-2011,405,12,28.52906977,0,9.621568627,5127,0,5127,510
22574,HEART WOODEN CHRISTMAS DECORATION,5074,4629.17,1.066309524,18-07-2010,09-12-2011,415,13,28.99428571,0.089119941,9.949019608,5386,480,4906,510
22575,METAL MERRY CHRISTMAS WREATH,3113,6699.71,2.092623907,18-07-2010,05-12-2011,330,10,20.34640523,0.032583904,6.152173913,3069,100,2969,506
22576,SWALLOW WOODEN CHRISTMAS DECORATION,3132,2835.08,1.061786744,18-07-2010,09-12-2011,330,13,19.94904459,0.00179964,6.141176471,3334,6,3328,510
22577,WOODEN HEART CHRISTMAS SCANDINAVIAN,14023,7154.53,0.65027907,18-07-2010,09-12-2011,832,13,63.16666667,0.007284529,27.49607843,13865,101,13764,510
22578,WOODEN STAR CHRISTMAS SCANDINAVIAN,13302,6419.24,0.621917808,18-07-2010,09-12-2011,768,12,71.9027027,0.013652153,26.08235294,12379,169,12210,510
22579,WOODEN TREE CHRISTMAS SCANDINAVIAN,7152,3797.28,0.690505226,18-07-2010,28-11-2011,553,11,44.14814815,0.013245033,14.33266533,7248,96,7152,499
22580,ADVENT CALENDAR GINGHAM SACK,2322,13141.08,6.138709677,20-07-2010,09-12-2011,495,16,12.48387097,0.052409129,4.570866142,2366,124,2242,508
22581,WOOD STOCKING CHRISTMAS SCANDISPOT,3565,2852.63,0.935717949,18-07-2010,09-12-2011,380,10,22.00617284,0.000547495,6.990196078,3653,2,3651,510
22582,PACK OF 6 SWEETIE GIFT BOXES,2522,6324.77,2.873543046,10-03-2010,08-12-2011,295,18,12.42364532,0.030660377,3.946791862,2544,78,2466,639
22583,PACK OF 6 HANDBAG GIFT BOXES,1873,4955.75,2.978753463,10-03-2010,08-12-2011,349,16,8.399103139,0.058328954,2.93114241,1903,111,1792,639
22584,PACK OF 6 PANNETONE GIFT BOXES,5222,13287.78,2.862722689,10-03-2010,08-12-2011,589,17,16.52531646,0.037233037,8.172143975,5291,197,5094,639
22585,PACK OF 6 BIRDY GIFT TAGS,17557,21977.3,1.381512456,10-03-2010,09-12-2011,1084,18,44.67430025,0.021488956,27.4328125,18335,394,17941,640
22586,FELTCRAFT HAIRBAND PINK AND BLUE,2087,1815.14,1.002266667,10-03-2010,09-12-2011,295,9,10.28078818,0.022900763,3.2609375,2096,48,2048,640
22587,"FELTCRAFT HAIRBAND, S/2, RED/BLUE",2112,1841.19,1.004873418,10-03-2010,08-12-2011,308,8,10.25242718,0,3.305164319,2147,0,2147,639
22588,CARDHOLDER GINGHAM HEART,2849,7776.84,3.101122449,16-07-2010,08-12-2011,483,13,12.66222222,0.13400277,5.575342466,2888,387,2501,511
22589,CARDHOLDER GINGHAM STAR,1317,3626.78,3.094315353,16-07-2010,09-12-2011,238,9,9.902255639,0.012958963,2.572265625,1389,18,1371,512
22591,CARDHOLDER GINGHAM CHRISTMAS TREE,1347,3854.15,3.474641148,16-07-2010,09-12-2011,208,7,11.31932773,0.096,2.630859375,1375,132,1243,512
22592,CARDHOLDER HOLLY WREATH METAL,1980,7956.84,4.434281046,27-07-2010,09-12-2011,304,9,13.02631579,0.0009995,3.952095808,2001,2,1999,501
22593,CHRISTMAS GINGHAM STAR,5420,4823.9,1.066067146,16-07-2010,09-12-2011,415,16,29.45652174,0.04955265,10.5859375,5812,288,5524,512
22594,CHRISTMAS GINGHAM TREE,4791,4377.33,1.105084746,18-07-2010,09-12-2011,412,14,26.61666667,0.000199561,9.394117647,5011,1,5010,510
22595,CHRISTMAS GINGHAM HEART,12535,10544.32,1.001277916,16-07-2010,08-12-2011,796,18,41.64451827,0.022249691,24.53033268,12944,288,12656,511
22596,CHRISTMAS STAR WISH LIST CHALKBOARD,6331,6471.2,1.123573034,16-07-2010,09-12-2011,438,11,38.60365854,0.004559748,12.36523438,6360,29,6331,512
22597,CHRISTMAS MUSICAL ZINC HEART ,4613,2766.08,0.784309764,25-07-2010,09-12-2011,291,10,29.57051282,0.007300837,9.170974155,4657,34,4623,503
22598,CHRISTMAS MUSICAL ZINC TREE,1790,1131.85,0.766643836,26-07-2010,09-12-2011,144,5,19.45652174,0.003335186,3.565737052,1799,6,1793,502
22599,CHRISTMAS MUSICAL ZINC STAR,3119,1976.88,0.735183246,25-07-2010,09-12-2011,189,7,28.35454545,0.007655502,6.200795229,3135,24,3111,503
22600,CHRISTMAS RETROSPOT STAR WOOD,4860,4209.9,1.008853211,16-07-2010,09-12-2011,429,15,26.27027027,0.005644023,9.4921875,4961,28,4933,512
22601,CHRISTMAS RETROSPOT ANGEL WOOD,5250,4547.19,1.023507109,18-07-2010,09-12-2011,417,15,27.92553191,0.000740056,10.29411765,5405,4,5401,510
22602,CHRISTMAS RETROSPOT HEART WOOD,6383,5415.59,1.031056466,16-07-2010,09-12-2011,535,16,25.63453815,0.007827789,12.46679688,6643,52,6591,512
22603,CHRISTMAS RETROSPOT TREE WOOD,4143,3552.09,1.031565657,16-07-2010,08-12-2011,388,14,24.22807018,0.003076923,8.107632094,4225,13,4212,511
22604,SET OF 4 NAPKIN CHARMS CUTLERY,2017,4957.62,2.751314741,23-07-2010,08-12-2011,247,9,11.79532164,0.011735941,4.001984127,2045,24,2021,504
22605,WOODEN CROQUET GARDEN SET,1827,23426.82,14.76643857,08-04-2010,08-12-2011,642,14,5.8,0.007579859,2.995081967,1847,14,1833,610
22606,WOODEN SKITTLES GARDEN SET,1069,14881.94,16.35862069,08-04-2010,08-12-2011,374,9,4.730088496,0.032755299,1.752459016,1038,34,1004,610
22607,WOODEN ROUNDERS GARDEN SET ,2533,22906.54,10.02461847,08-04-2010,08-12-2011,744,8,8.674657534,0.006387226,4.152459016,2505,16,2489,610
22608,PENS ASSORTED FUNKY JEWELED ,5735,1573.81,0.462235294,26-02-2010,09-12-2011,170,5,46.25,0.007449757,8.79601227,5772,43,5729,652
22609,PENS ASSORTED SPACEBALL,7087,2414.54,0.565,23-02-2010,08-12-2011,201,6,47.24666667,0.020097697,10.83639144,7165,144,7021,654
22610,PENS ASSORTED FUNNY FACE,12680,5107.54,0.556319444,25-02-2010,07-12-2011,287,6,63.08457711,0.00282198,19.47772657,12757,36,12721,651
22611,VINTAGE UNION JACK SHOPPING BAG,907,4338.63,5.16705,28-03-2010,25-11-2011,195,8,6.718518519,0.00440044,1.491776316,909,4,905,608
22612,TEA COSY VINTAGE UNION JACK,1001,3984.99,4.200540541,28-03-2010,28-09-2010,109,4,13.52702703,0.004008016,5.410810811,998,4,994,185
22613,PACK OF 20 SPACEBOY NAPKINS,3051,2419.76,0.965357143,06-05-2010,09-12-2011,273,14,15.02955665,0.003262643,5.233276158,3065,10,3055,583
22614,PACK OF 12 SPACEBOY TISSUES,5726,1954.3,0.417989276,06-05-2010,09-12-2011,368,13,24.78787879,0.022607513,9.82161235,5883,133,5750,583
22615,PACK OF 12 CIRCUS PARADE TISSUES ,3718,1145.88,0.451164021,06-05-2010,09-12-2011,188,10,24.14285714,0.003103983,6.377358491,3866,12,3854,583
22616,PACK OF 12 LONDON TISSUES ,39147,12460.16,0.425160523,06-05-2010,09-12-2011,825,10,105.5175202,0.001783635,67.14751286,40367,72,40295,583
22617,BAKING SET SPACEBOY DESIGN,4251,20546.99,5.301244726,14-03-2010,09-12-2011,942,24,10.70780856,0.136312849,6.683962264,1790,244,1546,636
22618,COOKING SET RETROSPOT,718,6984.35,10.46934156,14-03-2010,06-05-2011,242,15,4.818791946,-0.139510117,1.713603819,-939,131,-1070,419
22619,SET OF 6 SOLDIER SKITTLES,4008,15620.09,4.446620112,07-05-2010,09-12-2011,708,25,12.29447853,0.002352388,6.886597938,4251,10,4241,582
22620,4 TRADITIONAL SPINNING TOPS,8181,11073.45,1.572578763,09-05-2010,09-12-2011,841,21,22.91596639,0.002869784,14.10517241,8363,24,8339,580
22621,TRADITIONAL KNITTING NANCY,8726,13784.32,1.815347534,06-05-2010,09-12-2011,875,16,25.74041298,0.009702089,14.96740995,8761,85,8676,583
22622,BOX OF VINTAGE ALPHABET BLOCKS,2945,29450.11,11.3934669,07-05-2010,09-12-2011,571,17,9.816666667,0.018815546,5.060137457,3242,61,3181,582
22623,BOX OF VINTAGE JIGSAW BLOCKS ,2312,12432.28,5.667882136,06-05-2010,07-12-2011,541,14,8.169611307,0.033502969,3.979345955,2358,79,2279,581
22624,IVORY KITCHEN SCALES,3152,27282.73,9.3401638,04-05-2010,09-12-2011,1219,19,7.687804878,0.009107468,5.388034188,3294,30,3264,585
22625,RED KITCHEN SCALES,2627,22911.55,9.727957895,04-05-2010,09-12-2011,950,20,6.931398417,0.013430127,4.490598291,2755,37,2718,585
22626,BLACK KITCHEN SCALES,837,7167.48,9.225457227,30-04-2010,08-12-2011,339,18,3.623376623,0.01489118,1.423469388,873,13,860,588
22627,MINT KITCHEN SCALES,1600,14016.8,9.471406728,04-05-2010,09-12-2011,653,18,4.953560372,0.010334347,2.735042735,1645,17,1628,585
22628,PICNIC BOXES SET OF 3 RETROSPOT ,1744,8367.8,5.627806268,01-07-2010,09-12-2011,350,16,7.785714286,0.015410959,3.309297913,1752,27,1725,527
22629,SPACEBOY LUNCH BOX ,20807,37955.5,2.169347353,01-07-2010,09-12-2011,1368,21,51.37530864,0.003345427,39.48197343,21223,71,21152,527
22630,DOLLY GIRL LUNCH BOX,18058,33380.83,2.302579689,01-07-2010,09-12-2011,1333,24,44.47783251,0.018342649,34.26565465,18427,338,18089,527
22631,CIRCUS PARADE LUNCHBOX ,6272,12241.85,2.496909361,14-03-2010,09-12-2011,663,19,19.2392638,0.005838725,9.86163522,6337,37,6300,636
22632,HAND WARMER RED POLKA DOT,10290,20540.33,2.204919054,20-09-2010,09-12-2011,779,10,68.14569536,0.003240032,23.07174888,11111,36,11075,446
22633,HAND WARMER UNION JACK,8541,17576.67,2.213322222,07-10-2010,09-12-2011,858,7,55.82352941,0.004635971,19.90909091,9491,44,9447,429
22634,CHILDS BREAKFAST SET SPACEBOY ,1688,15946.55,10.16281437,20-05-2010,09-12-2011,499,20,5.902097902,0.05561993,2.966608084,1726,96,1630,569
22635,CHILDS BREAKFAST SET DOLLY GIRL ,1660,15795.01,10.3038193,20-05-2010,07-12-2011,485,21,6.311787072,0.073242764,2.927689594,1693,124,1569,567
22636,CHILDS BREAKFAST SET CIRCUS PARADE,1618,13437.03,8.807667343,20-05-2010,08-12-2011,489,18,5.820143885,0.029429429,2.848591549,1665,49,1616,568
22637,PIGGY BANK RETROSPOT ,4478,11492.82,3.016327212,20-05-2010,27-11-2011,598,15,13.9068323,0.016443762,8.039497307,4561,75,4486,557
22638,SET OF 4 NAPKIN CHARMS CROWNS ,405,735.23,2.352567568,23-07-2010,08-12-2011,74,5,6.86440678,0.002409639,0.803571429,415,1,414,504
22639,SET OF 4 NAPKIN CHARMS HEARTS,1651,4021.12,2.706512456,18-07-2010,08-12-2011,275,6,9.121546961,0.003573556,3.243614931,1679,6,1673,509
22640,SET OF 4 NAPKIN CHARMS 3 KEYS ,357,765.39,2.561818182,24-06-2010,08-12-2011,87,4,4.697368421,0,0.669793621,367,0,367,533
22641,SET OF 4 NAPKIN CHARMS INSTRUMENT,300,704.9,2.602753623,21-07-2010,07-12-2011,69,3,4.761904762,0,0.594059406,303,0,303,505
22642,SET OF 4 NAPKIN CHARMS STARS   ,989,2348.47,2.583287671,18-07-2010,08-12-2011,141,6,9.792079208,0,1.94302554,1000,0,1000,509
22643,SET OF 4 NAPKIN CHARMS LEAVES   ,464,1006.24,2.395208333,18-07-2010,08-12-2011,96,2,5.948717949,0,0.911591356,474,0,474,509
22644,CERAMIC CHERRY CAKE MONEY BANK,4857,7069.88,1.967019544,14-05-2010,09-12-2011,610,11,15.61736334,0.02099686,8.446956522,5096,107,4989,575
22645,CERAMIC HEART FAIRY CAKE MONEY BANK,5560,9925.13,2.018728246,14-05-2010,09-12-2011,741,11,16.6966967,0.01478586,9.669565217,5884,87,5797,575
22646,CERAMIC STRAWBERRY CAKE MONEY BANK,8913,12654.71,1.872679372,14-05-2010,09-12-2011,880,16,24.28610354,0.011702813,15.50086957,9314,109,9205,575
22647,CERAMIC LOVE HEART MONEY BANK,1058,919.63,1.53695122,14-05-2010,08-12-2011,82,4,14.49315068,0.02247191,1.843205575,1068,24,1044,574
22649,STRAWBERRY FAIRY CAKE TEAPOT,2302,11541.78,5.76137931,14-05-2010,05-12-2011,486,17,8.557620818,0.030690537,4.031523643,2346,72,2274,571
22650,CERAMIC PIRATE CHEST MONEY BANK,1786,2717.88,1.846947368,14-05-2010,09-12-2011,282,12,9.065989848,0.01996762,3.106086957,1853,37,1816,575
22651,GENTLEMAN SHIRT REPAIR KIT ,3175,2720.86,1.160036765,20-07-2010,09-12-2011,270,10,17.83707865,0,6.25,3253,0,3253,508
22652,TRAVEL SEWING KIT,9910,16794.05,1.906125592,18-07-2010,15-11-2011,830,26,30.58641975,0.005569922,20.3909465,10054,56,9998,486
22653,BUTTON BOX ,3031,5618.21,2.042291667,19-07-2010,09-12-2011,381,8,13.17826087,0.020792723,5.95481336,3078,64,3014,509
22654,DELUXE SEWING KIT ,2534,16971.27,7.357757475,19-07-2010,09-12-2011,597,14,9.214545455,0.020081815,4.978388998,2689,54,2635,509
22655,VINTAGE RED KITCHEN CABINET,76,12845,186.3207547,12-07-2010,01-11-2011,53,3,1.688888889,0.144578313,0.158995816,83,12,71,478
22656,VINTAGE BLUE KITCHEN CABINET,45,9290,214.8648649,12-07-2010,12-10-2011,37,3,1.363636364,0.270833333,0.098253275,48,13,35,458
22657,HEN & 2 CHICKS IN BASKET,59,50.15,0.85,31-01-2010,21-03-2010,7,1,8.428571429,0,1.18,130,0,130,50
22659,LUNCHBOX I LOVE LONDON,15942,29563.81,2.333369763,14-03-2010,09-12-2011,1075,18,40.66836735,0.020214595,25.06603774,16869,341,16528,636
22660,DOORMAT I LOVE LONDON,881,5839.41,9.098402062,28-06-2010,07-12-2011,194,14,6.160839161,0.006734007,1.668560606,891,6,885,528
22661,CHARLOTTE BAG DOLLY GIRL DESIGN,8199,6620.45,0.958338558,19-07-2010,08-12-2011,631,15,26.62012987,0.001923308,16.13976378,8319,16,8303,508
22662,LUNCH BAG DOLLY GIRL DESIGN,9951,16213.61,1.918935323,19-07-2010,09-12-2011,994,17,26.89459459,0.006753402,19.55009823,10069,68,10001,509
22663,JUMBO BAG DOLLY GIRL DESIGN,5764,11465.29,2.438277858,19-07-2010,09-12-2011,688,12,17.95638629,0.005869152,11.32416503,5793,34,5759,509
22664,TOY TIDY DOLLY GIRL DESIGN,1429,2954.19,2.761428571,22-07-2010,09-12-2011,266,11,7.724324324,0.008298755,2.824110672,1446,12,1434,506
22665,RECIPE BOX BLUE SKETCHBOOK DESIGN,2955,9589.84,3.771145686,11-07-2010,25-11-2011,703,14,9.784768212,0.015282392,5.874751491,3010,46,2964,503
22666,RECIPE BOX PANTRY YELLOW DESIGN,10706,33682.62,3.601101137,09-07-2010,09-12-2011,1657,23,25.85990338,0.021598469,20.62813102,10973,237,10736,519
22667,RECIPE BOX RETRO SPOT DESIGN,4845,13586.35,2.990979021,09-07-2010,09-12-2011,848,18,15.04658385,0.030102348,9.335260116,4983,150,4833,519
22668,PINK BABY BUNTING,3587,10898.05,3.915388601,07-07-2010,08-12-2011,579,18,11.87748344,0.018590455,6.898076923,3604,67,3537,520
22669,RED BABY BUNTING ,2386,7613.94,3.62755102,06-07-2010,08-12-2011,438,12,9.73877551,0.022550226,4.579654511,2439,55,2384,521
22670,FRENCH WC SIGN BLUE METAL,4432,5510.57,1.568541667,17-08-2010,09-12-2011,425,10,17.87096774,0.258236866,9.233333333,4492,1160,3332,480
22671,FRENCH LAUNDRY SIGN BLUE METAL,1688,2811.34,2.044412955,17-08-2010,08-12-2011,246,5,9.377777778,0.002325581,3.524008351,1720,4,1716,479
22672,FRENCH BATHROOM SIGN BLUE METAL,2850,4736.11,1.946595745,17-08-2010,08-12-2011,370,9,12.83783784,0.005923345,5.949895616,2870,17,2853,479
22673,FRENCH GARDEN SIGN BLUE METAL,1320,1667.5,1.4475,17-08-2010,08-12-2011,195,6,9.166666667,0.080740741,2.755741127,1350,109,1241,479
22674,FRENCH TOILET SIGN BLUE METAL,2377,2956.33,1.451966667,17-08-2010,08-12-2011,297,9,11.70935961,0.005835765,4.962421712,2399,14,2385,479
22675,FRENCH KITCHEN SIGN BLUE METAL,2227,2754.95,1.442637363,17-08-2010,08-12-2011,270,9,12.79885057,0.012511171,4.649269311,2238,28,2210,479
22676,"FRENCH BLUE METAL DOOR SIGN, 1",1830,2464.98,1.594918567,17-08-2010,09-12-2011,305,7,9.104477612,0.005863539,3.8125,1876,11,1865,480
22677,"FRENCH BLUE METAL DOOR SIGN, 2",1583,2143.03,1.642989324,17-08-2010,02-12-2011,280,8,8.556756757,0.006849315,3.346723044,1606,11,1595,473
22678,"FRENCH BLUE METAL DOOR SIGN, 3",1400,1875.53,1.613145161,17-08-2010,08-12-2011,248,7,7.777777778,0.007681564,2.922755741,1432,11,1421,479
22679,"FRENCH BLUE METAL DOOR SIGN, 4",1263,1695.68,1.634782609,17-08-2010,08-12-2011,230,8,7.385964912,0.00770416,2.636743215,1298,10,1288,479
22680,"FRENCH BLUE METAL DOOR SIGN, 5",1356,1820.45,1.589094828,17-08-2010,08-12-2011,230,8,8.119760479,0.021489971,2.830897704,1396,30,1366,479
22681,"FRENCH BLUE METAL DOOR SIGN, 6",1167,1559.52,1.615885417,17-08-2010,05-12-2011,189,7,7.62745098,0.010075567,2.451680672,1191,12,1179,476
22682,"FRENCH BLUE METAL DOOR SIGN, 7",1166,1521.86,1.533879781,17-08-2010,06-12-2011,182,6,8.328571429,0.009314141,2.444444444,1181,11,1170,477
22683,"FRENCH BLUE METAL DOOR SIGN, 8",1131,1501.66,1.591197917,17-08-2010,02-12-2011,190,7,7.440789474,0.010371651,2.391120507,1157,12,1145,473
22684,"FRENCH BLUE METAL DOOR SIGN, 9",1012,1342.44,1.593878788,17-08-2010,09-12-2011,162,7,7.72519084,0.012633625,2.108333333,1029,13,1016,480
22685,"FRENCH BLUE METAL DOOR SIGN, 0",1082,1395.84,1.464658385,17-08-2010,08-12-2011,160,6,8.453125,0.009124088,2.258872651,1096,10,1086,479
22686,"FRENCH BLUE METAL DOOR SIGN, No",1406,1857.39,1.82361991,17-08-2010,08-12-2011,221,6,8.319526627,0.016689847,2.935281837,1438,24,1414,479
22687,DOORMAT CHRISTMAS VILLAGE,895,5784.67,9.81704698,28-06-2010,08-12-2011,149,7,10.78313253,0,1.691871456,899,0,899,529
22688,DOORMAT PEACE ON EARTH BLUE,865,4756.7,8.462688172,28-06-2010,08-12-2011,93,7,12.01388889,0,1.635160681,874,0,874,529
22689,DOORMAT MERRY CHRISTMAS RED ,1092,8366.72,9.377509434,28-06-2010,28-11-2011,264,9,7.8,0.091561939,2.104046243,1114,102,1012,519
22690,DOORMAT HOME SWEET HOME BLUE ,2530,15836.35,8.210570776,28-06-2010,08-12-2011,437,16,9.960629921,0.002345582,4.782608696,2558,6,2552,529
22691,DOORMAT WELCOME SUNRISE,758,5198.6,8.91912844,28-06-2010,08-12-2011,218,8,4.62195122,0.187664042,1.43289225,762,143,619,529
22692,DOORMAT WELCOME TO OUR HOME,2135,15965.95,9.478828383,28-06-2010,08-12-2011,606,16,6.931818182,0.066203704,4.035916824,2160,143,2017,529
22693,GROW A FLYTRAP OR SUNFLOWER IN TIN,17875,20469.08,1.463076923,05-08-2010,09-12-2011,350,12,87.19512195,0.004022571,36.33130081,17899,72,17827,492
22694,WICKER STAR ,4893,10958.6,2.400218391,29-07-2010,09-12-2011,858,6,17.85766423,0.035046729,9.805611222,5136,180,4956,499
22695,WICKER WREATH SMALL,1457,2070.15,1.709304348,29-07-2010,09-12-2011,225,4,10.11805556,0,2.919839679,1501,0,1501,499
22696,WICKER WREATH LARGE,1415,2790.83,2.25840678,29-07-2010,07-12-2011,288,4,8.085714286,0,2.847082495,1486,0,1486,497
22697,GREEN REGENCY TEACUP AND SAUCER,9795,30425.05,3.782205128,11-08-2010,09-12-2011,1353,21,25.64136126,0.018977958,20.15432099,10117,192,9925,486
22698,PINK REGENCY TEACUP AND SAUCER,8193,24374.62,3.691405197,11-08-2010,09-12-2011,1033,18,25.36532508,0.027948781,16.85802469,8122,227,7895,486
22699,ROSES REGENCY TEACUP AND SAUCER ,13070,38249.5,3.614057063,11-08-2010,09-12-2011,1424,21,34.66843501,0.037331334,26.89300412,13340,498,12842,486
22700,BLACK AND WHITE DOG BOWL,1384,3155.4,2.837959184,01-07-2010,07-10-2011,98,8,17.08641975,0.016344725,2.982758621,1346,22,1324,464
22701,PINK DOG BOWL,675,1320.57,2.842075472,22-06-2010,09-12-2011,158,4,5.578512397,0.023633678,1.259328358,677,16,661,536
22702,BLACK AND WHITE CAT BOWL,1589,3156.32,2.176842105,23-06-2010,02-12-2011,94,8,19.14457831,0.001255493,3.009469697,1593,2,1591,528
22703,PINK CAT BOWL,513,921.81,1.932181818,23-06-2010,09-12-2011,165,4,4.204918033,0,0.958878505,515,0,515,535
22704,WRAP RED APPLES ,8678,3564.76,0.418915254,27-05-2010,09-12-2011,295,14,41.5215311,0.005647803,15.44128114,8853,50,8803,562
22705,WRAP GREEN PEARS ,3733,1567.86,0.42,27-05-2010,06-12-2011,151,10,29.62698413,0.006438321,6.677996422,3883,25,3858,559
22706,WRAP COWBOYS  ,4222,1693.24,0.41744,02-06-2010,07-12-2011,125,12,40.59615385,0.01170412,7.620938628,4272,50,4222,554
22707,WRAP MONSTER FUN ,2157,905.94,0.42,27-05-2010,02-12-2011,83,8,28.01298701,0,3.886486486,2157,0,2157,555
22708,WRAP DOLLY GIRL,5325,2140.5,0.418490566,02-06-2010,08-12-2011,159,14,41.6015625,0.004651163,9.594594595,5375,25,5350,555
22709,WRAP WEDDING DAY,2799,1099.58,0.415064935,02-06-2010,08-12-2011,77,10,43.06153846,0.008931761,5.043243243,2799,25,2774,555
22710,WRAP I LOVE LONDON ,7184,2821.28,0.415953757,27-05-2010,06-12-2011,173,10,51.31428571,0.017339437,12.85152057,7209,125,7084,559
22711,WRAP CIRCUS PARADE,5377,2210.34,0.419116022,27-05-2010,09-12-2011,181,10,37.08275862,0.009255831,9.567615658,5402,50,5352,562
22712,CARD DOLLY GIRL ,7295,3002.42,0.551866405,28-05-2010,09-12-2011,508,18,25.59649123,0.004995275,13.00356506,7407,37,7370,561
22713,CARD I LOVE LONDON ,6084,2616.12,0.560864865,27-05-2010,09-12-2011,368,5,25.45606695,0.00319642,10.82562278,6257,20,6237,562
22714,CARD BIRTHDAY COWBOY,5277,2157.91,0.537883008,28-05-2010,09-12-2011,359,15,21.62704918,0.020319849,9.406417112,5315,108,5207,561
22715,CARD WEDDING DAY,2717,1133.93,0.508669725,01-06-2010,27-11-2011,218,12,16.56707317,0,4.985321101,2731,0,2731,545
22716,CARD CIRCUS PARADE,5218,2211.41,0.515883669,01-06-2010,09-12-2011,447,17,18.76978417,0.002251407,9.368043088,5330,12,5318,557
22717,CARD DOG AND BALL ,2405,1018.42,0.539813953,02-06-2010,09-12-2011,215,10,14.48795181,0.004909984,4.325539568,2444,12,2432,556
22718,CARD CAT AND TREE ,2605,1141.36,0.56655303,01-06-2010,07-12-2011,264,11,13.49740933,0.013377926,4.693693694,2691,36,2655,555
22719,"GUMBALL COATHOOK., BLACK & WHITE ",1467,1987.83,1.88092437,25-04-2010,10-05-2011,235,5,10.40425532,0.010392223,3.850393701,2983,31,2952,381
22720,SET OF 3 CAKE TINS PANTRY DESIGN ,7483,38108.89,5.83371408,13-12-2010,09-12-2011,1385,22,28.5610687,0.021093645,20.67127072,7443,157,7286,362
22721,SET OF 3 CAKE TINS SKETCHBOOK,1020,4671.81,5.396275168,14-12-2010,09-12-2011,297,12,5.862068966,0,2.825484765,1022,0,1022,361
22722,SET OF 6 SPICE TINS PANTRY DESIGN,5972,24459.96,4.675660377,11-11-2010,09-12-2011,835,20,29.56435644,0.006036217,15.15736041,5964,36,5928,394
22723,SET OF 6 HERB TINS SKETCHBOOK,1164,4262.82,4.301208054,13-12-2010,09-12-2011,295,10,6.576271186,0.001710864,3.215469613,1169,2,1167,362
22725,ALARM CLOCK BAKELIKE CHOCOLATE,2518,10324.92,4.725233813,24-09-2010,09-12-2011,549,12,9.43071161,0.024314936,5.696832579,2591,63,2528,442
22726,ALARM CLOCK BAKELIKE GREEN,7671,32609.32,4.472062257,24-09-2010,09-12-2011,1273,17,24.90584416,0.008553459,17.35520362,7950,68,7882,442
22727,ALARM CLOCK BAKELIKE RED ,9234,36543.77,4.370681159,24-09-2010,09-12-2011,1363,22,26.53448276,0.00990099,20.89140271,9595,95,9500,442
22728,ALARM CLOCK BAKELIKE PINK,6215,24257.31,4.525836735,24-09-2010,09-12-2011,969,17,18.49702381,0.010197678,14.06108597,6374,65,6309,442
22729,ALARM CLOCK BAKELIKE ORANGE,2999,11864,4.473919355,24-09-2010,04-12-2011,612,12,10.67259786,0.011272142,6.862700229,3105,35,3070,437
22730,ALARM CLOCK BAKELIKE IVORY,3702,14867.27,4.397810414,24-09-2010,09-12-2011,746,12,12.59183673,0.015733815,8.375565611,3877,61,3816,442
22731,3D CHRISTMAS STAMPS STICKERS ,2958,3965.62,1.504498141,16-09-2010,07-12-2011,266,7,21.28057554,0.011107481,6.602678571,3061,34,3027,448
22732,3D VINTAGE CHRISTMAS STICKERS ,3773,5001.84,1.53997076,15-09-2010,07-12-2011,337,11,23.87974684,0,8.40311804,3856,0,3856,449
22733,3D STICKERS TRADITIONAL CHRISTMAS ,3441,4425.49,1.510116279,17-09-2010,09-12-2011,338,12,23.40816327,0.00567215,7.663697105,3526,20,3506,449
22734,SET OF 6 RIBBONS VINTAGE CHRISTMAS,9772,26763.75,3.263294574,16-09-2010,09-12-2011,756,17,53.3989071,0.003214401,21.71555556,9333,30,9303,450
22735,RIBBON REEL SOCKS AND MITTENS,1434,2541.38,2.339234043,16-09-2010,09-12-2011,231,10,11.75409836,0,3.186666667,1499,0,1499,450
22736,"RIBBON REEL, MAKING SNOWMEN ",2527,4538.28,2.221400966,16-09-2010,09-12-2011,408,12,15.22289157,0.008735283,5.615555556,2633,23,2610,450
22737,RIBBON REEL CHRISTMAS PRESENT ,3266,5840.43,2.143280318,16-09-2010,08-12-2011,493,11,18.77011494,0.011723329,7.273942094,3412,40,3372,449
22738,RIBBON REEL SNOWY VILLAGE,4447,8012.57,2.18826,16-09-2010,09-12-2011,498,11,25.70520231,0.030198447,9.882222222,4636,140,4496,450
22739,"RIBBON REEL, XMAS SOCK/BAUBLE",4021,7357.44,2.206194399,16-09-2010,08-12-2011,601,15,21.27513228,0.030959752,8.95545657,4199,130,4069,449
22740,POLKA DOT PEN,13345,11395.31,1.086478405,30-09-2010,26-09-2011,300,11,88.37748344,0,36.86464088,12669,0,12669,362
22741,FUNKY DIVA PEN,10652,9173.03,1.099761092,30-09-2010,09-12-2011,292,10,54.90721649,0.004757019,24.43119266,10721,51,10670,436
22742,MAKE YOUR OWN PLAYTIME CARD KIT,1002,2475.3,3.091758242,10-08-2010,08-12-2011,180,10,7.106382979,0.001966568,2.061728395,1017,2,1015,486
22743,MAKE YOUR OWN FLOWERPOWER CARD KIT,1502,4542.5,3.575139665,10-08-2010,08-12-2011,351,10,7.624365482,0.003898635,3.090534979,1539,6,1533,486
22744,MAKE YOUR OWN MONSOON CARD KIT,1515,4245.17,3.216754098,10-08-2010,08-12-2011,300,10,8.14516129,0.039616613,3.117283951,1565,62,1503,486
22745,POPPY'S PLAYHOUSE BEDROOM ,3976,9764.64,2.482682584,24-09-2010,09-12-2011,703,17,15.17557252,0.003173053,8.995475113,4097,13,4084,442
22746,POPPY'S PLAYHOUSE LIVINGROOM ,2910,6699.25,2.431716287,24-09-2010,08-12-2011,564,17,11.78137652,0.004028197,6.598639456,2979,12,2967,441
22747,POPPY'S PLAYHOUSE BATHROOM,2035,4487.2,2.408965517,24-09-2010,09-12-2011,402,15,9.975490196,0.005747126,4.604072398,2088,12,2076,442
22748,POPPY'S PLAYHOUSE KITCHEN,4142,10161.4,2.41212766,24-09-2010,09-12-2011,742,17,14.95306859,0.004926108,9.371040724,4263,21,4242,442
22749,FELTCRAFT PRINCESS CHARLOTTE DOLL,3759,15354.35,4.075775862,08-09-2010,09-12-2011,685,15,13.14335664,0.000257998,8.207423581,3876,1,3875,458
22750,FELTCRAFT PRINCESS LOLA DOLL,3125,11697.6,4.025092025,06-09-2010,08-12-2011,647,17,11.61710037,0.00308928,6.808278867,3237,10,3227,459
22751,FELTCRAFT PRINCESS OLIVIA DOLL,2264,8445.97,4.14093617,05-09-2010,09-12-2011,466,16,9.716738197,0.002572899,4.911062907,2332,6,2326,461
22752,SET 7 BABUSHKA NESTING BOXES,3459,28139.45,9.464671429,06-08-2010,08-12-2011,692,17,11.96885813,0.059772547,7.059183673,3781,226,3555,490
22753,SMALL YELLOW BABUSHKA NOTEBOOK ,2332,1915.21,0.951658537,08-08-2010,09-12-2011,404,11,10.74654378,0.005037783,4.768916155,2382,12,2370,489
22754,SMALL RED BABUSHKA NOTEBOOK ,3924,3044.86,0.994507042,08-08-2010,09-12-2011,492,14,16.62711864,0.003010537,8.024539877,3986,12,3974,489
22755,SMALL PURPLE BABUSHKA NOTEBOOK ,3776,2997.63,0.977218935,06-08-2010,09-12-2011,499,12,15.60330579,0.003130707,7.690427699,3833,12,3821,491
22756,LARGE YELLOW BABUSHKA NOTEBOOK ,1204,1393.45,1.403287037,08-08-2010,08-12-2011,215,7,8.6,0.009860312,2.467213115,1217,12,1205,488
22757,LARGE RED BABUSHKA NOTEBOOK ,2696,3070.18,1.519105431,08-08-2010,09-12-2011,308,10,15.58381503,0.000367512,5.513292434,2721,1,2720,489
22758,LARGE PURPLE BABUSHKA NOTEBOOK  ,2437,2618.35,1.53091195,06-08-2010,09-12-2011,314,11,12.56185567,0.012116317,4.963340122,2476,30,2446,491
22759,SET OF 3 NOTEBOOKS IN PARCEL,9380,15866.56,1.973054187,08-08-2010,30-11-2011,795,20,30.06410256,0.002787606,19.54166667,9327,26,9301,480
22760,"TRAY, BREAKFAST IN BED",356,4506.89,14.2095,10-10-2010,05-09-2011,120,9,3.708333333,0.027700831,1.075528701,361,10,351,331
22761,CHEST 7 DRAWER MA CAMPAGNE,48,1182.78,25.30823529,13-10-2010,02-12-2011,34,5,1.411764706,0.092592593,0.115384615,54,5,49,416
22762,CUPBOARD 3 DRAWER MA CAMPAGNE,204,3276.62,17.33932331,10-10-2010,07-12-2011,133,8,1.906542056,0.097222222,0.481132075,216,21,195,424
22763,KEY CABINET MA CAMPAGNE,662,5430.59,11.09311111,10-10-2010,09-12-2011,135,6,6.186915888,0.010339734,1.55399061,677,7,670,426
22764,"RUSTIC WOODEN CABINET, GLASS DOORS",183,3462.49,24.5848,12-10-2010,25-03-2011,25,3,10.76470588,0.021505376,1.109090909,186,4,182,165
22765,NEWSPAPER STAND,311,3508.3,17.09075472,10-10-2010,09-12-2010,53,4,8.405405405,0.002967359,5.098360656,337,1,336,61
22766,PHOTO FRAME CORNICE,4367,12864.25,3.183503876,10-10-2010,08-12-2011,640,9,15.16319444,0.014078212,10.27529412,4475,63,4412,425
22767,TRIPLE PHOTO FRAME CORNICE ,1004,9478.23,10.31771044,10-10-2010,08-12-2011,295,7,5.427027027,0.04109589,2.362352941,1022,42,980,425
22768,FAMILY PHOTO FRAME CORNICE,1158,11064.72,10.68424157,10-10-2010,09-12-2011,354,9,5.386046512,0.031746032,2.718309859,1197,38,1159,426
22769,CHALKBOARD KITCHEN ORGANISER,174,3656.86,29.07155556,10-10-2010,04-01-2011,45,3,5.612903226,0.144508671,2,173,25,148,87
22770,MIRROR CORNICE,112,1799.62,16.32971831,12-10-2010,04-12-2011,71,7,1.75,0.061403509,0.267303103,114,7,107,419
22771,CLEAR DRAWER KNOB ACRYLIC EDWARDIAN,7489,10147.08,1.540384615,17-10-2010,08-12-2011,512,11,27.8401487,0.003864983,17.91626794,7762,30,7732,418
22772,PINK DRAWER KNOB ACRYLIC EDWARDIAN,4377,5914.92,1.654683544,17-10-2010,08-12-2011,314,8,21.35121951,0.003275109,10.47129187,4580,15,4565,418
22773,GREEN DRAWER KNOB ACRYLIC EDWARDIAN,2392,3171.11,1.537229437,17-10-2010,07-12-2011,227,7,14.7654321,0.004809619,5.736211031,2495,12,2483,417
22774,RED DRAWER KNOB ACRYLIC EDWARDIAN,2791,3591.06,1.556540541,17-10-2010,07-12-2011,184,8,21.46923077,0.009392821,6.693045564,2981,28,2953,417
22775,PURPLE DRAWERKNOB ACRYLIC EDWARDIAN,3633,5190.03,1.700343643,17-10-2010,08-12-2011,284,10,18.44162437,0.018120632,8.69138756,3863,70,3793,418
22776,SWEETHEART CAKESTAND 3 TIER,1708,17530.46,11.16695087,17-10-2010,09-12-2011,691,13,6.210909091,0.076574022,4.076372315,1763,135,1628,419
22777,GLASS CLOCHE LARGE,455,3838.82,10.1677,22-10-2010,21-07-2011,100,3,7.459016393,0.013392857,1.666666667,448,6,442,273
22778,GLASS CLOCHE SMALL,972,3844.46,4.914676617,18-10-2010,24-11-2011,194,7,7.043478261,0.069431051,2.41191067,1037,72,965,403
22779,WOODEN OWLS LIGHT GARLAND ,1735,6631.35,4.19877551,24-10-2010,08-12-2011,193,12,12.30496454,0.01284585,4.221411192,2024,26,1998,411
22780,LIGHT GARLAND BUTTERFILES PINK,1623,6167.59,4.196629834,22-10-2010,08-12-2011,179,8,12.1119403,0.017837838,3.929782082,1850,33,1817,413
22781,GUMBALL MAGAZINE RACK,867,7060.58,9.498961039,17-10-2010,08-12-2011,307,9,4.515625,0.057303371,2.074162679,890,51,839,418
22782,SET 3 WICKER STORAGE BASKETS ,254,3712.3,19.98571429,27-10-2010,07-12-2011,84,6,3.848484848,0,0.624078624,254,0,254,407
22783,SET 3 WICKER OVAL BASKETS W LIDS,482,6316.3,15.91088889,26-10-2010,14-06-2011,45,6,13.77142857,0,2.077586207,491,0,491,232
22784,LANTERN CREAM GAZEBO ,1551,7727.14,5.620080429,22-10-2010,08-12-2011,369,10,7.421052632,0.064362336,3.755447942,839,54,785,413
22785,CUSHION COVER PINK UNION FLAG,412,2207.11,7.328934426,17-10-2010,09-12-2011,122,5,4.629213483,0,0.983293556,418,0,418,419
22786,PILLOWCUSHION COVER PINK UNION JACK,248,1549.1,7.11,17-10-2010,07-12-2011,92,4,3.701492537,0,0.594724221,245,0,245,417
22788,BROCANTE COAT RACK,476,3942.62,11.6502381,17-10-2010,15-06-2011,84,7,7.323076923,0.018518519,1.966942149,486,9,477,242
22789,T-LIGHT HOLDER SWEETHEART HANGING,1238,2419.54,2.1268,17-10-2010,08-12-2011,196,2,9.378787879,0.000783699,2.961722488,1276,1,1275,418
22790,"MIRROR, ARCHED GEORGIAN",200,3884,19.42,14-10-2010,14-10-2010,1,1,200,0,200,200,0,200,1
22791,T-LIGHT GLASS FLUTED ANTIQUE,9458,11728.69,1.502482759,22-10-2010,09-12-2011,434,8,47.29,0.019238558,22.84541063,9876,190,9686,414
22792,FLUTED ANTIQUE CANDLE HOLDER,3489,3241.13,1.124885496,22-10-2010,08-12-2011,262,3,21.14545455,0.003371734,8.447941889,3559,12,3547,413
22794,SWEETHEART WIRE MAGAZINE RACK,389,3271.35,8.881196172,17-10-2010,09-12-2011,209,6,2.416149068,0.012437811,0.928400955,402,5,397,419
22795,SWEETHEART RECIPE BOOK STAND,1597,11175.81,7.921394422,17-10-2010,09-12-2011,498,9,7.462616822,0.013830427,3.811455847,1663,23,1640,419
22796,PHOTO FRAME 3 CLASSIC HANGING,806,8020.45,10.42402516,10-10-2010,08-12-2011,316,10,4.091370558,0.127429806,1.896470588,463,59,404,425
22797,CHEST OF DRAWERS GINGHAM HEART ,242,4205.56,18.55292857,17-10-2010,07-12-2011,140,7,2.37254902,0.112107623,0.580335731,223,25,198,417
22798,ANTIQUE GLASS DRESSING TABLE POT,2367,7336.09,3.730337079,22-10-2010,09-12-2011,356,5,11.60294118,0.022882377,5.717391304,2491,57,2434,414
22799,SWEETHEART WIRE FRUIT BOWL,253,2020.84,8.828148148,18-10-2010,06-12-2011,108,6,2.941860465,0.003921569,0.609638554,255,1,254,415
22800,ANTIQUE TALL SWIRLGLASS TRINKET POT,1127,4586.4,4.836455224,22-10-2010,09-12-2011,268,4,6.367231638,0.013212221,2.722222222,1211,16,1195,414
22801,ANTIQUE GLASS PEDESTAL BOWL,1300,5277.95,4.593202614,22-10-2010,08-12-2011,299,7,7.303370787,0.027046784,3.147699758,1368,37,1331,413
22802,FAUX FUR CHOCOLATE THROW,110,1933.59,18.99403226,28-10-2010,07-12-2011,62,2,2.244897959,0,0.270935961,121,0,121,406
22803,IVORY EMBROIDERED QUILT ,59,2237.84,39.10861111,22-10-2010,13-11-2011,36,5,2.36,0,0.152061856,78,0,78,388
22804,CANDLEHOLDER PINK HANGING HEART,5261,14075.8,3.1521261,23-09-2010,08-12-2011,670,10,17.77364865,0.098111738,11.90271493,5137,504,4633,442
22805,BLUE DRAWER KNOB ACRYLIC EDWARDIAN,2207,3008.82,1.664025974,17-10-2010,09-12-2011,231,9,13.0591716,0.005579399,5.267303103,2330,13,2317,419
22806,SET OF 6 T-LIGHTS WEDDING CAKE ,430,1149.02,3.376551724,20-09-2010,08-12-2011,57,4,8.269230769,0.117647059,0.966292135,442,52,390,445
22807,SET OF 6 T-LIGHTS TOADSTOOLS,1375,4086.56,3.702675585,20-09-2010,09-12-2011,294,9,7.472826087,0.013370866,3.082959641,1421,19,1402,446
22808,SET OF 6 T-LIGHTS EASTER CHICKS,420,1243.88,3.569518072,20-09-2010,09-12-2011,83,4,6.774193548,0.042154567,0.941704036,427,18,409,446
22809,SET OF 6 T-LIGHTS SANTA,2568,7664.72,3.367068063,20-09-2010,09-12-2011,379,9,17.71034483,0.018031555,5.757847534,2662,48,2614,446
22810,SET OF 6 T-LIGHTS SNOWMEN,2199,6729.13,3.41,20-09-2010,05-12-2011,328,7,15.59574468,0.027586207,4.975113122,2320,64,2256,442
22811,SET OF 6 T-LIGHTS CACTI ,1021,2884.13,4.010921986,21-09-2010,09-12-2011,140,4,9.912621359,0.000961538,2.294382022,1040,1,1039,445
22812,PACK 3 BOXES CHRISTMAS PANNETONE,4879,10734.43,2.548668076,15-09-2010,05-12-2011,462,13,32.96621622,0.009603596,10.91498881,4894,47,4847,447
22813,PACK 3 BOXES BIRD PANNETONE ,3945,7663.83,2.444232804,16-09-2010,09-12-2011,373,11,19.33823529,0.000247586,8.766666667,4039,1,4038,450
22814,CARD PARTY GAMES ,2728,1147.77,0.504135593,21-09-2010,09-12-2011,295,13,13.98974359,0,6.130337079,2783,0,2783,445
22815,CARD PSYCHEDELIC APPLES,3433,1468.53,0.500411765,16-09-2010,09-12-2011,340,9,15.89351852,0,7.628888889,3532,0,3532,450
22816,CARD MOTORBIKE SANTA,6856,2950.93,0.482300683,16-09-2010,09-12-2011,436,13,41.80487805,0.006467259,15.23555556,7422,48,7374,450
22817,CARD SUKI BIRTHDAY,3392,1434.9,0.495915493,16-09-2010,09-12-2011,355,8,16,0,7.537777778,3419,0,3419,450
22818,CARD CHRISTMAS VILLAGE,6290,2720.86,0.475866337,16-09-2010,09-12-2011,404,13,38.58895706,0.021589205,13.97777778,6670,144,6526,450
22819,"BIRTHDAY CARD, RETRO SPOT",3351,1418.12,0.482719033,20-09-2010,09-12-2011,331,13,16.50738916,0,7.513452915,3379,0,3379,446
22820,GIFT BAG BIRTHDAY,1353,845.13,0.635855856,15-09-2010,02-12-2011,110,8,16.10714286,0.001465201,3.047297297,1365,2,1363,444
22821,GIFT BAG PSYCHEDELIC APPLES,1660,1047.45,0.725053763,15-09-2010,09-12-2011,186,5,12.20588235,0.009351257,3.680709534,1711,16,1695,451
22822,CREAM WALL PLANTER HEART SHAPED,581,3367.35,6.362445652,07-11-2010,08-12-2011,183,5,4.57480315,0.003289474,1.463476071,608,2,606,397
22823,CHEST NATURAL WOOD 20 DRAWERS,32,3655,117.5,26-10-2010,15-11-2011,18,3,1.777777778,0,0.082901554,32,0,32,386
22824,3 TIER SWEETHEART GARDEN SHELF,61,2153.95,35.7,07-11-2010,23-11-2011,48,4,1.386363636,0.015873016,0.159685864,63,1,62,382
22825,DECORATIVE PLANT POT WITH FRIEZE,100,799.02,8.34,22-10-2010,27-11-2011,38,1,2.857142857,0.067961165,0.248756219,103,7,96,402
22826,LOVE SEAT ANTIQUE WHITE METAL,58,6210,114.0243902,10-12-2010,23-11-2011,41,3,1.611111111,0.068965517,0.166189112,58,4,54,349
22827,GIANT SEVENTEEN DRAWER SIDEBOARD,46,7150,158.7142857,21-10-2010,17-11-2011,35,3,1.483870968,0.088888889,0.117048346,45,4,41,393
22828,REGENCY MIRROR WITH SHUTTERS,17,2565,154.0909091,21-10-2010,16-11-2011,11,2,1.7,0.111111111,0.043367347,18,2,16,392
22829,BROCANTE SHELF WITH HOOKS,241,2468.57,10.99355932,10-11-2010,11-11-2011,118,6,2.677777778,0.0390625,0.656675749,256,10,246,367
22830,UTILTY CABINET WITH HOOKS,181,3760.71,26.23611111,22-10-2010,16-01-2011,18,2,11.3125,0,2.08045977,310,0,310,87
22831,WHITE BROCANTE SOAP DISH,776,2286.28,3.337714286,07-11-2010,01-12-2011,138,10,7.39047619,0,1.98974359,782,0,782,390
22832,SWEETHEART WIRE WALL TIDY,185,2033.15,11.56411765,09-11-2010,29-11-2011,85,8,2.569444444,0.041884817,0.479274611,191,8,183,386
22833,HALL CABINET WITH 3 DRAWERS,120,4163.54,48.14846154,04-11-2010,03-02-2011,13,2,10,0,1.304347826,192,0,192,92
22834,HAND WARMER BABUSHKA DESIGN,6900,11287.63,2.28954323,12-09-2010,09-12-2011,597,8,36.31578947,0.037389265,15.19823789,7676,287,7389,454
22835,HOT WATER BOTTLE I AM SO POORLY,5302,27082.84,5.63959725,12-09-2010,09-12-2011,1011,10,19.71003717,0.073302192,11.6784141,5566,408,5158,454
22837,HOT WATER BOTTLE BABUSHKA ,3534,16455.18,5.290560345,06-10-2010,25-09-2011,450,9,34.64705882,0.00942435,9.954929577,3926,37,3889,355
22838,3 TIER CAKE TIN RED AND CREAM,922,13220.86,16.80933579,14-10-2010,09-12-2011,271,13,5.726708075,0.147593583,2.184834123,935,138,797,422
22839,"CAKE TIN, 3 TIER MINT/IVORY",579,8971.17,18.02478927,14-10-2010,08-12-2011,260,10,3.12972973,0.028428094,1.375296912,598,17,581,421
22840,ROUND CAKE TIN VINTAGE RED,1323,10023.65,8.243781095,13-10-2010,08-12-2011,402,14,6.27014218,0.022156573,3.13507109,1354,30,1324,422
22841,ROUND CAKE TIN VINTAGE GREEN,772,6002.52,8.409477124,13-10-2010,08-12-2011,306,12,4.128342246,0.024173028,1.829383886,786,19,767,422
22842,BISCUIT TIN VINTAGE RED,818,5308.58,7.078319328,13-10-2010,05-12-2011,237,14,5.346405229,0.023668639,1.952267303,845,20,825,419
22843,BISCUIT TIN VINTAGE GREEN,595,3858.51,7.178826816,15-10-2010,05-12-2011,177,9,4.612403101,0.026446281,1.426858513,605,16,589,417
22844,VINTAGE CREAM DOG FOOD CONTAINER,1227,11593.28,10.57147705,17-10-2010,09-12-2011,498,14,4.830708661,0.023162939,2.928400955,1252,29,1223,419
22845,VINTAGE CREAM CAT FOOD CONTAINER,999,6764.6,7.814848485,15-10-2010,09-12-2011,394,15,4.400881057,0.013631938,2.372921615,1027,14,1013,421
22846,BREAD BIN DINER STYLE RED ,825,13264.82,17.63945087,14-10-2010,08-12-2011,346,20,4.274611399,0.032672112,1.959619952,857,28,829,421
22847,"BREAD BIN, DINER STYLE, IVORY",1157,18352.74,17.17495851,14-10-2010,08-12-2011,482,19,5.406542056,0.049915398,2.748218527,1182,59,1123,421
22848,BREAD BIN DINER STYLE PINK,381,6128.6,18.01350993,14-10-2010,30-10-2011,151,12,3.256410256,0.033678756,0.997382199,386,13,373,382
22849,"BREAD BIN, DINER STYLE, MINT",403,6287.73,16.7882716,14-10-2010,20-10-2011,162,11,3.838095238,0.057279236,1.083333333,419,24,395,372
22850,BREAD BIN DINER STYLE BLACK,8,123.6,15.95,17-10-2010,17-10-2010,1,1,8,1,8,8,8,0,1
22851,SET 20 NAPKINS FAIRY CAKES DESIGN ,5167,4193.68,0.953082707,19-08-2010,07-12-2011,523,10,18.25795053,0.014939667,10.85504202,5221,78,5143,476
22852,ENAMEL DOG BOWL CREAM,565,2467.11,4.54825,15-10-2010,08-12-2011,160,9,4.631147541,0.008849558,1.345238095,565,5,560,420
22853,ENAMEL CAT BOWL CREAM,645,2205.57,3.593561644,15-10-2010,08-12-2011,146,8,5.863636364,0.009287926,1.535714286,646,6,640,420
22854,CREAM SWEETHEART EGG HOLDER,1160,5624.5,5.454065041,16-09-2010,22-09-2011,244,5,7.483870968,0.006178288,3.11827957,1133,7,1126,372
22855,FINE WICKER HEART ,4795,5979.24,1.468498845,15-09-2010,30-08-2011,427,7,26.7877095,0.002392344,13.7,5016,12,5004,350
22856,ASSORTED EASTER DECORATIONS  BELLS,877,1059.85,3.520625,17-10-2010,20-11-2011,32,5,32.48148148,0.024618992,2.1925,853,21,832,400
22857,ASSORTED EASTER GIFT TAGS,1230,1048.28,1.455454545,05-10-2010,24-10-2011,66,10,24.6,0,3.194805195,1196,0,1196,385
22858,EASTER TIN KEEPSAKE,1135,1877.34,1.949357143,08-11-2010,06-10-2011,139,13,14.93421053,0.008787346,3.408408408,1138,10,1128,333
22859,EASTER TIN BUNNY BOUQUET,1250,2085.75,1.93251497,05-10-2010,15-11-2011,165,13,13.44086022,0.030015798,3.071253071,1266,38,1228,407
22860,EASTER TIN CHICKS PINK DAISY,612,1060.85,1.975675676,05-10-2010,18-11-2011,111,10,9.870967742,0.033707865,1.492682927,623,21,602,410
22861,EASTER TIN CHICKS IN GARDEN,305,522.93,2.0108,12-12-2010,21-04-2011,50,7,7.820512821,0,2.328244275,305,0,305,131
22862,LOVE HEART NAPKIN BOX ,758,3373.22,4.877876106,16-09-2010,25-01-2011,221,6,8.613636364,0.005284016,5.742424242,757,4,753,132
22863,SOAP DISH BROCANTE,1107,3166.61,3.218705882,23-09-2010,06-12-2011,169,13,8.323308271,0.011314186,2.515909091,1149,13,1136,440
22864,MUG AND COASTER SET RED CIRCLES,378,158.76,0.42,02-06-2010,29-06-2010,2,1,189,0,13.5,756,0,756,28
22865,HAND WARMER OWL DESIGN,14537,31416.04,2.35513535,10-09-2010,09-12-2011,1212,12,74.54871795,0.011126833,31.87938596,15548,173,15375,456
22866,HAND WARMER SCOTTY DOG DESIGN,12778,28266.87,2.32510186,10-09-2010,09-12-2011,1083,10,72.1920904,0.00984252,28.02192982,13716,135,13581,456
22867,HAND WARMER BIRD DESIGN,11872,26117.63,2.3753407,10-09-2010,09-12-2011,1054,10,64.87431694,0.006139103,26.03508772,13357,82,13275,456
22868,"NUMBER TILE COTTAGE GARDEN, 0 ",124,270.38,3.008518519,18-10-2010,21-11-2011,27,3,4.769230769,0,0.31,125,0,125,400
22869,"NUMBER TILE COTTAGE GARDEN, 1",167,393.63,3.066140351,17-10-2010,29-11-2011,57,3,3.274509804,0.011976048,0.408312958,167,2,165,409
22870,"NUMBER TILE COTTAGE GARDEN, 2",155,367.97,3.209148936,18-10-2010,29-11-2011,46,3,3.522727273,0,0.379901961,157,0,157,408
22871,"NUMBER TILE COTTAGE GARDEN, 3 ",127,289.39,3.266,18-10-2010,16-11-2011,30,3,4.379310345,0,0.321518987,127,0,127,395
22872,"NUMBER TILE COTTAGE GARDEN, 4",136,311.3,3.132051282,18-10-2010,08-12-2011,39,3,3.578947368,0,0.326139089,136,0,136,417
22873,"NUMBER TILE COTTAGE GARDEN, 5",120,262.5,2.869354839,17-10-2010,25-11-2011,31,4,3.870967742,0,0.296296296,121,0,121,405
22874,"NUMBER TILE COTTAGE GARDEN, 6",126,272.02,2.782413793,18-10-2010,09-11-2011,28,3,4.846153846,0,0.324742268,126,0,126,388
22875,"NUMBER TILE COTTAGE GARDEN, 7",123,268.35,2.827333333,18-10-2010,08-12-2011,30,3,4.392857143,0,0.294964029,124,0,124,417
22876,"NUMBER TILE COTTAGE GARDEN, 8",118,252.22,2.91173913,18-10-2010,27-09-2011,23,3,5.363636364,0,0.342028986,121,0,121,345
22877,"NUMBER TILE COTTAGE GARDEN, 9",128,271.64,2.578571429,18-10-2010,04-10-2011,28,3,4.740740741,0.0234375,0.363636364,128,3,125,352
22878,"NUMBER TILE COTTAGE GARDEN, No",128,330.26,3.420666667,18-10-2010,16-11-2011,45,2,3.12195122,0.015625,0.324050633,128,2,126,395
22879,NUMBER TILE VINTAGE FONT 0,82,134.4,2.982380952,19-10-2010,04-10-2011,21,1,4.1,0,0.233618234,82,0,82,351
22880,"NUMBER TILE VINTAGE FONT, 1",111,230.27,3.184054054,25-10-2010,15-11-2011,37,1,3.171428571,0,0.286821705,114,0,114,387
22881,"NUMBER TILE VINTAGE FONT, 2",112,218.82,3.151111111,25-10-2010,09-12-2011,36,1,3.393939394,0,0.272506083,112,0,112,411
22882,NUMBER TILE VINTAGE FONT 3,126,255.08,2.9504,19-10-2010,05-12-2011,50,1,2.863636364,0.007874016,0.305084746,127,1,126,413
22883,NUMBER TILE VINTAGE FONT 4,109,213.05,3.288235294,18-10-2010,05-12-2011,34,1,3.40625,0.009090909,0.263285024,110,1,109,414
22884,NUMBER TILE VINTAGE FONT 5,110,217.26,3.004871795,21-10-2010,30-11-2011,39,1,2.972972973,0,0.270935961,113,0,113,406
22885,NUMBER TILE VINTAGE FONT 6 ,112,210.26,3.003142857,20-10-2010,09-12-2011,35,1,3.5,0.008849558,0.269230769,113,1,112,416
22886,"NUMBER TILE VINTAGE FONT, 7",98,174.16,2.917586207,25-10-2010,01-12-2011,29,1,3.5,0,0.243176179,98,0,98,403
22887,NUMBER TILE VINTAGE FONT 8,92,160.36,2.955,18-10-2010,05-12-2011,28,1,3.538461538,0,0.222222222,92,0,92,414
22888,NUMBER TILE VINTAGE FONT 9 ,79,130.83,3.058695652,04-11-2010,09-12-2011,23,1,3.761904762,0,0.197007481,79,0,79,401
22889,"NUMBER TILE VINTAGE FONT, No ",196,327.12,3.47275,25-10-2010,05-12-2011,39,1,5.939393939,0.064676617,0.481572482,201,13,188,407
22890,NOVELTY BISCUITS CAKE STAND 3 TIER,800,7821.96,11.05122605,14-10-2010,09-12-2011,260,11,4.938271605,0.060786651,1.895734597,839,51,788,422
22891,TEA FOR ONE POLKADOT,644,3103.7,5.596608696,15-10-2010,09-12-2011,230,7,4.535211268,0.053468208,1.529691211,692,37,655,421
22892,SALT AND PEPPER SHAKERS TOADSTOOLS,3520,4322.06,1.317457627,15-10-2010,22-11-2011,295,10,20.11428571,0.035142857,8.712871287,3500,123,3377,404
22893,MINI CAKE STAND T-LIGHT HOLDER,2721,1306.09,0.615901639,15-10-2010,08-12-2011,182,8,21.09302326,0.007686676,6.478571429,2732,21,2711,420
22894,TABLECLOTH RED APPLES DESIGN ,561,5160.78,9.770309278,24-09-2010,09-12-2011,192,10,4.155555556,0.003514938,1.269230769,569,2,567,442
22895,SET OF 2 TEA TOWELS APPLE AND PEARS,2847,8648.49,3.463108434,24-09-2010,09-12-2011,411,13,12.06355932,0.002070393,6.441176471,2898,6,2892,442
22896,PEG BAG APPLE DESIGN,2076,5230.55,3.113224932,26-09-2010,09-12-2011,367,10,8.759493671,0.008587786,4.718181818,2096,18,2078,440
22897,OVEN MITT APPLE DESIGN,1956,2894.75,1.758461538,26-09-2010,08-12-2011,298,9,10.1875,0.021276596,4.455580866,1974,42,1932,439
22898,CHILDRENS APRON APPLE DESIGN,3168,6604.16,2.46038055,26-09-2010,09-12-2011,471,12,12.23166023,0.000306466,7.2,3263,1,3262,440
22899,CHILDRENS APRON DOLLY GIRL ,2773,5769.76,2.412051887,26-09-2010,09-12-2011,421,16,11.41152263,0.002463054,6.302272727,2842,7,2835,440
22900, SET 2 TEA TOWELS I LOVE LONDON ,6156,19834.04,3.684245283,24-09-2010,09-12-2011,723,11,21.22758621,0.033871727,13.92760181,6377,216,6161,442
22902,TOTE BAG I LOVE LONDON,1716,3506.56,2.593283582,26-09-2010,08-12-2011,199,9,12.17021277,0.013355593,3.908883827,1797,24,1773,439
22903,CALENDAR FAMILY FAVORITES,745,2053.96,3.036585366,26-09-2010,08-12-2011,82,5,10.64285714,0.428380187,1.697038724,747,320,427,439
22904,CALENDAR PAPER CUT DESIGN,3467,10755.05,3.332955032,19-09-2010,17-11-2011,463,15,15.27312775,0.091166478,8.157647059,3532,322,3210,425
22905,CALENDAR IN SEASON DESIGN,1077,2957.17,2.963076923,19-09-2010,09-12-2011,194,6,8.037313433,0,2.409395973,1090,0,1090,447
22906,12 MESSAGE CARDS WITH ENVELOPES,3370,6214.83,1.993505376,19-09-2010,09-12-2011,445,7,15.38812785,0.017584318,7.539149888,3469,61,3408,447
22907,PACK OF 20 NAPKINS PANTRY DESIGN,8686,7279.03,0.972977726,16-09-2010,09-12-2011,829,19,26.72615385,0.027901658,19.30222222,8745,244,8501,450
22908,PACK OF 20 NAPKINS RED APPLES,5610,4524,0.955668016,20-09-2010,09-12-2011,485,14,21.25,0.001233698,12.57847534,5674,7,5667,446
22909,SET OF 20 VINTAGE CHRISTMAS NAPKINS,17144,15275.82,0.976173835,16-09-2010,09-12-2011,1086,18,83.22330097,0.026544674,38.09777778,17706,470,17236,450
22910,PAPER CHAIN KIT VINTAGE CHRISTMAS,18634,58652.7,3.300415225,19-09-2010,09-12-2011,1427,12,87.89622642,0.022895314,41.68680089,19611,449,19162,447
22911,PAPER CHAIN KIT LONDON,853,2454.35,3.219818182,19-09-2010,05-12-2011,164,7,6.879032258,0.016018307,1.925507901,874,14,860,443
22912,YELLOW COAT RACK PARIS FASHION,313,1471.09,5.261192661,19-11-2010,28-11-2011,108,9,3.43956044,0.017751479,0.834666667,338,6,332,375
22913,RED COAT RACK PARIS FASHION,450,2107.85,5.491229508,19-11-2010,05-12-2011,122,12,4.591836735,0.008658009,1.178010471,462,4,458,382
22914,BLUE COAT RACK PARIS FASHION,570,2720.66,5.446140351,19-11-2010,09-12-2011,170,14,4.285714286,0.008333333,1.476683938,600,5,595,386
22915,ASSORTED BOTTLE TOP  MAGNETS ,3281,1474.52,1.176769231,19-11-2010,09-12-2011,194,14,24.66917293,0.027632791,8.5,3257,90,3167,386
22916,HERB MARKER THYME,1962,1363.38,0.860629921,21-11-2010,08-12-2011,249,7,12.1863354,0.005982054,5.122715405,2006,12,1994,383
22917,HERB MARKER ROSEMARY,1996,1386.65,0.857588933,21-11-2010,08-12-2011,252,7,12.7133758,0.005876592,5.211488251,2042,12,2030,383
22918,HERB MARKER PARSLEY,1925,1322.86,0.857896825,21-11-2010,08-12-2011,249,8,12.33974359,0.006075949,5.026109661,1975,12,1963,383
22919,HERB MARKER MINT,1800,1255.44,0.843266932,22-11-2010,08-12-2011,248,7,11.84210526,0.006546645,4.712041885,1833,12,1821,382
22920,HERB MARKER BASIL,3478,2199.19,0.863976378,21-11-2010,08-12-2011,252,8,22.73202614,0.433068633,9.080939948,3526,1527,1999,383
22921,HERB MARKER CHIVES ,1771,1226.72,0.851900452,21-11-2010,08-12-2011,220,6,12.83333333,0.006644518,4.624020888,1806,12,1794,383
22922,FRIDGE MAGNETS US DINER ASSORTED,2073,1789.2,1.674513274,19-11-2010,09-12-2011,113,12,23.29213483,0.113207547,5.370466321,2067,234,1833,386
22923,FRIDGE MAGNETS LES ENFANTS ASSORTED,1583,1314.89,1.091333333,19-11-2010,08-12-2011,90,10,22.29577465,0.105515588,4.111688312,1668,176,1492,385
22924,FRIDGE MAGNETS LA VIE EN ROSE,1500,1323.42,1.435,19-11-2010,09-12-2011,95,7,18.51851852,0.194068343,3.886010363,1551,301,1250,386
22925,BLUE GIANT GARDEN THERMOMETER,488,2989.52,6.48421875,22-11-2010,28-10-2011,191,8,3.588235294,0.016393443,1.431085044,488,8,480,341
22926,IVORY GIANT GARDEN THERMOMETER,680,4150.31,6.306635945,21-11-2010,10-05-2011,216,8,6.666666667,0.032212885,3.976608187,714,23,691,171
22927,GREEN GIANT GARDEN THERMOMETER,468,2948.57,6.695493827,21-11-2010,05-12-2011,162,6,4.069565217,0.048034934,1.231578947,458,22,436,380
22928,YELLOW GIANT GARDEN THERMOMETER,296,2041.35,7.738050847,22-11-2010,09-12-2011,118,5,3.182795699,0.019933555,0.772845953,301,6,295,383
22929,SCHOOL DESK AND CHAIR ,23,1459.75,64.17058824,24-11-2010,26-10-2011,17,8,1.4375,0.130434783,0.068249258,23,3,20,337
22930,BAKING MOULD HEART MILK CHOCOLATE,1108,2846.8,3.073350785,08-12-2010,08-12-2011,189,9,8.935483871,0.08,3.027322404,1200,96,1104,366
22931,BAKING MOULD HEART WHITE CHOCOLATE,813,1963.3,2.83,08-12-2010,08-12-2011,129,11,8.934065934,0,2.221311475,902,0,902,366
22932,BAKING MOULD TOFFEE CUP CHOCOLATE,884,2000.88,2.708472222,08-12-2010,08-12-2011,72,7,14.98305085,0.124610592,2.415300546,963,120,843,366
22933,BAKING MOULD EASTER EGG MILK CHOC,940,2585.92,3.488699187,09-12-2010,05-12-2011,122,6,12.36842105,0.163865546,2.596685083,952,156,796,362
22934,BAKING MOULD EASTER EGG WHITE CHOC,589,1707.47,3.225384615,10-12-2010,11-11-2011,78,7,9.816666667,0.005093379,1.747774481,589,3,586,337
22935,BAKING MOULD ROSE MILK CHOCOLATE,690,2066.82,3.804769231,08-12-2010,08-12-2011,65,5,12.77777778,0.093385214,1.885245902,771,72,699,366
22936,BAKING MOULD ROSE WHITE CHOCOLATE,279,895.97,4.326153846,08-12-2010,08-12-2011,50,5,6.065217391,0.25,0.762295082,288,72,216,366
22937,BAKING MOULD CHOCOLATE CUPCAKES,972,2563.24,2.921585366,08-12-2010,07-12-2011,160,11,9.436893204,0.012695313,2.663013699,1024,13,1011,365
22938,CUPCAKE LACE PAPER SET 6,3687,6891.25,2.076981818,20-09-2010,08-12-2011,273,15,20.14754098,0.016017085,8.285393258,3746,60,3686,445
22939,APRON APPLE DELIGHT,700,3502.54,5.883149171,26-09-2010,06-12-2011,181,11,4.929577465,0.019774011,1.601830664,708,14,694,437
22940,FELTCRAFT CHRISTMAS FAIRY,3491,15282.81,4.533444816,06-09-2010,09-12-2011,586,15,17.99484536,0.012254902,7.589130435,3672,45,3627,460
22941,CHRISTMAS LIGHTS 10 REINDEER,2615,21727.58,9.705392562,21-10-2010,09-12-2011,483,15,19.37037037,0.02804428,6.301204819,2710,76,2634,415
22942,CHRISTMAS LIGHTS 10 SANTAS ,1221,9466.41,8.545263158,21-10-2010,09-12-2011,246,9,11.1,0.098193244,2.942168675,1273,125,1148,415
22943,CHRISTMAS LIGHTS 10 VINTAGE BAUBLES,2381,11696.64,5.995530726,21-10-2010,09-12-2011,356,9,18.17557252,0.017321016,5.737349398,2598,45,2553,415
22944,CHRISTMAS METAL POSTCARD WITH BELLS,4870,3577.99,1.38595092,19-09-2010,08-12-2011,158,9,51.80851064,0.061999589,10.91928251,4871,302,4569,446
22945,CHRISTMAS METAL TAGS ASSORTED ,7641,7365.7,2.211069364,19-09-2010,08-12-2011,338,12,49.29677419,0.037297969,17.132287,7239,270,6969,446
22946,WOODEN ADVENT CALENDAR CREAM,976,15060.57,18.37695652,16-09-2010,08-12-2011,275,12,6.684931507,0.026776519,2.173719376,971,26,945,449
22947,WOODEN ADVENT CALENDAR RED,1011,12704.15,14.7547619,16-09-2010,30-11-2011,209,12,9.190909091,0.014548982,2.292517007,1031,15,1016,441
22948,METAL DECORATION NAUGHTY CHILDREN ,2155,2164.69,1.831290323,16-09-2010,09-12-2011,180,7,15.61594203,0.005615349,4.788888889,2137,12,2125,450
22949,36 DOILIES DOLLY GIRL,2010,2858.19,1.737231638,19-09-2010,06-12-2011,177,14,15.703125,0.00887574,4.527027027,2028,18,2010,444
22950,36 DOILIES VINTAGE CHRISTMAS,8333,11452.64,1.571039326,19-09-2010,07-11-2011,352,12,73.74336283,0.073944511,20.07951807,8290,613,7677,415
22951,72 CAKE CASES DOLLY GIRL DESIGN,10993,5785.97,0.672301711,19-09-2010,09-12-2011,634,22,38.84452297,0.021367521,24.59284116,11232,240,10992,447
22952,72 CAKE CASES VINTAGE CHRISTMAS,32988,19240.05,0.721117747,17-09-2010,09-12-2011,1144,19,153.4325581,0.016338128,73.46993318,33786,552,33234,449
22953,BIRTHDAY PARTY CORDON BARRIER TAPE,760,948.55,1.381583333,04-11-2010,08-12-2011,119,6,7.676767677,0,1.9,842,0,842,400
22954,HEN PARTY CORDON BARRIER TAPE,238,293.89,1.3878,05-11-2010,24-11-2011,50,2,4.958333333,0.004115226,0.618181818,243,1,242,385
22955,36 FOIL STAR CAKE CASES ,1448,2885.26,2.25953125,04-11-2010,09-12-2011,185,15,12.06666667,0,3.610972569,1634,0,1634,401
22956,36 FOIL HEART CAKE CASES,2494,4878.9,2.200530303,04-11-2010,09-12-2011,256,15,15.98717949,0.058846007,6.219451372,2617,154,2463,401
22957,SET 3 PAPER VINTAGE CHICK PAPER EGG,1775,5014.65,3.115555556,14-01-2011,29-09-2011,214,14,22.1875,0.014623172,6.853281853,1778,26,1752,259
22959,WRAP CHRISTMAS VILLAGE,9738,3981.96,0.418105263,06-09-2010,08-12-2011,284,13,78.53225806,0.036454536,21.21568627,9601,350,9251,459
22960,JAM MAKING SET WITH JARS,9019,38380.11,5.059025862,28-11-2010,09-12-2011,1159,26,30.26510067,0.027488457,23.92307692,9313,256,9057,377
22961,JAM MAKING SET PRINTED,17252,26888.43,1.891587697,23-07-2010,09-12-2011,1200,26,59.28522337,0.019019185,34.16237624,18087,344,17743,505
22962,JAM JAR WITH PINK LID,4366,3640.93,1.051380282,28-11-2010,09-12-2011,354,19,22.38974359,0.018542475,11.58090186,4638,86,4552,377
22963,JAM JAR WITH BLUE LID,3696,3079.41,1.071832298,23-07-2010,09-12-2011,319,15,20.08695652,0.029062421,7.318811881,3957,115,3842,505
22964,3 PIECE SPACEBOY COOKIE CUTTER SET,2761,5768.83,2.513543689,21-11-2010,09-12-2011,408,14,13.02358491,0.004907115,7.190104167,2853,14,2839,384
22965,3 TRADITIONAl BISCUIT CUTTERS  SET,1842,3834.04,2.331717557,21-11-2010,09-12-2011,260,13,10.52571429,0.02010582,4.796875,1890,38,1852,384
22966,GINGERBREAD MAN COOKIE CUTTER,8219,10131.26,1.440776439,09-11-2010,09-12-2011,732,15,34.53361345,0.000592277,20.75505051,8442,5,8437,396
22967,SET 3 SONG BIRD PAPER EGGS ASSORTED,1171,3271.41,3.012028986,14-01-2011,07-12-2011,138,11,16.97101449,0.018755328,3.570121951,1173,22,1151,328
22968,ROSE COTTAGE KEEPSAKE BOX ,1127,11184.82,11.71928105,29-10-2010,08-12-2011,306,13,7.826388889,0.023789295,2.775862069,1177,28,1149,406
22969,HOMEMADE JAM SCENTED CANDLES,14461,21501.99,1.771720733,21-11-2010,09-12-2011,709,20,53.36162362,0.009279512,37.65885417,15087,140,14947,384
22970,LONDON BUS COFFEE MUG,4334,10140.6,2.730219436,15-12-2010,08-12-2011,317,7,24.90804598,0.003663842,12.0724234,4367,16,4351,359
22971,QUEENS GUARD COFFEE MUG,2431,5849.29,2.782116788,16-12-2010,08-12-2011,272,6,14.38461538,0.006581654,6.790502793,2431,16,2415,358
22972,CHILDREN'S SPACEBOY MUG,1882,3219.74,1.988688525,24-11-2010,08-12-2011,243,10,12.14193548,0.016991504,4.952631579,2001,34,1967,380
22973,CHILDRENS CIRCUS PARADE MUG,1361,2314.33,2.017307692,23-11-2010,07-12-2011,155,8,11.34166667,0.016806723,3.581578947,1428,24,1404,380
22974,CHILDRENS DOLLY GIRL MUG,1636,2795.81,2.039433962,24-11-2010,08-12-2011,211,9,10.90666667,0.011441648,4.305263158,1748,20,1728,380
22975,SPACEBOY CHILDRENS EGG CUP,1245,1679.66,1.546974359,24-11-2010,09-12-2011,193,7,9.222222222,0.00075643,3.267716535,1322,1,1321,381
22976,CIRCUS PARADE CHILDRENS EGG CUP ,1127,1465.26,1.5034,24-11-2010,09-12-2011,149,5,9.470588235,0.029959514,2.958005249,1235,37,1198,381
22977,DOLLY GIRL CHILDRENS EGG CUP,999,1313.86,1.470496454,24-11-2010,09-12-2011,140,5,9.165137615,0.000942507,2.622047244,1061,1,1060,381
22978,PANTRY ROLLING PIN,2464,9564.98,4.344243697,17-02-2011,08-12-2011,238,10,16.87671233,0.030425963,8.352542373,2465,75,2390,295
22979,PANTRY WASHING UP BRUSH,4090,6391.82,1.81843342,02-03-2011,09-12-2011,381,15,21.64021164,0.022211374,14.45229682,4097,91,4006,283
22980,PANTRY SCRUBBING BRUSH,2363,3910.01,1.923673469,16-02-2011,09-12-2011,291,11,15.05095541,0.034234996,7.956228956,2366,81,2285,297
22981,PANTRY APPLE CORER,471,704.13,1.870092593,03-03-2011,07-12-2011,105,7,5.743902439,0.012711864,1.682142857,472,6,466,280
22982,PANTRY PASTRY BRUSH,1154,1543.77,1.637216981,02-03-2011,09-12-2011,212,11,8.945736434,0.020779221,4.077738516,1155,24,1131,283
22983,"CARD, BILLBOARD FONT",6695,2843.55,0.528061594,14-09-2010,09-12-2011,551,15,23.91071429,0.026171197,14.8119469,6916,181,6735,452
22984,"CARD, GINGHAM ROSE ",3349,1370.73,0.475046729,12-09-2010,09-12-2011,214,12,21.06289308,0,7.376651982,3410,0,3410,454
22985,"WRAP, BILLBOARD FONTS DESIGN",4722,1895.24,0.418823529,07-09-2010,09-12-2011,136,6,42.54054054,0,10.2875817,4772,0,4772,459
22986,GINGHAM ROSE WRAP,5795,2389.9,0.419313725,07-09-2010,08-12-2011,204,15,38.37748344,0.00427716,12.65283843,5845,25,5820,458
22987,"WRAP , SUMMER ROSE DESIGN",252,105.84,0.42,07-09-2010,10-10-2011,11,1,22.90909091,0,0.631578947,252,0,252,399
22988,SOLDIERS EGG CUP ,9363,11238.45,1.49864745,23-11-2010,09-12-2011,446,4,50.06951872,0.011665452,24.5104712,9601,112,9489,382
22989,SET 2 PANTRY DESIGN TEA TOWELS,2811,8999.27,3.686269841,03-02-2011,09-12-2011,372,18,14.71727749,0.008525755,9.067741935,2815,24,2791,310
22990,COTTON APRON PANTRY DESIGN,633,2917.43,5.315301205,06-02-2011,08-12-2011,164,10,5.275,0.197492163,2.068627451,638,126,512,306
22991,GIRAFFE WOODEN RULER,3887,7604.89,2.273655914,17-02-2011,09-12-2011,274,10,24.44654088,0.183594754,13.13175676,3889,714,3175,296
22992,REVOLVER WOODEN RULER ,5233,10373.99,2.271404494,17-02-2011,09-12-2011,348,13,32.30246914,0.136745607,17.67905405,5236,716,4520,296
22993,SET OF 4 PANTRY JELLY MOULDS,12649,16478.48,1.497788991,16-02-2011,09-12-2011,1073,19,51.84016393,0.005366162,42.58922559,12672,68,12604,297
22994,TRAVEL CARD WALLET RETROSPOT,2194,956.94,0.528310502,16-02-2011,09-12-2011,218,7,16.25185185,0.013654984,7.387205387,2197,30,2167,297
22995,TRAVEL CARD WALLET SUKI,2381,1058.64,0.541940299,17-02-2011,09-12-2011,266,3,15.97986577,0.020510674,8.043918919,2389,49,2340,296
22996,TRAVEL CARD WALLET VINTAGE TICKET,4801,2094.93,0.529638554,17-02-2011,09-12-2011,408,4,25.13612565,0.005402036,16.21959459,4813,26,4787,296
22997,TRAVEL CARD WALLET UNION JACK,2545,1094.93,0.493273543,17-02-2011,09-12-2011,222,3,18.44202899,0.030057803,8.597972973,2595,78,2517,296
22998,TRAVEL CARD WALLET KEEP CALM,12366,5262.82,0.497304833,16-02-2011,09-12-2011,534,6,57.51627907,0.014171337,41.63636364,12490,177,12313,297
22999,TRAVEL CARD WALLET RETRO PETALS,2894,1252.59,0.482444444,17-02-2011,09-12-2011,222,8,19.82191781,0.001013514,9.777027027,2960,3,2957,296
23000,TRAVEL CARD WALLET TRANSPORT,3169,1368.28,0.519713262,16-02-2011,09-12-2011,278,9,19.09036145,0.012298959,10.67003367,3171,39,3132,297
23002,TRAVEL CARD WALLET SKULLS,2119,914.37,0.523247423,16-02-2011,09-12-2011,192,2,16.3,0.05967366,7.134680135,2145,128,2017,297
23003,TRAVEL CARD WALLET VINTAGE ROSE ,542,226.2,0.418888889,16-02-2011,12-06-2011,53,3,12.60465116,0,4.632478632,-8516,0,-8516,117
23004,TRAVEL CARD WALLET PANTRY,2002,903.16,0.603035714,16-02-2011,09-12-2011,221,7,14.19858156,0.091496768,6.740740741,2011,184,1827,297
23005,TRAVEL CARD WALLET I LOVE LONDON,4733,2126.55,0.521721311,17-02-2011,09-12-2011,241,3,38.4796748,-6.94E-05,15.98986486,-14417,1,-14418,296
23006,TRAVEL CARD WALLET FLOWER MEADOW,1758,762.75,0.519190751,16-02-2011,08-12-2011,173,5,14.77310924,0.044217687,5.939189189,1764,78,1686,296
23007, SPACEBOY BABY GIFT SET,498,7741.75,15.91342391,09-03-2011,09-12-2011,184,13,3.860465116,0.012024048,1.804347826,499,6,493,276
23008,DOLLY GIRL BABY GIFT SET,433,6719.61,16.12609023,09-03-2011,08-12-2011,133,15,4.373737374,0.016091954,1.574545455,435,7,428,275
23009,I LOVE LONDON BABY GIFT SET,263,4082.52,15.98825243,09-03-2011,09-12-2011,103,8,3.329113924,0,0.952898551,263,0,263,276
23010,CIRCUS PARADE BABY GIFT SET,315,4879.6,16.29657658,09-03-2011,04-12-2011,111,11,3.705882353,0.009493671,1.162361624,316,3,313,271
23012,GLASS APOTHECARY BOTTLE PERFUME,1071,4197.11,4.629919355,14-06-2011,09-12-2011,246,11,8.778688525,0.00744879,5.983240223,1074,8,1066,179
23013,GLASS APOTHECARY BOTTLE TONIC,924,3674.16,4.672946429,14-06-2011,09-12-2011,223,8,7.830508475,0.006486486,5.162011173,925,6,919,179
23014,GLASS APOTHECARY BOTTLE ELIXIR,856,3419.58,4.863838863,14-06-2011,09-12-2011,209,9,7.575221239,0.01048951,4.782122905,858,9,849,179
23015,CORDIAL GLASS JUG,40,338.38,8.691052632,17-06-2011,24-11-2011,18,4,2.222222222,0.170731707,0.248447205,41,7,34,161
23016,GLASS TWIST BON BON JAR,74,575.25,8.714583333,16-06-2011,06-12-2011,24,1,3.217391304,0.040540541,0.425287356,74,3,71,174
23017,APOTHECARY MEASURING JAR,67,826.28,12.75954545,26-06-2011,08-12-2011,22,5,3.19047619,0.014925373,0.403614458,67,1,66,166
23018,LARGE APOTHECARY MEASURING JAR ,51,612.16,12.90047619,26-06-2011,16-11-2011,21,3,3.1875,0,0.354166667,51,0,51,144
23019,SMALL APOTHECARY MEASURING JAR ,81,629.05,8.078571429,21-06-2011,08-12-2011,28,5,3.24,0,0.473684211,81,0,81,171
23020,GLASS  SONGBIRD STORAGE JAR,180,2191.84,12.99592105,14-06-2011,06-12-2011,76,12,3.157894737,0.034090909,1.022727273,176,6,170,176
23021,GLASS BONNE JAM JAR,120,500.82,4.441851852,20-06-2011,06-12-2011,27,6,5,0,0.705882353,121,0,121,170
23022,SMALL BONNE JAM JAR  T-LIGHT HOLDER,422,808.16,2.031666667,15-06-2011,05-12-2011,22,2,20.0952381,0.071090047,2.425287356,422,30,392,174
23023,RIDGED BONNE JAM JAR T-LIGHT HOLDER,274,437.82,1.7652,20-06-2011,05-12-2011,25,2,11.41666667,0.006993007,1.621301775,286,2,284,169
23024,LARGE BONNE JAM JAR  T-LIGHT HOLDER,255,667.85,3.008181818,22-06-2011,14-11-2011,11,3,25.5,0.007843137,1.746575342,255,2,253,146
23025,DRAWER KNOB VINTAGE GLASS BALL,350,760.8,2.269814815,27-06-2011,02-12-2011,54,4,8.536585366,0.017142857,2.201257862,350,6,344,159
23026,DRAWER KNOB VINTAGE GLASS STAR,556,1198.96,2.3271875,16-06-2011,07-12-2011,62,5,10.69230769,0.02513465,3.177142857,557,14,543,175
23027,DRAWER KNOB VINTAGE GLASS HEXAGON,295,627.95,2.216666667,22-06-2011,02-12-2011,30,4,11.34615385,0,1.798780488,295,0,295,164
23028,DRAWER KNOB CRACKLE GLAZE BLUE,1369,2377.13,1.925362319,14-06-2011,02-11-2011,137,13,19.84057971,0.005279035,9.64084507,1326,7,1319,142
23029,DRAWER KNOB CRACKLE GLAZE GREEN,1352,2303.92,1.836666667,14-06-2011,08-12-2011,156,13,14.53763441,0.021021021,7.595505618,1332,28,1304,178
23031,DRAWER KNOB CRACKLE GLAZE PINK,1278,2152.3,1.827290323,14-06-2011,07-12-2011,155,9,13.17525773,0.015432099,7.220338983,1296,20,1276,177
23032,DRAWER KNOB CRACKLE GLAZE IVORY,2328,3853.68,1.774334975,14-06-2011,27-11-2011,199,10,22.38461538,0.020157756,13.94011976,2282,46,2236,167
23033,DRAWER KNOB CERAMIC RED,714,1058.9,1.814864865,14-06-2011,09-12-2011,74,6,11.33333333,0,3.988826816,720,0,720,179
23034,DRAWER KNOB CERAMIC BLACK,979,1448.67,1.627333333,14-06-2011,09-12-2011,88,8,14.1884058,0.00605449,5.469273743,991,6,985,179
23035,DRAWER KNOB CERAMIC IVORY,2191,3199.99,1.645,14-06-2011,08-12-2011,191,8,19.91818182,0.004195804,12.30898876,2145,9,2136,178
23036,T-LIGHT HOLDER SILVER PETIT FOUR ,184,232.42,1.325625,22-06-2011,06-12-2011,16,1,11.5,0,1.095238095,185,0,185,168
23037,CANDLE HOLDER SILVER MADELINE,196,325.16,1.886,24-06-2011,09-12-2011,20,2,10.31578947,0,1.159763314,196,0,196,169
23038,T-LIGHT HOLDER SILVER SAUCER,44,42.92,1.33,11-07-2011,05-12-2011,8,1,5.5,0,0.297297297,44,0,44,148
23039,T-LIGHT HOLDER SILVER HEART HANDLE,199,399.71,2.390689655,19-06-2011,05-12-2011,28,2,7.37037037,0.030150754,1.170588235,199,6,193,170
23040,PAPER LANTERN 9 POINT SNOW STAR ,253,1394.03,6.278372093,28-04-2011,09-12-2011,41,6,6.657894737,0,1.119469027,253,0,253,226
23041,PAPER LANTERN 9 POINT SNOW STAR,272,1178.48,4.61,28-04-2011,09-12-2011,54,1,5.913043478,0.088235294,1.203539823,272,24,248,226
23042,PAPER LANTERN 7 POINT SNOW STAR,103,711.51,7.361428571,28-04-2011,05-12-2011,28,1,3.961538462,0.097087379,0.463963964,103,10,93,222
23043,PAPER LANTERN 9 POINT HOLLY STAR 40,81,543.51,7.33,05-05-2011,05-12-2011,23,1,4.05,0,0.376744186,81,0,81,215
23044,PAPER LANTERN 9 POINT HOLLY STAR S,101,423.29,4.309230769,08-05-2011,01-12-2011,25,2,4.391304348,0,0.485576923,104,0,104,208
23045,PAPER LANTERN 5 POINT STAR MOON 30,118,497.98,4.4812,05-05-2011,07-12-2011,25,3,5.130434783,0.169491525,0.543778802,118,20,98,217
23046,PAPER LANTERN 9 POINT DELUXE STAR,349,2111.49,6.809444444,08-05-2011,05-12-2011,36,3,11.63333333,0,1.646226415,349,0,349,212
23047,PAPER LANTERN 5 POINT SEQUIN STAR,58,333.5,5.75,08-05-2011,24-11-2011,25,1,2.52173913,0,0.288557214,58,0,58,201
23048,SET OF 10 LANTERNS FAIRY LIGHT STAR,577,2368.37,4.67372549,28-04-2011,08-12-2011,99,8,8.126760563,0.056798623,2.564444444,581,33,548,225
23049,RECYCLED ACAPULCO MAT RED,456,3896.84,8.921505376,04-03-2011,01-12-2011,186,12,4.03539823,0.006578947,1.67032967,456,3,453,273
23050,RECYCLED ACAPULCO MAT GREEN,497,4286.55,9.223268293,04-03-2011,09-12-2011,205,12,4.211864407,0.002012072,1.768683274,497,1,496,281
23051,RECYCLED ACAPULCO MAT BLUE,365,3223.49,9.636790123,04-03-2011,09-12-2011,162,11,3.509615385,0.005479452,1.298932384,365,2,363,281
23052,RECYCLED ACAPULCO MAT TURQUOISE,654,5949.34,9.784460432,04-03-2011,09-12-2011,278,15,4.808823529,0.001529052,2.327402135,654,1,653,281
23053,RECYCLED ACAPULCO MAT PINK,364,3254.32,9.819390244,04-03-2011,09-12-2011,164,15,3.714285714,0.002739726,1.295373665,365,1,364,281
23054,RECYCLED ACAPULCO MAT LAVENDER,295,2604.93,9.533076923,04-03-2011,09-12-2011,130,12,3.241758242,0.003367003,1.049822064,297,1,296,281
23055,IVORY CHANDELIER T-LIGHT HOLDER,657,1395.18,5.62125,19-04-2011,18-11-2011,38,4,19.90909091,1.661538462,3.070093458,260,432,-172,214
23056,FLOWERS CHANDELIER T-LIGHT HOLDER,963,2898.12,6.18425,19-04-2011,23-11-2011,39,4,28.32352941,0.765873016,4.397260274,756,579,177,219
23057,GEMSTONE CHANDELIER T-LIGHT HOLDER,773,1768.67,4.781555556,18-04-2011,18-11-2011,45,4,20.34210526,0.872983871,3.595348837,496,433,63,215
23058,CHRISTMAS HANGING SNOWFLAKE,490,430.86,1.225208333,14-09-2011,07-12-2011,48,4,15.80645161,0,5.764705882,490,0,490,85
23060,HEART BEADED TRELLIS DECORATION,249,528.17,2.219772727,18-04-2011,07-12-2011,42,2,6.384615385,0,1.064102564,249,0,249,234
23061,VINTAGE EMBOSSED HEART,1015,1332.68,1.537777778,19-04-2011,08-12-2011,117,4,11.53409091,0.002904163,4.337606838,1033,3,1030,234
23064,CINDERELLA CHANDELIER ,221,3717.56,45.4873913,28-04-2011,03-11-2011,23,4,11.63157895,0.333333333,1.163157895,213,71,142,190
23065,LARGE DECO JEWELLERY STAND,273,3427.44,12.97616162,15-04-2011,20-10-2011,99,6,4.014705882,0.003831418,1.444444444,261,1,260,189
23066,SMALL DECO JEWELLERY STAND,259,2137.81,8.921294118,18-04-2011,13-10-2011,85,5,4.111111111,0.004065041,1.446927374,246,1,245,179
23067,HANGING ENGRAVED METAL HEART,294,1236.66,4.35195122,26-04-2011,07-12-2011,78,3,4.59375,0,1.300884956,297,0,297,226
23068,ALUMINIUM STAMPED HEART,809,1966.93,2.585507246,18-04-2011,06-12-2011,136,6,8.427083333,0,3.472103004,813,0,813,233
23069,EDWARDIAN PHOTO FRAME,88,556.21,6.4440625,26-04-2011,04-12-2011,32,3,2.933333333,0,0.394618834,90,0,90,223
23070,EDWARDIAN HEART PHOTO FRAME,160,709.54,5.090909091,04-05-2011,06-12-2011,44,2,3.720930233,0,0.737327189,160,0,160,217
23071,MARIE ANTOIENETT TRINKET BOX GOLD,315,1205.1,10.5325,20-04-2011,26-10-2011,19,5,17.5,0.299212598,1.657894737,254,76,178,190
23072,MARIE ANTOINETTE TRINKET BOX SILVER,334,1273.76,13.72533333,08-05-2011,26-10-2011,30,4,11.92857143,0.253521127,1.941860465,284,72,212,172
23073,GEORGIAN TRINKET BOX,143,1706.5,12.41147541,19-04-2011,01-12-2011,61,4,2.803921569,0.006944444,0.629955947,144,1,143,227
23074,EMBOSSED HEART TRINKET BOX,246,547.27,2.623125,11-09-2011,09-12-2011,48,3,6.15,0.024,2.733333333,250,6,244,90
23075,DOUBLE CERAMIC PARLOUR HOOK,472,1960.3,4.2485,18-04-2011,08-12-2011,80,6,7.151515152,0.071278826,2.008510638,477,34,443,235
23076,ICE CREAM SUNDAE LIP GLOSS,8076,9935.76,1.350288809,24-03-2011,09-12-2011,277,16,53.84,0.00345679,30.94252874,8100,28,8072,261
23077,DOUGHNUT LIP GLOSS ,10395,13695.77,1.345436047,24-03-2011,09-12-2011,344,15,66.21019108,0.005760922,39.82758621,10415,60,10355,261
23078,ICE CREAM PEN LIP GLOSS ,6831,8553.34,1.426731518,24-03-2011,07-12-2011,257,12,46.78767123,0.00702679,26.37451737,6831,48,6783,259
23079,TOADSTOOL BEDSIDE LIGHT ,251,2225.45,8.936915888,11-05-2011,07-12-2011,106,8,3.25974026,0.055335968,1.18957346,253,14,239,211
23080,RED METAL BOX TOP SECRET,1074,9117.62,9.339272031,11-05-2011,09-12-2011,257,13,8.261538462,0.010194625,5.042253521,1079,11,1068,213
23081,GREEN METAL BOX ARMY SUPPLIES,483,4038.25,9.407194245,10-05-2011,08-12-2011,139,9,5.193548387,0.012396694,2.267605634,484,6,478,213
23082,SET 6 PAPER TABLE LANTERN HEARTS ,2328,8558.76,4.093564356,11-05-2011,09-12-2011,297,9,17.24444444,0.012001715,10.92957746,2333,28,2305,213
23083,SET 6 PAPER TABLE LANTERN STARS ,1932,7250.9,4.236586345,15-05-2011,09-12-2011,246,7,18.94117647,0.032591826,9.244019139,1933,63,1870,209
23084,RABBIT NIGHT LIGHT,30739,66870.03,2.38640118,10-05-2011,09-12-2011,994,20,226.0220588,0.003511738,143.6401869,30754,108,30646,214
23085,ANTIQUE SILVER BAUBLE LAMP  ,376,3583.23,10.835,16-05-2011,08-12-2011,78,4,6.482758621,0.034120735,1.816425121,381,13,368,207
23086,ZINC  STAR T-LIGHT HOLDER ,1225,1451.43,1.519787234,16-05-2011,08-12-2011,47,5,32.23684211,0.013029316,5.917874396,1228,16,1212,207
23087,ZINC  HEART T-LIGHT HOLDER,868,1090.66,1.591594203,13-05-2011,08-12-2011,69,3,16.37735849,0.017281106,4.133333333,868,15,853,210
23088,ZINC HEART FLOWER T-LIGHT HOLDER,795,1033.28,1.627594937,12-05-2011,09-12-2011,79,3,13.70689655,0,3.75,795,0,795,212
23089,GLASS BON BON JAR,2354,4215.78,2.380175439,12-05-2011,09-12-2011,225,6,18.53543307,0.006369427,11.10377358,2355,15,2340,212
23090,VINTAGE GLASS T-LIGHT HOLDER,2237,1870.03,0.979013158,16-05-2011,07-12-2011,149,6,26.95180723,0.004736842,10.8592233,1900,9,1891,206
23091,ZINC HERB GARDEN CONTAINER,580,3656.32,6.728142857,11-05-2011,10-11-2011,209,4,5.523809524,0.012110727,3.152173913,578,7,571,184
23092,LARGE ANTIQUE WHITE PHOTO FRAME,523,3757.78,8.100962963,16-05-2011,08-12-2011,135,5,6.226190476,0.019047619,2.526570048,525,10,515,207
23093,SMALL PARISIENNE HEART PHOTO FRAME ,939,2239.24,2.788239437,11-05-2011,09-12-2011,142,3,9.581632653,0.003188098,4.408450704,941,3,938,213
23094,LE GRAND TRAY CHIC SET,152,1924.92,12.81544304,11-05-2011,28-11-2011,79,8,2.235294118,0.013157895,0.752475248,152,2,150,202
23096,PETIT TRAY CHIC,1033,1736.69,2.027808219,10-05-2011,08-12-2011,146,4,11.22826087,0,4.849765258,1047,0,1047,213
23099,FRENCH CARRIAGE LANTERN,137,925.35,7.039152542,16-05-2011,07-12-2011,58,2,2.795918367,0.058394161,0.665048544,137,8,129,206
23100,SILVER BELLS TABLE DECORATION,2166,2739.38,1.426235741,11-05-2011,08-12-2011,257,9,20.24299065,0.000461042,10.21698113,2169,1,2168,212
23101,SILVER STARS TABLE DECORATION,2031,1739.63,0.974485981,12-05-2011,08-12-2011,213,10,20.7244898,0,9.625592417,2037,0,2037,211
23102,SILVER HEARTS TABLE DECORATION,1274,1075.03,0.970754717,11-05-2011,04-12-2011,157,7,14,0,6.125,1288,0,1288,208
23103,BELL HEART DECORATION,4072,6846.16,1.844148936,11-05-2011,09-12-2011,365,6,30.61654135,0.006862745,19.11737089,4080,28,4052,213
23104,IVORY PANTRY HANGING LAMP ,118,1405.42,12.85913043,11-05-2011,07-12-2011,46,4,3.025641026,0,0.559241706,118,0,118,211
23106,ZINC HEARTS PLANT POT HOLDER,291,815.59,2.942830189,13-05-2011,08-12-2011,53,1,6.326086957,0.041237113,1.385714286,291,12,279,210
23107,WHITE WIRE PLANT POT HOLDER,359,1009.51,3.200958904,12-05-2011,08-12-2011,73,4,6.648148148,0,1.701421801,359,0,359,211
23108,SET OF 10 LED DOLLY LIGHTS,2219,13290.52,6.469919571,11-05-2011,08-12-2011,372,19,15.0952381,0.028815849,10.46698113,2221,64,2157,212
23109,LED TEA LIGHTS,2386,6835.02,3.264963235,11-05-2011,08-12-2011,268,8,19.71900826,0.03998334,11.25471698,2401,96,2305,212
23110,PARISIENNE KEY CABINET ,700,4147.18,6.66234375,11-05-2011,09-12-2011,255,12,5.511811024,0.072649573,3.286384977,702,51,651,213
23111,PARISIENNE SEWING BOX,312,3839.24,13.46892086,11-05-2011,09-12-2011,138,9,3.428571429,0.076923077,1.464788732,312,24,288,213
23112,PARISIENNE CURIO CABINET,546,4507.08,9.167219917,11-05-2011,09-12-2011,241,12,4.23255814,0.060329068,2.563380282,547,33,514,213
23113,PANTRY CHOPPING BOARD,1154,5868.5,6.361754386,16-09-2011,08-12-2011,57,10,29.58974359,-3.307692308,13.73809524,-286,946,-1232,84
23114,VINTAGE LEAF CHOPPING BOARD  ,149,737.95,5.451333333,30-09-2011,07-12-2011,45,10,5.321428571,-0.00232378,2.15942029,-1291,3,-1294,69
23115,RED APPLES CHOPPING BOARD   ,152,770.32,5.840666667,30-09-2011,08-12-2011,45,5,4.470588235,0,2.171428571,-1285,0,-1285,70
23116,VEGETABLE GARDEN CHOPPING BOARD,76,382.44,6.240909091,30-09-2011,05-12-2011,22,3,3.619047619,0,1.134328358,-1362,0,-1362,67
23117,POPPY FIELDS CHOPPING BOARD,93,501.23,5.598888889,30-09-2011,06-12-2011,45,5,2.90625,-0.00074239,1.367647059,-1347,1,-1348,68
23118,PARISIENNE JEWELLERY DRAWER ,813,6102.18,8.390465116,10-05-2011,09-12-2011,258,9,6.556451613,0.030495553,3.799065421,787,24,763,214
23119,PACK OF 6 LARGE FRUIT STRAWS ,2282,1401.7,0.779139073,17-06-2011,08-12-2011,151,10,25.35555556,0.015768725,13.04,2283,36,2247,175
23120,PACK OF 6 SMALL FRUIT STRAWS,1685,682.39,0.468190476,17-06-2011,08-12-2011,100,5,23.73239437,0.041958042,9.628571429,1716,72,1644,175
23121,PACK OF 6 COCKTAIL PARASOL STRAWS,2501,1000.44,0.552844828,17-06-2011,06-12-2011,111,6,33.34666667,0,14.4566474,2506,0,2506,173
23122,PARTY CHARMS 50 PIECES,2251,1726.09,1.038602941,17-06-2011,09-12-2011,133,9,26.79761905,0.001331558,12.78977273,2253,3,2250,176
23123,COCKTAIL SWORDS 50 PIECES,935,759.57,1.014421053,17-06-2011,08-12-2011,95,5,14.38461538,0.006410256,5.342857143,936,6,930,175
23124,18PC WOODEN CUTLERY SET DISPOSABLE,567,751.38,1.751627907,17-06-2011,03-11-2011,43,4,16.2,0,4.05,567,0,567,140
23125,6PC WOOD PLATE SET DISPOSABLE,459,574.88,1.913157895,17-06-2011,29-11-2011,38,3,16.39285714,0,2.765060241,459,0,459,166
23126,DOLLCRAFT GIRL AMELIE KIT,1109,5532.04,5.375153584,02-03-2011,09-12-2011,291,11,7.393333333,0.014362657,3.918727915,1114,16,1098,283
23127,DOLLCRAFT GIRL NICOLE,736,3759,5.259591837,02-03-2011,09-12-2011,194,10,5.888,0.017639077,2.600706714,737,13,724,283
23128,FELTCRAFT BOY JEAN-PAUL KIT,448,2258.66,5.266906475,03-03-2011,08-12-2011,139,11,4.48,0.015452539,1.59430605,453,7,446,281
23129,HEART SHAPED HOLLY WREATH,950,3999.5,4.57627907,18-05-2011,05-12-2011,172,10,11.44578313,0.001052632,4.702970297,950,1,949,202
23130,MISTLETOE HEART WREATH GREEN,962,3988.98,4.519456522,01-05-2011,04-12-2011,184,5,10.12631579,0.009355509,4.412844037,962,9,953,218
23131,MISTLETOE HEART WREATH CREAM,942,3835.98,4.204137931,26-04-2011,08-12-2011,115,5,11.21428571,0.006451613,4.149779736,930,6,924,227
23132,SMALL IVORY HEART WALL ORGANISER,1020,5138.6,6.222171053,19-04-2011,08-12-2011,152,4,9.714285714,0.003868472,4.358974359,1034,4,1030,234
23133,LARGE IVORY HEART WALL ORGANISER,782,5525.4,9.162451613,20-04-2011,08-12-2011,155,4,7.308411215,0.001278772,3.356223176,782,1,781,233
23134,LARGE ZINC HEART WALL ORGANISER,1065,6431.11,7.906842105,20-04-2011,18-09-2011,38,2,30.42857143,0,7.006578947,1173,0,1173,152
23135,SMALL ZINC HEART WALL ORGANISER,1541,5416.18,5.675777778,19-04-2011,08-12-2011,45,1,40.55263158,0,6.585470085,1642,0,1642,234
23136,IVORY WIRE SWEETHEART LETTER TRAY,135,511.89,4.034081633,21-04-2011,06-12-2011,49,3,3.214285714,0,0.586956522,135,0,135,230
23137,ZINC WIRE SWEETHEART LETTER TRAY,83,275.62,3.976521739,21-04-2011,07-12-2011,23,2,3.952380952,0,0.359307359,83,0,83,231
23138,SINGLE WIRE HOOK IVORY HEART,879,1231.51,1.598571429,21-04-2011,05-12-2011,82,3,14.40983607,0.013574661,3.838427948,884,12,872,229
23139,SINGLE WIRE HOOK PINK HEART,414,528.7,1.612857143,21-04-2011,07-12-2011,27,2,15.92307692,0.028915663,1.792207792,415,12,403,231
23140,TRIPLE WIRE HOOK IVORY HEART,182,766.1,4.535769231,19-04-2011,13-11-2011,52,2,4.136363636,0.065934066,0.870813397,182,12,170,209
23141,TRIPLE WIRE HOOK PINK HEART,79,272.91,4.2404,19-04-2011,09-12-2011,25,2,3.291666667,0,0.336170213,79,0,79,235
23142,IVORY WIRE KITCHEN ORGANISER,121,1220.82,11.11675,21-04-2011,27-11-2011,40,5,4.033333333,0.016528926,0.547511312,121,2,119,221
23143,ZINC WIRE KITCHEN ORGANISER,30,239.97,9.929375,04-05-2011,09-12-2011,16,3,2.142857143,0,0.136363636,30,0,30,220
23144,ZINC T-LIGHT HOLDER STARS SMALL,5089,4197.83,0.943672727,21-04-2011,08-12-2011,274,10,35.58741259,0.008646099,21.93534483,5089,44,5045,232
23145,ZINC T-LIGHT HOLDER STAR LARGE,2084,1979.48,1.079176471,21-04-2011,09-12-2011,169,10,18.60714286,0.005278311,8.944206009,2084,11,2073,233
23146,TRIPLE HOOK ANTIQUE IVORY ROSE,798,2645.26,3.514415584,19-04-2011,05-12-2011,227,8,6.435483871,0.062421973,3.454545455,801,50,751,231
23147,SINGLE ANTIQUE ROSE HOOK IVORY,1868,2752.2,1.525622642,21-04-2011,08-12-2011,261,9,13.43884892,0.00802139,8.051724138,1870,15,1855,232
23148,MINIATURE ANTIQUE ROSE HOOK IVORY,2139,1816.31,0.913385827,21-04-2011,08-12-2011,247,10,16.45384615,0.006063433,9.219827586,2144,13,2131,232
23149,ANTIQUE IVORY WIRE BOWL SMALL,99,251.45,2.725238095,03-05-2011,29-11-2011,21,2,5.210526316,0.111111111,0.469194313,99,11,88,211
23150,IVORY SWEETHEART SOAP DISH,148,390.75,2.943673469,21-04-2011,05-12-2011,49,5,3.441860465,0.006756757,0.64628821,148,1,147,229
23151,ZINC SWEETHEART SOAP DISH,61,114.33,2.23952381,05-05-2011,09-12-2011,21,1,3.210526316,0,0.278538813,62,0,62,219
23152,IVORY SWEETHEART WIRE LETTER RACK ,554,2080.65,3.9519375,20-04-2011,04-12-2011,159,4,4.990990991,0.013084112,2.419213974,535,7,528,229
23153,ZINC SWEETHEART WIRE LETTER RACK,263,1020.69,4.236666667,18-04-2011,08-12-2011,90,2,3.704225352,0.015209125,1.119148936,263,4,259,235
23154,SET OF 4 JAM JAR MAGNETS,2701,5842.88,2.2075,25-03-2011,07-12-2011,235,16,18.62758621,0.022327965,10.46899225,2732,61,2671,258
23155,KNICKERBOCKERGLORY MAGNET ASSORTED ,2221,1904.77,1.472074074,25-03-2011,08-12-2011,135,12,24.40659341,0.078641228,8.575289575,2149,169,1980,259
23156,SET OF 5 MINI GROCERY MAGNETS,1665,3423.29,2.261497585,25-03-2011,08-12-2011,205,13,13.0078125,0.014354067,6.428571429,1672,24,1648,259
23157,SET OF 6 NATIVITY MAGNETS ,2557,5143.06,2.361597633,31-03-2011,05-12-2011,163,11,30.80722892,0.079417604,10.228,3022,240,2782,250
23158,SET OF 5 LUCKY CAT MAGNETS ,2633,5513.83,2.674823529,25-03-2011,09-12-2011,255,11,18.80714286,0.022770398,10.12692308,2635,60,2575,260
23159,SET OF 5 PANCAKE DAY MAGNETS,2293,4713.52,2.319910714,25-03-2011,28-11-2011,223,19,16.73722628,0.011251125,9.208835341,2222,25,2197,249
23160,REGENCY TEA SPOON,1450,1794.48,1.488157895,03-05-2011,08-12-2011,76,8,22.65625,0.004103967,6.590909091,1462,6,1456,220
23161,REGENCY CAKE FORK,1715,2145.3,1.593061224,03-05-2011,08-12-2011,98,7,22.56578947,0.006997085,7.795454545,1715,12,1703,220
23162,REGENCY TEA STRAINER,1412,5143.69,4.422272727,27-04-2011,08-12-2011,176,9,13.19626168,0,6.247787611,1412,0,1412,226
23163,REGENCY SUGAR TONGS,1832,4515.22,3.32923445,27-04-2011,08-12-2011,209,7,13.87878788,0.030021834,8.10619469,1832,55,1777,226
23164,REGENCY CAKE SLICE,578,2718.65,5.579673913,03-05-2011,08-12-2011,92,8,8.027777778,0.001730104,2.627272727,578,1,577,220
23165,LARGE CERAMIC TOP STORAGE JAR,3114,5141.06,1.977773852,12-05-2011,09-12-2011,280,9,23.77099237,0.032713278,14.68867925,3118,102,3016,212
23166,MEDIUM CERAMIC TOP STORAGE JAR,78033,81700.92,1.46848,18-01-2011,09-12-2011,247,10,624.264,0.954647393,239.3650307,78033,74494,3539,326
23167,SMALL CERAMIC TOP STORAGE JAR ,5847,4476.01,1.002521008,11-05-2011,09-12-2011,231,11,46.03937008,0.089789636,27.45070423,5847,525,5322,213
23168,CLASSIC SUGAR DISPENSER,3291,4558.67,1.77748538,12-05-2011,09-12-2011,337,8,22.54109589,0.016403402,15.52358491,3292,54,3238,212
23169,CLASSIC GLASS SWEET JAR,1556,6662.84,4.724095238,12-05-2011,06-12-2011,314,9,10.58503401,0.069977427,7.444976077,1329,93,1236,209
23170,REGENCY TEA PLATE ROSES ,6857,11097.25,2.075707865,10-05-2011,09-12-2011,445,15,43.39873418,0.104527588,32.04205607,6869,718,6151,214
23171,REGENCY TEA PLATE GREEN ,6247,10051.99,2.12843342,10-05-2011,09-12-2011,381,14,40.56493506,0.015527453,29.19158879,6247,97,6150,214
23172,REGENCY TEA PLATE PINK,3861,6344.41,2.067836066,10-05-2011,09-12-2011,305,14,27.77697842,0.02634978,18.04205607,3871,102,3769,214
23173,REGENCY TEAPOT ROSES ,2766,24879.13,11.11971496,10-05-2011,09-12-2011,416,17,17.07407407,0.018772563,12.92523364,2770,52,2718,214
23174,REGENCY SUGAR BOWL GREEN,3055,12342.43,4.795123457,10-05-2011,08-12-2011,322,18,21.36363636,0.028786392,14.342723,3057,88,2969,213
23175,REGENCY MILK JUG PINK ,3160,9587.15,3.878791541,10-05-2011,09-12-2011,329,15,23.40740741,0.0256246,14.76635514,3122,80,3042,214
23176,ABC TREASURE BOOK BOX ,2165,4693.08,2.663215859,02-03-2011,08-12-2011,226,17,15.24647887,0.020766036,7.677304965,2167,45,2122,282
23177,TREASURE ISLAND BOOK BOX,2532,5521.29,2.702074074,02-03-2011,09-12-2011,267,16,16.44155844,0.007889546,8.946996466,2535,20,2515,283
23178,JAM CLOCK MAGNET,327,936.89,3.360294118,03-03-2011,09-12-2011,68,9,5.542372881,0.015151515,1.159574468,330,5,325,282
23179,CLOCK MAGNET MUM'S KITCHEN,324,930.48,3.524339623,03-03-2011,08-12-2011,53,8,7.2,0,1.153024911,324,0,324,281
23180,MUM'S KITCHEN CLOCK,122,621.09,5.939387755,04-03-2011,08-12-2011,49,5,2.711111111,0.008196721,0.435714286,122,1,121,280
23181,BULL DOG BOTTLE TOP WALL CLOCK,201,1733.57,9.421463415,08-03-2011,09-12-2011,82,5,2.955882353,0.019900498,0.725631769,201,4,197,277
23182,TOILET SIGN OCCUPIED OR VACANT,3741,3688.21,1.530434783,01-03-2011,09-12-2011,433,5,19.79365079,0.003706645,13.17253521,3777,14,3763,284
23183,MOTHER'S KITCHEN SPOON REST ,226,967.17,4.879411765,03-03-2011,09-12-2011,84,7,3.373134328,0.03539823,0.80141844,226,8,218,282
23184,BULL DOG BOTTLE OPENER,874,4764.5,6.453308271,06-03-2011,09-12-2011,264,9,5.712418301,0.014874142,3.132616487,874,13,861,279
23185,FRENCH STYLE STORAGE JAR JAM,317,114.85,0.351612903,04-03-2011,06-12-2011,30,2,11.32142857,0.003095975,1.14028777,323,1,322,278
23186,FRENCH STYLE STORAGE JAR CAFE ,1982,819.46,0.340985915,08-03-2011,07-12-2011,70,5,36.03636364,0.00605449,7.207272727,1982,12,1970,275
23187,FRENCH STYLE STORAGE JAR BONBONS,2338,695.06,0.315466667,08-03-2011,03-11-2011,74,7,43.2962963,0.016256591,9.701244813,2276,37,2239,241
23188,VINTAGE  2 METER FOLDING RULER,3471,6447.77,1.934985163,14-06-2011,09-12-2011,333,7,27.33070866,0.004031097,19.39106145,3473,14,3459,179
23189,SET OF 12 FORK CANDLES,1249,3507.51,3.395633803,03-08-2011,08-12-2011,141,8,15.81012658,0.000800641,9.7578125,1249,1,1248,128
23190,BUNDLE OF 3 SCHOOL EXERCISE BOOKS  ,1702,2761.9,1.796600985,09-05-2011,09-12-2011,202,8,14.18333333,0.001175088,7.91627907,1702,2,1700,215
23191,BUNDLE OF 3 RETRO NOTE BOOKS,2201,3628.89,1.872299652,10-05-2011,09-12-2011,281,9,15.39160839,0.00135257,10.28504673,2218,3,2215,214
23192,BUNDLE OF 3 ALPHABET EXERCISE BOOKS,3516,6114.24,1.774330484,10-05-2011,08-12-2011,345,11,23.13157895,0.000849137,16.50704225,3533,3,3530,213
23193,BUFFALO BILL TREASURE BOOK BOX,1922,4079.28,2.730571429,02-03-2011,09-12-2011,175,11,15.88429752,0.010362694,6.791519435,1930,20,1910,283
23194,GYMKHANNA TREASURE BOOK BOX,1835,4077.37,2.713317972,02-03-2011,09-12-2011,214,12,14.00763359,0.02011963,6.48409894,1839,37,1802,283
23196,RETRO LEAVES MAGNETIC NOTEPAD,1872,2842.24,1.796447368,23-06-2011,09-12-2011,298,11,15.86440678,0.006885593,11.01176471,1888,13,1875,170
23197,SKETCHBOOK MAGNETIC SHOPPING LIST,1478,2303.5,1.95224,23-06-2011,09-12-2011,249,9,12.96491228,0.016756032,8.694117647,1492,25,1467,170
23198,PANTRY MAGNETIC  SHOPPING LIST,3342,5062.6,1.799587629,22-06-2011,09-12-2011,475,15,23.87142857,0.019127316,19.54385965,3346,64,3282,171
23199,JUMBO BAG APPLES,14908,30450.69,2.569929006,11-04-2011,09-12-2011,978,15,75.29292929,0.048458445,61.34979424,14920,723,14197,243
23200,JUMBO BAG PEARS,7067,14188.96,2.430250836,06-05-2011,09-12-2011,595,13,39.26111111,0.018686376,32.41743119,7171,134,7037,218
23201,JUMBO BAG ALPHABET,13366,27850.83,2.390010977,11-04-2011,09-12-2011,906,17,67.50505051,0.044397937,55.00411523,13379,594,12785,243
23202,JUMBO BAG VINTAGE LEAF,10941,21810.43,2.296230248,06-05-2011,09-12-2011,879,11,59.46195652,0.021876695,50.18807339,11062,242,10820,218
23203,JUMBO BAG DOILEY PATTERNS,20485,42030.34,2.275764895,06-05-2011,09-12-2011,1231,15,111.9398907,0.028636606,93.96788991,20603,590,20013,218
23204,CHARLOTTE BAG APPLES DESIGN,7976,7741.94,1.121945392,11-04-2011,09-12-2011,583,11,42.88172043,0.02331996,32.82304527,7976,186,7790,243
23205,CHARLOTTE BAG VINTAGE ALPHABET ,5857,5726.38,1.149106383,11-04-2011,09-12-2011,467,10,33.27840909,0.03259942,24.10288066,5859,191,5668,243
23206,LUNCH BAG APPLE DESIGN,12147,20852.58,2.058955366,11-04-2011,09-12-2011,1036,18,61.34848485,0.004842814,49.98765432,12183,59,12124,243
23207,LUNCH BAG ALPHABET DESIGN,7830,13325.55,1.990965608,11-04-2011,09-12-2011,740,13,39.94897959,0.057062795,32.22222222,7851,448,7403,243
23208,LUNCH BAG VINTAGE LEAF DESIGN,6308,10441.91,1.93620384,12-04-2011,09-12-2011,668,13,33.2,0.011510564,26.0661157,6342,73,6269,242
23209,LUNCH BAG DOILEY PATTERN ,13170,21418.82,1.82475763,08-05-2011,08-12-2011,1098,16,72.76243094,0.003010008,61.25581395,13289,40,13249,215
23210,WHITE ROCKING HORSE HAND PAINTED,2849,3551.53,1.466831683,02-06-2011,09-12-2011,192,13,32.74712644,0.068917988,14.91623037,2902,200,2702,191
23211,RED ROCKING HORSE HAND PAINTED,2329,2930.57,1.565185185,02-06-2011,08-12-2011,160,10,28.40243902,0.01029601,12.25789474,2331,24,2307,190
23212,HEART WREATH DECORATION WITH BELL,2296,2860.89,1.495026178,02-06-2011,09-12-2011,186,7,25.79775281,0.026086957,12.02094241,2300,60,2240,191
23213,STAR WREATH DECORATION WITH BELL,1682,2138.42,1.486580645,02-06-2011,09-12-2011,152,8,21.84415584,0.007130125,8.806282723,1683,12,1671,191
23214,JINGLE BELL HEART ANTIQUE GOLD,789,1695.04,2.392596154,01-06-2011,08-12-2011,103,6,11.95454545,0,4.130890052,794,0,794,191
23215,JINGLE BELL HEART ANTIQUE SILVER,3564,7038.4,2.261596244,01-06-2011,09-12-2011,210,4,38.32258065,0.033641716,18.5625,3567,120,3447,192
23216,LAUREL HEART ANTIQUE GOLD,525,630.73,1.446888889,02-06-2011,08-12-2011,44,2,13.46153846,0,2.763157895,525,0,525,190
23217,LAUREL HEART ANTIQUE SILVER,1309,1613.82,1.541515152,02-06-2011,06-12-2011,97,1,19.83333333,0,6.962765957,1309,0,1309,188
23218,LAUREL STAR ANTIQUE GOLD,379,483.03,1.57225,18-07-2011,08-12-2011,40,3,11.48484848,0,2.631944444,379,0,379,144
23219,LAUREL STAR ANTIQUE SILVER ,430,568.6,1.52765625,02-06-2011,08-12-2011,61,3,9.772727273,0,2.263157895,430,0,430,190
23220,REINDEER HEART DECORATION GOLD,993,869.15,1.082788462,09-06-2011,09-12-2011,103,4,16.55,0.012072435,5.39673913,994,12,982,184
23221,REINDEER HEART DECORATION SILVER,1536,1363.04,1.076241611,31-05-2011,08-12-2011,145,8,19.94805195,0.037735849,8,1537,58,1479,192
23222,CHRISTMAS TREE HANGING GOLD,799,718.53,1.046753247,23-06-2011,08-12-2011,75,4,15.66666667,0.030037547,4.727810651,799,24,775,169
23223,CHRISTMAS TREE HANGING SILVER ,801,750.19,1.089438202,23-06-2011,08-12-2011,88,2,14.05263158,0.01494396,4.73964497,803,12,791,169
23224,CHERUB HEART DECORATION GOLD,738,649.02,1.03943662,02-06-2011,09-12-2011,71,4,15.375,0.01897019,3.863874346,738,14,724,191
23225,CHERUB HEART DECORATION SILVER ,1355,1176.17,1.093977273,02-06-2011,08-12-2011,88,5,22.21311475,0.061946903,7.131578947,1356,84,1272,190
23226,FILIGREE HEART DAISY WHITE,1247,1596.67,1.573636364,31-05-2011,05-12-2011,98,6,17.08219178,0.038492382,6.597883598,1247,48,1199,189
23227,FILIGREE HEART BUTTERFLY WHITE ,1642,2070.06,1.573760684,26-05-2011,08-12-2011,117,4,18.65909091,0.00365408,8.335025381,1642,6,1636,197
23228,FILIGREE HEART BIRD WHITE ,1492,1960,1.790714286,26-05-2011,08-12-2011,125,4,17.97590361,0.096514745,7.573604061,1492,144,1348,197
23229,VINTAGE DONKEY TAIL GAME ,1869,6739.71,4.243007813,14-06-2011,09-12-2011,256,14,16.25217391,0.0058855,10.44134078,1869,11,1858,179
23230,WRAP ALPHABET DESIGN,7976,3217.92,0.417361702,13-01-2011,08-12-2011,235,12,52.47368421,0.009373828,24.16969697,8001,75,7926,330
23231,WRAP DOILEY DESIGN,7277,3008.34,0.419076923,12-01-2011,08-12-2011,260,19,43.8373494,0,21.98489426,7277,0,7277,331
23232,WRAP VINTAGE PETALS  DESIGN,8526,3436.92,0.41748954,17-01-2011,08-12-2011,238,8,55.36363636,0.005912358,26.15337423,8626,51,8575,326
23233,WRAP POPPIES  DESIGN,5175,2105.5,0.418616352,16-01-2011,08-12-2011,158,6,46.62162162,0.004830918,15.82568807,5175,25,5150,327
23234,BISCUIT TIN VINTAGE CHRISTMAS,1722,5079.78,3.379208633,14-06-2011,09-12-2011,277,12,15.79816514,0.008243174,9.620111732,1941,16,1925,179
23235,STORAGE TIN VINTAGE LEAF,736,1950.66,2.982571429,08-06-2011,09-12-2011,105,9,10.36619718,0.01894452,3.978378378,739,14,725,185
23236,DOILEY STORAGE TIN,2493,7059.97,3.27969697,08-06-2011,08-12-2011,327,20,19.944,0.01315265,13.54891304,2509,33,2476,184
23237,SET OF 4 KNICK KNACK TINS LEAVES ,1053,4274.39,4.251129944,08-06-2011,09-12-2011,177,12,10.22330097,0.016129032,5.691891892,1054,17,1037,185
23238,SET OF 4 KNICK KNACK TINS LONDON ,1849,7771.61,4.752158273,07-06-2011,09-12-2011,274,13,14.00757576,0.008592911,9.940860215,1862,16,1846,186
23239,SET OF 4 KNICK KNACK TINS POPPIES,842,3353.84,4.393646409,08-06-2011,09-12-2011,178,11,8.505050505,0.032825322,4.551351351,853,28,825,185
23240,SET OF 4 KNICK KNACK TINS DOILEY ,4177,17000.17,4.445494505,07-06-2011,09-12-2011,536,24,27.12337662,0.011944577,22.45698925,4186,50,4136,186
23241,TREASURE TIN GYMKHANA DESIGN,2165,4669.55,2.48510929,08-06-2011,09-12-2011,363,16,15.24647887,0.003205128,11.7027027,2184,7,2177,185
23242,TREASURE TIN BUFFALO BILL ,1470,3024.63,2.282534562,08-06-2011,08-12-2011,214,13,12.89473684,0.018292683,7.989130435,1476,27,1449,184
23243,SET OF TEA COFFEE SUGAR TINS PANTRY,4800,23489.42,5.866072187,08-06-2011,09-12-2011,470,20,32,0.024349636,25.94594595,4805,117,4688,185
23244,ROUND STORAGE TIN VINTAGE LEAF,936,1733.98,2.089642857,08-06-2011,08-12-2011,112,11,11.55555556,0.009615385,5.086956522,936,9,927,184
23245,SET OF 3 REGENCY CAKE TINS,6345,31118.55,5.883424658,08-06-2011,09-12-2011,873,24,40.67307692,0.014157622,34.2972973,6357,90,6267,185
23247,BISCUIT TIN 50'S CHRISTMAS,2194,6681.25,3.288090615,08-06-2011,09-12-2011,309,13,20.8952381,0.020852221,11.85945946,2206,46,2160,185
23249,VINTAGE RED ENAMEL TRIM PLATE,842,1426.1,1.888024691,14-06-2011,07-12-2011,81,7,14.51724138,0.06440281,4.757062147,854,55,799,177
23250,VINTAGE RED TRIM ENAMEL BOWL ,1179,1531.03,1.468090909,14-06-2011,08-12-2011,110,9,15.51315789,0.102629347,6.623595506,1179,121,1058,178
23251,VINTAGE RED ENAMEL TRIM MUG ,1712,2105.75,1.412666667,14-06-2011,09-12-2011,120,6,20.38095238,0.033858727,9.56424581,1713,58,1655,179
23252,VINTAGE RED ENAMEL TRIM JUG ,603,2261.61,4.039057971,12-06-2011,08-12-2011,138,8,6.7,0.054365733,3.35,607,33,574,180
23253,16 PIECE CUTLERY SET PANTRY DESIGN,258,3848.86,17.14885714,18-04-2011,08-12-2011,70,9,4.607142857,0.007751938,1.09787234,258,2,256,235
23254,CHILDRENS CUTLERY DOLLY GIRL ,1703,6903.11,4.267142857,07-04-2011,09-12-2011,299,22,11.35333333,0.011695906,6.894736842,1710,20,1690,247
23255,CHILDRENS CUTLERY CIRCUS PARADE,1014,4097.22,4.346962025,10-04-2011,09-12-2011,158,17,9.657142857,0.008866995,4.155737705,1015,9,1006,244
23256,CHILDRENS CUTLERY SPACEBOY ,2113,8667.07,4.463064516,07-04-2011,09-12-2011,368,20,12.28488372,0.041607565,8.55465587,2115,88,2027,247
23263,SET OF 3 WOODEN HEART DECORATIONS,3863,5147.19,1.447995781,02-06-2011,08-12-2011,445,11,28.40441176,0.012072951,20.33157895,3893,47,3846,190
23264,SET OF 3 WOODEN SLEIGH DECORATIONS,1963,2690.81,1.496592357,09-06-2011,09-12-2011,299,12,18.875,0.000508647,10.66847826,1966,1,1965,184
23265,SET OF 3 WOODEN TREE DECORATIONS,1769,2404.79,1.483901639,09-06-2011,09-12-2011,293,9,17.17475728,0.008408072,9.614130435,1784,15,1769,184
23266,SET OF 3 WOODEN STOCKING DECORATION,2053,2743.82,1.454005935,09-06-2011,09-12-2011,319,9,19.00925926,0.005813953,11.1576087,2064,12,2052,184
23267,SET OF 4 SANTA PLACE SETTINGS,1202,1531.95,1.411621622,23-06-2011,08-12-2011,108,10,16.92957746,0.039933444,7.112426036,1202,48,1154,169
23268,SET OF 2 CERAMIC CHRISTMAS REINDEER,1447,2018.14,1.691011236,12-06-2011,20-11-2011,89,11,27.82692308,0.03,8.932098765,400,12,388,162
23269,SET OF 2 CERAMIC CHRISTMAS TREES,779,1152.98,1.710947368,12-06-2011,08-12-2011,94,6,13.20338983,0,4.327777778,-654,0,-654,180
23270,SET OF 2 CERAMIC PAINTED HEARTS ,1174,1646.32,1.501171875,02-06-2011,09-12-2011,125,9,14.31707317,-0.003747658,6.146596859,-1601,6,-1607,191
23271,CHRISTMAS TABLE CANDLE SILVER SPIKE,1731,1496.89,1.053773585,13-06-2011,08-12-2011,104,8,29.33898305,0,9.670391061,1734,0,1734,179
23272,TREE T-LIGHT HOLDER WILLIE WINKIE,364,562.22,1.916818182,22-06-2011,09-12-2011,44,4,11.03030303,0,2.128654971,364,0,364,171
23273,HEART T-LIGHT HOLDER WILLIE WINKIE,969,1649.05,1.878672566,05-06-2011,08-12-2011,112,8,13.09459459,0.004127967,5.181818182,969,4,965,187
23274,STAR T-LIGHT HOLDER WILLIE WINKIE,1180,2005,2.015666667,05-06-2011,09-12-2011,119,6,16.85714286,0.002535926,6.276595745,1183,3,1180,188
23275,SET OF 3 HANGING OWLS OLLIE BEAK,3720,4521.72,1.473832335,02-06-2011,09-12-2011,325,11,30,0.02053881,19.47643979,3749,77,3672,191
23280,FOLDING BUTTERFLY MIRROR HOT PINK ,2023,1614.16,1.060316456,09-05-2011,09-12-2011,157,10,18.73148148,0.000988142,9.409302326,2024,2,2022,215
23281,FOLDING BUTTERFLY MIRROR RED  ,1280,1000.82,0.980384615,10-05-2011,08-12-2011,101,9,16,0,6.009389671,1280,0,1280,213
23282,FOLDING BUTTERFLY MIRROR IVORY ,812,757.86,1.255912409,09-05-2011,05-12-2011,135,6,8.923076923,0,3.848341232,812,0,812,211
23283,DOORMAT VINTAGE LEAVES DESIGN ,994,7003.38,8.658240343,27-04-2011,08-12-2011,233,9,9.119266055,0.006923838,4.398230088,1011,7,1004,226
23284,DOORMAT KEEP CALM AND COME IN,5487,38133.64,8.776284153,27-04-2011,09-12-2011,728,15,38.10416667,0.040991073,24.17180617,5489,225,5264,227
23285,PINK VINTAGE SPOT BEAKER,4807,4572.41,1.06703125,12-06-2011,09-12-2011,191,14,45.3490566,0.00041606,26.55801105,4807,2,4805,181
23286,BLUE VINTAGE SPOT BEAKER,5048,4747.62,1.03009009,12-06-2011,08-12-2011,222,14,43.14529915,0.009706815,28.04444444,5048,49,4999,180
23287,RED VINTAGE SPOT BEAKER,1879,1603.39,1.03395,13-06-2011,09-12-2011,198,13,17.56074766,0.026969857,10.43888889,1891,51,1840,180
23288,GREEN VINTAGE SPOT BEAKER,4625,4444.23,1.04188172,12-06-2011,08-12-2011,185,12,42.43119266,0.003945638,25.69444444,4562,18,4544,180
23289,DOLLY GIRL CHILDRENS BOWL,1622,2013.7,1.536770833,13-06-2011,08-12-2011,191,14,15.1588785,0.007398274,9.061452514,1622,12,1610,179
23290,SPACEBOY CHILDRENS BOWL,2430,2890.35,1.435700935,13-06-2011,09-12-2011,214,14,20.59322034,0.004103406,13.5,2437,10,2427,180
23291,DOLLY GIRL CHILDRENS CUP,1634,2059.03,1.52372449,13-06-2011,08-12-2011,195,15,15.12962963,0.006116208,9.12849162,1635,10,1625,179
23292,SPACE BOY CHILDRENS CUP,2181,2703.33,1.531300448,13-06-2011,09-12-2011,222,15,18.48305085,0.009624198,12.11666667,2182,21,2161,180
23293,SET OF 12 FAIRY CAKE BAKING CASES,8471,6989.54,1.065180505,12-07-2011,09-12-2011,552,18,66.1796875,0.003770917,56.09933775,8486,32,8454,151
23294,SET OF 6 SNACK LOAF BAKING CASES,4392,3607.81,1.089776536,12-07-2011,09-12-2011,354,15,37.22033898,0.002941176,29.08609272,4420,13,4407,151
23295,SET OF 12 MINI LOAF BAKING CASES,6134,5073.45,1.111755556,12-07-2011,09-12-2011,444,15,48.2992126,0.002117264,40.62251656,6140,13,6127,151
23296,SET OF 6 TEA TIME BAKING CASES,4979,5985.55,1.524240838,12-07-2011,08-12-2011,378,16,41.14876033,0.005420598,33.19333333,4981,27,4954,150
23297,SET 40 HEART SHAPE PETIT FOUR CASES,4303,6792.23,1.838957055,12-07-2011,22-11-2011,161,14,74.18965517,0.006042296,32.1119403,4303,26,4277,134
23298,SPOTTY BUNTING,8466,43148.18,5.519121447,04-05-2011,09-12-2011,1146,16,45.76216216,0.01272559,38.48181818,8644,110,8534,220
23299,FOOD COVER WITH BEADS SET 2 ,1012,3772.88,4.370479452,04-05-2011,09-12-2011,146,9,10.88172043,0.007881773,4.6,1015,8,1007,220
23300,GARDENERS KNEELING PAD CUP OF TEA ,6809,11785.99,1.908759791,15-05-2011,09-12-2011,758,6,39.13218391,0.022264538,32.57894737,6827,152,6675,209
23301,GARDENERS KNEELING PAD KEEP CALM ,8807,16327.35,1.943967391,15-05-2011,09-12-2011,913,9,50.61494253,0.012917847,42.13875598,8825,114,8711,209
23302,KNEELING MAT HOUSEWORK  DESIGN,1536,2181.42,1.887639485,15-05-2011,09-12-2011,230,5,12.90756303,0.023316062,7.349282297,1544,36,1508,209
23303,SET 4 PICNIC CUTLERY FONDANT,65,126.75,1.95,26-10-2011,05-12-2011,6,3,10.83333333,0,1.585365854,65,0,65,41
23304,SET 4 PICNIC CUTLERY CHERRY ,71,138.45,1.95,30-10-2011,06-12-2011,9,3,11.83333333,0,1.868421053,71,0,71,38
23305,SET 4 PICNIC CUTLERY BLUEBERRY,82,159.9,1.95,23-10-2011,06-12-2011,9,3,10.25,0,1.822222222,82,0,82,45
23306,SET OF 36 DOILIES PANTRY DESIGN,2808,4123.38,1.806129032,05-06-2011,05-12-2011,277,13,22.82926829,0.002543605,15.26086957,2752,7,2745,184
23307,SET OF 60 PANTRY DESIGN CAKE CASES ,12049,6371.89,0.683946958,03-06-2011,09-12-2011,629,19,76.74522293,0.007295034,63.41578947,12063,88,11975,190
23308,SET OF 60 VINTAGE LEAF CAKE CASES ,6139,3272.61,0.694215938,05-06-2011,09-12-2011,382,13,40.92666667,0,32.65425532,6151,0,6151,188
23309,SET OF 60 I LOVE LONDON CAKE CASES ,8275,4495.85,0.742417062,02-06-2011,09-12-2011,407,8,54.44078947,0.01056169,43.32460733,8332,88,8244,191
23310,BUBBLEGUM RING ASSORTED,12050,4997.28,0.47804878,09-06-2011,09-12-2011,245,10,97.96747967,0,65.48913043,12050,0,12050,184
23311,VINTAGE CHRISTMAS STOCKING ,2390,6488.2,2.965677233,14-07-2011,09-12-2011,344,12,24.14141414,0.006276151,16.04026846,2390,15,2375,149
23312,VINTAGE CHRISTMAS GIFT SACK,1423,5964.15,4.452293578,17-07-2011,09-12-2011,214,7,15.4673913,0.000702247,9.746575342,1424,1,1423,146
23313,VINTAGE CHRISTMAS BUNTING,2990,15798.66,5.548627451,12-07-2011,09-12-2011,401,9,28.75,0.004337671,19.8013245,2997,13,2984,151
23314,VINTAGE CHRISTMAS TABLECLOTH,407,5012.96,13.60788136,15-07-2011,09-12-2011,117,5,5.575342466,0.012224939,2.75,409,5,404,148
23315,IVORY REFECTORY CLOCK,213,2094.24,10.77651163,23-06-2011,08-12-2011,86,6,3.328125,0.056338028,1.26035503,213,12,201,169
23316,RED REFECTORY CLOCK ,250,2501.64,11.10945455,23-06-2011,08-12-2011,110,10,3.125,0.003984064,1.479289941,251,1,250,169
23317,BLUE REFECTORY CLOCK ,173,1777.46,11.22695122,26-06-2011,09-12-2011,82,7,2.93220339,0,1.035928144,174,0,174,167
23318,BOX OF 6 MINI VINTAGE CRACKERS,3809,9162.41,2.741649215,04-07-2011,09-12-2011,376,12,38.86734694,0.044082918,23.95597484,3811,168,3643,159
23319,BOX OF 6 MINI 50'S CRACKERS,3720,9219.53,2.651167883,07-07-2011,09-12-2011,403,15,35.76923077,0.031024338,23.84615385,3739,116,3623,156
23320,GIANT 50'S CHRISTMAS CRACKER,2661,7053.57,2.805680473,05-07-2011,09-12-2011,333,9,27.15306122,0.004872564,16.84177215,2668,13,2655,158
23321,SMALL WHITE HEART OF WICKER,4716,8438.54,1.748012422,09-06-2011,08-12-2011,629,9,31.02631579,0.008233059,25.7704918,4737,39,4698,183
23322,LARGE WHITE HEART OF WICKER,3069,8878.21,3.13513986,12-06-2011,09-12-2011,562,6,20.73648649,0.020689655,16.9558011,3045,63,2982,181
23323,WHITE WICKER STAR ,1469,3146.78,2.251291391,23-06-2011,09-12-2011,294,5,12.77391304,0.00203666,8.641176471,1473,3,1470,170
23324,RUSTIC STRAWBERRY JAMPOT LARGE ,399,816.04,2.209318182,05-08-2011,05-12-2011,44,4,10.78378378,0.087719298,3.243902439,399,35,364,123
23325,RUSTIC STRAWBERRY JAMPOT SMALL,462,740.94,1.814571429,11-08-2011,27-11-2011,35,4,15.4,0.038961039,4.23853211,462,18,444,109
23326,HANGING MINI COLOURED BOTTLES,3442,2237.08,2.638026316,11-08-2011,09-12-2011,76,7,68.84,0,28.44628099,3443,0,3443,121
23327,HANGING CLEAR MINI BOTTLE,1734,1051.14,0.787142857,10-08-2011,05-12-2011,41,3,59.79310345,0.00461361,14.69491525,1734,8,1726,118
23328,SET 6 SCHOOL MILK BOTTLES IN CRATE,2841,13269.49,4.845672372,08-08-2011,09-12-2011,405,9,27.05714286,0.002811951,22.91129032,2845,8,2837,124
23329,DECORATIVE WICKER HEART LARGE,1767,3038.19,1.76912,07-08-2011,08-12-2011,233,4,19,0.001687289,14.25,1778,3,1775,124
23330,DECORATIVE WICKER HEART MEDIUM,1794,2286.97,1.363004484,08-08-2011,08-12-2011,216,4,19.71428571,0.003325942,14.58536585,1804,6,1798,123
23331,DECORATIVE WICKER HEART SMALL,1596,1062.28,0.781578947,10-08-2011,08-12-2011,109,2,24.18181818,0,13.19008264,1596,0,1596,121
23332,IVORY WICKER HEART LARGE,2059,3542.71,1.761689189,07-08-2011,09-12-2011,287,5,21.90425532,0.000963391,16.472,2076,2,2074,125
23333,IVORY WICKER HEART MEDIUM,2089,2695.45,1.332921811,08-08-2011,07-12-2011,233,6,22.95604396,0.005687204,17.12295082,2110,12,2098,122
23334,IVORY WICKER HEART SMALL,2271,1491.75,0.788382353,08-08-2011,09-12-2011,130,3,31.10958904,0,18.31451613,2271,0,2271,124
23335,EGG FRYING PAN IVORY ,377,790.78,2.328865979,13-06-2011,08-12-2011,96,5,5.385714286,0.031746032,2.106145251,378,12,366,179
23336,EGG FRYING PAN PINK ,225,519.25,2.604418605,13-06-2011,09-12-2011,85,4,3.68852459,0,1.25,226,0,226,180
23337,EGG FRYING PAN MINT ,180,388.75,2.287971014,13-06-2011,08-12-2011,69,3,3.529411765,0,1.005586592,180,0,180,179
23338,EGG FRYING PAN RED ,431,915.4,2.339082569,12-06-2011,09-12-2011,109,4,6.246376812,0.013921114,2.38121547,431,6,425,181
23339,EGG FRYING PAN BLUE ,173,400.84,2.511578947,13-06-2011,08-12-2011,76,4,3.392156863,0,0.966480447,175,0,175,179
23340,VINTAGE CHRISTMAS CAKE FRILL,2500,4034.08,1.958947368,31-07-2011,09-12-2011,151,3,33.33333333,0,18.93939394,2512,0,2512,132
23341,PINK DINER WALL CLOCK,307,2741.35,9.943057851,24-06-2011,08-12-2011,121,11,3.886075949,0,1.827380952,308,0,308,168
23342,MINT DINER WALL CLOCK,373,3176.41,8.833496933,24-06-2011,07-12-2011,163,10,3.73,0.002666667,2.233532934,375,1,374,167
23343,JUMBO BAG VINTAGE CHRISTMAS ,6078,13972.71,2.417366255,13-06-2011,09-12-2011,476,11,50.65,0.032335044,33.76666667,8381,271,8110,180
23344,JUMBO BAG 50'S CHRISTMAS ,10285,23772.07,2.417742382,15-06-2011,09-12-2011,716,12,75.625,0.025422084,57.78089888,10306,262,10044,178
23345, DOLLY GIRL BEAKER,2451,2886.25,1.506420455,24-07-2011,09-12-2011,174,11,25.26804124,0.002851324,17.63309353,2455,7,2448,139
23346,SPACEBOY BEAKER,2628,3112.34,1.518655914,24-07-2011,08-12-2011,184,12,27.375,0.002279635,19.04347826,2632,6,2626,138
23347,I LOVE LONDON BEAKER,860,1077.3,1.556938776,24-07-2011,09-12-2011,97,7,11.02564103,0.039534884,6.18705036,860,34,826,139
23348,CHILDRENS TOY COOKING UTENSIL SET,746,1633.81,2.579647059,18-04-2011,23-11-2011,168,8,9.325,0.01541555,3.390909091,1492,23,1469,220
23349,ROLL WRAP VINTAGE CHRISTMAS,3221,4342.6,1.542653061,04-08-2011,09-12-2011,337,8,35.3956044,0.007428041,25.1640625,3231,24,3207,128
23350,ROLL WRAP VINTAGE SPOT ,2712,3445.08,1.461286174,04-08-2011,09-12-2011,305,8,28.54736842,0.008820287,21.1875,2721,24,2697,128
23351,ROLL WRAP 50'S CHRISTMAS,3535,4875.65,1.510307263,04-08-2011,09-12-2011,354,10,39.27777778,0.027126307,27.6171875,3539,96,3443,128
23352,ROLL WRAP 50'S RED CHRISTMAS ,1800,2459.2,1.511643192,04-08-2011,09-12-2011,212,6,23.37662338,0.006655574,14.0625,1803,12,1791,128
23353,6 GIFT TAGS VINTAGE CHRISTMAS ,4007,3510.05,0.998851964,02-08-2011,09-12-2011,327,11,42.62765957,0.005976096,30.82307692,4016,24,3992,130
23354,6 GIFT TAGS 50'S CHRISTMAS ,3740,3429.4,0.972212121,02-08-2011,09-12-2011,322,10,39.36842105,0.016029923,28.76923077,3743,60,3683,130
23355,HOT WATER BOTTLE KEEP CALM,5816,28718.8,5.271557789,22-08-2011,09-12-2011,782,13,61.87234043,0.016435542,52.87272727,5841,96,5745,110
23356,LOVE HOT WATER BOTTLE,2359,13334.32,6.205617284,22-08-2011,09-12-2011,476,10,25.64130435,0.003772003,21.44545455,2386,9,2377,110
23357,HOT WATER BOTTLE SEX BOMB,450,1982.05,5.005242718,21-08-2011,09-12-2011,102,7,7.5,0,4.054054054,453,0,453,111
23358,HOT STUFF HOT WATER BOTTLE,594,2008.38,4.198539326,21-08-2011,09-12-2011,89,8,10.60714286,0.063865546,5.351351351,595,38,557,111
23359,SET OF 12 T-LIGHTS VINTAGE DOILEY,990,1866.46,1.986202532,02-08-2011,08-12-2011,79,4,16.5,0,7.674418605,993,0,993,129
23360,SET 8 CANDLES VINTAGE DOILEY,1182,2286.4,2.062068966,02-08-2011,08-12-2011,114,6,16.64788732,0,9.162790698,1187,0,1187,129
23365,SET 12 COLOUR PENCILS LOVE LONDON,1857,1463.08,0.794393064,22-09-2011,09-12-2011,169,6,33.16071429,0,23.50632911,1859,0,1859,79
23366,SET 12 COLOURING PENCILS DOILY,2249,1667.95,0.815656566,22-09-2011,09-12-2011,195,10,35.140625,0,28.46835443,2253,0,2253,79
23367,SET 12 COLOUR PENCILS SPACEBOY ,3278,2491.2,0.756666667,22-09-2011,09-12-2011,282,12,48.20588235,0.004870624,41.49367089,3285,16,3269,79
23368,SET 12 COLOUR PENCILS DOLLY GIRL ,2379,1679.55,0.784322034,22-09-2011,09-12-2011,232,11,36.04545455,0.002518892,30.11392405,2382,6,2376,79
23369,SET 36 COLOUR PENCILS LOVE LONDON,1105,1581.06,1.497054264,22-09-2011,09-12-2011,126,7,19.05172414,0,13.98734177,1105,0,1105,79
23370,SET 36 COLOUR PENCILS DOILEY,1550,2151.6,1.538627451,22-09-2011,09-12-2011,151,9,25,0.000643087,19.62025316,1555,1,1554,79
23371,SET 36 COLOUR PENCILS SPACEBOY ,1705,2304.78,1.517903226,22-09-2011,09-12-2011,185,11,26.23076923,0,21.58227848,1712,0,1712,79
23372,SET 36 COLOUR PENCILS DOLLY GIRL,1389,1750.29,1.613576159,22-09-2011,09-12-2011,147,10,22.7704918,0.011502516,17.58227848,1391,16,1375,79
23373,VINTAGE CHRISTMAS PAPER GIFT BAG,1608,1313.39,0.9071,02-08-2011,06-12-2011,100,5,27.25423729,0,12.66141732,1608,0,1608,127
23374,RED SPOT PAPER GIFT BAG,2456,1962.83,0.867175573,02-08-2011,08-12-2011,131,7,35.5942029,0.006514658,19.03875969,2456,16,2440,129
23375,50'S CHRISTMAS PAPER GIFT BAG,1342,1100.69,0.936990291,22-08-2011,09-12-2011,103,3,20.64615385,0.000739645,12.2,1352,1,1351,110
23376,PACK OF 12 VINTAGE CHRISTMAS TISSUE,3039,1384.91,0.507924528,01-09-2011,09-12-2011,155,3,42.8028169,0.007866273,30.39,3051,24,3027,100
23377,PACK OF 12 DOLLY GIRL TISSUES,1351,592.45,0.560746269,04-09-2011,09-12-2011,133,6,20.78461538,0.005908419,13.92783505,1354,8,1346,97
23378,PACK OF 12 50'S CHRISTMAS TISSUES,3997,1840.08,0.463224044,01-09-2011,09-12-2011,176,6,54.01351351,0,39.97,4003,0,4003,100
23379,PACK OF 12 RED APPLE TISSUES,1220,465.36,0.537662338,05-09-2011,09-12-2011,76,5,23.01886792,0,12.70833333,1220,0,1220,96
23380,PACK OF 12 VINTAGE DOILY TISSUES,2344,983.5,0.485203252,05-09-2011,09-12-2011,121,8,39.72881356,0.015358362,24.41666667,2344,36,2308,96
23381,PACK OF 12 VINTAGE LEAF TISSUES ,1496,562.88,0.476049383,05-09-2011,09-12-2011,80,4,29.33333333,0,15.58333333,1509,0,1509,96
23382,BOX OF 6 CHRISTMAS CAKE DECORATIONS,1875,7356.18,4.660950226,13-10-2011,09-12-2011,220,12,39.0625,0.009066667,32.32758621,1875,17,1858,58
23388,WOODLAND MINI BACKPACK,821,3432.09,4.634285714,11-09-2011,09-12-2011,154,11,13.03174603,0,9.122222222,825,0,825,90
23389,SPACEBOY MINI BACKPACK,1115,4751.49,4.531338912,11-09-2011,09-12-2011,237,13,15.06756757,0.001782531,12.38888889,1122,2,1120,90
23390,DOLLY GIRL MINI BACKPACK,747,3025.59,4.389759036,11-09-2011,09-12-2011,163,13,10.82608696,0.001331558,8.3,751,1,750,90
23391, I LOVE LONDON MINI BACKPACK,389,1628.17,4.611363636,11-09-2011,09-12-2011,87,9,7.339622642,0,4.322222222,390,0,390,90
23392,SPACEBOY ROCKET LOLLY MAKERS,662,1475.03,2.704298246,06-09-2011,09-12-2011,113,10,11.22033898,0.035982009,6.968421053,667,24,643,95
23393,HOME SWEET HOME CUSHION COVER ,801,3207.91,4.481428571,04-09-2011,08-12-2011,229,9,10.53947368,0.026022305,8.34375,807,21,786,96
23394,POSTE FRANCE CUSHION COVER,435,1877.65,4.954210526,04-09-2011,08-12-2011,150,5,6.397058824,0,4.53125,438,0,438,96
23395,BELLE JARDINIERE CUSHION COVER,748,3257.08,4.915592417,04-09-2011,08-12-2011,210,10,9.842105263,0.00952381,7.791666667,735,7,728,96
23396,BUTTERFLY CUSHION COVER,654,2750.53,4.802587065,04-09-2011,08-12-2011,196,7,8.72,0.006042296,6.8125,662,4,658,96
23397,FOOT STOOL HOME SWEET HOME ,489,5097.65,11.57387097,04-09-2011,08-12-2011,217,7,6.698630137,0.0125,5.09375,480,6,474,96
23398,HANGING HEART BONHEUR,606,535.35,1.045066667,04-09-2011,08-12-2011,69,6,12.89361702,0.001639344,6.3125,610,1,609,96
23399,HOME SWEET HOME HANGING HEART,1914,1745.55,1.107008547,04-09-2011,09-12-2011,225,4,23.62962963,0,19.73195876,1922,0,1922,97
23400,SHELF WITH 4 HOOKS HOME SWEET HOME,461,2409.34,6.854074074,06-09-2011,08-12-2011,107,4,8.232142857,0.004514673,4.904255319,443,2,441,94
23401,RUSTIC MIRROR WITH LACE HEART,459,2354.87,7.090361446,07-09-2011,08-12-2011,83,3,9.5625,0.006535948,4.935483871,459,3,456,93
23402,HOME SWEEET HOME 3 PEG HANGER ,296,1147.28,4.4525,05-09-2011,08-12-2011,68,3,6.29787234,0,3.115789474,297,0,297,95
23403,LETTER HOLDER HOME SWEET HOME,625,2204.11,4.374,05-09-2011,08-12-2011,134,3,9.057971014,0.004792332,6.578947368,626,3,623,95
23404,HOME SWEET HOME BLACKBOARD,1011,4561.76,6.020887574,05-09-2011,09-12-2011,169,7,13.48,0.02756654,10.53125,1052,29,1023,96
23405,HOME SWEET HOME 2 DRAWER CABINET,252,1311.48,5.985492958,05-09-2011,09-12-2011,70,3,5.361702128,0.003937008,2.625,254,1,253,96
23406,HOME SWEET HOME KEY HOLDER,456,2422.66,7.10990991,05-09-2011,06-12-2011,111,3,7.35483871,0.006651885,4.903225806,451,3,448,93
23407,SET OF 2 TRAYS HOME SWEET HOME,265,2709.43,10.68142857,04-09-2011,08-12-2011,133,7,4.015151515,0.022304833,2.760416667,269,6,263,96
23408,PHOTO FRAME LINEN AND LACE SMALL,310,644.8,2.08,07-09-2011,07-12-2011,59,3,6.888888889,0.04516129,3.369565217,310,14,296,92
23409,PHOTO FRAME LINEN AND LACE LARGE,215,801.68,3.814883721,07-09-2011,05-12-2011,43,3,7.678571429,0.03255814,2.388888889,215,7,208,90
23410,CURIO CABINET LINEN AND LACE ,36,290.1,8.027777778,08-09-2011,25-11-2011,18,2,2.25,0.027777778,0.455696203,36,1,35,79
23411, TRELLIS COAT RACK,227,1118.61,5.844035088,04-09-2011,02-12-2011,56,3,5.404761905,0.004405286,2.522222222,227,1,226,90
23412,HEART MIRROR ANTIQUE WHITE,358,2354.8,7.724415584,06-09-2011,10-10-2011,76,1,12.78571429,0.006024096,10.22857143,332,2,330,35
23413,VINTAGE COFFEE GRINDER BOX,173,909.31,6.318275862,07-09-2011,08-12-2011,58,4,4.942857143,0.06779661,1.860215054,177,12,165,93
23414,ZINC BOX SIGN HOME,141,1378.75,10.07375,04-09-2011,30-11-2011,64,5,3.43902439,0.028368794,1.602272727,141,4,137,88
23415,HOME SWEET HOME HOOK,328,412.18,1.451702128,07-09-2011,08-12-2011,47,5,9.939393939,0.015243902,3.52688172,328,5,323,93
23416,CHAMBRE HOOK,132,184.68,1.7564,12-09-2011,08-12-2011,25,2,7.333333333,0,1.5,132,0,132,88
23417,BATHROOM HOOK,146,157.5,1.596428571,07-09-2011,08-12-2011,27,2,6.952380952,0,1.569892473,146,0,146,93
23418,LAVENDER TOILETTE BOTTLE,557,1166,2.562025316,11-09-2011,09-12-2011,79,4,11.60416667,0,6.188888889,558,0,558,90
23419,HOME SWEET HOME BOTTLE ,473,1043.72,2.67255814,11-09-2011,08-12-2011,86,4,8.298245614,0.002109705,5.314606742,474,1,473,89
23420,PANTRY HOOK TEA STRAINER ,164,351.37,2.33625,15-09-2011,04-12-2011,32,3,6.56,0,2.024691358,165,0,165,81
23421,PANTRY HOOK SPATULA,160,349.2,2.514848485,08-09-2011,04-12-2011,33,4,5.925925926,0,1.818181818,162,0,162,88
23422,PANTRY HOOK BALLOON WHISK ,213,477.89,2.77787234,07-09-2011,08-12-2011,47,5,6.264705882,0,2.290322581,213,0,213,93
23423,PANTRY 3 HOOK ROLLING PIN HANGER,219,876.9,4.536969697,08-09-2011,08-12-2011,66,6,5.093023256,0.02283105,2.380434783,219,5,214,92
23424,GINGHAM RECIPE BOOK BOX,462,2509.62,6.186740741,04-09-2011,09-12-2011,135,7,6.695652174,0.002145923,4.762886598,466,1,465,97
23425,STORAGE TIN HOME SWEET HOME,275,621.44,3.098928571,04-09-2011,09-12-2011,56,5,7.051282051,0.025454545,2.835051546,275,7,268,97
23426,METAL SIGN DROP YOUR PANTS,1275,3444.43,3.334471154,05-09-2011,09-12-2011,206,7,16.77631579,0.004698512,13.28125,1277,6,1271,96
23427,STOOL HOME SWEET HOME ,237,2860.58,12.96747826,04-09-2011,08-12-2011,114,5,4.557692308,0.008474576,2.46875,236,2,234,96
23428,IVORY RETRO KITCHEN WALL CLOCK,77,675.91,9.915454545,17-11-2011,09-12-2011,33,4,4.529411765,0.025974026,3.347826087,77,2,75,23
23429,RED RETRO KITCHEN WALL CLOCK,47,400.01,8.887391304,21-11-2011,09-12-2011,23,4,3.916666667,0,2.473684211,47,0,47,19
23430,BLUE RETRO KITCHEN WALL CLOCK,36,301.88,8.621111111,20-11-2011,09-12-2011,18,4,2.571428571,0,1.8,36,0,36,20
23431,NATURAL HANGING QUILTED HEARTS ,1449,1171.23,1.363918919,26-08-2011,01-12-2011,72,8,30.1875,0.011004127,14.78571429,1454,16,1438,98
23432,PRETTY HANGING QUILTED HEARTS,1276,1088.36,1.365405405,31-08-2011,06-12-2011,74,9,28.35555556,0,13.02040816,1278,0,1278,98
23433,HANGING QUILTED PATCHWORK APPLES,1258,1108.58,1.500224719,26-08-2011,04-12-2011,89,10,21.68965517,0.03736089,12.45544554,1258,47,1211,101
23434,3 RAFFIA RIBBONS 50'S CHRISTMAS ,2095,1884.17,0.8802,11-09-2011,09-12-2011,199,8,29.50704225,0.004750594,23.27777778,2105,10,2095,90
23435,3 RAFFIA RIBBONS VINTAGE CHRISTMAS,824,732.42,0.897676768,09-09-2011,09-12-2011,99,4,15.84615385,0,8.956521739,827,0,827,92
23436,GIFT BAG LARGE VINTAGE CHRISTMAS,1979,2367.39,1.444298246,02-08-2011,08-12-2011,114,6,29.10294118,0.007579586,15.34108527,1979,15,1964,129
23437, 50'S CHRISTMAS GIFT BAG LARGE,1939,2373.63,1.42389313,22-08-2011,09-12-2011,131,6,29.37878788,0.00103146,17.62727273,1939,2,1937,110
23438, RED SPOT GIFT BAG LARGE,1809,2209.92,1.370183486,03-08-2011,09-12-2011,109,6,27.83076923,0,14.02325581,1823,0,1823,129
23439,HAND WARMER RED LOVE HEART,3986,8855.51,2.226626214,24-08-2011,09-12-2011,397,8,46.34883721,0,36.90740741,4027,0,4027,108
23440,PAINT YOUR OWN EGGS IN CRATE,164,299.36,2.022,24-11-2011,07-12-2011,5,2,32.8,0,11.71428571,164,0,164,14
23441,HAND PAINTED HANGING EASTER EGG,22,9.24,0.42,23-11-2011,07-12-2011,3,1,7.333333333,0,1.466666667,22,0,22,15
23442,12 HANGING EGGS HAND PAINTED,40,83.2,2.08,15-11-2011,07-12-2011,7,1,6.666666667,0,1.739130435,42,0,42,23
23444,Next Day Carriage,79,1200,15.18987342,26-05-2011,08-12-2011,79,1,1.385964912,0.003584229,0.401015228,279,1,278,197
23445,ICE CREAM BUBBLES,2668,2161.24,0.865980392,24-08-2011,09-12-2011,101,9,41.6875,0.007440476,24.7037037,2688,20,2668,108
23446,BLUE BUNNY EASTER EGG BASKET,157,230.25,1.583333333,10-10-2011,07-12-2011,3,2,52.33333333,0,2.661016949,157,0,157,59
23447,PINK BUNNY EASTER EGG BASKET,158,231.9,1.6,10-10-2011,07-12-2011,4,2,39.5,0,2.677966102,158,0,158,59
23448,CREAM BUNNY EASTER EGG BASKET,25,41.25,1.65,10-10-2011,30-11-2011,3,1,8.333333333,0,0.480769231,25,0,25,52
23449,SET OF 6 EASTER RAINBOW CHICKS,12,15,1.25,15-11-2011,15-11-2011,1,1,12,0,12,12,0,12,1
23451,SQUARE MINI PORTRAIT FRAME,277,556.17,2.273396226,14-10-2011,09-12-2011,52,3,7.289473684,0,4.859649123,278,0,278,57
23452,HEART MINI PORTRAIT FRAME,518,1021.76,2.07183908,14-10-2011,08-12-2011,87,4,12.95,0.001930502,9.25,518,1,517,56
23453,OVAL  MINI PORTRAIT FRAME,316,615.98,1.988367347,14-10-2011,08-12-2011,47,5,10.89655172,0,5.642857143,324,0,324,56
23454,SET OF 3 MINI HANGING PORTRAITS,174,733.2,4.519090909,21-10-2011,08-12-2011,52,3,5.272727273,0.011173184,3.551020408,179,2,177,49
23455,SMALL PARLOUR PICTURE FRAME,207,569.43,2.867777778,16-10-2011,08-12-2011,35,4,9,0,3.833333333,207,0,207,54
23456,MEDIUM PARLOUR PICTURE FRAME ,158,634.1,4.116666667,16-10-2011,04-12-2011,36,2,6.869565217,0.012658228,3.16,158,2,156,50
23457,LARGE PARLOUR PICTURE FRAME,112,549.88,5.109354839,16-10-2011,08-12-2011,31,2,4.869565217,0,2.074074074,113,0,113,54
23458,DOLLY CABINET 3 DRAWERS ,51,762.45,14.95,17-10-2011,08-12-2011,30,4,2.318181818,0.098039216,0.962264151,51,5,46,53
23459,DOLLY CABINET 2 DRAWERS ,33,412.5,12.5,16-10-2011,08-12-2011,19,2,1.941176471,0.090909091,0.611111111,33,3,30,54
23460,SWEETHEART WALL TIDY ,108,1007.08,9.900930233,20-10-2011,05-12-2011,43,3,3.6,0.046296296,2.29787234,108,5,103,47
23461,SWEETHEART BIRD HOUSE,847,3041.21,4.5515,29-09-2011,07-12-2011,94,2,17.64583333,0.004667445,12.1,857,4,853,70
23462,ROCOCO WALL MIRROR WHITE,80,1607.04,20.69695652,20-10-2011,08-12-2011,46,3,3.076923077,0.391304348,1.6,46,18,28,50
23463,VINTAGE ZINC WATERING CAN,13,139.4,11.20625,16-10-2011,09-12-2011,8,2,1.625,0,0.236363636,13,0,13,55
23464,VINTAGE ZINC WATERING CAN SMALL,18,99.2,6.2125,16-10-2011,09-12-2011,8,1,2.25,0,0.327272727,18,0,18,55
23465,TUSCAN VILLA FEEDING STATION,29,247.63,8.77375,04-10-2011,08-12-2011,16,2,1.933333333,0,0.439393939,29,0,29,66
23466,TUSCAN VILLA DOVECOTE,55,498.03,10.08444444,30-09-2011,08-12-2011,27,2,2.391304348,0.018181818,0.785714286,55,1,54,70
23467,VINTAGE ZINC PLANTER  ,32,120.08,4.366363636,17-10-2011,09-12-2011,11,2,3.555555556,0,0.592592593,32,0,32,54
23468,TUSCAN VILLA BIRD TABLE ,19,156.75,8.25,06-10-2011,23-11-2011,11,2,2.111111111,0,0.387755102,19,0,19,49
23469,CARD HOLDER LOVE BIRD SMALL,332,1355.24,4.643611111,30-09-2011,09-12-2011,72,7,8.097560976,0.012048193,4.676056338,332,4,328,71
23470,CARD HOLDER LOVE BIRD LARGE ,232,1460.5,6.810714286,02-10-2011,05-12-2011,84,4,5.523809524,0.051724138,3.569230769,232,12,220,65
23471,SIX DRAWER OFFICE TIDY,65,616.79,10.16259259,30-09-2011,02-12-2011,27,2,2.954545455,0,1.015625,66,0,66,64
23472, NINE DRAWER OFFICE TIDY,58,894.42,16.09060606,02-10-2011,07-12-2011,33,6,2.230769231,0,0.865671642,59,0,59,67
23473,WOODLAND SMALL RED FELT HEART,678,552.02,0.953333333,20-10-2011,07-12-2011,51,8,20.54545455,0,13.83673469,679,0,679,49
23474,WOODLAND SMALL BLUE FELT HEART,312,270.96,1.040526316,24-10-2011,08-12-2011,37,6,11.55555556,0,6.782608696,312,0,312,46
23475,WOODLAND SMALL PINK FELT HEART,286,242.18,0.959032258,27-10-2011,07-12-2011,31,5,13.61904762,0,6.80952381,286,0,286,42
23476,WOODLAND LARGE RED FELT HEART,205,264.72,1.47,20-10-2011,30-11-2011,22,6,13.66666667,0,4.880952381,205,0,205,42
23477,WOODLAND LARGE BLUE FELT HEART,92,123.47,1.715384615,20-10-2011,30-11-2011,13,4,7.666666667,0,2.19047619,92,0,92,42
23478,WOODLAND LARGE PINK FELT HEART,285,324.4,1.513076923,20-10-2011,01-12-2011,13,3,28.5,0,6.627906977,285,0,285,43
23479,WIRE EGG BASKET ,113,872.38,8.266590909,17-10-2011,08-12-2011,44,4,3.766666667,0,2.132075472,114,0,114,53
23480,MINI LIGHTS WOODLAND MUSHROOMS,1798,6719.14,4.428761468,19-10-2011,09-12-2011,215,16,40.86363636,0.011104942,34.57692308,1801,20,1781,52
23481,PEARLISED IVORY HEART SMALL ,228,281.17,1.28125,17-10-2011,06-12-2011,29,2,11.4,0,4.470588235,228,0,228,51
23482,PEARLISED IVORY HEART LARGE ,418,661.02,1.765897436,14-10-2011,06-12-2011,39,3,18.17391304,0,7.740740741,418,0,418,54
23483,HANGING  BUTTERFLY T-LIGHT HOLDER,1328,1636.36,2.409054054,03-10-2011,08-12-2011,73,4,31.61904762,0.01641791,19.82089552,1340,22,1318,67
23484,HEART TRELLISTRIPLE T-LIGHT HOLDER,185,547.35,3.673333333,30-09-2011,08-12-2011,35,1,6.607142857,0,2.642857143,185,0,185,70
23485,BOTANICAL GARDENS WALL CLOCK ,262,5843.92,24.79180723,20-10-2011,08-12-2011,83,5,7.939393939,0.06870229,5.24,262,18,244,50
23486,ANTIQUE HEART SHELF UNIT,275,4145.47,17.8127027,20-10-2011,08-12-2011,74,4,7.432432432,0.047272727,5.5,275,13,262,50
23487,SWEET HEART CAKE CARRIER,80,795.58,10.36545455,14-10-2011,08-12-2011,44,4,2.857142857,0.1125,1.428571429,80,9,71,56
23489,"GARLAND, VINTAGE BELLS",913,2709.23,3.221454545,20-10-2011,09-12-2011,159,4,21.73809524,0,17.90196078,913,0,913,51
23490,T-LIGHT HOLDER HANGING LOVE BIRD,542,2032.77,3.961287129,14-10-2011,08-12-2011,101,3,12.31818182,0.005474453,9.678571429,548,3,545,56
23491,VINTAGE JINGLE BELLS HEART,228,1897.76,8.462151899,20-10-2011,07-12-2011,78,3,6,0.004385965,4.653061224,228,1,227,49
23492,VINTAGE JINGLE BELLS WREATH,76,635.38,8.549285714,20-10-2011,05-12-2011,28,2,4,0,1.617021277,76,0,76,47
23493,VINTAGE DOILY TRAVEL SEWING KIT,3964,8497.98,2.156320755,22-09-2011,09-12-2011,415,14,58.29411765,0.001511335,50.17721519,3970,6,3964,79
23494,VINTAGE DOILY DELUXE SEWING KIT ,809,5354.01,6.812864078,25-09-2011,09-12-2011,205,13,13.71186441,0.0799508,10.64473684,813,65,748,76
23495,SET OF 3 PANTRY WOODEN SPOONS,225,306.66,1.722195122,30-10-2011,09-12-2011,41,2,8.333333333,0,5.487804878,225,0,225,41
23496,PANTRY KITCHEN THERMOMETER ,112,154.52,1.562258065,30-10-2011,08-12-2011,31,2,6.222222222,0,2.8,112,0,112,40
23497,CLASSIC CHROME BICYCLE BELL ,2558,3656.02,1.62365,28-10-2011,09-12-2011,195,12,69.13513514,0.00468567,59.48837209,2561,12,2549,43
23498,CLASSIC BICYCLE CLIPS ,1640,2372.68,1.657941176,25-11-2011,09-12-2011,99,4,126.1538462,0,109.3333333,1644,0,1644,15
23499,SET 12 VINTAGE DOILY CHALK ,1312,586.23,0.483185841,20-10-2011,08-12-2011,110,5,32.8,0,26.24,1315,0,1315,50
23500,KEY RING BASEBALL BOOT ASSORTED ,1626,2038.33,1.386176471,04-10-2011,08-12-2011,98,6,37.81395349,0,24.63636364,1631,0,1631,66
23501,KEY RING BASEBALL BOOT UNION JACK,1821,2217.87,1.495526316,05-10-2011,09-12-2011,112,4,39.58695652,0,27.59090909,1823,0,1823,66
23502,PLAYING CARDS VINTAGE DOILEY ,714,896.41,1.301684211,22-09-2011,07-12-2011,94,9,14.57142857,0,9.272727273,714,0,714,77
23503,PLAYING CARDS KEEP CALM & CARRY ON,3643,4860.55,1.279298246,22-09-2011,09-12-2011,335,8,53.57352941,0.000548546,46.11392405,3646,2,3644,79
23504,PLAYING CARDS JUBILEE UNION JACK,1927,2848.89,1.348341014,22-09-2011,08-12-2011,208,4,30.58730159,0,24.70512821,1934,0,1934,78
23505,PLAYING CARDS I LOVE LONDON ,1200,1651.29,1.354615385,22-09-2011,08-12-2011,115,7,21.42857143,0,15.38461538,1207,0,1207,78
23506,MINI PLAYING CARDS SPACEBOY ,2723,1129.12,0.462649007,22-09-2011,09-12-2011,146,10,46.94827586,0,34.46835443,2747,0,2747,79
23507,MINI PLAYING CARDS BUFFALO BILL ,2882,1155.67,0.473464567,22-09-2011,08-12-2011,119,10,51.46428571,0,36.94871795,2884,0,2884,78
23508,MINI PLAYING CARDS DOLLY GIRL ,2627,1163.45,0.4665625,22-09-2011,09-12-2011,120,10,43.78333333,0.000760167,33.25316456,2631,2,2629,79
23509,MINI PLAYING CARDS FUN FAIR ,1062,451.46,0.486515152,22-09-2011,08-12-2011,65,5,23.6,0,13.61538462,1065,0,1065,78
23510,MINI PLAYING CARDS GYMKHANA,2521,1118.8,0.4972,22-09-2011,09-12-2011,120,9,42.72881356,0,31.91139241,2522,0,2522,79
23511,EMBROIDERED RIBBON REEL EMILY ,571,1252.01,2.330909091,22-09-2011,08-12-2011,98,11,10.98076923,0.008726003,7.320512821,573,5,568,78
23512,EMBROIDERED RIBBON REEL ROSIE,500,975.24,2.316491228,22-09-2011,08-12-2011,57,12,12.19512195,0,6.41025641,501,0,501,78
23513,EMBROIDERED RIBBON REEL SUSIE ,566,1114.26,2.306,22-09-2011,05-12-2011,70,10,13.47619048,0.010600707,7.546666667,566,6,560,75
23514,EMBROIDERED RIBBON REEL SALLY ,478,977.39,2.349189189,22-09-2011,04-12-2011,74,11,9.755102041,0.012552301,6.459459459,478,6,472,74
23515,EMBROIDERED RIBBON REEL DAISY ,579,1164.98,2.3925,22-09-2011,09-12-2011,71,12,12.58695652,0,7.329113924,579,0,579,79
23516,EMBROIDERED RIBBON REEL SOPHIE  ,296,1058.6,3.848181818,25-09-2011,05-12-2011,42,7,10.20689655,0,4.111111111,297,0,297,72
23517,EMBROIDERED RIBBON REEL REBECCA ,334,996.38,3.448095238,22-09-2011,06-12-2011,63,8,8.35,0,4.394736842,334,0,334,76
23518,EMBROIDERED RIBBON REEL RACHEL ,361,980.41,3.095909091,22-09-2011,02-12-2011,44,8,11.28125,0.016574586,5.013888889,362,6,356,72
23519,EMBROIDERED RIBBON REEL CLAIRE,224,792.31,4.484583333,25-09-2011,24-11-2011,24,6,11.2,0,3.672131148,224,0,224,61
23520,EMBROIDERED RIBBON REEL RUBY ,167,600.55,3.9675,22-09-2011,05-12-2011,32,5,6.68,0,2.226666667,168,0,168,75
23521,CAT AND BIRD WALL ART,413,793.37,4.204090909,03-10-2011,09-12-2011,44,2,13.76666667,0,6.073529412,413,0,413,68
23522,DOG AND BALL WALL ART,354,727.44,3.680625,03-10-2011,08-12-2011,32,2,13.11111111,0,5.28358209,354,0,354,67
23523,TREASURE AHOY WALL ART,360,1173.81,3.934634146,03-10-2011,08-12-2011,41,2,12.85714286,0.016666667,5.373134328,360,6,354,67
23524,HORSE & PONY WALL ART,481,1557.63,4.323968254,02-10-2011,09-12-2011,63,3,12.025,0.012474012,6.971014493,481,6,475,69
23525,BUFFALO BILL WALL ART ,582,1863.82,4.163962264,02-10-2011,09-12-2011,53,2,16.62857143,0.010291595,8.434782609,583,6,577,69
23526,DOG LICENCE WALL ART,1012,6021.4,8.248888889,03-10-2011,09-12-2011,143,5,19.09433962,0.015810277,14.88235294,1012,16,996,68
23527,ANIMALS AND NATURE WALL ART,420,1428.56,3.998125,03-10-2011,09-12-2011,48,2,14,0.016627078,6.176470588,421,7,414,68
23528,SPACEBOY WALL ART,479,1504.49,4.7792,03-10-2011,08-12-2011,50,4,13.68571429,0,7.149253731,479,0,479,67
23529,DOLLY GIRL WALL ART,637,2011.99,4.338648649,03-10-2011,08-12-2011,37,3,22.75,0,9.507462687,637,0,637,67
23530,WALL ART ONLY ONE PERSON ,1056,4436.27,5.577586207,03-10-2011,09-12-2011,87,5,23.46666667,0,15.52941176,1062,0,1062,68
23531,WALL ART BIG LOVE ,976,5538.26,7.661681416,03-10-2011,08-12-2011,112,4,19.91836735,0,14.56716418,979,0,979,67
23532,WALL ART WORK REST AND PLAY  ,210,901.58,5.301612903,02-10-2011,08-12-2011,31,3,9.545454545,0,3.088235294,210,0,210,68
23533,WALL ART GARDEN HAVEN ,215,998.64,6.166944444,03-10-2011,09-12-2011,36,2,7.678571429,0,3.161764706,215,0,215,68
23534,STOP FOR TEA WALL ART,1387,8608.9,7.538965517,02-10-2011,09-12-2011,260,9,23.9137931,0.005043228,20.10144928,1388,7,1381,69
23535,BICYCLE SAFTEY WALL ART,1324,8440.24,7.446898148,02-10-2011,09-12-2011,215,8,23.22807018,0.000752445,19.1884058,1329,1,1328,69
23536,VILLAGE SHOW WALL ART,626,3442.13,6.794705882,03-10-2011,09-12-2011,85,5,14.9047619,0.006389776,9.205882353,626,4,622,68
23537,I LOVE LONDON WALL ART,111,581.13,6.940588235,03-10-2011,09-12-2011,34,2,4.269230769,0,1.632352941,111,0,111,68
23538,WALL ART VINTAGE HEART,331,1329.54,5.7790625,03-10-2011,09-12-2011,32,1,13.24,0,4.867647059,332,0,332,68
23539,WALL ART LOVES' SECRET ,247,1227.95,6.594047619,02-10-2011,05-12-2011,41,1,9.148148148,0,3.8,247,0,247,65
23540,WALL ART THE MAGIC FOREST ,150,947.06,8.424285714,03-10-2011,06-12-2011,14,2,12.5,0,2.307692308,150,0,150,65
23541,WALL ART CLASSIC PUDDINGS ,872,6823.91,9.712039474,02-10-2011,06-12-2011,152,4,17.44,0.002242152,13.21212121,892,2,890,66
23542,70'S ALPHABET WALL ART,506,3800.16,9.784157303,03-10-2011,08-12-2011,89,7,12.04761905,0.011857708,7.552238806,506,6,500,67
23543,KEEP CALM WALL ART ,1236,7010.76,8.530952381,03-10-2011,08-12-2011,103,7,29.42857143,0,18.44776119,1237,0,1237,67
23544,WALL ART MID CENTURY MODERN ,164,1015.78,7.523,03-10-2011,06-12-2011,20,1,10.25,0.006097561,2.523076923,164,1,163,65
23545,WRAP RED DOILEY,2480,1025.6,0.419058824,20-07-2011,08-12-2011,84,13,40,0,17.46478873,2480,0,2480,142
23546,WRAP PAISLEY PARK ,3250,1365,0.42,19-07-2011,08-12-2011,120,14,40.12345679,0,22.72727273,3275,0,3275,143
23547,WRAP FLOWER SHOP  ,1575,661.5,0.42,20-07-2011,06-12-2011,62,5,32.8125,0,11.25,1575,0,1575,140
23548,WRAP MAGIC FOREST ,1075,451.5,0.42,20-07-2011,08-12-2011,43,5,32.57575758,0,7.570422535,1075,0,1075,142
23549,WRAP BIRD GARDEN ,1305,548.1,0.42,19-07-2011,01-12-2011,52,6,31.82926829,0,9.595588235,1305,0,1305,136
23550,WRAP ALPHABET POSTER  ,1855,763.1,0.41875,18-07-2011,09-12-2011,64,5,38.64583333,0,12.79310345,1855,0,1855,145
23551,PACK OF 12 PAISLEY PARK TISSUES ,1840,839.84,0.516811594,01-09-2011,09-12-2011,136,7,26.28571429,0,18.4,1843,0,1843,100
23552,BICYCLE PUNCTURE REPAIR KIT ,1863,3881.91,2.264065041,25-11-2011,09-12-2011,116,6,143.3076923,0,124.2,1864,0,1864,15
23553,LANDMARK FRAME CAMDEN TOWN ,568,6444.65,13.30220588,20-10-2011,08-12-2011,68,1,16.22857143,0,11.36,569,0,569,50
23554,LANDMARK FRAME OXFORD STREET,422,4805.53,13.04701754,19-10-2011,08-12-2011,57,2,12.41176471,0,8.274509804,424,0,424,51
23555,LANDMARK FRAME NOTTING HILL ,421,4780.57,12.89745098,19-10-2011,09-12-2011,50,2,15.03571429,0,8.096153846,424,0,424,52
23556,LANDMARK FRAME COVENT GARDEN ,436,4937.01,12.61811321,19-10-2011,08-12-2011,53,2,15.03448276,0.002277904,8.549019608,439,1,438,51
23557,LANDMARK FRAME BAKER STREET ,350,3930.27,13.181875,19-10-2011,08-12-2011,32,1,15.2173913,0,6.862745098,350,0,350,51
23558,LANDMARK FRAME LONDON BRIDGE ,415,4703.87,13.12538462,19-10-2011,08-12-2011,52,2,13.38709677,0,8.137254902,418,0,418,51
23559,WOODLAND BUNNIES LOLLY MAKERS,649,1482.41,2.868870968,08-09-2011,09-12-2011,124,10,9.833333333,0,6.978494624,652,0,652,93
23560,SET OF 6 RIBBONS COUNTRY STYLE,172,499.18,3.543846154,27-11-2011,08-12-2011,26,4,19.11111111,0,14.33333333,173,0,173,12
23561,SET OF 6 RIBBONS PARTY,170,476,3.40875,27-11-2011,09-12-2011,16,3,21.25,0,13.07692308,170,0,170,13
23562,SET OF 6 RIBBONS PERFECTLY PRETTY  ,251,724.59,3.285348837,27-11-2011,09-12-2011,43,5,20.91666667,0,19.30769231,253,0,253,13
23564,EGG CUP MILKMAID INGRID,644,841.31,1.756710526,13-10-2011,09-12-2011,76,5,17.88888889,0,11.10344828,644,0,644,58
23565,EGG CUP MILKMAID HELGA ,410,586.31,1.845396825,16-10-2011,09-12-2011,63,5,12.05882353,0.012195122,7.454545455,410,5,405,55
23566,EGG CUP MILKMAID HEIDI,881,1156.93,1.769759036,17-10-2011,08-12-2011,83,6,22.58974359,0.004530011,16.62264151,883,4,879,53
23567,EGG CUP HENRIETTA HEN PINK,211,291.58,1.823157895,14-10-2011,09-12-2011,37,2,8.44,0.004739336,3.701754386,211,1,210,57
23568,EGG CUP HENRIETTA HEN CREAM ,630,787.52,1.745416667,16-10-2011,08-12-2011,48,3,22.5,0.001587302,11.66666667,630,1,629,54
23569,TRADTIONAL ALPHABET STAMP SET,954,4717.66,5.303469388,21-10-2011,09-12-2011,192,11,23.26829268,0.002081165,19.08,961,2,959,50
23570,TRADITIONAL PICK UP STICKS GAME ,2772,4931.87,1.431118881,21-10-2011,09-12-2011,276,8,64.46511628,0,55.44,2782,0,2782,50
23571,TRADITIONAL NAUGHTS & CROSSES,2841,6406.91,1.892137405,21-10-2011,09-12-2011,257,9,66.06976744,0,56.82,2859,0,2859,50
23574,PACKING CHARGE,14,105,7.5,06-07-2011,07-12-2011,14,3,1.166666667,0.01754386,0.090322581,114,2,112,155
23575,SNACK TRAY PAISLEY PARK,179,367.35,2.582352941,27-11-2011,09-12-2011,32,3,17.9,0,13.76923077,179,0,179,13
23576,SNACK TRAY RED VINTAGE DOILY,198,400.04,2.401052632,27-11-2011,08-12-2011,37,4,19.8,0,16.5,198,0,198,12
23578,SNACK TRAY RED GINGHAM,60,125.72,2.417142857,27-11-2011,08-12-2011,14,3,6.666666667,0,5,60,0,60,12
23579,SNACK TRAY I LOVE LONDON,169,358.75,2.626571429,18-10-2011,09-12-2011,35,4,10.5625,0,3.188679245,179,0,179,53
23580,SNACK TRAY HAPPY FOREST  ,116,234.92,2.2116,27-11-2011,07-12-2011,25,3,11.6,0,10.54545455,117,0,117,11
23581,JUMBO BAG PAISLEY PARK,5020,11581.83,2.256289855,25-10-2011,09-12-2011,338,8,125.5,0.024230387,109.1304348,5035,122,4913,46
23582,VINTAGE DOILY JUMBO BAG RED ,4802,10206.41,2.214770992,25-10-2011,08-12-2011,259,10,123.1282051,0.025129803,106.7111111,4815,121,4694,45
23583,LUNCH BAG PAISLEY PARK  ,3385,5497.33,1.802048193,25-10-2011,09-12-2011,325,8,84.625,0.002945508,73.58695652,3395,10,3385,46
23597,PAPER BUNTING PAISLEY PARK,249,679.07,3.186129032,10-11-2011,08-12-2011,31,5,12.45,0.023904382,8.586206897,251,6,245,29
23598,PAPER BUNTING VINTAGE PARTY,427,1215.53,3.235106383,10-11-2011,09-12-2011,47,5,18.56521739,0,14.23333333,428,0,428,30
23601,SET 10 CARDS SNOWY SNOWDROPS  17100,8,19.92,2.49,23-09-2011,28-11-2011,4,1,2,0,0.119402985,8,0,8,67
23602,SET 10 CARDS 3 WISE MEN 17107,1,2.91,2.91,11-11-2011,11-11-2011,1,1,1,0,1,1,0,1,1
23603,SET 10 CARD KRAFT REINDEER 17084,20,49.8,2.49,14-10-2011,08-12-2011,14,1,1.666666667,0,0.357142857,20,0,20,56
23604,SET 10 MINI SANTA & SNOWMAN  17087,4,6.64,1.66,03-10-2011,17-10-2011,2,1,2,0,0.266666667,4,0,4,15
23605,SET 10 CARDS 12 DAYS OF XMAS 17059,4,11.64,2.91,05-10-2011,05-10-2011,1,1,4,0,4,4,0,4,1
23607,SET 10 CARDS HATS & STOCKINGS 17081,8,13.28,1.66,13-09-2011,24-11-2011,7,1,1.142857143,0,0.109589041,8,0,8,73
23608,SET 10 CARDS RUDOLPHS NOSE 17097,4,11.64,2.91,03-11-2011,08-12-2011,3,1,1.333333333,0,0.111111111,4,0,4,36
23609,SET 10 CARDS SNOWY ROBIN 17099,1,2.91,2.91,28-11-2011,28-11-2011,1,1,1,0,1,1,0,1,1
23610,SET 10 CARDS CHRISTMAS ROBIN 17095,3,6.24,2.08,23-09-2011,11-11-2011,3,1,1,0,0.06,3,0,3,50
23611,SET 10 CARDS RED RIDING HOOD 17214,40,99.6,2.49,12-09-2011,09-12-2011,16,1,2.5,0,0.449438202,40,0,40,89
23612,SET 10 MINICARDS CUTE SNOWMAN 17071,5,8.3,1.66,06-10-2011,17-11-2011,2,1,2.5,0,0.11627907,5,0,5,43
23613,SET 10 XMAS CARDS & BADGES 17070,11,27.39,2.49,07-09-2011,28-11-2011,6,1,2.2,0,0.13253012,11,0,11,83
23614,SET 10 CARDS 12 DAYS WRAP  17058,26,86.58,3.33,07-09-2011,08-12-2011,11,1,3.25,0,0.279569892,26,0,26,93
23615,SET 10 CARDS PRINTED GRAPHIC 17219,4,9.96,2.49,27-10-2011,06-12-2011,4,1,1,0,0.097560976,4,0,4,41
23616,SET 10 CARDS JINGLE BELLS 17217,8,19.92,2.49,09-11-2011,09-12-2011,7,1,1.142857143,0,0.258064516,8,0,8,31
23617,SET 10 CARDS SWIRLY XMAS TREE 17104,2,5.82,2.91,29-11-2011,29-11-2011,1,1,2,0,2,2,0,2,1
23619,SET 10 CARDS POINSETTIA 17093,4,9.96,2.49,05-10-2011,08-11-2011,2,1,2,0,0.114285714,4,0,4,35
23620,SET 10 CARDS PERFECT POST 17090,10,24.9,2.49,02-09-2011,18-11-2011,7,1,1.428571429,0,0.128205128,10,0,10,78
23621,SET 10 CARDS DAVID'S MADONNA 17074,6,14.94,2.49,11-11-2011,09-12-2011,4,1,1.5,0,0.206896552,6,0,6,29
23623,SET 10 CARD CHRISTMAS WELCOME 17112,8,23.28,2.91,02-09-2011,29-11-2011,6,1,1.333333333,0,0.08988764,8,0,8,89
23624,SET 10 CARD PERFECT NATIVITY 17089,4,9.96,2.49,22-09-2011,11-11-2011,4,1,1,0,0.078431373,4,0,4,51
23625,SET 6 CARDS SPARKLY REINDEER 17262,9,44.91,4.99,15-09-2011,02-12-2011,4,1,2.25,0,0.113924051,9,0,9,79
23626,SET 10 CARDS DINKY TREE 17076,43,107.07,2.49,03-10-2011,08-12-2011,16,1,2.866666667,0,0.641791045,43,0,43,67
23627,SET 10 CARDS XMAS GRAPHIC  17218,7,17.43,2.49,11-11-2011,25-11-2011,2,1,3.5,0,0.466666667,7,0,7,15
23628,SET 10 CARDS TRIANGLE ICONS  17220,1,2.91,2.91,31-10-2011,31-10-2011,1,1,1,0,1,1,0,1,1
23629,SET 10 CARDS DRESSING UP 17077,24,59.76,2.49,21-09-2011,25-11-2011,10,1,2.4,0,0.363636364,24,0,24,66
23630,SET 10 CARDS HANGING BAUBLES 17080,2,5.48,2.74,22-09-2011,30-11-2011,2,1,1,0.5,0.028571429,2,1,1,70
23632,SET 10 CARDS CHEERFUL ROBIN 17065,15,31.2,2.08,23-09-2011,30-11-2011,10,1,1.5,0,0.217391304,15,0,15,69
23633,SET 10 CARDS WORLD CHILDREN 17067,3,7.47,2.49,31-10-2011,21-11-2011,3,1,1,0,0.136363636,3,0,3,22
23634,SET 10 CARDS XMAS CHOIR 17068,5,14.55,2.91,02-09-2011,06-12-2011,5,1,1,0,0.052083333,5,0,5,96
23635,SET 10 CARDS CHRISTMAS HOLLY  17259,3,12.48,4.16,05-10-2011,09-12-2011,3,1,1,0,0.045454545,3,0,3,66
23636,SET 10 CARDS WISHING TREE 17116,9,26.19,2.91,24-10-2011,08-12-2011,7,1,1.5,0,0.195652174,9,0,9,46
23637,SET 10 CARDS OUT OF ORDER 17216,11,27.39,2.49,07-09-2011,08-12-2011,9,1,1.222222222,0,0.11827957,11,0,11,93
23638,SET 10 CARDS ROBIN WATERPUMP  17096,2,5.82,2.91,27-09-2011,24-11-2011,2,1,1,0,0.033898305,2,0,2,59
23639,SET 10 CARDS MAGICAL TREE 17086,4,13.32,3.33,15-09-2011,17-11-2011,4,1,1,0,0.0625,4,0,4,64
23640,SET 10 CARDS SCOTTIE DOG 17211,9,22.41,2.49,07-09-2011,08-12-2011,8,1,1.125,0,0.096774194,9,0,9,93
23643,SET 10 CARDS CHRISTMAS BAUBLE 16954,1,3.33,3.33,31-10-2011,31-10-2011,1,1,1,0,1,1,0,1,1
23644,SET 10 CARDS CHRISTMAS TREE 16955,5,16.65,3.33,30-09-2011,09-12-2011,5,1,1,0,0.070422535,5,0,5,71
23645,SET 10 CHRISTMAS CARDS HOHOHO 16956,9,22.41,2.49,27-10-2011,08-12-2011,4,1,2.25,0,0.209302326,9,0,9,43
23646,SET 10 CARDS JINGLE BELLS 16957,8,19.92,2.49,07-09-2011,17-11-2011,5,1,1.6,0,0.111111111,8,0,8,72
23649,SET 10 CARDS DECK THE HALLS 16960,2,4.98,2.49,15-11-2011,25-11-2011,2,1,1,0,0.181818182,2,0,2,11
23650,SET 10 CARDS FILIGREE BAUBLE 16961,4,9.96,2.49,27-09-2011,08-12-2011,4,1,1,0,0.054794521,4,0,4,73
23652,SET 10 CARD CHRISTMAS STAMPS 16963,2,5.82,2.91,17-11-2011,17-11-2011,1,1,2,0,2,2,0,2,1
23654,SET 10 CARD SNOWMAN 16965,5,12.45,2.49,27-10-2011,08-12-2011,4,1,1.25,0,0.11627907,5,0,5,43
23660,HENRIETTA HEN MUG ,306,534.66,2.24047619,13-10-2011,09-12-2011,42,4,13.90909091,0.052287582,5.275862069,306,16,290,58
23661,MILK MAIDS MUG ,219,393.59,2.233529412,13-10-2011,09-12-2011,33,2,9.52173913,0.091324201,3.775862069,219,20,199,58
23664,FLOWER SHOP DESIGN MUG,1,1.65,1.65,11-11-2011,11-11-2011,1,1,1,0,1,1,0,1,1
23681,LUNCH BAG RED VINTAGE DOILY,1576,2525.04,1.866240602,06-11-2011,09-12-2011,132,6,52.53333333,0,46.35294118,1577,0,1577,34
23691,KEEP CALM BIRTHDAY WRAP,1175,481.5,0.418421053,02-11-2011,07-12-2011,38,2,55.95238095,0,32.63888889,1175,0,1175,36
23692,WRAP A PRETTY THANK YOU,50,21,0.42,09-11-2011,30-11-2011,2,2,25,0,2.272727273,50,0,50,22
23694,PAISLEY PARK CARD,376,165.08,0.588536585,14-11-2011,08-12-2011,41,1,18.8,0,15.04,376,0,376,25
23695,DOILY THANK YOU CARD,741,313.24,0.504210526,09-11-2011,08-12-2011,57,4,33.68181818,0,24.7,765,0,765,30
23697,A PRETTY THANK YOU CARD,456,194.58,0.520833333,09-11-2011,08-12-2011,35,3,22.8,0,15.2,456,0,456,30
23702,High Resolution Image,4,27,8.5,19-10-2011,16-11-2011,3,2,1.333333333,0,0.137931034,104,0,104,29
23843,"PAPER CRAFT , LITTLE BIRDIE",80995,168469.6,2.08,09-12-2011,09-12-2011,1,1,80995,1,80995,80995,80995,0,1
35015,JACOBS LADDER SMALL,2072,134.08,0.091282051,02-12-2009,07-11-2010,39,4,60.94117647,0,6.076246334,-2291,0,-2291,341
35071,ASSORTED SANTA CHRISTMAS DECORATION,50,51.14,2.084285714,01-12-2009,09-12-2009,7,2,8.333333333,0,5.555555556,-150,0,-150,9
35160,BUDDHA INCENSE HOLDER ASSORTED,2180,1590.64,0.817142857,01-12-2009,12-10-2010,56,2,41.13207547,0,6.898734177,1592,0,1592,316
35233,PASTA ENAMEL/BRASS CONTAINER,10,37.5,3.75,08-12-2009,18-05-2010,8,1,1.25,0,0.061728395,11,0,11,162
35240,ENAMEL BLUE RIM OVAL TRAY SET/2,49,416.01,8.49,27-05-2010,21-11-2010,39,1,1.441176471,0,0.273743017,98,0,98,179
35241,ENAMEL BLUE RIM BISCUIT BIN,309,1631.42,6.062538462,02-12-2009,03-05-2011,130,14,2.861111111,0.044117647,0.596525097,272,12,260,518
35265,COLOURFUL FLOWER FRUIT BOWL,21,80,3.453125,25-05-2010,02-10-2011,16,1,1.3125,0,0.04233871,10,0,10,496
35400,WOODEN BOX ADVENT CALENDAR ,1435,13999.1,10.47399527,01-12-2009,23-11-2011,419,8,12.5877193,0.072530864,1.984785615,1296,94,1202,723
35443,RASTA IN BATH W SPLIFF ASHTRAY,16,13.6,0.85,06-12-2009,24-11-2011,10,2,1.6,0,0.022253129,16,0,16,719
35537,CANDLE RING W/CLEAR BEADS,13,5.46,0.42,06-12-2009,19-05-2010,3,1,4.333333333,0,0.078787879,-18,0,-18,165
35594,WOODEN CHRISTMAS TREE 3 HANGING,165,103.06,0.998461538,01-12-2009,29-10-2010,39,1,4.714285714,0.186046512,0.495495495,129,24,105,333
35596,WOOD XMAS TREE 9 FIG SHELVES,29,24.65,0.85,12-10-2010,22-10-2010,4,1,7.25,0,2.636363636,58,0,58,11
35644,PAIR PINK/BLACK COATHANGERS,21,40.95,1.95,03-02-2010,21-11-2010,7,1,3.5,0,0.071917808,18,0,18,292
35645,VINTAGE BEAD PINK JEWEL BOX,61,301.81,5.501764706,09-12-2009,20-10-2011,34,3,1.848484848,0,0.089574156,15,0,15,681
35646,VINTAGE BEAD PINK EVENING BAG,642,1043.44,2.324245283,02-12-2009,09-12-2011,104,3,7.925925926,0,0.869918699,647,0,647,738
35647,VINTAGE BEAD PINK SHADE ,563,748.24,1.7656,08-12-2009,11-03-2011,74,1,10.62264151,0,1.226579521,563,0,563,459
35648,VINTAGE BEAD PINK PURSE ,1041,1270.93,1.765684932,02-12-2009,09-12-2011,143,4,8.603305785,0.024975025,1.410569106,1001,25,976,738
35649,VINTAGE BEAD COSMETIC BAG ,1826,1362.9,3.060555556,02-12-2009,08-12-2011,53,2,38.04166667,0,2.47761194,1783,0,1783,737
35650,VINTAGE BEAD PINK JEWEL STAND,3,14.85,4.95,03-06-2010,01-08-2011,3,1,1,0,0.007058824,-21,0,-21,425
35651,VINTAGE BEAD PINK SCARF ,459,1057.62,3.42234375,02-12-2009,10-11-2011,63,4,9.5625,0.026086957,0.647390691,460,12,448,709
35652,VINTAGE BEAD CHAISE LONG JEWEL BOX,18,21.5,3.625,16-12-2009,08-03-2010,2,1,9,0,0.21686747,17,0,17,83
35653,VINTAGE BEAD NOTEBOOK,311,982.53,3.711681416,02-12-2009,11-08-2011,113,4,3.344086022,0,0.503236246,353,0,353,618
35654,VINTAGE BEAD FILLED PINK CUSHION,12,59.4,4.95,05-01-2010,04-08-2010,5,1,2.4,0,0.056603774,7,0,7,212
35793,S/3 PUPPIES CHRISTMAS DECORATIONS,108,216.33,3.776875,01-12-2009,22-12-2009,15,1,13.5,0,4.909090909,58,0,58,22
35832,WOOLLY HAT SOCK GLOVE ADVENT STRING,1737,5341.85,3.706736842,01-12-2009,04-11-2010,188,9,23.79452055,0.001954397,5.123893805,1535,3,1532,339
35837,SET OF SIX SILVER+RED FLOCK BAUBLES,2,1.7,0.85,10-12-2009,10-12-2009,1,1,2,0,2,-13,0,-13,1
35840,FLAT GLASS  BAUBLE WHITE FLOCK ,45,107.13,3.759090909,04-12-2009,23-12-2009,11,1,6.428571429,-0.03030303,2.25,-33,1,-34,20
35914,PINK CHICK EGG WARMER + EGG CUP,243,336.58,1.637758621,02-12-2009,19-10-2011,56,3,5.785714286,0,0.35371179,260,0,260,687
35920,FOUR RABBIT EASTER DECORATIONS,1070,296.34,1.667916667,27-01-2010,19-04-2011,24,3,48.63636364,0,2.388392857,1056,0,1056,448
35921,EASTER BUNNY HANGING GARLAND,183,330.32,2.8282,22-01-2010,19-04-2011,49,3,4.575,0.005464481,0.40397351,183,1,182,453
35922,EASTER BUNNY WREATH,97,575.99,7.111666667,22-12-2009,08-04-2011,36,6,3.03125,0.059701493,0.205073996,67,4,63,473
35923,CANDY HEART HANGING DECORATION,1545,1023.77,1.269292035,08-12-2009,01-12-2011,112,4,16.61290323,0.002659574,2.133977901,1504,4,1500,724
35924,HANGING FAIRY CAKE DECORATION,2164,4049.4,2.756510417,01-12-2009,08-12-2011,188,8,15.13286713,0.094426532,2.932249322,2171,205,1966,738
35930,PINK HEART CHRISTMAS DECORATION,1,0.38,0.38,16-12-2009,16-12-2009,1,1,1,0,1,-8,0,-8,1
35931,PINK STAR CHRISTMAS DECORATION,156,78.12,0.484666667,01-12-2009,12-11-2010,15,2,11.14285714,0,0.449567723,156,0,156,347
35932,PINK CHRISTMAS TREE DECORATION,37,15.63,0.537,04-12-2009,12-11-2010,10,1,3.7,0,0.10755814,41,0,41,344
35933,PINK STOCKING CHRISTMAS DECORATION,319,131.38,0.698214286,01-12-2009,06-11-2011,28,4,13.29166667,0,0.45184136,293,0,293,706
35936,CERISE+GOLD CHRISTMAS TREE DEC,36,13.68,0.38,11-12-2009,17-10-2010,9,1,4,0,0.115755627,13,0,13,311
35937,CERISE+GOLD CHRISTMAS STOCKING DEC,188,71.44,0.38,15-12-2009,18-10-2010,17,2,12.53333333,0,0.61038961,157,0,157,308
35945,GOLD CHRISTMAS STOCKING DECORATION,1,1.95,1.95,18-12-2009,18-12-2009,1,1,1,0,1,2,0,2,1
35950,FOLKART HEART CHRISTMAS DECORATIONS,1,1.25,1.25,03-03-2010,03-03-2010,1,1,1,0,1,-100,0,-100,1
35951,FOLKART BAUBLE CHRISTMAS DECORATION,1352,717.99,1.187173913,01-12-2009,25-11-2010,46,3,37.55555556,0,3.755555556,1307,0,1307,360
35953,FOLKART STAR CHRISTMAS DECORATIONS,3868,2007.22,0.782531646,03-12-2009,09-12-2011,155,8,44.97674419,0.01221374,5.248303935,3930,48,3882,737
35954,SMALL FOLKART STAR CHRISTMAS DEC,2181,850.49,1.220267857,01-12-2009,09-11-2011,111,3,26.27710843,0,3.076163611,1667,0,1667,709
35955,SMALL FOLKART CHRISTMAS TREE DEC,135,34.62,0.374,01-12-2009,13-05-2010,4,1,45,0,0.823170732,-65,0,-65,164
35957,SMALLFOLKART BAUBLE CHRISTMAS DEC,3565,1254.9,1.235810811,01-12-2009,13-01-2011,148,3,35.65,0.034686091,8.716381418,2883,100,2783,409
35958,FOLKART ZINC STAR CHRISTMAS DEC,1131,984.63,0.969518072,03-12-2009,09-12-2010,82,4,17.671875,0,3.040322581,969,0,969,372
35961,FOLKART ZINC HEART CHRISTMAS DEC,11430,9514.78,1.143142415,01-12-2009,08-12-2011,637,11,30.72580645,8.65E-05,15.48780488,11563,1,11562,738
35962,12 ASS ZINC CHRISTMAS DECORATIONS,581,1351.78,2.822083333,01-12-2009,20-10-2010,92,2,9.524590164,0.001748252,1.793209877,572,1,571,324
35963,FOLKART ZINC CLIP ON ANGEL WINGS,101,38.38,0.38,16-12-2009,22-09-2010,11,1,9.181818182,0,0.359430605,94,0,94,281
35964,FOLKART CLIP ON STARS,1187,689.76,1.115970149,04-12-2009,09-12-2011,132,4,12.90217391,0,1.612771739,1192,0,1192,736
35965,FOLKART HEART NAPKIN RINGS,629,1423.63,3.298678161,01-12-2009,15-11-2011,174,4,4.557971014,0.035242291,0.87972028,681,24,657,715
35966,FOLKART CHRISTMAS TREE T-LIGHT HOLD,255,111.34,0.681538462,02-12-2009,24-08-2011,26,1,11.08695652,0,0.404120444,186,0,186,631
35967,FOLK ART METAL STAR T-LIGHT HOLDER,936,488.51,0.765625,02-12-2009,08-12-2011,112,2,9.852631579,0.001035197,1.270013569,966,1,965,737
35968,FOLK ART METAL HEART T-LIGHT HOLDER,761,363.34,0.699342105,02-12-2009,01-11-2011,75,3,11.19117647,0.035868006,1.087142857,697,25,672,700
35969,FOLKART CROWN TABLE DECORATIONS,523,542.47,1.916052632,02-12-2009,18-11-2010,76,6,8.301587302,0,1.485795455,470,0,470,352
35970,ZINC FOLKART SLEIGH BELLS,8375,15072.58,2.259012694,19-03-2010,09-12-2011,692,11,36.41304348,0.008848499,13.2725832,8363,74,8289,631
35971,ROSE FOLKART HEART DECORATIONS,1963,1947.74,1.786622222,01-12-2009,05-12-2011,217,3,10.90555556,0.008487269,2.670748299,2003,17,1986,735
35972,DAISY FOLKART HEART DECORATION,440,611.38,1.757954545,04-12-2009,06-11-2011,87,1,6.197183099,0,0.625889047,195,0,195,703
35973,GERANIUM FOLKART HEART DECORATION,49,61.25,1.25,09-12-2009,21-03-2010,13,1,4.454545455,0,0.475728155,-10,0,-10,103
35974,S/6 CHRISTMAS TREE PLACE SETTING,1,3.75,3.75,16-12-2009,16-12-2009,1,1,1,0,1,-5,0,-5,1
35979,SIX STRING SCANDINAVIAN HEART DECS,94,311.03,3.823571429,01-12-2009,09-04-2010,27,1,5.222222222,0.5,0.723076923,24,12,12,130
35991,SET/6 BLACK SNOWFLAKE T-LIGHTS ,402,232.08,0.874821429,01-12-2009,17-11-2010,54,1,8.375,0,1.142045455,447,0,447,352
35995,SET/6 BLACK GLITTER REINDEER CANDLE,5,3.78,0.756,01-12-2009,23-12-2009,5,1,1,0,0.217391304,-5,0,-5,23
35999,S/6 SCANDINAVIAN HEART T-LIGHT,1,2.55,2.55,13-12-2009,13-12-2009,1,1,1,0,1,29,0,29,1
37112,YELLOW BIRDS FELT DES FOODCOVER,10,37.5,3.75,04-12-2009,02-02-2010,5,1,2.5,0,0.163934426,-1,0,-1,61
37326,FAIRY DESIGN MUGS,2,4.61,2.305,11-01-2010,29-03-2010,2,2,1,0,0.025641026,0,0,0,78
37327,ASSTD MULTICOLOUR CIRCLES MUG,1739,1051.69,1.642197802,02-12-2009,10-11-2011,88,1,24.15277778,0.002621232,2.452750353,1526,4,1522,709
37330,SPOTS MUG,517,927.46,2.306785714,11-01-2010,22-03-2011,28,2,19.14814815,0.051502146,1.185779817,233,12,221,436
37333,"RETRO ""TEA FOR ONE"" ",145,805.1,6.922586207,03-12-2009,03-05-2011,58,2,3.020833333,0,0.280464217,66,0,66,517
37340,MULTICOLOUR SPRING FLOWER MUG,13665,3881.33,3.348634146,01-12-2009,08-12-2011,204,5,92.95918367,0.365685844,18.51626016,13662,4996,8666,738
37342,SPOTTY COFFEE CUP & SAUCER,1629,1731.4,2.103712121,07-12-2009,02-09-2011,131,6,16.45454545,0.035805627,2.565354331,1564,56,1508,635
37343,SPOTS DESIGN MUG W PINK INSIDE,1110,1759.04,2.084519231,01-12-2009,09-03-2011,104,3,11.93548387,0,2.392241379,1077,0,1077,464
37345,ASSTD HEARTS DESIGN MUGS,321,561.05,4.038888889,03-12-2009,07-01-2010,9,2,40.125,0,8.916666667,253,0,253,36
37348,SET OF 4 PASTEL STACKING MUGS,14,35.7,2.55,02-12-2009,31-03-2010,7,1,2,0.222222222,0.116666667,9,2,7,120
37351,ORANGE FLOWER MUG ,5404,612.51,3.753636364,22-12-2009,20-03-2011,11,2,491.2727273,0,11.9030837,5376,0,5376,454
37352,BIRD IN TREE MUG ,4643,504.55,1.10625,17-12-2009,01-11-2010,8,2,663.2857143,0,14.509375,4554,0,4554,320
37370,RETRO COFFEE MUGS ASSORTED,7145,10821.29,5.550721443,01-12-2009,22-11-2011,492,13,26.17216117,0.009925155,9.896121884,6146,61,6085,722
37399,"ASS RETROSPOOF MUGS,SPORTS",143,75,0.973333333,13-12-2009,22-12-2009,6,1,28.6,0,14.3,30,0,30,10
37408,ASSORTED DESIGN GEISHA GIRL MUGS,5,6.25,1.25,04-12-2009,04-12-2009,1,1,5,0,5,-10,0,-10,1
37409,ASSORTED DESIGN FLOWER MUGS,7,5.95,0.85,14-01-2010,11-04-2010,3,1,2.333333333,0,0.079545455,1,0,1,88
37410,BLACK AND WHITE PAISLEY FLOWER MUG,25707,3288.65,7.556969697,01-12-2009,07-04-2010,33,2,1028.28,0.000236845,200.8359375,25333,6,25327,128
37413,ICON MUG REVOLUTIONARY,703,284.49,0.410722892,07-02-2011,05-12-2011,81,2,11.91525424,0,2.32781457,6271,0,6271,302
37422,WHITE WITH BLACK CATS BOWL,434,292.08,1.354657534,01-12-2009,26-05-2010,73,1,8.188679245,0,2.451977401,187,0,187,177
37423,WHITE WITH BLACK CATS PLATE,6168,843.88,1.330285714,02-12-2009,18-03-2011,70,2,110.1428571,0.489471066,13.06779661,6031,2952,3079,472
37424,WHITE WITH BLACK CATS MUG,5249,1134.68,1.283703704,01-12-2009,21-11-2010,108,2,61.03488372,0.413307241,14.74438202,5110,2112,2998,356
37432,MUG PINK AND PURPLE ARABIC DESIGN,6,3.9,0.65,08-12-2009,08-12-2009,1,1,6,0,6,4,0,4,1
37438,FUNKY FLOWER COFFEE POT,1,3.75,3.75,13-12-2009,13-12-2009,1,1,1,0,1,-2,0,-2,1
37441,ASSORTED WHITE EMBOSSED CHINA MUGS,700,1639.8,5.037777778,03-12-2009,02-08-2010,54,1,14.89361702,0.00127551,2.880658436,784,1,783,243
37446,MINI CAKE STAND WITH HANGING CAKES,3691,5332.25,1.881108434,01-12-2009,06-12-2011,410,11,15.37916667,0.028236708,5.014945652,3329,94,3235,736
37447,CERAMIC CAKE DESIGN SPOTTED PLATE,2891,4540.85,1.988224044,01-12-2009,08-12-2011,364,13,11.42687747,0.025903204,3.917344173,2934,76,2858,738
37448,CERAMIC CAKE DESIGN SPOTTED MUG,4549,6827.21,1.804981618,01-12-2009,08-12-2011,528,19,14.76948052,0.014470511,6.16395664,4561,66,4495,738
37449,CERAMIC CAKE STAND + HANGING CAKES,2382,22333.3,11.18056485,01-12-2009,07-12-2011,477,15,8.476868327,0.106800167,3.23202171,2397,256,2141,737
37450,CERAMIC CAKE BOWL + HANGING CAKES,2444,7023.14,3.451080402,01-12-2009,08-12-2011,391,13,9.436293436,0.03187251,3.311653117,2259,72,2187,738
37451,CERAMIC CAKE TEAPOT WITH CHERRY,1,4.95,4.95,07-02-2010,07-02-2010,1,1,1,0.4,1,5,2,3,1
37461,FUNKY MONKEY MUG,742,778.64,1.61,01-12-2009,05-12-2010,95,1,8.627906977,0.001236094,2.005405405,809,1,808,370
37464,ROBOT MUG IN DISPLAY BOX,316,431.18,1.768072289,01-12-2009,17-12-2010,82,3,4.787878788,0,0.827225131,77,0,77,382
37467,PIG MUG IN TWO COLOUR DESIGNS,273,328.51,2.58890625,02-12-2009,10-10-2011,64,5,4.875,0,0.402654867,72,0,72,678
37468,HARDMAN MUG 3 ASSORTED,65,39.81,1.422857143,18-12-2009,19-10-2011,14,1,5,0,0.096870343,132,0,132,671
37471,MULTICOLOUR DOTS PLATE,1405,197.85,3.66,22-12-2009,12-10-2011,10,2,140.5,0.533541342,2.128787879,1282,684,598,660
37474,SET/4 2 TONE EGG SHAPE MIXING BOWLS,63,651.05,10.81222222,02-12-2009,06-12-2010,44,5,1.5,0,0.17027027,37,0,37,370
37475,SET/4 COLOURFUL MIXING BOWLS,116,1160.56,10.56583333,14-12-2009,02-12-2011,72,6,1.731343284,0,0.161335188,117,0,117,719
37476,CONDIMENT TRAY 4 BOWLS AND 4 SPOONS,209,2010.6,11.15653846,02-12-2009,20-10-2011,77,4,3.073529412,0,0.30377907,177,0,177,688
37481,CUBIC MUG TEATIME CAKES,6,15.3,2.55,06-06-2010,06-06-2010,1,1,6,0,6,18,0,18,1
37483,ENGLISH ROSE MUG IN GIFT BOX,143,232.89,2.46,16-05-2010,08-06-2010,10,1,17.875,0.003521127,5.958333333,284,1,283,24
37484,ENGLISH ROSE TEA FOR ONE GIFT BOX,1,6.75,6.75,08-12-2009,08-12-2009,1,1,1,0,1,2,0,2,1
37485,ENGLISH ROSE TEA SET IN GIFT BOX,49,207.69,4.5975,01-12-2009,22-02-2010,15,2,3.266666667,0,0.583333333,126,0,126,84
37495,FAIRY CAKE BIRTHDAY CANDLE SET,1560,5732.6,4.14673716,04-12-2009,08-12-2011,330,20,6.69527897,0.089816572,2.12244898,1581,142,1439,735
37500,TEA TIME TEAPOT IN GIFT BOX,881,6787.46,9.145227273,01-12-2009,09-12-2011,263,14,4.136150235,0.014656144,1.192151556,887,13,874,739
37501,TEA TIME TEA SET IN GIFT BOX,481,3401.15,7.3,02-12-2009,10-08-2011,177,12,3.485507246,0.01863354,0.779578606,805,15,790,617
37502,TEA TIME MUG IN GIFT BOX,868,2599.79,3.311387283,01-12-2009,30-07-2010,171,8,8.346153846,0.000824402,3.58677686,1213,1,1212,242
37503,TEA TIME CAKE STAND IN GIFT BOX,2465,25428.33,11.72319312,01-12-2009,01-08-2010,522,14,13.69444444,0.021757679,10.10245902,2344,51,2293,244
37506,NEW ENGLAND MILK JUG W GIFT BOX,32,190.4,5.95,02-12-2009,24-08-2010,26,1,1.230769231,0,0.120300752,33,0,33,266
37508,NEW ENGLAND CERAMIC CAKE SERVER,89,229.57,2.606956522,01-12-2009,24-08-2010,46,1,2.225,0,0.333333333,74,0,74,267
37509,NEW ENGLAND MUG W GIFT BOX,28,71.4,2.55,22-03-2010,06-12-2010,14,1,2,0.015151515,0.107692308,66,1,65,260
40001, WHITE BAMBOO RIBS LAMPSHADE,2484,1911.65,1.064132231,06-12-2009,13-11-2011,121,4,22.58181818,0.020870337,3.508474576,2252,47,2205,708
40002,WHITE BAMBOO RIBS LAMPSHADE,78,66.3,0.85,18-12-2009,18-12-2009,1,1,78,0.088235294,78,68,6,62,1
40003,WHITE BAMBOO RIBS LAMPSHADE,1150,1257.02,1.524166667,18-12-2009,06-06-2011,60,2,20.1754386,0.02,2.145522388,900,18,882,536
40016,CHINESE DRAGON PAPER LANTERNS,15435,5487.31,1.904285714,01-12-2009,21-09-2011,244,6,79.56185567,0,23.38636364,13734,0,13734,660
44228,CANNABIS LEAF BEAD CURTAIN,48,40.8,0.85,18-11-2010,23-08-2011,3,1,16,0,0.172043011,87,0,87,279
44230,SQUARE MIRROR CURTAIN,347,3381.62,9.15754717,01-12-2009,10-10-2010,53,2,7.886363636,0.054054054,1.105095541,185,10,175,314
44234,ASSORTED CIRCULAR MOBILE,1213,260.39,0.378852459,14-12-2009,09-12-2011,56,2,22.46296296,0.001605136,1.670798898,1246,2,1244,726
44235,ASS COL CIRCLE MOBILE ,816,303.84,0.415,13-01-2010,07-12-2011,22,1,37.09090909,0,1.175792507,824,0,824,694
44236,PINK/PURPLE CIRCLE CURTAIN,64,112.32,2.868461538,24-01-2010,21-08-2011,12,1,5.333333333,0,0.111304348,52,0,52,575
44265,M/COLOUR POM-POM CURTAIN,8,34,4.25,08-12-2009,10-02-2011,4,1,2,0,0.018604651,6,0,6,430
45013,FOLDING SHOE TIDY,48,132,2.9,12-05-2010,23-10-2011,8,2,6,0,0.090566038,22,0,22,530
45014,FOLDING SHIRT TIDY,1,4.65,4.65,15-07-2010,15-07-2010,1,1,1,0,1,1,0,1,1
45016,DECORATIVE NET CANOPY LEOPARD,101,423.73,5.946923077,14-12-2009,09-09-2010,25,1,4.590909091,-0.092307692,0.374074074,-65,6,-71,270
46118,FUNKY MONKEY CUSHION COVER,373,513.58,3.027945205,03-12-2009,09-12-2011,72,2,6.016129032,0,0.506105834,374,0,374,737
46307,ROSES BLUE BASE CUSHION COVER ,51,246.03,5.264545455,21-12-2009,29-07-2010,33,1,2.04,0,0.230769231,110,0,110,221
47016,LIGHT DECORATION BATTERY OPERATED,31,65.1,2.1,07-12-2009,01-11-2011,5,1,6.2,0,0.044604317,8,0,8,695
47420,ASSORTED COLOUR SUCTION CUP HOOK,358,68.02,0.19,02-12-2009,04-12-2011,31,1,11.93333333,0,0.48840382,-627,0,-627,733
47421,ASSORTED COLOUR LIZARD SUCTION HOOK,1463,572.7,0.414814815,07-02-2010,08-12-2011,74,5,22.16666667,0.010688043,2.18358209,1497,16,1481,670
47422,ASSORTED MONKEY SUCTION CUP HOOK,1177,458.34,0.414084507,07-02-2010,01-12-2011,66,4,18.98387097,0.040229885,1.775263952,1218,49,1169,663
47469,ASSORTED SHAPES PHOTO CLIP SILVER ,1220,594.28,0.630833333,19-01-2010,08-12-2011,29,2,43.57142857,0.019591837,1.770682148,1225,24,1201,689
47471,RAINBOW PEGS PHOTO CLIP STRING,428,295.72,0.96047619,01-12-2009,08-12-2011,63,2,7.133333333,0,0.579945799,435,0,435,738
47480,HANGING PHOTO CLIP ROPE LADDER,1638,2713.98,2.285066667,07-12-2009,09-12-2011,150,8,13,0.008635579,2.234652115,1737,15,1722,733
47481,50CM METAL STRING WITH  7 CLIPS,326,265.4,1.1075,03-12-2009,29-11-2011,44,6,7.409090909,0,0.448418157,328,0,328,727
47502,POLKADOT CUTLERY 24 PCS IN TRAY,640,6855.75,14.80911392,09-12-2009,13-09-2010,79,5,9.846153846,0.062711864,2.29390681,590,37,553,279
47505,MINATURE COLOURED GARDENING SET,737,3527.42,5.334722222,01-12-2009,07-06-2010,178,8,8.773809524,0.062295082,3.899470899,305,19,286,189
47554,S/3 COLOURS FLOCK TEA TOWELS,1,2.55,2.55,06-12-2009,06-12-2009,1,1,1,0,1,-3,0,-3,1
47556,SET/2 SPOTTY + ROSE TEA TOWELS ,1,2.55,2.55,02-12-2009,02-12-2009,1,1,1,0,1,8,0,8,1
47562,ENGLISH ROSE IRONING BOARD COVER,104,390,3.75,03-12-2009,29-03-2010,41,1,3.058823529,0.022099448,0.888888889,181,4,177,117
47566,PARTY BUNTING,28200,148318.28,5.718177449,01-12-2009,09-12-2011,2674,21,52.12569316,0.010335074,38.15967524,27576,285,27291,739
47568,ENGLISH ROSE DESIGN PEG BAG,2384,4983.02,2.543430657,01-12-2009,22-08-2010,410,10,14.2754491,0.010541447,8.996226415,2087,22,2065,265
47569,ENGLISH ROSE DESIGN SHOPPING BAG,1,2.55,2.55,02-12-2009,02-12-2009,1,1,1,-0.166666667,1,-6,1,-7,1
47570,ENGLISH ROSE TABLE CLOTH,220,2373.01,12.2356962,02-12-2009,26-04-2010,78,5,3.548387097,0,1.506849315,99,0,99,146
47579,TEA TIME BREAKFAST BASKET,185,420.87,2.560178571,02-12-2009,05-12-2010,55,2,4.02173913,0.005813953,0.501355014,172,1,171,369
47580,TEA TIME DES TEA COSY,1662,4298.6,3.132997118,02-12-2009,08-12-2011,344,12,6.517647059,0.019446081,2.255088195,1697,33,1664,737
47589,CONGRATULATIONS BUNTING,183,1008.73,5.597792208,15-12-2009,24-05-2011,76,4,2.904761905,0.069620253,0.347908745,158,11,147,526
47597,NEW ENGLAND TEATOWELS,322,644.88,1.963730159,10-12-2009,31-08-2010,124,2,3.701149425,0,1.21509434,300,0,300,265
47598,NEW ENGLAND EGG WARMER,138,89.12,0.7571875,01-12-2009,25-06-2010,32,2,5.111111111,0,0.666666667,91,0,91,207
48103,DOOR MAT KISS MY.......,35,201.73,7.051,18-12-2009,16-07-2010,10,3,3.5,0,0.165876777,37,0,37,211
48111,DOOR MAT 3 SMILEY CATS,4248,25970,8.748113731,01-12-2009,09-12-2011,720,11,11.26790451,0.003710575,5.748308525,4312,16,4296,739
48116,DOOR MAT MULTICOLOUR STRIPE,3452,20712.63,8.784173387,01-12-2009,08-12-2011,496,9,11.58389262,0.000877193,4.677506775,3420,3,3417,738
48129,DOOR MAT TOPIARY,3127,19608.91,8.213369963,01-12-2009,08-12-2011,543,10,8.959885387,0.00729464,4.237127371,3153,23,3130,738
48138,DOOR MAT UNION FLAG,10077,67010.31,8.034214628,15-12-2009,09-12-2011,1664,12,19.37884615,0.0050113,13.89931034,10177,51,10126,725
48175,DOOR MAT CAMOUFLAGE,39,158.04,5.02,14-12-2009,15-12-2009,2,1,19.5,0,19.5,39,0,39,2
48179,DOOR MAT SWEET HOME,34,214.47,9.736363636,01-12-2009,16-12-2009,11,1,3.4,0,2.125,18,0,18,16
48184,DOOR MAT ENGLISH ROSE ,4715,31142.63,8.227356052,01-12-2009,08-12-2011,851,15,11.25298329,0.0022931,6.388888889,4797,11,4786,738
48185,DOOR MAT FAIRY CAKE,6822,45723.84,9.175698381,01-12-2009,08-12-2011,983,15,14.83043478,0.101660056,9.243902439,6807,692,6115,738
48187,DOOR MAT NEW ENGLAND,7314,46405.4,8.068613707,01-12-2009,09-12-2011,1282,13,14.89613035,0.001620527,9.897158322,7405,12,7393,739
48188,DOOR MAT WELCOME PUPPIES,4872,28639.1,8.501318052,01-12-2009,06-12-2011,698,14,12.55670103,0.0026,6.619565217,5000,13,4987,736
48189,DOOR MAT FRIENDSHIP ,1321,8470.28,9.050510949,01-12-2009,26-04-2011,274,9,7.421348315,0.007633588,2.580078125,1310,10,1300,512
48194,DOORMAT HEARTS,7726,48726.56,8.588780488,01-12-2009,08-12-2011,1349,14,14.68821293,0.003181066,10.46883469,7859,25,7834,738
48195,DOOR MAT GREEN PAISLEY ,269,1627.99,8.183448276,01-12-2009,22-07-2010,87,6,4.138461538,0.014388489,1.14957265,278,4,274,234
48197,DOOR MAT BIRD ON THE WIRE,898,5905.64,9.610977778,01-12-2009,28-07-2010,225,6,7.070866142,0,3.741666667,897,0,897,240
51008,AFGHAN SLIPPER SOCK PAIR,2604,8378.8,3.4,02-12-2009,27-11-2011,80,7,40.06153846,0.127186589,3.58677686,2744,349,2395,726
62018,SOMBRERO ,9567,12450.85,1.795669291,02-12-2009,06-12-2011,127,5,88.58333333,0,13.01632653,9570,0,9570,735
70006,LOVE HEART POCKET WARMER,4438,4139.56,1.967736486,01-12-2009,08-12-2011,290,11,27.7375,0.000446229,6.013550136,4482,2,4480,738
70007,HI TEC ALPINE HAND WARMER,1306,1684.58,2.123381643,01-12-2009,08-12-2011,205,7,9.746268657,0.008739985,1.769647696,1373,12,1361,738
71038,WHITE HANGING BEADS CANDLE HOLDER,717,3789.25,5.41137931,02-12-2009,28-11-2011,144,2,5.69047619,0.014772727,0.986244842,880,13,867,727
71050,SMALL SINGLE FLAME CANDLE HOLDER,51,17.85,0.35,08-06-2010,02-12-2011,8,1,6.375,0,0.093922652,51,0,51,543
71053,WHITE METAL LANTERN,4769,18906.77,4.509704301,01-12-2009,09-12-2011,727,7,12.2596401,0.013619067,6.453315291,4993,68,4925,739
71143,SILVER BOOK MARK WITH BEADS,349,514.45,1.980606061,01-12-2009,13-07-2011,99,1,4.532467532,0.003215434,0.591525424,311,1,310,590
71215,METAL BASE FOR CANDLES,177,68.1,0.409166667,09-12-2009,26-05-2011,12,1,16.09090909,0,0.331460674,178,0,178,534
71270,PHOTO CLIP LINE,370,525.4,1.67,18-12-2009,09-12-2011,81,5,4.805194805,0,0.512465374,378,0,378,722
71279,PINK GLASS CANDLEHOLDER,293,972.11,3.875949367,01-12-2009,09-11-2011,78,3,3.855263158,0.056,0.41325811,250,14,236,709
71403,"PINK/WHITE ""KEEP CLEAN"" BULLET BIN",176,656.05,4.63826087,04-12-2009,16-11-2011,69,4,2.75,0.011173184,0.24684432,179,2,177,713
71459,HANGING JAM JAR T-LIGHT HOLDER,32989,26738.79,1.117585868,02-12-2009,09-12-2011,1017,11,74.46726862,0.00982218,44.70054201,33292,327,32965,738
71477,COLOUR GLASS. STAR T-LIGHT HOLDER,15089,44680.75,3.73756068,01-12-2009,08-12-2011,809,6,42.50422535,0.17032386,20.44579946,15130,2577,12553,738
71510,SQUARE METAL CANDLEHOLDER BASE,177,112.05,0.793529412,17-12-2009,24-11-2011,17,1,11.0625,0,0.25,177,0,177,708
72008,FROSTED BOX 9 WHITE T-LIGHT CANDLES,3819,1531.4,0.441,01-12-2009,14-11-2010,215,6,27.67391304,0.003706999,10.94269341,6744,25,6719,349
72122,COFFEE SCENT PILLAR CANDLE,586,593.33,1.13266129,04-12-2009,08-12-2011,120,2,5.689320388,0,0.797278912,588,0,588,735
72127,COLUMBIAN CANDLE ROUND ,366,445.94,1.313880597,01-12-2009,23-11-2011,65,1,6.203389831,0.002724796,0.506224066,367,1,366,723
72128,COLUMBIAN CANDLE ROUND,714,442.24,0.889340659,07-12-2009,08-12-2011,88,2,9.153846154,0,0.975409836,730,0,730,732
72129,COLUMBIAN CANDLE ROUND ,74,49.11,0.706111111,18-12-2009,29-09-2010,18,1,4.111111111,0,0.258741259,58,0,58,286
72130,COLUMBIAN CANDLE ROUND,753,306.35,0.684915254,13-12-2009,30-11-2011,57,1,14.20754717,0,1.048746518,814,0,814,718
72131,COLUMBIAN CANDLE RECTANGLE,748,692.28,1.653448276,10-12-2009,25-11-2011,56,2,15.26530612,0.020969856,1.044692737,763,16,747,716
72132,COLUMBIAN CUBE CANDLE,549,462.15,1.693571429,21-12-2009,27-11-2011,28,2,21.96,0,0.776520509,562,0,562,707
72133,COLUMBIAN CANDLE RECTANGLE,109,122.63,1.333636364,13-12-2009,08-12-2011,31,1,3.516129032,0,0.150137741,116,0,116,726
72134,COLUMBIAN  CUBE CANDLE ,339,134.85,0.898333333,13-12-2009,08-12-2011,29,2,12.55555556,0,0.466942149,340,0,340,726
72232,FENG SHUI PILLAR CANDLE,6268,1190.92,0.19,06-12-2009,09-12-2011,118,2,59.6952381,0,8.539509537,5002,0,5002,734
72267,PREMIUM CHURCH CANDLE,265,530.16,2.175869565,01-12-2009,28-03-2010,45,1,11.04166667,0,2.245762712,345,0,345,118
72484,ROSES IN WHITE HEART CANDLE ,1818,991.38,1.21,02-12-2009,04-03-2010,64,2,44.34146341,0,19.5483871,1820,0,1820,93
72487,ROSES WHITE ROUND CANDLE,827,355.05,1.152857143,01-12-2009,14-12-2009,14,1,118.1428571,0,59.07142857,506,0,506,14
72586,"S/6 HALLOWEEN GHOST T LIGHTS, 5CM H",2303,1010.1,0.586666667,04-12-2009,01-12-2011,183,6,17.4469697,0.019900498,3.163461538,1809,36,1773,728
72598,SET/12 TAPER CANDLES,1244,1145.76,1.179130435,01-12-2009,08-12-2011,158,4,9.214814815,0.017322835,1.685636856,1270,22,1248,738
72708,SCULPTED ROUND IVORY CANDLE ,44,9.24,0.21,10-12-2009,23-08-2010,5,2,8.8,0,0.171206226,90,0,90,257
72709,IVORY SCULPTED RND CANDLE ,74,62.9,0.85,19-04-2010,13-11-2011,13,2,6.166666667,0,0.128919861,94,0,94,574
72715,SPHERICAL IVORY CANDLE ,88,36.96,0.42,16-02-2010,26-08-2010,13,1,6.769230769,0,0.458333333,56,0,56,192
72724,SET/6 CHRISTMAS ICICLE T-LIGHTS,36,45,1.25,01-12-2009,10-12-2009,10,1,5.142857143,0,3.6,81,0,81,10
72728,ROSE SCENT CANDLES IN GLASS,643,523.15,0.845272727,10-12-2009,04-08-2010,54,3,14.28888889,0,2.701680672,984,0,984,238
72741,GRAND CHOCOLATECANDLE,19712,27239.46,1.738179848,01-12-2009,09-12-2011,920,19,44.59728507,0.003134638,26.67388363,19779,62,19717,739
72756,FAIRY CAKE CANDLES,4012,5459.48,1.469534884,01-12-2009,15-06-2010,129,5,167.1666667,0.006566851,20.36548223,3807,25,3782,197
72772,SET/4 SCENTED CANDLES IN RAMEKINS,457,615.84,2.531111111,13-12-2009,17-01-2010,9,1,57.125,0,12.69444444,390,0,390,36
72779,SET/6 BLACK ROSE T-LIGHT CANDLES,48,81.12,1.69,02-12-2009,05-05-2010,15,1,3.428571429,0,0.309677419,49,0,49,155
72780,BLACK SILOUETTE CANDLE PLATE,514,418.18,0.841136364,06-12-2009,08-12-2011,44,3,12.53658537,0.024291498,0.701227831,494,12,482,733
72781,BLACK SILOUETTE CANDLE PLATE ,121,229.5,2.045333333,17-12-2009,11-10-2010,15,3,8.066666667,0.090909091,0.404682274,66,6,60,299
72783,BLACK SIL'T SQU CANDLE PLATE ,43,90.3,2.1,01-12-2009,08-12-2011,9,3,4.777777778,0,0.058265583,43,0,43,738
72789,BASKET/8 SCENTED LOVE TOKEN CANDLES,122,461.53,3.837608696,10-12-2009,10-10-2010,45,2,3.128205128,0.056818182,0.4,176,10,166,305
72793,BLACK BOX MIRROR LANTERN,55,268.75,5.56,13-12-2009,26-10-2010,10,1,5.5,0.025,0.172955975,40,1,39,318
72805,VANILLA CANDLE IN EMBOSSED ZINC POT,10,16.9,1.69,06-12-2009,07-02-2010,3,1,3.333333333,0,0.15625,7,0,7,64
72811,SMALL ZINC/GLASS CANDLEHOLDER,445,340.45,1.446818182,02-12-2009,08-12-2011,22,2,20.22727273,0,0.603799186,445,0,445,737
72812,LARGE ZINC/GLASS CANDLEHOLDER,105,288.46,3.236774194,11-12-2009,08-12-2011,31,3,3.5,0,0.144230769,105,0,105,728
72814,SET/3 CHRISTMAS BRIAR CANDLES,266,967.92,3.887454545,01-12-2009,22-11-2010,54,4,6.820512821,0.009950249,0.745098039,201,2,199,357
72815,3 WICK CHRISTMAS BRIAR CANDLE ,282,1083.36,3.999859155,01-12-2009,26-01-2011,70,3,5.875,0.032520325,0.668246445,246,8,238,422
72816,SET/3 CHRISTMAS DECOUPAGE CANDLES,1344,1671.52,1.958970588,01-12-2009,17-10-2011,136,8,14.60869565,0.016913319,1.959183673,1419,24,1395,686
72817,SET/2 CHRISTMAS DECOUPAGE CANDLES,1553,1671.28,1.284490741,02-12-2009,23-11-2011,214,8,13.74336283,0.01532567,2.150969529,1566,24,1542,722
72818,CHRISTMAS DECOUPAGE CANDLE,2394,1283.13,0.836466165,02-12-2009,31-10-2011,127,6,29.925,0.015069067,3.424892704,2389,36,2353,699
72819,CUPID DESIGN SCENTED CANDLES,694,1174.01,2.973191489,04-12-2009,08-12-2011,92,7,8.567901235,0,0.944217687,710,0,710,735
72821,CUPID SCENTED CANDLE IN GLASS,61,100.65,1.65,31-01-2010,10-02-2011,14,1,4.357142857,0.052631579,0.162234043,57,3,54,376
75011,BLUE DAISY MOBILE,181,172.51,1.39,11-12-2009,28-11-2011,15,2,12.06666667,0,0.252089136,181,0,181,718
75131,METAL TUBE CHIME ON BAMBOO,1217,1543.03,1.700735294,11-12-2009,04-04-2011,68,2,19.95081967,0,2.535416667,1172,0,1172,480
75172,PAINTED SEA SHELL METAL WINDCHIME,97,100.31,2.135454545,23-06-2010,04-07-2011,11,1,9.7,0,0.25729443,62,0,62,377
75178,ASSTD COL BUTTERFLY/CRYSTAL W/CHIME,497,273.93,1.4992,18-02-2010,06-12-2011,25,2,19.88,0,0.756468798,499,0,499,657
77079,DOLPHIN WINDMILL,64,135.68,2.12,03-03-2010,12-06-2011,12,1,5.333333333,0,0.137044968,111,0,111,467
77081,FLOWER WINDMILL,242,308.38,1.776666667,01-12-2009,31-08-2010,33,2,8.344827586,0.005434783,0.883211679,184,1,183,274
78026,SEAGRASS S/3 SQU LAUNDRY BOX,12,139.95,19.975,17-01-2010,03-09-2010,2,1,6,0,0.052173913,14,0,14,230
78027,SEAGRASS S/2 CORNER LAUNDRY ,6,100.15,18.03,31-01-2010,03-09-2010,5,1,1.2,0,0.027777778,-4,0,-4,216
78033,FLAG OF ST GEORGE CHAIR,76,370.6,5.525,27-01-2010,06-10-2011,16,2,5.066666667,0.020547945,0.122977346,146,3,143,618
78056,CAMOUFLAGE BACKPACK ON WHEELS,3,29.85,9.95,02-12-2009,08-12-2009,2,1,1.5,0.4,0.428571429,5,2,3,7
78124,MAGAZINE RACK GEBRA ASSORTED ,730,969.61,1.882580645,03-12-2009,28-11-2011,31,4,25.17241379,0,1.005509642,737,0,737,726
79000,MOROCCAN TEA GLASS,11973,9759.91,1.377958716,01-12-2009,12-09-2011,436,13,43.38043478,0.024008036,18.39170507,9955,239,9716,651
79029,GLASS HONEYPOT WASP CATCHER,2944,5473.82,2.263237822,01-12-2009,09-08-2010,343,5,19.75838926,0.009803922,11.68253968,2754,27,2727,252
79067,CORONA MEXICAN TRAY,1615,6380.2,4.938517588,01-12-2009,21-12-2010,396,8,7.727272727,0.011896894,4.183937824,1513,18,1495,386
79072,TEATIME CAKE TIN WITH HANDLE,284,3083.2,12.71448598,01-12-2009,29-03-2010,107,6,5.163636364,0.062240664,2.386554622,241,15,226,119
79140,ASS WINDPROOF MARIJUANA LIGHTERS,15,6.3,0.42,01-02-2010,01-06-2010,2,1,7.5,0,0.123966942,-36,0,-36,121
79160,HEART SHAPE WIRELESS DOORBELL,944,1973.07,2.515767442,01-12-2009,08-12-2011,210,2,6.12987013,0.02173913,1.279132791,966,21,945,738
79163,BLACK CHAMPAGNE GLASS,1833,1240.83,2.532769231,02-12-2009,18-09-2011,64,2,32.73214286,0.002989943,2.794207317,3679,11,3668,656
79164,BLACK WINE GLASS,3653,3196.01,6.560434783,01-12-2009,07-11-2011,91,1,47.44155844,0.010835214,5.166902405,2215,24,2191,707
79301,FEATHER HEART LIGHTS,1,2.95,2.95,21-01-2010,21-01-2010,1,1,1,-3,1,-3,9,-12,1
79320, FLAMINGO LIGHTS,904,4357.38,5.884066667,02-12-2009,22-09-2010,150,7,8.60952381,0.015794669,3.06440678,1013,16,997,295
79321,CHILLI LIGHTS,15841,80540.88,6.290666082,01-12-2009,09-12-2011,1135,10,36.41609195,0.008633008,21.43572395,16796,145,16651,739
79328,BLUE FLOCK GLASS CANDLEHOLDER,594,260.76,1.488823529,01-12-2009,26-07-2010,17,2,34.94117647,0.007352941,2.495798319,544,4,540,238
79329,PINK FLOCK GLASS CANDLEHOLDER,100,65.94,1.287142857,02-12-2009,10-04-2011,7,1,14.28571429,0,0.202020202,72,0,72,495
79331,PINK FLOCK GLASS CANDLEHOLDER,60,73.6,1.367777778,10-02-2010,07-04-2011,9,1,6.666666667,0,0.142180095,90,0,90,422
79336,LIGHT PINK FLOCK GLASS CANDLEHOLDER,840,369.78,1.455714286,02-12-2009,02-09-2011,21,2,42,0,1.3125,847,0,847,640
79337,BLUE FLOCK GLASS CANDLEHOLDER,1194,502.03,1.026666667,04-01-2010,08-07-2011,21,3,56.85714286,0.005029338,2.166969147,1193,6,1187,551
79338,DARK PINK FLOCK GLASS CANDLEHOLDER,553,252.29,1.469230769,03-12-2009,02-03-2010,13,1,42.53846154,0,6.144444444,516,0,516,90
79341,WILLOW BRANCH LIGHTS.,725,4423.69,8.0465,01-12-2009,20-04-2010,79,2,14.21568627,-1.422222222,5.141843972,-315,448,-763,141
79403,FROSTED WHITE BASE ,216,199.02,1.143055556,18-12-2009,02-12-2011,36,2,6.545454545,0.064516129,0.302097902,217,14,203,715
79406,FROSTED WHITE BASE ,259,65.62,0.396190476,04-12-2009,08-12-2011,21,1,12.33333333,0,0.352380952,259,0,259,735
79413,GLASS WINE GLASS DECORATIONS,30,37.5,1.25,04-12-2009,04-05-2010,9,1,5,0,0.197368421,27,0,27,152
79532,MOSAIC GLASS BALL CANDLEHOLDER,97,121.25,1.25,07-06-2010,05-10-2010,18,1,5.705882353,0.005181347,0.801652893,193,1,192,121
79534,MULTICOLOUR GLASS PLATE,116,63.8,0.55,02-12-2009,05-10-2010,16,1,7.25,0,0.376623377,117,0,117,308
82069,BEECH WOOD P/FRAME,17,109.85,6.275454545,16-12-2009,18-10-2010,11,1,1.545454545,0,0.055374593,12,0,12,307
82072,WHITE WOOD SINGLE P/FRAME,5,6.25,1.25,07-02-2010,27-08-2010,3,1,1.666666667,0,0.024752475,7,0,7,202
82076,BEECH WOOD PHOTO FRAME ,290,403.64,2.726842105,01-12-2009,27-01-2010,19,1,19.33333333,0,5,264,0,264,58
82081,PINK HEARTS PHOTO ALBUM,174,451.35,5.259130435,01-12-2009,24-02-2010,23,2,9.157894737,0,2.023255814,170,0,170,86
82093,HEART SHAPE BUTTON FRAME ,139,283.49,3.147857143,01-12-2009,22-01-2010,28,1,8.176470588,0,2.622641509,138,0,138,53
82095,HEART BUTTONS JEWELLERY BOX,100,600.91,6.192916667,09-12-2009,05-07-2011,48,4,2.272727273,0,0.174216028,97,0,97,574
82482,WOODEN PICTURE FRAME WHITE FINISH,16914,41837.6,2.924807502,01-12-2009,09-12-2011,2006,14,32.71566731,0.02682998,22.88768606,17145,460,16685,739
82483,WOOD 2 DRAWER CABINET WHITE FINISH,4878,29003.37,6.514496466,01-12-2009,08-12-2011,1123,7,10.81596452,0.056318681,6.609756098,5096,287,4809,738
82484,WOOD BLACK BOARD ANT WHITE FINISH,9831,56745.73,7.810832625,11-04-2010,09-12-2011,1176,15,22.44520548,0.004435192,16.16940789,11048,49,10999,608
82486,WOOD S/3 CABINET ANT WHITE FINISH,4728,38052.33,8.635784161,01-12-2009,09-12-2011,1274,8,9.399602386,0.021637069,6.397834912,4899,106,4793,739
82551,LAUNDRY 15C METAL SIGN,5641,8081.14,1.668304636,01-12-2009,08-12-2011,751,10,13.59277108,0.001121076,7.643631436,5352,6,5346,738
82552,WASHROOM METAL SIGN,6955,9527.16,1.5468875,02-12-2009,09-12-2011,794,9,16.92214112,0.001047904,9.424119241,6680,7,6673,738
82553,POP'S GREASY SPOON METAL SIGN,114,237.73,2.577380952,01-12-2009,18-02-2010,42,1,4.384615385,0,1.425,-51,0,-51,80
82567,"AIRLINE LOUNGE,METAL SIGN",1207,2498.98,2.17200409,01-12-2009,09-12-2011,489,4,3.657575758,0.000863558,1.633288227,1158,1,1157,739
82578,KITCHEN METAL SIGN,5595,3129.24,0.713089888,01-12-2009,08-12-2011,704,11,13.88337469,0.002357208,7.581300813,5515,13,5502,738
82580,BATHROOM METAL SIGN,13249,7458.52,0.764914752,01-12-2009,09-12-2011,1336,12,24.62639405,0.022014925,17.92828146,13400,295,13105,739
82581,TOILET METAL SIGN,8399,4649,0.690358306,01-12-2009,09-12-2011,913,11,18.02360515,0.008867241,11.36535859,8007,71,7936,739
82582,AREA PATROLLED METAL SIGN,7479,15110.98,2.353304239,01-12-2009,09-12-2011,796,8,17.76484561,0.020666453,10.12043302,6242,129,6113,739
82583,HOT BATHS METAL SIGN,12877,27981.99,2.760100167,01-12-2009,09-12-2011,1176,8,27.33970276,0.008580593,17.42489851,12470,107,12363,739
82585,SWEET VALENCIA CANDLE+CUP,164,235.9,1.879183673,02-12-2009,02-03-2010,47,1,4.96969697,0.179104478,1.802197802,67,12,55,91
82587,TEXRIO TOMATOES CANDLE+CUP,128,166.78,1.455853659,06-12-2009,13-05-2010,40,1,4.129032258,0.218181818,0.805031447,55,12,43,159
82597,BOMBS AWAY METAL SIGN,1210,2569.66,2.577926267,01-12-2009,01-11-2010,215,2,7.960526316,0.00286533,3.601190476,1047,3,1044,336
82599,FANNY'S REST STOPMETAL SIGN,2505,5479.44,2.706203523,02-12-2009,08-05-2011,506,6,9.076086957,0.001749781,4.789674952,2286,4,2282,523
82600,NO SINGING METAL SIGN,12675,25736.19,2.401357616,01-12-2009,09-12-2011,1201,15,26.35135135,0.003452983,17.15155616,12453,43,12410,739
82605,OLD DOC.RUSSEL METAL SIGN,268,595.07,2.397380952,02-12-2009,18-03-2011,125,2,2.552380952,0,0.56779661,272,0,272,472
82615,PINK MARSHMALLOW SCARF KNITTING KIT,582,1603.97,3.277444444,02-12-2009,01-12-2010,90,4,8.686567164,0.006756757,1.594520548,592,4,588,365
84006,MAGIC TREE -PAPER FLOWERS,1856,1738.07,1.108207547,01-12-2009,08-12-2011,212,4,12.88888889,0.002545825,2.514905149,1964,5,1959,738
84007,MAGIC GARDEN MOUNT FUJI,157,413.12,2.681538462,01-12-2009,30-11-2010,39,1,4.757575758,0,0.430136986,63,0,63,365
84012,MAGIC SHEEP WOOL GROWING FROM PAPER,1838,2628.47,1.725333333,01-12-2009,08-12-2011,179,8,14.13846154,0.065181966,2.490514905,1841,120,1721,738
84016,FLAG OF ST GEORGE CAR FLAG,1004,3791.67,53.19758065,07-12-2009,14-09-2011,62,2,22.31111111,-0.031595577,1.551777434,-1899,60,-1959,647
84033,FLAG OF ST GEORGE ,392,735.38,3.4216,15-01-2010,14-09-2011,49,3,9.11627907,0.026422764,0.644736842,492,13,479,608
84050,PINK HEART SHAPE EGG FRYING PAN,9853,14525,2.154155125,01-12-2009,01-11-2011,715,19,27.52234637,0.006547445,14.05563481,10233,67,10166,701
84051,ASS COLOUR GLOWING TIARAS,746,607.98,0.896393443,06-12-2009,06-12-2011,60,4,13.81481481,0,1.020519836,761,0,761,731
84077,WORLD WAR 2 GLIDERS ASSTD DESIGNS,106139,24445.61,0.283121331,01-12-2009,09-12-2011,1019,15,225.8276596,0.015455923,143.6251691,110249,1704,108545,739
84081,WHITE CERAMIC PARTY SET (5PCS),100,389.3,5.212,02-12-2009,14-07-2010,20,1,5.882352941,0.01,0.444444444,100,1,99,225
84192,ASSORTED COLOUR METAL CAT ,226,271.1,1.24025641,08-02-2010,04-12-2011,38,1,6.277777778,0,0.339849624,115,0,115,665
84199,GLOW IN DARK DOLPHINS,554,121.08,0.221388889,01-12-2009,06-12-2011,69,5,9.233333333,0.007905138,0.752717391,1518,12,1506,736
84212,"ASSORTED FLOWER COLOUR ""LEIS""",24794,11961.49,0.843093525,06-12-2009,06-12-2011,277,9,117.507109,0.002903109,33.91792066,24801,72,24729,731
84218,BOX/12 CHICK & EGG IN BASKET,261,503.51,2.051020408,31-01-2010,31-03-2011,96,5,4.015384615,0.003831418,0.614117647,261,1,260,425
84219,BOX/12 MOTHER & CHICK IN BASKET/BOW,137,303.86,2.596785714,31-01-2010,28-03-2010,28,3,6.523809524,0,2.403508772,149,0,149,57
84226,HEN HOUSE W FAMILY IN BARN & NEST,77,58.31,0.838333333,28-02-2010,08-06-2011,18,2,4.529411765,0,0.165236052,43,0,43,466
84227,HEN HOUSE W CHICK IN NEST,112,47.04,0.42,18-02-2010,14-03-2011,13,1,10.18181818,0,0.287179487,224,0,224,390
84228,HEN HOUSE W CHICK STANDING,354,156.07,0.628478261,07-12-2009,29-11-2011,46,5,8.634146341,0.002840909,0.489626556,352,1,351,723
84231,EASTER BUNNY WITH BASKET ON BACK,230,166.21,0.862941176,24-01-2010,04-11-2011,50,1,5.609756098,0,0.353846154,230,0,230,650
84270,ASSTD DESIGN BUBBLE GUM RING,22936,4824.3,0.247836134,01-12-2009,06-12-2010,476,9,106.6790698,0.0887031,61.82210243,19616,1740,17876,371
84292,ROSE PINK METAL FOLDING CHAIR,44,385.98,10.53428571,03-12-2009,16-06-2010,14,2,3.384615385,0.013333333,0.224489796,75,1,74,196
84306,S/3 PINK SQUARE PLANTERS ROSES,48,557.48,12.06419355,03-12-2009,22-03-2011,31,2,1.777777778,0,0.101052632,24,0,24,475
84311,CAMOFLAGE CUSHION COVER,11,18.15,1.65,09-02-2010,09-02-2010,1,1,11,0,11,-11,0,-11,1
84340,LARGE FIBRE OPTIC CHRISTMAS TREE,21,65.76,4.346363636,01-12-2009,22-12-2009,11,1,1.909090909,0,0.954545455,-40,0,-40,22
84347,ROTATING SILVER ANGELS T-LIGHT HLDR,31409,71300.4,3.342535211,01-12-2009,09-12-2011,756,16,122.2140078,0.587811148,42.50202977,31898,18750,13148,739
84352,SILVER CHRISTMAS TREE BAUBLE STAND ,206,3505.58,17.83793651,01-12-2009,21-09-2011,126,7,2.452380952,0.042682927,0.312121212,164,7,157,660
84356,POMPOM CURTAIN,750,3771.04,6.544962406,04-12-2009,09-12-2011,133,7,6.637168142,0.008141113,1.019021739,737,6,731,736
84358,FLOOR LAMP SHADE WOOD BASE,121,1097.48,12.64241379,01-12-2009,09-08-2011,29,1,4.172413793,0,0.196110211,122,0,122,617
84360,TABLE LAMP WHITE SHADE WOOD BASE,179,956.89,6.240243902,01-12-2009,05-12-2011,40,1,4.58974359,0,0.243537415,217,0,217,735
84366,VENDETTA CANVAS PICTURE,3,11.25,3.75,02-02-2010,13-05-2010,3,1,1,0,0.02970297,3,0,3,101
84367,LA STREGA CANVAS PICTURE ,74,126.3,2.175,09-12-2009,04-08-2010,8,1,9.25,0,0.309623431,50,0,50,239
84371,BIG PINK POODLE,30,257.1,17.375,02-12-2009,25-01-2010,6,1,6,0,0.545454545,24,0,24,55
84375,SET OF 20 KIDS COOKIE CUTTERS,7575,15753.18,2.512216687,01-12-2009,09-12-2011,796,17,19.52319588,0.007791544,10.25033829,7829,61,7768,739
84378,SET OF 3 HEART COOKIE CUTTERS,11637,15388.44,1.595791139,01-12-2009,09-12-2011,1248,17,24.14315353,0.008910387,15.74695535,11784,105,11679,739
84380,SET OF 3 BUTTERFLY COOKIE CUTTERS,10405,14076.34,1.667239537,01-12-2009,09-12-2011,1114,16,22.18550107,0.021916509,14.07983762,10540,231,10309,739
84388,WISE MAN STAR SHAPE EGG PAN,70,89.04,1.485652174,01-12-2009,19-04-2011,22,1,3.5,0.025316456,0.138613861,79,2,77,505
84396,6 HOOK JEWELLERY STAND BLACK DRESS,552,1380.52,5.7744,01-12-2009,24-02-2010,49,2,16.23529412,0,6.418604651,391,0,391,86
84422,PINK/BLUE DISC/MIRROR STRING,782,427.95,1.012631579,20-12-2009,16-09-2011,38,1,21.72222222,0.065073041,1.229559748,753,49,704,636
84447,6 RABBIT CHAIN EASTER,69,72.42,1.361578947,27-01-2010,23-03-2010,19,3,4.6,0,1.232142857,21,0,21,56
84452,METAL RABBIT LADDER EASTER ,198,186.16,1.174888889,04-12-2009,20-10-2011,44,2,4.95,0.104575163,0.288629738,153,16,137,686
84454,WOBBLING METAL CHICKEN EASTER,93,85.53,1.075,07-12-2009,09-04-2010,18,2,6.642857143,0,0.75,-239,0,-239,124
84455,SET OF 3 RABBIT CARROTS EASTER,85,77.96,1.014,11-01-2010,09-04-2010,20,2,4.722222222,0,0.95505618,55,0,55,89
84456,SET OF 3 RABBIT EGG EASTER,37,33.15,0.95625,04-12-2009,25-06-2010,16,1,2.466666667,0.324324324,0.181372549,37,12,25,204
84457,SET/3 RABBITS FLOWER SKIPPPING ROPE,291,278.73,1.146769231,24-01-2010,09-11-2011,64,3,5.105263158,0,0.444274809,293,0,293,655
84458,S/3 RABBIT FLOWER/EGG/CARROT ROPE,124,105.4,0.85,18-01-2010,21-03-2010,20,2,7.294117647,0,1.968253968,76,0,76,63
84461,12 PINK HEN+CHICKS IN BASKET,99,253.79,2.60775,31-01-2010,20-04-2011,40,3,3,0.073825503,0.22247191,149,11,138,445
84462,3 PINK HEN+CHICKS IN BASKET,100,114.86,1.326428571,02-02-2010,14-04-2011,14,2,7.692307692,0,0.228832952,100,0,100,437
84464,S/60 PINK FLUFFY CHICKS IN BOX,82,179.1,2.495454545,08-01-2010,19-02-2010,11,2,9.111111111,0,1.906976744,86,0,86,43
84465,15 PINK FLUFFY CHICKS IN BOX,32,96.51,3.04173913,03-02-2010,04-11-2011,23,1,1.391304348,0,0.05,27,0,27,640
84466,TOP SECRET PEN SET,1256,1348.36,1.640410959,01-12-2009,14-07-2011,73,1,25.63265306,0.355734767,2.125211506,1116,397,719,591
84467,ENGLISH ROSE DESIGN QUILTED THROW,816,17477.66,24.04060241,06-12-2009,27-07-2010,83,4,18.54545455,0.002484472,3.487179487,805,2,803,234
84469,ROSE DES PADDED FLOOR CUSHION,664,2249.41,5.513863636,04-12-2009,24-03-2010,44,4,23.71428571,0,5.981981982,602,0,602,111
84472,PINK AND LILAC QUILTED THROW ,87,3402.32,46.424,01-12-2009,11-05-2010,30,3,3.48,0.036585366,0.537037037,82,3,79,162
84482,BUTTONS DESIGN JEWELLERY BOX,75,293.02,4.106666667,06-12-2009,03-10-2010,32,1,2.678571429,0.588235294,0.248344371,17,10,7,302
84493,BLUE/PINK NEST STRIPE BOX,1142,111.12,1.562,13-06-2010,27-09-2010,5,2,228.4,0.526462396,10.6728972,1077,567,510,107
84497,BUTTONS AND STRIPES NOTEBOOK ,97,387.13,4.151025641,02-12-2009,15-11-2011,37,1,2.771428571,0,0.135854342,216,0,216,714
84499,BLACK FLOWER CANDLE PLATE,326,272.17,1.238780488,16-12-2009,04-01-2011,41,1,8.810810811,0,0.846753247,273,0,273,385
84522,PINK PARTY SUNGLASSES,186,311.86,1.859615385,07-12-2009,22-11-2011,26,3,7.153846154,0,0.259776536,157,0,157,716
84526,GIANT BLACK SUNGLASSES,538,1503.64,2.112058824,02-12-2009,18-11-2010,34,1,16.8125,0,1.528409091,575,0,575,352
84527,FLAMES SUNGLASSES PINK LENSES,77,146.11,2.116086957,30-03-2010,25-11-2011,22,1,3.666666667,0,0.127062706,79,0,79,606
84539,KNITTED RABBIT DOLL ,55,90.75,1.65,07-12-2009,10-07-2011,11,1,5,0,0.094664372,74,0,74,581
84546,CROCHET POODLE KEYRING,21,34.65,1.65,01-03-2010,14-07-2010,3,3,7,0,0.154411765,-24,0,-24,136
84548,CROCHET BEAR RED/BLUE  KEYRING,48,79.2,1.65,03-12-2009,08-07-2011,13,2,3.692307692,0,0.082332762,-10,0,-10,583
84549,CROCHET WHITE RABBIT KEYRING ,75,137.27,2.368125,08-12-2009,08-11-2011,16,2,4.6875,0,0.106990014,75,0,75,701
84550,CROCHET LILAC/RED BEAR KEYRING,15,24.75,1.65,11-12-2009,25-11-2011,5,1,3,0,0.020979021,15,0,15,715
84551,CROCHET DOG KEYRING,39,64.35,1.65,08-12-2009,06-10-2011,8,1,4.875,0,0.058383234,39,0,39,668
84564,6 SEGMENT COLOURED SNACK BOWL ,21,175.48,8.725454545,08-12-2009,09-06-2010,11,2,1.909090909,0,0.114130435,13,0,13,184
84567,FROSTED GLASS WITH SILVER SURROUND,9,14.85,1.65,20-01-2010,20-01-2010,1,1,9,0,9,8,0,8,1
84568,GIRLS ALPHABET IRON ON PATCHES ,37066,7788.67,0.373387097,01-12-2009,09-12-2011,310,8,166.2152466,0.022424431,50.15696888,38574,865,37709,739
84572,6 HOOK JEWEL STAND LILAC DRESS,1,8.49,8.49,02-12-2009,02-12-2009,1,1,1,0,1,0,0,0,1
84576,BLUE CAT BISCUIT BARREL PINK HEART,96,337.04,4.8925,06-12-2009,20-07-2011,32,3,3.310344828,0,0.162162162,83,0,83,592
84578,ELEPHANT TOY WITH BLUE T-SHIRT,222,854.91,3.868596491,01-12-2009,09-04-2010,112,2,3.46875,0,1.707692308,171,0,171,130
84580,MOUSE TOY WITH PINK T-SHIRT,1057,4051.94,3.876792873,01-12-2009,08-12-2011,442,10,3.802158273,0.003683241,1.432249322,1086,4,1082,738
84581,DOG TOY WITH PINK CROCHET SKIRT,506,1920.02,3.848262712,03-12-2009,04-12-2011,234,8,2.608247423,0,0.691256831,470,0,470,732
84582,PINK CROCHET CAT WITH SCARF,14,59.5,4.25,01-12-2009,26-03-2010,11,1,1.75,0,0.120689655,11,0,11,116
84584,PINK GINGHAM CAT WITH SCARF,282,696.75,2.8196,03-12-2009,10-07-2011,75,8,4.028571429,0,0.482051282,229,0,229,585
84592,CROCHET ROSE PURSE WITH SUEDE BACK,173,536.4,3.443829787,06-12-2009,30-11-2011,47,4,3.680851064,0,0.23862069,175,0,175,725
84593,CROCHET ROSE DES CLOTHES HANGER,25,73.75,2.95,06-12-2009,07-03-2011,7,1,3.571428571,0,0.054704595,21,0,21,457
84598,BOYS ALPHABET IRON ON PATCHES,20775,4350.14,0.371198157,01-12-2009,09-12-2011,217,6,116.7134831,0.032361369,28.11231394,17799,576,17223,739
84599,CANDY STRIPE ROSE FLOOR CUSHION,15,160.15,12.04,14-01-2010,23-04-2010,6,1,3,0,0.15,-9,0,-9,100
84600,NEW BAROQUE JEWELLERY BOX ,108,918.27,9.616730769,02-12-2009,08-12-2011,52,5,2.204081633,0.027777778,0.146540027,108,3,105,737
84608,ORNATE EDWARDIAN CANDLE HOLDER,6,47.7,7.95,04-12-2009,15-01-2010,4,1,1.5,-0.166666667,0.139534884,-12,2,-14,43
84609,TALL ROCOCO CANDLE HOLDER,143,1289.24,10.88947368,16-12-2009,05-12-2011,38,2,3.864864865,0.017391304,0.198611111,115,2,113,720
84615,PINK ROUND BUTTERFLY MIRROR ,240,748.48,5.614285714,08-12-2009,12-04-2010,21,2,14.11764706,0.163793103,1.904761905,232,38,194,126
84616,SILVER ROCCOCO CHANDELIER,72,1472.62,27.7268,16-12-2009,22-11-2011,25,2,3.272727273,0.066666667,0.101838755,60,4,56,707
84617, NEW BAROQUE BLACK BOXES,11,140.25,12.75,07-12-2009,14-11-2011,7,4,1.571428571,0,0.015536723,11,0,11,708
84619,BLUE GINGHAM ROSE QUILT ,72,1622.96,35.91413793,02-12-2009,03-03-2010,29,3,4,0,0.782608696,65,0,65,92
84620,BLUE GINGHAM ROSE CUSHION COVER,121,746.61,6.5352,02-12-2009,15-12-2010,50,4,2.630434783,0,0.319261214,163,0,163,379
84621,BLUE GINGHAM ROSE FLOOR CUSHION ,29,247.26,9.064,14-12-2009,23-04-2010,15,1,1.933333333,0,0.221374046,26,0,26,131
84622,PINK GINGHAM ROSE CUSHION COVER,23,152.6,7.7,01-12-2009,01-02-2010,9,2,3.285714286,-0.1,0.365079365,-10,1,-11,63
84623,PINK GINGHAM ROSE FLOOR CUSHION,56,310.44,8.072142857,02-12-2009,03-03-2010,14,1,4.666666667,0,0.608695652,3,0,3,92
84626,CANDY STRIPE ROSE QUILT,1,45.95,45.95,09-12-2009,09-12-2009,1,1,1,0,1,-2,0,-2,1
84627,CANDY STRIPE ROSE C/COVER ,50,297.5,5.95,03-12-2009,26-09-2010,19,1,2.631578947,0.101265823,0.167785235,79,8,71,298
84629,WHITE 3 FRAME BIRDS AND TREE ,24,237.8,12.79615385,22-02-2010,26-07-2011,13,2,2,0.023809524,0.046153846,42,1,41,520
84630,FLOWERS AND BIRDS WALL PLAQUE,2,15.9,7.95,21-01-2010,21-01-2010,1,1,2,0,2,-36,0,-36,1
84631,FRUIT TREE AND BIRDS WALL PLAQUE,288,1106.16,9.516,16-12-2009,30-06-2011,50,3,6.697674419,0.011673152,0.512455516,257,3,254,562
84632,DECORATIVE HANGING SHELVING UNIT,15,859.25,59.04090909,11-03-2010,21-07-2011,11,3,1.363636364,0.066666667,0.030120482,15,1,14,498
84637,KITCHEN FLOWER POTS WALL PLAQUE,585,1454.49,5.804122807,14-12-2009,23-09-2011,114,6,6.223404255,0,0.901386749,586,0,586,649
84638,SMALL KITCHEN FLOWER POTS PLAQUE,400,1101.55,7.495652174,03-12-2009,20-10-2011,69,4,7.142857143,0,0.58224163,382,0,382,687
84648,NEW BAROQUE WALL MIRROR,1,12.75,12.75,01-12-2009,01-12-2009,1,1,1,0,1,0,0,0,1
84653,GREEN ROSE QUILT ,14,750.48,54.88166667,11-01-2010,24-03-2010,12,1,1.166666667,0,0.191780822,2,0,2,73
84656,WHITE ROSE C/COVER,22,130.9,5.95,01-12-2009,20-05-2010,13,1,1.692307692,0,0.128654971,20,0,20,171
84657,GREEN ROSE CUSHION COVER,246,517.48,4.499,18-12-2009,19-04-2010,20,3,14.47058824,0,2,175,0,175,123
84658,WHITE STITCHED CUSHION COVER,214,1199.66,6.967230769,01-12-2009,06-12-2011,64,6,3.451612903,0,0.29076087,231,0,231,736
84664,CHERRY BLOSSOM BATHROOM CABINET,193,955.35,4.95,09-12-2009,24-10-2010,51,1,8.391304348,0.027472527,0.603125,182,5,177,320
84665,SQUARE CHERRY BLOSSOM CABINET,226,1364.7,6.375531915,09-12-2009,08-11-2011,47,3,6.457142857,0.120930233,0.322857143,215,26,189,700
84666,SQUARE CHERRY BLOSSOM CABINET,226,892.7,3.95,09-12-2009,19-04-2011,33,1,12.55555556,0,0.45472837,221,0,221,497
84670,JAPANESE CROCHETED ANIMAL,5196,2128.72,0.495767196,01-12-2009,22-11-2010,182,7,40.59375,0.031813362,14.55462185,4715,150,4565,357
84674,FLYING PIG WATERING CAN,460,1175.93,3.208691589,08-12-2009,05-12-2011,106,8,4.842105263,0.014957265,0.631868132,468,7,461,728
84675,FROG KING WATERING CAN,206,571.71,3.696129032,03-12-2009,17-01-2011,62,4,4.039215686,0.073394495,0.501216545,109,8,101,411
84676,BATH DUCK WATERING CAN,848,2102.46,3.135545455,03-12-2009,18-08-2010,110,6,11.01298701,0.058263971,3.274131274,841,49,792,259
84678,CLASSICAL ROSE SMALL VASE,565,1108.28,2.886547619,08-12-2009,23-03-2011,81,5,7.739726027,0.018644068,1.199575372,590,11,579,471
84679,CLASSICAL ROSE TABLE LAMP,14,103.3,8.95,02-03-2010,06-12-2011,4,1,3.5,0.071428571,0.021705426,14,1,13,645
84680,CLASSICAL ROSE URN,94,372.3,7.067647059,03-12-2009,05-09-2010,17,3,5.875,0.039215686,0.339350181,51,2,49,277
84682,CLASSICAL ROSE DISH,295,596.94,3.332941176,08-12-2009,27-09-2010,49,1,6.413043478,0.021582734,1.003401361,278,6,272,294
84683,CLASSICAL ROSE CANDLESTAND,537,516.85,1.63755102,02-12-2009,03-05-2011,46,3,12.48837209,0.001798561,1.036679537,556,1,555,518
84684,BEACH HUT PHOTO FRAME,609,720.7,3.28775,01-12-2009,04-06-2010,40,3,18.45454545,0.08125,3.274193548,640,52,588,186
84685,BEACH HUT KEY CABINET,435,1366.17,5.732,02-12-2009,22-05-2011,125,4,4.027777778,0.00913242,0.810055866,438,4,434,537
84686,BEACH HUT MIRROR,389,1027.79,5.956842105,01-12-2009,10-07-2011,76,3,5.805970149,0.052770449,0.662691652,379,20,359,587
84687,BEACH HUT SHELF W 3 DRAWERS,314,1208.06,6.919315068,03-12-2009,13-11-2011,73,6,4.90625,0.022222222,0.441631505,315,7,308,711
84688,BEACH HUT DESIGN BLACKBOARD,422,1313.52,5.835432099,02-12-2009,12-05-2011,81,4,6.205882353,0.121559633,0.800759013,436,53,383,527
84689,S/2 BEACH HUT TREASURE CHESTS,312,742.9,5.30125,18-12-2009,04-05-2011,40,4,8.666666667,0.05362776,0.62027833,317,17,300,503
84690,S/2 BEACH HUT STOOLS,27,214.65,7.95,02-12-2009,15-08-2010,14,2,1.928571429,0.105263158,0.105058366,19,2,17,257
84691,PACK 20 DOLLY PEGS,2747,2225.5,1.026949153,01-12-2009,31-05-2011,235,9,19.76258993,0.029710145,5.021937843,2760,82,2678,547
84692,BOX OF 24 COCKTAIL PARASOLS,19085,9336.68,0.629745614,02-12-2009,09-12-2011,1122,13,38.55555556,0.010618652,25.8604336,19494,207,19287,738
84715,SET OF 6 ICE CREAM SKITTLES,241,734.89,3.393617021,07-12-2009,13-04-2011,47,5,5.738095238,0,0.488843813,195,0,195,493
84720,DOT MATRIX CANVAS ART PICTURE,35,147.05,6.883333333,03-03-2010,25-03-2010,3,1,17.5,0,1.52173913,35,0,35,23
84721,MANHATTAN CANVAS ART PICTURE,20,87.8,8.35,03-12-2009,04-12-2009,2,1,10,0,10,-22,0,-22,2
84723,CHERRY BLOSSOM CANVAS ART PICTURE,54,201.3,5.95,05-02-2010,08-08-2011,12,1,4.5,0.098360656,0.098181818,61,6,55,550
84725,FREESTYLE CANVAS ART PICTURE,134,216.5,2.115517241,03-12-2009,22-09-2011,29,1,4.962962963,0,0.203338392,127,0,127,659
84726,LILLIES CANVAS PICTURE,233,394.85,2.17,03-03-2010,20-08-2010,5,1,58.25,0,1.362573099,219,0,219,171
84731,3 BIRDS CANVAS SCREEN,3,3.69,1.23,27-04-2010,31-07-2011,3,1,1,0,0.006507592,3,0,3,461
84744,S/6 SEW ON CROCHET FLOWERS,149,188.77,1.326363636,07-12-2009,15-11-2011,31,5,5.137931034,0,0.210155148,169,0,169,709
84746,PINK EASTER HENS+FLOWER,23,72.06,3.105,07-12-2009,20-07-2011,16,1,1.4375,0,0.03891709,28,0,28,591
84748,FOLK FELT HANGING MULTICOL GARLAND,1170,1781.12,3.446808511,18-12-2009,29-11-2011,93,3,16.95652174,0,1.643258427,1122,0,1122,712
84754,S/15 SILVER GLASS BAUBLES IN BAG,2083,2634.59,1.552723214,01-12-2009,23-09-2011,218,4,16.4015748,0.074074074,3.14652568,1971,146,1825,662
84755,COLOUR GLASS T-LIGHT HOLDER HANGING,40439,25205.13,0.82769835,01-12-2009,09-12-2011,1259,13,82.52857143,0.017850584,54.72124493,40839,729,40110,739
84757,ENCHANTED GARDEN WROUGHT IRON TABLE,5,74.75,14.95,16-05-2010,06-06-2010,4,1,1.25,0,0.227272727,11,0,11,22
84761,IVORY HANGING BIRD PLANTER ,276,768.85,3.122295082,03-12-2009,16-09-2010,61,3,5.20754717,0.029850746,0.958333333,268,8,260,288
84763,ZINC FINISH 15CM PLANTER POTS,1517,1903,1.407660819,03-12-2009,27-05-2011,170,3,10.53472222,0,2.804066543,1483,0,1483,541
84765,SILVER ROCOCO CANDELABRA,9,140.23,16.99666667,02-12-2009,16-03-2010,6,1,1.5,-0.111111111,0.085714286,-18,2,-20,105
84766,SILVER ROCOCO CANDLE STICK,200,638,4.57962963,14-01-2010,03-11-2011,27,2,8.333333333,0.097560976,0.303490137,164,16,148,659
84767,ZINC POLICE BOX LANTERN,195,806.22,7.395,01-12-2009,14-03-2010,6,2,32.5,0,1.875,184,0,184,104
84770,ROUND GEORGIAN SILVER MIRROR,135,419.25,3.825,28-02-2010,08-04-2010,16,1,15,0.455445545,3.375,101,46,55,40
84773,RED ROSE AND LACE C/COVER,190,560.5,2.95,01-12-2009,05-12-2010,48,3,4.418604651,0.010928962,0.513513514,183,2,181,370
84789,ENCHANTED BIRD PLANT CAGE,445,1558.39,4.017177419,06-12-2009,21-07-2011,124,3,4.32038835,0.017897092,0.750421585,447,8,439,593
84791,GINGHAM HEART DECORATION,334,1086.13,3.791320755,01-12-2009,20-07-2010,106,3,4.337662338,0.017291066,1.439655172,347,6,341,232
84792,ENCHANTED BIRD COATHANGER 5 HOOK,2297,10119.51,5.25756238,01-12-2009,08-12-2011,519,11,6.716374269,0.030511388,3.112466125,2327,71,2256,738
84799,SPRIG LAVENDER ARTIFICIAL FLOWER,678,528.78,1.035806452,21-01-2010,14-04-2011,31,3,23.37931034,0.18018018,1.510022272,333,60,273,449
84807,RED POPPY ARTIFICIAL FLOWER,233,215.93,1.541428571,07-01-2010,14-05-2010,7,1,33.28571429,0,1.8203125,13,0,13,128
84813,SET OF 4 DIAMOND NAPKIN RINGS,422,3300.76,11.60474747,01-12-2009,06-12-2011,99,2,5.146341463,0.002347418,0.573369565,426,1,425,736
84815,SET OF 3 DANISH ROSE PLANTERS,926,1183.82,5.38509434,10-12-2009,15-06-2010,53,9,19.29166667,0,4.925531915,930,0,930,188
84816,DANISH ROSE BEDSIDE CABINET,33,1278.35,39.45,21-12-2009,19-08-2011,20,3,1.65,0.75,0.054365733,12,9,3,607
84817,DANISH ROSE DECORATIVE PLATE,1059,937.44,1.634625,08-02-2010,08-12-2011,79,9,15.12857143,0.040604344,1.582959641,1059,43,1016,669
84818,DANISH ROSE PHOTO FRAME,1788,2382.25,2.040794393,02-12-2009,30-10-2011,214,9,10.70658683,0.062209302,2.561604585,1720,107,1613,698
84819,DANISH ROSE ROUND SEWING BOX,908,1368.26,2.969368421,06-12-2009,09-12-2011,95,12,12.78873239,0.004376368,1.237057221,914,4,910,734
84820,DANISH ROSE TRINKET TRAYS,323,899.37,5.308518519,19-01-2010,08-12-2011,54,10,6.46,0.018461538,0.468795356,325,6,319,689
84821,DANISH ROSE DELUXE COASTER,1318,742.5,0.797333333,22-12-2009,08-12-2011,74,7,19.96969697,0.009022556,1.838214784,1330,12,1318,717
84823,DANISH ROSE FOLDING CHAIR,120,1210,12.3637931,26-04-2010,07-02-2011,29,4,7.5,0.008474576,0.416666667,118,1,117,288
84824,DANISH ROSE UMBRELLA STAND,38,676.45,18.4484375,14-12-2009,20-11-2011,32,3,1.310344828,0.029411765,0.053748232,34,1,33,707
84826,ASSTD DESIGN 3D PAPER STICKERS,1734,869.08,0.655849057,06-12-2009,07-12-2011,51,6,39.40909091,0.008365284,2.368852459,14345,120,14225,732
84827,ASS DES PHONE SPONGE CRAFT STICKER,1027,489.79,0.554516129,08-12-2009,05-12-2011,29,4,39.5,0,1.410714286,1093,0,1093,728
84828,JUNGLE POPSICLES ICE LOLLY HOLDERS,2503,3315.18,1.620704225,02-12-2009,09-12-2011,353,14,10.09274194,0.014280048,3.391598916,2521,36,2485,738
84830,LARGE ENGLISH ARBORETUM,113,1195.15,15.35714286,05-12-2009,07-03-2010,7,1,16.14285714,0.027272727,1.215053763,110,3,107,93
84832,ZINC WILLIE WINKIE  CANDLE STICK,6794,6134.7,1.083026521,01-12-2009,09-12-2011,630,15,19.1920904,0.00173913,9.193504736,6900,12,6888,739
84836,ZINC METAL HEART DECORATION,19847,24289.33,1.377442509,01-12-2009,08-12-2011,1408,13,37.30639098,0.005036788,26.89295393,20251,102,20149,738
84837,WHITE SWEETHEARTS CABINET 4 DRAWERS,251,3210.04,13.42888889,01-12-2009,02-08-2010,143,2,2.367924528,0,1.024489796,214,0,214,245
84838,ANT WHITE HIGH RISE BIRD BOX,50,312.5,7.875,18-12-2009,12-01-2010,4,1,16.66666667,0,1.923076923,45,0,45,26
84839,SWEETHEART KEY CABINET,1523,8747.05,7.216472081,01-12-2009,26-10-2010,393,7,8.144385027,0.008016032,4.615151515,1497,12,1485,330
84840,SWEETHEART CARRY-ALL BASKET,282,2430.82,9.002642857,02-05-2010,25-03-2011,140,4,2.907216495,0.021551724,0.859756098,232,5,227,328
84842,HELLO SAILOR BATHROOM SET,1505,744.15,4.434571429,07-12-2009,27-11-2011,35,2,44.26470588,0.481605351,2.087378641,1495,720,775,721
84843,WHITE SOAP RACK WITH 2 BOTTLES,280,1731.06,7.07972973,07-12-2009,07-12-2011,110,8,2.886597938,0.007067138,0.383036936,283,2,281,731
84847,FLORAL BATHROOM SET,2330,1149.73,4.466122449,14-12-2009,01-08-2011,49,3,50.65217391,0.481449525,3.909395973,2318,1116,1202,596
84854,GIRLY PINK TOOL SET,381,2079.47,6.568198198,01-12-2009,01-12-2010,110,7,4.948051948,0.00310559,1.040983607,322,1,321,366
84855,BLOKEY SILVER TOOL SET,36,196.7,5.875,01-12-2009,11-07-2010,15,1,3.272727273,0,0.161434978,-50,0,-50,223
84865,NEW BAROQUE BLACK PHOTO ALBUM,77,639.42,9.396666667,22-12-2009,01-07-2011,48,4,1.790697674,0,0.138240575,59,0,59,557
84869,CANDY BUTTON PHOTO ALBUM,302,703.54,5.044615385,09-12-2009,23-04-2010,26,2,12.58333333,0,2.220588235,289,0,289,136
84879,ASSORTED COLOUR BIRD ORNAMENT,80082,129324.49,1.85903441,01-12-2009,09-12-2011,2807,19,137.5979381,0.006291864,108.3653586,81216,511,80705,739
84880,WHITE WIRE EGG HOLDER,1729,9894.99,6.727161804,03-12-2009,07-12-2011,375,6,7.086065574,0.007214206,2.352380952,1802,13,1789,735
84881,BLUE WIRE SPIRAL CANDLE HOLDER,52,342.94,6.880833333,28-01-2010,17-07-2011,24,2,2.166666667,0.03125,0.097014925,32,1,31,536
84882,GREEN WIRE STANDING CANDLE HOLDER,66,289.43,4.704166667,03-12-2009,30-11-2011,36,1,1.941176471,0,0.090659341,68,0,68,728
84886,BLUE METAL WALL SHELF,12,119.4,9.95,28-01-2010,01-07-2010,9,1,1.333333333,0,0.077419355,17,0,17,155
84893,ANT WHITE IRON BASKET,33,186.35,5.883333333,06-12-2009,01-03-2010,15,2,2.2,0,0.38372093,17,0,17,86
84901,BLACK FACE LAMB WITH PANTS,123,471.13,3.859459459,01-12-2009,20-10-2010,74,1,1.983870968,0,0.37962963,106,0,106,324
84902,PINK KNITTED COW STUFFED TOY,84,326.33,3.930377358,01-12-2009,04-07-2010,53,1,2,0,0.388888889,23,0,23,216
84905,PINK BUTTERFLY C/COVER ,269,1007.91,5.029047619,16-12-2009,29-06-2011,105,2,3.240963855,0,0.479500891,264,0,264,561
84906,PINK B'FLY C/COVER W BOBBLES,66,307.47,5.32,03-12-2009,23-05-2011,21,3,3.142857143,0.014705882,0.122905028,68,1,67,537
84907,PINK/YELLOW PATCH CUSHION COVER,391,999.17,6.622222222,02-12-2009,21-09-2011,36,2,11.84848485,0.016216216,0.593323217,370,6,364,659
84915,HAND TOWEL PINK FLOWER AND DAISY,234,459.56,4.340810811,30-03-2010,06-12-2011,37,4,6.882352941,0,0.379254457,241,0,241,617
84916,HAND TOWEL PALE BLUE W FLOWERS,261,646.43,4.468965517,04-12-2009,04-05-2011,58,4,5.117647059,0,0.50483559,235,0,235,517
84917,WHITE HAND TOWEL WITH BUTTERFLY,229,686.03,4.334150943,07-01-2010,26-05-2011,53,3,5.088888889,0,0.453465347,175,0,175,505
84918,CREAM C/COVER W YELLOW/GREEN FLOWER,208,995.12,6.064920635,06-12-2009,27-09-2010,63,2,4.078431373,0.010309278,0.702702703,194,2,192,296
84919,L BLUE C/COVER W PINK/YELLOW FLOWER,291,1619.84,6.965581395,09-12-2009,21-09-2011,43,3,7.461538462,0.627737226,0.446319018,274,172,102,652
84920,PINK FLOWER FABRIC PONY,201,805.38,4.446590909,01-12-2009,08-12-2011,88,6,2.68,0,0.272357724,178,0,178,738
84921,CREAM AND PINK FLOWERS PONY ,27,101.25,3.75,13-12-2009,19-10-2011,14,1,1.928571429,0,0.039940828,65,0,65,676
84922,PINK BUTTERFLY WASHBAG,342,808.22,5.865882353,03-12-2009,02-12-2011,17,1,20.11764706,0,0.468493151,373,0,373,730
84923,PINK BUTTERFLY HANDBAG W BOBBLES,234,1017.64,4.34,04-02-2010,09-12-2011,150,1,2.034782609,0,0.347181009,248,0,248,674
84929,ASSTD FRUIT+FLOWERS FRIDGE MAGNETS,3096,1007.52,0.366666667,01-12-2009,24-11-2011,93,9,37.75609756,0.111514711,4.276243094,2753,307,2446,724
84934,ASSTD DESIGN POP ART SLIM PEN,687,586.5,0.915384615,01-12-2009,09-04-2010,13,4,57.25,-0.000796813,5.284615385,-1255,1,-1256,130
84937,KASHMIR FOLKART TUMBLERS,2542,5394.54,4.99016129,01-12-2009,07-05-2010,124,6,33.01298701,0.010005559,16.08860759,1799,18,1781,158
84942,KASHMIR FOLKART HEART DISHES,3,5.07,1.69,16-12-2009,24-01-2010,3,1,1,0,0.075,-4,0,-4,40
84944,SET OF 6 KASHMIR FOLKART BAUBLES,1135,3153.88,3.858520408,01-12-2009,04-11-2011,194,8,9.303278689,0.050379198,1.612215909,1846,93,1753,704
84945,MULTI COLOUR SILVER T-LIGHT HOLDER,21605,17746.71,1.077181818,04-12-2009,09-12-2011,653,12,63.92011834,0.006897771,29.35461957,22616,156,22460,736
84946,ANTIQUE SILVER TEA GLASS ETCHED,36696,49210.4,1.532495803,01-12-2009,09-12-2011,1769,10,68.08163265,0.011901009,49.65629229,38064,453,37611,739
84947,ANTIQUE SILVER TEA GLASS ENGRAVED,15810,18744.17,1.442034384,02-12-2009,09-12-2011,680,5,42.16,0.002342353,21.42276423,16223,38,16185,738
84948,SILVER HANGING T-LIGHT HOLDER DOME,273,459.21,1.790540541,01-12-2009,11-05-2010,36,3,9.75,0.016064257,1.685185185,249,4,245,162
84949,SILVER HANGING T-LIGHT HOLDER,11945,19015.8,1.82688478,01-12-2009,08-12-2011,693,7,31.02597403,0.042731564,16.18563686,12286,525,11761,738
84950,ASSORTED COLOUR T-LIGHT HOLDER,6041,4199.27,0.911381818,01-12-2009,08-12-2011,274,8,27.96759259,0.007269081,8.185636856,7979,58,7921,738
84962,SET/3 COLOUR PAINTED KASHMIRI STOOL,3,179.85,59.95,22-02-2010,19-05-2010,2,1,1.5,0,0.034482759,1,0,1,87
84969,ASSORTED COLOUR SET 6 TEASPOONS,969,4279.93,4.862199413,02-12-2009,06-12-2011,341,13,3.971311475,0.005257624,1.318367347,951,5,946,735
84974,S/2 ZINC HEART DESIGN PLANTERS,89,879.55,9.932758621,06-01-2010,01-11-2011,57,1,1.679245283,0.010869565,0.133834586,92,1,91,665
84975,HEART SHAPED MIRROR,1990,3266.4,2.030934579,01-12-2009,08-12-2010,212,5,14.31654676,0.004083485,5.335120643,2204,9,2195,373
84976,RECTANGULAR SHAPED MIRROR,674,722.76,1.693928571,09-12-2009,08-12-2011,56,6,13.21568627,0.022988506,0.923287671,609,14,595,730
84977,WIRE FLOWER T-LIGHT HOLDER,223,281.33,1.308636364,01-12-2009,18-03-2011,44,2,5.575,0,0.471458774,273,0,273,473
84978,HANGING HEART JAR T-LIGHT HOLDER,21689,28475.96,1.512680556,04-12-2009,09-12-2011,1425,9,41.15559772,0.016788355,29.46875,21503,361,21142,736
84987,SET OF 36 TEATIME PAPER DOILIES,8138,11864.15,1.806102941,01-12-2009,05-12-2011,812,18,18.57990868,0.008584744,11.07210884,8154,70,8084,735
84988,SET OF 72 PINK HEART PAPER DOILIES,8305,12913.24,2.097966764,01-12-2009,08-12-2011,1019,20,17.33820459,0.005612066,11.25338753,11404,64,11340,738
84990,60 GOLD AND SILVER FAIRY CAKE CASES,4248,2062.19,0.644773869,01-12-2009,08-05-2011,193,4,31.46666667,0.006367737,8.106870229,3769,24,3745,524
84991,60 TEATIME FAIRY CAKE CASES,54028,27041.21,0.664437816,01-12-2009,09-12-2011,2127,22,96.65116279,0.006396666,73.10960758,54716,350,54366,739
84992,72 SWEETHEART FAIRY CAKE CASES,34797,17259.85,0.687197071,01-12-2009,08-12-2011,1460,20,67.17567568,0.011569502,47.1504065,35438,410,35028,738
85006,SET 4 NURSERY DES ROUND BOXES,3049,1289.31,2.546756757,01-12-2009,27-04-2011,37,6,82.40540541,0.494156928,5.943469786,2995,1480,1515,513
85007,SET OF 3 VINTAGE TEA TIME BOXES,143,399.62,4.180454545,02-12-2009,02-03-2010,21,3,9.533333333,0.023076923,1.571428571,130,3,127,91
85008,SET OF 3 CONEY ISLAND OVAL BOXES,269,1058.72,5.2247,01-12-2009,10-04-2011,99,6,3.127906977,0.008230453,0.54233871,243,2,241,496
85015,SET OF 12  VINTAGE POSTCARD SET,2908,2750,1.835472441,01-12-2009,08-12-2011,254,17,14.76142132,0,3.940379404,2925,0,2925,738
85016,SET OF 6 VINTAGE NOTELETS KIT,1679,2033.33,2.36,01-12-2009,31-05-2011,167,10,12.71969697,0.004250152,3.069469835,1647,7,1640,547
85020,ROUND PINK HEART MIRROR,240,533.48,2.571896552,04-12-2009,05-12-2011,58,3,4.285714286,0,0.327868852,251,0,251,732
85030,FRENCH CHATEAU OVAL PLATTER,211,531.45,5.053448276,15-12-2009,08-04-2011,29,4,8.791666667,0.132352941,0.439583333,204,27,177,480
85038,6 CHOCOLATE LOVE HEART T-LIGHTS,2778,5803.58,2.492030457,01-12-2009,09-12-2011,382,9,11.3852459,0,3.759133965,2905,0,2905,739
85041,SET/4 PINK ORCHID CANDLES IN BOWL,1853,2489.87,1.786421053,01-12-2009,15-07-2010,92,3,29.88709677,0.007486631,8.162995595,1870,14,1856,227
85042,ANTIQUE LILY FAIRY LIGHTS,2685,12234.56,4.98097973,01-12-2009,16-11-2010,292,5,15.79411765,0.066403162,7.64957265,2530,168,2362,351
85043,RED HEART CANDY POP LIGHTS,1,4.95,4.95,04-01-2010,04-01-2010,1,1,1,1.5,1,2,3,-1,1
85044,RED REINDEER STRING OF 20 LIGHTS,149,801.4,6.93025,01-12-2009,22-11-2010,40,1,4.65625,0.056818182,0.417366947,88,5,83,357
85045,GREEN CHRISTMAS TREE STRING 20LIGHT,471,2239.34,5.623176471,01-12-2009,02-11-2011,83,3,7.476190476,0.024096386,0.670940171,498,12,486,702
85047,WHITE BEADED GARLAND STRING 20LIGHT,1051,6664.33,7.060333333,01-12-2009,27-01-2011,236,4,7.453900709,0.082795699,2.48463357,930,77,853,423
85048,15CM CHRISTMAS GLASS BALL 20 LIGHTS,2685,21201.13,9.155689655,01-12-2009,09-12-2011,517,7,13.62944162,0.035571688,3.633288227,2755,98,2657,739
85050,FRENCH ENAMEL SOAP DISH WITH LID,48,100.8,2.1,11-05-2010,11-05-2010,1,1,48,0,48,67,0,67,1
85053,FRENCH ENAMEL CANDLEHOLDER,2032,4363.28,2.618046875,01-12-2009,09-12-2011,378,12,8.646808511,0.020489755,2.749661705,2001,41,1960,739
85054,FRENCH ENAMEL POT W LID,916,2495.02,3.491153846,01-12-2009,28-11-2011,204,9,5.325581395,0.008781559,1.258241758,911,8,903,728
85055,FRENCH ENAMEL UTENSIL HOLDER,359,1442.94,4.696759259,01-12-2009,18-01-2011,107,5,3.860215054,0,0.867149758,371,0,371,414
85059,FRENCH ENAMEL WATER BASIN,701,2399.89,4.293896714,01-12-2009,09-12-2011,211,5,4.19760479,0.014245014,0.948579161,702,10,692,739
85060,WOOD FAN WITH FLOWER DESIGN,1448,1745.62,1.405909091,04-12-2009,26-07-2010,87,3,21.93939394,0.040084388,6.161702128,948,38,910,235
85062,PEARL CRYSTAL PUMPKIN T-LIGHT HLDR,3886,6363.28,1.797919075,10-12-2009,07-12-2011,342,7,15.12062257,0.002222771,5.337912088,4049,9,4040,728
85063,CREAM SWEETHEART MAGAZINE RACK,308,5426.74,18.89911111,01-12-2009,18-11-2010,180,6,2.524590164,0.224489796,0.872521246,294,66,228,353
85064,CREAM SWEETHEART LETTER RACK,1595,7493.06,6.164802867,01-12-2009,27-01-2011,279,6,10.56291391,0.002366864,3.770685579,1690,4,1686,423
85065,CREAM SWEETHEART TRAYS,620,7524.44,13.5696875,02-12-2009,29-10-2010,256,5,3.924050633,0.057507987,1.86746988,626,36,590,332
85066,CREAM SWEETHEART MINI CHEST,3091,38599.98,14.09506397,01-12-2009,09-12-2011,929,13,6.778508772,0.034614163,4.182679296,3149,109,3040,739
85067,CREAM SWEETHEART WALL CABINET,496,8201.99,20.3275,01-12-2009,13-01-2011,175,6,3.757575758,0.022494888,1.212713936,489,11,478,409
85068,CREAM SWEETHEART SHELF + HOOKS,960,6647.24,8.652512563,01-12-2009,15-11-2010,197,8,8.067226891,0.00522466,2.742857143,957,5,952,350
85069,CREAM SWEETHEART DOUBLE SHELF,3,50.85,16.95,11-12-2009,11-12-2009,1,1,3,6,3,1,6,-5,1
85070,ANT WHITE SWEETHEART TABLE W 3 DRAW,3,320,106.6666667,16-05-2010,26-07-2010,3,1,1,0.2,0.041666667,5,1,4,72
85072,OCCASIONS GIFT CARD ASSORTMENT,120,66,0.55,10-12-2009,10-12-2009,1,1,120,0,120,120,0,120,1
85077,KISSING REINDEER TABLE RUNNER,1,5.95,5.95,22-12-2009,22-12-2009,1,1,1,0,1,-1,0,-1,1
85078,SCANDINAVIAN 3 HEARTS NAPKIN RING,2258,1052.02,1.496890244,03-12-2009,02-11-2011,162,5,18.35772358,0.000692521,3.225714286,1444,1,1443,700
85079,EMBROIDERED REINDEER DECORATION,23,32.25,1.414444444,03-12-2009,23-12-2009,8,1,3.285714286,0,1.095238095,12,0,12,21
85080,PADDED RED HEART DECORATION,113,55.76,0.533181818,02-12-2009,26-09-2010,22,1,5.947368421,0,0.377926421,59,0,59,299
85081,PADDED HOLLY CHRISTMAS DECORATION ,104,46.17,0.457727273,09-12-2009,07-10-2010,21,1,5.777777778,0,0.343234323,69,0,69,303
85083,KISS REINDEER SCANDINAVIAN STOCKING,5,12.75,2.55,03-12-2009,10-12-2009,2,1,2.5,0.5,0.625,12,6,6,8
85084,HOLLY TOP CHRISTMAS STOCKING,682,681.4,1.066896552,08-12-2009,21-12-2010,84,2,13.37254902,0,1.799472296,639,0,639,379
85087,CANDY SPOT CUSHION COVER,420,1392.64,3.629315068,04-12-2009,07-10-2011,146,5,3.853211009,0.004938272,0.624071322,405,2,403,673
85088,CANDY SPOT HAND BAG,347,723.85,2.342405063,02-12-2009,30-11-2011,78,8,4.957142857,0.011527378,0.475994513,347,4,343,729
85089,CANDY SPOT BUNNY,99,317.54,3.901,02-12-2009,17-11-2011,29,4,3.666666667,0,0.138268156,81,0,81,716
85090,CANDY SPOT APRON,106,559.28,5.879259259,01-12-2009,24-11-2010,53,4,2.465116279,-4,0.295264624,-2,8,-10,359
85091,CANDY SPOT BREAD BASKETS,343,548.81,5.513,14-12-2009,15-08-2010,20,2,20.17647059,0.049562682,1.4,343,17,326,245
85092,CANDY SPOT TEA COSY,391,622.57,4.058333333,11-01-2010,20-02-2011,24,3,17,0.062827225,0.963054187,382,24,358,406
85093,CANDY SPOT EGG WARMER HARE,1361,1091.21,1.19254902,07-12-2009,03-11-2011,152,6,12.15178571,0.002201027,1.952654232,1363,3,1360,697
85094,CANDY SPOT EGG WARMER RABBIT,760,360.99,0.836666667,15-12-2009,09-12-2011,108,4,9.268292683,0.001310616,1.048275862,763,1,762,725
85095,THREE CANVAS LUGGAGE TAGS,174,259.09,1.795918367,19-08-2010,05-12-2011,49,4,4.35,0,0.367088608,175,0,175,474
85096,HILDA CANDY SPOT RABBIT,164,676.92,4.500895522,04-12-2009,05-12-2011,66,3,2.5625,0.006410256,0.224043716,156,1,155,732
85103, SILVER T-LIGHT SETTING,317,2153.43,7.735057471,02-12-2009,19-07-2011,87,2,4.283783784,0.160278746,0.532773109,287,46,241,595
85104,SILVER GLASS T-LIGHT SET,351,1024.49,3.130338983,01-12-2009,06-12-2011,56,1,7.02,2,0.476902174,4,8,-4,736
85106,CUT GLASS HEXAGON T-LIGHT HOLDER,1190,2271.24,2.422,08-12-2009,28-11-2011,59,1,22.88461538,0,1.650485437,666,0,666,721
85107,CUT GLASS T-LIGHT HOLDER OCTAGON,1203,2274.79,2.426944444,02-12-2009,06-12-2011,70,1,19.40322581,0,1.636734694,1670,0,1670,735
85109,PINK BOUDOIR T-LIGHT HOLDER,4211,475.43,0.787,11-12-2009,19-12-2010,20,3,233.9444444,0.462793572,11.25935829,4045,1872,2173,374
85110,BLACK SILVER FLOWER T-LIGHT HOLDER,11520,1138.04,0.666521739,10-12-2009,27-09-2010,23,2,548.5714286,0.438795055,39.45205479,11486,5040,6446,292
85111,SILVER GLITTER FLOWER VOTIVE HOLDER,2907,954.15,0.755897436,02-12-2009,08-12-2011,77,2,43.3880597,0.051172708,3.944369064,2814,144,2670,737
85112,S/3 TEAR DROP CUT GLASS DECORATION,465,412.77,1.655,01-12-2009,07-02-2010,34,1,25.83333333,0,6.739130435,90,0,90,69
85113,POLKA DOT PISTACHIO PAIL,285,591.66,2.310612245,02-12-2009,19-08-2010,48,4,7.5,0,1.091954023,229,0,229,261
85116,BLACK CANDELABRA T-LIGHT HOLDER,1817,2206.24,1.560054945,01-12-2009,14-10-2011,181,6,13.07194245,0.014705882,2.660322108,2040,30,2010,683
85117,NIGHTINGALE COATHOOK WHITE,347,594.32,2.226721311,05-12-2009,04-05-2010,61,2,7.711111111,0,2.298013245,278,0,278,151
85118,HEART T-LIGHT HOLDER,2054,1133.68,1.246666667,07-12-2009,17-01-2011,81,3,29.76811594,0.098995696,5.046683047,2091,207,1884,407
85119,WATERING CAN SINGLE HOOK PISTACHIO,413,567.48,1.717,15-12-2009,07-12-2010,39,4,11.16216216,0.044198895,1.153631285,362,16,346,358
85125,SMALL ROUND CUT GLASS CANDLESTICK,309,1479.51,5.313709677,01-12-2009,27-11-2011,62,3,5.618181818,0.015625,0.425034388,256,4,252,727
85126,LARGE ROUND CUTGLASS CANDLESTICK,156,1069.16,7.094,01-12-2009,21-12-2010,34,3,4.588235294,0.086956522,0.404145078,115,10,105,386
85127,SMALL SQUARE CUT GLASS CANDLESTICK,276,1710.67,6.974634146,01-12-2009,05-12-2011,81,3,3.833333333,0.017123288,0.375510204,292,5,287,735
85128,PLANTPOT SINGLE HOOK PISTACHIO,167,188.95,2.4125,04-12-2009,12-01-2010,4,1,41.75,0,4.175,156,0,156,40
85141,JARDIN ETCHED GLASS FRUITBOWL,182,1286.44,8.083424658,15-12-2009,16-06-2011,71,3,3.137931034,0.058823529,0.33151184,187,11,176,549
85142,JARDIN ETCHED GLASS GINGER JAR,57,502.58,9.403823529,06-12-2009,08-07-2010,34,2,1.727272727,-0.027027027,0.265116279,-37,1,-38,215
85144,JARDIN ETCHED GLASS BUTTER DISH,287,1046.85,5.311111111,06-12-2009,03-05-2011,70,4,4.783333333,0.007905138,0.558365759,253,2,251,514
85145,JARDIN ETCHED GLASS LARGE BELL JAR,91,809.05,9.403333333,17-12-2009,28-04-2011,30,1,3.5,0.02970297,0.182730924,101,3,98,498
85146,JARDIN ETCHED GLASS SMALL BELL JAR,118,599.38,5.614516129,26-03-2010,07-04-2011,29,1,4.37037037,0,0.312169312,126,0,126,378
85147,JARDIN ETCHED GLASS CANDLEHLDR LONG,61,301.95,4.95,01-12-2009,02-05-2010,16,1,4.357142857,0.040816327,0.39869281,49,2,47,153
85150,LADIES & GENTLEMEN METAL SIGN,8361,20237.72,3.000242152,01-12-2009,09-12-2011,1110,13,19.04555809,0.003152662,11.31393775,8247,26,8221,739
85151,WELCOME METAL SIGN,44,55,1.25,02-12-2009,14-12-2009,8,1,8.8,0,3.384615385,56,0,56,13
85152,HAND OVER THE CHOCOLATE   SIGN ,16373,31483.7,2.301019022,01-12-2009,09-12-2011,1460,11,31.91617934,0.006186451,22.1556157,16326,101,16225,739
85157,SET OF 2 CHESTS CHOCOLAT AU LAIT,1,12.72,12.72,13-01-2010,13-01-2010,1,1,1,0,1,1,0,1,1
85161,ACRYLIC GEOMETRIC LAMP,51,863.85,18.25212121,10-12-2009,27-11-2011,32,3,1.7,0.083333333,0.071030641,24,2,22,718
85165,CANDY PINK FRENCH BOUDOIR CLOCK,90,872.76,10.22137931,02-12-2009,21-06-2010,58,2,1.8,0,0.445544554,83,0,83,202
85171,S/2 HYACINTH BULB CANDLES,1,2.55,2.55,07-12-2009,07-12-2009,1,1,1,0,1,-1,0,-1,1
85172,HYACINTH BULB T-LIGHT CANDLES,4271,2274.56,1.224052288,01-12-2009,06-12-2011,150,6,32.85384615,0.062220415,5.80298913,2459,153,2306,736
85173,SET/6 FROG PRINCE T-LIGHT CANDLES,1018,1826.07,2.90589404,03-12-2009,09-12-2011,150,4,8.209677419,0.00489716,1.381275441,1021,5,1016,737
85174,S/4 CACTI CANDLES,1459,7193.46,6.645643836,01-12-2009,09-12-2011,357,8,5.906882591,0.091916558,1.974289581,1534,141,1393,739
85175,CACTI T-LIGHT CANDLES,15566,6606.26,1.043738739,01-12-2009,28-11-2011,442,11,54.04861111,0.047911921,21.38186813,13170,631,12539,728
85176,SEWING SUSAN 21 NEEDLE SET,2748,2293,1.137843137,01-12-2009,08-12-2011,306,8,12.05263158,0.005763689,3.723577236,2776,16,2760,738
85177,BASKET OF FLOWERS SEWING KIT,1820,1514.78,0.99034965,02-12-2009,09-12-2011,143,6,14.33070866,0.00054407,2.466124661,1838,1,1837,738
85178,VICTORIAN SEWING KIT,5478,6024.52,1.363103448,01-12-2009,09-12-2011,313,15,25.36111111,0.053482587,7.412719892,5628,301,5327,739
85187,S/12 MINI RABBIT EASTER,479,816.48,1.945535714,13-01-2010,27-11-2011,109,3,5.771084337,0,0.700292398,481,0,481,684
85189,HANGING BUTTERFLY  EGG,1176,967.95,0.940144928,16-12-2009,16-03-2011,68,4,24.5,0.032786885,2.578947368,1098,36,1062,456
85190,PINK FLOWER HANGING HEART ,138,122.46,1.153529412,14-12-2009,17-03-2010,17,1,11.5,-0.260869565,1.468085106,-23,6,-29,94
85195,HANGING HEART BASKET,146,269.44,2.205294118,04-12-2009,16-03-2011,17,3,8.588235294,0.008196721,0.311965812,122,1,121,468
85196,EASTER BUNNIES ON A STICK,1564,831.04,0.875492958,07-12-2009,29-03-2010,71,6,34.75555556,0.009623095,13.84070796,1247,12,1235,113
85197,SET OF 12 MINI BUNNIES IN A BUCKET,1669,959.46,2.059473684,06-12-2009,29-07-2011,74,5,29.80357143,0,2.77703827,1631,0,1631,601
85198,ASSORTED FARMYARD ANIMALS IN BUCKET,3859,1469.5,1.013396226,07-12-2009,18-05-2011,51,5,87.70454545,0,7.308712121,3660,0,3660,528
85200,BUNNY EGG BOX,1045,1319.09,1.353207547,07-12-2009,18-04-2011,105,5,15.36764706,0.011988012,2.098393574,1001,12,989,498
85202,HANGING WOOD AND FELT HEART,1208,570.09,0.580504587,14-12-2009,29-11-2011,208,3,7.411042945,0.019591837,1.687150838,1225,24,1201,716
85203,HANGING WOOD AND FELT BUTTERFLY ,1463,665.91,0.566233766,08-12-2009,05-12-2011,224,5,8.708333333,0,2.009615385,1469,0,1469,728
85204,HANGING WOOD AND FELT FLOWER,2353,460.9,0.396878981,14-12-2009,07-12-2011,154,5,17.69172932,0.00081367,3.25,1229,1,1228,724
85208,SET/12 FUNKY FELT FLOWER PEG IN BAG,420,836.94,2.154252874,01-12-2009,29-11-2011,87,1,5.526315789,0,0.576131687,407,0,407,729
85211,S/4 GROOVY CAT MAGNETS,306,467.4,2.055128205,01-12-2009,13-10-2011,75,2,4.434782609,0.018796992,0.448680352,266,5,261,682
85212,MINI PAINTED GARDEN DECORATION ,2831,1096.56,0.730578512,02-12-2009,07-12-2011,121,5,26.21296296,0,3.846467391,2872,0,2872,736
85213,MINI  ZINC GARDEN DECORATIONS ,1378,829,1.051,13-12-2009,31-07-2011,80,7,19.4084507,0.000675219,2.312080537,1481,1,1480,596
85214,TUB 24 PINK FLOWER PEGS,514,886.23,1.838362573,06-12-2009,10-08-2011,169,2,3.864661654,0,0.838499184,503,0,503,613
85215,ASSORTED CHEESE FRIDGE MAGNETS,831,643.89,1.687462687,10-12-2009,10-08-2011,66,7,14.08474576,0,1.36453202,571,0,571,609
85216,ASSORTED CAKES FRIDGE MAGNETS,2849,2154.22,2.022819149,01-12-2009,18-11-2011,187,11,20.35,0.020605551,3.967966574,2378,49,2329,718
85217,ASSORTED ICE CREAM FRIDGE MAGNETS,2869,1981.85,1.726242424,01-12-2009,09-09-2010,164,11,24.52136752,0.036226415,10.13780919,2650,96,2554,283
85218,S/5 MINI ICE CREAM FRIDGE MAGNETS,1992,625.2,0.875,14-01-2010,15-02-2010,2,2,996,0.001946788,60.36363636,1541,3,1538,33
85220,SMALL FAIRY CAKE FRIDGE MAGNETS,12236,6875,1.3,02-12-2009,17-02-2010,5,4,2447.2,0.210117057,156.8717949,11960,2513,9447,78
85221,ASSORTED COLOUR SILK COIN PURSE,3558,1685.46,1.024583333,02-12-2009,10-05-2010,47,3,93.63157895,0.054424595,22.2375,2407,131,2276,160
85222,ASSORTED COLOUR SILK COSMETIC PURSE,1406,1579.68,2.218461538,02-12-2009,21-06-2010,50,2,34.29268293,0.008,6.96039604,250,2,248,202
85224,ASSORTED COLOUR SILK GLASSES CASE,2004,1120.96,1.9365625,02-12-2009,23-03-2011,61,1,37.11111111,0,4.201257862,1512,0,1512,477
85225,BLING KEY RING STAND,19,22.5,1.204545455,13-12-2009,07-12-2011,11,1,1.727272727,0,0.026206897,19,0,19,725
85227,SET/6 3D KIT CARDS FOR KIDS,3440,3086.44,1.11222467,01-12-2009,09-12-2011,442,15,12.6007326,0.008443569,4.654939107,3553,30,3523,739
90020,FILIGREE DIAMANTE CHAIN,6,76.23,12.6825,17-12-2009,30-08-2011,4,2,1.5,0,0.009646302,6,0,6,622
90021,LASER CUT MULTI STRAND NECKLACE,5,59.75,11.95,18-08-2010,27-04-2011,4,1,1.25,0,0.019762846,5,0,5,253
90022,EDWARDIAN DROP EARRINGS JET BLACK,37,139.67,3.77875,04-12-2009,08-12-2011,32,2,1.233333333,0.142857143,0.050340136,42,6,36,735
90023,FILIGREE DIAMANTE EARRINGS,31,131.74,4.24952381,01-12-2009,27-11-2011,21,2,1.476190476,0,0.04264099,32,0,32,727
90028,NEW BAROQUE LARGE NECKLACE BLK/WHIT,29,244.79,8.43625,03-12-2009,02-11-2011,24,1,1.208333333,0,0.041428571,32,0,32,700
90029,NEW BAROQUE SMALL NECKLACE BLACK,23,195.14,8.47,06-12-2009,30-08-2011,12,1,1.916666667,0.043478261,0.036334913,23,1,22,633
90031,BILI NUT AND WOOD NECKLACE,52,71.9,3.211111111,15-12-2009,25-11-2011,9,4,5.777777778,0,0.073136428,52,0,52,711
90032,IVORY SHELL HEART NECKLACE,48,271.88,6.118333333,21-01-2010,26-10-2011,24,1,2.086956522,0,0.074534161,48,0,48,644
90033,IVORY SHELL HEART EARRINGS,22,55.88,2.535555556,02-12-2009,29-11-2011,18,1,1.222222222,0,0.03021978,23,0,23,728
90034,WHITE SILVER NECKLACE SHELL GLASS,5,50.48,10.096,02-12-2009,18-04-2011,5,1,1,0,0.009940358,6,0,6,503
90041,PEARL AND CHERRY QUARTZ BRACLET,7,25.67,3.695,09-12-2009,02-12-2011,6,1,1.166666667,0,0.009668508,7,0,7,724
90043,COPPER AND BRASS BAG CHARM,10,54.51,5.785,17-12-2009,17-10-2011,6,1,1.666666667,0,0.014925373,10,0,10,670
90046,WHITE WITH METAL BAG CHARM,13,64.35,4.95,26-03-2010,07-07-2011,7,1,2.166666667,0.153846154,0.02771855,13,2,11,469
90048,GREEN WITH METAL BAG CHARM,31,158.89,5.63,08-12-2009,07-07-2011,8,1,4.428571429,0.322580645,0.05372617,31,10,21,577
90049,IVORY GOLD METAL BAG CHARM,20,114.24,7.49,23-05-2010,23-11-2011,6,1,4,0.35,0.036363636,20,7,13,550
90050,CRACKED GLAZE NECKLACE IVORY,10,70.16,7.06,26-01-2010,09-11-2011,6,1,1.666666667,0.181818182,0.015313936,11,2,9,653
90051,CRACKED GLAZE NECKLACE RED,15,105.72,7.059090909,28-06-2010,09-10-2011,11,1,1.363636364,0,0.031982942,17,0,17,469
90052,CRACKED GLAZE NECKLACE BROWN,7,49.58,7.136,22-12-2009,15-11-2011,5,1,1.4,0,0.010086455,7,0,7,694
90053,CRACKED GLAZE EARRINGS IVORY,10,25.23,2.523,11-01-2010,07-10-2011,10,1,1,0,0.015748031,11,0,11,635
90054,CRACKED GLAZE EARRINGS RED,17,43.02,2.530588235,14-12-2009,08-12-2011,17,1,1,0,0.023448276,19,0,19,725
90055,CRACKED GLAZE EARRINGS BROWN,10,25.28,2.528,11-01-2010,09-12-2011,10,1,1,0,0.014326648,10,0,10,698
90056,CHUNKY CRACKED GLAZE NECKLACE IVORY,19,207.94,11.01357143,08-12-2009,06-12-2011,14,1,1.357142857,0,0.0260631,20,0,20,729
90057,DIAMANTE RING ASSORTED IN BOX.,1804,2675.88,1.79972973,09-12-2009,08-12-2011,37,3,54.66666667,0,2.471232877,1424,0,1424,730
90062,CARNIVAL BRACELET,204,2591.42,12.66018182,01-12-2009,28-04-2011,109,1,2.372093023,0.028846154,0.39688716,208,6,202,514
90068,"RUBY GLASS NECKLACE 42""",2,15,7.5,28-09-2010,18-03-2011,2,1,1,0,0.011627907,2,0,2,172
90069,RUBY GLASS CLUSTER NECKLACE,11,82.5,7.5,10-12-2009,03-11-2011,5,1,2.2,0,0.015850144,11,0,11,694
90070,RUBY GLASS CLUSTER BRACELET,63,385.15,6.216571429,04-12-2009,24-11-2011,35,2,1.96875,0.142857143,0.087378641,63,9,54,721
90071,RUBY GLASS CLUSTER EARRINGS,87,108.99,1.253013699,02-12-2009,05-12-2011,73,1,1.279411765,0,0.11852861,92,0,92,734
90072,RUBY DROP CHANDELIER EARRINGS,44,176.31,4.110666667,02-12-2009,09-12-2011,30,2,1.517241379,0,0.059620596,44,0,44,738
90073,VINTAGE ENAMEL & CRYSTAL EARRINGS,50,250.34,5.029411765,02-12-2009,07-12-2011,34,1,1.470588235,0,0.067934783,52,0,52,736
90074,BLACK DIAMOND CLUSTER NECKLACE,7,64.09,9.19,07-03-2010,28-11-2011,6,1,1.166666667,0,0.011075949,8,0,8,632
90075,MONTANA DIAMOND CLUSTER NECKLACE,10,92.18,9.2075,07-03-2010,24-11-2011,8,2,1.25,0,0.015923567,10,0,10,628
90076,MONTANA DIAMOND CLUSTER EARRINGS,12,33,2.892857143,14-01-2010,24-11-2011,7,2,1.714285714,0.083333333,0.017647059,12,1,11,680
90077,BLACK DIAMOND CLUSTER EARRINGS,5,14.4,2.88,14-12-2009,07-09-2011,5,1,1,0,0.007898894,6,0,6,633
90078,PINK/WHITE GLASS DEMI CHOKER,9,67.64,7.528,16-02-2010,13-12-2010,5,1,1.8,0,0.029900332,9,0,9,301
90079,VINTAGE ENAMEL & CRYSTAL NECKLACE,21,104.77,5.006153846,17-12-2009,09-10-2011,13,1,1.615384615,0,0.031722054,21,0,21,662
90083,CRYSTAL CZECH CROSS PHONE CHARM,52,48.08,1.332666667,03-12-2009,08-12-2011,15,1,3.466666667,0,0.070652174,52,0,52,736
90084,PINK CRYSTAL GUITAR PHONE CHARM,64,54.4,0.85,01-12-2009,06-03-2011,9,1,9.142857143,0.176470588,0.138828633,68,12,56,461
90085,CRYSTAL STILETTO PHONE CHARM,311,275.53,1.181724138,01-12-2009,02-12-2011,29,1,11.96153846,0.473684211,0.424863388,190,90,100,732
90086,CRYSTAL FROG PHONE CHARM,216,182.79,1.421956522,03-03-2010,09-12-2011,46,1,4.8,0,0.333848532,219,0,219,647
90087,CRYSTAL SEA HORSE PHONE CHARM,311,249.56,1.381320755,01-12-2009,08-12-2011,53,2,6.22,0.142045455,0.421409214,352,50,302,738
90088,CRYSTAL KEY+LOCK PHONE CHARM,101,86.7,0.910714286,01-12-2009,25-11-2010,14,1,9.181818182,0.320512821,0.280555556,78,25,53,360
90089,PINK CRYSTAL SKULL PHONE CHARM,104,91.9,1.232692308,03-12-2009,08-12-2011,26,1,4,0,0.141304348,117,0,117,736
90090,PINK CRYSTAL HEART PHONE CHARM,263,227.72,1.0168,01-12-2009,25-11-2010,22,1,14.61111111,0.122516556,0.730555556,302,37,265,360
90091,CRYSTAL DRAGONFLY PHONE CHARM,3,2.55,0.85,10-05-2010,11-10-2010,2,1,1.5,0,0.019354839,7,0,7,155
90092,BLUE CRYSTAL BOOT PHONE CHARM,102,87.51,0.9175,01-12-2009,12-01-2011,10,2,11.33333333,-1.285714286,0.25,-21,27,-48,408
90093,CLEAR CRYSTAL STAR PHONE CHARM,209,165.34,1.0844,01-12-2009,06-12-2011,25,2,9.5,0.128571429,0.283967391,210,27,183,736
90094,NECKLACE+BRACELET SET FRUIT SALAD ,74,187.62,2.535641026,27-06-2010,05-12-2011,38,1,2.176470588,0,0.140417457,172,0,172,527
90095,NECKLACE+BRACELET SET PINK BLOSSOM,8,22.91,3.386666667,08-03-2010,27-06-2010,3,1,2.666666667,0,0.071428571,-22,0,-22,112
90096,NECKLACE+BRACELET SET BLUE BLOSSOM,104,243.61,2.472352941,05-01-2010,13-11-2011,49,1,2.212765957,0,0.15339233,-89,0,-89,678
90098,NECKLACE+BRACELET PINK BUTTERFLY,137,301.28,2.318909091,18-12-2009,25-11-2011,55,3,3.425,0.042553191,0.193502825,141,6,135,708
90099,NECKLACE+BRACELET SET BLUE HIBISCUS,42,129.69,3.2528,07-12-2009,06-12-2011,25,3,1.75,0,0.057534247,30,0,30,730
90100,NECKLACE+BRACELET SET PINK DAISY,30,76.5,2.55,07-12-2009,24-02-2011,12,1,2.727272727,0,0.06741573,1,0,1,445
90101,WHITE FRANGIPANI NECKLACE,52,131.16,2.524827586,09-12-2009,08-12-2011,29,2,1.793103448,0.113207547,0.071232877,53,6,47,730
90102,WHITE FRANGIPANI HAIR CLIP,19,16.11,0.845,25-01-2010,07-06-2011,4,1,4.75,0,0.038076152,-38,0,-38,499
90103,PURPLE FRANGIPANI NECKLACE,44,110.85,2.521333333,22-12-2009,05-12-2011,30,2,1.62962963,0,0.06162465,44,0,44,714
90104,PURPLE FRANGIPANI HAIRCLIP,129,108.11,0.8342,21-06-2010,18-04-2011,49,3,2.804347826,0,0.427152318,155,0,155,302
90108,BLUE BLOSSOM HAIR CLIP,109,125.83,1.591904762,15-01-2010,01-12-2011,21,3,5.19047619,0.15625,0.158892128,64,10,54,686
90111,BLUE HIBISCUS  HAIR CLIP,7,7.35,1.05,07-12-2009,08-03-2010,6,1,1.166666667,0,0.076086957,-19,0,-19,92
90112,PINK DOLLY HAIR CLIPS,84,91.25,1.108095238,07-12-2009,23-12-2010,20,1,4.421052632,0,0.219895288,36,0,36,382
90114,SUMMER DAISIES BAG CHARM,205,514.18,2.48972973,02-02-2010,08-12-2011,111,3,2.303370787,0,0.303703704,207,0,207,675
90115,SUMMER BUTTERFLIES BAG CHARM,108,278.96,2.632166667,06-12-2009,02-06-2011,60,2,2,0,0.198529412,90,0,90,544
90116,FRUIT SALAD BAG CHARM,106,225.52,2.325238095,02-02-2010,08-12-2011,63,2,1.892857143,0,0.157037037,72,0,72,675
90118,PINK DAISY BAG CHARM,42,107.39,2.576206897,16-06-2010,05-12-2011,29,2,1.5,0.142857143,0.078066914,42,6,36,538
90119,METALIC LEAVES BAG CHARMS,97,243.07,2.538571429,23-06-2010,08-12-2011,42,2,2.487179487,0,0.18164794,98,0,98,534
90131,PINK/AMETHYST/GOLD NECKLACE,10,69.62,6.974,01-12-2009,01-06-2011,5,1,2,0,0.018248175,10,0,10,548
90132,LIGHT TOPAZ TEAL/AQUA COL NECKLACE,7,35.63,5.09,16-12-2009,30-08-2011,7,1,1,0,0.011235955,8,0,8,623
90133,TEAL/FUSCHIA COL BEAD NECKLACE,47,236.46,5.055833333,02-12-2009,02-12-2011,36,1,1.424242424,0,0.064295486,47,0,47,731
90134,OLD ROSE COMBO BEAD NECKLACE,126,370.92,2.9409375,01-12-2009,09-12-2011,96,1,1.5,0,0.170500677,127,0,127,739
90135,ORANGE/WHT/FUSCHIA STONES NECKLACE,9,44.75,5.006666667,23-11-2010,26-04-2011,3,1,3,0,0.058064516,9,0,9,155
90136,PALE PINK/AMETHYST STONE NECKLACE,4,40.47,10.17333333,23-11-2010,26-04-2011,3,1,1.333333333,0,0.025806452,4,0,4,155
90137,PINK COMBO MINI CRYSTALS NECKLACE,26,132.52,5.204666667,10-12-2009,20-07-2011,15,1,1.857142857,0,0.044217687,26,0,26,588
90138,WHITE/PINK MINI CRYSTALS NECKLACE,24,125.64,5.319411765,10-12-2009,09-12-2011,17,1,1.411764706,0,0.032876712,25,0,25,730
90139,FLOWER BROOCH 4 ASSORTED COLOURS,23,118.24,5.152222222,02-12-2009,21-03-2010,18,1,1.916666667,0,0.209090909,18,0,18,110
90140,PINK SWEETIE NECKLACE,9,67.9,7.557142857,13-12-2009,30-08-2011,7,1,1.285714286,0,0.014376997,10,0,10,626
90143,SILVER BRACELET W PASTEL FLOWER,79,599.13,7.633902439,14-12-2009,01-12-2011,41,1,2.025641026,0.096385542,0.110027855,83,8,75,718
90144,SILVER DROP EARRINGS WITH FLOWER,53,199.45,3.771212121,07-12-2009,28-11-2011,33,2,1.606060606,0,0.073407202,53,0,53,722
90145,SILVER HOOP EARRINGS WITH FLOWER,75,455.86,6.132666667,01-12-2009,09-12-2011,45,4,1.744186047,0,0.101488498,76,0,76,739
90146,FINE SILVER NECKLACE W PASTEL FLOWE,41,276.49,7.4495,13-12-2009,08-12-2011,19,1,2.157894737,0.048780488,0.056473829,41,2,39,726
90147,CHUNKY SILVER NECKLACE PASTEL FLOWE,93,937.45,10.15508475,02-12-2009,27-11-2011,58,1,1.660714286,0.042105263,0.128099174,95,4,91,726
90148,LONG SILVER NECKLACE PASTEL FLOWER,27,343.98,12.735,02-12-2009,25-09-2011,18,2,1.588235294,0.071428571,0.040723982,28,2,26,663
90149,SILVER FLOWR PINK SHELL NECKLACE,62,410.26,7.371111111,31-01-2010,02-12-2011,9,1,7.75,0,0.092399404,62,0,62,671
90150,BLUE SHELL+SILVER NECKLACE,13,97.5,7.5,06-12-2009,24-09-2010,8,1,1.625,0,0.044368601,13,0,13,293
90151,SILVER/NATURAL SHELL NECKLACE,16,136.17,8.518888889,08-12-2009,27-11-2011,9,1,1.777777778,0,0.022222222,21,0,21,720
90154,LAZER CUT NECKLACE W PASTEL BEADS,59,439.65,8.707142857,07-06-2010,18-11-2011,7,1,8.428571429,0,0.111320755,59,0,59,530
90155,RESIN NECKLACE W PASTEL BEADS,30,226.16,7.555238095,02-12-2009,09-12-2011,21,2,1.5,0,0.040650407,30,0,30,738
90156,RESIN BRACELET W PASTEL BEADS,25,137.37,5.922857143,11-01-2010,04-09-2011,14,2,1.923076923,0,0.041528239,25,0,25,602
90157,RIVIERA NECKLACE,53,263.28,4.982916667,20-01-2010,28-11-2011,24,2,2.208333333,0,0.078171091,54,0,54,678
90158,ST TROPEZ NECKLACE,77,386.32,5.028888889,01-12-2009,08-12-2011,63,1,1.283333333,0,0.104336043,79,0,79,738
90159,COTE D'AZURE NECKLACE,38,188.58,4.974,06-12-2009,09-11-2011,20,1,1.9,0,0.053977273,38,0,38,704
90166,PINK & WHITE ROSEBUD RING,40,168.94,4.216451613,08-12-2009,08-12-2011,31,2,1.379310345,0.024390244,0.054719562,41,1,40,731
90167,BEADED LOVE HEART JEWELLERY SET,2197,1801.17,1.088198198,01-12-2009,05-12-2010,111,4,24.96590909,0.158898305,5.937837838,1888,300,1588,370
90168,2 DAISIES HAIR COMB,42,123.76,2.9425,01-12-2009,09-12-2011,24,3,1.826086957,0.139534884,0.056833559,43,6,37,739
90169,DAISY HAIR COMB,39,98.87,2.527391304,09-12-2009,09-12-2011,23,2,1.857142857,0.142857143,0.053351573,42,6,36,731
90170,DAISY HAIR BAND,150,249.58,1.671506849,07-12-2009,09-12-2011,73,4,2.34375,0.079470199,0.204638472,151,12,139,733
90171,DAISY RING,47,59.65,1.272592593,01-12-2009,12-03-2010,27,1,2.238095238,0,0.460784314,-4,0,-4,102
90173,PAIR BUTTERFLY HAIR CLIPS,81,306.64,3.796153846,09-12-2009,12-10-2011,51,2,1.840909091,0.019230769,0.120356612,52,1,51,673
90174,BUTTERFLY HAIR BAND,50,126.12,2.5178125,04-12-2009,09-12-2011,32,2,1.5625,0.235294118,0.067934783,51,12,39,736
90188,DROP EARRINGS W FLOWER & LEAF,23,58.5,2.5475,01-12-2009,09-12-2011,20,1,1.277777778,0,0.031123139,-25,0,-25,739
90191,SILVER LARIAT 40CM,40,342.6,11.3247619,17-12-2009,09-12-2011,21,1,1.904761905,0,0.055325035,-20,0,-20,723
90192,JADE DROP EARRINGS W FILIGREE,94,469.18,5.022075472,01-12-2009,09-12-2011,53,3,1.88,0.024096386,0.127198917,83,2,81,739
90194,SILVER LARIAT BLACK STONE EARRINGS,32,135.84,4.242380952,10-12-2009,19-10-2011,21,2,1.6,0,0.04712813,-18,0,-18,679
90203,SILVER CHARM NECKLACE 70CM,71,534.27,7.547941176,02-12-2009,25-10-2010,34,1,2.366666667,0.024390244,0.216463415,41,1,40,328
90204,PAIR OF ENAMEL BUTTERFLY HAIRCLIP,50,168.46,3.373513514,07-12-2009,01-12-2011,37,3,1.470588235,0.078431373,0.068965517,51,4,47,725
90208,PAIR OF ENAMEL FLOWER CLUSTER SLIDE,159,386.83,2.515441176,01-12-2009,09-12-2011,68,3,2.564516129,0.037267081,0.215155616,161,6,155,739
10002R,ROBOT PENCIL SHARPNER,4,20.57,5.133333333,02-12-2009,25-01-2010,3,1,1.333333333,0,0.072727273,4,0,4,55
10123C,HEARTS WRAPPING TAPE ,650,254.41,0.790634921,01-12-2009,31-03-2011,63,5,11.60714286,0.285171103,1.33744856,526,150,376,486
10123G,ARMY CAMO WRAPPING TAPE,2251,165.56,0.820588235,01-12-2009,29-11-2010,16,2,150.0666667,0.480836237,6.184065934,2296,1104,1192,364
10124A,SPOTS ON RED BOOKCOVER TAPE,58,24.36,0.42,19-03-2010,06-11-2011,18,1,3.222222222,0,0.096989967,138,0,138,598
10124G,ARMY CAMO BOOKCOVER TAPE,33,14.28,0.462,13-05-2010,06-11-2011,10,1,3.3,0,0.060773481,38,0,38,543
15044A,PINK PAPER PARASOL ,4964,13210.85,3.5974,07-12-2009,05-12-2011,250,8,26.26455026,0.000603622,6.809327846,4970,3,4967,729
15044B,BLUE PAPER PARASOL ,1670,4644.13,3.548253968,01-12-2009,28-09-2011,189,7,11.13333333,0.000607533,2.503748126,1646,1,1645,667
15044C,PURPLE PAPER PARASOL,967,3027.26,3.820387931,01-12-2009,06-12-2011,231,7,5.342541436,0.005138746,1.313858696,973,5,968,736
15044D,RED PAPER PARASOL,1596,4559.65,3.438471616,01-12-2009,05-12-2011,227,7,8.817679558,0.00563204,2.171428571,1598,9,1589,735
15056BL,EDWARDIAN PARASOL BLACK,9504,47267.45,6.252347526,01-12-2009,09-12-2011,857,14,22.25761124,0.021877568,12.86062246,9736,213,9523,739
15056N,EDWARDIAN PARASOL NATURAL,11286,57975.45,6.818394231,01-12-2009,09-12-2011,1033,14,23.76,0.01452671,15.27198917,10670,155,10515,739
15056P,EDWARDIAN PARASOL PINK,2473,12228.92,6.234869565,01-12-2009,08-12-2011,344,9,9.736220472,0.122552858,3.350948509,2554,313,2241,738
15056bl,EDWARDIAN PARASOL BLACK,116,1456.32,12.56206897,01-12-2009,09-12-2011,87,1,1.870967742,0,0.156968877,126,0,126,739
15056n,EDWARDIAN PARASOL NATURAL,173,2170.4,12.54965517,08-06-2010,30-11-2011,116,1,2.582089552,0,0.319778189,180,0,180,541
15056p,EDWARDIAN PARASOL PINK,46,577.84,12.56947368,24-06-2010,05-12-2011,38,1,1.393939394,0,0.086792453,50,0,50,530
15058A,BLUE WHITE SPOTS GARDEN PARASOL,476,3153.73,8.550536913,24-01-2010,23-11-2011,148,8,4.407407407,0.036480687,0.711509716,466,17,449,669
15058B,PINK WHITE SPOTS GARDEN PARASOL,438,3327.67,9.685,13-01-2010,17-11-2011,156,10,3.876106195,0.023872679,0.649851632,377,9,368,674
15058C,ICE CREAM DESIGN GARDEN PARASOL,470,2753.72,9.66704918,24-01-2010,09-12-2011,122,5,4.653465347,0.009090909,0.686131387,440,4,436,685
15059A,ENGLISH ROSE EDWARDIAN PARASOL,509,1567,10.5,01-12-2009,03-12-2009,4,1,169.6666667,0,169.6666667,383,0,383,3
15060B,FAIRY CAKE DESIGN UMBRELLA,1414,6444.98,5.541804009,03-12-2009,18-11-2011,449,11,4.859106529,0.007168459,1.974860335,1395,10,1385,716
15060b,FAIRY CAKE DESIGN UMBRELLA,5,41.81,8.362,05-03-2010,20-11-2011,5,1,1,0,0.00798722,5,0,5,626
16020C,CLEAR STATIONERY BOX SET ,160,134.5,0.843,07-12-2009,05-07-2011,39,1,4.705882353,0,0.277777778,120,0,120,576
16151A,FLOWER DES BLUE HANDBAG/ORANG HANDL,52,72.5,2.25,30-04-2010,25-05-2011,5,1,10.4,0,0.132992327,45,0,45,391
16156L,"WRAP, CAROUSEL",950,399,0.42,10-01-2010,02-12-2011,36,8,27.94117647,0,1.37283237,950,0,950,692
16156N,"WRAP, FRIENDSHIP ON GREEN",1475,619.5,0.42,01-12-2009,21-06-2010,56,1,31.38297872,0,7.266009852,1372,0,1372,203
16156S,WRAP PINK FAIRY CAKES ,16661,6558.62,0.415322196,01-12-2009,08-12-2011,419,14,58.87279152,0.008768242,22.57588076,16651,146,16505,738
16161C,WRAP SPEED DEMONS ,450,45,0.1,01-12-2009,22-12-2009,2,1,225,0,20.45454545,384,0,384,22
16161E,WRAP BOUDOIR ,750,75,0.1,07-12-2009,22-02-2010,9,1,107.1428571,0,9.615384615,505,0,505,78
16161G,WRAP BAD HAIR DAY,975,97.5,0.1,19-01-2010,24-11-2011,33,4,30.46875,0,1.444444444,975,0,975,675
16161M,WRAP  PINK FLOCK,1050,439,0.417948718,03-12-2009,02-12-2010,39,2,28.37837838,0.03342246,2.876712329,748,25,723,365
16161P,WRAP ENGLISH ROSE ,13198,5435.4,0.418954545,01-12-2009,07-12-2011,440,18,46.6360424,0.001911607,17.90773406,13078,25,13053,737
16161U,"WRAP,SUKI AND FRIENDS",10026,4084.92,0.418050314,01-12-2009,02-12-2011,318,13,41.42975207,0.00744343,13.69672131,10076,75,10001,732
16162L,THE KING GIFT BAG,8101,570.43,0.749666667,09-12-2009,13-09-2011,30,2,324.04,0.456585366,12.57919255,8200,3744,4456,644
16162M,THE KING GIFT BAG 25x24x12cm,88,36.96,0.42,14-06-2010,27-11-2011,13,1,7.333333333,0,0.165413534,178,0,178,532
16168M,FUNKY MONKEY GIFT BAG MEDIUM,1686,512.38,0.591881188,09-12-2009,08-12-2011,101,2,18.94382022,0,2.309589041,1757,0,1757,730
16168S,FUNKY MONKEY GIFT BAG SMALL,1283,126.83,0.313636364,10-12-2009,05-02-2010,11,1,142.5555556,0,22.12068966,852,0,852,58
16169A,WRAP CHRISTMAS DECOUPAGE,25,10.5,0.42,29-04-2010,29-04-2010,1,1,25,0,25,2,0,2,1
16169C,WRAP BLUE REINDEER,1350,567,0.42,01-12-2009,04-11-2010,43,4,42.1875,0,3.982300885,1150,0,1150,339
16169D,WRAP WINTER FOREST,250,105,0.42,01-12-2009,13-12-2009,9,2,50,0,19.23076923,76,0,76,13
16169E,WRAP 50'S  CHRISTMAS,4563,1892.46,0.4192,21-07-2011,09-12-2011,149,9,54.97590361,0.029411765,32.13380282,4250,125,4125,142
16169F,WRAP BLIZZARD,975,409.5,0.42,01-12-2009,17-10-2010,34,2,37.5,0,3.037383178,779,0,779,321
16169G,WRAP ROMANTIC DECOUPAGE,25,10.5,0.42,10-12-2009,10-12-2009,1,1,25,0,25,-50,0,-50,1
16169K,WRAP FOLK ART,2075,658.75,0.3625,04-12-2009,28-09-2011,60,5,39.90384615,0,3.125,2075,0,2075,664
16169M,WRAP DAISY CARPET ,2060,640.95,0.354833333,03-12-2009,02-12-2011,59,4,38.14814815,0,2.821917808,2060,0,2060,730
16169N,WRAP BLUE RUSSIAN FOLKART,2025,626.25,0.350178571,01-12-2009,06-12-2010,56,8,41.32653061,0,5.458221024,2008,0,2008,371
16169P,WRAP GREEN RUSSIAN FOLKART ,1750,533.75,0.357708333,04-12-2009,19-12-2010,48,5,38.04347826,0.015024038,4.593175853,1664,25,1639,381
16201A,PASTEL PINK PHOTO ALBUM,101,213.37,3.774444444,02-12-2009,09-09-2010,9,1,14.42857143,0.024096386,0.358156028,83,2,81,282
16201B,PASTEL BLUE PHOTO ALBUM,34,81.1,2.838,02-12-2009,10-12-2009,5,1,8.5,0,3.777777778,22,0,22,9
16202A,PASTEL PINK PHOTO ALBUM ,662,290.45,4.485238095,02-12-2009,17-04-2011,21,3,31.52380952,0.574468085,1.3187251,564,324,240,502
16202B,PASTEL BLUE PHOTO ALBUM ,1039,528.56,4.769090909,02-12-2009,19-04-2011,22,4,47.22727273,0.486597938,2.061507937,970,472,498,504
16202C,BEIGE PHOTO ALBUM,97,230.59,3.976666667,02-12-2009,06-05-2010,12,3,8.083333333,0,0.621794872,64,0,64,156
16202E,BLACK PHOTO ALBUM ,82,162.73,3.395,02-12-2009,17-04-2011,14,1,5.857142857,0.041666667,0.163346614,48,2,46,502
16206B,RED PURSE WITH PINK HEART,96,116.4,1.23125,31-01-2010,26-01-2011,16,2,6.4,0,0.265927978,192,0,192,361
16207A,PINK STRAWBERRY HANDBAG ,143,423.53,3.001578947,01-12-2009,06-11-2011,76,2,2.134328358,0,0.202549575,276,0,276,706
16207B,PINK HEART RED HANDBAG,265,457.65,2.654782609,11-12-2009,30-08-2011,46,2,8.833333333,0,0.421974522,270,0,270,628
16243B,BROWN COZY SQUARE PHOTO ALBUM,212,441.77,5.49625,02-12-2009,11-03-2010,8,1,35.33333333,0,2.12,212,0,212,100
16244A,MAXWELL 2 TONE PINK 60 PAGE PHOTO A,186,479.41,4.073571429,02-12-2009,15-03-2010,28,1,7.75,0,1.788461538,193,0,193,104
16244B,MAXWELL 2 TONE BLUE 60 PAGE PHOTO A,345,765.02,3.872068966,03-12-2009,11-05-2011,28,1,13.26923077,0,0.657142857,336,0,336,525
16245A,PINK MINI STATIONERY SET W CASE,11,13.75,1.25,10-03-2010,12-07-2010,7,1,1.833333333,0,0.088,-4,0,-4,125
16248B,BLUE HOLE PUNCH,81,101.25,1.25,20-09-2010,30-10-2011,12,1,7.363636364,0,0.199507389,127,0,127,406
16256B,FLOWER PENCIL/RUBBER+5 MINI PENCILS,524,232.35,0.584166667,04-12-2009,10-06-2010,35,2,15.41176471,0,2.772486772,556,0,556,189
16256C,HEARTS PENCIL/RUBBER+5 MINI PENCILS,169,70.98,0.42,13-12-2009,23-05-2010,10,1,16.9,-0.059322034,1.043209877,-236,14,-250,162
16258A,SWIRLY CIRCULAR RUBBERS IN BAG,1063,375.93,0.523300971,11-12-2009,08-12-2011,101,6,12.2183908,0.000925926,1.460164835,1080,1,1079,728
16258B,DAISY ERASERS IN BAG,1016,221.06,0.36,02-12-2009,22-12-2009,15,1,101.6,0,48.38095238,810,0,810,21
17007B,S/3 POT POURI CUSHIONS BLUE COLOURS,34,71.4,2.1,14-12-2009,08-06-2011,6,1,5.666666667,0,0.062730627,42,0,42,542
17011A,ORIGAMI VANILLA INCENSE+FLOWER ,261,179.56,2.770833333,22-12-2009,20-08-2010,12,2,21.75,0,1.078512397,200,0,200,242
17011B,ORIGAMI JASMINE INCENSE+FLOWER ,19,11.1,1.2,30-05-2010,20-08-2010,2,2,9.5,0,0.228915663,-18,0,-18,83
17011C,ORIGAMI LAVENDER INCENSE+FLOWER,335,221.4,2.475,14-12-2009,16-12-2009,2,1,167.5,0,111.6666667,288,0,288,3
17011D,ORIGAMI ROSE INCENSE+FLOWER,209,135.7,1.8375,15-12-2009,20-08-2010,4,2,52.25,0,0.83935743,204,0,204,249
17011E,ORIGAMI OPIUM SCENT INCENSE+FLOWER,124,80.6,0.65,16-12-2009,16-12-2009,1,1,124,0,124,85,0,85,1
17011F,ORIGAMI SANDLEWOOD INCENSE+FLOWER,385,336.2,2.12,16-12-2009,19-05-2011,20,3,19.25,0,0.740384615,368,0,368,520
17012A,ORIGAMI VANILLA INCENSE/CANDLE SET ,726,806.16,2.225520833,01-12-2009,02-12-2011,95,3,8.853658537,0,0.991803279,705,0,705,732
17012B,ORIGAMI JASMINE INCENSE/CANDLE SET,721,867.45,2.192777778,08-12-2009,30-11-2011,126,3,6.554545455,0,0.997233748,656,0,656,723
17012C,ORIGAMI LAVENDER INCENSE/CANDL SET ,856,950.4,2.016725664,05-02-2010,08-12-2011,113,3,9.010526316,0,1.273809524,840,0,840,672
17012D,ORIGAMI ROSE INCENSE/CANDLE SET ,520,658.72,1.945172414,12-03-2010,08-12-2011,116,3,5.531914894,0,0.816326531,524,0,524,637
17012E,ORIGAMI OPIUM INCENSE/CANDLE SET ,263,296.79,2.488965517,16-12-2009,15-12-2010,29,2,10.52,0,0.720547945,284,0,284,365
17012F,ORIGAMI SANDLEWOOD INCENSE/CAND SET,586,680.65,1.877850467,03-03-2010,08-12-2011,107,3,6.894117647,0,0.907120743,605,0,605,646
17013B,ORIGAMI JASMINE INCENSE IN TUBE,256,221.03,1.706666667,09-12-2009,16-12-2009,3,1,85.33333333,0,32,211,0,211,8
17013C,ORIGAMI LAVENDER INCENSE IN TUBE,213,89.46,0.42,16-12-2009,03-03-2010,2,1,106.5,-0.162711864,2.730769231,-590,96,-686,78
17013D,ORIGAMI ROSE INCENSE IN TUBE,1068,572.4,1.708387097,09-12-2009,07-06-2011,31,3,34.4516129,0.000961538,1.956043956,1040,1,1039,546
17013F,ORIGAMI SANDLEWOOD INCENSE IN TUBE,62,26.7,1.38,21-12-2009,20-08-2010,5,2,12.4,0,0.255144033,52,0,52,243
17014A,ORIGAMI VANILLA INCENSE CONES,276,170.13,1.66,09-12-2009,27-06-2011,16,1,18.4,0,0.487632509,279,0,279,566
17014C,ORIGAMI LAVENDER INCENSE CONES,97,43.75,1.925,05-12-2009,10-12-2009,2,1,48.5,0,16.16666667,1,0,1,6
17014D,ORIGAMI ROSE INCENSE CONES,479,204.36,1.796666667,14-01-2010,20-08-2010,8,2,59.875,0,2.187214612,475,0,475,219
17014E,ORIGAMI OPIUM INCENSE CONES,95,36.6,1.425,10-05-2010,20-08-2010,6,2,15.83333333,0,0.922330097,191,0,191,103
17014F,ORIGAMI SANDLEWOOD INCENSE CONES,61,23.7,1.3125,21-01-2010,20-08-2010,4,2,15.25,0,0.287735849,29,0,29,212
17027A,INCENSE BAZAAR CANNABIS,228,84.84,0.355,04-02-2010,10-03-2010,2,1,114,0,6.514285714,-150,0,-150,35
17028J,INCENSE BAZAAR PEACH,6,2.52,0.42,31-01-2011,31-01-2011,1,1,6,0,6,6,0,6,1
17084A,TRANQUILITY MASALA INCENSE,442,92.82,0.21,04-02-2010,13-09-2011,18,1,24.55555556,0,0.752981261,410,0,410,587
17084G,MOON INCENSE,50,10.5,0.21,02-12-2009,07-12-2009,2,1,25,0,8.333333333,-45,0,-45,6
17084J,LOVE POTION MASALA INCENSE,456,95.76,0.21,01-12-2009,13-09-2011,20,2,22.8,0,0.699386503,402,0,402,652
17084N,FAIRY DREAMS INCENSE ,2768,640.26,0.345989305,02-12-2009,09-12-2011,187,1,17.74358974,0,3.750677507,2798,0,2798,738
17084P,DRAGONS BLOOD INCENSE,990,222.75,0.344285714,07-12-2009,08-12-2011,70,2,15.71428571,0,1.352459016,1041,0,1041,732
17084R,ASSORTED INCENSE PACK,10625,1968.45,0.203181818,02-12-2009,05-12-2011,66,3,166.015625,0,14.47547684,12137,0,12137,734
17090A,LAVENDER INCENSE 40 CONES IN TIN,173,182.65,1.203846154,10-12-2009,24-11-2011,26,2,6.653846154,0,0.241958042,215,0,215,715
17090D,VANILLA INCENSE 40 CONES IN TIN,88,105.2,1.236666667,13-12-2009,11-07-2011,28,1,3.142857143,0,0.152777778,85,0,85,576
17091A,LAVENDER INCENSE IN TIN,2085,1285.89,1.029059829,06-12-2009,18-05-2011,117,5,21.49484536,0,3.941398866,2348,0,2348,529
17091B,JASMINE TEA INCENSE IN TIN,276,316.98,1.421923077,06-12-2009,09-09-2010,51,2,6.133333333,0,0.992805755,282,0,282,278
17091F,SANDALWOOD INCENSE IN TIN,19,27.71,1.58,06-12-2009,10-01-2010,8,1,2.714285714,0,0.527777778,-6,0,-6,36
17091J,VANILLA INCENSE IN TIN,3964,2204.35,0.896229508,01-12-2009,09-12-2011,178,5,27.52777778,0,5.364005413,4086,0,4086,739
17107D,"FLOWER FAIRY,5 SUMMER B'DRAW LINERS",315,803.25,2.55,04-12-2009,05-12-2011,86,5,4.144736842,0.005952381,0.430327869,336,2,334,732
17108D,FLOWER FAIRY SUMMER BOUQUET SACHET,355,149.1,0.42,01-12-2009,28-03-2010,23,3,16.13636364,0,3.008474576,-364,0,-364,118
17109A,FLOWER FAIRY INCENSE LILY,709,333.61,1.186153846,02-12-2009,26-03-2010,13,2,54.53846154,0,6.165217391,710,0,710,115
17109B,FLOWER FAIRY INCENSE LAVENDER,4542,896.34,1.316470588,02-12-2009,05-03-2010,17,3,302.8,0,48.31914894,4409,0,4409,94
17109C,FLOWER FAIRY INCENSE ROSE,3124,661.23,1.238,02-12-2009,03-03-2010,15,2,260.3333333,0.000331126,33.95652174,3020,1,3019,92
17109D,FLOWER FAIRY INCENSE BOUQUET,1257,598.31,1.406153846,04-12-2009,21-04-2011,38,4,34.91666667,0.000881834,2.494047619,1134,1,1133,504
17129C,SKY BLUE COLOUR GLASS GEMS IN BAG,86,57.98,0.830909091,09-12-2009,04-05-2010,11,1,7.818181818,0,0.585034014,175,0,175,147
17129D,CLEAR COLOUR GLASS GEMS IN BAG,1125,1351.18,1.208717949,01-12-2009,05-03-2010,39,1,37.5,0,11.84210526,-197,0,-197,95
17129F,DEEP BLUE GLASS GEMS IN BAG,1580,1684.58,1.402123288,04-12-2009,05-12-2011,145,1,11.96969697,0.005747126,2.158469945,1392,8,1384,732
17136A,BLUE STONES ON WIRE FOR CANDLE,743,61.78,0.106764706,03-12-2009,03-11-2011,34,2,22.51515152,0,1.059914408,798,0,798,701
17164B,ASS COL SMALL SAND GECKO P'WEIGHT,1620,646.56,0.416829268,01-12-2009,26-01-2011,81,2,24.17910448,0.00056899,3.838862559,3515,2,3513,422
17164D,ASS COL SMALL SAND FROG P'WEIGHT,1150,447,0.41516129,01-12-2009,19-03-2010,28,1,50,0,10.55045872,1929,0,1929,109
17165B,ASS COL LARGE SAND GECKO P'WEIGHT,810,751.68,1.029836066,01-12-2009,10-10-2010,57,1,17.23404255,0.007029877,2.579617834,569,4,565,314
17165D,ASS COL LARGE SAND FROG P'WEIGHT,716,682.32,1.034623656,01-12-2009,12-01-2011,89,2,10.52941176,0.007453416,1.754901961,805,6,799,408
17191A,ROSE FLOWER CANDLE+INCENSE 16X16CM,33,123.75,3.75,09-12-2009,04-12-2011,12,1,2.75,0,0.045454545,33,0,33,726
18094C,WHITE/BLUE RECT CERAMIC OIL BURNER,433,600.66,1.887040816,02-12-2009,07-10-2011,98,4,5.154761905,0.002638522,0.641481481,379,1,378,675
18096C,WHITE ROUND PORCELAIN TLIGHT HOLDER,117,298.7,3.4455,01-12-2009,24-02-2010,20,3,6.882352941,-0.260869565,1.360465116,-46,12,-58,86
18096c,WHITE ROUND PORCELAIN TLIGHT HOLDER,8,41.14,5.151666667,01-12-2009,25-01-2010,6,1,2.666666667,0,0.142857143,8,0,8,56
18097A,PINK TALL PORCELAIN T-LIGHT HOLDER ,17,43.35,2.55,05-03-2010,22-06-2011,12,1,1.545454545,0,0.035789474,-4,0,-4,475
18097B,BLUE TALL PORCELAIN T-LIGHT HOLDER,7,17.85,2.55,02-12-2009,17-01-2010,3,1,2.333333333,0,0.14893617,8,0,8,47
18097C,WHITE TALL PORCELAIN T-LIGHT HOLDER,1763,3924.92,2.826933962,01-12-2009,08-12-2011,211,4,10.88271605,0.160616062,2.388888889,1818,292,1526,738
18098A,PINK PORCELAIN B'FLY OIL BURNER,2,5.9,2.95,14-12-2009,17-12-2009,2,1,1,0,0.5,-19,0,-19,4
18098B,BLUE PORCELAIN B'FLY OIL BURNER,3,8.85,2.95,13-12-2009,24-02-2010,3,1,1,0,0.040540541,0,0,0,74
18098C,PORCELAIN BUTTERFLY OIL BURNER,1223,3231.13,3.267901235,01-12-2009,08-08-2011,236,4,7.069364162,0.023928215,1.98538961,1003,24,979,616
18098c,PORCELAIN BUTTERFLY OIL BURNER,292,1479.61,5.067333333,01-12-2009,21-12-2010,135,1,6.488888889,0,0.756476684,332,0,332,386
30086C,ASSORTED FRUIT STRAWS,1,1.7,1.7,01-12-2009,01-12-2009,1,1,1,0,1,1,0,1,1
35001B,HAND OPEN SHAPE BLACK,17,59.33,3.49,17-12-2009,16-03-2010,6,1,2.833333333,0.066666667,0.188888889,30,2,28,90
35001G,HAND OPEN SHAPE GOLD,715,2259.47,4.204857143,01-12-2009,07-12-2011,103,5,8.313953488,0.021276596,0.970149254,517,11,506,737
35001P,HAND OPEN SHAPE PINK,2,6.98,3.49,14-12-2009,17-12-2009,2,1,1,0.2,0.5,5,1,4,4
35001W,HAND OPEN SHAPE DECO.WHITE,883,2806.69,4.085520833,01-12-2009,16-12-2010,190,2,6.540740741,0.023702032,2.317585302,886,21,865,381
35004B,SET OF 3 BLACK FLYING DUCKS,1474,6809.65,6.741594203,01-12-2009,09-12-2011,275,3,7.297029703,0.077952756,1.99458728,1270,99,1171,739
35004C,SET OF 3 COLOURED  FLYING DUCKS,3035,15874.38,7.756394366,02-12-2009,07-03-2011,355,5,14.31603774,0.029277814,6.5835141,3074,90,2984,461
35004G,SET OF 3 GOLD FLYING DUCKS,359,1419.51,6.24974026,01-12-2009,07-12-2011,76,2,4.986111111,0.022038567,0.487109905,363,8,355,737
35004P,SET OF 3 PINK FLYING DUCKS,120,638.97,6.805813953,01-12-2009,10-12-2010,43,1,4,0,0.32,118,0,118,375
35004S,SET OF 3 SILVER FLYING DUCKS,145,505.4,7.283333333,01-12-2009,23-12-2009,24,1,11.15384615,-0.064102564,6.304347826,-156,10,-166,23
35004c,SET OF 3 COLOURED  FLYING DUCKS,27,343.72,12.7312,01-12-2009,12-11-2010,25,1,1.6875,0,0.077809798,27,0,27,347
35004p,SET OF 3 PINK FLYING DUCKS,1,12.72,12.72,22-10-2010,22-10-2010,1,1,1,0,1,1,0,1,1
35004s,SET OF 3 SILVER FLYING DUCKS,1,13,13,01-12-2009,01-12-2009,1,1,1,0,1,1,0,1,1
35051B,PINK BEADED CONE CHRISTMAS,14,5.88,0.42,01-12-2009,07-12-2009,2,1,7,0,2,32,0,32,7
35085E,IVORY ROSE LAMPSHADE ,39,44.25,1.166666667,01-12-2009,14-07-2010,9,1,4.333333333,0,0.172566372,11,0,11,226
35095A,BLUE VICTORIAN FABRIC OVAL BOX,1809,725.56,0.637168675,01-12-2009,09-12-2011,166,5,13.10869565,0,2.447902571,1813,0,1813,739
35095B,RED VICTORIAN FABRIC OVAL BOX,1952,766.64,0.616214689,01-12-2009,09-12-2011,177,3,13.27891156,0,2.641407307,1964,0,1964,739
35096A,BLUE VICTORIAN FABRIC HEART BOX,765,272.45,0.6742,02-12-2009,05-03-2010,50,2,21.85714286,0,8.138297872,831,0,831,94
35096B,RED VICTORIAN FABRIC HEART BOX,293,106.49,0.4676,02-12-2009,05-03-2010,25,1,13.95238095,0,3.117021277,229,0,229,94
35271S,GOLD PRINT PAPER BAG,420,85.97,0.234,05-12-2009,02-12-2010,20,1,23.33333333,0,1.157024793,422,0,422,363
35471A,SET OF 3 BIRD L.BLUE FEATHER,421,499.31,1.613529412,01-12-2009,14-11-2010,83,4,6.28358209,0.072886297,1.206303725,343,25,318,349
35471D,SET OF 3 BIRD LIGHT PINK FEATHER ,2241,1591.86,1.232078652,01-12-2009,09-12-2011,348,10,9.743478261,0.000877963,3.032476319,2278,2,2276,739
35591T,TURQUOISE CHRISTMAS TREE ,17,21.25,1.25,05-09-2010,20-11-2011,9,1,1.888888889,0,0.038461538,-8,0,-8,442
35597A,DUSTY PINK CHRISTMAS TREE 30CM,10,12.5,1.25,06-09-2010,06-12-2010,4,1,2.5,0,0.108695652,-3,0,-3,92
35597B,BLACKCHRISTMAS TREE 30CM,78,224.1,1.551428571,13-12-2009,06-12-2010,7,3,11.14285714,0,0.217270195,79,0,79,359
35597D,PINK/WHITE CHRISTMAS TREE 30CM,58,25.28,0.5825,04-12-2009,01-09-2011,7,1,8.285714286,0,0.091051805,115,0,115,637
35598A,DUSTY PINK CHRISTMAS TREE 60CM,10,29.5,2.95,07-12-2009,20-11-2011,3,1,3.333333333,0,0.014005602,18,0,18,714
35598B,BLACK CHRISTMAS TREE 60CM,931,874.65,2.554210526,01-12-2009,30-11-2011,57,8,19,0,1.275342466,961,0,961,730
35598C,WHITE CHRISTMAS TREE 60CM,3,8.85,2.95,18-12-2009,24-11-2011,3,1,1,0,0.004243281,7,0,7,707
35598D,PINK/WHITE CHRISTMAS TREE 60CM,1727,1312.2,1.638252427,02-12-2009,04-12-2011,103,7,21.06097561,0.000566893,2.356070941,1764,1,1763,733
35599B,BLACK CHRISTMAS TREE 120CM,268,974.81,5.788627451,02-12-2009,04-12-2011,51,6,5.70212766,0,0.365620737,276,0,276,733
35599D,PINK AND WHITE CHRISTMAS TREE 120CM,406,1366.48,4.735631068,01-12-2009,04-12-2011,103,5,5.561643836,0.014669927,0.553133515,409,6,403,734
35600D,PINK AND WHITE CHRISTMAS TREE 180CM,141,497.7,7.084615385,01-12-2009,28-09-2010,13,2,11.75,0,0.466887417,105,0,105,302
35603B,S/16 BLACK SHINY/MAT BAUBLES,50,21,0.42,17-12-2009,18-12-2009,2,1,25,0.3,25,80,24,56,2
35603C,SET/16 WHITE SHINY & MATT BAUBLES,83,48.3,0.6888,02-12-2009,09-11-2010,24,1,3.952380952,0,0.241982507,31,0,31,343
35607A,PINK FLUFFY CHRISTMAS DECORATION,554,118.43,0.331290323,11-12-2009,18-01-2011,31,4,19.10344828,0,1.371287129,457,0,457,404
35607B,BLACK FEATHER CHRISTMAS DECORATION,312,62.3,0.278823529,11-12-2009,15-09-2011,17,1,18.35294118,0,0.48447205,126,0,126,644
35609A,PINK FEATHER CHRISTMAS DECORATION,447,133.23,0.821666667,02-12-2009,10-12-2010,24,4,19.43478261,0,1.195187166,352,0,352,374
35610A,PINK CHRISTMAS FLOCK DROPLET ,143,105.43,1.536666667,07-12-2009,15-12-2010,12,2,11.91666667,0,0.382352941,-1133,0,-1133,374
35610B,BLACK CHRISTMAS FLOCK DROPLET ,179,144.07,1.131428571,02-12-2009,13-12-2010,13,1,13.76923077,0,0.474801061,-362,0,-362,377
35610C,WHITE CHRISTMAS FLOCK DROPLET ,94,81.56,1.46875,10-12-2009,13-12-2010,8,1,11.75,0,0.254742547,-1027,0,-1027,369
35611B,BLACK ASSORTED DROPLET DECORATION,62,45.76,2.23,03-12-2009,23-11-2010,3,2,20.66666667,0,0.174157303,-169,0,-169,356
35633B,BLUE TINSEL GARLAND ,130,24.7,0.19,04-12-2009,28-11-2010,12,1,11.81818182,0,0.361111111,267,0,267,360
35637A,IVORY STRING CURTAIN WITH POLE ,551,1445.05,6.165849057,13-12-2009,27-11-2011,53,4,11.02,0.001811594,0.770629371,552,1,551,715
35637C,PINK STRING CURTAIN WITH POLE,100,331.14,6.51,14-01-2010,27-11-2011,19,2,5.263157895,0,0.146412884,100,0,100,683
35638A,PINK AND BLACK STRING CURTAIN,39,88.05,3.95,25-01-2010,20-11-2011,6,1,6.5,0,0.058646617,-1,0,-1,665
35638B,PINK/BLUE STRING CURTAIN ,118,313.29,6.603636364,09-12-2009,20-11-2011,11,1,10.72727273,0,0.165730337,118,0,118,712
35751C,PURPLE CURRENT CANDLE RING,31,12.61,0.47,01-12-2009,02-12-2009,2,2,15.5,0,15.5,43,0,43,2
35751D,PINK CURRENT CANDLE RING,28,5.32,0.19,02-12-2009,02-12-2009,1,1,28,0,28,28,0,28,1
35809A,ENAMEL PINK TEA CONTAINER,1137,1666.78,2.480842697,03-12-2009,09-06-2011,177,10,8.54887218,0,2.05234657,1126,0,1126,554
35809B,ENAMEL BLUE RIM TEA CONTAINER,104,227.54,2.572727273,02-12-2009,11-04-2011,33,4,4,0,0.209677419,44,0,44,496
35809a,ENAMEL PINK TEA CONTAINER,10,41.54,4.154,26-11-2010,10-05-2011,10,1,1,0,0.060240964,11,0,11,166
35810A,ENAMEL PINK COFFEE CONTAINER,1205,1604.74,2.345697674,03-12-2009,30-10-2011,171,11,8.669064748,0.000886525,1.728837877,1128,1,1127,697
35810B,ENAMEL BLUE RIM COFFEE CONTAINER,325,517.71,2.281323529,02-12-2009,30-11-2011,68,9,5.508474576,0.038922156,0.445816187,334,13,321,729
35811A,ENAMEL PINK SUGAR CONTAINER,434,762.97,2.913809524,03-12-2009,08-10-2010,84,2,6.382352941,0.004901961,1.4,408,2,406,310
35815B,"ACRYLIC JEWEL SNOWFLAKE,BLUE",95,43.94,1.686666667,07-12-2009,15-12-2009,3,1,31.66666667,0,10.55555556,85,0,85,9
35815P,"ACRYLIC JEWEL SNOWFLAKE, PINK",168,75.88,1.117142857,18-10-2010,26-09-2011,7,2,24,0,0.488372093,145,0,145,344
35816B,"ACRYLIC JEWEL ANGEL,BLUE",139,58.07,1.4,16-12-2009,14-05-2010,3,1,46.33333333,0,0.926666667,122,0,122,150
35816P,"ACRYLIC JEWEL ANGEL,PINK",297,137.43,1.143333333,18-02-2010,16-08-2011,9,3,33,0,0.544954128,297,0,297,545
35817B,"ACRYLIC JEWEL SNOWFLAKE,BLUE",143,61.3,2.7,03-12-2009,14-05-2010,3,1,71.5,0,0.877300613,142,0,142,163
35817P,"ACRYLIC JEWEL SNOWFLAKE,PINK",420,216.7,1.594545455,14-05-2010,12-08-2011,11,1,42,0,0.921052632,376,0,376,456
35818B,"ACRYLIC JEWEL ICICLE, BLUE",408,180.05,1.152727273,13-04-2010,01-11-2011,11,2,37.09090909,0,0.718309859,333,0,333,568
35818C,"ACRYLIC JEWEL ICICLE, CLEAR ",1,3.43,3.43,14-12-2009,14-12-2009,1,1,1,0,1,0,0,0,1
35818P,"ACRYLIC JEWEL ICICLE, PINK",559,242.15,0.9732,14-05-2010,05-12-2011,25,2,24.30434783,0,0.978984238,563,0,563,571
35819B,"ACRYLIC HANGING JEWEL,BLUE",385,192.3,0.712,14-12-2009,30-11-2011,32,3,14.25925926,0,0.536959554,482,0,482,717
35819P,"ACRYLIC HANGING JEWEL,PINK",95,66.55,0.504285714,16-09-2011,13-11-2011,7,2,13.57142857,0,1.610169492,203,0,203,59
35821B,"JEWELLED DECORATION,BLUE",150,57,0.38,10-12-2009,08-04-2010,3,1,50,0,1.25,129,0,129,120
35821P,"JEWELLED DECORATION,PINK",2,5.9,2.95,02-12-2009,15-12-2009,2,1,1,0,0.142857143,4,0,4,14
35822B,"ACRYLIC BEAD CHAIN, BLUE",229,87.02,0.38,27-01-2010,27-01-2010,1,1,229,0,229,250,0,250,1
35822P,"ACRYLIC BEAD CHAIN, PINK",114,43.32,0.38,27-01-2010,27-01-2010,1,1,114,0,114,111,0,111,1
35823P,"ACRYLIC BEAD GARLAND,PINK",2,5.9,2.95,21-02-2010,15-07-2010,2,1,1,0,0.013793103,-10,0,-10,145
35824B,"HANGING FLOWERS+MIRROR,BLUE",528,203.24,0.813333333,10-12-2009,14-05-2010,6,2,88,0,3.384615385,520,0,520,156
35824C,"HANGING FLOWERS+MIRROR,CLEAR",235,117.05,0.935,03-12-2009,08-04-2010,8,2,29.375,0,1.850393701,177,0,177,127
35824P,"HANGING FLOWERS+MIRROR,PINK",324,136.44,0.75,22-03-2010,23-04-2010,3,1,108,0,9.818181818,298,0,298,33
35833G,4 GOLD FLOCK CHRISTMAS BALLS,134,220.66,1.657058824,06-12-2009,06-12-2010,34,2,4.785714286,0,0.366120219,78,0,78,366
35833P,4 PINK FLOCK CHRISTMAS BALLS,185,342.17,2.33578125,06-12-2009,24-11-2011,64,2,3.363636364,0,0.257301808,191,0,191,719
35838A,S/6 MULTICOLOUR ORNAMENETAL CANDLE,180,184.4,1.175,07-12-2009,29-09-2010,20,1,11.25,0,0.606060606,258,0,258,297
35838B,S/6 SILVER ORNAMENETAL CANDLE,100,85,0.85,09-12-2009,28-09-2010,23,1,5.555555556,0,0.340136054,30,0,30,294
35909A,RABBIT EASTER DECORATION,20,59,2.95,23-02-2010,26-04-2011,5,1,4,0,0.046728972,20,0,20,428
35909B,PINK FLOWERS RABBIT EASTER,16,47.2,2.95,06-12-2009,14-06-2011,6,1,2.666666667,0,0.028776978,16,0,16,556
35910A,MULTICOLOUR EASTER RABBIT ,53,103.35,1.95,13-12-2009,28-03-2011,13,2,4.076923077,0,0.112526539,53,0,53,471
35910B,PINK FLOWERS RABBIT EASTER,29,61.07,2.515,07-01-2010,06-11-2011,8,2,4.142857143,0,0.043348281,29,0,29,669
35911A,MULTICOLOUR RABBIT EGG WARMER,388,466.69,1.505154639,02-12-2009,04-11-2011,96,5,5.105263158,0,0.551920341,409,0,409,703
35911B,PINK/FLOWER RABBIT EGG WARMER ,159,184.76,1.50125,11-12-2009,22-03-2011,24,2,8.368421053,0,0.340471092,150,0,150,467
35912B,WHITE/PINK CHICK DECORATION,288,355.58,1.850666667,07-01-2010,30-10-2011,30,5,9.931034483,0,0.435045317,290,0,290,662
35913B,WHITE/PINK CHICK EASTER DECORATION,100,92.39,1.065217391,07-01-2010,06-11-2011,21,2,5.263157895,0,0.149476831,104,0,104,669
35915A,CREAM KNITTED HEN,288,365.76,1.27,18-12-2009,18-12-2009,1,1,288,0,288,275,0,275,1
35915B,BLUE KNITTED HEN ,563,713.73,1.210294118,18-12-2009,23-09-2011,67,5,12.23913043,0,0.872868217,565,0,565,645
35915C,PEACH KNITTED HEN ,662,793.32,1.35304878,03-12-2009,18-04-2011,82,4,11.4137931,0,1.3187251,649,0,649,502
35916A,YELLOW FELT HANGING HEART W FLOWER,129,112.04,1.015681818,07-12-2009,18-10-2011,44,1,3.307692308,0,0.189427313,114,0,114,681
35916B,BLUE FELT HANGING HEART W FLOWER,132,119.67,0.966304348,01-12-2009,18-10-2011,46,1,3.142857143,0,0.192139738,112,0,112,687
35916C,PINK FELT HANGING HEART W FLOWER,157,167.55,1.220952381,01-12-2009,18-10-2011,42,2,4.131578947,0,0.22852984,127,0,127,687
35918B,BLUE FLORIBUNDA EGG WARMER,10,12.5,1.25,02-12-2009,23-02-2010,5,1,2.5,-0.066666667,0.119047619,-15,1,-16,84
35976B,WHITE SCANDINAVIAN HEART CHRISTMAS,1,1.25,1.25,06-12-2009,06-12-2009,1,1,1,-0.142857143,1,-84,12,-96,1
35980B,RED TOP SCANDINAVIAN HEART ,4,1.52,0.38,18-12-2009,16-05-2010,2,1,2,0,0.026666667,-13,0,-13,150
35980C,REDWHITE STRIPE SCANDINAVIAN HEART ,377,147.64,0.455517241,14-12-2009,13-10-2010,29,1,15.70833333,0.056194125,1.240131579,783,44,739,304
35981C,WHITE SNOW SCANDINAVIAN STOCKING ,589,297.62,0.656666667,02-12-2009,17-10-2010,67,1,12.53191489,0,1.840625,704,0,704,320
37379A,PINK CHERRY BLOSSOM CUP & SAUCER,41,159.2,7.996875,02-12-2009,19-01-2011,16,1,2.928571429,-0.013513514,0.099033816,-74,1,-75,414
37379B,BLUE CHERRY BLOSSOM CUP & SAUCER,1122,181.5,0.883333333,04-03-2010,23-03-2010,3,3,374,0,56.1,1055,0,1055,20
37444A,YELLOW BREAKFAST CUP AND SAUCER,2709,563.43,3.199767442,01-12-2009,13-07-2011,43,3,64.5,0.486255572,4.591525424,2692,1309,1383,590
37444B,BLUE BREAKFAST CUP AND SAUCER ,2010,409.6,3.815,01-12-2009,28-03-2011,28,3,77.30769231,0.487369985,4.161490683,2019,984,1035,483
37444C,PINK BREAKFAST CUP AND SAUCER ,1654,673.72,4.633888889,01-12-2009,28-03-2011,54,4,35.19148936,0.465172623,3.424430642,1651,768,883,483
37462B,"PET MUG, BUDGIE",170,87.28,0.754375,01-12-2009,12-10-2010,32,1,5.862068966,0.005376344,0.537974684,186,1,185,316
37462E,"PET MUG, GOLDFISH",107,47.12,0.648571429,10-01-2010,05-12-2011,28,1,3.821428571,0.026666667,0.153956835,225,6,219,695
37477B,"FLOWER FAIRY MUG+COASTER,LAVENDER",11,41.25,3.75,02-12-2009,22-11-2010,8,2,1.375,0.2,0.030898876,5,1,4,356
37477C,"FLOWER FAIRY MUG+COASTER,ROSE",6,22.5,3.75,23-11-2010,23-11-2010,1,1,6,0,6,-5,0,-5,1
37479B,CUBIC MUG FLOCK BLUE ON BROWN,1253,1095.85,3.110625,11-01-2010,15-06-2011,32,3,41.76666667,0,2.404990403,1702,0,1702,521
37479P,CUBIC MUG FLOCK PINK ON BROWN,170,160.08,2.251714286,11-06-2010,08-11-2011,34,4,5.483870968,0,0.329457364,-480,0,-480,516
37482B,CUBIC MUG BLUE POLKA DOT,1251,1127.91,5.19,05-12-2009,01-08-2010,9,2,139,0,5.2125,1121,0,1121,240
37482P,CUBIC MUG PINK POLKA DOT,667,906.31,4.041190476,02-12-2009,13-04-2011,83,5,9.808823529,0,1.33935743,587,0,587,498
37482b,CUBIC MUG BLUE POLKA DOT,1,17.35,17.35,22-12-2009,22-12-2009,1,1,1,0,1,1,0,1,1
37482p,CUBIC MUG PINK POLKA DOT,2,34.7,17.35,01-12-2009,22-12-2009,2,1,1,0,0.090909091,2,0,2,22
37487B,YELLOW/ORANGE FLOWER DESIGN PLATE,68,19.72,0.29,11-04-2011,13-04-2011,2,1,34,0,22.66666667,53,0,53,3
37488A,YELLOW PINK FLOWER DESIGN BIG BOWL,31,19.77,1.414,23-02-2010,13-04-2011,5,1,6.2,0.025,0.074698795,40,1,39,415
37489A,YELLOW/PINK FLOWER DESIGN BIG MUG,46,46.56,1.228333333,13-12-2009,21-11-2011,23,1,2,0,0.064880113,50,0,50,709
37489B,BLUE/YELLOW FLOWER DESIGN BIG MUG,38,30.42,1.032352941,12-02-2010,21-11-2011,17,1,2.235294118,0,0.058641975,25,0,25,648
37489C,GREEN/BLUE FLOWER DESIGN BIG MUG,27,26.06,1.554166667,01-12-2009,14-09-2011,12,1,2.25,0,0.041347626,18,0,18,653
37489D,PINK/GREEN FLOWER DESIGN BIG MUG,46,28.86,0.761428571,14-01-2010,05-12-2011,20,1,2.3,0,0.066570188,35,0,35,691
37491A,YELLOW/PINK CERAMIC CANDLE HOLDER,18,48.3,2.691538462,15-12-2009,31-10-2011,13,1,1.5,0,0.026239067,30,0,30,686
37491B,BLUE/YELLOW CERAMIC CANDLE HOLDER,14,30.08,2.3,11-01-2010,18-07-2011,8,1,1.75,0,0.025270758,7,0,7,554
37491C,GREEN/BLUE CERAMIC CANDLE HOLDER,58,167.52,2.163,11-12-2009,18-07-2011,10,1,5.8,0,0.099145299,78,0,78,585
37491D,PURPLE/BLUE CERAMIC CANDLE HOLDER,26,63.28,2.696923077,27-01-2010,18-07-2011,13,1,2,0,0.048327138,22,0,22,538
37492A,YELLOW RED FLOWER PIGGY BANK,108,216.07,4.274545455,01-12-2009,23-12-2009,11,2,9.818181818,0.014285714,4.695652174,70,1,69,23
37492B,BLUE YELLOW FLOWER PIGGY BANK,489,946.72,3.669772727,02-12-2009,05-10-2010,44,2,11.92682927,0.036809816,1.587662338,489,18,471,308
37492C,GREEN BLUE FLOWER PIGGY BANK,242,477.3,3.81,01-12-2009,18-05-2010,24,1,10.08333333,0.003759398,1.431952663,266,1,265,169
37492D,PURPLE GREEN FLOWER PIGGY BANK,361,682.99,4.201538462,04-12-2009,21-05-2010,26,1,16.40909091,0.023952096,2.136094675,334,8,326,169
37494A,FAIRY CAKE CERAMIC BUTTER DISH,237,793.44,4.47627451,02-12-2009,01-04-2010,51,3,7.181818182,0.022321429,1.958677686,224,5,219,121
37494a,FAIRY CAKE CERAMIC BUTTER DISH,4,24.16,6.04,22-12-2009,22-12-2009,3,1,4,0,4,4,0,4,1
40005B,BLUE ORGANDY ROUND LAMPSHADE W BEA,33,28.05,0.85,25-03-2010,22-11-2011,13,1,2.538461538,0,0.054276316,35,0,35,608
40018E,TEA TIME PAPER LANTERNS,384,837.02,2.845185185,01-12-2009,25-07-2010,81,4,6.295081967,0,1.620253165,398,0,398,237
40018F,CHERRY DESIGN PAPERLANTERNS,1092,2100.33,2.283865546,01-12-2009,05-09-2010,117,7,13.48148148,0.011527378,3.913978495,1041,12,1029,279
40046A,RED DAISY PAPER LAMPSHADE,355,472.07,1.797419355,02-12-2009,17-10-2011,62,4,6.339285714,0,0.518248175,375,0,375,685
40046C,PINK BUTTERFLY PAPER LAMPSHADE,3,3.75,1.25,06-12-2009,16-12-2009,3,1,1,0,0.272727273,9,0,9,11
44089A,PINK GAUZE BUTTERFLY LAMPSHADE,40,16.8,0.42,04-02-2010,27-11-2011,13,1,3.636363636,0,0.060422961,40,0,40,662
44089C,LILAC GAUZE BUTTERFLY LAMPSHADE,68,28.56,0.42,04-02-2010,23-09-2011,18,1,4.533333333,0,0.113902848,68,0,68,597
44091A,BLUE CRUSOE CHECK LAMPSHADE,18,7.56,0.42,26-03-2010,20-07-2011,6,1,3,0,0.037344398,39,0,39,482
44091C,MULTICOLOUR CRUSOE CHECK LAMPSHADE,61,30.66,0.568235294,17-12-2009,04-08-2010,17,2,3.588235294,0,0.264069264,127,0,127,231
44092B,BLUE WHITE PLASTIC RINGS LAMPSHADE,15,12.75,0.85,18-07-2010,05-09-2011,6,1,2.5,0,0.036144578,15,0,15,415
44092C,PURPLE/COPPER HANGING LAMPSHADE,23,19.55,0.85,18-12-2009,20-10-2011,10,1,2.3,0,0.03422619,25,0,25,672
44217M,MULTICOLOUR FEATHERS CURTAIN,72,236.4,3.616666667,15-02-2010,15-02-2010,3,1,72,0.98630137,72,73,72,1,1
44241C,BLUE BUTTERFLY ON SPRING,70,59.5,0.85,25-01-2010,04-08-2010,8,1,10,0,0.364583333,54,0,54,192
44242A,LILAC FEATHERS CURTAIN,14,11.98,1.02,25-03-2010,10-07-2011,2,1,7,0,0.029598309,14,0,14,473
44242B,PINK FEATHERS CURTAIN,109,121.53,1.147777778,06-12-2009,26-09-2011,9,2,12.11111111,0,0.165151515,109,0,109,660
45008C,DECORATIVE NET CANOPY CREAM,83,792.07,12.16264706,03-12-2009,14-07-2010,34,6,2.677419355,0,0.370535714,30,0,30,224
46000M,POLYESTER FILLER PAD 45x45cm,2517,3901.35,1.55,01-12-2009,07-12-2011,353,9,10.53138075,0.005591054,3.415196744,3756,21,3735,737
46000P,POLYESTER FILLER PAD 65CMx65CM,213,905.25,4.25,01-12-2009,04-09-2011,49,3,5.071428571,0.013043478,0.33125972,230,3,227,643
46000R,POLYESTER FILLER PAD 45x30cm,243,352.35,1.45,26-01-2010,07-12-2011,61,3,4.189655172,0,0.356828194,181,0,181,681
46000S,POLYESTER FILLER PAD 40x40cm,3471,5032.95,1.45,01-12-2009,08-12-2011,380,10,13.09811321,0.015002143,4.703252033,4666,70,4596,738
46000U,POLYESTER FILLER PAD 30CMx30CM,251,313.75,1.25,03-12-2009,04-12-2011,51,5,5.229166667,0,0.342896175,226,0,226,732
46037A,PINK CANVAS DES CUSHION COVER ,6,7.5,1.25,25-05-2010,12-08-2010,2,1,3,0,0.075,1,0,1,80
46115B,GREEN POP ART MAO CUSHION COVER ,286,54.34,0.19,11-05-2010,04-03-2011,22,1,13.61904762,0,0.959731544,578,0,578,298
46126A,ELVIS WALLHANGING / CURTAIN,317,419.99,1.589166667,03-12-2009,18-05-2011,48,2,7.204545455,0,0.595864662,294,0,294,532
46137D,GREEN CHENILLE SHAGGY RUG,45,132.75,2.95,29-01-2010,19-03-2010,4,1,11.25,0,0.9,20,0,20,50
46138B,BLUE CHENILLE SHAGGY CUSHION COVER ,71,156.29,2.678,07-12-2009,13-11-2011,25,2,2.84,0.183098592,0.100424328,71,13,58,707
46138D,GREEN CHENILLE SHAGGY C/COVER,1,1.95,1.95,25-03-2010,25-03-2010,1,1,1,0,1,1,0,1,1
46775A,BUBBLE GUM CHUNKY KNITTED THROW ,83,1044.23,14.045,02-12-2009,24-02-2010,32,2,5.533333333,0.011904762,0.976470588,84,1,83,85
46775B,BERRIES CHUNKY KNITTED THROW ,5,84.75,16.95,02-12-2009,10-12-2009,4,1,1.25,0,0.555555556,-12,0,-12,9
46775D,SUNSET COLOUR CHUNKY KNITTED THROW,153,1938.19,12.674,13-12-2009,05-12-2011,95,5,2.095890411,0.027586207,0.211618257,145,4,141,723
46775E,CANDY POP CHUNKY KNITTED THROW ,101,1282.9,13.26686275,11-12-2009,12-09-2010,51,2,3.482758621,0,0.365942029,88,0,88,276
46776A,WOVEN BUBBLE GUM CUSHION COVER,406,1283.23,4.361487603,04-12-2009,09-12-2011,121,2,4.142857143,0,0.551630435,408,0,408,736
46776B,WOVEN BERRIES CUSHION COVER ,428,1369.23,4.262352941,03-12-2009,09-12-2011,153,2,3.537190083,0,0.5807327,432,0,432,737
46776C,WOVEN FROST CUSHION COVER,258,905.1,4.324742268,10-12-2009,09-12-2011,96,3,3.146341463,0,0.353424658,260,0,260,730
46776D,WOVEN SUNSET CUSHION COVER ,153,658.07,4.279605263,04-12-2009,09-12-2011,76,2,2.428571429,0.006535948,0.207880435,153,1,152,736
46776E,WOVEN CANDY CUSHION COVER ,205,662.1,4.191948052,04-01-2010,09-12-2011,77,1,3.014705882,0,0.290780142,207,0,207,705
46776F,WOVEN ROSE GARDEN CUSHION COVER ,487,1675.73,4.206687898,03-12-2009,09-12-2011,157,1,4.162393162,0,0.660786974,487,0,487,737
46776a,WOVEN BUBBLE GUM CUSHION COVER,5,20.65,4.13,31-10-2011,31-10-2011,1,1,5,0,5,5,0,5,1
46776b,WOVEN BERRIES CUSHION COVER ,1,4.13,4.13,31-10-2011,31-10-2011,1,1,1,0,1,1,0,1,1
46776e,WOVEN CANDY CUSHION COVER ,1,4.13,4.13,31-10-2011,31-10-2011,1,1,1,0,1,1,0,1,1
46776f,WOVEN ROSE GARDEN CUSHION COVER ,7,28.91,4.13,31-10-2011,31-10-2011,1,1,7,0,7,7,0,7,1
47013A,WINE BOTTLE DRESSING LT.BLUE,141,39.87,0.2764,16-12-2009,19-04-2011,25,1,5.64,0,0.287755102,139,0,139,490
47013C,WINE BOTTLE DRESSING DARK BLUE,147,40.52,0.35,04-12-2009,20-06-2011,27,1,5.653846154,0.079470199,0.260638298,151,12,139,564
47021G,SET/6 BEAD COASTERS GAUZE BAG GOLD,713,541.96,2.199577465,01-12-2009,23-06-2011,70,3,11.5,0,1.250877193,952,0,952,570
47310M,"SMALL POP BOX,FUNKY MONKEY",746,1004.94,1.664682081,09-12-2009,09-12-2011,172,3,5.366906475,0,1.020519836,747,0,747,731
47341A,FUSCHIA TABLE RUN FLOWER ,29,46.25,2.321428571,13-09-2010,08-06-2011,7,3,4.142857143,0,0.107806691,22,0,22,269
47341B,BLUE TABLE RUN FLOWER,48,67.5,1.785714286,09-12-2009,30-11-2011,14,2,3.428571429,0,0.066481994,48,0,48,722
47343A,FUSCHIA FLOWER PURSE WITH BEADS,200,206.26,1.1875,17-12-2009,07-08-2011,23,3,9.090909091,0,0.333889816,193,0,193,599
47344B,BLUE FLOWER DES PURSE,54,56.16,1.082,17-12-2009,02-06-2011,10,2,5.4,0,0.101313321,38,0,38,533
47347B,BLUE FLOWER T-LIGHT HOLDER,240,179.88,1.64,07-12-2009,08-03-2010,11,1,21.81818182,0,2.608695652,118,0,118,92
47348A,FUSCHIA VOILE POINTY SHOE DEC,103,62.01,0.78,11-04-2010,01-09-2011,16,3,6.4375,0,0.202357564,104,0,104,509
47351B,BLUE  VOILE LAMPSHADE,98,269.9,2.921428571,06-12-2009,06-11-2011,14,2,7,0.489795918,0.139800285,98,48,50,701
47367B,PAIR PADDED HANGERS PINK CHECK,242,834.95,3.528854167,14-12-2009,26-10-2011,95,5,2.781609195,0.004065041,0.35483871,246,1,245,682
47369A,PINK GREEN EMBROIDERY COSMETIC BAG,48,140.4,3.0524,08-03-2010,01-12-2011,25,2,2.086956522,0,0.075709779,52,0,52,634
47369B,BLUE GREEN EMBROIDERY COSMETIC BAG,54,153.18,3.187241379,13-12-2009,01-12-2011,29,1,2,0,0.075104312,58,0,58,719
47503A,ASS FLORAL PRINT MULTI SCREWDRIVER,2853,1405.51,0.63315,02-12-2009,28-11-2011,195,10,20.23404255,0.006377325,3.92434663,5645,36,5609,727
47503E,ASS FLORAL PRINT SCISSORS,6842,1186.9,1.206,08-12-2009,28-09-2010,25,5,273.68,0,23.19322034,6807,0,6807,295
47503F,ASS FLORAL PRINT TORCH,2567,729.95,1.522727273,02-12-2009,09-03-2010,11,2,256.7,0.000194439,26.19387755,5143,1,5142,98
47503G,ASS FLORAL PRINT TAPE MEASURE,284,367.36,1.569722222,02-12-2009,12-03-2010,35,2,10.14285714,0,2.811881188,17,0,17,101
47503H,ASS FLORAL PRINT SPIRIT LEVEL ,160,246.12,1.917936508,08-12-2009,07-12-2011,60,1,2.909090909,0.004098361,0.219178082,244,1,243,730
47503J,SET/3 FLORAL GARDEN TOOLS IN BAG,343,2703.25,10.90189189,01-12-2009,07-12-2010,74,3,5.359375,0.054755043,0.922043011,347,19,328,372
47503J ,SET/3 FLORAL GARDEN TOOLS IN BAG,1,16.13,16.13,05-07-2010,05-07-2010,1,1,1,0,1,1,0,1,1
47503K,ASSORTED FLORAL SECATEURS,3177,1389.44,2.262325581,01-12-2009,21-06-2010,42,3,88.25,0.001023541,15.65024631,2931,3,2928,203
47504E,ENGLISH ROSE SCISSORS,4387,931.86,1.849375,01-12-2009,12-10-2010,48,6,102.0232558,0,13.88291139,4071,0,4071,316
47504F,ENGLISH ROSE TORCH,527,196.46,1.672142857,01-12-2009,15-02-2010,14,2,65.875,0,6.844155844,-2388,0,-2388,77
47504G,ENGLISH ROSE TAPE MEASURE,266,366.81,1.928596491,01-12-2009,11-05-2010,57,5,6.487804878,-0.000351,1.641975309,-2849,1,-2850,162
47504H,ENGLISH ROSE SPIRIT LEVEL ,1028,1113.07,2.128857143,03-12-2009,09-12-2011,140,8,9.261261261,0.003879728,1.394843962,1031,4,1027,737
47504J,ENGLISH ROSE SET/3 GARDEN TOOLS,5,67.25,14.825,03-12-2009,16-12-2009,4,1,1.666666667,-0.054054054,0.357142857,-74,4,-78,14
47504K,ENGLISH ROSE GARDEN SECATEURS,2654,3096.08,1.872649842,01-12-2009,09-11-2011,312,9,11.84821429,0.008983258,3.743300423,2449,22,2427,709
47518F,ICON PLACEMAT POP ART ELVIS,903,153.14,0.413529412,26-01-2010,29-11-2011,34,5,27.36363636,0,1.341753343,903,0,903,673
47518f,ICON PLACEMAT POP ART ELVIS,9,37.75,4.194444444,01-12-2009,26-10-2011,9,1,1,0,0.01294964,9,0,9,695
47552A,DOTS IRONING BOARD COVER,12,23.4,1.95,10-12-2009,17-06-2010,11,1,1.333333333,0.166666667,0.063157895,12,2,10,190
47556B,TEA TIME TEA TOWELS ,5201,13691.02,3.198761062,01-12-2009,18-04-2011,449,8,22.81140351,0.024559194,10.31944444,6352,156,6196,504
47556b,TEA TIME TEA TOWELS ,4,23.64,5.91,19-02-2010,02-08-2010,4,1,1,0,0.024242424,4,0,4,165
47559B,TEA TIME OVEN GLOVE,5116,6311.69,1.407918425,08-12-2009,09-12-2011,701,17,13.18556701,0.01048951,6.989071038,5148,54,5094,732
47559b,TEA TIME OVEN GLOVE,154,511.46,3.289545455,19-02-2010,08-12-2011,44,1,3.756097561,0,0.234042553,171,0,171,658
47563A,RETRO LONGBOARD IRONING BOARD COVER,343,836.62,3.34384106,02-12-2009,09-12-2011,151,2,2.722222222,0.011527378,0.464769648,347,4,343,738
47563B,WAVELINE SURF IRONING BOARD COVER,8,30,3.75,14-02-2010,28-11-2010,6,1,1.333333333,0,0.027777778,-2,0,-2,288
47566B,TEA TIME PARTY BUNTING,5801,25803.49,5.292057292,01-12-2009,04-12-2011,761,13,16.15877437,0.417304747,7.903269755,3918,1635,2283,734
47566b,TEA TIME PARTY BUNTING,212,1761.26,8.317079646,24-06-2010,08-11-2011,113,1,3.655172414,0,0.421471173,217,0,217,503
47567B,TEA TIME KITCHEN APRON,2166,11683.27,6.212670455,10-12-2009,05-12-2011,348,13,9.025,0.006043701,2.983471074,2151,13,2138,726
47567b,TEA TIME KITCHEN APRON,3,38.72,12.90666667,22-12-2009,19-11-2010,3,1,1.5,0,0.009009009,3,0,3,333
47570B,TEA TIME TABLE CLOTH,973,9622.27,11.80880531,01-12-2009,29-03-2011,224,8,5.861445783,0.002197802,2.010330579,910,2,908,484
47570b,TEA TIME TABLE CLOTH,8,169.4,21.175,24-06-2010,25-01-2011,8,1,1,0,0.037037037,9,0,9,216
47574A,ENGLISH ROSE SCENTED HANGING FLOWER,573,792.73,2.302230769,09-12-2009,07-10-2011,129,6,5.96875,0.003868472,0.857784431,517,2,515,668
47574B,ENGLISH ROSE SCENTED HANGING HEART,49,208.25,4.25,06-01-2010,18-05-2011,27,1,2.130434783,0,0.098393574,37,0,37,498
47578A,ENGLISH ROSE SMALL SCENTED FLOWER,307,279.88,1.051216216,02-12-2009,08-12-2011,69,3,4.873015873,0,0.416553596,324,0,324,737
47581B,FAIRY CAKE WICKER PICNIC BASKET ,46,753.77,16.31944444,08-12-2009,25-05-2010,36,3,1.393939394,0.024390244,0.272189349,41,1,40,169
47583A,SET OF 3 WICKER BASKET ROSE,71,612.82,26.30333333,11-01-2010,17-02-2010,6,1,11.83333333,0.03030303,1.868421053,66,2,64,38
47583B,SET OF 3 WICKER BASKET TEA AND CAKE,27,332.6,21.95833333,16-12-2009,17-02-2010,6,1,5.4,0,0.421875,15,0,15,64
47585A,PINK FAIRY CAKE CUSHION COVER,1084,2612.88,4.460067568,07-12-2009,01-12-2011,148,9,9.186440678,0.011970534,1.495172414,1086,13,1073,725
47586A,PINK FAIRY CAKE CUSHION COVER,200,270.43,2.32,14-12-2009,23-11-2011,29,3,7.692307692,0,0.281690141,204,0,204,710
47587A,PINK FAIRY CAKE COASTER,2706,1099.88,1.231153846,01-12-2009,14-05-2010,26,3,112.75,0.446760983,16.4,2686,1200,1486,165
47590A,BLUE HAPPY BIRTHDAY BUNTING,4752,24174.01,5.787956522,02-12-2009,06-12-2011,689,23,13.5,0.038931456,6.465306122,4829,188,4641,735
47590B,PINK HAPPY BIRTHDAY BUNTING,5738,29363.86,5.736230068,07-12-2009,09-12-2011,872,23,13.56501182,0.010036978,7.828103683,5679,57,5622,733
47590a,BLUE HAPPY BIRTHDAY BUNTING,1,11.02,11.02,07-07-2010,07-07-2010,1,1,1,0,1,1,0,1,1
47590b,PINK HAPPY BIRTHDAY BUNTING,13,140.5,10.813,19-11-2010,13-11-2011,10,1,1.444444444,0,0.036111111,13,0,13,360
47591A,CAROUSEL DES CHILD'S APRON,163,269.54,1.654714286,01-12-2009,24-08-2010,70,4,2.629032258,0.044585987,0.610486891,157,7,150,267
47591B,SCOTTIES DES CHILD'S APRON,1054,1696.05,1.669716312,01-12-2009,02-02-2011,281,6,5.697297297,0,2.456876457,909,0,909,429
47591C,BLUE FAIRY CAKE CHILD'S APRON,1051,2012.43,2.091446541,01-12-2009,15-08-2010,159,4,10.00952381,0,4.073643411,797,0,797,258
47591D,PINK FAIRY CAKE CHILD'S APRON,9390,17442.29,2.115382609,01-12-2009,08-12-2011,1140,23,20.10706638,0.001287692,12.72357724,9319,12,9307,738
47591b,SCOTTIES CHILDRENS APRON,8,33.6,4.19,22-09-2010,08-12-2011,4,1,2.666666667,0,0.018058691,8,0,8,443
47591c,BLUE FAIRY CAKE CHILD'S APRON,4,16.84,4.21,04-06-2010,07-07-2010,3,1,1.333333333,0,0.117647059,4,0,4,34
47591d,PINK FAIRY CAKE CHILDRENS APRON,253,1274.38,4.989166667,13-08-2010,29-11-2011,72,1,4.865384615,0,0.533755274,290,0,290,474
47592A,CAROUSEL DES CHILD'S OVERALL,331,637.37,1.842079208,02-12-2009,13-09-2010,101,5,4.355263158,0,1.157342657,303,0,303,286
47592B,SCOTTIES DESIGN CHILD'S OVERALL,67,131.9,1.933103448,03-12-2009,21-07-2010,29,2,2.68,0,0.29004329,74,0,74,231
47593A,CAROUSEL DESIGN BABY BIB,303,306.67,0.940505051,07-12-2009,29-03-2011,97,5,3.835443038,0,0.633891213,318,0,318,478
47593B,SCOTTIES DESIGN BABY BIB,2341,1320.99,0.791828255,02-12-2009,08-12-2011,356,10,9.038610039,0,3.176390773,2367,0,2367,737
47593a,CAROUSEL DESIGN BABY BIB,1,2.51,2.51,26-05-2010,26-05-2010,1,1,1,0,1,1,0,1,1
47593b,SCOTTIE DOGS BABY BIB,6,4.98,0.83,31-10-2011,31-10-2011,1,1,6,0,6,6,0,6,1
47594A,CAROUSEL DESIGN WASHBAG,344,678.3,2.083714286,14-12-2009,24-11-2011,105,7,3.909090909,0.069364162,0.483825598,346,24,322,711
47594B,SCOTTIES DESIGN WASHBAG,408,808.39,2.153606557,03-12-2009,08-11-2011,122,8,4.121212121,0.056097561,0.577903683,410,23,387,706
47594a,CAROUSEL DESIGN WASHBAG,1,4.21,4.21,05-05-2010,05-05-2010,1,1,1,0,1,1,0,1,1
47599A,PINK PARTY BAGS,5967,11180.57,2.287989276,04-12-2009,02-12-2011,369,17,22.26492537,0.026926961,8.185185185,5942,160,5782,729
47599B,BLUE PARTY BAGS ,3492,6662.54,2.223910035,11-01-2010,02-12-2011,286,15,15.1826087,0.057735426,5.053545586,3568,206,3362,691
48173A,DOOR MAT BLUE FLOCK,1,6.75,6.75,26-01-2010,26-01-2010,1,1,1,0,1,-1,0,-1,1
48173C,DOOR MAT BLACK FLOCK ,4077,23132.92,7.908383234,01-12-2009,08-12-2011,500,9,13.1516129,0.001726264,5.524390244,4055,7,4048,738
48173c,DOOR MAT BLACK FLOCK ,70,1123.55,15.67027027,01-12-2009,03-05-2011,37,1,2.5,0,0.134874759,78,0,78,519
51012C,"FEATHER DUSTER, COAL BLACK",171,213.75,1.25,01-12-2009,26-02-2010,27,1,9,0.016483516,1.943181818,182,3,179,88
51012L,"FEATHER DUSTER, LIGHT PINK",10,12.5,1.25,03-12-2009,11-12-2009,6,1,2,-0.028571429,1.111111111,-35,1,-36,9
51014A,"FEATHER PEN,HOT PINK",6671,4556.5,0.824388298,01-12-2009,09-12-2011,376,11,27.68049793,0.028854691,9.027063599,6758,195,6563,739
51014C,"FEATHER PEN,COAL BLACK",4268,2751.5,0.828458647,01-12-2009,08-12-2011,265,10,20.92156863,0.07400681,5.783197832,4405,326,4079,738
51014L,"FEATHER PEN,LIGHT PINK",3445,2222.35,0.775947137,04-12-2009,09-12-2011,226,10,19.46327684,0.058402519,4.680706522,3493,204,3289,736
51014c,"FEATHER PEN,COAL BLACK",1,0.83,0.83,31-10-2011,31-10-2011,1,1,1,0,1,1,0,1,1
51020A,SUMMER FUN DESIGN SHOWER CAP,1303,463.31,0.8276,16-12-2009,27-04-2011,50,2,27.72340426,0.001485884,2.616465863,1346,2,1344,498
51020B,STRIPY DESIGN SHOWER CAP,1084,488.12,0.962,04-12-2009,27-04-2011,60,1,19.01754386,0.001733102,2.125490196,1154,2,1152,510
62043B,BLUE CHECK BAG W HANDLE 34X20CM,54,75.16,1.24,30-04-2010,19-05-2011,10,1,5.4,0.016666667,0.14025974,60,1,59,385
62074B,ELEPHANT CLIP W SUCTION CUP,38,15.96,0.42,13-12-2009,12-07-2011,12,1,3.454545455,0,0.065857886,38,0,38,577
62086A,PINK RETRO BIG FLOWER BAG,113,220.35,1.95,01-03-2010,23-06-2011,24,1,5.136363636,0,0.235416667,113,0,113,480
62094B,TURQ ICE CREAM BUM BAG ,305,677.99,3.935820896,19-01-2010,04-02-2011,67,5,4.919354839,0,0.798429319,214,0,214,382
62095B,TURQOISE ICE CREAM SUNHAT,292,310.83,1.558095238,01-02-2010,28-11-2010,21,3,15.36842105,0,0.970099668,264,0,264,301
62096A,PINK/YELLOW FLOWERS HANDBAG,383,592.79,2.248791209,07-01-2010,24-02-2011,89,3,5.106666667,0,0.925120773,307,0,307,414
62096B,PURPLE/TURQ FLOWERS HANDBAG,257,441.99,2.315542169,07-12-2009,07-03-2011,82,2,3.779411765,0,0.563596491,244,0,244,456
62097A,PINK STRIPES SHOULDER BAG,3,8.85,2.95,11-12-2009,06-08-2010,3,1,1,0,0.012552301,6,0,6,239
62097B,BLUE STRIPES SHOULDER BAG,11,13.37,1.36,16-06-2010,23-05-2011,4,1,2.75,0,0.032163743,-3,0,-3,342
71028B,SILVER BLUE EGG T-LIGHT HOLDER,494,227.48,1.840769231,01-12-2009,17-01-2010,13,1,44.90909091,0,10.29166667,385,0,385,48
71101A,ANGEL ON KNEES METAL POLE 100CM H,6,5.1,0.85,13-12-2009,13-12-2009,1,1,6,0,6,-37,0,-37,1
71101E,STANDING FAIRY POLE SUPPORT ,777,626.13,0.836458333,13-12-2009,21-11-2011,47,4,16.53191489,0.003851091,1.095909732,779,3,776,709
71406C,BLACK ORANGE SQUEEZER,210,89.92,0.469142857,03-12-2009,29-11-2011,35,3,6,0,0.288858322,223,0,223,727
71434B,"BLACK RND BULLET""KEEP CLEAN"" BIN",2,5.1,2.55,26-01-2010,10-03-2010,2,1,1,0,0.045454545,-11,0,-11,44
71495A,CD WALL TIDY BLUE OFFICE,225,87.96,0.6395,09-02-2010,24-11-2011,20,1,11.25,0.004444444,0.344036697,225,1,224,654
71495B,CD WALL TIDY RED FLOWERS,294,111.57,0.545,28-01-2010,24-11-2011,18,3,17.29411765,0,0.441441441,306,0,306,666
71496A,A4 WALL TIDY BLUE OFFICE,244,148.01,1.050588235,01-03-2010,02-11-2011,17,3,14.35294118,0,0.39869281,260,0,260,612
71496B,A4 WALL TIDY RED FLOWERS,15,8.67,0.59,20-04-2010,02-11-2011,6,1,2.5,0,0.026690391,15,0,15,562
72023F,RED ORGANIC CANDLE IN GLASS,640,669.62,1.35,01-12-2009,08-08-2010,49,1,16.84210526,0,2.549800797,558,0,558,251
72024U,LILAC VOTIVE CANDLE,220,46.2,0.21,02-12-2009,27-06-2011,11,1,20,0,0.383944154,222,0,222,573
72038P,PRICE'S CANDLE PEACH,1050,116.5,0.152222222,02-12-2009,27-08-2010,9,1,116.6666667,0.833333333,3.903345725,60,50,10,269
72045D,ROSES ON BLUE TEACUP CANDLE ,539,918.65,2.98,03-12-2009,03-03-2010,6,1,179.6666667,0.468401487,5.923076923,1076,504,572,91
72051S,BAG OF SILVER STONES,300,190.89,0.672181818,01-12-2009,13-04-2011,54,1,6,0,0.601202405,209,0,209,499
72083A,STRAWBERY SWIRL FLARE CANDLE,24,50.4,2.1,24-02-2010,31-03-2010,7,1,4.8,0,0.666666667,24,0,24,36
72084B,CHOCOLATE ICE CREAM CANDLE,2,3.9,1.95,26-03-2010,26-03-2010,1,1,2,0,2,-69,0,-69,1
72140E,BEST DAD CANDLE LETTERS,218,156.72,0.892758621,07-12-2009,16-10-2011,29,2,7.785714286,0.00456621,0.321060383,219,1,218,679
72140F,HAPPY ANNIVERSARY CANDLE LETTERS,175,69.18,0.416,01-12-2009,24-11-2010,14,7,13.46153846,0,0.487465181,-5193,0,-5193,359
72225C,LAVENDER SCENT CAKE CANDLE,1926,466.38,0.268947368,17-12-2009,29-11-2011,38,4,52.05405405,0.527472527,2.701262272,91,48,43,713
72225D,VANILLA SCENT CAKE CANDLE ,962,219.46,0.268181818,17-12-2009,13-05-2010,11,2,87.45454545,0,6.5,-16,0,-16,148
72349B,SET/6 PURPLE BUTTERFLY T-LIGHTS,1990,4049.99,2.432474227,01-12-2009,09-12-2011,287,3,9.128440367,0.005925926,2.692828146,2025,12,2013,739
72349b,SET/6 PURPLE BUTTERFLY T-LIGHTS,204,848.41,4.165357143,01-12-2009,09-12-2011,112,1,2.794520548,0,0.276048714,218,0,218,739
72351A,SET/6 TURQUOISE BUTTERFLY T-LIGHTS,3728,7368.68,2.299032258,02-12-2009,08-12-2011,399,5,12.59459459,0.009037746,5.05834464,3762,34,3728,737
72351B,SET/6 PINK  BUTTERFLY T-LIGHTS,5785,11184.89,2.362924901,03-12-2009,07-12-2011,499,5,17.8,0.021817557,7.870748299,5821,127,5694,735
72351a,SET/6 TURQUOISE BUTTERFLY T-LIGHTS,37,154.89,4.184285714,19-02-2010,26-10-2011,28,1,1.423076923,0,0.060162602,40,0,40,615
72369A,PINK CLEAR GLASS CANDLE PLATE,67,101.29,1.747333333,03-12-2009,28-11-2011,14,1,4.785714286,0,0.092286501,67,0,67,726
72529W,WHITE ADVENT CANDLE,464,918.75,2.45787234,01-12-2009,30-09-2010,47,2,16,0.194225722,1.526315789,381,74,307,304
72529w,WHITE ADVENT CANDLE,1,4.3,4.3,01-12-2009,01-12-2009,1,1,1,0,1,1,0,1,1
72606A,BROWN ANTIQUE CUBE CANDLE,226,94.92,0.42,11-01-2010,05-10-2010,18,1,14.125,0,0.843283582,181,0,181,268
72739B,WHITE CHOCOLATE SCENT CANDLE,394,328.39,1.835357143,01-12-2009,26-01-2010,28,2,23.17647059,0,6.912280702,268,0,268,57
72739C,DARK CHOCOLATE SCENTCANDLE,326,279.08,1.67826087,02-12-2009,27-01-2010,23,1,20.375,0.396825397,5.719298246,63,25,38,57
72740A,LARGE STRAWBERRY CHOCOLATE CANDLE,65,141.23,3.861666667,02-12-2009,05-01-2010,12,1,7.222222222,0,1.857142857,22,0,22,35
72740B,LARGE WHITE CHOCOLATE CANDLE,1,5.06,5.06,11-01-2010,11-01-2010,1,1,1,0,1,-75,0,-75,1
72750A,"F.FAIRY S/3 CANDLE/GLASS,LILY/VALLY",383,766.85,2.45,02-12-2009,23-04-2010,16,2,25.53333333,0.006079027,2.678321678,329,2,327,143
72750B,"F.FAIRY S/3 CANDLE/GLASS,LAVENDER",496,1047.2,3.078205128,14-12-2009,11-11-2010,39,3,13.40540541,0.039823009,1.489489489,452,18,434,333
72750C,"F.FAIRY S/3 CANDLE/GLASS, ROSE",232,476.4,2.75,01-12-2009,30-03-2010,15,3,17.84615385,0,1.933333333,242,0,242,120
72750D,F.FAIRY S/3 CANDLE/GLASS,110,226.5,2.677272727,07-12-2009,28-01-2010,11,2,10,0,2.075471698,102,0,102,53
72751A,"F.FAIRY S/3 SML CANDLE,LILY/VALLEY",1,5.95,5.95,04-12-2009,04-12-2009,1,1,1,0,1,-10,0,-10,1
72751B,"F.FAIRY S/3 SML CANDLE, LAVENDER",1,5.95,5.95,04-12-2009,04-12-2009,1,1,1,0,1,-12,0,-12,1
72751C,"F.FAIRY S/3 SML CANDLE, ROSE",1,5.95,5.95,07-02-2010,07-02-2010,1,1,1,0,1,-20,0,-20,1
72752A,"F.FAIRY,CANDLE IN GLASS,LILY/VALLEY",1,4.25,4.25,04-12-2009,04-12-2009,1,1,1,0,1,-17,0,-17,1
72752B,"F.FAIRY,CANDLE IN GLASS,LAVENDER",3,12.75,4.25,04-12-2009,11-12-2009,2,1,1.5,0,0.375,-18,0,-18,8
72753A,S/3 FLWR FAIRY LILLY CANDLES,315,690.24,3.735,01-12-2009,27-01-2010,14,3,24.23076923,0,5.431034483,313,0,313,58
72753B,S/3 FLWR FAIRY LAVENDER CANDLES,445,957.73,3.341428571,04-12-2009,26-03-2010,14,2,34.23076923,0,3.938053097,422,0,422,113
72753C,S/3 FLWR FAIRY ROSE CANDLES,43,107.68,4.021666667,06-12-2009,20-01-2010,6,2,7.166666667,0,0.934782609,36,0,36,46
72753D,S/3 FLWR FAIRY SUMMER CANDLES,144,302.4,2.1,06-12-2009,17-01-2010,9,2,18,0.124031008,3.348837209,129,16,113,43
72754A,FLOWER FAIRY POTPOURRI CUSHION LILY,292,201.24,1.066,04-12-2009,24-02-2010,5,1,73,0,3.518072289,230,0,230,83
72754B,F FAIRY POTPOURRI CUSHIONS LAVENDER,170,137.54,1.17,01-12-2009,08-01-2010,8,2,24.28571429,0,4.358974359,126,0,126,39
72754D,F FAIRY POTPOURRI CUSHIONS SUMMER,1,1.69,1.69,02-12-2009,02-12-2009,1,1,1,0,1,-106,0,-106,1
72755C,FLOWER FAIRY OIL BURNER SET ROSE,592,767,1.892857143,22-12-2009,26-03-2010,14,2,45.53846154,0.023157895,6.231578947,475,11,464,95
72755D,FLOWER FAIRY OIL BURNER SET SUMMER,533,693.25,1.942307692,04-12-2009,26-03-2010,13,2,44.41666667,0,4.716814159,381,0,381,113
72760B,VINTAGE CREAM 3 BASKET CAKE STAND,1699,16409.02,10.82219758,01-12-2009,09-12-2011,494,14,5.961403509,0.011883541,2.299052774,1683,20,1663,739
72771B,BURG FLOCK GOLD CUP/CANDLE ,117,56.9,1.282222222,10-12-2009,15-12-2009,8,1,29.25,0,19.5,42,0,42,6
72771C,BLACK FLOCK GOLD CANDLE,54,42.08,1.713333333,07-12-2009,13-12-2009,6,1,13.5,0,7.714285714,50,0,50,7
72785A,S/4 CONTEMPORY PINK ROSEBUD CANDLES,8,16.8,2.1,11-12-2009,19-02-2010,4,1,2,0,0.112676056,15,0,15,71
72785B,S/4 CONTEMPORY RED ROSEBUD CANDLES,9,10.9,1.566666667,11-12-2009,29-01-2010,3,1,3,0,0.18,10,0,10,50
72796A,S/3 ENGLISH LAVENDER SQU CANDLE,11,18.15,1.65,02-12-2009,29-04-2010,5,1,2.2,0,0.073825503,-1,0,-1,149
72796B,S/3 FRENCH VANILLA SQU CANDLE,27,44.55,1.65,02-12-2009,04-07-2010,12,1,2.25,0,0.125581395,31,0,31,215
72796C,S/3 ROSE GARDEN SCENT SQU CANDLE,1,1.65,1.65,17-01-2010,17-01-2010,1,1,1,0,1,-3,0,-3,1
72798C,SET/4 GARDEN ROSE DINNER CANDLE,28,53.11,2.110666667,01-12-2009,03-02-2011,15,1,1.866666667,0,0.065116279,17,0,17,430
72799A,BLACK PILLAR CANDLE SILVER FLOCK,612,877.8,2.455555556,03-12-2009,04-08-2010,18,1,36,0,2.497959184,628,0,628,245
72799B,PURPLE PILLAR CANDLE BLACK FLOCK,322,467.71,3.664375,01-12-2009,05-01-2010,16,2,35.77777778,0,8.944444444,299,0,299,36
72799C,PINK PILLAR CANDLE SILVER FLOCK,471,783.1,3.06625,01-12-2009,07-12-2011,48,1,11.48780488,0,0.639077341,471,0,471,737
72799D,BLUE PILLAR CANDLE SILVER FLOCK,78,260.67,3.742105263,01-12-2009,29-09-2010,18,2,4.333333333,0,0.257425743,90,0,90,303
72799E,IVORY PILLAR CANDLE SILVER FLOCK,1232,2600.64,2.941452514,01-12-2009,08-12-2011,178,5,9.194029851,0.009486166,1.669376694,1265,12,1253,738
72799F,IVORY PILLAR CANDLE GOLD FLOCK,1125,2082.74,3.110754717,01-12-2009,25-11-2011,102,5,13.39285714,0,1.551724138,1085,0,1085,725
72800A,S/4 BLACK DINNER CANDLE SILVER FLOC,674,743.26,2.982173913,01-12-2009,16-05-2010,46,2,16.85,0,4.035928144,530,0,530,167
72800B,S/4 PURPLE DINNER CANDLE BLK FLOCK,985,1276.78,2.621276596,04-12-2009,08-12-2011,91,4,12.3125,0.001996008,1.340136054,1002,2,1000,735
72800C,S/4 PINK DINNER CANDLE SILVER FLOCK,660,924.84,2.655625,07-12-2009,08-12-2011,78,3,8.918918919,0,0.901639344,662,0,662,732
72800D,S/4 BLUE DINNER CANDLE SILVER FLOCK,631,1020.21,2.709534884,04-12-2009,28-11-2011,86,3,8.08974359,0.003144654,0.870344828,636,2,634,725
72800E,4 IVORY DINNER CANDLES SILVER FLOCK,1388,2613.82,2.494217687,01-12-2009,09-12-2011,286,6,6.974874372,0.008224812,1.878213802,1459,12,1447,739
72800F,4 IVORY DINNER CANDLES GOLD FLOCK,822,1060.19,2.497391304,01-12-2009,21-11-2010,67,4,16.11764706,0,2.308988764,820,0,820,356
72801C,S/4 ROSE PINK DINNER CANDLES,708,531.36,1.368035714,11-12-2009,08-12-2011,56,3,13.88235294,0.016901408,0.972527473,710,12,698,728
72801D,S/4 SKY BLUE DINNER CANDLES,553,446.17,1.450655738,04-12-2009,08-12-2011,61,2,10.05454545,0,0.752380952,566,0,566,735
72801E,S/4 FESTIVE GREEN DINNER CANDLES,769,404.75,1.19875,01-12-2009,02-09-2010,24,1,36.61904762,0,2.786231884,704,0,704,276
72801F,S/4 FESTIVE RED DINNER CANDLES,234,292.5,1.25,01-12-2009,28-01-2010,25,1,15.6,0,3.966101695,227,0,227,59
72801G,S/4 BURGUNDY WINE DINNER CANDLES,1323,796.12,1.353692308,01-12-2009,15-11-2011,64,1,21.68852459,0,1.85034965,1334,0,1334,715
72801c,S/4 ROSE PINK DINNER CANDLES,62,153.67,2.475277778,19-02-2010,07-12-2011,36,1,2.296296296,0,0.094368341,62,0,62,657
72801d,S/4 SKY BLUE DINNER CANDLES,103,254.98,2.476393443,25-01-2010,08-12-2011,61,1,2.145833333,0,0.150805271,103,0,103,683
72801e,S/4 FESTIVE GREEN DINNER CANDLES,7,17.57,2.51,29-03-2010,12-08-2010,4,1,1.75,0,0.051094891,7,0,7,137
72801g,S/4 BURGUNDY WINE DINNER CANDLES,10,25.1,2.51,19-02-2010,04-11-2010,3,1,3.333333333,0,0.038610039,10,0,10,259
72802A,ROSE SCENT CANDLE IN JEWELLED BOX,914,3789.9,4.502459016,02-12-2009,01-12-2011,182,7,6.134228188,0.069875776,1.252054795,644,45,599,730
72802B,OCEAN SCENT CANDLE IN JEWELLED BOX,1559,4258.97,4.411596244,01-12-2009,03-11-2011,212,6,9.063953488,0.352307692,2.217638691,1300,458,842,703
72802C,VANILLA SCENT CANDLE JEWELLED BOX,2184,6047.56,4.57295203,01-12-2009,04-11-2011,269,5,11.14285714,0.240952381,3.102272727,2100,506,1594,704
72802a,ROSE SCENT CANDLE IN JEWELLED BOX,9,74.97,8.38,08-06-2010,08-07-2011,4,1,2.25,0,0.022727273,9,0,9,396
72802c,VANILLA SCENT CANDLE JEWELLED BOX,1,8.29,8.29,23-11-2011,23-11-2011,1,1,1,0,1,1,0,1,1
72803A,ROSE SCENT CANDLE JEWELLED DRAWER,724,1553.5,4.382680412,02-12-2009,06-11-2011,97,5,7.956043956,0.005797101,1.026950355,690,4,686,705
72803B,OCEAN SCENT CANDLE JEWELLED DRAWER,92,407.88,4.472105263,03-12-2009,01-11-2010,36,1,2.787878788,0.011904762,0.275449102,168,2,166,334
72803b,OCEAN SCENT CANDLE JEWELLED DRAWER,1,8.47,8.47,03-12-2010,03-12-2010,1,1,1,0,1,2,0,2,1
72807A,SET/3 ROSE CANDLE IN JEWELLED BOX,924,4213.54,5.681651376,01-12-2009,24-11-2011,216,9,5.634146341,0.08994709,1.276243094,189,17,172,724
72807B,SET/3 OCEAN SCENT CANDLE JEWEL BOX,1059,4645.87,5.263973799,01-12-2009,24-11-2011,225,8,5.916201117,0.162790698,1.462707182,172,28,144,724
72807C,SET/3 VANILLA SCENTED CANDLE IN BOX,1983,8489.17,5.353505747,01-12-2009,25-11-2011,345,10,8.331932773,0.142166344,2.735172414,1034,147,887,725
72807a,SET/3 ROSE CANDLE IN JEWELLED BOX,9,74.79,8.32,29-03-2010,25-11-2011,6,1,1.5,0,0.014827018,9,0,9,607
72807b,SET/3 OCEAN SCENT CANDLE JEWEL BOX,26,220.94,8.488947368,22-12-2009,15-04-2011,19,1,2.363636364,0,0.054166667,26,0,26,480
72807c,SET/3 VANILLA SCENTED CANDLE IN BOX,60,511.98,8.494545455,01-12-2009,23-11-2011,44,1,2.307692308,0,0.082987552,60,0,60,723
75013B,"STRING OF 8 BUTTERFLIES,PINK",390,669.62,2.02275,01-12-2009,16-01-2011,76,2,5.652173913,0.001926782,0.946601942,519,1,518,412
75049L,LARGE CIRCULAR MIRROR MOBILE,13968,13153.8,1.554119318,02-12-2009,07-12-2011,344,1,60.46753247,0.064518434,18.97826087,13996,903,13093,736
75149N,STRING CRYSTALS NATURAL,272,340,1.25,04-12-2009,04-05-2010,25,1,12.36363636,0,1.789473684,-120,0,-120,152
77101A,UNION FLAG WINDSOCK,1082,1255.97,1.501235955,06-12-2009,21-03-2011,88,2,13.525,0,2.297239915,1005,0,1005,471
78034B,BLUE NETTING STORAGE HANGER,15,29.25,1.95,16-06-2010,02-10-2011,9,1,1.666666667,0,0.03164557,16,0,16,474
79026B,"S/4 ICON COASTER,ELVIS LIVES",69,89.25,1.595945946,01-12-2009,18-05-2011,37,1,2.15625,0,0.129213483,47,0,47,534
79030A,"TUMBLER, ENGLISH ROSE",171,438.25,5.692424242,01-12-2009,29-07-2010,33,6,6.576923077,0,0.709543568,-46,0,-46,241
79030D,"TUMBLER, BAROQUE",1009,711.64,2.040163934,08-12-2009,10-11-2011,61,5,18.01785714,0.002695418,1.435277383,371,1,370,703
79030G,"TUMBLER, NEW ENGLAND",1751,1462.95,2.966694215,02-12-2009,03-06-2011,121,9,19.45555556,0,3.189435337,1337,0,1337,549
79051A,SMOKEY GREY COLOUR D.O.F. GLASS,938,380.34,0.73,02-12-2009,07-12-2011,54,4,18.39215686,0,1.274456522,948,0,948,736
79051a,SMOKEY GREY COLOUR D.O.F. GLASS,1,6.04,6.04,22-12-2009,22-12-2009,1,1,1,0,1,1,0,1,1
79062D,"RETRO TIN ASHTRAY,REVOLUTIONARY",52,19.4,0.38,17-02-2011,16-08-2011,4,1,13,0,0.287292818,1012,0,1012,181
79063C,"RETRO PILL BOX KEY CHAIN,THE KING",235,43.65,0.189285714,09-03-2011,08-12-2011,14,2,16.78571429,0,0.854545455,555,0,555,275
79063D,"RETRO PILL BOX , REVOLUTIONARY",189,35.14,0.21,09-02-2011,27-11-2011,11,1,18.9,0,0.647260274,2750,0,2750,292
79065A,TEATIME ROUND CAKE TINS ,4,39.8,9.95,02-12-2009,02-12-2009,1,1,4,0.166666667,4,6,1,5,1
79066K,RETRO MOD TRAY,1377,1200.25,1.082946058,07-12-2009,09-12-2011,240,7,7.134715026,0.015341702,1.878581173,1434,22,1412,733
79066k,RETRO MOD TRAY,26,42.71,1.645,19-02-2010,20-11-2011,16,1,1.625,0,0.040625,27,0,27,640
79070b,ENGLISH ROSE SQUARE CAKE TINS,1,11.26,11.26,01-12-2009,01-12-2009,1,1,1,0,1,1,0,1,1
79071B,ENGLISH ROSE METAL WASTE BIN,142,433.7,3.174242424,01-02-2010,13-06-2011,66,2,2.290322581,0,0.285140562,146,0,146,498
79144B,PAINTED LIGHTBULB STAR+ MOON,350,181.03,0.648152174,04-12-2009,08-12-2011,91,4,4.430379747,0,0.476190476,360,0,360,735
79144C,PAINTED LIGHTBULB RAINBOW DESIGN,306,180.14,0.731443299,14-12-2009,08-12-2011,97,2,3.477272727,0,0.422068966,313,0,313,725
79149B,SILICON STAR BULB  BLUE,29,12.18,0.42,04-12-2009,06-12-2011,12,1,2.416666667,0,0.039563438,32,0,32,733
79151B,"SILICON CUBE 25W, BLUE",11,4.62,0.42,05-12-2010,28-11-2011,2,1,5.5,0,0.030640669,12,0,12,359
79157B,UBO-LIGHT TRIOBASE BLUE,5,4.25,0.85,07-02-2010,06-12-2011,3,1,1.666666667,0,0.00748503,5,0,5,668
79157V,UBO-LIGHT TRIOBASE PURPLE,5,4.25,0.85,09-10-2011,03-11-2011,3,1,1.666666667,0,0.192307692,5,0,5,26
79161A,ST GEORGE SET OF 10 PARTY LIGHTS,51,150.45,2.95,10-03-2010,22-11-2011,16,1,3.4,0,0.081861958,63,0,63,623
79172D,PURPLE TINT ACRYLIC FLOWER VASE,24,20.4,0.85,08-03-2010,31-10-2010,4,1,6,0,0.100840336,13,0,13,238
79190A,RETRO PLASTIC 70'S TRAY,790,364.25,0.577983193,03-12-2009,09-12-2011,119,4,7.117117117,0.042079208,1.071913161,808,34,774,737
79190B,RETRO PLASTIC POLKA TRAY,1485,603.08,0.539264706,02-12-2009,09-12-2011,136,4,12.07317073,0.010645376,2.012195122,1503,16,1487,738
79190D,RETRO PLASTIC DAISY TRAY,641,296.58,0.563660714,03-12-2009,02-12-2011,112,4,6.104761905,0.00761035,0.878082192,657,5,652,730
79191B,RETRO PLASTIC POLKA TRAY,479,397.37,1.032285714,04-12-2009,09-12-2011,70,5,7.369230769,0.065979381,0.650815217,485,32,453,736
79191C,RETRO PLASTIC ELEPHANT TRAY,1619,1293.76,0.982025316,02-12-2009,06-12-2011,157,9,12.45384615,0.177955665,2.202721088,1624,289,1335,735
79191D,RETRO PLASTIC DAISY TRAY,138,143.87,1.209285714,02-12-2009,09-12-2011,56,1,2.653846154,0.094202899,0.18699187,138,13,125,738
79192A,RETRO PLASTIC 70'S TRAY,114,152.64,1.431714286,02-12-2009,02-02-2011,35,1,3.454545455,0.076190476,0.26635514,105,8,97,428
79302M,"ART LIGHTS,FUNK MONKEY",624,1774.18,3.698333333,01-12-2009,08-12-2011,107,4,6.638297872,0.001455604,0.845528455,687,1,686,738
79302m,"ART LIGHTS,FUNK MONKEY",4,23.77,5.9425,22-12-2009,09-04-2010,4,1,1,0,0.036697248,4,0,4,109
79303A,WHITE ROHMBIC BLOCK TABLE LAMP,2,5.9,2.95,26-01-2010,26-01-2010,1,1,2,0,2,-2,0,-2,1
79303B,BLUE STAR BLOCK TABLE LAMP,109,339.57,4.752,02-12-2009,09-08-2010,10,1,10.9,0,0.434262948,104,0,104,251
79303D,LILAC FLOWER BLOCK TABLE LAMP,78,272.45,4.860526316,01-12-2009,09-08-2010,19,1,4.875,0.021505376,0.30952381,93,2,91,252
79308B,MOSAIC CANDLE DISH BLUE PURPLE,144,122.4,0.85,02-06-2010,29-06-2010,2,1,72,0,5.142857143,287,0,287,28
79315W,FLYING SAUCER TABLE LIGHT IN WHITE,199,611.51,4.356153846,03-12-2009,09-08-2010,13,1,18.09090909,0,0.796,193,0,193,250
79323B,BLACK CHERRY LIGHTS,242,1565.7,7.727241379,01-12-2009,11-02-2011,58,3,5.627906977,-0.159485531,0.552511416,-1555,248,-1803,438
79323G,GOLD  CHERRY LIGHTS,314,2007.88,7.712295082,01-12-2009,19-04-2010,61,1,7.136363636,0.35483871,2.242857143,527,187,340,140
79323GR,GREEN CHERRY LIGHTS,532,3209.36,7.09746988,01-12-2009,20-04-2010,83,3,9.5,-0.106593407,3.773049645,-1820,194,-2014,141
79323LP,LIGHT PINK CHERRY LIGHTS,1433,8481.19,6.871764706,01-12-2009,25-10-2010,170,3,17.26506024,-0.383906119,4.3556231,-1193,458,-1651,329
79323P,PINK CHERRY LIGHTS,2281,13787.93,7.283909774,01-12-2009,11-01-2011,265,5,24.01052632,11.55,5.604422604,60,693,-633,407
79323S, SILVER CHERRY LIGHTS,334,2084.32,7.907142857,01-12-2009,16-09-2010,56,2,9.277777778,-0.376168224,1.151724138,-428,161,-589,290
79323W, WHITE CHERRY LIGHTS,3004,18048.72,7.03,01-12-2009,16-09-2010,349,5,28.33962264,-0.554536188,10.35862069,-1962,1088,-3050,290
79342B,BROWN FLOWER LIGHTS,119,824.95,8.726470588,01-12-2009,06-04-2010,34,1,4.103448276,-0.012690355,0.937007874,-1182,15,-1197,127
79342b,BROWN FLOWER LIGHTS,1,13.57,13.57,19-02-2010,19-02-2010,1,1,1,0,1,1,0,1,1
81950B,FLOWER BLUE CLOCK W/SUCKER,216,126.74,0.937428571,03-12-2009,17-08-2011,34,4,6.75,0.005154639,0.34670947,194,1,193,623
81950V,FLOWER PURPLE CLOCK W/SUCKER,32,18.8,0.697272727,03-12-2009,13-07-2011,10,1,3.555555556,0,0.054421769,32,0,32,588
81952B,ROUND BLUE CLOCK W/SUCKER,254,84.56,0.7045,11-01-2010,26-07-2011,20,2,12.7,0,0.451957295,265,0,265,562
81952V,ROUND PURPLE CLOCK W/SUCKER,464,159.87,0.70212766,02-12-2009,27-11-2011,46,3,10.08695652,0,0.639118457,466,0,466,726
81953B,ROUND ARTICULATED BLUE CLOCK W/SUCK,14,4.64,0.4375,09-05-2010,18-07-2011,6,1,2.333333333,0,0.032110092,8,0,8,436
81953P,ROUND ARTICULATED PINK CLOCK W/SUCK,33,9.57,0.52,24-02-2010,21-07-2011,6,1,5.5,0,0.064327485,26,0,26,513
81985A,"ICON ALARM CLOCK,FUSCHIA  PIN UP",23,58.65,2.55,07-12-2009,22-08-2010,7,1,3.285714286,0,0.088803089,12,0,12,259
82001S,VINYL RECORD FRAME SILVER,2926,10531.4,4.25612069,01-12-2009,08-12-2011,230,5,16.81609195,0.003721245,3.964769648,2956,11,2945,738
82001s,VINYL RECORD FRAME SILVER,125,932.98,7.471034483,30-07-2010,09-12-2011,29,1,5,0,0.251004016,125,0,125,498
82011A,"BATHROOM SCALES, TROPICAL BEACH",59,246.58,4.359705882,03-02-2010,13-11-2011,34,2,1.787878788,0.016949153,0.090909091,59,1,58,649
82011B,BATHROOM SCALES RUBBER DUCKS,93,348.8,4.251041667,02-12-2009,23-11-2011,48,3,1.978723404,0,0.128808864,161,0,161,722
82011C,BATHROOM SCALES FOOTPRINTS IN SAND,131,595.18,5.237887324,07-12-2009,23-11-2011,71,2,2.015384615,0,0.182705718,106,0,106,717
82011E,"BATHROOM SCALES, FAG BREAK",2,7.5,3.75,11-02-2010,11-02-2010,2,1,2,0,2,3,0,3,1
82494L,WOODEN FRAME ANTIQUE WHITE ,15301,43811.16,3.201264368,01-12-2009,08-12-2011,1973,11,29.0341556,0.033618421,20.73306233,15200,511,14689,738
82494l,WOODEN FRAME ANTIQUE WHITE ,378,3155.93,8.218604651,05-05-2010,08-12-2011,86,1,6.196721311,0,0.648370497,424,0,424,583
82545A,COGNAC AUX OEUFS METAL 1 HOOK,31,38.75,1.25,14-01-2010,21-10-2010,11,1,2.818181818,0,0.110320285,27,0,27,281
82607A,GLASS BONBON JAR PARFUME AUX FLEURE,663,923.72,1.811320755,03-12-2009,12-10-2010,159,2,6.375,0.028616852,2.111464968,629,18,611,314
82607C,GLASS BONBON JAR. SUPERFINES,115,175.61,1.901627907,01-12-2009,09-03-2010,43,2,3.965517241,0,1.161616162,48,0,48,99
82607E,GLASS BONBON JAR. D'AMANDES,101,126.25,1.25,03-12-2009,31-10-2010,25,1,4.80952381,0.021276596,0.303303303,47,1,46,333
82613A,"METAL SIGN,CUPCAKE SINGLE HOOK",492,667.47,1.613362069,02-12-2009,14-07-2011,116,5,5.655172414,0.003984064,0.833898305,502,2,500,590
82613B,"METAL SIGN,CUPCAKE SINGLE HOOK",896,985.57,1.724170404,01-12-2009,06-12-2011,223,10,5.005586592,0.025179856,1.217391304,834,21,813,736
82613C,"METAL SIGN,CUPCAKE SINGLE HOOK",770,820.01,1.738930481,02-12-2009,02-12-2011,187,4,5.310344828,0.028350515,1.053351573,776,22,754,731
82613D,METAL SIGN CUPCAKE SINGLE HOOK,1186,1281.86,1.688450185,01-12-2009,06-12-2011,271,11,6.051020408,0.016694491,1.611413043,1198,20,1178,736
82613a,"METAL SIGN,CUPCAKE SINGLE HOOK",3,7.48,2.493333333,01-02-2010,08-06-2011,3,1,1,0,0.006085193,3,0,3,493
82613b,"METAL SIGN,CUPCAKE SINGLE HOOK",14,35.04,2.500909091,01-02-2010,08-07-2011,11,1,1.4,0,0.026768642,14,0,14,523
82613c,"METAL SIGN,CUPCAKE SINGLE HOOK",13,32.48,2.501666667,01-02-2010,26-10-2011,12,1,1.3,0,0.020537125,13,0,13,633
82616A,BUBBLE GUM SCARF KNITTING KIT,316,624.21,2.989038462,02-12-2009,27-10-2010,52,3,7.181818182,0,0.957575758,316,0,316,330
82616B,FRAPPUCINO SCARF KNITTING KIT,606,977.55,2.211796875,01-12-2009,08-12-2011,126,3,5.771428571,0.016286645,0.821138211,614,10,604,738
82616C,MIDNIGHT GLAMOUR SCARF KNITTING KIT,632,1024.1,2.196408451,02-12-2009,08-12-2011,142,2,5.745454545,0.0046875,0.857530529,640,3,637,737
84029C,BROWN FURRY HOT WATER BOTTLE,204,766.19,4.55625,01-12-2009,05-01-2010,48,1,10.2,0,5.666666667,160,0,160,36
84029D,LEOPARD PRINT HOT WATER BOTTLE,51,183.98,4.223333333,07-12-2009,08-02-2010,15,1,4.25,0,0.796875,105,0,105,64
84029E,RED WOOLLY HOTTIE WHITE HEART.,10628,42994.24,4.46466896,01-12-2009,09-12-2011,1145,10,31.91591592,0.00729308,14.38159675,11792,86,11706,739
84029G,KNITTED UNION FLAG HOT WATER BOTTLE,6830,29533.87,4.793914729,01-12-2009,09-12-2011,1009,10,18.91966759,0.007902015,9.242219215,7593,60,7533,739
84029c,BROWN FURRY HOT WATER BOTTLE,1,7.78,7.78,22-12-2009,22-12-2009,1,1,1,0,1,1,0,1,1
84030B,KNITTED POM POM HOT WATER BOTTLE,5,18.75,3.75,09-02-2010,05-03-2010,3,1,1.666666667,0,0.2,11,0,11,25
84030C,KNITTED RAINBOW HOT WATER BOTTLE,21,82.78,4.421666667,01-12-2009,05-03-2010,6,1,4.2,0.307692308,0.221052632,26,8,18,95
84030E,ENGLISH ROSE HOT WATER BOTTLE,2122,9042.15,4.866748466,03-12-2009,08-12-2011,485,12,9.348017621,0.005777778,2.883152174,2250,13,2237,736
84030b,KNITTED POM POM HOT WATER BOTTLE,1,8.46,8.46,25-01-2010,25-01-2010,1,1,1,0,1,1,0,1,1
84030c,KNITTED RAINBOW HOT WATER BOTTLE,32,248,7.718461538,01-12-2009,05-03-2010,13,1,8,0,0.336842105,32,0,32,95
84030e,ENGLISH ROSE HOT WATER BOTTLE,120,979.4,8.486326531,30-09-2010,08-12-2011,46,1,2.608695652,0,0.275862069,128,0,128,435
84031A,CHARLIE+LOLA RED HOT WATER BOTTLE ,1098,4404.02,4.696772152,01-12-2009,09-12-2011,314,10,5.778947368,0.023417173,1.48579161,1153,27,1126,739
84031B,CHARLIE LOLA BLUE HOT WATER BOTTLE ,839,3263.03,4.701090909,01-12-2009,09-12-2011,271,10,4.740112994,0.029953917,1.135317997,868,26,842,739
84031a,CHARLIE+LOLA RED HOT WATER BOTTLE ,1,16.63,16.63,31-10-2011,31-10-2011,1,1,1,0,1,1,0,1,1
84031b,CHARLIE LOLA BLUE HOT WATER BOTTLE ,1,16.63,16.63,31-10-2011,31-10-2011,1,1,1,0,1,1,0,1,1
84032A,CHARLIE+LOLA PINK HOT WATER BOTTLE,3234,8624.1,3.313798799,01-12-2009,09-12-2011,662,8,10.81605351,0.011088416,4.376184032,3427,38,3389,739
84032B,CHARLIE + LOLA RED HOT WATER BOTTLE,3285,7699.25,3.087963576,01-12-2009,09-12-2011,601,8,11.98905109,0.022740525,4.445196211,3430,78,3352,739
84078A,SET/4 WHITE RETRO STORAGE CUBES ,1128,43844.96,45.85689024,02-12-2009,08-12-2011,328,12,4.661157025,0.132791328,1.530529172,1107,147,960,737
84086B,YELLOW/BLUE RETRO RADIO,24,70.8,2.95,16-05-2010,06-12-2011,12,1,2,0.041666667,0.042105263,24,1,23,570
84086C,PINK/PURPLE RETRO RADIO,297,884.75,3.238522727,09-12-2009,30-11-2011,88,9,4.068493151,0,0.411357341,305,0,305,722
84201B,HAPPY BIRTHDAY CARD STRIPEY TEDDY,39,7.41,0.19,06-12-2009,25-11-2011,8,1,4.875,0,0.054166667,39,0,39,720
84201C,HAPPY BIRTHDAY CARD TEDDY/CAKE,10,1.9,0.19,23-08-2010,28-08-2011,3,2,3.333333333,0,0.026954178,10,0,10,371
84205C,HAPPY BIRTHDAY GINGER CAT CARD,2,0.38,0.19,03-03-2010,03-03-2010,1,1,2,0,2,2,0,2,1
84206A,3 BLACK CATS W HEARTS BLANK CARD,79,15.01,0.19,06-12-2009,25-11-2011,9,2,8.777777778,0,0.109722222,79,0,79,720
84206B,CAT W SUNGLASSES BLANK CARD,9,1.71,0.19,24-08-2010,20-11-2011,2,1,4.5,0,0.019823789,9,0,9,454
84206C,CHAMPAGNE TRAY BLANK CARD,10,1.9,0.19,06-12-2009,25-11-2011,4,1,2.5,0,0.013888889,10,0,10,720
84247C,PACK/12 BLUE REINDEER CARD,72,212.4,2.95,01-12-2009,29-11-2010,22,3,3.6,0,0.197802198,95,0,95,364
84247E,PACK/12 XMAS FUN CARD,376,1064.05,2.854166667,30-06-2010,01-12-2011,96,5,5.371428571,0.15727003,0.723076923,674,106,568,520
84247G,"DECOUPAGE,GREETING CARD,",1414,602.67,0.486448598,03-12-2009,14-07-2011,107,8,15.20430108,0,2.400679117,1511,0,1511,589
84247H,PACK/12 DECOUPAGE CARD,42,109.13,2.317,22-12-2009,17-06-2010,20,1,2.1,0.11827957,0.235955056,93,11,82,178
84247J,PACK/12 RUSSIAN DOLL CARDS,10,12.78,1.324444444,02-12-2009,18-12-2009,9,1,1.25,0,0.588235294,10,0,10,17
84247K,"FOLK ART GREETING CARD,pack/12",75,233.48,3.276428571,02-12-2009,16-10-2011,28,3,2.884615385,0.088709677,0.109649123,124,11,113,684
84247L,FAWN AND MUSHROOM GREETING CARD,1137,498.21,0.527818182,03-12-2009,19-04-2011,110,7,12.49450549,0.011214953,2.260437376,1070,12,1058,503
84247N,PACK/12 BLUE FOLKART CARDS,113,297.48,2.392641509,11-01-2010,27-11-2011,53,3,2.26,0.142857143,0.164723032,231,33,198,686
84249A,"GREETING CARD,SQUARE, DOUGHNUTS",252,113.22,0.612941176,04-02-2010,09-12-2011,34,2,7.411764706,0,0.37388724,77,0,77,674
84249D,FAIRY CAKE GREETINGS CARD,823,347.3,0.4790625,02-12-2009,23-08-2010,64,1,15.82692308,0.013340745,3.105660377,1799,24,1775,265
84250M,"GREETING CARD, BLACKPOOL ROCK",28,15.9,0.799230769,03-12-2009,15-07-2010,13,2,2.153846154,0,0.124444444,-24,0,-24,225
84251B,"GREETING CARD, STICKY GORDON",319,84.84,0.399836066,08-03-2010,25-09-2011,61,3,6.510204082,0.045977011,0.562610229,261,12,249,567
84251C,"GREETING CARD, TWO SISTERS.",247,76.68,0.438301887,14-12-2009,04-08-2011,53,3,6.175,0,0.412353923,531,0,531,599
84251F,"GREETING CARD, RITA",341,83.97,0.4414,01-12-2009,20-09-2010,50,2,7.255319149,0,1.159863946,285,0,285,294
84251G,"GREETING CARD, OVERCROWDED POOL.",472,127.56,0.451758242,01-12-2009,08-12-2011,91,5,6.051282051,0,0.639566396,474,0,474,738
84251J,"GREETING CARD, THE BLACK CAT",74,37.04,0.745882353,01-12-2009,07-06-2010,17,2,4.933333333,0,0.391534392,102,0,102,189
84255A,PINK GLASS COCKTAIL LAMP,2,4.2,2.1,13-12-2009,21-01-2010,2,1,1,0,0.05,4,0,4,40
84255B,ORANGE COCKTAIL GLASS LAMP,65,190.16,4.491111111,03-12-2009,09-03-2010,18,1,4.333333333,0,0.670103093,30,0,30,97
84279B,CHERRY BLOSSOM DECORATIVE FLASK,808,3076.92,4.296511628,01-12-2009,17-06-2011,215,13,5.422818792,0.018008475,1.432624113,944,17,927,564
84279P, CHERRY BLOSSOM  DECORATIVE FLASK,1145,4476.67,4.604666667,06-12-2009,01-12-2011,299,12,4.97826087,0.038698329,1.577134986,1137,44,1093,726
84288B,SET/2 BLUE  NOODLE BASKETS,61,118.95,1.95,01-12-2009,23-06-2010,24,1,3.210526316,0.022988506,0.297560976,87,2,85,205
84292B,BLUE COL METAL FOLDING CHAIR,8,51.8,7.36,04-01-2010,29-04-2010,5,1,1.6,0,0.068965517,16,0,16,116
84313A,PINK TV TRAY TABLE ,38,212.42,6.26,15-12-2009,10-10-2010,19,3,2,0,0.126666667,20,0,20,300
84313B,BLUE TV TRAY TABLE ,227,1164.04,6.966024096,01-12-2009,01-04-2011,83,5,3.289855072,0,0.466119097,197,0,197,487
84313C,ORANGE TV TRAY TABLE ,548,1442.39,5.152739726,11-01-2010,02-06-2011,73,2,8.430769231,0,1.078740157,541,0,541,508
84327A,PINK JUMPER LARRY THE LAMB,959,1820.27,2.097642276,01-12-2009,05-08-2010,123,2,11.02298851,0.004166667,3.866935484,960,4,956,248
84341B,SMALL PINK MAGIC CHRISTMAS TREE,1757,922.18,0.89208,01-12-2009,15-11-2011,121,4,19.52222222,0,2.457342657,1610,0,1610,715
84387A,BIRD ON BRANCH CANVAS SCREEN,11,21.45,1.95,21-07-2011,21-07-2011,1,1,11,0,11,8,0,8,1
84402B,PURPLE DRESS JEWELLERY STAND,62,51.14,1.33,17-11-2010,21-07-2011,4,2,20.66666667,0,0.251012146,91,0,91,247
84402D,PINK DRESS JEWELLERY STAND ,373,358.93,2.294615385,01-12-2009,19-03-2010,13,1,28.69230769,0,3.422018349,377,0,377,109
84405A,S/3 PINK COL METAL BASKET W HANDLE,129,1042.16,11.7106,02-12-2009,05-10-2010,50,4,3.071428571,0.00862069,0.418831169,116,1,115,308
84406B,CREAM CUPID HEARTS COAT HANGER,7131,23080.13,3.740481786,01-12-2009,05-12-2011,841,11,17.39268293,0.033132972,9.702040816,6821,226,6595,735
84406b,CREAM CUPID HEARTS COAT HANGER,2,13.82,6.91,22-12-2009,22-12-2009,2,1,2,0,2,2,0,2,1
84414B,FUSCHIA/GREEN STRIPE WOOLLY BLANKET,78,536.24,13.96555556,10-12-2009,25-03-2010,9,2,8.666666667,0,0.735849057,66,0,66,106
84415A,PINK FLOCK SUEDE CUSHION COVER ,27,71.25,2.916666667,08-12-2009,24-06-2011,6,2,4.5,0,0.04787234,16,0,16,564
84415B,BLUE FLOCK CUSHION COVER ,24,80,3.392857143,03-12-2009,08-06-2011,7,2,3.428571429,0,0.043399638,17,0,17,553
84424A,FOUR PICTURE WHITE GLASS FRAME,23,86.25,3.75,09-06-2010,24-10-2010,10,1,2.3,0,0.166666667,46,0,46,138
84425A,WHITE GLASS TV TRIPLE FRAME,18,76.6,4.255555556,04-12-2009,13-05-2010,9,1,2,0,0.111801242,19,0,19,161
84427B,BLACK GLASS TV DOUBLE P/FRAME 15X10,17,72.25,4.25,04-12-2009,07-03-2010,5,1,3.4,0,0.180851064,22,0,22,94
84429A,MEDIUM PINK BUDDHA HEAD ,109,371.78,4.005,02-12-2009,08-12-2011,42,4,2.794871795,0,0.147896879,112,0,112,737
84437A,S/6 PINK EASTER DECS IN BOX,106,90.95,0.8925,11-01-2010,09-04-2010,18,2,6.235294118,0,1.191011236,152,0,152,89
84450A,PINK RABBIT SITTING EASTER,52,24.18,0.498,16-12-2009,03-02-2010,5,2,10.4,0.2,1.04,20,4,16,50
84450B,YELLOW RABBIT SAT EASTER,139,84.55,0.722,10-12-2009,01-04-2010,35,3,4.483870968,0,1.230088496,89,0,89,113
84459A,PINK METAL CHICKEN HEART ,1263,2041.69,2.339411765,01-12-2009,30-10-2011,201,6,8.201298701,0.075471698,1.806866953,1272,96,1176,699
84459B,YELLOW METAL CHICKEN HEART ,1475,2341.77,2.115852535,07-12-2009,07-04-2011,213,5,10.24305556,0.016107383,3.028747433,1490,24,1466,487
84507B,STRIPES DESIGN MONKEY DOLL,1349,1764.03,2.920775862,01-12-2009,07-09-2011,115,2,13.90721649,0.005113221,2.088235294,1369,7,1362,646
84507C,BLUE CIRCLES DESIGN MONKEY DOLL,433,634.64,2.713239437,01-12-2009,23-10-2011,70,2,6.462686567,0.022779043,0.625722543,439,10,429,692
84508A,CAMOFLAGE DESIGN TEDDY,3809,8091.48,2.511743119,01-12-2009,21-09-2011,108,2,38.47474747,0.002685285,5.771212121,3724,10,3714,660
84508B,STRIPES DESIGN TEDDY,169,453.76,2.822837838,04-12-2009,27-11-2011,74,3,2.485294118,0.017699115,0.233425414,339,6,333,724
84508C,BLUE CIRCLES DESIGN TEDDY,103,279.82,2.949302326,04-12-2009,17-11-2011,43,2,2.395348837,0.011363636,0.144257703,88,1,87,714
84509A,ENGLISH ROSE PLACEMATS,1523,5897.79,4.56210396,01-12-2009,08-12-2011,404,11,5.197952218,0.008469055,2.063685637,1535,13,1522,738
84509B,FAIRY CAKE PLACEMATS,649,2452.67,4.262878788,02-12-2009,08-12-2011,196,13,4.133757962,0.00608828,0.880597015,657,4,653,737
84509C,DOTTY PLACEMATS ,277,1085.96,4.392083333,04-12-2009,05-12-2011,96,5,3.220930233,0,0.378415301,279,0,279,732
84509E,CAROUSEL PLACEMATS ,161,323.36,4.1315625,11-01-2010,07-12-2011,32,2,5.193548387,0,0.231321839,161,0,161,696
84509F,NEW ENGLAND PLACEMATS,2781,2456.1,3.937173913,04-12-2009,10-11-2010,46,4,67.82926829,0,8.131578947,2757,0,2757,342
84509G,FAIRY CAKE PLACEMATS ,802,2045.45,3.773459119,03-12-2009,08-12-2011,159,8,6.31496063,0,1.089673913,806,0,806,736
84509a,ENGLISH ROSE PLACEMATS,113,844.74,7.477066667,22-12-2009,09-12-2011,75,1,2.132075472,0,0.157381616,113,0,113,718
84509b,SET OF 4 FAIRY CAKE PLACEMATS,5,37.3,7.46,02-02-2011,13-11-2011,4,1,1.25,0,0.01754386,5,0,5,285
84509c,DOTTY PLACEMATS ,67,505.26,7.547272727,01-12-2009,05-12-2011,44,1,1.914285714,0,0.091156463,73,0,73,735
84509e,SET OF 4 CAROUSEL PLACEMATS ,2,15.24,7.62,07-07-2010,07-07-2010,1,1,2,0,2,2,0,2,1
84509g,SET OF 4 FAIRY CAKE PLACEMATS ,2,14.92,7.46,10-05-2011,10-05-2011,2,1,2,0,2,2,0,2,1
84510A,SET OF 4 ENGLISH ROSE COASTERS,2402,3254.14,1.682096436,01-12-2009,09-12-2011,474,12,7.323170732,0.008610086,3.250338295,2439,21,2418,739
84510B,SET OF 4 FAIRY CAKES COASTERS ,1171,1481.05,1.673157895,01-12-2009,07-07-2010,147,3,13.94047619,0.001670844,5.347031963,1197,2,1195,219
84510C,SET OF 4 POLKADOTS COASTERS,274,401.59,1.676534653,02-12-2009,05-12-2011,101,2,2.884210526,0,0.373297003,277,0,277,734
84510E,SET OF 4 GREEN CAROUSEL COASTERS,148,117.77,1.812857143,11-01-2010,06-12-2011,28,1,5.285714286,0,0.21294964,148,0,148,695
84510F,SET OF 4 NEW ENGLAND COASTERS ,1099,432.75,1.461842105,02-12-2009,07-10-2010,38,1,31.4,0.001867414,3.54516129,1071,2,1069,310
84510a,SET OF 4 ENGLISH ROSE COASTERS,75,185.7,2.477241379,24-06-2010,28-06-2011,58,1,1.973684211,0,0.202702703,76,0,76,370
84510b,SET OF 4 FAIRY CAKES COASTERS ,1,2.15,2.15,02-08-2010,02-08-2010,1,1,1,0,1,1,0,1,1
84510c,SET OF 4 POLKADOTS COASTERS,56,138.86,2.482058824,08-06-2010,05-12-2011,34,1,2.074074074,0,0.102564103,59,0,59,546
84510e,SET OF 4 GREEN CAROUSEL COASTERS,14,35.09,2.501666667,09-04-2010,15-04-2011,6,1,2.333333333,0,0.037634409,14,0,14,372
84519A,TOMATO CHARLIE+LOLA COASTER SET,1200,2788.45,2.96955665,01-12-2009,09-12-2011,203,5,7.5,0,1.623815968,1208,0,1208,739
84519B,CARROT CHARLIE+LOLA COASTER SET,867,1895.37,2.900372093,01-12-2009,09-12-2011,214,5,5.130177515,0.001148106,1.173207037,871,1,870,739
84520B,PACK 20 ENGLISH ROSE PAPER NAPKINS,7390,6321.62,1.040450205,01-12-2009,03-03-2011,722,13,24.47019868,0.001620746,16.13537118,7404,12,7392,458
84520D,PACK OF 20 FAIRY CAKE PAPER NAPKINS,699,639.47,1.135957447,02-12-2009,26-02-2010,94,4,17.04878049,0.028708134,8.034482759,418,12,406,87
84520b,PACK 20 ENGLISH ROSE PAPER NAPKINS,110,257.4,2.085,05-03-2010,21-09-2010,10,1,15.71428571,0,0.547263682,110,0,110,201
84529A,PINK KNITTED KIDS RUCKSACK,50,290.78,6.563684211,16-12-2009,20-04-2010,19,1,3.571428571,0,0.396825397,18,0,18,126
84529B,BLUE KNITTED KID'S RUCKSACK,13,62.35,5.226,14-02-2010,23-04-2010,5,1,2.6,0,0.188405797,11,0,11,69
84529C,YELLOW KNITTED KIDS RUCKSACK,78,414.74,5.033783784,16-12-2009,04-06-2010,37,3,2.689655172,0,0.456140351,64,0,64,171
84531A,PINK KNITTED EGG COSY,191,169.36,1.294468085,07-12-2009,18-04-2011,45,5,5.787878788,0,0.383534137,165,0,165,498
84531B,BLUE KNITTED EGG COSY,194,164.01,1.172619048,07-12-2009,18-04-2011,42,6,5.705882353,0,0.389558233,180,0,180,498
84532B,FAIRY CAKES RECTANGLUAR BOXES,54,417.58,7.502903226,02-12-2009,31-03-2010,31,3,2,0,0.45,40,0,40,120
84533B,FAIRY CAKES ROUND NESTING BOXES,59,377.93,7.096666667,01-12-2009,12-03-2010,24,4,2.565217391,0,0.578431373,21,0,21,102
84534B,FAIRY CAKE NOTEBOOK A5 SIZE,818,774.71,1.19973262,01-12-2009,20-01-2011,187,5,5.680555556,0.039160839,1.966346154,715,28,687,416
84534b,FAIRY CAKE NOTEBOOK A5 SIZE,5,8.3,1.66,24-06-2010,21-12-2010,4,1,1.25,0,0.027624309,6,0,6,181
84535A,ENGLISH ROSE NOTEBOOK A6 SIZE,607,346.93,0.845384615,01-12-2009,08-05-2011,64,2,14.45238095,0,1.158396947,886,0,886,524
84535B,FAIRY CAKES NOTEBOOK A6 SIZE,2686,1747.76,0.849009009,01-12-2009,08-12-2011,327,12,10.83064516,0.034620991,3.639566396,2744,95,2649,738
84536A,ENGLISH ROSE NOTEBOOK A7 SIZE,5077,2289.73,0.533872,01-12-2009,08-12-2011,613,12,13.43121693,0.007310504,6.879403794,5198,38,5160,738
84536B,FAIRY CAKES NOTEBOOK A7 SIZE,3504,1561.49,0.575235732,01-12-2009,06-12-2011,399,10,12.83516484,0.014643762,4.760869565,3551,52,3499,736
84536a,ENGLISH ROSE NOTEBOOK A7 SIZE,25,19.97,0.803333333,29-03-2010,20-11-2011,12,1,2.272727273,0,0.041528239,25,0,25,602
84536b,FAIRY CAKES NOTEBOOK A7 SIZE,8,6.48,0.81,24-06-2010,09-12-2010,4,1,2,0,0.047337278,13,0,13,169
84537B,FAIRY CAKES GIFT BAG,117,49.14,0.42,03-12-2009,15-03-2010,11,1,10.63636364,0,1.13592233,96,0,96,103
84555A,YELLOW VW BEETLE CERAMIC MONEY BOX,47,133.85,2.926470588,02-02-2010,13-06-2010,16,1,2.9375,0,0.356060606,27,0,27,132
84558A,3D DOG PICTURE PLAYING CARDS,1259,3628.11,3.133529412,01-12-2009,05-12-2011,199,6,8.506756757,0.018882175,1.71292517,1324,25,1299,735
84558a,3D DOG PICTURE PLAYING CARDS,21,125.17,5.952105263,01-12-2009,09-12-2011,19,1,1.615384615,0,0.028416779,23,0,23,739
84559A,3D SHEET OF DOG STICKERS,1321,1190.17,1.067142857,01-12-2009,09-12-2011,230,5,7.258241758,0,1.787550744,1359,0,1359,739
84559B,3D SHEET OF CAT STICKERS,1199,1065.55,1.030406091,01-12-2009,02-11-2011,195,5,7.993333333,0.003717472,1.707977208,1076,4,1072,702
84559D,3D SHEET OF SEA WORLD STICKERS,147,126.71,0.906774194,01-12-2009,15-11-2010,31,1,4.9,0,0.42,25,0,25,350
84559a,3D SHEET OF DOG STICKERS,57,95.7,1.67875,01-02-2010,27-06-2011,40,1,1.965517241,0,0.111328125,59,0,59,512
84559b,3D SHEET OF CAT STICKERS,32,53.54,1.6708,28-09-2010,20-09-2011,25,1,1.684210526,0,0.089385475,33,0,33,358
84559d,3D SHEET OF SEA WORLD STICKERS,2,3.38,1.69,22-10-2010,22-10-2010,1,1,2,0,2,2,0,2,1
84562A,PINK/WHITE RIBBED MELAMINE JUG,169,1378.26,9.355443038,03-12-2009,20-02-2011,78,7,2.485294118,0.006024096,0.379775281,166,1,165,445
84562B,BLUE/WHITE RIBBED MELAMINE JUG,10,106.59,10.53,02-12-2009,22-01-2010,7,1,1.666666667,0,0.192307692,5,0,5,52
84563A,PINK & WHITE BREAKFAST TRAY,139,685.15,6.021612903,07-12-2009,17-05-2011,62,7,2.482142857,0,0.263757116,128,0,128,527
84563B,BLUE & WHITE BREAKFAST TRAY,128,590.04,5.206271186,20-12-2009,19-06-2011,59,6,2.509803922,0,0.234003656,122,0,122,547
84569A,PACK 3 IRON ON DOG PATCHES,562,702.42,1.356842105,02-12-2009,05-12-2011,112,10,5.793814433,0.002132196,0.765667575,469,1,468,734
84569B,PACK 3 FIRE ENGINE/CAR PATCHES,433,557.18,1.427763158,04-12-2009,22-03-2011,76,7,6.367647059,0.002463054,0.91350211,406,1,405,474
84569C,PACK 4 FLOWER/BUTTERFLY PATCHES,415,584.93,1.792696629,02-12-2009,25-03-2011,89,6,5.320512821,0.050387597,0.866388309,258,13,245,479
84569D,PACK 6 HEART/ICE-CREAM PATCHES,1023,1287.54,1.451104972,03-12-2009,09-12-2011,179,11,7.153846154,0.001011122,1.388059701,989,1,988,737
84570B,WHITE SATIN DRESS JEWEL STAND,4,19.8,4.95,15-12-2009,20-01-2010,2,1,2,0,0.108108108,4,0,4,37
84575A,PINK DOG CANNISTER,24,98.8,5.334615385,21-02-2010,19-04-2011,13,1,1.846153846,0.1,0.056737589,10,1,9,423
84575B,BROWN DOG CANNISTER W BONE,4,23.8,5.95,09-12-2009,15-02-2010,3,2,1.333333333,0,0.057971014,-14,0,-14,69
84586L,"PINK ROSES/GINGHAM PATCH RABBIT 8""",15,44.25,2.95,06-12-2009,31-01-2010,9,1,1.875,0,0.263157895,15,0,15,57
84595B,LARGE TRIFLE DESIGN L BLUE BOWL,230,408.9,3.09375,15-12-2009,27-06-2010,16,2,14.375,0,1.179487179,188,0,188,195
84595E,LARGE TORTILLA DESIGN RED BOWL,367,723.57,3.282093023,03-12-2009,02-08-2011,43,3,8.534883721,0.00265252,0.603618421,377,1,376,608
84596B,SMALL DOLLY MIX DESIGN ORANGE BOWL,6221,4074.67,0.848852459,01-12-2009,09-12-2011,725,11,16.9048913,0.007617838,8.418132612,6301,48,6253,739
84596E,SMALL LICORICE DES PINK BOWL,1127,1137.84,1.242660099,01-12-2009,01-04-2011,201,7,8.410447761,0.032388664,2.314168378,988,32,956,487
84596F,SMALL MARSHMALLOWS PINK BOWL,4720,3196.43,0.852364532,01-12-2009,09-12-2011,600,11,13.56321839,0.003373392,6.387009472,4743,16,4727,739
84596G,SMALL CHOCOLATES PINK BOWL,2226,1440.76,0.862301136,01-12-2009,08-12-2011,348,9,9.048780488,0,3.016260163,2156,0,2156,738
84596I,WRAP SWEETS LIGHT PINK SMALL BOWL,72,80.62,1.347272727,19-02-2010,11-04-2010,10,1,7.2,0,1.384615385,144,0,144,52
84596J,MIXED NUTS LIGHT GREEN BOWL,810,621.74,1.183623188,09-12-2009,23-05-2011,138,5,7.363636364,0.006810443,1.525423729,881,6,875,531
84596K,JELLY BABIES YELLOW SMALL BOWL,428,543.41,1.428064516,01-12-2009,16-11-2010,93,3,6.028169014,0.001605136,1.219373219,623,1,622,351
84596L,BISCUITS SMALL BOWL LIGHT BLUE,1536,1013.96,0.965568627,01-12-2009,18-09-2011,255,7,8.677966102,0,2.337899543,1522,0,1522,657
84596b,SMALL DOLLY MIX DESIGN ORANGE BOWL,10,25.1,2.51,08-06-2010,21-12-2010,8,1,2,0,0.050761421,13,0,13,197
84596e,SMALL LICORICE DES PINK BOWL,27,67.77,2.51,25-01-2010,14-12-2010,17,1,1.8,0,0.083333333,35,0,35,324
84596f,SMALL MARSHMALLOWS PINK BOWL,19,46.89,2.467142857,13-09-2010,05-12-2011,14,1,1.583333333,0,0.042316258,19,0,19,449
84596g,SMALL CHOCOLATES PINK BOWL,5,12.4,2.485,26-11-2010,17-02-2011,2,1,2.5,0,0.05952381,5,0,5,84
84596j,MIXED NUTS LIGHT GREEN BOWL,2,5.02,2.51,09-04-2010,29-11-2010,2,1,1,0,0.008510638,2,0,2,235
84596l,BISCUITS SMALL BOWL LIGHT BLUE,1,2.46,2.46,26-05-2011,26-05-2011,1,1,1,0,1,1,0,1,1
84597B,RETRO BROWN BALL ASHTRAY ,205,259.37,1.612962963,09-12-2009,19-06-2011,27,3,7.884615385,0.015228426,0.367383513,197,3,194,558
84597C,RETRO PINK BALL ASHTRAY ,364,450.98,1.462272727,02-12-2009,02-06-2011,44,5,8.666666667,0.011527378,0.664233577,347,4,343,548
84601A,NEW BAROQUE IVORY CUSHION COVER ,260,638.34,3.672666667,01-12-2009,15-07-2010,15,2,17.33333333,0.903614458,1.145374449,166,150,16,227
84611B,BLACK NEW BAROQUE FLOCK BOX,7,41.65,5.95,07-01-2010,15-11-2010,4,1,1.75,-0.022058824,0.022364217,-136,3,-139,313
84612B,SET/4 BLACK  BAROQUE FLOCK COASTER,20,51,2.55,08-01-2010,26-10-2010,4,1,5,0,0.068493151,-142,0,-142,292
84613A,PINK NEW BAROQUE FLOCK CANDLESTICK,22,102.3,4.65,23-02-2010,02-02-2011,10,3,2.2,-0.003571429,0.063768116,-280,1,-281,345
84613C,BLUE NEW BAROQUE FLOCK CANDLESTICK,62,258.06,4.58,15-03-2010,08-12-2010,12,1,5.166666667,0,0.230483271,-127,0,-127,269
84614A,PINK BAROQUE FLOCK CANDLE HOLDER,17,124.83,7.726,18-02-2010,03-12-2010,10,2,1.7,-0.005390836,0.058823529,-371,2,-373,289
84614C,BLUE BAROQUE FLOCK CANDLE HOLDER,3,17.85,5.95,05-01-2010,05-01-2010,1,1,3,0,3,-61,0,-61,1
84625A,PINK NEW BAROQUECANDLESTICK CANDLE,838,1193,2.842345679,03-12-2009,07-12-2011,81,8,11.32432432,0.06271777,1.140136054,861,54,807,735
84625B,BLCK NEW BAROQUE CANDLESTICK CANDLE,180,279,2.332352941,04-12-2009,24-03-2010,17,4,11.25,0.090225564,1.621621622,133,12,121,111
84625C,BLUE NEW BAROQUE CANDLESTICK CANDLE,770,1024.15,2.659014085,02-12-2009,03-10-2011,71,8,12.22222222,0.121761658,1.147540984,772,94,678,671
84625D,WHITE NEWBAROQUE CANDLESTICK CANDLE,650,793.34,2.329615385,03-12-2009,17-11-2010,51,4,15.47619048,0.049919485,1.857142857,621,31,590,350
84659A,WHITE TRAVEL ALARM CLOCK,588,1469.51,2.563955556,03-12-2009,21-11-2011,224,4,3.675,0.004761905,0.817802503,630,3,627,719
84660A,WHITE STITCHED WALL CLOCK,860,855.26,2.208039216,18-12-2009,03-10-2011,51,3,17.91666667,0.002347418,1.312977099,852,2,850,655
84660B,BLACK STITCHED WALL CLOCK,745,899.48,3.059180328,01-12-2009,01-09-2011,61,3,13.54545455,0,1.1640625,747,0,747,640
84660C,PINK STITCHED WALL CLOCK,725,987.98,3.637411765,02-12-2009,08-09-2011,85,3,9.415584416,0,1.122291022,706,0,706,646
84660a,WHITE STITCHED WALL CLOCK,7,52.7,7.556,02-08-2010,21-06-2011,5,1,1.4,0,0.021604938,7,0,7,324
84660b,BLACK STITCHED WALL CLOCK,7,53.18,7.593333333,24-06-2010,07-09-2011,6,1,1.166666667,0,0.015873016,8,0,8,441
84660c,PINK STITCHED WALL CLOCK,31,233.98,7.551428571,26-05-2010,11-08-2011,28,1,1.24,0,0.069977427,34,0,34,443
84661A,WHITE SQUARE TABLE CLOCK,222,308.99,2.922325581,07-12-2009,08-12-2011,43,4,5.842105263,0,0.303278689,222,0,222,732
84661B,BLACK SQUARE TABLE CLOCK,243,530.22,3.233529412,16-12-2009,08-12-2011,51,4,5.282608696,0,0.336099585,244,0,244,723
84661C,PINK SQUARE TABLE CLOCK,150,179.75,2.8408,04-12-2009,06-12-2011,25,2,6.818181818,0,0.204638472,150,0,150,733
84661a,WHITE SQUARE TABLE CLOCK,2,10.02,5.01,15-10-2010,17-05-2011,2,1,1,0,0.009302326,2,0,2,215
84661b,BLACK SQUARE TABLE CLOCK,1,4.96,4.96,17-10-2011,17-10-2011,1,1,1,0,1,1,0,1,1
84661c,PINK SQUARE TABLE CLOCK,2,10.12,5.06,05-03-2010,24-11-2010,2,1,1,0,0.00754717,2,0,2,265
84663A,GRASS HOPPER WOODEN WALL CLOCK ,373,746.39,4.415,07-12-2009,20-11-2011,64,6,6.114754098,0.015037594,0.522408964,399,6,393,714
84671B,CROCHET BEAR WITH BLUE STRIPES,109,306.77,3.185151515,01-12-2009,11-01-2010,32,2,6.055555556,0,2.595238095,109,0,109,42
84673A,PINK FLY SWAT,500,314.84,0.740990099,02-12-2009,24-11-2011,99,2,5.813953488,0.001992032,0.691562932,502,1,501,723
84673B,BLUE FLY SWAT,503,391.31,0.924477612,01-12-2009,05-12-2011,133,4,4.412280702,0.001960784,0.684353741,510,1,509,735
84705A,ENGLISH ROSE PHOTO FRAME ,14,65.1,4.65,02-12-2009,07-04-2010,7,1,2,0,0.11023622,6,0,6,127
84705B,FAIRY CAKES PHOTO FRAME,84,113.27,4.006666667,08-12-2009,23-12-2009,3,1,28,0,5.25,73,0,73,16
84705C,PINK FLOCK PHOTO FRAME ,162,227.33,3.92875,04-12-2009,03-05-2011,8,1,20.25,0,0.313953488,170,0,170,516
84705D,CHERRY BLOSSOM PHOTO FRAME ,22,97.9,4.386,02-12-2009,12-07-2010,14,1,1.571428571,0,0.098654709,16,0,16,223
84705F,RED PEONY PHOTO FRAME ,8,37.2,4.65,02-12-2009,18-04-2010,5,1,1.6,0,0.057971014,7,0,7,138
84705b,FAIRY CAKES PHOTO FRAME,2,6.86,3.43,01-12-2009,22-12-2009,2,1,1,0,0.090909091,2,0,2,22
84706A,ENGLISH ROSE TABLE CLOCK,137,325.88,7.34,17-12-2009,28-02-2010,7,3,19.57142857,0,1.851351351,132,0,132,74
84706B,FAIRY CAKES TABLE CLOCK,20,188.73,10.03111111,03-12-2009,11-02-2010,9,2,2.222222222,2,0.281690141,1,2,-1,71
84706C,PINK FLOCK TABLE CLOCK ,84,170.8,3.7,01-12-2009,27-01-2010,4,1,21,0,1.448275862,75,0,75,58
84706D,CHERRY BLOSSOM TABLE CLOCK ,219,500.19,4.77125,18-12-2009,22-05-2011,16,4,13.6875,0.00462963,0.420345489,216,1,215,521
84706F,RED PEONY TABLE CLOCK,34,208.3,5.616666667,01-12-2009,27-11-2011,17,3,2,0.047619048,0.046767538,21,1,20,727
84707A,SILVER JEWELLED MIRROR TRINKET TRAY,125,1045.88,10.48765625,07-12-2009,08-12-2011,64,4,2.314814815,0,0.170765027,130,0,130,732
84707B,PINK JEWELLED MIRROR TRINKET TRAY,79,618.52,8.634509804,08-12-2009,08-12-2011,51,3,1.645833333,0.049382716,0.108071135,81,4,77,731
84708B,PINK JEWELLED PHOTO FRAME ,142,732.79,5.391851852,02-12-2009,07-12-2011,53,4,2.784313725,0,0.192934783,137,0,137,736
84709A,SILVER OVAL JEWELLED MIRROR,23,136.85,5.95,28-05-2010,26-10-2010,13,1,1.769230769,0,0.151315789,50,0,50,152
84709B,PINK OVAL JEWELLED MIRROR,176,1014.48,5.925287356,01-12-2009,26-06-2011,86,4,2.444444444,0.004672897,0.307155323,214,1,213,573
84711A,SILVER OVAL SHAPE TRINKET BOX,42,390.95,9.000416667,13-12-2009,04-12-2011,24,4,1.826086957,0,0.058171745,-161,0,-161,722
84711B,PINK OVAL SHAPE TRINKET BOX,39,357.71,8.988,02-12-2009,07-12-2011,30,2,1.344827586,0,0.05298913,39,0,39,736
84712B,PINK JEWELLED PHOTO FRAME,98,767.16,7.797,02-12-2009,30-11-2011,60,2,1.719298246,0,0.134430727,245,0,245,729
84732B,CUTE BIRD CEATURE SCREEN,28,18.48,1.23,17-12-2009,18-08-2011,6,1,4.666666667,0,0.045901639,28,0,28,610
84732D,CUTE RABBIT CEATURE SCREEN ,15,10.89,1.23,17-12-2009,18-08-2011,6,2,3,0,0.024590164,15,0,15,610
84741C,CITRUS GARLAND FELT FLOWERS ,185,372.14,2.125576923,06-12-2009,27-04-2011,51,2,4.204545455,0,0.364173228,79,0,79,508
84743C,ORANGE FELT VASE + FLOWERS,9,11.25,1.25,12-03-2010,31-03-2011,5,1,1.8,0,0.023376623,-32,0,-32,385
84745A,PINK HANGING GINGHAM EASTER HEN,72,30.24,0.42,03-12-2009,27-04-2011,15,1,4.8,0,0.140900196,74,0,74,511
84745B,BLUE HANGING GINGHAM EASTER HEN,83,34.86,0.42,03-12-2009,27-04-2011,17,1,4.882352941,0,0.162426614,85,0,85,511
84750A,PINK SMALL GLASS CAKE STAND,544,1189.23,3.07152381,01-12-2009,20-03-2011,105,4,8,0.088495575,1.145263158,452,40,412,475
84750B,BLACK SMALL GLASS CAKE STAND,609,1142.02,2.445128205,02-12-2009,19-04-2011,78,2,9.089552239,0.00877193,1.208333333,570,5,565,504
84751B,BLACK MEDIUM GLASS CAKE STAND,38,115.86,3.01,23-02-2010,08-04-2011,19,1,2.111111111,-0.068181818,0.092682927,-44,3,-47,410
84753A,PINK EAU DE COLOGNE BOTTLE,97,92.17,1.15375,04-12-2009,19-02-2010,24,1,5.388888889,0,1.243589744,185,0,185,78
84760L,LARGE HANGING GLASS+ZINC LANTERN,560,896,1.6,04-05-2010,04-05-2010,1,1,560,0,560,506,0,506,1
84760S,SMALL HANGING GLASS+ZINC LANTERN,222,360.21,1.947837838,09-12-2009,12-05-2011,36,3,6.342857143,0,0.426923077,212,0,212,520
84762A,WHITE PICNIC BARBECUE BUCKET,59,517.43,9.866551724,04-12-2009,30-06-2010,29,3,2.565217391,0.234042553,0.282296651,47,11,36,209
84762B,PINK PICNIC BARBECUE BUCKET,113,837.77,8.7825,04-12-2009,12-09-2010,48,3,2.897435897,0,0.399293286,111,0,111,283
84762C,GREEN PICNIC BARBECUE BUCKET,105,761.25,8.556511628,07-12-2009,21-05-2010,43,2,2.837837838,0,0.63253012,92,0,92,166
84782A,PINK 3 TIER GLASS PLATE STAND,119,840.45,9.903846154,01-12-2009,19-08-2010,26,2,5.409090909,0.068181818,0.454198473,88,6,82,262
84782B,BLACK 3 TIER GLASS PLATE STAND,10,127.5,12.75,15-12-2009,06-06-2010,6,2,1.666666667,0,0.057471264,-36,0,-36,174
84782C,GREEN 3 TIER GLASS PLATE STAND,74,509.9,9.616666667,01-12-2009,06-09-2010,18,3,4.111111111,0.127659574,0.264285714,47,6,41,280
84795A,PASTEL STRIPE HAMMOCK ,208,1696.02,9.646056338,06-12-2009,04-08-2010,70,3,4.16,0,0.859504132,247,0,247,242
84795B,SUNSET CHECK HAMMOCK,298,2379.09,8.963333333,06-12-2009,08-11-2011,96,4,3.505882353,0,0.423897582,306,0,306,703
84795C,OCEAN STRIPE HAMMOCK ,325,2752.59,9.477954545,02-12-2009,31-01-2011,131,3,3.915662651,0.003039514,0.762910798,329,1,328,426
84795D,SEASIDE STRIPE HAMMOCK,189,1538.79,8.784216867,04-12-2009,03-08-2010,83,4,3.315789474,0.5,0.777777778,2,1,1,243
84795E,RIO PINK STRIPE HAMMOCK,10,79.5,7.95,02-12-2009,01-08-2010,5,1,2,0,0.041152263,13,0,13,243
84795b,SUNSET CHECK HAMMOCK,19,317.72,16.71235294,08-06-2010,30-11-2011,17,1,1.357142857,0,0.035120148,19,0,19,541
84796A,PINK HAWAIIAN PICNIC HAMPER FOR 2,284,2072.95,9.561621622,07-12-2009,02-12-2011,111,4,2.897959184,0,0.391184573,249,0,249,726
84796B,BLUE SAVANNAH PICNIC HAMPER FOR 2,600,4999.79,9.245659341,05-03-2010,08-11-2011,180,6,4.761904762,0,0.977198697,575,0,575,614
84796a,PINK HAWAIIAN PICNIC HAMPER FOR 2,28,234.28,8.371,29-03-2010,24-08-2011,20,1,1.75,0,0.054474708,28,0,28,514
84796b,BLUE SAVANNAH PICNIC HAMPER FOR 2,2,17.12,8.56,01-12-2009,26-07-2010,2,1,1,0,0.008403361,2,0,2,238
84797A,PINK HAWAIIAN PICNIC HAMPER FOR 4,481,3361.25,11.09522727,29-01-2010,04-06-2010,44,4,20.04166667,0,3.787401575,466,0,466,127
84797B,BLUE SAVANNAH PICNIC HAMPER FOR 4,323,1845.2,10.58848485,14-12-2009,01-06-2010,33,3,17.94444444,0.006802721,1.9,294,2,292,170
84797a,PINK HAWAIIAN PICNIC HAMPER FOR 4,18,198.84,11.04823529,01-12-2009,04-06-2010,17,1,2.25,0,0.096774194,18,0,18,186
84797b,BLUE SAVANNAH PICNIC HAMPER FOR 4,21,232.62,11.08315789,01-12-2009,26-05-2010,19,1,3.5,0,0.118644068,21,0,21,177
84798A,PINK FOXGLOVE ARTIIFCIAL FLOWER,195,432.45,2.505,05-01-2010,28-09-2011,10,2,19.5,0.151898734,0.308544304,158,24,134,632
84798B,PURPLE FOXGLOVE ARTIIFCIAL FLOWER,326,492.9,2.125,07-01-2010,22-03-2011,10,2,32.6,0.021390374,0.740909091,187,4,183,440
84798C,WHITE FOXGLOVE ARTIIFCIAL FLOWER,16,40.8,2.55,05-01-2010,04-02-2010,3,1,5.333333333,0,0.516129032,18,0,18,31
84800L,LARGE WHITE/PINK ROSE ART FLOWER,650,970.79,1.861842105,19-01-2010,03-06-2011,38,4,17.10526316,0.050314465,1.29740519,477,24,453,501
84800M,MEDIUM WHITE/PINK ROSE ART FLOWER,250,357.22,1.589259259,28-01-2010,28-08-2011,27,1,9.615384615,0.023809524,0.432525952,126,3,123,578
84800S,SMALL WHITE/PINK ROSE ART FLOWER,388,292.04,1.098947368,19-02-2010,11-09-2011,19,1,21.55555556,0.005076142,0.680701754,394,2,392,570
84801A,PINK HYDRANGEA ART FLOWER,272,427.44,1.976,05-01-2010,23-11-2011,15,1,18.13333333,0,0.395348837,122,0,122,688
84801B,WHITE HYDRANGEA ART FLOWER,214,345,2.019444444,17-12-2009,06-04-2011,18,2,12.58823529,0,0.449579832,170,0,170,476
84802A,WHITE ANEMONE ARTIFICIAL FLOWER,185,312.65,1.69,11-12-2009,19-12-2010,24,1,7.708333333,0,0.494652406,119,0,119,374
84802B,PURPLE ANEMONE ARTIFICIAL FLOWER,411,389.79,1.540588235,02-12-2009,01-03-2011,17,2,24.17647059,0,0.903296703,310,0,310,455
84803A,PINK ALLIUM  ARTIFICIAL FLOWER,112,189.28,1.69,07-01-2010,14-02-2011,17,2,7,0.033707865,0.277227723,89,3,86,404
84803B,WHITE ALLIUM  ARTIFICIAL FLOWER,42,70.98,1.69,04-02-2010,10-08-2011,11,2,4.2,0.074380165,0.075949367,121,9,112,553
84804A,CREAM DELPHINIUM ARTIFICIAL FLOWER,218,396.38,2.702222222,19-01-2010,06-12-2011,18,1,12.82352941,0,0.317321689,99,0,99,687
84804B,BLUE DELPHINIUM ARTIFICIAL FLOWER,355,501.97,2.504,05-01-2010,07-12-2011,19,2,18.68421053,0.003690037,0.505698006,271,1,270,702
84805A,CREAM CLIMBING HYDRANGA ART FLOWER,147,212.85,2.7625,02-03-2010,06-12-2011,8,2,18.375,0,0.227906977,51,0,51,645
84805B,BLUE CLIMBING HYDRANGA ART FLOWER,340,551.4,2.461111111,07-01-2010,07-12-2011,9,3,37.77777778,0,0.485714286,244,0,244,700
84806A,PINK CANDYSTUFT ARTIFICIAL FLOWER,319,261.91,1.135,24-01-2010,07-12-2011,20,4,17.72222222,0,0.467057101,319,0,319,683
84806B,WHITE CANDYSTUFT ARTIFICIAL FLOWER,450,568.02,1.3784375,14-03-2010,06-12-2011,32,3,14.0625,0,0.710900474,450,0,450,633
84809A,WHITE CHRYSANTHEMUMS ART FLOWER,276,474.84,2.020952381,27-01-2010,01-06-2011,21,3,14.52631579,0.012345679,0.562118126,162,2,160,491
84809B,PINK CHRYSANTHEMUMS ART FLOWER,296,351.6,1.7875,27-01-2010,25-02-2011,8,1,42.28571429,0,0.749367089,-28,0,-28,395
84814A,HEXAGONAL CRYSTAL PERFUME BOTTLE,1,1.95,1.95,26-03-2010,26-03-2010,1,1,1,0,1,-12,0,-12,1
84814B,RHOMBUS CRYSTAL PERFUME BOTTLE,7,13.65,1.95,01-12-2009,06-12-2009,3,1,3.5,0,1.166666667,86,0,86,6
84845A,HOLLYHOCK SQUARE HANDY TIN,1,1.25,1.25,06-12-2009,06-12-2009,1,1,1,0,1,-1,0,-1,1
84845C,CARNATION SQUARE HANDY TIN,42,52.5,1.25,06-12-2009,18-08-2010,14,1,3.230769231,0.053571429,0.1640625,56,3,53,256
84845D,GERANIUM SQUARE HANDY TIN,41,51.25,1.25,06-12-2009,21-10-2010,11,2,4.1,0,0.128125,36,0,36,320
84846A,SCENTED CANDLE IN DIGITALIS TIN,251,567.55,2.573888889,04-12-2009,10-10-2011,54,1,4.921568627,0,0.371301775,257,0,257,676
84849A,HELLO SAILOR BLUE SOAP HOLDER,470,833.57,2.233942308,08-12-2009,24-11-2011,103,7,4.947368421,0.047520661,0.655509066,484,23,461,717
84849B,FAIRY SOAP SOAP HOLDER,1936,3244.14,2.02414966,01-12-2009,20-07-2011,293,11,8.962962963,0.006592292,3.242881072,1972,13,1959,597
84849D,HOT BATHS SOAP HOLDER,1558,2618.27,1.895708812,14-01-2010,01-12-2011,260,6,7.637254902,0.015047022,2.26783115,1595,24,1571,687
84856L,LARGE TAHITI BEACH BAG,238,1492.28,7.748271605,17-12-2009,18-03-2011,81,3,3.606060606,0,0.520787746,212,0,212,457
84856S,SMALL TAHITI BEACH BAG,467,1877.21,4.978787879,14-12-2009,30-03-2011,33,3,16.10344828,0.002132196,0.98940678,469,1,468,472
84857A,SILVER MONTE CARLO HANDBAG,8,68,8.5,03-02-2010,21-05-2010,3,1,2.666666667,0,0.074074074,7,0,7,108
84857B,BLUE MONTE CARLO HANDBAG,24,46.8,1.95,21-07-2011,21-07-2011,1,1,24,0.045454545,24,44,2,42,1
84857C,PINK MONTE CARLO HANDBAG,197,445.03,4.375294118,16-06-2010,04-07-2011,17,2,13.13333333,0.005076142,0.513020833,197,1,196,384
84858A,NATURAL RIVIERA HANDBAG,53,128.83,6.135,04-12-2009,15-09-2010,8,1,6.625,0,0.185314685,-52,0,-52,286
84858B,BLUE RIVIERA HANDBAG,326,431,2.816666667,28-04-2010,02-06-2010,9,1,46.57142857,0,9.055555556,312,0,312,36
84858C,PINK RIVIERA HANDBAG,347,611.07,5.594,18-12-2009,13-04-2011,30,1,12.39285714,0,0.719917012,383,0,383,482
84859A,SILVER DISCO HANDBAG,293,613.53,3.391666667,11-12-2009,08-12-2011,58,3,5.425925926,0,0.402472527,293,0,293,728
84859B,BLUE DISCO HANDBAG,282,433.46,2.892222222,03-02-2010,08-12-2011,18,1,15.66666667,0,0.418397626,283,0,283,674
84859C,PINK DISCO HANDBAG,304,552.72,3.041,11-12-2009,05-12-2011,39,3,8.685714286,0,0.419310345,151,0,151,725
84864A,PINK PAISLEY PHOTO ALBUM,7,67.71,8.455,08-02-2010,19-08-2010,4,1,1.75,0,0.03626943,1,0,1,193
84867A,PINK BABY GIRLS PHOTO ALBUM,16,105.82,8.355,07-01-2010,09-03-2010,4,3,5.333333333,0,0.258064516,-13,0,-13,62
84867a,PINK BABY GIRLS PHOTO ALBUM,1,13.57,13.57,05-05-2010,05-05-2010,1,1,1,0,1,1,0,1,1
84867b,BLUE BABY BOY'S PHOTO ALBUM,2,27.14,13.57,25-01-2010,25-01-2010,1,1,2,0,2,2,0,2,1
84868A,PINK BABY GIRL'S MEMORY BOX,2,13.9,6.95,26-01-2010,31-01-2010,2,1,1,0,0.333333333,-11,0,-11,6
84868B,BLUE BABY BOY'S MEMORY BOX,5,34.75,6.95,26-01-2010,09-05-2010,4,1,1.25,-0.333333333,0.048076923,-6,2,-8,104
84870B,BLUE GEISHA GIRL ,90,322.61,3.658,07-12-2009,24-11-2011,40,5,2.368421053,0.010416667,0.125348189,96,1,95,718
84870C,GREEN GEISHA GIRL ,93,330.36,3.446341463,14-12-2009,30-10-2011,41,5,2.583333333,0,0.135568513,99,0,99,686
84872A,TEATIME FUNKY FLOWER BACKPACK FOR 2,177,1983.54,11.30343137,05-03-2010,26-07-2011,102,1,2.424657534,0,0.347740668,153,0,153,509
84872a,TEATIME FUNKY FLOWER BACKPACK FOR 2,58,636.47,10.97533333,01-12-2009,26-04-2011,45,1,2.636363636,0,0.11328125,64,0,64,512
84873A,FUNKY FLOWER PICNIC BAG FOR 4,32,394.15,13.24375,05-03-2010,01-06-2011,16,1,2.461538462,0,0.070484581,31,0,31,454
84873a,FUNKY FLOWER PICNIC BAG FOR 4,88,973.36,11.06474576,01-12-2009,04-06-2010,59,1,8,0,0.47311828,88,0,88,186
84874B,BLUE TRAVEL FIRST AID KIT,86,141.76,1.646216216,02-12-2009,02-08-2011,36,3,2.529411765,0,0.141215107,78,0,78,609
84875A,PINK SQUARE COMPACT MIRROR,16,60,3.75,02-12-2009,30-11-2010,12,1,1.333333333,0,0.043956044,-29,0,-29,364
84875B,GREEN SQUARE COMPACT MIRROR,373,511.01,1.96375,18-04-2010,06-12-2011,40,2,15.54166667,0,0.623745819,359,0,359,598
84875D,BLUE SQUARE COMPACT MIRROR,371,483.75,1.722972973,03-12-2009,23-09-2011,37,1,17.66666667,0,0.562121212,494,0,494,660
84876B,GREEN HEART COMPACT MIRROR,344,488.31,2.400731707,10-12-2009,30-11-2011,40,2,9.297297297,0,0.477115118,353,0,353,721
84876C,SILVER HEART COMPACT MIRROR,7,26.25,3.75,13-12-2009,07-03-2010,4,1,2.333333333,-0.090909091,0.082352941,-11,1,-12,85
84876D,BLUE HEART COMPACT MIRROR,331,600.52,3.586285714,16-12-2009,11-09-2011,35,1,10.34375,0.041916168,0.521259843,334,14,320,635
84877A,PINK ROUND COMPACT MIRROR,74,185.66,3.401764706,17-12-2009,13-06-2011,17,2,4.352941176,0,0.136029412,31,0,31,544
84877B,GREEN ROUND COMPACT MIRROR,291,504.43,2.682093023,01-12-2009,30-11-2011,43,3,7.275,0.007575758,0.398630137,264,2,262,730
84877D,BLUE ROUND COMPACT MIRROR,160,371.85,2.972790698,09-12-2009,25-09-2011,43,3,4.210526316,0,0.243902439,-36,0,-36,656
84884A,ANT WHITE WIRE HEART SPIRAL,1708,6248.28,4.533237179,01-12-2009,06-12-2011,312,4,7.237288136,0.00058072,2.320652174,1722,1,1721,736
84884a,ANT WHITE WIRE HEART SPIRAL,49,410.89,8.377428571,19-02-2010,07-12-2011,35,1,1.689655172,0,0.074581431,56,0,56,657
84891B,GREEN WIRE GOBLET CANDLEHOLDER,11,87.45,7.95,30-05-2010,18-11-2010,6,1,2.2,0,0.063583815,24,0,24,173
84898F,YELLOW FLOWERS FELT HANDBAG KIT,165,352.75,2.179615385,01-12-2009,24-03-2011,52,4,3.75,0,0.344467641,122,0,122,479
84899E,YELLOW + BROWN BEAR FELT PURSE KIT,53,73.93,1.615714286,01-12-2009,06-05-2010,21,2,2.944444444,0.037037037,0.337579618,27,1,26,157
84899F,YELLOW PURPLE DAISY FELT PURSE KIT,121,192.17,1.899811321,01-12-2009,26-11-2010,53,2,2.630434783,0,0.335180055,67,0,67,361
84908A,PINK 5 PATCH FLOWER CUSHION COVER ,432,1045.16,5.822222222,07-02-2010,12-11-2010,36,1,12.70588235,0.002564103,1.548387097,390,1,389,279
84908B,BLUE 5 PATCH FLOWER CUSHION COVER,435,1052.29,5.516857143,02-03-2010,18-11-2010,35,1,13.59375,0,1.660305344,382,0,382,262
84909A,PINK PAISLEY QUILT ,209,2797.55,17.17666667,09-12-2009,24-03-2010,30,2,14.92857143,0,1.971698113,194,0,194,106
84910A,PINK PAISLEY CUSHION COVER ,432,1230.39,6.489433962,01-12-2009,20-07-2011,53,2,8.470588235,0.031100478,0.72361809,418,13,405,597
84912A,PINK ROSE WASHBAG,1094,2996.44,3.620258621,03-12-2009,22-09-2011,231,7,6.077777778,0,1.660091047,1169,0,1169,659
84912B,GREEN ROSE WASHBAG,1125,3072.64,3.507203065,01-12-2009,05-12-2011,259,7,5.653266332,0,1.530612245,1042,0,1042,735
84912a,PINK ROSE WASHBAG,2,15.56,7.78,22-12-2009,22-12-2009,1,1,2,0,2,2,0,2,1
84913A,SOFT PINK ROSE TOWEL ,608,2211.54,3.61037594,09-12-2009,07-11-2011,266,6,3.117948718,0,0.86981402,554,0,554,699
84913B,MINT GREEN ROSE TOWEL,420,1593.29,3.6969,02-12-2009,02-12-2011,200,7,2.727272727,0.002262443,0.574555404,442,1,441,731
84914A,PINK ROSE PICNIC RUG,6,155.7,25.95,05-05-2010,09-06-2010,5,1,1.2,0,0.166666667,12,0,12,36
84924A,WAKE UP COCKEREL CALENDAR SIGN ,133,571,4.855483871,04-12-2009,02-12-2011,62,3,2.418181818,0,0.182441701,139,0,139,729
84924D,LA PALMIERA METAL SIGN CALENDAR,764,272.61,3.799333333,04-12-2009,11-11-2010,15,2,50.93333333,0,2.227405248,1131,0,1131,343
84924F,PSYCHEDELIC METAL SIGN CALENDAR,975,274.55,2.952,22-12-2009,29-07-2011,10,2,97.5,0.499479709,1.666666667,961,480,481,585
84925A,WAKE UP COCKEREL WALL THERMOMETER,179,339.29,2.808235294,02-12-2009,28-03-2010,17,1,10.52941176,0,1.52991453,157,0,157,117
84925C,FAIRY CAKES  WALL THERMOMETER,28,71.4,2.55,02-12-2009,11-05-2010,10,1,2.8,0,0.173913043,-1,0,-1,161
84925D,LA PALMIERA WALL THERMOMETER,452,677.45,2.321153846,07-12-2009,23-06-2011,26,2,17.38461538,7.914893617,0.80141844,47,372,-325,564
84925E,FLOWERS WALL THERMOMETER,75,130.05,2.266666667,02-12-2009,12-01-2010,3,1,25,0,1.785714286,58,0,58,42
84925F,PSYCHEDELIC WALL THERMOMETER,714,873.11,2.237647059,12-01-2010,31-07-2011,34,2,21,0,1.261484099,577,0,577,566
84926A,WAKE UP COCKEREL TILE COASTER,664,293.08,0.975098039,03-03-2010,01-12-2011,51,3,13.55102041,0,1.039123631,673,0,673,639
84926B,SCOTTS ROSES TILE COASTER,54,67.5,1.25,02-12-2009,18-04-2010,10,1,6,0,0.391304348,68,0,68,138
84926C,FAIRY CAKES TILE COASTER,138,189.6,1.759032258,01-12-2009,05-08-2010,31,3,6.272727273,0.063157895,0.556451613,95,6,89,248
84926D,LA PALMIERA TILE COASTER,773,365.35,1.085208333,04-12-2009,07-12-2011,47,4,17.17777778,0,1.053133515,777,0,777,734
84926E,FLOWERS TILE COASTER,1081,471.57,0.769038462,04-12-2009,06-12-2011,52,2,23.5,0,1.474761255,1108,0,1108,733
84926F,PSYCHEDELIC TILE COASTER,484,277.9,1.418809524,04-12-2009,06-12-2011,42,2,12.1,0.049484536,0.660300136,485,24,461,733
84927A,WAKE UP COCKEREL TILE HOOK,226,157.61,2.222727273,03-02-2010,09-08-2011,33,3,6.848484848,0.365853659,0.408679928,205,75,130,553
84927D,LA PALMIERA TILE HOOK,953,211.29,1.762857143,18-04-2010,25-07-2011,28,4,35.2962963,0.455974843,2.05387931,954,435,519,464
84927E,FLOWERS TILE HOOK,494,224.31,2.086333333,02-02-2010,18-07-2011,29,3,17.03448276,0.394308943,0.928571429,492,194,298,532
84927F,PSYCHEDELIC TILE HOOK,335,273.32,1.60390625,16-12-2009,07-12-2011,62,3,5.583333333,0.017857143,0.46398892,336,6,330,722
84931A,PINK SCOTTIE DOG W FLOWER PATTERN,204,513.69,2.707073171,01-12-2009,30-11-2011,82,4,2.794520548,0,0.279452055,209,0,209,730
84931B,BLUE SCOTTIE DOG W FLOWER PATTERN,274,688.73,2.661686747,14-12-2009,05-12-2011,83,4,3.753424658,0.010752688,0.379501385,279,3,276,722
84932A,SMALL GREEN PEONY FOLDING STOOL,262,602.6,3.860416667,04-12-2009,14-06-2010,24,7,11.39130435,0,1.357512953,223,0,223,193
84932B,SMALL PINK PEONY FOLDING STOOL,189,401.3,3.105882353,04-12-2009,26-04-2010,17,5,11.8125,0,1.3125,172,0,172,144
84932C,SMALL ORIENTAL BLUE FOLDING STOOL,282,615.4,3.105882353,04-12-2009,30-06-2010,34,8,9.4,0.004016064,1.349282297,249,1,248,209
84932D,SMALL ORIENTAL RED FOLDING STOOL,239,574.71,4.629047619,04-12-2009,20-04-2010,21,5,13.27777778,0,1.731884058,223,0,223,138
84933A,LARGE GREEN PEONY FOLDING STOOL,131,314.35,4.716666667,01-12-2009,01-02-2010,6,3,21.83333333,0,2.079365079,129,0,129,63
84933B,LARGE PINK PEONY FOLDING STOOL,136,309.15,3.408333333,01-12-2009,22-01-2010,6,3,27.2,0,2.566037736,128,0,128,53
84933C,LARGE BLUE ORIENTAL FOLDING STOOL,136,317,4.716666667,04-12-2009,22-01-2010,6,2,27.2,0,2.72,140,0,140,50
84951A,S/4 PISTACHIO LOVEBIRD COASTERS,622,848.76,2.128592593,01-12-2009,05-12-2011,135,2,6.158415842,0.038461538,0.846258503,624,24,600,735
84951B,S/4 BLACK LOVEBIRD COASTERS,565,802.73,2.046115702,10-12-2009,08-12-2011,120,2,6.494252874,0,0.775034294,565,0,565,729
84951b,S/4 BLACK LOVEBIRD COASTERS,10,51.26,5.104,01-12-2009,05-03-2010,5,1,2.5,0,0.105263158,10,0,10,95
84952A,CLEAR LOVE BIRD T-LIGHT HOLDER,148,392.53,3.135897436,06-12-2009,14-11-2011,39,2,4.228571429,0,0.208744711,167,0,167,709
84952B,BLACK LOVE BIRD T-LIGHT HOLDER,364,615.49,3.0925,01-12-2009,06-12-2011,44,2,10.11111111,0.007025761,0.494565217,427,3,424,736
84952C,MIRROR LOVE BIRD T-LIGHT HOLDER,374,705.01,3.347674419,02-12-2009,11-10-2011,42,1,11,0,0.550810015,375,0,375,679
84963A,PINK PAINTED KASHMIRI CHAIR,23,763.35,41.73888889,02-02-2010,05-12-2010,9,2,2.555555556,0,0.074918567,25,0,25,307
84963B,BLUE PAINTED KASHMIRI CHAIR,18,591.5,42.95833333,19-05-2010,04-08-2011,6,1,3,0,0.040632054,18,0,18,443
84964A,PINK PAINTED KASHMIRI TABLE,11,630,45,22-02-2010,02-11-2010,2,1,5.5,0,0.043307087,7,0,7,254
84964B,BLUE PAINTED KASHMIRI TABLE ,17,990,45,22-02-2010,02-11-2010,2,1,8.5,0,0.066929134,14,0,14,254
84965A,PINK KASHMIRI COFFEE TABLE ,20,1050,40,22-02-2010,02-11-2010,3,1,6.666666667,0,0.078740157,18,0,18,254
84965B,BLUE KASHMIRI COFFEE TABLE ,27,1359.95,62.4875,22-02-2010,02-11-2010,4,1,6.75,0,0.106299213,25,0,25,254
84966A,PINK KASHMIRI BOXED MIRROR,13,225.95,25.4875,19-01-2010,02-11-2010,4,1,3.25,0,0.045138889,-20,0,-20,288
84966B,BLUE KASHMIRI BOXED MIRROR,33,428,16,19-01-2010,02-11-2010,4,1,8.25,0,0.114583333,22,0,22,288
84966C,GREEN KASHMIRI BOXED MIRROR,23,276,12,03-09-2010,02-11-2010,2,1,11.5,0,0.37704918,34,0,34,61
84967A,PINK KASHMIRI OCCASIONAL TABLE,3,174.9,58.3,02-02-2010,24-10-2010,3,1,1,1,0.011320755,1,1,0,265
84967B,BLUE KASHMIRI OCCASIONAL TABLE,24,1249.45,65.87272727,06-01-2010,02-11-2010,11,1,2.181818182,0.136363636,0.079734219,22,3,19,301
84967C,GREEN KASHMIRI OCCASIONAL TABLE,9,419.85,67.4625,19-05-2010,11-10-2010,4,1,2.25,0,0.061643836,2,0,2,146
84968A,S/16 VINTAGE ROSE CUTLERY,529,6538.08,14.12609756,03-12-2009,04-12-2011,204,7,3.480263158,0.063789869,0.722677596,533,34,499,732
84968B,S/16 VINTAGE IVORY CUTLERY,428,5681.41,14.86614815,01-12-2009,06-04-2011,135,5,4.652173913,0.007352941,0.869918699,136,1,135,492
84968C,S/16 VINTAGE PISTACHIO CUTLERY,637,7629.25,14.94708333,01-12-2009,23-11-2011,191,8,4.333333333,0.00621118,0.881051176,644,4,640,723
84968D,S/16 VINTAGE RED CUTLERY,472,5393.71,13.32811321,08-12-2009,08-12-2011,106,8,5.552941176,0.001453488,0.645690834,688,1,687,731
84968E,S/16 VINTAGE BLACK CUTLERY,387,4490.48,12.58744898,02-12-2009,07-12-2011,98,5,4.777777778,0.012539185,0.525815217,319,4,315,736
84968F,S/16 VINTAGE SKY BLUE CUTLERY,298,3571.77,13.31755725,01-12-2009,13-11-2011,131,9,3.072164948,0,0.417952314,261,0,261,713
84968a,S/16 VINTAGE ROSE CUTLERY,6,150.82,25.225,07-07-2010,31-10-2011,4,1,1.5,0,0.012448133,7,0,7,482
84968b,S/16 VINTAGE IVORY CUTLERY,2,50.98,25.49,30-07-2010,01-11-2010,2,1,1,0,0.021052632,2,0,2,95
84968d,S/16 VINTAGE RED CUTLERY,4,100.37,25.0925,08-06-2010,04-10-2011,4,1,1,0,0.008264463,4,0,4,484
84968e,S/16 VINTAGE BLACK CUTLERY,16,404.13,25.28615385,08-06-2010,09-12-2011,13,1,1.333333333,0,0.029090909,17,0,17,550
84968f,SET OF 16 VINTAGE SKY BLUE CUTLERY,2,50.98,25.49,04-10-2010,21-12-2010,2,1,1,0,0.025316456,2,0,2,79
84970L,SINGLE HEART ZINC T-LIGHT HOLDER,17400,17177.04,1.243974241,01-12-2009,09-12-2011,1080,16,36.70886076,0.002044874,23.54533153,17605,36,17569,739
84970S,HANGING HEART ZINC T-LIGHT HOLDER,26444,21794.26,1.090320781,01-12-2009,09-12-2011,1425,17,50.85384615,0.004656534,35.7834912,26844,125,26719,739
84970l,SINGLE HEART ZINC T-LIGHT HOLDER,233,487.14,2.098461538,26-05-2010,07-12-2011,65,1,4.957446809,0,0.415329768,247,0,247,561
84970s,HANGING HEART ZINC T-LIGHT HOLDER,373,784.04,2.101428571,04-06-2010,09-12-2011,98,1,5.828125,0,0.673285199,387,0,387,554
84971L,LARGE HEART FLOWERS HOOK   ,585,723.51,1.572033898,01-12-2009,07-04-2010,58,2,14.26829268,0.05186722,4.5703125,482,25,457,128
84971S,SMALL HEART FLOWERS HOOK ,6489,5493.31,1.07748927,02-12-2009,09-12-2011,459,8,20.6,0.000326158,8.792682927,6132,2,6130,738
84971l,LARGE HEART FLOWERS HOOK   ,2,4.92,2.46,25-11-2011,25-11-2011,1,1,2,0,2,2,0,2,1
84971s,SMALL HEART FLOWERS HOOK ,6,9.96,1.66,26-05-2010,28-10-2010,3,1,2,0,0.038461538,6,0,6,156
84972L,GIANT PINK HEART MEMO HOLDER,117,462.15,3.95,09-12-2009,14-07-2010,46,1,3.774193548,0,0.536697248,234,0,234,218
84984A,GREEN PEONY DES C/COVER,266,462.12,4.474705882,08-01-2010,08-11-2011,17,3,16.625,0.007518797,0.397014925,266,2,264,670
84984B,RED PEONY DES C/COVER ,322,541.3,4.2,08-01-2010,08-11-2011,16,2,20.125,0.005089059,0.480597015,393,2,391,670
84984C,ORIENTAL BLUE C/COVER ,232,401.16,5.83375,09-12-2009,14-11-2010,16,2,14.5,0,0.680351906,224,0,224,341
84984D,ORIENTAL RED C/COVER ,159,404.91,6.063333333,01-12-2009,08-11-2011,21,3,7.95,0,0.224576271,159,0,159,708
84985A,SET OF 72 GREEN PAPER DOILIES,644,1018.13,1.767032258,01-12-2009,01-03-2011,153,8,5.366666667,0.008488964,1.412280702,589,5,584,456
84985B,SET OF 72 BLACK PAPER DOILIES ,128,194.96,1.77625,01-12-2009,07-03-2010,24,3,5.565217391,0,1.319587629,101,0,101,97
84985a,SET OF 72 GREEN PAPER DOILIES,10,29.8,2.98,24-06-2010,17-11-2010,8,1,1.25,0,0.068027211,10,0,10,147
84985b,SET OF 72 BLACK PAPER DOILIES ,1,2.98,2.98,26-05-2010,26-05-2010,1,1,1,0,1,1,0,1,1
84986B,SET OF 36 SILVER PAPER DOILIES,432,639.06,1.532894737,01-12-2009,13-10-2010,75,6,7.854545455,0,1.362776025,502,0,502,317
84986b,SET OF 36 SILVER PAPER DOILIES,6,17.88,2.98,26-05-2010,06-08-2010,5,1,1.2,0,0.082191781,6,0,6,73
84989A,75 GREEN FAIRY CAKE CASES,2120,1093.42,0.685548387,02-12-2009,05-12-2011,152,6,16.96,0.00192123,2.888283379,2082,4,2078,734
84989B,75 BLACK FAIRY CAKE CASES,1009,510.15,0.682807018,03-12-2009,08-08-2010,57,3,21.02083333,0,4.052208835,907,0,907,249
84989a,75 GREEN FAIRY CAKE CASES,74,150.57,2.020243902,04-06-2010,24-08-2011,41,1,1.897435897,0,0.165548098,75,0,75,447
84989b,75 BLACK FAIRY CAKE CASES,10,12.8,1.28,25-01-2010,24-06-2010,6,1,2.5,0,0.066225166,10,0,10,151
84993A,75 GREEN PETIT FOUR CASES,1471,648.61,0.53247191,03-12-2009,09-12-2011,177,5,9.741721854,0,1.995929444,1498,0,1498,737
84993B,75 BLACK PETIT FOUR CASES,551,243.66,0.459767442,03-12-2009,08-08-2011,86,3,7.25,0,0.897394137,418,0,418,614
84993a,75 GREEN PETIT FOUR CASES,51,42.71,0.837333333,25-01-2010,05-12-2011,30,1,1.821428571,0,0.075,51,0,51,680
84993b,75 BLACK PETIT FOUR CASES,20,16.99,0.849230769,25-01-2010,26-04-2010,13,1,3.333333333,0,0.217391304,20,0,20,92
84997A,GREEN 3 PIECE MINI DOTS CUTLERY SET,5185,19400.7,4.135699831,01-12-2009,09-12-2011,589,20,15.02898551,0.00522508,7.01623816,4976,26,4950,739
84997B,RED 3 PIECE MINI DOTS CUTLERY SET,9257,34488.07,4.078661494,01-12-2009,09-12-2011,1019,24,19.86480687,0.011610567,12.52638701,9388,109,9279,739
84997C,BLUE 3 PIECE MINI DOTS CUTLERY SET,8798,32740.36,4.027962578,01-12-2009,09-12-2011,951,27,19.25164114,0.011324471,11.9052774,8124,92,8032,739
84997D,PINK 3 PIECE MINI DOTS CUTLERY SET,10653,39875.14,4.148321234,01-12-2009,09-12-2011,1085,27,22.3802521,0.005347594,14.41542625,10285,55,10230,739
84997a,GREEN 3 PIECE MINI DOTS CUTLERY SET,178,1481.78,8.262592593,26-04-2010,09-12-2011,81,1,3.068965517,0,0.300168634,178,0,178,593
84997b,RED 3 PIECE MINI DOTS CUTLERY SET,514,4322.57,8.549431818,24-06-2010,09-12-2011,85,1,6.345679012,0,0.962546816,539,0,539,534
84997c,BLUE 3 PIECE MINI DOTS CUTLERY SET,353,2958.87,8.569240506,31-08-2010,09-12-2011,75,1,4.706666667,0,0.75751073,356,0,356,466
84997d,PINK 3 PIECE MINI DOTS CUTLERY SET,371,3097.38,8.420833333,19-02-2010,09-12-2011,82,1,4.6375,0,0.562974203,390,0,390,659
85014A,BLACK/BLUE DOTS RUFFLED UMBRELLA,4623,21797.58,6.323658892,01-12-2009,06-12-2011,684,16,12.42741935,0.001714898,6.28125,4665,8,4657,736
85014B,RED/WHITE DOTS RUFFLED UMBRELLA,6155,30776.58,6.667955556,01-12-2009,09-12-2011,900,19,14.58530806,0.00290229,8.328822733,6202,18,6184,739
85014C,BLUE/BROWN DOTS RUFFLED UMBRELLA,547,2270.73,6.527916667,01-12-2009,11-06-2010,72,3,12.15555556,0.768,2.834196891,250,192,58,193
85014D,PINK/BROWN DOTS RUFFLED UMBRELLA,1918,6664.45,6.064444444,01-12-2009,29-03-2010,90,10,39.95833333,0,16.11764706,1891,0,1891,119
85014a,BLACK/BLUE DOTS RUFFLED UMBRELLA,33,416.12,12.61785714,24-06-2010,29-11-2011,28,1,1.32,0,0.062977099,37,0,37,524
85014b,RED/WHITE DOTS RUFFLED UMBRELLA,39,491.42,12.58685714,01-12-2009,08-12-2011,35,1,1.344827586,0,0.052845528,45,0,45,738
85017A,ENVELOPE 50 ROMANTIC IMAGES,1157,792.15,0.826914286,01-12-2009,03-04-2011,174,9,9.330645161,0,2.36605317,510,0,510,489
85017B,ENVELOPE 50 BLOSSOM IMAGES,2231,1390.39,0.751698113,02-12-2009,08-11-2011,317,16,9.493617021,0.005847953,3.155586987,2052,12,2040,707
85017C,ENVELOPE 50 CURIOUS IMAGES,1087,719.67,0.807024793,01-12-2009,12-05-2011,119,10,11.68817204,0.751958225,2.058712121,383,288,95,528
85018A,S/6 PAPER BOXES ROMANTIC IMAGES,15,63.75,4.25,16-12-2009,13-08-2010,10,1,1.5,0,0.062240664,8,0,8,241
85018B,S/6 PAPER BOXES BLOSSOM IMAGES ,15,63.75,4.25,16-12-2009,03-11-2010,10,1,1.5,0,0.046439628,13,0,13,323
85018C,S/6 PAPER BOXES CURIOUS IMAGES ,36,127.2,4.035,09-12-2009,24-11-2010,4,1,9,0,0.102564103,47,0,47,351
85018D,YULETIDE IMAGES S/6 PAPER BOXES,787,969.9,2.195125,02-12-2009,14-01-2011,80,3,15.74,0.026282854,1.924205379,799,21,778,409
85019A,ROMANTIC IMAGES NOTEBOOK SET,647,915.04,2.684489796,05-01-2010,08-12-2011,49,1,13.47916667,0.036866359,0.920341394,651,24,627,703
85019B,BLOSSOM  IMAGES NOTEBOOK SET,718,982.47,2.304255319,18-03-2010,08-12-2011,47,7,15.95555556,0.032742156,1.137876387,733,24,709,631
85019C,CURIOUS  IMAGES NOTEBOOK SET,423,651.19,3.3876,04-12-2009,09-06-2011,25,3,16.92,0.113207547,0.764918626,318,36,282,553
85023A,CRYSTAL LARGE JEWELLED PHOTO FRAME,22,56.1,2.55,04-12-2009,19-04-2010,10,1,2.444444444,0.038461538,0.160583942,26,1,25,137
85023B,EAU DE NILE JEWELLED PHOTOFRAME,293,682.35,2.526315789,03-12-2009,05-12-2011,38,4,7.918918919,0.252559727,0.399727149,293,74,219,733
85023C,PINK LARGE JEWELED PHOTOFRAME,23,58.65,2.55,18-01-2010,06-06-2010,11,1,2.3,0.0625,0.164285714,16,1,15,140
85024A,CRYSTAL SMALL JEWELLED PHOTOFRAME,1,1.65,1.65,04-12-2009,04-12-2009,1,1,1,0,1,1,0,1,1
85024B,EAU DE NILE JEWELLED PHOTOFRAME,218,330.9,1.64047619,19-01-2010,05-12-2011,20,3,10.9,0,0.317784257,794,0,794,686
85024C,PINK SMALL JEWELLED PHOTOFRAME,99,163.35,1.65,04-12-2009,22-11-2011,42,1,2.414634146,0.01,0.137691238,100,1,99,719
85025B,EAU DE NILE HEART SHAPE PHOTO FRAME,570,985.4,2.143979592,07-12-2009,08-12-2011,95,3,6.551724138,0.006956522,0.778688525,575,4,571,732
85025C,PINK HEART SHAPE PHOTO FRAME,720,1285.91,2.052777778,02-12-2009,24-08-2011,125,2,6.666666667,0.00311042,1.141045959,643,2,641,631
85026B,EAU DE NILE JEWELLED T-LIGHT HOLDER,300,367.55,1.102068966,01-12-2009,08-12-2011,29,1,10.34482759,0.024390244,0.406504065,410,10,400,738
85027L,FRENCH CHATEAU LARGE PLATTER ,190,538.5,4.65,17-01-2010,19-04-2011,40,7,5.277777778,0.170854271,0.414847162,199,34,165,458
85028L,FRENCH CHATEAU LARGE FRUIT BOWL ,271,654.01,5.863333333,01-12-2009,08-04-2011,27,3,11.29166667,0.091872792,0.548582996,283,26,257,494
85028S,FRENCH CHATEAU SMALL FRUITBOWL,430,656.82,3.327058824,01-12-2009,08-04-2011,33,4,14.82758621,0.082969432,0.870445344,458,38,420,494
85031A,ROMANTIC IMAGES SCRAP BOOK SET,477,943.44,3.543627451,01-12-2009,13-04-2011,102,3,5.817073171,0,0.955911824,468,0,468,499
85031B,BLOSSOM IMAGES SCRAP BOOK SET,496,896.09,3.379882353,01-12-2009,16-12-2010,85,3,7.402985075,0,1.30183727,501,0,501,381
85031C,CURIOUS IMAGES SCRAP BOOK SET,481,1017.48,3.508317757,01-12-2009,16-12-2010,106,3,5.865853659,0,1.262467192,485,0,485,381
85032A,ROMANTIC IMAGES GIFT WRAP SET,1441,1323.51,1.273726708,02-12-2009,08-12-2011,161,7,12.00833333,0,1.955223881,1448,0,1448,737
85032B,BLOSSOM IMAGES GIFT WRAP SET,982,953.34,1.265657895,22-01-2010,08-12-2011,152,8,8.465517241,0,1.43148688,994,0,994,686
85032C,CURIOUS IMAGES GIFT WRAP SET,886,946.59,1.366234568,04-12-2009,09-12-2011,161,6,7.508474576,0.013422819,1.203804348,894,12,882,736
85032D,YULETIDE IMAGES GIFT WRAP SET,1148,1327.68,1.398656716,02-12-2009,06-10-2011,133,5,11.36633663,0.008804109,1.703264095,1363,12,1351,674
85033G,SET/6 GOLD REINDEER T-LIGHT CANDLES,236,376.05,2.742424242,01-12-2009,21-09-2010,32,2,16.85714286,0.016304348,0.8,184,3,181,295
85033S,SET/6 SILVER REINDEER T-LIGHTS,258,317.35,1.567,01-12-2009,08-11-2010,49,2,8.896551724,0.004219409,0.752186589,237,1,236,343
85034A,3 GARDENIA MORRIS BOXED CANDLES,846,2364.82,3.896338028,01-12-2009,23-11-2011,135,4,8.213592233,0.013715711,1.170124481,802,11,791,723
85034B,3 WHITE CHOC MORRIS BOXED CANDLES,1183,2606.64,3.295454545,01-12-2009,08-12-2011,152,7,11.94949495,0,1.60298103,1195,0,1195,738
85034C,3 ROSE MORRIS BOXED CANDLES,1314,2604.15,2.908627451,04-12-2009,07-12-2011,197,6,11.62831858,0.017358491,1.790190736,1325,23,1302,734
85034a,3 GARDENIA MORRIS BOXED CANDLES,3,24.87,8.29,23-05-2011,08-11-2011,3,1,1,0,0.017647059,3,0,3,170
85034b,3 WHITE CHOC MORRIS BOXED CANDLES,1,8.29,8.29,25-11-2011,25-11-2011,1,1,1,0,1,1,0,1,1
85035A,GARDENIA 3 WICK MORRIS BOXED CANDLE,646,2344.9,4.322417582,02-12-2009,26-10-2011,178,8,4.581560284,0.056291391,0.930835735,604,34,570,694
85035B,CHOCOLATE 3 WICK MORRIS BOX CANDLE,986,2539.29,3.890381679,06-12-2009,27-10-2011,131,5,9.301886792,0,1.426917511,963,0,963,691
85035C,ROSE 3 WICK MORRIS BOX CANDLE,1356,2693.85,3.203793103,02-12-2009,27-11-2011,197,7,10.35114504,0.002212389,1.867768595,1356,3,1353,726
85035a,GARDENIA 3 WICK MORRIS BOXED CANDLE,3,25.41,8.47,24-11-2010,21-12-2010,3,1,1,0,0.107142857,4,0,4,28
85035b,CHOCOLATE 3 WICK MORRIS BOX CANDLE,6,50.82,8.47,19-02-2010,21-12-2010,6,1,1.2,0,0.019607843,6,0,6,306
85035c,ROSE 3 WICK MORRIS BOX CANDLE,2,16.94,8.47,24-11-2010,07-12-2010,2,1,1,0,0.142857143,3,0,3,14
85036A,GARDENIA 1 WICK MORRIS BOXED CANDLE,619,2389.21,4.130116959,03-12-2009,31-10-2011,165,3,4.421428571,0.003597122,0.886819484,556,2,554,698
85036B,CHOCOLATE 1 WICK MORRIS BOX CANDLE,598,1530.16,3.074022989,01-12-2009,17-11-2011,87,5,8.305555556,-0.008633094,0.834030683,-695,6,-701,717
85036C,ROSE 1 WICK MORRIS BOXED CANDLE,878,1629.02,3.032748092,01-12-2009,23-11-2011,128,3,8.78,-0.28978979,1.214384509,-666,193,-859,723
85036a,GARDENIA 1 WICK MORRIS BOXED CANDLE,2,16.58,8.29,12-07-2011,12-07-2011,1,1,2,0,2,2,0,2,1
85036b,CHOCOLATE 1 WICK MORRIS BOX CANDLE,2,16.94,8.47,22-10-2010,03-12-2010,2,1,1,0,0.046511628,3,0,3,43
85039A,SET/4 RED MINI ROSE CANDLE IN BOWL,1448,1661.37,1.635896414,01-12-2009,09-12-2011,251,4,7.869565217,0.002046385,1.959404601,1466,3,1463,739
85039B,S/4 IVORY MINI ROSE CANDLE IN BOWL,1653,2178.52,1.662947761,02-12-2009,09-12-2011,266,2,8.609375,0.007202881,2.239837398,1666,12,1654,738
85039C,S/4 BLACK MINI ROSE CANDLE IN BOWL,536,516.31,1.714385965,03-12-2009,08-12-2011,114,1,5.36,0.003663004,0.72826087,546,2,544,736
85039a,SET/4 RED MINI ROSE CANDLE IN BOWL,64,212.45,3.318636364,19-02-2010,08-12-2011,44,1,1.777777778,0,0.097264438,67,0,67,658
85039b,S/4 IVORY MINI ROSE CANDLE IN BOWL,4,13.44,3.36,19-02-2010,19-02-2010,1,1,4,0,4,4,0,4,1
85040A,S/4 PINK FLOWER CANDLES IN BOWL,2065,3639.89,1.977951807,03-12-2009,09-12-2011,400,10,7.454873646,0.021052632,2.801899593,2090,44,2046,737
85040B,SET/4 BLUE FLOWER CANDLES IN BOWL,2451,3813.78,1.74,01-12-2009,10-04-2011,252,4,13.17741935,0.024235645,4.941532258,2682,65,2617,496
85040a,S/4 PINK FLOWER CANDLES IN BOWL,51,169.75,3.325,01-12-2009,30-11-2011,34,1,1.75862069,0,0.069863014,51,0,51,730
85040b,SET/4 BLUE FLOWER CANDLES IN BOWL,7,23.52,3.36,26-04-2010,24-06-2010,3,1,2.333333333,0,0.116666667,7,0,7,60
85049A,TRADITIONAL CHRISTMAS RIBBONS,6151,8114.78,1.452926471,01-12-2009,09-12-2011,667,11,22.95149254,0.008047972,8.323410014,6337,51,6286,739
85049B,LUSH GREENS RIBBONS,2126,2653.3,1.316294118,01-12-2009,26-01-2011,338,9,10.2705314,0,5.037914692,2068,0,2068,422
85049C,ROMANTIC PINKS RIBBONS ,2981,3746.29,1.341905697,01-12-2009,09-12-2011,500,16,8.793510324,0.008629617,4.033829499,2897,25,2872,739
85049D,BRIGHT BLUES RIBBONS ,2330,2922.96,1.320909091,01-12-2009,28-09-2011,400,13,9.031007752,0,3.493253373,2252,0,2252,667
85049E,SCANDINAVIAN REDS RIBBONS,6316,8453.47,1.477110849,01-12-2009,09-12-2011,830,11,16.3626943,0.004291845,8.546684709,6524,28,6496,739
85049F,BABY BOOM RIBBONS ,2110,2634,1.312507837,02-12-2009,26-09-2011,314,15,9.377777778,0.012437811,3.177710843,2010,25,1985,664
85049G,CHOCOLATE BOX RIBBONS ,3829,4718.62,1.370763359,01-12-2009,09-12-2011,510,12,12.5130719,0.012355848,5.181326116,3642,45,3597,739
85049H,URBAN BLACK RIBBONS ,2066,2067.18,1.15408284,01-12-2009,09-12-2011,334,11,8.608333333,0,2.795669824,2076,0,2076,739
85049a,TRADITIONAL CHRISTMAS RIBBONS,434,1451.24,3.316078431,13-08-2010,09-12-2011,51,1,9.644444444,0,0.896694215,499,0,499,484
85049b,LUSH GREENS RIBBONS,4,9.94,2.476666667,24-06-2010,20-09-2011,3,1,1.333333333,0,0.008810573,4,0,4,454
85049c,ROMANTIC PINKS RIBBONS ,1,2.46,2.46,23-11-2011,23-11-2011,1,1,1,0,1,1,0,1,1
85049d,BRIGHT BLUES RIBBONS ,2,4.92,2.46,29-03-2011,10-05-2011,2,1,1,0,0.046511628,2,0,2,43
85049e,SCANDINAVIAN REDS RIBBONS,268,893.25,3.301311475,24-06-2010,09-12-2011,61,1,5.153846154,0,0.501872659,298,0,298,534
85049g,CHOCOLATE BOX RIBBONS ,115,281.44,2.43,30-11-2010,09-12-2011,52,1,2.211538462,0,0.306666667,115,0,115,375
85061W,WHITE JEWELLED HEART DECORATION,6306,5451.49,1.080496894,01-12-2009,08-12-2011,469,7,19.89274448,0.004132915,8.544715447,6049,25,6024,738
85071A,BLUE CHARLIE+LOLA PERSONAL DOORSIGN,1907,1415.69,1.262684564,01-12-2009,06-12-2011,147,7,17.82242991,0.079414838,2.591032609,1914,152,1762,736
85071B,RED CHARLIE+LOLA PERSONAL DOORSIGN,2340,1316.48,1.302634731,01-12-2009,08-12-2011,165,5,18.87096774,0.000816993,3.170731707,2448,2,2446,738
85071C,"CHARLIE+LOLA""EXTREMELY BUSY"" SIGN",1285,837.23,1.675633803,06-12-2009,09-12-2011,141,3,11.07758621,0,1.750681199,1291,0,1291,734
85071D,CHARLIE+LOLA MY ROOM DOOR SIGN,884,548.86,1.282368421,01-12-2009,06-12-2011,112,2,9.608695652,0,1.201086957,890,0,890,736
85086A,CANDY SPOT HEART DECORATION,587,568.73,1.163986928,01-12-2009,12-08-2011,152,4,4.851239669,0,0.946774194,557,0,557,620
85097B,BLUE ROCKING SINGING CANARY,106,417.17,4.135365854,02-12-2009,09-08-2010,40,4,3.212121212,0.096774194,0.422310757,124,12,112,251
85098B,BLUE FLYING SINGING CANARY,366,1456.94,4.695043478,02-12-2009,18-11-2010,114,7,4.463414634,0.144117647,1.039772727,340,49,291,352
85099B,JUMBO BAG RED WHITE SPOTTY ,96757,180569.34,2.330321623,01-12-2009,09-12-2011,3989,22,164.2733447,0.012552085,130.9296346,96956,1217,95739,739
85099C,JUMBO  BAG BAROQUE BLACK WHITE,30640,59057.61,2.408958223,01-12-2009,09-12-2011,1868,15,54.71428571,0.010016321,41.46143437,31249,313,30936,739
85099F,JUMBO BAG STRAWBERRY,36860,67985.77,2.294302703,01-12-2009,08-12-2011,1830,16,67.26277372,0.007831525,49.94579946,36136,283,35853,738
85099b,JUMBO BAG RED RETROSPOT,419,2111.64,4.89,04-06-2010,15-10-2010,25,1,41.9,0,3.126865672,419,0,419,134
85099c,JUMBO  BAG BAROQUE BLACK WHITE,17,85.17,4.975,24-06-2010,26-07-2010,10,1,4.25,0,0.515151515,17,0,17,33
85099f,JUMBO BAG STRAWBERRY,201,1016.36,5.056,26-07-2010,11-01-2011,25,1,8.739130435,0,1.182352941,213,0,213,170
85114A,BLACK ENCHANTED FOREST PLACEMAT,1270,2110.9,1.942427184,21-06-2010,01-12-2011,103,3,14.26966292,0,2.400756144,1410,0,1410,529
85114B,IVORY ENCHANTED FOREST PLACEMAT,2017,3618.05,2.122767857,01-12-2009,08-12-2011,223,7,11.26815642,0.000963391,2.733062331,2076,2,2074,738
85114C,RED ENCHANTED FOREST PLACEMAT,1179,2263.06,1.97686747,02-12-2009,09-12-2011,161,8,9,0,1.597560976,1262,0,1262,738
85114a,BLACK ENCHANTED FOREST PLACEMAT,56,185.64,3.310588235,22-12-2009,08-06-2011,17,1,3.733333333,0,0.104868914,56,0,56,534
85114b,IVORY ENCHANTED FOREST PLACEMAT,56,186.76,3.319473684,01-12-2009,08-12-2011,19,1,3.294117647,0,0.075880759,56,0,56,738
85114c,RED ENCHANTED FOREST PLACEMAT,185,612.64,3.313333333,01-12-2009,05-12-2011,42,1,5.285714286,0,0.25170068,188,0,188,735
85115B,S/4 BLACK DISCO PARTITION PANEL,6,37.62,6.27,09-06-2010,11-10-2011,2,1,3,0,0.012244898,6,0,6,490
85121B,RETRO LAUNDRY TUB PINK,86,936.74,12.071875,03-12-2009,27-06-2010,48,5,2.15,0.1375,0.415458937,80,11,69,207
85121C,RETRO LAUNDRY TUB PISTACHIO,98,918.91,9.960943396,07-12-2009,17-11-2010,53,6,2.085106383,0.024096386,0.283236994,83,2,81,346
85123A,WHITE HANGING HEART T-LIGHT HOLDER,94203,257724.71,3.076174923,01-12-2009,09-12-2011,5365,23,156.2238806,0.036488004,127.473613,99704,3638,96066,739
85123a,WHITE HANGING HEART T-LIGHT HOLDER,516,3444.02,6.543333333,08-06-2010,08-12-2011,99,1,7.588235294,0,0.93989071,597,0,597,549
85123b,ZINC HANGING HEART T-LITE HLDR,1,6.04,6.04,22-12-2009,22-12-2009,1,1,1,0,1,1,0,1,1
85124A,PINK JUICY FRUIT PHOTO FRAME,377,1037.13,3.204421053,01-12-2009,01-10-2010,95,4,4.960526316,0.02266289,1.236065574,353,8,345,305
85124B,BLUE JUICY FRUIT PHOTO FRAME,353,938.47,2.982647059,08-12-2009,24-11-2011,102,3,3.677083333,0.016393443,0.492329149,366,6,360,717
85124C,GREEN JUICY FRUIT PHOTO FRAME,426,1123.89,3.018099174,08-12-2009,23-10-2011,121,4,4.13592233,0.013605442,0.62189781,441,6,435,685
85124a,PINK JUICY FRUIT PHOTO FRAME,10,50.6,5.06,26-05-2010,19-08-2010,9,1,1.25,0,0.11627907,10,0,10,86
85124b,BLUE JUICY FRUIT PHOTO FRAME,2,10.23,5.115,22-12-2009,24-06-2010,2,1,1,0,0.010810811,2,0,2,185
85124c,GREEN JUICY FRUIT PHOTO FRAME,3,15.18,5.06,22-07-2010,26-08-2010,2,1,1.5,0,0.083333333,3,0,3,36
85129A,"WHITE PEARL BEADED HEART, SMALL",444,569.16,1.427,01-12-2009,29-08-2010,75,3,7.047619048,0.031168831,1.632352941,385,12,373,272
85129B,BEADED CRYSTAL HEART GREEN SMALL,233,315.11,1.725714286,15-12-2009,05-12-2011,56,2,4.480769231,0,0.323162275,234,0,234,721
85129C,BEADED CRYSTAL HEART BLUE SMALL,390,510.23,1.606969697,02-12-2009,08-12-2011,65,2,6.393442623,0,0.52917232,360,0,360,737
85129D,BEADED CRYSTAL HEART PINK SMALL,793,1193.56,1.896428571,01-12-2009,05-12-2011,168,1,5.624113475,0.001315789,1.078911565,760,1,759,735
85130A,BEADED PEARL HEART WHITE LARGE,685,1176.29,1.865454545,01-12-2009,23-05-2011,86,4,9.133333333,0,1.270871985,624,0,624,539
85130B,BEADED CRYSTAL HEART GREEN LARGE,911,918.33,1.698433735,11-01-2010,07-12-2011,83,3,12.14666667,0,1.308908046,912,0,912,696
85130C,BEADED CRYSTAL HEART BLUE  LARGE,659,737.89,1.360289855,05-01-2010,07-12-2011,68,3,10.46031746,0,0.938746439,684,0,684,702
85130D,BEADED CRYSTAL HEART PINK LARGE,788,958.85,1.781545455,02-12-2009,07-12-2011,107,1,8.12371134,0,1.070652174,795,0,795,736
85131A,BEADED PEARL HEART WHITE ON STICK,2025,1619.23,0.97595,03-12-2009,30-10-2011,199,4,13.23529412,0.006721075,2.905308465,2083,14,2069,697
85131B,BEADED CRYSTAL HEART GREEN ON STICK,948,730.74,0.86037037,16-12-2009,09-12-2011,216,1,5.925,0,1.309392265,980,0,980,724
85131C,BEADED CRYSTAL HEART BLUE ON STICK,439,320.15,0.939315068,28-01-2010,14-11-2011,72,3,6.859375,0,0.669207317,447,0,447,656
85131D,BEADED CRYSTAL HEART PINK\ON STICK,1443,1092.71,0.873445693,17-12-2009,09-12-2011,267,4,8.061452514,0,1.995850622,1466,0,1466,723
85132A,CHARLIE + LOLA BISCUITS TINS,1348,5152.07,6.60976,01-12-2009,24-05-2011,250,8,9.296551724,0.003943218,2.496296296,1268,5,1263,540
85132B,CHARLIE AND LOLA TABLE TINS,919,2767.53,4.942682927,06-12-2009,19-06-2011,123,8,11.34567901,0.002531646,1.638146168,790,2,788,561
85132C,CHARLIE AND LOLA FIGURES TINS,2062,5818.94,4.964092409,01-12-2009,02-09-2011,302,10,11.58426966,0.006122449,3.216848674,1960,12,1948,641
85132a,CHARLIE + LOLA BISCUITS TINS,10,135.13,13.513,01-12-2009,10-05-2011,10,1,1.25,0,0.019011407,12,0,12,526
85132b,CHARLIE AND LOLA TABLE TINS,10,95.84,9.584,05-03-2010,21-06-2011,10,1,1.25,0,0.021097046,10,0,10,474
85132c,CHARLIE AND LOLA FIGURES TINS,4,46.1,11.525,07-07-2010,26-04-2011,4,1,1,0,0.013605442,4,0,4,294
85135A,YELLOW DRAGONFLY HELICOPTER,94,754.59,8.032380952,02-12-2009,29-11-2011,63,1,1.807692308,0.043478261,0.129120879,92,4,88,728
85135B,BLUE DRAGONFLY HELICOPTER,151,1226.51,8.113275862,01-12-2009,17-11-2011,115,2,1.819277108,0.018018018,0.210599721,111,2,109,717
85135C,RED DRAGONFLY HELICOPTER,162,1317.92,8.162321429,02-12-2009,08-12-2011,111,2,1.840909091,0.014184397,0.219810041,141,2,139,737
85136A,YELLOW SHARK HELICOPTER,138,1121.28,8.127196262,01-12-2009,06-12-2011,106,4,1.586206897,0.012658228,0.1875,79,1,78,736
85136B,BLUE SHARK HELICOPTER,59,473.77,8.020638298,03-12-2009,14-12-2010,47,1,1.475,0.166666667,0.156498674,6,1,5,377
85136C,RED SHARK HELICOPTER,179,1451.69,8.129180328,01-12-2009,08-12-2011,122,3,1.904255319,0.097402597,0.242547425,154,15,139,738
85159A,"BLACK TEA,COFFEE,SUGAR JARS",492,1248.98,6.344390244,07-12-2009,04-12-2011,82,4,6.833333333,0.087044534,0.675824176,494,43,451,728
85159B,"WHITE TEA,COFFEE,SUGAR JARS",659,1503.5,4.945227273,02-12-2009,30-11-2011,88,9,7.939759036,0.059180577,0.903978052,659,39,620,729
85159b,"WHITE TEA,COFFEE,SUGAR JARS",1,13,13,22-12-2009,22-12-2009,1,1,1,0,1,1,0,1,1
85160A,WHITE BIRD GARDEN DESIGN MUG,8816,1493.75,5.40875,10-12-2009,25-01-2011,32,2,293.8666667,0.478193491,21.39805825,9034,4320,4714,412
85160B,BLACK BIRD GARDEN DESIGN MUG,6155,1032.7,3.282162162,14-12-2009,13-11-2011,36,2,186.5151515,0.472125436,8.792857143,6314,2981,3333,700
85160a,WHITE BIRD GARDEN DESIGN MUG,8,129.04,16.13,05-03-2010,21-12-2010,3,1,2.666666667,0,0.02739726,8,0,8,292
85160b,BLACK BIRD GARDEN DESIGN MUG,1,16.13,16.13,29-03-2010,29-03-2010,1,1,1,0,1,1,0,1,1
85162A,SILVER RETRODISC LAMPSHADE,607,1234.27,3.6155,01-12-2009,08-06-2010,20,2,30.35,0.010958904,3.194736842,365,4,361,190
85162B,BLACK RETRODISC LAMPSHADE,977,1905.15,1.95,07-12-2009,08-06-2010,13,2,75.15384615,0,5.309782609,1002,0,1002,184
85162C,WHITE RETRODISC LAMPSHADE,904,1841.7,3.115,02-12-2009,08-06-2010,46,2,33.48148148,0,4.783068783,833,0,833,189
85163A,WHITE BAROQUE WALL CLOCK ,103,1058.17,12.29877193,02-12-2009,23-11-2011,57,5,1.980769231,0,0.14265928,104,0,104,722
85163B,BLACK BAROQUE WALL CLOCK ,115,1268.66,14.09409091,22-12-2009,05-12-2011,66,4,2.12962963,0.008695652,0.161064426,115,1,114,714
85164B,BLACK BAROQUE CUCKOO CLOCK,140,1825.18,16.834,02-12-2009,29-09-2010,65,3,2.592592593,0.008,0.463576159,125,1,124,302
85164b,BLACK BAROQUE CUCKOO CLOCK,1,26.04,26.04,01-12-2009,01-12-2009,1,1,1,0,1,1,0,1,1
85166A,WHITE METAL BAROQUE PHOTO FRAME,77,158.9,4.676666667,02-12-2009,18-01-2010,12,1,7.7,0.023809524,1.604166667,42,1,41,48
85166B,BLACK METAL BAROQUE PHOTO FRAME,510,864.1,3.847368421,04-12-2009,14-11-2010,38,2,15,0,1.473988439,496,0,496,346
85167A,WHITE GRAND BAROQUE PHOTO FRAME,176,396.8,4.235714286,03-12-2009,31-03-2010,14,1,16,0.183673469,1.478991597,147,27,120,119
85167B,BLACK GRAND BAROQUE PHOTO FRAME,692,1426.34,4.181,14-12-2009,08-04-2011,59,3,12.81481481,0,1.438669439,678,0,678,481
85168A,WHITE BAROQUE CARRIAGE CLOCK,22,218.9,9.95,02-12-2009,14-06-2010,15,1,1.466666667,0,0.112820513,16,0,16,195
85168B,BLACK BAROQUE CARRIAGE CLOCK,72,652.17,9.157884615,02-12-2009,09-12-2011,52,2,1.565217391,0,0.097560976,73,0,73,738
85169A,IVORY LOVE BIRD CANDLE,1252,1385.82,1.39516129,08-12-2009,08-12-2011,151,7,10.34710744,0.009345794,1.712722298,1284,12,1272,731
85169B,BLACK LOVE BIRD CANDLE,428,502.91,1.510851064,02-12-2009,08-12-2011,93,3,5.417721519,0,0.5807327,483,0,483,737
85169C,EAU DE NIL LOVE BIRD CANDLE,505,566.82,1.372676056,08-12-2009,09-12-2011,71,4,8.14516129,0.023715415,0.68989071,506,12,494,732
85169D,PINK LOVE BIRD CANDLE,521,603.98,1.499318182,14-12-2009,29-11-2011,88,5,6.5125,0.001915709,0.727653631,522,1,521,716
85170A,SET/6 IVORY BIRD T-LIGHT CANDLES,848,1585.06,2.558333333,01-12-2009,07-12-2010,84,2,11.77777778,0.043478261,2.279569892,736,32,704,372
85170B,SET/6 BLACK BIRD T-LIGHT CANDLES,283,475.91,2.615689655,02-12-2009,29-11-2011,58,1,5.145454545,0.027303754,0.388736264,293,8,285,728
85170C,SET/6 EAU DE NIL BIRD T-LIGHTS,543,993.03,2.799626168,02-12-2009,09-12-2011,107,4,5.838709677,0.001821494,0.735772358,549,1,548,738
85170D,SET/6 PINK BIRD T-LIGHT CANDLES,723,1296.36,2.845695364,01-12-2009,08-12-2011,151,3,5.6484375,0.009628611,0.979674797,727,7,720,738
85179A,GREEN BITTY LIGHT CHAIN,217,511.07,3.245428571,03-12-2009,09-12-2011,70,4,4.094339623,0.013513514,0.294436906,222,3,219,737
85179B,WHITE BITTY LIGHT CHAIN ,246,1056.6,5.192666667,03-12-2009,15-11-2010,45,1,6.473684211,0,0.706896552,164,0,164,348
85179C,PINK BITTY LIGHT CHAIN,116,257.15,3.185,03-12-2009,08-12-2011,40,2,3.411764706,0,0.157608696,116,0,116,736
85179a,GREEN BITTY LIGHT CHAIN,2,11.78,5.89,28-10-2010,29-11-2011,2,1,1,0,0.005025126,2,0,2,398
85180A,RED HEARTS LIGHT CHAIN ,629,1636.42,3.9513,03-12-2009,05-12-2011,99,3,9.676923077,0.023847377,0.858117326,629,15,614,733
85180B,PINK HEARTS LIGHT CHAIN ,364,1022.16,4.166956522,01-12-2009,06-12-2011,67,4,7.137254902,0,0.494565217,365,0,365,736
85183A,CHARLIE & LOLA WASTEPAPER BIN BLUE,1512,2275.75,2.357482517,01-12-2009,05-12-2011,141,8,13.03448276,0.005952381,2.057142857,1512,9,1503,735
85183B,CHARLIE & LOLA WASTEPAPER BIN FLORA,1725,2731.76,2.454418605,01-12-2009,04-12-2011,171,9,12.41007194,0.01971831,2.35013624,1775,35,1740,734
85184B,SET 4 EASTER DECOUPAGE OVAL BOXES,14,41.3,2.95,09-12-2009,22-03-2010,7,1,2.333333333,0.166666667,0.134615385,6,1,5,104
85184C,S/4 VALENTINE DECOUPAGE HEART BOX,2275,4891.71,3.334482759,01-12-2009,08-12-2011,345,12,10.43577982,0,3.082655827,2296,0,2296,738
85184D,S/4 BLUE ROUND DECOUPAGE BOXES,8311,4546.78,3.496818182,01-12-2009,27-09-2010,66,8,145.8070175,0.490171684,27.61129568,8038,3940,4098,301
85184c,S/4 VALENTINE DECOUPAGE HEART BOX,6,35.35,5.891666667,22-12-2009,26-10-2011,6,1,1,0,0.008902077,6,0,6,674
85184d,S/4 BLUE ROUND DECOUPAGE BOXES,1,5.91,5.91,22-07-2010,22-07-2010,1,1,1,0,1,1,0,1,1
85185B,PINK HORSE SOCK PUPPET,593,1843.46,3.471021505,01-12-2009,30-11-2011,182,5,3.875816993,0.001748252,0.812328767,572,1,571,730
85185C,COW  SOCK PUPPET,58,171.1,2.95,02-12-2009,01-08-2010,27,1,2.52173913,0,0.238683128,69,0,69,243
85185D,FROG SOCK PUPPET,195,636.11,3.762878788,01-12-2009,25-05-2011,66,4,3.362068966,0,0.360443623,103,0,103,541
85185E,DUCK SOCK PUPPET,4,11.8,2.95,03-12-2009,15-12-2009,2,1,2,-0.060606061,0.307692308,-33,2,-35,13
85185F,LION SOCK PUPPET,37,109.15,2.95,02-12-2009,08-03-2010,19,1,2.3125,0,0.381443299,82,0,82,97
85186A,EASTER BUNNY GARLAND OF FLOWERS,1473,685.87,0.6140625,01-12-2009,14-04-2011,159,4,13.63888889,0.007751938,2.946,1548,12,1536,500
85186B,BUNNY BUNCH OF FLOWERS,14,5.88,0.42,17-03-2010,21-03-2010,2,1,7,0,2.8,-91,0,-91,5
85186C,BUNNY EGG GARLAND,1400,658.19,0.604679487,01-12-2009,20-10-2011,152,5,13.46153846,0.031428571,2.031930334,1400,44,1356,689
85188A,GREEN METAL SWINGING BUNNY,944,824.97,1.024571429,09-12-2009,21-04-2011,105,3,12.58666667,0.028571429,1.891783567,945,27,918,499
85188B,PINK METAL SWINGING BUNNY,748,660.88,1.073421053,11-01-2010,27-03-2011,74,3,14.66666667,0.035346097,1.696145125,679,24,655,441
85192S,HANGING SPRING FLOWER HEART SMALL,3,1.95,0.65,07-02-2010,08-02-2010,2,1,1.5,0,1.5,-60,0,-60,2
85194L,HANGING SPRING FLOWER EGG LARGE,1818,1560.63,1.047755102,07-12-2009,22-11-2011,147,5,18.18,0.018131868,2.539106145,1820,33,1787,716
85194S,HANGING SPRING FLOWER EGG SMALL,1760,889.46,0.783233083,05-01-2010,04-12-2011,131,3,16.76190476,0.016477273,2.51788269,1760,29,1731,699
85199L,LARGE HANGING IVORY & RED WOOD BIRD,3455,2285.02,0.836,01-12-2009,08-12-2011,272,10,16.69082126,0.008194234,4.681571816,3295,27,3268,738
85199S,SMALL HANGING IVORY/RED WOOD BIRD,6022,2789.28,0.58437751,01-12-2009,09-12-2011,486,8,20.27609428,0.003898635,8.148849797,6156,24,6132,739
85205A,IVORY FELT EASTER RABBIT GARLAND,66,168.3,2.55,02-02-2010,23-03-2010,21,1,4.125,0,1.32,47,0,47,50
85205B,PINK FELT EASTER RABBIT GARLAND,241,669.38,3.193064516,11-01-2010,21-04-2011,61,4,4.634615385,0,0.517167382,241,0,241,466
85206A,CREAM FELT EASTER EGG BASKET,2327,3982.91,1.80810559,01-12-2009,17-03-2011,318,11,19.39166667,0.004376368,4.930084746,2285,10,2275,472
85206B,PINK FELT EASTER EGG BASKET,1538,2477.3,1.815706522,14-12-2009,20-01-2011,183,5,22.28985507,0.009253139,3.816377171,1513,14,1499,403
85226A,WHITE/BLUE PULL BACK RACING CAR,1714,933.07,0.73602649,02-12-2009,24-11-2010,144,8,16.97029703,0.032327586,4.787709497,1392,45,1347,358
85226C,BLUE PULL BACK RACING CAR,989,522.31,0.765119048,01-12-2009,09-11-2010,83,3,14.76119403,0,2.875,1001,0,1001,344
85230A,OPIUM SCENTED VOTIVE CANDLE,1992,497.04,0.268333333,13-12-2009,02-12-2011,48,3,43.30434783,0,2.766666667,1992,0,1992,720
85230B,CINNAMON SCENTED VOTIVE CANDLE,2120,561.04,0.278235294,08-12-2009,06-12-2011,68,6,35.33333333,0,2.908093278,2048,0,2048,729
85230C,ROSE SCENTED VOTIVE CANDLE,24,6.96,0.29,10-12-2009,10-12-2009,1,1,24,0,24,48,0,48,1
85230D,VANILLA SCENTED VOTIVE CANDLE,24,6.96,0.29,10-12-2009,10-12-2009,1,1,24,0,24,48,0,48,1
85230E,STRAWBRY SCENTED VOTIVE CANDLE,2445,628.41,0.275454545,08-12-2009,11-09-2011,66,3,40.08196721,0,3.802488336,2219,0,2219,643
85230F,JASMINE VOTIVE CANDLE,2946,725.7,0.277096774,02-12-2009,10-11-2011,62,5,54.55555556,0,4.155148096,2748,0,2748,709
85230G,ORANGE VOTIVE CANDLE,1680,425.76,0.269130435,02-12-2009,02-12-2011,46,4,38.18181818,0.027777778,2.298221614,1728,48,1680,731
85231B,CINAMMON SET OF 9 T-LIGHTS,2054,1877.84,1.046580977,01-12-2009,08-12-2011,384,7,8.349593496,0.005102041,2.783197832,2156,11,2145,738
85231E,STRAWBERRY SCENTED SET/9 T-LIGHTS,835,695.23,0.947383178,01-12-2009,13-06-2010,106,3,12.27941176,0.019834711,4.282051282,605,12,593,195
85231G,ORANGE SCENTED SET/9 T-LIGHTS,1474,1281.31,0.988210117,01-12-2009,12-10-2011,253,3,7.882352941,0.015861572,2.164464023,1387,22,1365,681
85231L,LAVENDER SCENTED SET/9 T-LIGHTS,1039,838.35,0.914915254,01-12-2009,02-05-2010,116,3,15.50746269,0,6.790849673,779,0,779,153
85231b,CINAMMON SET OF 9 T-LIGHTS,4,6.58,1.645,01-10-2010,15-04-2011,4,1,1,0,0.020304569,4,0,4,197
85231e,STRAWBERRY SCENTED SET/9 T-LIGHTS,1,1.66,1.66,29-03-2010,29-03-2010,1,1,1,0,1,1,0,1,1
85231g,ORANGE SCENTED SET/9 T-LIGHTS,6,9.78,1.63,14-01-2011,10-05-2011,6,1,1,0,0.051282051,6,0,6,117
85232A,SET/3 POLKA DOT STACKING TINS,375,1889.88,5.423597122,01-12-2009,06-06-2011,138,9,3.125,0.100946372,0.678119349,317,32,285,553
85232B,SET/3 RUSSIAN DOLL STACKING TINS,3061,15332.53,5.77320442,01-12-2009,11-02-2011,539,15,12.244,0.105027548,6.988584475,2904,305,2599,438
85232C,RUSSIAN FOLKART STACKING TINS,1,4.95,4.95,15-01-2010,15-01-2010,1,1,1,0,1,3,0,3,1
85232D,SET/3 DECOUPAGE STACKING TINS,701,3636.66,5.953721973,01-12-2009,08-12-2011,223,17,3.982954545,0.017333333,0.949864499,750,13,737,738
85232a,SET/3 POLKA DOT STACKING TINS,2,20.34,10.17,09-04-2010,26-05-2010,2,1,1,0,0.041666667,2,0,2,48
85232b,SET/3 RUSSIAN DOLL STACKING TINS,25,254.47,10.18,22-12-2009,09-11-2010,22,1,1.666666667,0,0.077399381,25,0,25,323
85232d,SET/3 DECOUPAGE STACKING TINS,1,10.17,10.17,28-09-2010,28-09-2010,1,1,1,0,1,1,0,1,1
90000A,RASPBERRY ANT COPPER FLOWER NECKLAC,33,198.98,6.049047619,01-12-2009,16-11-2011,21,2,1.736842105,0,0.046089385,33,0,33,716
90000B,MIDNIGHT BLUE COPPER FLOWER NECKLAC,29,177.29,6.135714286,07-12-2009,25-07-2011,21,1,1.45,0.041666667,0.048657718,24,1,23,596
90000C,OPAL WHITE/SILVER FLOWER NECKLACE,2,12.32,6.16,13-12-2009,18-01-2010,2,1,1,0,0.054054054,-5,0,-5,37
90000D,COPPER/OLIVE GREEN FLOWER NECKLACE,51,313.75,6.207647059,01-12-2009,25-11-2011,34,1,1.545454545,0,0.070344828,54,0,54,725
90001A,ANTIQUE RASPBERRY FLOWER EARRINGS,11,46.6,4.235,15-12-2009,31-10-2011,10,1,1.1,0,0.016034985,11,0,11,686
90001B,ANTIQUE MID BLUE FLOWER EARRINGS,13,55.12,4.237,13-01-2010,08-11-2011,10,3,1.444444444,0.166666667,0.019548872,6,1,5,665
90001C,ANTIQUE OPAL WHITE FLOWER EARRINGS,11,46.7,4.245,11-12-2009,20-10-2011,10,1,1.1,0,0.016200295,1,0,1,679
90001D,ANTIQUE OLIVE GREEN FLOWER EARRINGS,20,84.96,4.246363636,06-12-2009,09-10-2011,11,3,1.818181818,0,0.029717682,21,0,21,673
90002A,FLOWER BURST SILVER RING OPAL,36,135,3.75,07-12-2009,04-11-2010,14,1,2.571428571,0,0.108108108,78,0,78,333
90002B,FLOWER BURST SILVER RING ROSE,22,82.74,3.771818182,02-12-2009,25-10-2010,11,2,2,0,0.067073171,22,0,22,328
90002C,FLOWER BURST SILVER RING MIDN'T BLU,33,124.38,3.783157895,02-12-2009,18-08-2010,19,2,1.941176471,0.222222222,0.126923077,9,2,7,260
90002D,FLOWER BURST SILVER RING CRYSTAL,104,365.74,3.757058824,02-12-2009,08-05-2011,34,1,3.25,0.015625,0.198852772,128,2,126,523
90002E,FLOWER BURST SILVER RING GREEN,18,67.77,3.774545455,02-12-2009,18-08-2010,11,1,1.636363636,-0.1875,0.069230769,-16,3,-19,260
90003B,ROSE COLOUR PAIR HEART HAIR SLIDES,44,165.81,3.778076923,01-12-2009,29-11-2011,25,2,1.833333333,0.189189189,0.060356653,37,7,30,729
90003C,MIDNIGHT BLUE PAIR HEART HAIR SLIDE,51,191.54,3.758857143,01-12-2009,09-12-2011,35,2,1.5,0.14893617,0.069012179,47,7,40,739
90003D,CRYSTAL PAIR HEART HAIR SLIDES,60,226.17,3.7734375,01-12-2009,29-11-2011,32,2,2,0.122807018,0.082304527,57,7,50,729
90003E,GREEN PAIR HEART HAIR SLIDES,32,120.31,3.766818182,16-12-2009,09-12-2011,22,2,1.523809524,0.114285714,0.044198895,35,4,31,724
90004A,JADE GREEN PAIR ENAMEL HAIR SLIDES,1,3.75,3.75,15-12-2009,15-12-2009,1,1,1,0,1,3,0,3,1
90005A,JADE GREEN ENAMEL HAIR COMB,106,216.87,2.080877193,01-12-2009,27-04-2011,57,2,2.208333333,0,0.20662768,-53,0,-53,513
90010A,MIDNIGHT BLUE GLASS/SILVER BRACELET,49,443.85,9.071666667,03-12-2009,09-12-2011,30,1,1.689655172,0.08,0.066485753,75,6,69,737
90010B,BLACK/WHITE GLASS/SILVER BRACELET,63,578.02,9.342647059,02-12-2009,10-04-2011,34,1,2.032258065,0.066666667,0.127272727,15,1,14,495
90010E,AMBER GLASS/SILVER BRACELET,56,501.65,8.912285714,01-12-2009,02-12-2011,35,1,1.647058824,0.066666667,0.076502732,60,4,56,732
90011A,MIDNIGHT BLUE CRYSTAL DROP EARRINGS,15,44.28,2.952,03-12-2009,24-11-2011,15,1,1,0,0.020775623,5,0,5,722
90011B,BLACK CRYSTAL DROP EARRINGS,20,59.06,2.954,03-12-2009,30-11-2011,15,1,1.428571429,0,0.027472527,-12,0,-12,728
90011C,GREEN CRYSTAL DROP EARRINGS,12,35.33,2.94,04-12-2009,24-11-2011,7,1,1.714285714,0,0.016643551,16,0,16,721
90011D,PURPLE CRYSTAL DROP EARRINGS,5,14.75,2.95,02-12-2009,22-11-2011,5,1,1,0,0.006934813,-4,0,-4,721
90011E,AMBER CRYSTAL DROP EARRINGS,8,23.61,2.95125,08-12-2009,15-09-2011,8,1,1,0,0.01236476,3,0,3,647
90012A,MIDNIGHT BLUE DROP CRYSTAL NECKLACE,13,74.38,8.097142857,03-12-2009,11-10-2011,7,1,1.857142857,0,0.019174041,-5,0,-5,678
90012B,BLACK DROP CRYSTAL NECKLACE,17,85.9,7.7,03-12-2009,13-11-2011,6,1,2.833333333,0,0.023909986,12,0,12,711
90013A,MIDNIGHT BLUE VINTAGE EARRINGS,115,434.27,3.788961039,03-12-2009,09-12-2011,77,3,1.597222222,0.07079646,0.156037992,113,8,105,737
90013B,BLACK VINTAGE EARRINGS,104,428.92,4.186835443,02-12-2009,30-11-2011,79,1,1.464788732,0,0.14266118,108,0,108,729
90013C,GREEN VINTAGE EARRINGS ,88,353.55,4.1125,01-12-2009,09-12-2011,56,3,1.660377358,0.010869565,0.119079838,92,1,91,739
90013D,PURPLE VINTAGE EARRINGS,46,178.11,3.998823529,13-01-2010,29-06-2011,17,2,2.875,0,0.08630394,34,0,34,533
90013E,AMBER VINTAGE EARRINGS ,2,8.57,4.285,09-12-2009,13-01-2010,2,1,1,0,0.055555556,-3,0,-3,36
90014A,SILVER/MOP ORBIT NECKLACE,55,502.01,9.67725,07-12-2009,09-12-2011,40,1,1.41025641,0,0.075034106,43,0,43,733
90014B,GOLD M PEARL  ORBIT NECKLACE,34,333.71,9.73,04-12-2009,26-10-2011,28,1,1.214285714,0,0.049132948,35,0,35,692
90014C,SILVER/BLACK ORBIT NECKLACE,29,284.68,9.7565,02-12-2009,27-11-2011,20,1,1.45,0,0.039944904,21,0,21,726
90016A,SILVER/M.O.P PENDANT ORBIT NECKLACE,29,207.86,8.21,18-12-2009,26-10-2011,16,1,1.8125,0,0.042772861,29,0,29,678
90016B,GOLD/M.O.P PENDANT ORBIT NECKLACE,37,312.14,8.433333333,16-12-2009,09-12-2011,30,1,1.275862069,0,0.051104972,37,0,37,724
90016C,SILVER/BLACK PENDANT ORBIT NECKLACE,17,144.07,8.47,11-01-2010,08-12-2011,14,1,1.214285714,0,0.024390244,17,0,17,697
90018A,SILVER M.O.P ORBIT DROP EARRINGS,75,316.99,4.218928571,14-12-2009,08-12-2011,56,3,1.442307692,0.012658228,0.103448276,79,1,78,725
90018B,GOLD M.O.P ORBIT DROP EARRINGS,39,164.62,4.22,02-12-2009,09-12-2011,31,2,1.258064516,0,0.052845528,41,0,41,738
90018C,SILVER BLACK ORBIT DROP EARRINGS,28,118.51,4.226,14-12-2009,25-11-2011,20,3,1.473684211,0.25,0.039325843,4,1,3,712
90019A,SILVER M.O.P ORBIT BRACELET,68,354.59,5.282941176,02-12-2009,05-12-2011,51,3,1.387755102,0,0.092643052,70,0,70,734
90019B,GOLD M.O.P ORBIT BRACELET,32,168.62,5.315,20-01-2010,09-12-2011,28,1,1.142857143,0,0.046444122,33,0,33,689
90019C,SILVER BLACK ORBIT BRACELET,40,213.38,5.356176471,03-12-2009,08-12-2011,34,1,1.25,0,0.054347826,16,0,16,736
90024A,NEW BAROQUE B'FLY NECKLACE BLACK,5,42.5,8.5,28-01-2010,05-11-2010,4,1,1.25,0,0.017730496,1,0,1,282
90024B,NEW BAROQUE B'FLY NECKLACE RED,25,212.24,8.488181818,01-12-2009,05-12-2011,22,3,1.136363636,0.076923077,0.034013605,26,2,24,735
90024C,NEW BAROQUE B'FLY NECKLACE GREEN,11,93.48,8.498,03-12-2009,25-07-2011,10,1,1.1,0,0.018333333,12,0,12,600
90024D,NEW BAROQUE B'FLY NECKLACE PINK,15,127.5,8.5,09-12-2009,29-09-2011,13,2,1.153846154,0,0.022727273,15,0,15,660
90024E,NEW BAROQUE B'FLY NECKLACE MONTANA,16,135.98,8.498181818,02-12-2009,29-03-2011,11,1,1.6,0,0.033126294,16,0,16,483
90024F,NEW BAROQUE B'FLY NECKLACE CRYSTAL,8,67.61,8.436666667,19-04-2010,30-11-2011,6,1,1.333333333,0,0.013536379,8,0,8,591
90025A,BAROQUE BUTTERFLY EARRINGS BLACK,2,7.5,3.75,10-04-2011,09-10-2011,2,1,1,0,0.010928962,-4,0,-4,183
90025B,BAROQUE BUTTERFLY EARRINGS RED,3,11.29,3.763333333,07-03-2010,21-04-2011,3,1,1,0,0.00729927,-39,0,-39,411
90025C,BAROQUE BUTTERFLY EARRINGS GREEN,6,22.56,3.76,17-02-2010,24-10-2010,6,1,1,0,0.024,-17,0,-17,250
90025D,BAROQUE BUTTERFLY EARRINGS PINK,5,18.69,3.738,16-02-2010,29-09-2011,5,1,1,0,0.008460237,-10,0,-10,591
90025E,BAROQUE BUTTERFLY EARRINGS MONTANA,7,26.5,3.785714286,02-12-2009,06-06-2011,7,1,1,0,0.012681159,7,0,7,552
90025F,BAROQUE BUTTERFLY EARRINGS CRYSTAL,8,30.23,3.77875,11-01-2010,20-10-2011,8,1,1,0,0.012345679,8,0,8,648
90026A,GLASS BEAD HOOP NECKLACE BLACK,11,93.47,8.496666667,19-03-2010,13-06-2011,9,2,1.222222222,0,0.024336283,-18,0,-18,452
90026B,GLASS BEAD HOOP NECKLACE MONTANA,8,67.82,8.474285714,13-12-2009,31-03-2011,7,1,1.142857143,0,0.016877637,8,0,8,474
90026C,GLASS BEAD HOOP NECKLACE GREEN,8,67.82,8.47,10-12-2009,09-11-2011,6,1,1.333333333,0,0.011428571,8,0,8,700
90026D,GLASS BEAD HOOP NECKLACE AMETHYST,10,85,8.5,07-06-2010,18-11-2011,8,1,1.25,0,0.018867925,7,0,7,530
90027A,GLASS BEAD HOOP EARRINGS BLACK,9,26.52,2.945,21-03-2010,30-08-2011,6,1,1.5,0,0.017045455,-27,0,-27,528
90027B,GLASS BEAD HOOP EARRINGS MONTANA,13,38.28,2.943,09-12-2009,25-11-2011,10,1,1.3,0,0.018131102,13,0,13,717
90027C,GLASS BEAD HOOP EARRINGS GREEN,14,41.17,2.939166667,14-12-2009,25-11-2011,12,1,1.166666667,0,0.019662921,14,0,14,712
90027D,GLASS BEAD HOOP EARRINGS AMETHYST,23,72.18,3.18875,02-12-2009,09-12-2011,16,1,1.533333333,0,0.031165312,14,0,14,738
90030A,SPOTTED WHITE NATURAL SEED NECKLACE,79,113.76,2.496,09-12-2009,28-11-2011,10,4,8.777777778,0,0.109722222,79,0,79,720
90030B,RED KUKUI COCONUT SEED NECKLACE,139,292.08,4.014722222,09-12-2009,09-12-2011,36,5,4.212121212,0,0.190150479,140,0,140,731
90030C,BROWN KUKUI COCONUT SEED NECKLACE,87,151.3,3.471875,09-12-2009,25-11-2011,16,5,5.8,0,0.121338912,88,0,88,717
90035A,"PEARL & SHELL 42""NECKL. GREEN",24,257.55,10.721875,03-12-2009,13-04-2011,16,1,1.6,0,0.048289738,15,0,15,497
90035B,"PEARL & SHELL 42""NECKL. PINK",43,380.89,10.185,02-12-2009,24-06-2010,4,1,10.75,0,0.209756098,37,0,37,205
90035C,"PEARL & SHELL 42""NECKL. IVORY",28,301,10.75,02-12-2009,13-05-2011,5,1,5.6,0,0.053030303,4,0,4,528
90036A,FLOWER GARLAND NECKLACE RED,27,215.76,8.0055,03-12-2009,05-08-2011,20,1,1.35,0,0.044189853,27,0,27,611
90036B,"FLOWER GLASS GARLAND NECKL.36""GREEN",18,143.1,7.95,18-01-2010,01-08-2011,10,1,1.8,0,0.032085561,26,0,26,561
90036C,"FLOWER GLASS GARLAND NECKL.36""BLUE",31,246.83,7.975333333,03-12-2009,02-12-2011,15,1,2.066666667,0,0.042465753,31,0,31,730
90036D,"FLOWER GLASS GARLAND NECKL.36""BLACK",38,302.29,7.961875,01-12-2009,13-06-2011,16,1,2.375,0,0.067857143,39,0,39,560
90036E,"FLOWER GLASS GARLD NECKL36""AMETHYST",45,358.87,7.991785714,08-12-2009,20-10-2011,28,3,1.607142857,0,0.065982405,35,0,35,682
90036F,"FLOWER GLASS GARLD NECKL36""TURQUOIS",24,192.17,8.041333333,18-12-2009,23-03-2011,15,1,1.6,0,0.052060738,26,0,26,461
90037A,TINY CRYSTAL BRACELET RED,26,66.31,2.550833333,14-12-2009,25-01-2011,12,1,2.166666667,0,0.06372549,26,0,26,408
90037B,TINY CRYSTAL BRACELET GREEN,28,71.17,2.527,16-03-2010,06-12-2011,10,3,2.8,0,0.04437401,28,0,28,631
90037C,TINY CRYSTAL BRACELET BLUE,26,66.08,2.533076923,14-12-2009,06-12-2011,13,2,2,0,0.035961272,27,0,27,723
90037D,TINY CRYSTALS BRACELET BLACK,14,35.87,2.56625,07-12-2009,23-06-2010,8,1,2,0,0.070351759,-117,0,-117,199
90038A,GLASS AND PAINTED BEADS BRACELET TO,36,135.8,3.786363636,07-12-2009,24-11-2011,22,1,1.636363636,0,0.050139276,36,0,36,718
90038B,GLASS AND PAINTED BEADS BRACELET OL,21,79.19,3.783846154,14-12-2009,08-12-2011,13,1,1.615384615,0,0.028965517,2,0,2,725
90038C,GLASS AND BEADS BRACELET IVORY,19,71.46,3.773333333,18-12-2009,02-09-2011,9,1,2.111111111,0,0.030448718,19,0,19,624
90039A,FIRE POLISHED GLASS BRACELET RED,10,37.61,3.772,18-12-2009,05-12-2011,5,1,2,0,0.013927577,10,0,10,718
90039B,FIRE POLISHED GLASS BRACELET MONTAN,21,78.99,3.771818182,12-01-2010,27-07-2011,11,2,1.909090909,0,0.037366548,22,0,22,562
90039C,FIRE POLISHED GLASS BRACELET BLACK,23,86.65,3.783333333,10-12-2009,08-12-2011,12,1,2.090909091,0,0.031550069,24,0,24,729
90039D,FIRE POLISHED GLASS BRACELET GREEN,43,162.66,3.79625,01-12-2009,06-12-2011,24,2,1.869565217,0,0.058423913,44,0,44,736
90040A,MURANO STYLE GLASS BRACELET RED,53,207.05,4.013823529,03-12-2009,07-03-2011,34,2,1.606060606,0.063829787,0.115217391,47,3,44,460
90040B,MURANO STYLE GLASS BRACELET BLACK,71,255.97,3.666944444,03-12-2009,06-05-2011,36,2,2.088235294,0,0.136538462,65,0,65,520
90040C,MURANO STYLE GLASS BRACELET GOLD,41,146.75,3.643809524,04-12-2009,04-12-2011,21,1,1.952380952,0.071428571,0.056087551,42,3,39,731
90040D,MURANO STYLE GLASS BRACELET PINK,41,148.87,3.7148,01-12-2009,14-09-2010,25,2,1.863636364,0,0.142361111,25,0,25,288
90042A,FRESHWATER PEARL BRACELET GOLD,63,160.79,2.554242424,02-12-2009,13-04-2011,33,1,2.1,0,0.126506024,53,0,53,498
90042B,FRESHWATER PEARL BRACELET PINK,17,43.35,2.55,02-12-2009,24-11-2010,6,1,2.833333333,0,0.047486034,11,0,11,358
90042C,FRESHWATER PEARL BRACELET IVORY,59,150.21,2.543076923,02-06-2010,11-01-2011,26,1,2.36,0,0.263392857,128,0,128,224
90058A,CRYSTAL STUD EARRINGS CLEAR DISPLAY,576,218.88,0.38,10-12-2009,14-11-2011,13,1,44.30769231,0.0625,0.817021277,576,36,540,705
90058B,CRYSTAL STUD EARRINGS ASSORTED COL ,1082,509.08,0.473793103,23-12-2009,01-12-2011,29,1,37.31034483,0.032200358,1.526093089,1118,36,1082,709
90059A,DIAMANTE HAIR GRIP PACK/2 CRYSTAL,94,156.98,1.672708333,02-12-2009,09-12-2011,48,3,2.043478261,0.0625,0.127371274,96,6,90,738
90059B,DIAMANTE HAIR GRIP PACK/2 BLACK DIA,27,44.87,1.67,19-01-2010,05-12-2011,16,3,1.8,0.193548387,0.039358601,31,6,25,686
90059C,DIAMANTE HAIR GRIP PACK/2 MONTANA,41,68.18,1.671304348,09-12-2009,08-12-2011,23,4,1.782608696,0.142857143,0.056164384,42,6,36,730
90059D,DIAMANTE HAIR GRIP PACK/2 PERIDOT,64,106.74,1.67575,03-12-2009,09-12-2011,40,3,1.684210526,0.092307692,0.086838535,65,6,59,737
90059E,DIAMANTE HAIR GRIP PACK/2 RUBY,53,88.31,1.671212121,09-12-2009,09-12-2011,33,3,1.65625,0.105263158,0.07250342,57,6,51,731
90059F,DIAMANTE HAIR GRIP PACK/2 LT ROSE,48,79.87,1.668888889,16-12-2009,09-12-2011,27,3,1.846153846,0.125,0.066298343,48,6,42,724
90060B,FIRE POLISHED GLASS NECKL GOLD,6,35.7,5.95,13-12-2009,15-12-2010,4,1,1.5,0,0.016304348,2,0,2,368
90060C,FIRE POLISHED GLASS NECKL SILVER,7,41.65,5.95,06-12-2009,04-07-2010,3,1,2.333333333,0,0.033175355,3,0,3,211
90060D,FIRE POLISHED GLASS NECKL BRONZE,12,71.4,5.95,06-12-2009,15-12-2010,8,1,1.5,0,0.032,83,0,83,375
90060F,FIRE POLISHED GLASS NECKL GREEN,28,166.14,5.924444444,06-12-2009,25-11-2011,18,1,1.555555556,0,0.038888889,30,0,30,720
90063A,WHITE VINT ART DECO CRYSTAL NECKLAC,21,178.48,8.498461538,17-06-2010,03-11-2011,13,2,1.615384615,0,0.041584158,21,0,21,505
90063B,BLACK VINT ART DEC CRYSTAL NECKLACE,20,170.17,8.512142857,03-12-2009,03-11-2011,14,1,1.428571429,0,0.02853067,20,0,20,701
90064A,WHITE VINTAGE CRYSTAL EARRINGS,20,79.14,4.054166667,13-01-2010,17-11-2011,12,1,1.666666667,0,0.029673591,20,0,20,674
90064B,BLACK VINTAGE  CRYSTAL EARRINGS,21,78.75,3.75,17-12-2009,12-10-2011,12,1,1.75,0.047619048,0.031578947,21,1,20,665
90065A,WHITE VINTAGE CRYSTAL BRACELET,26,180.46,7.06,02-12-2009,26-06-2011,16,1,1.733333333,-0.25,0.045454545,-4,1,-5,572
90065B,BLACK VINT ART DEC CRYSTAL BRACELET,22,154.87,7.0025,13-12-2009,09-11-2011,16,1,1.571428571,0,0.031563845,-1,0,-1,697
90066A,PINK VINTAGE VICTORIAN CHOKER,5,33.75,6.75,19-07-2010,07-10-2010,2,1,2.5,0,0.061728395,4,0,4,81
90067A,PINK VINTAGE VICTORIAN EARRINGS,33,97.24,2.943125,01-12-2009,15-11-2011,16,1,2.0625,0,0.046153846,33,0,33,715
90067B,BROWN VINTAGE VICTORIAN EARRINGS,16,47.12,2.936666667,01-12-2009,27-07-2011,6,1,2.666666667,0,0.026490066,16,0,16,604
90081A,LILY BROOCH AMETHYST COLOUR,49,242.8,4.960416667,07-12-2009,07-12-2011,24,1,2.130434783,0,0.067031464,43,0,43,731
90081B,LILY BROOCH WHITE/SILVER COLOUR,7,34.65,4.95,19-10-2010,18-05-2011,3,1,2.333333333,0,0.033018868,67,0,67,212
90081C,LILY BROOCH OLIVE COLOUR,50,250.47,5.0325,01-12-2009,07-12-2011,36,1,1.388888889,0,0.067842605,51,0,51,737
90082A,DIAMANTE BOW BROOCH GREEN COLOUR,55,353.71,6.48,02-12-2009,08-12-2011,32,1,1.774193548,0,0.074626866,60,0,60,737
90082B,DIAMANTE BOW BROOCH RED COLOUR,58,368.3,6.35,15-12-2009,07-12-2011,25,1,2.32,0,0.0802213,60,0,60,723
90082C,DIAMANTE BOW BROOCH WHITE COLOUR,3,19.93,6.643333333,13-01-2010,10-02-2010,3,1,1,0,0.103448276,7,0,7,29
90082D,DIAMANTE BOW BROOCH BLACK COLOUR,103,664.35,6.511568627,01-12-2009,27-11-2011,51,1,2.145833333,0.02173913,0.141678129,92,2,90,727
90120A,PINK MURANO TWIST BRACELET,93,395.68,4.258536585,07-12-2009,25-01-2011,41,1,2.657142857,0,0.224096386,82,0,82,415
90120B,BLUE MURANO TWIST BRACELET,107,451.44,4.192619048,09-12-2009,09-12-2011,42,2,2.815789474,0,0.146374829,108,0,108,731
90120C,GREEN MURANO TWIST BRACELET,109,462.32,4.24137931,01-12-2009,09-12-2011,58,1,2.018518519,0,0.147496617,111,0,111,739
90120D,WHITE MURANO TWIST BRACELET,134,554.13,4.20025,07-12-2009,09-02-2011,40,1,3.722222222,0,0.311627907,116,0,116,430
90121B,VINTAGE ROSE BEAD BRACELET BLUE,19,80.75,4.25,01-12-2009,28-01-2010,9,1,2.714285714,0.115384615,0.322033898,26,3,23,59
90122A,PINK CRYSTAL+GLASS BRACELET,55,273.89,5.000967742,11-01-2010,15-11-2011,31,1,1.833333333,0,0.081602374,56,0,56,674
90122B,JADE CRYSTAL+GLASS BRACELET,46,228.99,4.999615385,06-12-2009,02-09-2011,26,1,1.769230769,0,0.072327044,46,0,46,636
90122C,TURQUOISE CRYSTAL+GLASS BRACELET,54,269.1,5.009,14-12-2009,02-12-2011,30,1,1.862068966,0,0.075104312,54,0,54,719
90123A,PINK HEART OF GLASS BRACELET,36,214.07,5.943157895,13-12-2009,10-10-2011,19,1,2,0,0.053973013,37,0,37,667
90123B,TURQUOISE HEART OF GLASS BRACELET,26,154.69,5.949230769,11-01-2010,01-08-2011,13,1,2,0,0.045774648,28,0,28,568
90123C,GREEN HEART OF GLASS BRACELET,27,160.75,5.958333333,23-12-2009,01-08-2011,12,1,2.25,0,0.045996593,27,0,27,587
90123D,WHITE HEART OF GLASS BRACELET,29,172.39,5.938571429,04-12-2009,28-11-2011,14,1,2.071428571,0,0.04,29,0,29,725
90124A,PINK MURANO TWIST NECKLACE,30,299.28,9.989,02-12-2009,30-10-2011,20,1,1.578947368,0,0.042979943,30,0,30,698
90124B,BLUE MURANO TWIST NECKLACE,39,391.18,10.05433333,08-12-2009,11-11-2011,30,1,1.344827586,0,0.055397727,40,0,40,704
90124C,GREEN MURANO TWIST NECKLACE,22,220.21,10.031875,16-12-2009,03-11-2011,16,1,1.375,0,0.031976744,22,0,22,688
90125A,PINK BERTIE GLASS BEAD BAG CHARM,149,183.97,2.023333333,01-12-2009,13-07-2011,18,1,8.764705882,0.080536913,0.252542373,149,12,137,590
90125B,AQUA BERTIE GLASS BEAD BAG CHARM,44,79.57,2.205882353,08-12-2009,02-12-2011,17,2,2.588235294,0,0.060689655,44,0,44,725
90125C,TURQUOISE BERTIE GLASS BEAD CHARM,92,101.35,1.665,01-12-2009,26-05-2011,10,1,10.22222222,0,0.169741697,92,0,92,542
90125D,PURPLE BERTIE GLASS BEAD BAG CHARM,136,223.74,2.749166667,01-12-2009,13-07-2011,36,2,4.25,0,0.230508475,136,0,136,590
90125E,AMBER BERTIE GLASS BEAD BAG CHARM,18,44.19,2.503529412,02-12-2009,26-05-2011,17,1,1.058823529,0,0.033271719,18,0,18,541
90126A,PINK BERTIE MOBILE PHONE CHARM,20,37.14,2.246666667,06-12-2009,13-12-2010,5,2,4,0,0.053619303,20,0,20,373
90126B,BLUE BERTIE MOBILE PHONE CHARM,3,8.48,2.826666667,18-12-2009,26-03-2010,3,1,1,0,0.03030303,3,0,3,99
90126C,AMBER BERTIE MOBILE PHONE CHARM,21,42.1,2.692,18-12-2009,15-07-2011,5,2,4.2,0,0.036521739,21,0,21,575
90127A,PINK BEADS+HAND PHONE CHARM,14,19.92,1.855,21-11-2010,15-07-2011,2,1,7,0,0.05907173,14,0,14,237
90127B,BLUE BEADS+HAND PHONE CHARM,2,2.5,1.25,19-02-2010,09-09-2010,2,1,1,0,0.009852217,2,0,2,203
90128A,PINK LEAVES AND BEADS PHONE CHARM,31,46.21,1.749,24-01-2010,26-07-2011,10,2,3.1,0,0.056466302,48,0,48,549
90128B,BLUE LEAVES AND BEADS PHONE CHARM,18,23.76,1.46,24-01-2010,09-12-2010,6,2,3,0,0.05625,41,0,41,320
90128C,GREEN LEAVES AND BEADS PHONE CHARM,17,25.04,1.881666667,18-12-2009,28-09-2011,6,2,2.833333333,0,0.026153846,-9,0,-9,650
90128D,PURPLE LEAVES AND BEADS PHONE CHAR,13,21.24,1.962857143,24-02-2010,15-02-2011,7,1,1.857142857,0,0.036414566,-3,0,-3,357
90129A,PINK GLASS TASSLE BAG CHARM ,151,295.38,1.937162162,14-12-2009,03-10-2011,73,2,2.396825397,0,0.229135053,156,0,156,659
90129B,TURQUOISE GLASS TASSLE BAG CHARM ,146,329.95,2.07483871,02-12-2009,07-12-2011,62,2,2.654545455,0,0.198369565,150,0,150,736
90129C,GREEN GLASS TASSLE BAG CHARM,107,243.38,2.112745098,02-12-2009,07-12-2011,51,1,2.276595745,0,0.145380435,110,0,110,736
90129D,AMBER GLASS TASSLE BAG CHARM,67,161.57,2.151764706,16-12-2009,19-10-2011,34,2,2.09375,0,0.099554235,69,0,69,673
90129E,PURPLE GLASS TASSLE BAG CHARM,129,263.14,1.916833333,16-12-2009,24-11-2011,59,1,2.480769231,0,0.181946403,133,0,133,709
90129F,RED GLASS TASSLE BAG CHARM,81,183.26,2.16097561,16-12-2009,07-12-2011,41,3,2.131578947,0,0.112188366,87,0,87,722
90130A,WHITE STONE/CRYSTAL EARRINGS,28,82.51,2.944375,18-12-2009,25-11-2011,16,1,1.866666667,0,0.039548023,28,0,28,708
90130B,TURQ STONE/CRYSTAL EARRINGS,64,188.09,2.937346939,04-12-2009,09-12-2011,49,1,1.333333333,0,0.086956522,66,0,66,736
90130C,GREEN STONE/CRYSTAL EARRINGS,25,73.62,2.944166667,04-12-2009,09-12-2011,24,1,1.086956522,0,0.033967391,26,0,26,736
90130D,RED STONE/CRYSTAL EARRINGS,13,38.31,2.945,11-01-2010,28-11-2011,8,1,1.625,0,0.018922853,13,0,13,687
90135A,ORANGE/FUSCHIA STONES NECKLACE,11,54.62,4.9925,08-03-2010,19-04-2011,4,2,2.75,0,0.026960784,11,0,11,408
90141A,GREEN PENDANT TRIPLE SHELL NECKLACE,20,104.95,5.3,06-12-2009,30-11-2011,17,2,1.176470588,0,0.027586207,21,0,21,725
90141B,IVORY PENDANT TRIPLE SHELL NECKLACE,13,64.94,5.015555556,16-12-2009,09-12-2011,9,2,1.444444444,0,0.017955801,14,0,14,724
90141C,TURQ PENDANT TRIPLE SHELL NECKLACE,16,83.69,5.295384615,06-12-2009,22-11-2011,13,2,1.333333333,0,0.022315202,16,0,16,717
90141D,ROSE PENDANT TRIPLE SHELL NECKLACE,7,36.33,5.286,19-01-2010,18-07-2011,5,2,1.4,0,0.012820513,7,0,7,546
90141E,ORANGE PENDANT TRIPLE SHELL NECKLAC,10,50.06,5.062,06-12-2009,12-10-2011,5,2,2,0,0.014792899,10,0,10,676
90142A,GREEN PENDANT SHELL NECKLACE,5,25.45,5.09,25-06-2010,17-12-2010,4,1,1.25,0,0.028409091,5,0,5,176
90142B,IVORY PENDANT SHELL NECKLACE,1,5.09,5.09,22-11-2010,22-11-2010,1,1,1,0,1,1,0,1,1
90142C,ROSE PINK PENDANT SHELL NECKLACE,1,5.09,5.09,08-11-2010,08-11-2010,1,1,1,0,1,1,0,1,1
90142D,MOP PENDANT SHELL NECKLACE,11,54.59,4.978,24-11-2010,23-10-2011,5,1,2.2,0,0.032934132,11,0,11,334
90152A,SILVER/NAT SHELL NECKLACE W PENDANT,7,40.34,5.762857143,08-12-2009,30-11-2011,7,1,1,0,0.009681881,7,0,7,723
90152B,BLUE/GREEN SHELL NECKLACE W PENDANT,6,35.26,5.862,06-12-2009,13-12-2010,5,1,1.2,0,0.016085791,7,0,7,373
90152C,BLUE/NAT SHELL NECKLACE W PENDANT,7,41.65,5.95,01-04-2010,14-02-2011,4,1,1.75,0,0.021875,7,0,7,320
90160A,PURPLE BOUDICCA LARGE BRACELET,52,362.51,6.98,13-01-2010,06-12-2011,25,2,2.08,0.134615385,0.075036075,52,7,45,693
90160B,RED BOUDICCA LARGE BRACELET,71,490.92,6.842068966,02-12-2009,09-11-2011,29,2,2.448275862,0,0.100282486,71,0,71,708
90160C,TURQ+RED BOUDICCA LARGE BRACELET,97,677,7.005333333,22-12-2009,08-12-2011,45,2,2.155555556,0,0.135285914,98,0,98,717
90160D,PINK BOUDICCA LARGE BRACELET,76,529.22,6.9764,06-12-2009,17-11-2011,25,2,3.166666667,0.013157895,0.106741573,76,1,75,712
90161A,ANT COPPER RED BOUDICCA BRACELET,70,349.96,5.023953488,06-12-2009,08-12-2011,43,1,1.707317073,0,0.095497954,73,0,73,733
90161B,ANT COPPER TURQ BOUDICCA BRACELET,147,734.16,5.021578947,02-12-2009,08-12-2011,76,2,2.1,0,0.199457259,152,0,152,737
90161C,ANT COPPER LIME BOUDICCA BRACELET,169,843.91,5.0213,02-12-2009,08-12-2011,100,2,1.817204301,0,0.229308005,170,0,170,737
90161D,ANT COPPER PINK BOUDICCA BRACELET,138,687.52,4.992,06-12-2009,09-12-2011,75,2,1.916666667,0,0.188010899,141,0,141,734
90162A,ANT SILVER TURQUOISE BOUDICCA RING,30,88.5,2.95,24-01-2010,07-11-2011,11,3,3.333333333,0,0.045941807,41,0,41,653
90162B,ANT SILVER LIME GREEN BOUDICCA RING,55,162.25,2.95,01-03-2010,09-11-2011,20,3,3.055555556,0.017857143,0.088852989,56,1,55,619
90162C,ANT SILVER FUSCHIA BOUDICCA RING,42,123.9,2.95,01-03-2010,30-10-2011,16,2,2.625,0,0.068965517,42,0,42,609
90162D,ANT SILVER PURPLE BOUDICCA RING,29,85.55,2.95,24-01-2010,30-10-2011,14,1,2.071428571,0,0.04496124,30,0,30,645
90163A,PINK ROSEBUD & PEARL NECKLACE,37,280.71,7.605416667,04-12-2009,09-12-2011,24,1,1.541666667,0,0.050271739,37,0,37,736
90163B,WHITE ROSEBUD & PEARL NECKLACE,13,98.45,7.574444444,09-12-2009,05-12-2011,9,1,1.444444444,0,0.017881706,13,0,13,727
90164A,PINK ROSEBUD PEARL BRACELET,40,230.39,6.93,04-12-2009,02-12-2011,25,2,1.6,0,0.054869684,25,0,25,729
90164B,WHITE  ROSEBUD PEARL BRACELET,67,362.94,6.648571429,02-12-2009,05-12-2011,35,1,1.970588235,0,0.091280654,53,0,53,734
90165A,PINK ROSEBUD PEARL EARRINGS,42,106.49,2.524074074,07-12-2009,16-11-2011,27,1,1.615384615,0,0.05915493,42,0,42,710
90165B,WHITE ROSEBUD  PEARL EARRINGS,52,131.65,2.523714286,04-12-2009,09-12-2011,35,1,1.529411765,0,0.070652174,52,0,52,736
90175A,WHITE GLASS CHUNKY CHARM BRACELET,107,964.45,9.030806452,01-12-2009,09-12-2011,62,2,1.877192982,0.074074074,0.144790257,108,8,100,739
90175B,PINK GLASS CHUNKY CHARM BRACELET,36,322.85,8.966666667,09-12-2009,09-11-2011,27,1,1.44,0.054054054,0.051355207,37,2,35,701
90175C,BLUE GLASS CHUNKY CHARM BRACELET,37,332.95,9.04,01-12-2009,17-11-2011,20,1,1.947368421,0,0.051603905,39,0,39,717
90175D,TIGRIS EYE CHUNKY CHARM BRACELET,58,527.82,9.128780488,02-12-2009,09-12-2011,41,1,1.45,0,0.078590786,60,0,60,738
90176A,CLASSIC DIAMANTE NECKLACE JET,10,75.88,7.581428571,03-12-2009,03-11-2011,7,1,1.428571429,0.1,0.014265335,10,1,9,701
90176B,DIAMANTE NECKLACE BLACK ,5,37.62,7.53,05-11-2010,16-11-2011,4,1,1.25,0,0.013262599,5,0,5,377
90176C,DIAMANTE NECKLACE,10,77,7.833333333,14-12-2009,22-08-2011,6,1,1.666666667,0.2,0.016207455,10,2,8,617
90176D,DIAMANTE NECKLACE PURPLE,11,82.81,7.544285714,15-12-2009,03-11-2011,7,1,1.571428571,0.090909091,0.015965167,11,1,10,689
90176E,DIAMANTE NECKLACE GREEN,4,29.98,7.493333333,22-08-2011,02-12-2011,3,1,1.333333333,0,0.038834951,4,0,4,103
90177A,CLASSIC DIAMANTE EARRINGS JET,19,55.69,2.924285714,10-12-2009,09-12-2011,14,2,1.357142857,0.315789474,0.026027397,19,6,13,730
90177B,DROP DIAMANTE EARRINGS BLACK DIAMON,31,91.38,2.951578947,10-12-2009,08-12-2011,19,1,1.722222222,0,0.042524005,31,0,31,729
90177C,DROP DIAMANTE EARRINGS CRYSTAL,37,109.03,2.945833333,10-12-2009,09-12-2011,24,2,1.608695652,0.15,0.050684932,40,6,34,730
90177D,DROP DIAMANTE EARRINGS PURPLE,46,135.76,2.9524,10-12-2009,02-12-2011,25,2,1.916666667,0.125,0.06362379,48,6,42,723
90177E,DROP DIAMANTE EARRINGS GREEN,28,82.71,2.954545455,10-12-2009,21-11-2011,22,2,1.333333333,0.206896552,0.039325843,29,6,23,712
90178A,AMBER CHUNKY GLASS+BEAD NECKLACE,27,322.41,11.93857143,01-12-2009,20-10-2011,21,1,1.285714286,0,0.039187228,30,0,30,689
90178B,PURPLE CHUNKY GLASS+BEAD NECKLACE,16,191.41,11.96909091,14-12-2009,17-12-2010,11,1,1.454545455,0,0.043360434,16,0,16,369
90179A,AMBER FINE BEAD NECKLACE W TASSEL,12,71,5.905555556,26-01-2010,08-12-2011,9,1,1.333333333,0,0.017595308,12,0,12,682
90179B,PURPLE FINE BEAD NECKLACE W TASSEL,11,65.31,5.934444444,02-12-2009,05-12-2011,9,1,1.222222222,0,0.014986376,11,0,11,734
90179C,BLACK FINE BEAD NECKLACE W TASSEL,19,112.78,5.933125,15-06-2010,01-12-2011,16,1,1.357142857,0.05,0.035514019,20,1,19,535
90180A,BLACK+WHITE NECKLACE W TASSEL,44,396.64,9.73,02-12-2009,29-11-2011,28,1,1.692307692,0.076923077,0.06043956,13,1,12,728
90180B,PURPLE AMETHYST NECKLACE W TASSEL,18,179.88,10.00571429,03-12-2009,06-12-2011,14,1,1.285714286,0,0.024523161,18,0,18,734
90181A,AMBER GLASS/SHELL/PEARL NECKLACE,14,128.64,9.188571429,26-01-2010,30-11-2011,14,2,1,0,0.020771513,14,0,14,674
90181B,AMETHYST GLASS/SHELL/PEARL NECKLACE,25,231.27,9.255,02-12-2009,09-12-2011,24,1,1.041666667,0,0.033875339,27,0,27,738
90181C,BLACK GLASS/SHELL/PEARL NECKLACE,5,46.93,9.386,02-12-2009,18-04-2011,5,1,1,0,0.009940358,5,0,5,503
90182A,AMBER 3 BEAD DROP EARRINGS,9,26.16,2.906666667,29-11-2010,06-12-2011,9,1,1.125,0,0.024128686,9,0,9,373
90182B,AMETHYST 3 BEAD DROP EARRINGS,6,17.53,2.921666667,16-12-2009,08-12-2011,6,1,1,0,0.008298755,6,0,6,723
90182C,BLACK 3 BEAD DROP EARRINGS,19,55.74,2.926153846,13-12-2009,09-12-2011,13,2,1.461538462,0.315789474,0.026134801,19,6,13,727
90183A,AMBER DROP EARRINGS W LONG BEADS,53,155.65,2.930645161,19-01-2010,09-12-2011,31,2,1.766666667,0.111111111,0.076811594,54,6,48,690
90183B,AMETHYST DROP EARRINGS W LONG BEADS,28,81.93,2.930416667,22-12-2009,05-12-2011,24,1,1.166666667,0,0.039215686,29,0,29,714
90183C,BLACK DROP EARRINGS W LONG BEADS,13,38.12,2.932307692,02-12-2009,09-12-2011,13,1,1,0,0.017615176,13,0,13,738
90183c,BLACK DROP EARRINGS W LONG BEADS,1,2.9,2.9,31-10-2011,31-10-2011,1,1,1,0,1,1,0,1,1
90184A,AMBER CHUNKY BEAD BRACELET W STRAP,42,380.82,9.1468,06-12-2009,10-11-2011,25,2,1.75,0,0.059574468,47,0,47,705
90184B,AMETHYST CHUNKY BEAD BRACELET W STR,69,625.48,9.110212766,01-12-2009,05-12-2011,47,2,1.568181818,0.040540541,0.093877551,74,3,71,735
90184C,BLACK CHUNKY BEAD BRACELET W STRAP,72,651.89,9.102857143,06-12-2009,09-12-2011,49,2,1.6,0,0.098092643,75,0,75,734
90184c,BLACK CHUNKY BEAD BRACELET W STRAP,1,9.15,9.15,31-10-2011,31-10-2011,1,1,1,0,1,1,0,1,1
90185A,AMBER DIAMANTE EXPANDABLE RING,55,233.29,4.233076923,08-12-2009,16-11-2011,26,2,2.2,0.351351351,0.077574048,37,13,24,709
90185B,AMETHYST DIAMANTE EXPANDABLE RING,67,284.43,4.238529412,01-12-2009,09-12-2011,34,2,2.233333333,0.863636364,0.090663058,22,19,3,739
90185C,BLACK DIAMANTE EXPANDABLE RING,64,271.96,4.24875,01-12-2009,31-10-2011,32,2,2.285714286,0.46031746,0.091428571,63,29,34,700
90185D,CRYSTAL DIAMANTE EXPANDABLE RING,69,293.33,4.252571429,03-12-2009,02-06-2011,35,1,2.3,0.125,0.126142596,24,3,21,547
90186A,AMETHYST HOOP EARRING FLORAL LEAF,69,203.73,2.952058824,03-12-2009,29-11-2011,33,1,2.15625,0,0.094910591,77,0,77,727
90186B,CRYSTAL HOOP EARRING FLORAL LEAF,57,168.26,2.95,10-12-2009,29-11-2011,31,1,1.965517241,0,0.079166667,58,0,58,720
90187A,BLUE DROP EARRINGS W BEAD CLUSTER,8,27.04,3.384285714,07-12-2009,28-02-2011,7,1,1.142857143,0,0.017817372,0,0,0,449
90187B,GREEN DROP EARRINGS W BEAD CLUSTER,21,70.6,3.366,03-12-2009,08-12-2011,15,1,1.4,0,0.028532609,22,0,22,736
90189A,SILVER 2 STRAND NECKLACE-LEAF CHARM,11,82.64,7.5175,18-01-2010,18-11-2011,8,1,1.375,0,0.01641791,11,0,11,670
90189B,GOLD 2 STRAND NECKLACE-LEAF CHARMS,3,22.5,7.5,16-02-2010,29-04-2010,2,1,1.5,0,0.04109589,3,0,3,73
90190A,SILVER/CRYSTAL DROP EARRINGS W LEAF,44,129.59,2.944516129,02-12-2009,24-11-2011,31,1,1.62962963,0,0.060857538,44,0,44,723
90190B,GOLD/AMBER DROP EARRINGS W LEAF,45,132.58,2.938,03-12-2009,22-11-2011,15,2,3,0,0.0625,-73,0,-73,720
90190C,SILVER/AMETHYST DROP EARRINGS LEAF,55,161.82,2.938055556,08-12-2009,29-11-2011,36,2,1.71875,0,0.076177285,58,0,58,722
90195A,PURPLE GEMSTONE BRACELET,70,585.2,8.693181818,02-12-2009,06-12-2011,44,1,1.891891892,0.166666667,0.095238095,30,5,25,735
90195B,BLACK GEMSTONE BRACELET,52,460.69,8.768846154,01-12-2009,09-11-2011,26,1,2.260869565,0.064516129,0.073342736,62,4,58,709
90196A,PURPLE GEMSTONE NECKLACE 45CM,19,242.25,12.75,06-12-2009,29-11-2011,11,1,1.727272727,0.090909091,0.026243094,11,1,10,724
90196B,BLACK GEMSTONE NECKLACE 45CM,19,241.98,12.73071429,06-12-2009,09-11-2011,14,1,1.461538462,0,0.026988636,20,0,20,704
90197B,BLACK GLASS BRACELET W HEART CHARMS,64,322.52,5.046666667,02-12-2009,06-12-2011,51,2,1.361702128,0,0.08707483,64,0,64,735
90197D,AMBER GLASS BRACELET HEART CHARMS,9,44.55,4.95,02-02-2010,07-04-2010,4,1,2.25,0,0.138461538,-1,0,-1,65
90198A,VINTAGE ROSE BEAD BRACELET RASPBERR,144,609.43,4.223928571,14-12-2009,09-12-2011,84,2,1.894736842,0,0.198347107,146,0,146,726
90198B,VINTAGE ROSE BEAD BRACELET BLACK,104,441.9,4.244693878,07-12-2009,04-12-2011,49,2,2.311111111,0,0.142857143,106,0,106,728
90199A,5 STRAND GLASS NECKLACE BLACK,22,139.5,6.3375,16-12-2009,03-11-2011,16,1,1.466666667,0.04,0.031976744,25,1,24,688
90199B,5 STRAND GLASS NECKLACE AMETHYST,36,228.61,6.350322581,01-12-2009,02-12-2011,31,1,1.24137931,0,0.049180328,31,0,31,732
90199C,5 STRAND GLASS NECKLACE CRYSTAL,99,585.29,6.313030303,01-12-2009,29-11-2011,31,1,3.3,0.018867925,0.135802469,106,2,104,729
90199D,5 STRAND GLASS NECKLACE AMBER,22,139.28,6.32375,17-12-2009,29-11-2011,16,1,1.375,0,0.03085554,22,0,22,713
90200A,PURPLE SWEETHEART BRACELET,177,749.69,4.227171717,01-12-2009,09-12-2011,99,2,2.011363636,0.021621622,0.239512855,185,4,181,739
90200B,BLACK SWEETHEART BRACELET,183,775.45,4.226190476,01-12-2009,08-12-2011,84,2,2.231707317,0.021505376,0.24796748,186,4,182,738
90200C,BLUE SWEETHEART BRACELET,206,874.63,4.244343434,01-12-2009,22-03-2011,98,3,2.512195122,0.021978022,0.431865828,182,4,178,477
90200D,PINK SWEETHEART BRACELET,327,1372.26,4.221866667,01-12-2009,08-12-2011,150,3,2.680327869,0.00887574,0.443089431,338,3,335,738
90200E,GREEN SWEETHEART BRACELET,209,873.97,4.220549451,01-12-2009,08-12-2011,91,3,2.64556962,0.074766355,0.283197832,214,16,198,738
90201A,PURPLE ENAMEL FLOWER RING,130,382.84,2.942407407,13-12-2009,09-12-2011,54,3,2.6,0.030769231,0.178817056,130,4,126,727
90201B,BLACK ENAMEL FLOWER RING,154,454.31,2.956851852,02-12-2009,09-12-2011,54,4,2.905660377,0.083333333,0.208672087,156,13,143,738
90201C,RED ENAMEL FLOWER RING,119,350.94,2.949565217,23-12-2009,09-12-2011,46,4,2.704545455,0.050420168,0.165969317,119,6,113,717
90201D,GREEN ENAMEL FLOWER RING,133,391.37,2.939649123,18-12-2009,09-12-2011,57,3,2.462962963,0,0.184210526,134,0,134,722
90202A,PURPLE ENAMEL FLOWER HAIR TIE,31,90.9,2.93,10-02-2010,08-12-2011,23,2,1.476190476,0.193548387,0.046476762,31,6,25,667
90202B,WHITE ENAMEL FLOWER HAIR TIE,24,70.49,2.936875,02-12-2009,08-12-2011,16,2,1.5,0.25,0.03256445,24,6,18,737
90202C,GREEN ENAMEL FLOWER HAIR TIE,31,91.46,2.9524,09-12-2009,09-12-2011,25,2,1.291666667,0.1875,0.042407661,32,6,26,731
90202D,PINK ENAMEL FLOWER HAIR TIE,48,141.49,2.94375,15-12-2009,09-12-2011,24,3,2,0.125,0.066206897,48,6,42,725
90205A,LARGE MINT DIAMANTE HAIRSLIDE,38,63.46,1.674090909,09-12-2009,24-11-2011,22,2,1.727272727,0,0.053072626,42,0,42,716
90205C,LARGE CRYSTAL DIAMANTE HAIRSLIDE,78,122.31,1.659166667,09-12-2009,28-11-2011,24,2,3.391304348,0,0.108333333,78,0,78,720
90206A,GOLD DIAMANTE STAR BROOCH,16,79.6,4.983333333,17-12-2009,08-12-2011,12,1,1.454545455,0,0.022160665,16,0,16,722
90206C,CRYSTAL DIAMANTE STAR BROOCH,80,402.61,5.043684211,01-12-2009,09-12-2011,57,1,1.568627451,0,0.108254398,82,0,82,739
90209A,PURPLE ENAMEL+GLASS HAIR COMB,173,325.5,1.995,01-12-2009,04-11-2011,10,3,17.3,0.052023121,0.245738636,173,9,164,704
90209B,GREEN ENAMEL+GLASS HAIR COMB,380,730.66,2.086530612,09-12-2009,02-10-2011,97,1,4.691358025,0,0.573152338,391,0,391,663
90209C,PINK ENAMEL+GLASS HAIR COMB,399,754.46,2.084242424,01-12-2009,31-10-2011,66,2,6.540983607,0.018126888,0.57,331,6,325,700
90210A,GREY ACRYLIC FACETED BANGLE,88,207.34,2.68047619,04-12-2009,09-12-2011,21,2,4.4,0,0.119565217,89,0,89,736
90210B,CLEAR ACRYLIC FACETED BANGLE,102,232.04,2.705833333,10-12-2009,08-12-2011,24,2,4.25,0,0.139917695,106,0,106,729
90210C,RED   ACRYLIC FACETED BANGLE,118,186.56,2.418571429,04-12-2009,08-12-2011,14,1,9.076923077,0,0.160544218,109,0,109,735
90210D,PURPLE ACRYLIC FACETED BANGLE,142,235.73,2.499130435,04-12-2009,10-11-2011,23,2,7.1,0,0.200848656,115,0,115,707
90211A,DIAMOND LAS VEGAS NECKLACE 45CM,28,166.57,5.955714286,14-12-2009,05-12-2011,21,2,1.4,0,0.038781163,31,0,31,722
90211B,JET BLACK LAS VEGAS NECKLACE 45CM,35,208.21,5.948846154,02-12-2009,03-11-2011,26,2,1.346153846,0.051282051,0.04985755,39,2,37,702
90212B,JET BLACK LAS VEGAS BRACELET ROUND,37,140.07,3.797142857,02-12-2009,06-05-2011,28,2,1.37037037,0,0.071017274,41,0,41,521
90212C,PURPLE LAS VEGAS BRACELET ROUND,15,56.25,3.75,13-12-2009,06-09-2011,7,2,2.142857143,0,0.023696682,28,0,28,633
90214A,"LETTER ""A"" BLING KEY RING",213,213.65,1.054423077,02-12-2009,08-12-2011,104,1,2.366666667,0.02739726,0.289009498,219,6,213,737
90214B,"LETTER ""B"" BLING KEY RING",75,72.33,1.0195,09-12-2009,05-12-2011,40,1,2.027027027,0,0.103163686,80,0,80,727
90214C,"LETTER ""C"" BLING KEY RING",165,162.53,1.022753623,03-12-2009,08-12-2011,69,2,2.75,0.034090909,0.224184783,176,6,170,736
90214D,"LETTER ""D"" BLING KEY RING",100,90.82,1.0224,03-12-2009,08-12-2011,50,1,2.040816327,0,0.135869565,103,0,103,736
90214E,"LETTER ""E"" BLING KEY RING",142,139.28,1.073880597,10-12-2009,08-12-2011,67,2,2.448275862,0.040540541,0.19478738,148,6,142,729
90214F,"LETTER ""F"" BLING KEY RING",44,36.28,0.963333333,10-12-2009,07-12-2011,27,1,1.692307692,0,0.06043956,47,0,47,728
90214G,"LETTER ""G"" BLING KEY RING",100,93.18,1.026666667,13-12-2009,07-12-2011,48,1,2.380952381,0.067307692,0.137931034,104,7,97,725
90214H,"LETTER ""H"" BLING KEY RING",83,77.71,0.980943396,01-12-2009,07-12-2011,53,1,1.765957447,0,0.112618725,88,0,88,737
90214I,"LETTER ""I"" BLING KEY RING",62,61,1.076666667,09-12-2009,08-12-2011,27,1,2.296296296,0.09375,0.084931507,64,6,58,730
90214J,"LETTER ""J"" BLING KEY RING",157,161.47,1.054318182,02-12-2009,06-12-2011,88,1,2.150684932,0.037037037,0.213605442,162,6,156,735
90214K,"LETTER ""K"" BLING KEY RING",154,158.4,1.123253012,07-12-2009,08-12-2011,83,1,2.053333333,0.006329114,0.210382514,158,1,157,732
90214L,"LETTER ""L"" BLING KEY RING",176,166.06,1.016176471,06-12-2009,08-12-2011,68,2,2.75,0.044692737,0.240109141,179,8,171,733
90214M,"LETTER ""M"" BLING KEY RING",138,139.82,1.09015625,06-12-2009,05-12-2011,64,1,2.421052632,0,0.189041096,146,0,146,730
90214N,"LETTER ""N"" BLING KEY RING",78,76.4,1.048181818,06-12-2009,08-12-2011,43,1,1.902439024,0,0.106412005,82,0,82,733
90214O,"LETTER ""O"" BLING KEY RING",36,31.42,1.082222222,09-12-2009,06-12-2011,18,1,2.117647059,0,0.049450549,37,0,37,728
90214P,"LETTER ""P"" BLING KEY RING",77,66.59,1.03969697,07-12-2009,08-12-2011,33,1,2.40625,0.075,0.105191257,80,6,74,732
90214R,"LETTER ""R"" BLING KEY RING",91,93.73,1.0916,06-12-2009,08-12-2011,50,1,1.936170213,0,0.12414734,97,0,97,733
90214S,"LETTER ""S"" BLING KEY RING",184,181.34,1.03627907,02-12-2009,08-12-2011,86,2,2.555555556,0.031413613,0.249660787,191,6,185,737
90214T,"LETTER ""T"" BLING KEY RING",57,55.57,1.071666667,06-12-2009,05-12-2011,24,1,2.590909091,0,0.078082192,57,0,57,730
90214U,"LETTER ""U"" BLING KEY RING",13,4.73,0.77,03-11-2010,05-12-2011,2,1,6.5,0,0.032663317,13,0,13,398
90214V,"LETTER ""V"" BLING KEY RING",38,28.98,0.9525,03-02-2010,05-12-2011,24,1,1.583333333,0,0.056631893,41,0,41,671
90214W,"LETTER ""W"" BLING KEY RING",19,10.17,0.8725,07-06-2010,05-12-2011,8,1,2.375,0,0.034734918,19,0,19,547
90214Y,"LETTER ""Y"" BLING KEY RING",68,25.34,0.852,03-11-2010,06-12-2011,10,1,6.8,0,0.170426065,69,0,69,399
90214Z,"LETTER ""Z"" BLING KEY RING",31,21.49,0.901111111,10-12-2009,05-12-2011,18,1,1.722222222,0,0.042699725,32,0,32,726
ADJUST,Adjustment by john on 26/01/2010 16,36,8897.93,247.1647222,26-01-2010,26-01-2010,36,9,36,0.861111111,36,36,31,5,1
ADJUST2,Adjustment by Peter on Jun 25 2010 ,3,731.05,243.6833333,25-06-2010,25-06-2010,3,1,3,0,3,3,0,3,1
AMAZONFEE,AMAZON FEE,3,20467.8,6822.6,08-11-2010,28-03-2011,3,1,1,9.75,0.021276596,4,39,-35,141
B,Adjust bad debt,1,11062.06,11062.06,12-08-2011,12-08-2011,1,1,1,0,1,6,0,6,1
BANK CHARGES, Bank Charges,34,519.241,15.27179412,08-12-2009,07-12-2011,33,2,1.172413793,2.2,0.046575342,35,77,-42,730
C2,CARRIAGE,268,13426,50.21722846,03-12-2009,05-12-2011,267,4,1.367346939,0.009681881,0.365620737,723,7,716,733
D,Discount,196,397.89,41.378,15-04-2010,30-11-2010,5,1,39.2,15.65306122,0.852173913,196,3068,-2872,230
DCGS0003,BOXED GLASS ASHTRAY,13,32.59,2.506923077,09-12-2009,05-05-2011,13,1,1,0,0.025341131,6,0,6,513
DCGS0004,HAYNES CAMPER SHOULDER BAG,4,67.94,16.985,03-12-2009,27-04-2011,4,1,1,0,0.007827789,2,0,2,511
DCGS0037,KEY-RING CORKSCREW,1,12.72,12.72,14-06-2010,14-06-2010,1,1,1,0,1,0,0,0,1
DCGS0041,HAYNES MINI-COOPER PLAYING CARDS,1,5.06,5.06,04-06-2010,04-06-2010,1,1,1,0,1,1,0,1,1
DCGS0044,HANDZ-OFF CAR FRESHENER,1,2.57,2.57,15-12-2009,15-12-2009,1,1,1,0,1,1,0,1,1
DCGS0058,MISO PRETTY  GUM,42,34.82,0.828666667,01-12-2009,22-10-2010,30,1,1.615384615,0,0.128834356,43,0,43,326
DCGS0062,ROAD-RAGE CAR FRESHENER,1,2.51,2.51,25-10-2010,25-10-2010,1,1,1,0,1,0,0,0,1
DCGS0066N,NAVY CUDDLES DOG HOODIE,2,17.3,8.65,22-12-2009,22-12-2009,2,1,2,0,2,4,0,4,1
DCGS0068,DOGS NIGHT COLLAR,2,17.12,8.56,01-12-2009,19-01-2010,2,1,1,0,0.04,-8,0,-8,50
DCGS0069,OOH LA LA DOGS COLLAR,5,80.31,16.062,15-03-2010,28-01-2011,5,1,1,0,0.015625,0,0,0,320
DCGS0070,CAMOUFLAGE DOG COLLAR,2,25.44,12.72,01-04-2010,21-12-2010,2,1,1,0,0.00754717,-6,0,-6,265
DCGS0072,CAT CAMOUFLAGUE COLLAR,4,20.68,5.17,14-12-2009,18-12-2009,3,1,1.333333333,0,0.8,3,0,3,5
DCGS0075,CAMOUFLAGUE DOG LEAD,1,12.72,12.72,01-04-2010,01-04-2010,1,1,1,0,1,1,0,1,1
DCGS0076,SUNJAR LED NIGHT NIGHT LIGHT,17,275.96,16.255,03-12-2009,20-12-2010,14,1,1.307692308,0,0.044386423,18,0,18,383
DCGSSBOY,BOYS PARTY BAG,77,251.35,3.226190476,21-06-2010,01-12-2011,21,1,3.85,0,0.145557656,87,0,87,529
DCGSSGIRL,GIRLS PARTY BAG,92,295.63,3.23173913,21-06-2010,16-11-2011,23,1,4.380952381,0,0.178988327,191,0,191,514
DOT,DOTCOM POSTAGE,1415,309854.11,218.9781696,01-12-2009,09-12-2011,1415,1,3.20861678,0.001020061,1.914749662,2941,3,2938,739
M,Manual,9629,339226.24,394.3180142,01-12-2009,08-12-2011,784,21,25.54111406,0.541911107,13.04742547,10057,5450,4607,738
PADS,PADS TO MATCH ALL CUSHIONS,17,0.017,0.001,19-01-2010,25-09-2011,17,2,1,0.055555556,0.027642276,18,1,17,615
POST,POSTAGE,5363,125682.42,29.4665154,01-12-2009,09-12-2011,1851,25,10.43385214,0.029103832,7.257104195,10411,303,10108,739
S,SAMPLES,3,136.85,45.61666667,30-04-2010,26-10-2011,3,1,1,33.66666667,0.005504587,3,101,-98,545
SP1002,KID'S CHALKBOARD/EASEL,5,14.75,2.95,07-10-2010,07-10-2010,2,1,5,0,5,-22,0,-22,1
TEST001,This is a test product.,50,225,4.5,14-12-2009,12-04-2010,9,1,8.333333333,0.083333333,0.416666667,60,5,55,120
TEST002,This is a test product.,1,1,1,18-12-2009,18-12-2009,1,1,1,0,1,2,0,2,1
gift_0001_10,Dotcomgiftshop Gift Voucher £10.00,15,126.21,8.42,18-12-2009,08-12-2011,14,1,1.153846154,0,0.020804438,55,0,55,721
gift_0001_20,Dotcomgiftshop Gift Voucher £20.00,28,471.06,16.80769231,14-12-2009,31-10-2011,26,1,1.12,0,0.040756914,53,0,53,687
gift_0001_30,Dotcomgiftshop Gift Voucher £30.00,24,610.09,25.42041667,23-12-2009,02-09-2011,24,1,1,0,0.038772213,77,0,77,619
gift_0001_40,Dotcomgiftshop Gift Voucher £40.00,5,166.09,33.218,10-08-2010,27-07-2011,5,1,1,0,0.014204545,18,0,18,352
gift_0001_50,Dotcomgiftshop Gift Voucher £50.00,6,253.59,42.265,18-12-2009,30-06-2011,6,1,1,0,0.010714286,19,0,19,560
gift_0001_70,Dotcomgiftshop Gift Voucher £70.00,1,59.57,59.57,14-06-2010,14-06-2010,1,1,1,0,1,13,0,13,1
gift_0001_80,Dotcomgiftshop Gift Voucher £80.00,1,69.56,69.56,14-12-2009,14-12-2009,1,1,1,0.076923077,1,13,1,12,1
m,Manual,5,15.05,3.01,19-02-2010,21-12-2010,4,1,1.25,0,0.016339869,5,0,5,306
