Customer_ID,Customer_Name,Gender,Age,City,State,Registration_Date,Last_Purchase_Date,Total_Orders,Purchase_Frequency,Total_Quantity_Purchased,Average_Basket_Size,Average_Order_Value,Total_Revenue,Customer_Lifetime_Value,Preferred_Category,Preferred_Channel,Customer_Segment,Loyalty_Status,Days_Since_Last_Purchase,Churn_Risk,Churn,Risk_Level
CUST100007,Gina Moore,Male,30,Vadodara,Gujarat,2019-09-23,2025-12-06,5,0.74,10,2,835.65,4178.25,4171.64,Electronics,Online,Low Value,Bronze,204,High,1,High Risk
CUST100009,Ryan Munoz,Male,37,Kochi,Kerala,2019-09-15,2026-02-15,3,0.5,12,4,1138.34,3415.02,3852.12,Fashion,Offline,Low Value,Bronze,133,Medium,1,High Risk
CUST100011,Jamie Arnold,Male,30,Coimbatore,Tamil Nadu,2021-04-12,2025-09-13,2,0.5,6,3,1060.92,2121.84,2755.05,Grocery,Offline,Low Value,Bronze,288,High,1,High Risk
CUST100012,Lisa Hensley,Female,28,Ahmedabad,Gujarat,2021-06-09,2026-02-01,1,0.5,7,7,1356.71,1356.71,3415.45,Home & Kitchen,Offline,Low Value,Bronze,147,Medium,1,High Risk
CUST100025,Judy Baker,Female,26,Bengaluru,Karnataka,2021-05-17,2026-02-23,3,0.59,27,9,890.49,2671.47,2678.37,Grocery,Online,Low Value,Bronze,125,Medium,1,High Risk
CUST100028,Zachary Hicks,Other,38,Guwahati,Assam,2021-06-15,2026-03-24,7,1.39,112,16,3465.45,24258.15,24173.9,Sports,Online,Medium Value,Bronze,96,Medium,1,High Risk
CUST100033,Nathan Maldonado,Female,41,Kanpur,Uttar Pradesh,2022-05-18,2026-06-14,5,1.22,20,4,1553.14,7765.7,7760.89,Electronics,Offline,Low Value,Bronze,14,Low,1,High Risk
CUST100034,Debra Davidson,Male,37,Delhi,Delhi,2023-10-16,2025-11-24,4,1.49,36,9,502.51,2010.04,2008.94,Beauty,Online,Low Value,Bronze,216,High,1,High Risk
CUST100043,Anthony Humphrey,Male,29,Lucknow,Uttar Pradesh,2020-04-18,2025-04-30,8,1.3,72,9,2949.21,23593.68,23680.88,Grocery,Online,Medium Value,Bronze,424,High,1,High Risk
CUST100044,Angelica Tucker,Female,35,Hyderabad,Telangana,2020-12-30,2026-03-26,7,1.28,91,13,5219.58,36537.06,36583.5,Grocery,Offline,Medium Value,Silver,94,Medium,1,High Risk
CUST100051,Danny Morgan,Female,18,Pune,Maharashtra,2020-08-25,2026-03-26,1,0.5,8,8,1451.22,1451.22,4225.52,Fashion,Online,Low Value,Bronze,94,Medium,1,High Risk
CUST100053,Mark Perez,Female,46,Bhopal,Madhya Pradesh,2021-04-17,2026-03-21,4,0.77,28,7,1709.77,6839.08,6819.61,Grocery,Offline,Low Value,Bronze,99,Medium,1,High Risk
CUST100062,Connor West,Female,43,Bhopal,Madhya Pradesh,2021-01-30,2026-01-18,3,0.56,15,5,2093.18,6279.54,6319.03,Home & Kitchen,Online,Low Value,Bronze,161,Medium,1,High Risk
CUST100063,Donald Wright,Other,25,Jaipur,Rajasthan,2019-06-27,2026-06-06,12,1.72,156,13,3162.61,37951.32,38007.08,Electronics,Offline,Medium Value,Silver,22,Low,1,High Risk
CUST100067,Carol Tucker,Female,52,Indore,Madhya Pradesh,2020-07-14,2026-04-07,6,1.01,54,9,2039.91,12239.46,12234.94,Fashion,Offline,Low Value,Bronze,82,Low,1,High Risk
CUST100069,William Baker,Male,42,Mumbai,Maharashtra,2019-04-10,2026-06-14,7,0.97,28,4,496.71,3476.97,3469.29,Sports,Offline,Low Value,Bronze,14,Low,1,High Risk
CUST100070,Jordan Henderson,Male,25,Kanpur,Uttar Pradesh,2022-06-08,2026-06-08,6,1.49,12,2,2403.33,14419.98,14461.1,Sports,Online,Low Value,Bronze,20,Low,1,High Risk
CUST100073,Lauren Daniels,Female,23,Kanpur,Uttar Pradesh,2020-11-05,2025-05-28,3,0.53,12,4,1079.5,3238.5,3218.99,Electronics,Offline,Low Value,Bronze,396,High,1,High Risk
CUST100074,Amy Silva,Female,28,Hyderabad,Telangana,2019-02-27,2025-11-27,1,0.5,6,6,1226.88,1226.88,4487.64,Electronics,Offline,Low Value,Bronze,213,High,1,High Risk
CUST100075,Sarah Moore,Male,18,Delhi,Delhi,2019-01-26,2024-09-07,8,1.08,32,4,1837.0,14696.0,14687.55,Home & Kitchen,Online,Medium Value,Bronze,659,High,1,High Risk
CUST100076,Angela Lopez,Male,57,Patna,Bihar,2020-08-19,2026-04-12,11,1.88,66,6,1036.81,11404.91,11383.02,Beauty,Online,Low Value,Bronze,77,Low,1,High Risk
CUST100078,Steve Sanchez,Female,51,Jaipur,Rajasthan,2020-02-17,2024-10-26,5,0.79,45,9,6607.21,33036.05,33111.66,Fashion,Online,Medium Value,Bronze,610,High,1,High Risk
CUST100080,Kelly Donovan,Male,34,Coimbatore,Tamil Nadu,2023-10-07,2024-10-21,5,1.85,5,1,200.0,1000.0,1001.86,Sports,Online,Low Value,Bronze,615,High,1,High Risk
CUST100086,Shirley Suarez,Male,34,Delhi,Delhi,2020-05-20,2024-08-04,6,0.99,24,4,1286.56,7719.36,7755.5,Fashion,Online,Low Value,Bronze,693,High,1,High Risk
CUST100088,Lisa Archer,Female,30,Visakhapatnam,Andhra Pradesh,2019-08-03,2026-02-01,7,1.02,42,6,1173.47,8214.29,8241.76,Fashion,Online,Low Value,Bronze,147,Medium,1,High Risk
CUST100089,Aimee Montoya,Female,29,Vadodara,Gujarat,2019-08-08,2026-06-15,8,1.16,8,1,3533.27,28266.16,28165.55,Electronics,Online,Medium Value,Bronze,13,Low,1,High Risk
CUST100091,Brian Rodriguez,Male,42,Vadodara,Gujarat,2021-02-11,2025-04-17,2,0.5,4,2,1450.41,2900.82,3885.63,Fashion,Online,Low Value,Bronze,437,High,1,High Risk
CUST100092,Denise Jacobs,Female,41,Chandigarh,Chandigarh,2022-12-09,2025-02-01,2,0.57,14,7,1481.25,2962.5,2984.28,Grocery,Offline,Low Value,Bronze,512,High,1,High Risk
CUST100104,Richard Henson,Female,19,Vadodara,Gujarat,2021-04-22,2025-12-04,6,1.16,30,5,1424.96,8549.76,8539.69,Sports,Online,Low Value,Bronze,206,High,1,High Risk
CUST100107,Sierra Johnson,Male,50,Chennai,Tamil Nadu,2019-08-02,2026-06-16,1,0.5,8,8,873.83,873.83,3009.66,Sports,Offline,Low Value,Bronze,12,Low,1,High Risk
CUST100112,Julia Torres,Male,18,Chennai,Tamil Nadu,2023-07-26,2026-01-31,4,1.38,16,4,1075.89,4303.56,4316.99,Home & Kitchen,Online,Low Value,Bronze,148,Medium,1,High Risk
CUST100113,Crystal Johnson,Female,37,Coimbatore,Tamil Nadu,2020-01-15,2026-04-29,9,1.4,63,7,2364.61,21281.49,21299.29,Fashion,Online,Medium Value,Bronze,60,Low,1,High Risk
CUST100115,Diana May,Male,18,Jaipur,Rajasthan,2019-12-05,2026-02-17,4,0.61,24,6,1202.2,4808.8,4800.6,Sports,Offline,Low Value,Bronze,131,Medium,1,High Risk
CUST100116,William Herrera,Female,52,Pune,Maharashtra,2020-12-13,2025-01-12,3,0.54,33,11,2178.97,6536.91,6497.72,Sports,Online,Low Value,Bronze,532,High,1,High Risk
CUST100120,Larry Dixon,Male,21,Visakhapatnam,Andhra Pradesh,2021-09-02,2025-09-07,1,0.5,2,2,200.0,200.0,480.22,Beauty,Online,Low Value,Bronze,294,High,1,High Risk
CUST100121,Kenneth Scott,Female,45,Mumbai,Maharashtra,2022-07-23,2026-04-02,2,0.51,10,5,1119.64,2239.28,2235.6,Home & Kitchen,Offline,Low Value,Bronze,87,Low,1,High Risk
CUST100122,April Frost,Female,44,Visakhapatnam,Andhra Pradesh,2019-06-13,2026-01-10,8,1.14,96,12,2737.23,21897.84,21922.12,Home & Kitchen,Offline,Medium Value,Bronze,169,Medium,1,High Risk
CUST100126,Michelle Evans,Male,50,Ahmedabad,Gujarat,2023-10-26,2026-03-22,5,1.88,40,8,2729.57,13647.85,13628.05,Fashion,Offline,Low Value,Bronze,98,Medium,1,High Risk
CUST100134,Rebecca Jackson,Female,58,Madurai,Tamil Nadu,2021-04-06,2025-05-30,8,1.54,32,4,663.2,5305.6,5321.25,Fashion,Offline,Low Value,Bronze,394,High,1,High Risk
CUST100137,Courtney Gonzalez,Female,18,Jaipur,Rajasthan,2021-04-18,2025-11-12,1,0.5,4,4,972.39,972.39,2517.17,Electronics,Online,Low Value,Bronze,228,High,1,High Risk
CUST100139,Angel Perry,Female,43,Kanpur,Uttar Pradesh,2022-08-06,2026-04-07,5,1.29,50,10,1535.66,7678.3,7679.94,Electronics,Online,Low Value,Bronze,82,Low,1,High Risk
CUST100140,Cheyenne Horton,Male,46,Pune,Maharashtra,2021-10-17,2026-05-30,3,0.64,27,9,1835.57,5506.71,5496.71,Sports,Online,Low Value,Bronze,29,Low,1,High Risk
CUST100154,Brenda Hall,Male,35,Mumbai,Maharashtra,2023-12-21,2026-03-24,3,1.2,24,8,264.9,794.7,795.46,Grocery,Online,Low Value,Bronze,96,Medium,1,High Risk
CUST100157,Jason Stein,Female,52,Kolkata,West Bengal,2021-08-24,2026-04-04,1,0.5,3,3,2609.59,2609.59,6298.02,Beauty,Online,Low Value,Bronze,85,Low,1,High Risk
CUST100159,Jamie Smith,Female,33,Visakhapatnam,Andhra Pradesh,2019-06-14,2025-12-20,5,0.71,20,4,1224.79,6123.95,6106.85,Grocery,Offline,Low Value,Bronze,190,High,1,High Risk
CUST100160,Paul Castaneda,Male,33,Guwahati,Assam,2019-07-21,2025-08-06,12,1.73,108,9,5451.56,65418.72,65276.03,Beauty,Offline,Medium Value,Silver,326,High,1,High Risk
CUST100165,John Anderson,Male,33,Nashik,Maharashtra,2023-02-28,2025-03-14,3,0.91,15,5,2500.55,7501.65,7538.28,Fashion,Online,Low Value,Bronze,471,High,1,High Risk
CUST100177,Michael Wang,Male,34,Nagpur,Maharashtra,2023-01-05,2026-06-15,6,1.73,108,18,4925.56,29553.36,29488.9,Sports,Offline,Medium Value,Bronze,13,Low,1,High Risk
CUST100178,Lawrence Adkins,Female,18,Madurai,Tamil Nadu,2019-06-01,2024-09-05,3,0.5,12,4,200.0,600.0,705.82,Fashion,Online,Low Value,Bronze,661,High,1,High Risk
CUST100182,Angela Vaughn,Male,41,Coimbatore,Tamil Nadu,2020-09-19,2025-09-04,3,0.52,27,9,463.77,1391.31,1387.87,Grocery,Online,Low Value,Bronze,297,High,1,High Risk
CUST100186,Jonathan Peterson,Female,18,Kanpur,Uttar Pradesh,2019-08-17,2026-01-29,3,0.5,21,7,932.3,2796.9,3191.9,Grocery,Offline,Low Value,Bronze,150,Medium,1,High Risk
CUST100188,Madison Poole,Female,38,Indore,Madhya Pradesh,2019-09-14,2026-02-05,12,1.77,12,1,2595.64,31147.68,31106.53,Beauty,Online,Medium Value,Bronze,143,Medium,1,High Risk
CUST100192,Debra Christian,Male,35,Madurai,Tamil Nadu,2023-05-25,2024-06-01,5,1.62,35,7,1540.32,7701.6,7678.95,Home & Kitchen,Offline,Low Value,Bronze,757,High,1,High Risk
CUST100197,Spencer Haynes,Male,20,Kochi,Kerala,2019-04-28,2025-05-26,6,0.84,54,9,2002.68,12016.08,12030.23,Electronics,Online,Low Value,Bronze,398,High,1,High Risk
CUST100198,Adam Vaughan,Male,27,Nashik,Maharashtra,2024-05-24,2024-09-07,4,1.92,24,6,200.0,800.0,797.96,Beauty,Online,Low Value,Bronze,659,High,1,High Risk
CUST100199,Nathan Freeman,Male,34,Vadodara,Gujarat,2022-07-27,2026-05-10,6,1.54,30,5,1205.15,7230.9,7245.88,Electronics,Offline,Low Value,Bronze,49,Low,1,High Risk
CUST100200,Melissa Brewer,Male,20,Bengaluru,Karnataka,2019-11-26,2025-11-22,5,0.76,5,1,2714.84,13574.2,13557.48,Fashion,Online,Low Value,Bronze,218,High,1,High Risk
CUST100213,Katherine Salas,Female,18,Visakhapatnam,Andhra Pradesh,2019-03-15,2026-03-05,11,1.51,176,16,6188.25,68070.75,67948.93,Fashion,Offline,Medium Value,Silver,115,Medium,1,High Risk
CUST100214,Julie Alexander,Male,63,Jaipur,Rajasthan,2022-01-08,2026-03-21,6,1.35,72,12,2318.9,13913.4,13936.26,Electronics,Online,Low Value,Bronze,99,Medium,1,High Risk
CUST100217,Mark Brown,Male,18,Surat,Gujarat,2020-04-05,2026-05-15,2,0.5,12,6,200.0,400.0,621.22,Sports,Online,Low Value,Bronze,44,Low,1,High Risk
CUST100221,Jeremy Dalton,Male,30,Kolkata,West Bengal,2022-01-18,2026-05-23,6,1.36,36,6,5454.62,32727.72,32821.21,Fashion,Online,Medium Value,Bronze,36,Low,1,High Risk
CUST100223,Theresa Clark,Male,18,Jaipur,Rajasthan,2019-07-03,2026-05-18,12,1.72,192,16,5811.3,69735.6,69673.87,Electronics,Offline,Medium Value,Silver,41,Low,1,High Risk
CUST100226,Kirk Carter,Female,32,Mumbai,Maharashtra,2023-11-15,2025-10-21,2,0.77,6,3,1699.22,3398.44,3403.09,Sports,Offline,Low Value,Bronze,250,High,1,High Risk
CUST100228,Michael Bradshaw,Female,25,Ranchi,Jharkhand,2019-03-15,2026-01-18,4,0.55,24,6,1218.59,4874.36,4873.69,Fashion,Online,Low Value,Bronze,161,Medium,1,High Risk
CUST100230,Jessica Stephens,Male,27,Kochi,Kerala,2021-02-13,2026-05-12,10,1.87,60,6,1320.03,13200.3,13212.41,Beauty,Online,Low Value,Bronze,47,Low,1,High Risk
CUST100235,Kathryn Snyder,Male,33,Chennai,Tamil Nadu,2020-06-12,2024-11-19,2,0.5,16,8,1379.87,2759.74,4157.55,Grocery,Online,Low Value,Bronze,586,High,1,High Risk
CUST100238,Sara Johnston,Male,30,Chandigarh,Chandigarh,2019-04-07,2026-05-16,12,1.66,252,21,3669.7,44036.4,43913.62,Electronics,Online,Medium Value,Silver,43,Low,1,High Risk
CUST100240,Andrew Avila,Male,39,Vadodara,Gujarat,2022-09-23,2025-09-19,2,0.53,18,9,1364.14,2728.28,2707.89,Sports,Offline,Low Value,Bronze,282,High,1,High Risk
CUST100241,Matthew Moon,Male,40,Coimbatore,Tamil Nadu,2019-12-11,2026-01-01,4,0.61,36,9,868.78,3475.12,3460.49,Beauty,Offline,Low Value,Bronze,178,Medium,1,High Risk
CUST100242,Kevin Walters,Female,39,Hyderabad,Telangana,2019-09-25,2026-05-18,7,1.04,21,3,1753.5,12274.5,12292.41,Electronics,Online,Low Value,Bronze,41,Low,1,High Risk
CUST100245,Donna Landry,Female,46,Mumbai,Maharashtra,2023-01-28,2026-02-28,4,1.18,20,5,1339.05,5356.2,5368.59,Beauty,Online,Low Value,Bronze,120,Medium,1,High Risk
CUST100247,Frank Cordova,Female,44,Jaipur,Rajasthan,2020-02-19,2025-04-10,1,0.5,6,6,2225.16,2225.16,7051.67,Fashion,Online,Low Value,Bronze,444,High,1,High Risk
CUST100248,Jose Travis,Female,63,Madurai,Tamil Nadu,2021-04-07,2026-05-13,9,1.73,36,4,961.08,8649.72,8658.17,Home & Kitchen,Online,Low Value,Bronze,46,Low,1,High Risk
CUST100249,Kimberly Gutierrez,Male,44,Nagpur,Maharashtra,2019-03-31,2026-06-21,3,0.5,21,7,2466.2,7398.6,8912.76,Home & Kitchen,Online,Low Value,Bronze,7,Low,1,High Risk
CUST100252,Tanya Kim,Female,39,Lucknow,Uttar Pradesh,2022-04-26,2025-10-05,1,0.5,6,6,1694.36,1694.36,3520.93,Fashion,Offline,Low Value,Bronze,266,High,1,High Risk
CUST100256,Susan Murray MD,Female,39,Visakhapatnam,Andhra Pradesh,2021-04-12,2025-11-15,6,1.16,30,5,1691.79,10150.74,10192.52,Sports,Offline,Low Value,Bronze,225,High,1,High Risk
CUST100261,Desiree Tyler,Female,18,Lucknow,Uttar Pradesh,2019-11-13,2026-05-02,1,0.5,2,2,1337.4,1337.4,4417.72,Sports,Offline,Low Value,Bronze,57,Low,1,High Risk
CUST100264,Yvonne Burns,Male,25,Coimbatore,Tamil Nadu,2023-09-15,2024-12-21,3,1.08,12,4,813.42,2440.26,2431.64,Electronics,Online,Low Value,Bronze,554,High,1,High Risk
CUST100265,Joshua Reed,Male,24,Surat,Gujarat,2022-08-12,2026-01-12,5,1.3,40,8,386.55,1932.75,1939.89,Home & Kitchen,Online,Low Value,Bronze,167,Medium,1,High Risk
CUST100267,Colin Terry,Male,18,Visakhapatnam,Andhra Pradesh,2020-06-30,2025-03-23,7,1.17,56,8,1564.53,10951.71,10940.4,Grocery,Online,Low Value,Bronze,462,High,1,High Risk
CUST100269,Patrick Thornton,Female,49,Surat,Gujarat,2020-02-17,2025-04-25,10,1.58,10,1,3222.5,32225.0,32298.76,Sports,Online,Medium Value,Bronze,429,High,1,High Risk
CUST100270,Jasmin Alvarado,Male,26,Mumbai,Maharashtra,2021-05-31,2026-06-11,6,1.19,42,7,1576.19,9457.14,9490.02,Beauty,Offline,Low Value,Bronze,17,Low,1,High Risk
CUST100272,Jonathan Lawrence,Female,51,Ranchi,Jharkhand,2020-07-03,2025-10-01,5,0.84,40,8,1004.9,5024.5,5038.12,Grocery,Offline,Low Value,Bronze,270,High,1,High Risk
CUST100273,Shelly Alexander,Male,41,Kolkata,West Bengal,2021-04-15,2025-11-17,7,1.35,42,6,1059.38,7415.66,7416.1,Fashion,Offline,Low Value,Bronze,223,High,1,High Risk
CUST100276,Wayne Morgan,Male,28,Pune,Maharashtra,2024-04-06,2024-04-06,4,1.81,4,1,1414.69,5658.76,5657.48,Grocery,Online,Low Value,Bronze,813,High,1,High Risk
CUST100278,Shannon James,Female,43,Pune,Maharashtra,2021-06-20,2025-12-23,2,0.5,24,12,2063.38,4126.76,5163.39,Home & Kitchen,Online,Low Value,Bronze,187,High,1,High Risk
CUST100279,Nathan Malone,Female,37,Pune,Maharashtra,2021-05-18,2023-07-04,1,0.5,10,10,688.13,688.13,1753.06,Sports,Online,Low Value,Bronze,1090,High,1,High Risk
CUST100280,Amanda Jones,Female,48,Patna,Bihar,2019-01-26,2025-04-03,3,0.5,33,11,1099.44,3298.32,4069.66,Home & Kitchen,Offline,Low Value,Bronze,451,High,1,High Risk
CUST100287,Carolyn Miller,Male,56,Vadodara,Gujarat,2019-03-07,2024-10-01,13,1.78,208,16,200.0,2600.0,2596.53,Beauty,Offline,Low Value,Bronze,635,High,1,High Risk
CUST100292,Jeremy Reed,Female,21,Patna,Bihar,2019-10-09,2026-06-05,1,0.5,5,5,518.0,518.0,1735.89,Fashion,Online,Low Value,Bronze,23,Low,1,High Risk
CUST100296,Laura Haney,Female,45,Kanpur,Uttar Pradesh,2020-02-05,2025-10-04,2,0.5,10,5,850.89,1701.78,2712.83,Electronics,Online,Low Value,Bronze,267,High,1,High Risk
CUST100304,Maria Parker,Female,38,Visakhapatnam,Andhra Pradesh,2023-05-02,2026-06-14,5,1.59,15,3,1549.78,7748.9,7738.21,Fashion,Online,Low Value,Bronze,14,Low,1,High Risk
CUST100308,Kiara Mcintyre,Female,37,Kanpur,Uttar Pradesh,2021-03-31,2024-08-23,3,0.57,3,1,1354.63,4063.89,4035.63,Sports,Online,Low Value,Bronze,674,High,1,High Risk
CUST100313,Tracy Ballard,Female,35,Patna,Bihar,2020-05-06,2026-05-11,10,1.63,70,7,1172.59,11725.9,11711.26,Fashion,Online,Low Value,Bronze,48,Low,1,High Risk
CUST100321,Charles Shah,Female,38,Kolkata,West Bengal,2023-01-12,2025-07-29,5,1.45,5,1,713.4,3567.0,3559.97,Sports,Offline,Low Value,Bronze,334,High,1,High Risk
CUST100324,Natalie Bautista,Male,55,Kochi,Kerala,2023-02-20,2025-11-01,3,0.9,15,5,634.91,1904.73,1905.51,Fashion,Offline,Low Value,Bronze,239,High,1,High Risk
CUST100325,Patrick Moore,Male,50,Ranchi,Jharkhand,2021-07-04,2025-02-20,4,0.81,28,7,1960.47,7841.88,7886.64,Home & Kitchen,Online,Low Value,Bronze,493,High,1,High Risk
CUST100327,Trevor Johnson,Male,26,Surat,Gujarat,2019-11-05,2025-07-12,13,1.96,91,7,5196.07,67548.91,67504.95,Beauty,Offline,Medium Value,Silver,351,High,1,High Risk
CUST100328,Jeremy Sampson,Male,29,Visakhapatnam,Andhra Pradesh,2021-09-16,2026-04-24,8,1.68,120,15,2738.96,21911.68,21920.68,Beauty,Online,Medium Value,Bronze,65,Low,1,High Risk
CUST100331,Colton Martinez,Female,37,Kanpur,Uttar Pradesh,2022-05-25,2026-02-04,5,1.23,10,2,1775.45,8877.25,8902.62,Electronics,Online,Low Value,Bronze,144,Medium,1,High Risk
CUST100337,Charles Lester,Male,20,Kolkata,West Bengal,2019-02-24,2024-07-18,4,0.55,28,7,674.49,2697.96,2716.89,Home & Kitchen,Online,Low Value,Bronze,710,High,1,High Risk
CUST100351,Kimberly Nguyen,Male,57,Chandigarh,Chandigarh,2021-10-09,2026-05-31,2,0.5,18,9,1646.6,3293.2,3870.24,Sports,Online,Low Value,Bronze,28,Low,1,High Risk
CUST100352,Kerry Chavez DDS,Female,22,Jaipur,Rajasthan,2021-04-27,2026-06-21,9,1.75,171,19,2013.56,18122.04,18156.5,Home & Kitchen,Offline,Medium Value,Bronze,7,Low,1,High Risk
CUST100358,Christian Leblanc,Male,46,Bengaluru,Karnataka,2023-02-10,2026-02-06,3,0.89,15,5,1749.63,5248.89,5235.33,Beauty,Offline,Low Value,Bronze,142,Medium,1,High Risk
CUST100364,Tracy Burke,Male,47,Jaipur,Rajasthan,2021-05-04,2025-09-27,2,0.5,14,7,1469.96,2939.92,3773.0,Electronics,Offline,Low Value,Bronze,274,High,1,High Risk
CUST100365,Kenneth Lewis,Female,39,Chennai,Tamil Nadu,2019-05-30,2025-12-30,8,1.13,120,15,6390.12,51120.96,51005.49,Home & Kitchen,Online,Medium Value,Silver,180,Medium,1,High Risk
CUST100366,Courtney Rodriguez,Male,18,Nagpur,Maharashtra,2021-05-24,2025-07-08,8,1.58,64,8,200.0,1600.0,1604.87,Sports,Offline,Low Value,Bronze,355,High,1,High Risk
CUST100376,Glen Wood,Male,48,Hyderabad,Telangana,2020-01-12,2025-09-20,6,0.93,30,5,368.03,2208.18,2204.95,Grocery,Online,Low Value,Bronze,281,High,1,High Risk
CUST100378,Anthony Moore,Male,18,Coimbatore,Tamil Nadu,2020-05-28,2025-09-02,3,0.5,3,1,1850.2,5550.6,5612.65,Fashion,Online,Low Value,Bronze,299,High,1,High Risk
CUST100383,Mr. Andrew Foster,Female,37,Bhopal,Madhya Pradesh,2019-09-18,2024-11-22,1,0.5,3,3,414.08,414.08,1399.54,Fashion,Offline,Low Value,Bronze,583,High,1,High Risk
CUST100384,Aimee Turner,Male,30,Mumbai,Maharashtra,2019-12-31,2024-03-26,2,0.5,6,3,602.32,1204.64,1950.02,Grocery,Online,Low Value,Bronze,824,High,1,High Risk
CUST100385,Chad Scott,Male,30,Delhi,Delhi,2019-07-12,2026-03-03,3,0.5,12,4,872.47,2617.41,3030.06,Fashion,Online,Low Value,Bronze,117,Medium,1,High Risk
CUST100388,Sandra Drake,Female,40,Lucknow,Uttar Pradesh,2023-07-06,2025-11-07,3,1.01,3,1,1594.29,4782.87,4770.08,Grocery,Online,Low Value,Bronze,233,High,1,High Risk
CUST100389,Scott Williams,Male,52,Visakhapatnam,Andhra Pradesh,2021-09-29,2025-04-24,4,0.85,32,8,2205.5,8822.0,8863.97,Grocery,Online,Low Value,Bronze,430,High,1,High Risk
CUST100390,Thomas Atkins,Male,29,Delhi,Delhi,2024-05-15,2025-07-01,3,1.43,21,7,616.56,1849.68,1853.88,Home & Kitchen,Online,Low Value,Bronze,362,High,1,High Risk
CUST100393,Robert Montgomery,Female,27,Coimbatore,Tamil Nadu,2021-07-01,2025-04-22,4,0.8,20,5,884.82,3539.28,3521.35,Grocery,Offline,Low Value,Bronze,432,High,1,High Risk
CUST100395,Dana Chapman,Female,52,Jaipur,Rajasthan,2022-07-02,2025-12-28,6,1.51,84,14,1707.14,10242.84,10240.55,Grocery,Online,Low Value,Bronze,182,High,1,High Risk
CUST100396,Jennifer Collins,Female,37,Delhi,Delhi,2019-10-31,2025-04-13,5,0.75,15,3,335.54,1677.7,1671.5,Beauty,Online,Low Value,Bronze,441,High,1,High Risk
CUST100398,Ashley Hicks,Female,55,Chandigarh,Chandigarh,2023-08-09,2024-02-18,1,0.5,6,6,1199.52,1199.52,1720.87,Fashion,Online,Low Value,Bronze,861,High,1,High Risk
CUST100399,Hannah Luna,Female,30,Ahmedabad,Gujarat,2019-07-26,2026-02-04,1,0.5,4,4,2265.9,2265.9,7825.96,Beauty,Online,Low Value,Bronze,144,Medium,1,High Risk
CUST100401,Craig Morrison,Other,44,Kochi,Kerala,2019-09-03,2025-06-21,6,0.88,30,5,642.81,3856.86,3847.04,Electronics,Online,Low Value,Bronze,372,High,1,High Risk
CUST100403,Kathleen Webster,Female,45,Coimbatore,Tamil Nadu,2023-04-24,2024-05-16,1,0.5,5,5,1071.14,1071.14,1693.59,Fashion,Offline,Low Value,Bronze,773,High,1,High Risk
CUST100408,Anthony Romero,Female,18,Guwahati,Assam,2019-11-12,2024-05-08,13,1.97,65,5,2017.86,26232.18,26272.68,Grocery,Online,Medium Value,Bronze,781,High,1,High Risk
CUST100411,Lisa Hunter,Male,30,Jaipur,Rajasthan,2022-12-03,2025-12-04,4,1.13,24,6,793.44,3173.76,3183.77,Home & Kitchen,Offline,Low Value,Bronze,206,High,1,High Risk
CUST100412,Julian Conner,Female,38,Nashik,Maharashtra,2019-01-16,2025-02-01,9,1.21,72,8,1444.0,12996.0,12982.91,Home & Kitchen,Offline,Low Value,Bronze,512,High,1,High Risk
CUST100417,Carrie Wright,Male,49,Kolkata,West Bengal,2021-08-17,2026-05-25,8,1.65,88,11,2076.61,16612.88,16604.35,Home & Kitchen,Offline,Medium Value,Bronze,34,Low,1,High Risk
CUST100419,Jake Campbell,Male,22,Kanpur,Uttar Pradesh,2022-07-01,2024-01-27,1,0.5,5,5,837.85,837.85,1665.38,Fashion,Online,Low Value,Bronze,883,High,1,High Risk
CUST100420,George Harper,Female,54,Mumbai,Maharashtra,2020-03-01,2026-05-31,12,1.9,120,10,1226.07,14712.84,14694.71,Grocery,Offline,Medium Value,Bronze,28,Low,1,High Risk
CUST100423,Mary Escobar,Female,33,Visakhapatnam,Andhra Pradesh,2020-02-12,2026-05-08,10,1.57,50,5,3553.63,35536.3,35468.58,Grocery,Online,Medium Value,Silver,51,Low,1,High Risk
CUST100427,Emily Bennett,Male,30,Lucknow,Uttar Pradesh,2023-04-30,2026-04-19,6,1.91,30,5,961.64,5769.84,5777.98,Grocery,Offline,Low Value,Bronze,70,Low,1,High Risk
CUST100431,Jack White,Male,33,Ranchi,Jharkhand,2022-02-27,2025-06-04,1,0.5,6,6,661.9,661.9,1428.0,Grocery,Online,Low Value,Bronze,389,High,1,High Risk
CUST100435,Sophia Johnson,Male,44,Indore,Madhya Pradesh,2021-01-18,2026-02-19,2,0.5,16,8,1831.59,3663.18,4966.98,Sports,Online,Low Value,Bronze,129,Medium,1,High Risk
CUST100437,Christopher Guerra,Female,24,Jaipur,Rajasthan,2021-04-11,2025-03-26,9,1.73,45,5,1582.43,14241.87,14225.8,Home & Kitchen,Online,Low Value,Bronze,459,High,1,High Risk
CUST100438,Rhonda Martin,Female,44,Nashik,Maharashtra,2020-01-28,2026-03-21,5,0.78,35,7,339.69,1698.45,1695.3,Sports,Offline,Low Value,Bronze,99,Medium,1,High Risk
CUST100441,Joann Ferguson,Male,39,Pune,Maharashtra,2023-04-17,2026-02-24,1,0.5,14,14,1563.91,1563.91,2487.7,Electronics,Offline,Low Value,Bronze,124,Medium,1,High Risk
CUST100444,Mrs. Diane Reyes,Female,46,Visakhapatnam,Andhra Pradesh,2019-09-29,2026-01-16,6,0.89,6,1,2171.15,13026.9,13003.84,Electronics,Offline,Low Value,Bronze,163,Medium,1,High Risk
CUST100445,Tracy Montoya,Female,34,Visakhapatnam,Andhra Pradesh,2019-11-16,2025-02-01,6,0.91,54,9,486.79,2920.74,2922.87,Home & Kitchen,Offline,Low Value,Bronze,512,High,1,High Risk
CUST100446,Brenda Wright,Male,58,Indore,Madhya Pradesh,2021-12-06,2026-01-20,5,1.1,25,5,1968.37,9841.85,9834.57,Beauty,Online,Low Value,Bronze,159,Medium,1,High Risk
CUST100447,Shelly Spencer,Male,61,Kolkata,West Bengal,2020-05-03,2026-03-13,8,1.3,40,5,1147.96,9183.68,9156.34,Beauty,Online,Low Value,Bronze,107,Medium,1,High Risk
CUST100450,Brittany Kim,Female,20,Surat,Gujarat,2019-03-18,2024-06-05,6,0.83,18,3,200.0,1200.0,1205.74,Home & Kitchen,Online,Low Value,Bronze,753,High,1,High Risk
CUST100453,Cynthia Vang,Female,45,Kolkata,West Bengal,2022-02-25,2025-07-18,1,0.5,5,5,1556.07,1556.07,3361.37,Grocery,Online,Low Value,Bronze,345,High,1,High Risk
CUST100462,Riley Bryant,Female,45,Vadodara,Gujarat,2019-04-17,2026-05-08,5,0.7,35,7,1453.62,7268.1,7307.3,Sports,Offline,Low Value,Bronze,51,Low,1,High Risk
CUST100464,Jose Allen,Female,46,Pune,Maharashtra,2022-11-02,2025-05-28,1,0.5,6,6,2272.51,2272.51,4131.27,Electronics,Online,Low Value,Bronze,396,High,1,High Risk
CUST100467,William Jones,Male,53,Indore,Madhya Pradesh,2023-09-14,2025-08-11,2,0.72,8,4,2345.96,4691.92,4679.97,Fashion,Online,Low Value,Bronze,321,High,1,High Risk
CUST100468,Katie Mcneil,Male,35,Indore,Madhya Pradesh,2019-06-29,2026-03-01,5,0.72,105,21,4660.44,23302.2,23426.61,Electronics,Online,Medium Value,Bronze,119,Medium,1,High Risk
CUST100469,Jeanette Harrison,Female,18,Visakhapatnam,Andhra Pradesh,2022-03-17,2025-12-18,3,0.7,18,6,200.0,600.0,597.18,Fashion,Online,Low Value,Bronze,192,High,1,High Risk
CUST100471,Richard Cooper,Female,41,Kolkata,West Bengal,2020-12-22,2025-09-01,10,1.82,30,3,2746.9,27469.0,27484.49,Home & Kitchen,Online,Medium Value,Bronze,300,High,1,High Risk
CUST100473,Evelyn Williams,Female,22,Kochi,Kerala,2021-03-16,2026-01-03,4,0.76,60,15,640.94,2563.76,2565.94,Home & Kitchen,Online,Low Value,Bronze,176,Medium,1,High Risk
CUST100478,Curtis Williams,Male,32,Lucknow,Uttar Pradesh,2024-02-15,2026-05-16,3,1.28,18,6,998.29,2994.87,3001.68,Electronics,Online,Low Value,Bronze,43,Low,1,High Risk
CUST100485,Jonathan Glass MD,Female,37,Chandigarh,Chandigarh,2022-12-03,2026-05-07,5,1.41,25,5,543.99,2719.95,2723.7,Home & Kitchen,Online,Low Value,Bronze,52,Low,1,High Risk
CUST100488,Bobby Guerrero,Male,45,Ranchi,Jharkhand,2023-10-28,2026-06-14,4,1.51,40,10,959.27,3837.08,3838.87,Sports,Offline,Low Value,Bronze,14,Low,1,High Risk
CUST100489,Lance Simmons,Male,32,Guwahati,Assam,2023-01-26,2025-07-02,1,0.5,8,8,200.0,200.0,340.31,Beauty,Online,Low Value,Bronze,361,High,1,High Risk
CUST100498,Meghan Rush,Female,32,Lucknow,Uttar Pradesh,2021-05-20,2025-07-25,9,1.77,45,5,1373.78,12364.02,12375.98,Beauty,Offline,Low Value,Bronze,338,High,1,High Risk
CUST100501,Brian Fitzgerald,Male,41,Nagpur,Maharashtra,2020-10-10,2025-04-21,11,1.93,99,9,3442.66,37869.26,37855.88,Sports,Offline,Medium Value,Silver,433,High,1,High Risk
CUST100503,Zachary Mitchell,Male,22,Vadodara,Gujarat,2023-03-23,2026-06-15,2,0.62,12,6,1610.97,3221.94,3245.93,Grocery,Online,Low Value,Bronze,13,Low,1,High Risk
CUST100507,Emma Reed,Male,40,Kanpur,Uttar Pradesh,2023-06-15,2026-06-22,5,1.66,30,6,786.09,3930.45,3940.63,Home & Kitchen,Online,Low Value,Bronze,6,Low,1,High Risk
CUST100508,Joshua Vance,Female,52,Kanpur,Uttar Pradesh,2022-05-11,2023-12-18,6,1.46,24,4,562.31,3373.86,3378.29,Grocery,Online,Low Value,Bronze,923,High,1,High Risk
CUST100509,Michelle Ho,Female,28,Indore,Madhya Pradesh,2022-10-27,2026-05-20,3,0.82,21,7,591.65,1774.95,1771.92,Home & Kitchen,Online,Low Value,Bronze,39,Low,1,High Risk
CUST100513,Robert Arnold,Male,45,Visakhapatnam,Andhra Pradesh,2023-10-22,2024-01-13,3,1.12,12,4,1310.5,3931.5,3914.03,Beauty,Online,Low Value,Bronze,897,High,1,High Risk
CUST100517,Michael Cooper,Female,43,Surat,Gujarat,2022-12-14,2026-04-11,5,1.42,40,8,1318.06,6590.3,6589.83,Electronics,Offline,Low Value,Bronze,78,Low,1,High Risk
CUST100523,Sarah King,Female,28,Bhopal,Madhya Pradesh,2021-05-08,2026-06-19,6,1.17,18,3,320.59,1923.54,1921.41,Electronics,Online,Low Value,Bronze,9,Low,1,High Risk
CUST100524,Krista Martinez,Male,24,Chandigarh,Chandigarh,2022-01-02,2026-04-25,8,1.79,40,5,1376.83,11014.64,11011.93,Fashion,Online,Low Value,Bronze,64,Low,1,High Risk
CUST100527,Michelle Jacobs,Female,51,Coimbatore,Tamil Nadu,2020-03-24,2026-04-05,12,1.92,96,8,3496.68,41960.16,41926.84,Sports,Online,Medium Value,Silver,84,Low,1,High Risk
CUST100529,Angel May,Female,48,Coimbatore,Tamil Nadu,2023-04-05,2025-07-26,1,0.5,8,8,1203.44,1203.44,1934.07,Fashion,Online,Low Value,Bronze,337,High,1,High Risk
CUST100530,Marilyn Wang,Female,42,Jaipur,Rajasthan,2021-07-06,2026-04-18,4,0.81,4,1,447.43,1789.72,1797.95,Fashion,Offline,Low Value,Bronze,71,Low,1,High Risk
CUST100532,Donna Frye,Male,56,Lucknow,Uttar Pradesh,2020-05-20,2026-05-03,5,0.82,15,3,601.1,3005.5,3001.27,Fashion,Online,Low Value,Bronze,56,Low,1,High Risk
CUST100534,Anthony Gonzales,Female,32,Delhi,Delhi,2021-03-15,2025-04-05,3,0.57,21,7,1205.29,3615.87,3620.82,Sports,Online,Low Value,Bronze,449,High,1,High Risk
CUST100535,Mr. Lawrence Edwards,Male,53,Madurai,Tamil Nadu,2023-07-09,2025-12-01,3,1.02,27,9,2031.29,6093.87,6120.73,Sports,Offline,Low Value,Bronze,209,High,1,High Risk
CUST100536,Morgan Valencia,Female,36,Lucknow,Uttar Pradesh,2021-02-11,2026-02-18,2,0.5,12,6,996.39,1992.78,2669.32,Sports,Offline,Low Value,Bronze,130,Medium,1,High Risk
CUST100540,James Gilbert,Male,32,Coimbatore,Tamil Nadu,2021-01-17,2025-03-08,10,1.84,40,4,666.51,6665.1,6654.84,Electronics,Online,Low Value,Bronze,477,High,1,High Risk
CUST100548,Jessica Khan,Female,28,Ahmedabad,Gujarat,2019-07-03,2026-05-25,8,1.15,144,18,5792.67,46341.36,46434.93,Fashion,Offline,Medium Value,Silver,34,Low,1,High Risk
CUST100551,Angel Gordon,Female,21,Jaipur,Rajasthan,2019-01-13,2024-12-15,5,0.67,25,5,1834.0,9170.0,9140.58,Beauty,Online,Low Value,Bronze,560,High,1,High Risk
CUST100554,Robert Morgan,Male,21,Ahmedabad,Gujarat,2021-05-14,2025-09-24,1,0.5,7,7,583.47,583.47,1489.63,Grocery,Online,Low Value,Bronze,277,High,1,High Risk
CUST100558,Larry Robertson,Female,18,Ahmedabad,Gujarat,2019-08-29,2022-06-01,3,0.5,3,1,1816.74,5450.22,6190.1,Sports,Online,Low Value,Bronze,1488,High,1,High Risk
CUST100560,Nancy Evans MD,Female,23,Jaipur,Rajasthan,2022-08-05,2023-11-25,4,1.03,16,4,2340.04,9360.16,9350.61,Beauty,Online,Low Value,Bronze,946,High,1,High Risk
CUST100568,Lisa Randall,Female,42,Chennai,Tamil Nadu,2020-08-25,2025-07-27,5,0.86,20,4,1784.41,8922.05,8936.56,Electronics,Online,Low Value,Bronze,336,High,1,High Risk
CUST100571,Christian Vaughn,Male,26,Hyderabad,Telangana,2023-07-31,2023-10-09,2,0.69,4,2,985.47,1970.94,1967.78,Beauty,Online,Low Value,Bronze,993,High,1,High Risk
CUST100572,Reginald Knapp,Male,50,Lucknow,Uttar Pradesh,2019-08-21,2026-04-15,7,1.02,70,10,4716.99,33018.93,32892.24,Sports,Online,Medium Value,Bronze,74,Low,1,High Risk
CUST100574,Daniel Nguyen,Male,36,Bhopal,Madhya Pradesh,2021-11-02,2026-03-15,5,1.08,15,3,1312.19,6560.95,6568.82,Fashion,Online,Low Value,Bronze,105,Medium,1,High Risk
CUST100575,Kelly Edwards,Female,44,Indore,Madhya Pradesh,2022-02-11,2025-12-30,8,1.84,40,5,1397.43,11179.44,11207.29,Home & Kitchen,Online,Low Value,Bronze,180,Medium,1,High Risk
CUST100581,Daniel Bush,Male,41,Mumbai,Maharashtra,2020-03-01,2026-05-18,4,0.63,32,8,200.0,800.0,794.81,Home & Kitchen,Online,Low Value,Bronze,41,Low,1,High Risk
CUST100594,Tanya Russell,Female,33,Chandigarh,Chandigarh,2023-02-07,2023-08-23,1,0.5,5,5,2323.97,2323.97,3916.23,Beauty,Offline,Low Value,Bronze,1040,High,1,High Risk
CUST100595,Sherry Woods,Female,33,Vadodara,Gujarat,2019-06-10,2026-01-04,13,1.85,299,23,2793.85,36320.05,36353.71,Electronics,Offline,Medium Value,Silver,175,Medium,1,High Risk
CUST100611,Michael Lopez,Female,41,Guwahati,Assam,2019-05-25,2025-11-05,7,0.99,14,2,982.81,6879.67,6886.13,Fashion,Online,Low Value,Bronze,235,High,1,High Risk
CUST100614,Elizabeth Sharp,Male,54,Ranchi,Jharkhand,2022-12-01,2026-01-19,1,0.5,13,13,2210.53,2210.53,3930.84,Fashion,Online,Low Value,Bronze,160,Medium,1,High Risk
CUST100618,Emily Wilson,Male,56,Mumbai,Maharashtra,2020-03-30,2025-11-16,3,0.5,12,4,1788.53,5365.59,5570.03,Sports,Offline,Low Value,Bronze,224,High,1,High Risk
CUST100627,Laura Hernandez,Female,44,Nagpur,Maharashtra,2020-01-13,2026-06-18,3,0.5,30,10,730.64,2191.92,2352.45,Electronics,Offline,Low Value,Bronze,10,Low,1,High Risk
CUST100631,Joyce Brown,Male,18,Delhi,Delhi,2023-01-15,2025-03-25,6,1.75,42,7,643.0,3858.0,3863.28,Fashion,Offline,Low Value,Bronze,460,High,1,High Risk
CUST100632,Robert Cummings,Male,58,Hyderabad,Telangana,2020-01-11,2026-04-26,10,1.55,140,14,4646.43,46464.3,46415.96,Beauty,Offline,Medium Value,Silver,63,Low,1,High Risk
CUST100633,Robert Reese,Male,32,Nagpur,Maharashtra,2021-07-26,2026-06-10,6,1.22,48,8,4375.2,26251.2,26188.19,Electronics,Online,Medium Value,Bronze,18,Low,1,High Risk
CUST100636,Timothy Johnson,Female,44,Pune,Maharashtra,2020-04-04,2026-05-11,12,1.93,96,8,5365.49,64385.88,64357.97,Electronics,Online,Medium Value,Silver,48,Low,1,High Risk
CUST100645,Kim Morrow,Male,57,Visakhapatnam,Andhra Pradesh,2023-04-11,2023-07-11,2,0.63,8,4,540.31,1080.62,1088.52,Sports,Online,Low Value,Bronze,1083,High,1,High Risk
CUST100648,Jennifer Miranda,Male,33,Nashik,Maharashtra,2023-04-20,2026-06-14,1,0.5,7,7,1460.52,1460.52,2317.24,Beauty,Online,Low Value,Bronze,14,Low,1,High Risk
CUST100653,Amy Gordon,Female,64,Madurai,Tamil Nadu,2020-08-06,2026-03-10,3,0.51,12,4,405.51,1216.53,1215.1,Sports,Online,Low Value,Bronze,110,Medium,1,High Risk
CUST100657,Connie Turner,Female,43,Mumbai,Maharashtra,2022-02-16,2025-09-14,5,1.15,70,14,454.47,2272.35,2270.86,Sports,Offline,Low Value,Bronze,287,High,1,High Risk
CUST100661,Emma Butler,Male,38,Bengaluru,Karnataka,2021-04-25,2026-05-17,7,1.36,84,12,1396.33,9774.31,9795.3,Electronics,Online,Low Value,Bronze,42,Low,1,High Risk
CUST100662,James Webster,Male,30,Kolkata,West Bengal,2020-01-20,2025-10-05,11,1.71,165,15,4821.17,53032.87,52929.91,Home & Kitchen,Online,Medium Value,Silver,266,High,1,High Risk
CUST100671,Kristin Mendoza,Male,40,Vadodara,Gujarat,2024-05-11,2026-05-29,3,1.42,21,7,722.55,2167.65,2168.62,Home & Kitchen,Online,Low Value,Bronze,30,Low,1,High Risk
CUST100678,Jose Crawford,Female,23,Nashik,Maharashtra,2021-10-14,2023-12-06,6,1.28,48,8,1117.3,6703.8,6703.37,Electronics,Online,Low Value,Bronze,935,High,1,High Risk
CUST100679,William Harrison,Male,29,Ahmedabad,Gujarat,2023-11-03,2026-05-03,3,1.14,9,3,1728.86,5186.58,5190.98,Electronics,Online,Low Value,Bronze,56,Low,1,High Risk
CUST100680,Suzanne Wood,Female,40,Bhopal,Madhya Pradesh,2021-02-18,2026-03-07,4,0.75,16,4,1087.8,4351.2,4355.67,Home & Kitchen,Offline,Low Value,Bronze,113,Medium,1,High Risk
CUST100684,James Whitaker,Male,33,Guwahati,Assam,2021-02-03,2025-08-07,7,1.3,49,7,599.59,4197.13,4193.44,Home & Kitchen,Offline,Low Value,Bronze,325,High,1,High Risk
CUST100699,Brent Hernandez,Female,24,Kanpur,Uttar Pradesh,2019-11-09,2026-03-26,7,1.06,84,12,4660.24,32621.68,32688.92,Beauty,Offline,Medium Value,Bronze,94,Medium,1,High Risk
CUST100710,Anthony Jones,Female,24,Visakhapatnam,Andhra Pradesh,2019-06-15,2026-05-15,1,0.5,4,4,1699.93,1699.93,5966.63,Beauty,Online,Low Value,Bronze,44,Low,1,High Risk
CUST100715,David Davenport,Male,18,Kanpur,Uttar Pradesh,2020-07-06,2026-04-12,6,1.01,24,4,1342.33,8053.98,8080.7,Home & Kitchen,Online,Low Value,Bronze,77,Low,1,High Risk
CUST100720,Randy Friedman,Female,40,Surat,Gujarat,2022-11-10,2025-11-16,4,1.11,20,5,783.31,3133.24,3142.25,Electronics,Offline,Low Value,Bronze,224,High,1,High Risk
CUST100723,Todd Reynolds,Female,32,Nagpur,Maharashtra,2020-05-16,2026-02-25,6,0.98,36,6,200.0,1200.0,1195.59,Home & Kitchen,Online,Low Value,Bronze,123,Medium,1,High Risk
CUST100727,Nancy Stewart,Male,57,Hyderabad,Telangana,2022-03-15,2024-05-02,2,0.5,14,7,1508.29,3016.58,3220.99,Electronics,Online,Low Value,Bronze,787,High,1,High Risk
CUST100731,Alexander Gomez,Female,44,Guwahati,Assam,2021-01-15,2025-11-01,7,1.29,28,4,1161.21,8128.47,8136.77,Sports,Offline,Low Value,Bronze,239,High,1,High Risk
CUST100735,Laura Jackson,Female,38,Delhi,Delhi,2021-08-07,2025-03-02,3,0.62,9,3,225.27,675.81,680.65,Beauty,Online,Low Value,Bronze,483,High,1,High Risk
CUST100737,Arthur Hamilton MD,Female,62,Madurai,Tamil Nadu,2021-05-05,2025-06-24,9,1.75,18,2,413.22,3718.98,3710.21,Grocery,Online,Low Value,Bronze,369,High,1,High Risk
CUST100742,George Ochoa,Female,32,Ahmedabad,Gujarat,2021-09-16,2026-01-29,9,1.89,81,9,785.1,7065.9,7068.8,Beauty,Online,Low Value,Bronze,150,Medium,1,High Risk
CUST100755,Rachel Jones,Male,42,Nagpur,Maharashtra,2020-09-24,2026-06-16,7,1.22,42,6,200.0,1400.0,1400.87,Sports,Offline,Low Value,Bronze,12,Low,1,High Risk
CUST100758,Heather Woodard,Female,38,Kochi,Kerala,2020-09-15,2025-12-09,8,1.39,40,5,1061.78,8494.24,8509.76,Fashion,Online,Low Value,Bronze,201,High,1,High Risk
CUST100759,Margaret Miller,Female,59,Surat,Gujarat,2021-08-28,2026-03-30,8,1.66,88,11,740.48,5923.84,5919.66,Fashion,Online,Low Value,Bronze,90,Low,1,High Risk
CUST100763,Jessica Smith,Male,24,Chennai,Tamil Nadu,2020-05-20,2025-10-22,6,0.99,54,9,1145.16,6870.96,6903.13,Home & Kitchen,Offline,Low Value,Bronze,249,High,1,High Risk
CUST100766,Raymond Chapman,Female,39,Surat,Gujarat,2021-04-21,2025-08-04,5,0.97,50,10,653.45,3267.25,3276.39,Home & Kitchen,Offline,Low Value,Bronze,328,High,1,High Risk
CUST100767,Haley Johnson,Male,18,Guwahati,Assam,2019-04-08,2025-08-22,4,0.56,20,5,1293.0,5172.0,5217.74,Electronics,Offline,Low Value,Bronze,310,High,1,High Risk
CUST100771,Mr. Jeffrey Horton,Female,31,Ahmedabad,Gujarat,2021-01-29,2025-03-19,1,0.5,5,5,2123.33,2123.33,5726.16,Grocery,Online,Low Value,Bronze,466,High,1,High Risk
CUST100773,Samuel Wong,Male,41,Lucknow,Uttar Pradesh,2019-07-24,2025-08-26,8,1.16,16,2,3944.84,31558.72,31634.32,Grocery,Online,Medium Value,Bronze,306,High,1,High Risk
CUST100774,Carly Riggs,Female,35,Coimbatore,Tamil Nadu,2021-09-05,2025-11-28,2,0.5,12,6,1210.91,2421.82,2902.54,Sports,Online,Low Value,Bronze,212,High,1,High Risk
CUST100776,Tina Hall,Female,32,Pune,Maharashtra,2019-07-03,2026-05-20,12,1.72,168,14,6027.77,72333.24,72269.21,Sports,Online,Medium Value,Silver,39,Low,1,High Risk
CUST100777,Cody Davidson,Female,40,Nagpur,Maharashtra,2023-10-14,2024-02-17,1,0.5,13,13,589.05,589.05,791.85,Fashion,Offline,Low Value,Bronze,862,High,1,High Risk
CUST100778,Allen Mendez,Female,26,Kolkata,West Bengal,2022-01-28,2026-04-21,4,0.91,16,4,471.81,1887.24,1887.83,Grocery,Offline,Low Value,Bronze,68,Low,1,High Risk
CUST100785,Laurie Bailey,Male,24,Chennai,Tamil Nadu,2020-10-02,2024-09-10,4,0.7,4,1,2255.82,9023.28,9031.31,Grocery,Online,Low Value,Bronze,656,High,1,High Risk
CUST100789,Clayton Steele,Male,26,Kanpur,Uttar Pradesh,2022-09-21,2025-10-21,4,1.07,16,4,1667.14,6668.56,6690.93,Electronics,Online,Low Value,Bronze,250,High,1,High Risk
CUST100795,Adam Taylor,Male,42,Bhopal,Madhya Pradesh,2024-03-22,2026-05-27,1,0.5,2,2,467.16,467.16,525.67,Home & Kitchen,Online,Low Value,Bronze,32,Low,1,High Risk
CUST100796,Tracey Wagner,Male,29,Kochi,Kerala,2023-05-03,2026-04-12,1,0.5,4,4,218.63,218.63,342.98,Sports,Online,Low Value,Bronze,77,Low,1,High Risk
CUST100799,Donald Medina,Female,46,Lucknow,Uttar Pradesh,2019-08-30,2026-06-14,12,1.76,60,5,200.0,2400.0,2397.74,Beauty,Online,Low Value,Bronze,14,Low,1,High Risk
CUST100800,Jim Newton,Female,28,Nagpur,Maharashtra,2020-06-08,2025-10-13,9,1.49,54,6,640.03,5760.27,5757.12,Beauty,Online,Low Value,Bronze,258,High,1,High Risk
CUST100805,Ronald Potter,Male,35,Coimbatore,Tamil Nadu,2019-12-14,2026-01-22,1,0.5,6,6,1250.44,1250.44,4077.41,Electronics,Offline,Low Value,Bronze,157,Medium,1,High Risk
CUST100806,Zachary Cole,Female,54,Coimbatore,Tamil Nadu,2022-07-30,2026-06-15,4,1.03,36,9,1224.76,4899.04,4914.77,Electronics,Online,Low Value,Bronze,13,Low,1,High Risk
CUST100807,Robert Gonzales,Female,24,Hyderabad,Telangana,2019-02-27,2024-10-05,2,0.5,14,7,412.49,824.98,1508.79,Home & Kitchen,Online,Low Value,Bronze,631,High,1,High Risk
CUST100810,Carol Taylor,Female,39,Visakhapatnam,Andhra Pradesh,2021-08-13,2026-06-11,5,1.03,10,2,1685.72,8428.6,8433.08,Home & Kitchen,Online,Low Value,Bronze,17,Low,1,High Risk
CUST100811,Daniel Brown,Male,49,Indore,Madhya Pradesh,2020-10-27,2026-05-14,8,1.42,16,2,1379.47,11035.76,11069.3,Fashion,Online,Low Value,Bronze,45,Low,1,High Risk
CUST100813,Michael Roberts,Female,59,Vadodara,Gujarat,2019-03-06,2024-03-28,9,1.23,54,6,1737.0,15633.0,15588.77,Sports,Online,Medium Value,Bronze,822,High,1,High Risk
CUST100814,Scott Duke,Male,45,Visakhapatnam,Andhra Pradesh,2019-05-19,2025-05-09,11,1.55,33,3,1528.76,16816.36,16809.24,Beauty,Online,Medium Value,Bronze,415,High,1,High Risk
CUST100820,Debra Perry,Female,26,Ahmedabad,Gujarat,2020-12-18,2026-01-08,9,1.63,99,11,745.99,6713.91,6698.2,Beauty,Offline,Low Value,Bronze,171,Medium,1,High Risk
CUST100823,Jackie Clements,Male,34,Pune,Maharashtra,2020-03-05,2026-06-20,10,1.59,130,13,2643.19,26431.9,26464.46,Grocery,Offline,Medium Value,Bronze,8,Low,1,High Risk
CUST100825,Monica Ellis,Male,19,Pune,Maharashtra,2019-04-11,2026-05-29,1,0.5,1,1,1505.52,1505.52,5418.22,Fashion,Online,Low Value,Bronze,30,Low,1,High Risk
CUST100828,Derrick Clayton,Male,41,Ahmedabad,Gujarat,2022-04-19,2026-01-29,3,0.72,6,2,1459.61,4378.83,4387.82,Home & Kitchen,Online,Low Value,Bronze,150,Medium,1,High Risk
CUST100830,Mr. Michael Williams,Female,49,Madurai,Tamil Nadu,2019-02-19,2026-04-05,14,1.91,126,9,6886.65,96413.1,96513.03,Electronics,Online,Medium Value,Silver,84,Low,1,High Risk
CUST100836,Danielle Watson,Female,33,Jaipur,Rajasthan,2022-09-04,2026-02-14,6,1.58,24,4,200.0,1200.0,1199.98,Fashion,Online,Low Value,Bronze,134,Medium,1,High Risk
CUST100847,Joseph Smith,Female,40,Nashik,Maharashtra,2021-08-07,2026-05-03,2,0.5,4,2,2525.77,5051.54,6154.51,Grocery,Offline,Low Value,Bronze,56,Low,1,High Risk
CUST100851,Paul Lawrence,Female,49,Kanpur,Uttar Pradesh,2022-11-07,2024-08-05,2,0.55,4,2,1353.52,2707.04,2696.48,Sports,Online,Low Value,Bronze,692,High,1,High Risk
CUST100853,Donald Miller,Male,45,Kolkata,West Bengal,2022-04-13,2026-06-16,2,0.5,4,2,1410.55,2821.1,2956.27,Home & Kitchen,Online,Low Value,Bronze,12,Low,1,High Risk
CUST100863,Tiffany Townsend,Male,35,Indore,Madhya Pradesh,2019-03-23,2025-11-16,14,1.93,224,16,4589.24,64249.36,64213.43,Fashion,Online,Medium Value,Silver,224,High,1,High Risk
CUST100868,Lisa Ramirez,Male,45,Chandigarh,Chandigarh,2020-12-06,2026-02-14,3,0.54,21,7,519.48,1558.44,1554.47,Electronics,Online,Low Value,Bronze,134,Medium,1,High Risk
CUST100869,Jorge Harris,Male,20,Nagpur,Maharashtra,2022-01-20,2026-04-05,4,0.91,36,9,2283.65,9134.6,9182.99,Beauty,Online,Low Value,Bronze,84,Low,1,High Risk
CUST100876,Michael Miles,Male,47,Ahmedabad,Gujarat,2019-04-09,2025-10-06,8,1.11,32,4,764.74,6117.92,6114.59,Sports,Offline,Low Value,Bronze,265,High,1,High Risk
CUST100880,Patricia Johnson,Female,34,Coimbatore,Tamil Nadu,2019-10-13,2026-01-03,9,1.35,117,13,6113.47,55021.23,55224.59,Beauty,Offline,Medium Value,Silver,176,Medium,1,High Risk
CUST100884,Holly Scott,Female,36,Vadodara,Gujarat,2019-03-03,2026-04-27,7,0.96,63,9,677.31,4741.17,4749.57,Grocery,Offline,Low Value,Bronze,62,Low,1,High Risk
CUST100891,Nathan Nelson,Female,48,Vadodara,Gujarat,2022-04-03,2025-11-03,5,1.19,40,8,1716.88,8584.4,8619.84,Grocery,Online,Low Value,Bronze,237,High,1,High Risk
CUST100892,Jake Shaw,Male,48,Surat,Gujarat,2019-11-29,2026-01-17,2,0.5,20,10,200.0,400.0,656.26,Electronics,Online,Low Value,Bronze,162,Medium,1,High Risk
CUST100893,Cassie Brock,Female,40,Guwahati,Assam,2019-03-10,2024-03-13,7,0.96,98,14,3324.33,23270.31,23250.38,Fashion,Online,Medium Value,Bronze,837,High,1,High Risk
CUST100897,Elizabeth Dean,Male,39,Mumbai,Maharashtra,2019-11-06,2025-05-03,3,0.5,24,8,723.2,2169.6,2395.82,Electronics,Offline,Low Value,Bronze,421,High,1,High Risk
CUST100907,Kelly Haynes,Female,36,Ranchi,Jharkhand,2019-04-21,2026-05-28,8,1.12,168,21,4308.39,34467.12,34600.18,Home & Kitchen,Online,Medium Value,Silver,31,Low,1,High Risk
CUST100917,Christine Parker,Male,46,Hyderabad,Telangana,2023-06-16,2025-11-25,6,1.99,24,4,496.69,2980.14,2982.15,Electronics,Online,Low Value,Bronze,215,High,1,High Risk
CUST100918,Bryan Moore,Male,41,Kanpur,Uttar Pradesh,2021-04-27,2026-03-30,1,0.5,4,4,1938.56,1938.56,4994.35,Home & Kitchen,Online,Low Value,Bronze,90,Low,1,High Risk
CUST100920,Russell Murphy,Male,23,Kanpur,Uttar Pradesh,2021-10-20,2026-06-01,5,1.07,30,6,1477.48,7387.4,7384.04,Grocery,Offline,Low Value,Bronze,27,Low,1,High Risk
CUST100922,Megan Green,Male,32,Kochi,Kerala,2019-11-29,2025-12-15,2,0.5,10,5,352.46,704.92,1156.53,Home & Kitchen,Online,Low Value,Bronze,195,High,1,High Risk
CUST100923,Amanda Sullivan MD,Female,30,Ahmedabad,Gujarat,2022-03-29,2026-05-17,3,0.71,18,6,539.73,1619.19,1622.01,Fashion,Offline,Low Value,Bronze,42,Low,1,High Risk
CUST100931,Sandra Rivera,Female,20,Ranchi,Jharkhand,2019-05-20,2021-04-14,10,1.41,40,4,1515.94,15159.4,15156.91,Beauty,Online,Medium Value,Bronze,1901,High,1,High Risk
CUST100932,Joel Jackson,Female,23,Delhi,Delhi,2019-02-11,2026-03-24,12,1.63,48,4,774.34,9292.08,9288.77,Beauty,Offline,Low Value,Bronze,96,Medium,1,High Risk
CUST100937,Edward Jenkins,Female,41,Bengaluru,Karnataka,2023-05-20,2025-01-04,1,0.5,9,9,1082.16,1082.16,1672.5,Beauty,Online,Low Value,Bronze,540,High,1,High Risk
CUST100940,Lydia Pham,Male,18,Vadodara,Gujarat,2020-06-13,2025-12-24,5,0.83,75,15,5634.29,28171.45,28167.59,Beauty,Online,Medium Value,Bronze,186,High,1,High Risk
CUST100943,Kathryn Price,Female,31,Mumbai,Maharashtra,2019-04-18,2026-05-06,4,0.56,32,8,1095.09,4380.36,4402.31,Sports,Offline,Low Value,Bronze,53,Low,1,High Risk
CUST100947,Ariel Sandoval,Female,55,Jaipur,Rajasthan,2022-06-08,2026-05-14,4,0.99,24,6,515.83,2063.32,2062.26,Fashion,Online,Low Value,Bronze,45,Low,1,High Risk
CUST100948,Robert Stark,Male,24,Bhopal,Madhya Pradesh,2020-10-31,2026-04-11,3,0.53,15,5,949.69,2849.07,2838.8,Sports,Offline,Low Value,Bronze,78,Low,1,High Risk
CUST100953,Alyssa Haynes,Female,43,Nagpur,Maharashtra,2019-05-24,2025-11-21,4,0.56,24,6,656.08,2624.32,2601.26,Home & Kitchen,Online,Low Value,Bronze,219,High,1,High Risk
CUST100959,Mitchell Sellers,Male,52,Visakhapatnam,Andhra Pradesh,2023-05-25,2025-10-28,6,1.95,24,4,1026.49,6158.94,6159.78,Sports,Online,Low Value,Bronze,243,High,1,High Risk
CUST100966,Marie Thompson,Male,35,Vadodara,Gujarat,2022-03-07,2025-10-17,5,1.16,20,4,1439.59,7197.95,7168.9,Fashion,Online,Low Value,Bronze,254,High,1,High Risk
CUST100971,Jenna Gamble,Male,29,Bengaluru,Karnataka,2024-03-14,2024-10-10,2,0.88,2,1,1181.99,2363.98,2363.66,Grocery,Online,Low Value,Bronze,626,High,1,High Risk
CUST100972,Amanda Guzman,Female,26,Coimbatore,Tamil Nadu,2023-05-21,2024-06-26,2,0.65,24,12,200.0,400.0,401.48,Sports,Offline,Low Value,Bronze,732,High,1,High Risk
CUST100981,Stacey Snyder,Female,47,Indore,Madhya Pradesh,2019-05-13,2025-08-14,1,0.5,6,6,1074.06,1074.06,3818.39,Sports,Offline,Low Value,Bronze,318,High,1,High Risk
CUST100984,Carla Jones,Female,42,Vadodara,Gujarat,2019-11-01,2025-06-30,4,0.6,8,2,200.0,800.0,796.71,Grocery,Online,Low Value,Bronze,363,High,1,High Risk
CUST100987,Nicholas Payne,Male,25,Bengaluru,Karnataka,2022-09-15,2025-04-23,7,1.86,77,11,4001.59,28011.13,28039.72,Electronics,Online,Medium Value,Bronze,431,High,1,High Risk
CUST100990,Carmen Preston,Female,32,Madurai,Tamil Nadu,2022-09-25,2024-07-08,2,0.53,12,6,334.96,669.92,663.94,Sports,Online,Low Value,Bronze,720,High,1,High Risk
CUST100996,Edward Stanley,Male,36,Mumbai,Maharashtra,2022-01-10,2026-05-08,1,0.5,4,4,1079.28,1079.28,2399.38,Beauty,Online,Low Value,Bronze,51,Low,1,High Risk
CUST100998,Edgar Miller,Male,28,Ahmedabad,Gujarat,2023-09-26,2025-10-29,5,1.83,35,7,800.19,4000.95,4009.17,Home & Kitchen,Online,Low Value,Bronze,242,High,1,High Risk
CUST101002,Dennis Marshall,Female,28,Madurai,Tamil Nadu,2019-11-19,2025-07-22,4,0.61,4,1,200.0,800.0,803.98,Electronics,Online,Low Value,Bronze,341,High,1,High Risk
CUST101003,Derrick Brown,Male,43,Visakhapatnam,Andhra Pradesh,2020-07-11,2025-06-30,1,0.5,4,4,915.59,915.59,2722.33,Sports,Online,Low Value,Bronze,363,High,1,High Risk
CUST101004,Mary Miller,Male,39,Ranchi,Jharkhand,2023-07-28,2023-10-30,5,1.72,50,10,603.33,3016.65,3011.61,Beauty,Online,Low Value,Bronze,972,High,1,High Risk
CUST101007,Jennifer Nichols,Female,51,Guwahati,Assam,2021-05-08,2024-03-25,3,0.59,15,5,1105.63,3316.89,3341.53,Electronics,Online,Low Value,Bronze,825,High,1,High Risk
CUST101008,Karen Keith,Male,37,Kanpur,Uttar Pradesh,2020-11-24,2026-05-07,11,1.97,77,7,5115.21,56267.31,56171.66,Beauty,Online,Medium Value,Silver,52,Low,1,High Risk
CUST101011,Megan Oliver,Female,36,Ahmedabad,Gujarat,2019-04-29,2025-12-16,3,0.5,3,1,229.46,688.38,820.15,Home & Kitchen,Offline,Low Value,Bronze,194,High,1,High Risk
CUST101012,Peter Thompson,Male,31,Chandigarh,Chandigarh,2024-03-15,2026-04-06,1,0.5,2,2,1557.47,1557.47,1767.48,Sports,Offline,Low Value,Bronze,83,Low,1,High Risk
CUST101014,William Graham,Male,26,Lucknow,Uttar Pradesh,2024-04-13,2024-04-13,2,0.91,8,4,1137.71,2275.42,2267.63,Beauty,Offline,Low Value,Bronze,806,High,1,High Risk
CUST101018,Jimmy Marks,Female,32,Bhopal,Madhya Pradesh,2021-09-09,2024-07-02,2,0.5,8,4,1443.56,2887.12,3452.29,Beauty,Online,Low Value,Bronze,726,High,1,High Risk
CUST101024,James Washington,Male,32,Visakhapatnam,Andhra Pradesh,2020-10-22,2025-09-18,4,0.71,20,5,868.09,3472.36,3491.35,Home & Kitchen,Offline,Low Value,Bronze,283,High,1,High Risk
CUST101026,Lee Steele,Female,50,Ranchi,Jharkhand,2024-04-08,2025-10-01,1,0.5,6,6,1857.44,1857.44,2046.87,Beauty,Offline,Low Value,Bronze,270,High,1,High Risk
CUST101027,Steve Rivera,Female,29,Visakhapatnam,Andhra Pradesh,2020-07-14,2026-02-24,2,0.5,14,7,1807.33,3614.66,5366.32,Home & Kitchen,Online,Low Value,Bronze,124,Medium,1,High Risk
CUST101029,Alicia Roth,Male,56,Coimbatore,Tamil Nadu,2021-01-12,2026-06-10,1,0.5,1,1,691.14,691.14,1879.94,Beauty,Online,Low Value,Bronze,18,Low,1,High Risk
CUST101037,Eric Hunter,Male,47,Ahmedabad,Gujarat,2020-10-12,2025-08-10,5,0.88,45,9,1619.61,8098.05,8112.55,Electronics,Online,Low Value,Bronze,322,High,1,High Risk
CUST101041,Michele Hill,Female,28,Bhopal,Madhya Pradesh,2023-09-20,2026-05-02,3,1.09,12,4,500.14,1500.42,1501.5,Fashion,Offline,Low Value,Bronze,57,Low,1,High Risk
CUST101044,Cassandra Harrell,Male,35,Bhopal,Madhya Pradesh,2022-11-14,2025-11-20,3,0.83,3,1,399.25,1197.75,1193.96,Fashion,Offline,Low Value,Bronze,220,High,1,High Risk
CUST101045,Hannah Martin,Other,33,Guwahati,Assam,2020-06-12,2026-04-15,11,1.83,209,19,5584.87,61433.57,61587.7,Sports,Online,Medium Value,Silver,74,Low,1,High Risk
CUST101048,Traci Vincent,Male,24,Kanpur,Uttar Pradesh,2023-05-14,2024-09-14,2,0.64,22,11,759.44,1518.88,1510.36,Fashion,Offline,Low Value,Bronze,652,High,1,High Risk
CUST101050,Alejandro Deleon,Female,62,Jaipur,Rajasthan,2022-09-30,2025-07-02,7,1.88,42,6,200.0,1400.0,1401.06,Electronics,Online,Low Value,Bronze,361,High,1,High Risk
CUST101053,Robert Torres,Male,50,Kolkata,West Bengal,2021-12-16,2025-09-17,2,0.5,16,8,824.71,1649.42,1861.67,Grocery,Online,Low Value,Bronze,284,High,1,High Risk
CUST101054,Maria Coleman,Male,18,Nashik,Maharashtra,2020-12-10,2026-01-01,1,0.5,7,7,1297.6,1297.6,3588.16,Home & Kitchen,Offline,Low Value,Bronze,178,Medium,1,High Risk
CUST101056,Michael Holloway,Female,18,Mumbai,Maharashtra,2023-01-28,2025-10-11,6,1.77,36,6,791.41,4748.46,4759.45,Home & Kitchen,Online,Low Value,Bronze,260,High,1,High Risk
CUST101060,Arthur Mcneil,Male,31,Madurai,Tamil Nadu,2019-02-24,2025-11-20,2,0.5,12,6,3165.22,6330.44,11590.64,Beauty,Offline,Low Value,Bronze,220,High,1,High Risk
CUST101061,Shannon Green,Female,23,Pune,Maharashtra,2021-04-06,2026-03-03,7,1.34,35,5,2215.55,15508.85,15468.03,Home & Kitchen,Online,Medium Value,Bronze,117,Medium,1,High Risk
CUST101063,Ralph Yoder,Female,35,Lucknow,Uttar Pradesh,2019-04-17,2026-06-02,14,1.95,112,8,8973.24,125625.36,125658.53,Grocery,Online,Medium Value,Gold,26,Low,1,High Risk
CUST101074,Catherine Frazier,Male,19,Kolkata,West Bengal,2021-12-14,2025-08-10,8,1.77,48,6,1842.32,14738.56,14739.92,Fashion,Online,Medium Value,Bronze,322,High,1,High Risk
CUST101079,Terry Jones,Male,47,Madurai,Tamil Nadu,2019-02-27,2026-05-16,4,0.55,24,6,1245.91,4983.64,5012.98,Sports,Offline,Low Value,Bronze,43,Low,1,High Risk
CUST101080,Kathryn Dillon,Female,29,Guwahati,Assam,2019-12-24,2025-06-09,3,0.5,15,5,1369.71,4109.13,4447.57,Electronics,Online,Low Value,Bronze,384,High,1,High Risk
CUST101083,Keith Knox,Female,51,Jaipur,Rajasthan,2019-01-31,2024-03-23,3,0.5,27,9,2085.87,6257.61,7706.73,Grocery,Online,Low Value,Bronze,827,High,1,High Risk
CUST101084,Eugene Baldwin,Female,28,Bhopal,Madhya Pradesh,2020-11-15,2025-10-12,3,0.54,12,4,1077.25,3231.75,3256.97,Beauty,Offline,Low Value,Bronze,259,High,1,High Risk
CUST101088,Katherine Gallagher,Male,33,Guwahati,Assam,2021-08-18,2025-08-17,1,0.5,5,5,760.78,760.78,1842.33,Grocery,Online,Low Value,Bronze,315,High,1,High Risk
CUST101103,Jacob Santos,Female,43,Coimbatore,Tamil Nadu,2023-06-22,2025-10-22,5,1.67,40,8,2145.7,10728.5,10752.41,Fashion,Online,Low Value,Bronze,249,High,1,High Risk
CUST101104,Shawn Scott,Female,30,Delhi,Delhi,2021-04-14,2025-03-13,3,0.58,6,2,1274.26,3822.78,3834.47,Electronics,Online,Low Value,Bronze,472,High,1,High Risk
CUST101107,Jennifer James,Male,25,Visakhapatnam,Andhra Pradesh,2019-01-19,2025-05-27,3,0.5,12,4,1977.8,5933.4,7339.93,Sports,Online,Low Value,Bronze,397,High,1,High Risk
CUST101108,Kara Hernandez,Male,36,Jaipur,Rajasthan,2019-05-27,2026-04-17,14,1.98,70,5,4180.13,58521.82,58531.43,Grocery,Online,Medium Value,Silver,72,Low,1,High Risk
CUST101117,Erin Smith,Male,47,Bengaluru,Karnataka,2021-12-27,2025-10-25,8,1.78,64,8,1034.34,8274.72,8256.71,Fashion,Online,Low Value,Bronze,246,High,1,High Risk
CUST101118,Susan Conley,Male,34,Delhi,Delhi,2022-08-24,2026-05-23,5,1.31,20,4,2217.32,11086.6,11117.74,Sports,Online,Low Value,Bronze,36,Low,1,High Risk
CUST101121,David Hinton,Male,35,Madurai,Tamil Nadu,2023-09-10,2026-06-04,5,1.8,50,10,851.84,4259.2,4265.15,Home & Kitchen,Offline,Low Value,Bronze,24,Low,1,High Risk
CUST101122,John Garcia,Male,45,Kolkata,West Bengal,2023-04-29,2026-05-06,1,0.5,10,10,200.0,200.0,314.85,Electronics,Online,Low Value,Bronze,53,Low,1,High Risk
CUST101123,Andrew Roberts,Female,27,Pune,Maharashtra,2019-01-08,2026-03-20,6,0.81,36,6,1502.37,9014.22,9069.01,Electronics,Offline,Low Value,Bronze,100,Medium,1,High Risk
CUST101125,Peter Williams,Female,33,Surat,Gujarat,2021-03-22,2025-12-13,8,1.52,80,10,8555.64,68445.12,68289.58,Grocery,Offline,Medium Value,Silver,197,High,1,High Risk
CUST101130,James Jefferson,Male,23,Coimbatore,Tamil Nadu,2022-09-27,2025-06-22,4,1.07,12,3,1091.25,4365.0,4360.46,Home & Kitchen,Offline,Low Value,Bronze,371,High,1,High Risk
CUST101136,Michael Roberson,Male,44,Chandigarh,Chandigarh,2022-12-26,2023-02-07,1,0.5,2,2,2505.71,2505.71,4369.99,Sports,Online,Low Value,Bronze,1237,High,1,High Risk
CUST101140,Patricia Ray,Female,42,Guwahati,Assam,2022-11-15,2024-11-25,6,1.67,48,8,2953.98,17723.88,17760.68,Home & Kitchen,Online,Medium Value,Bronze,580,High,1,High Risk
CUST101144,Michael Cruz,Male,25,Madurai,Tamil Nadu,2020-08-31,2026-05-10,11,1.89,33,3,200.0,2200.0,2195.04,Beauty,Offline,Low Value,Bronze,49,Low,1,High Risk
CUST101145,Kristin Huerta,Male,44,Pune,Maharashtra,2023-08-31,2025-09-19,5,1.78,30,6,1877.72,9388.6,9388.75,Fashion,Offline,Low Value,Bronze,282,High,1,High Risk
CUST101147,Sarah Booth,Male,39,Jaipur,Rajasthan,2022-05-10,2026-01-15,8,1.94,112,14,4310.71,34485.68,34435.64,Beauty,Online,Medium Value,Silver,164,Medium,1,High Risk
CUST101148,John Allen,Female,46,Guwahati,Assam,2023-02-02,2026-04-23,3,0.89,21,7,3003.84,9011.52,9046.8,Electronics,Offline,Low Value,Bronze,66,Low,1,High Risk
CUST101149,Amber Walker,Male,37,Visakhapatnam,Andhra Pradesh,2024-01-02,2025-05-17,2,0.81,18,9,1214.02,2428.04,2428.44,Grocery,Online,Low Value,Bronze,407,High,1,High Risk
CUST101150,Jennifer Young,Male,25,Kanpur,Uttar Pradesh,2021-10-31,2025-01-06,3,0.65,15,5,726.84,2180.52,2192.46,Electronics,Online,Low Value,Bronze,538,High,1,High Risk
CUST101155,Lisa Torres,Female,48,Kochi,Kerala,2022-05-20,2025-10-13,8,1.96,72,9,1568.61,12548.88,12575.68,Home & Kitchen,Online,Low Value,Bronze,258,High,1,High Risk
CUST101157,Heidi Brown,Female,49,Madurai,Tamil Nadu,2019-09-10,2025-08-19,4,0.59,20,5,1402.95,5611.8,5613.45,Sports,Offline,Low Value,Bronze,313,High,1,High Risk
CUST101158,Jesse Castro,Female,53,Kanpur,Uttar Pradesh,2022-04-24,2026-04-19,4,0.96,12,3,1481.86,5927.44,5920.14,Sports,Online,Low Value,Bronze,70,Low,1,High Risk
CUST101160,Ashley Malone,Female,31,Coimbatore,Tamil Nadu,2021-10-13,2025-11-01,3,0.64,30,10,1332.55,3997.65,3999.73,Sports,Online,Low Value,Bronze,239,High,1,High Risk
CUST101163,Amber Martin,Female,49,Chennai,Tamil Nadu,2024-04-10,2025-02-04,3,1.36,9,3,552.81,1658.43,1652.88,Home & Kitchen,Online,Low Value,Bronze,509,High,1,High Risk
CUST101165,Levi Lopez,Male,54,Jaipur,Rajasthan,2019-10-30,2026-05-29,6,0.9,6,1,1559.77,9358.62,9327.87,Beauty,Offline,Low Value,Bronze,30,Low,1,High Risk
CUST101171,Mr. Anthony Mcconnell PhD,Male,46,Nashik,Maharashtra,2019-12-13,2025-03-14,3,0.5,15,5,239.87,719.61,782.49,Electronics,Online,Low Value,Bronze,471,High,1,High Risk
CUST101176,Pamela Hill,Male,30,Coimbatore,Tamil Nadu,2022-07-31,2025-11-07,6,1.54,6,1,732.28,4393.68,4390.43,Fashion,Online,Low Value,Bronze,233,High,1,High Risk
CUST101178,Jason Graves,Male,48,Pune,Maharashtra,2020-10-22,2026-03-09,4,0.71,32,8,409.73,1638.92,1647.88,Beauty,Offline,Low Value,Bronze,111,Medium,1,High Risk
CUST101183,Miss Tina Gordon,Female,32,Bengaluru,Karnataka,2019-02-26,2026-06-20,1,0.5,9,9,959.68,959.68,3511.6,Grocery,Online,Low Value,Bronze,8,Low,1,High Risk
CUST101185,John Duncan,Female,28,Mumbai,Maharashtra,2019-02-04,2026-05-04,12,1.63,60,5,1521.47,18257.64,18298.67,Electronics,Online,Medium Value,Bronze,55,Low,1,High Risk
CUST101189,Michael Gonzalez,Male,50,Ranchi,Jharkhand,2021-08-19,2024-12-14,2,0.5,6,3,1546.92,3093.84,3743.95,Beauty,Offline,Low Value,Bronze,561,High,1,High Risk
CUST101195,Cynthia Mueller,Female,46,Chennai,Tamil Nadu,2022-02-21,2025-10-10,4,0.92,36,9,744.88,2979.52,2968.18,Beauty,Offline,Low Value,Bronze,261,High,1,High Risk
CUST101197,Jasmine Frye,Male,40,Ahmedabad,Gujarat,2023-11-28,2026-02-07,1,0.5,5,5,200.0,200.0,256.54,Home & Kitchen,Offline,Low Value,Bronze,141,Medium,1,High Risk
CUST101200,Sheila Greer,Male,38,Chennai,Tamil Nadu,2020-06-30,2025-06-16,1,0.5,2,2,998.65,998.65,2984.33,Beauty,Online,Low Value,Bronze,377,High,1,High Risk
CUST101205,Jose Bennett,Male,24,Guwahati,Assam,2020-01-10,2026-02-11,8,1.24,72,9,1387.39,11099.12,11092.28,Grocery,Offline,Low Value,Bronze,137,Medium,1,High Risk
CUST101209,Anthony Randolph,Male,36,Surat,Gujarat,2019-01-31,2023-11-27,9,1.22,18,2,492.94,4436.46,4443.92,Sports,Online,Low Value,Bronze,944,High,1,High Risk
CUST101213,Jonathan Perry,Male,26,Chennai,Tamil Nadu,2020-11-23,2025-12-25,4,0.72,12,3,200.0,800.0,803.09,Sports,Offline,Low Value,Bronze,185,High,1,High Risk
CUST101215,Gary Ward,Female,43,Hyderabad,Telangana,2019-08-02,2025-10-27,13,1.89,234,18,2207.83,28701.79,28744.04,Home & Kitchen,Offline,Medium Value,Bronze,244,High,1,High Risk
CUST101223,Robert Griffin,Female,44,Vadodara,Gujarat,2019-10-20,2026-02-01,4,0.6,16,4,1371.33,5485.32,5489.83,Sports,Online,Low Value,Bronze,147,Medium,1,High Risk
CUST101228,Jessica Garcia,Male,45,Chandigarh,Chandigarh,2022-01-03,2026-05-02,6,1.34,6,1,1241.48,7448.88,7428.62,Home & Kitchen,Online,Low Value,Bronze,57,Low,1,High Risk
CUST101230,Maria Case,Female,42,Vadodara,Gujarat,2021-12-12,2024-12-13,4,0.88,12,3,907.4,3629.6,3613.8,Electronics,Online,Low Value,Bronze,562,High,1,High Risk
CUST101236,Kimberly May,Male,36,Lucknow,Uttar Pradesh,2019-01-19,2023-04-09,5,0.67,30,6,232.6,1163.0,1156.71,Sports,Online,Low Value,Bronze,1176,High,1,High Risk
CUST101238,Angel Reilly,Male,59,Madurai,Tamil Nadu,2022-04-19,2024-11-26,6,1.44,54,9,1061.9,6371.4,6384.48,Grocery,Offline,Low Value,Bronze,579,High,1,High Risk
CUST101240,Preston Kim,Male,26,Kolkata,West Bengal,2021-11-02,2026-02-22,3,0.65,24,8,1037.0,3111.0,3124.34,Fashion,Online,Low Value,Bronze,126,Medium,1,High Risk
CUST101241,Matthew Wells,Male,28,Kochi,Kerala,2020-02-13,2024-12-03,7,1.1,14,2,1113.69,7795.83,7784.7,Electronics,Offline,Low Value,Bronze,572,High,1,High Risk
CUST101242,Brandy Myers,Male,32,Patna,Bihar,2023-11-19,2026-04-03,5,1.93,45,9,1762.3,8811.5,8809.23,Beauty,Online,Low Value,Bronze,86,Low,1,High Risk
CUST101244,Michael Sloan,Male,50,Kolkata,West Bengal,2020-10-24,2026-03-17,6,1.06,48,8,1241.13,7446.78,7445.15,Grocery,Offline,Low Value,Bronze,103,Medium,1,High Risk
CUST101248,Theresa Torres,Female,38,Kolkata,West Bengal,2021-03-09,2026-04-25,1,0.5,2,2,616.09,616.09,1628.57,Beauty,Offline,Low Value,Bronze,64,Low,1,High Risk
CUST101261,David Walker,Male,25,Patna,Bihar,2022-11-26,2026-01-06,4,1.12,12,3,537.81,2151.24,2150.47,Fashion,Offline,Low Value,Bronze,173,Medium,1,High Risk
CUST101271,Kimberly Lutz,Male,45,Chennai,Tamil Nadu,2022-04-11,2025-07-02,3,0.71,9,3,1511.01,4533.03,4502.75,Fashion,Online,Low Value,Bronze,361,High,1,High Risk
CUST101272,Reginald Diaz,Female,51,Ahmedabad,Gujarat,2021-01-19,2025-10-10,3,0.55,9,3,1148.02,3444.06,3422.84,Fashion,Offline,Low Value,Bronze,261,High,1,High Risk
CUST101277,Jose Griffin,Female,41,Nashik,Maharashtra,2020-03-03,2026-03-16,2,0.5,20,10,2145.76,4291.52,6761.86,Sports,Offline,Low Value,Bronze,104,Medium,1,High Risk
CUST101281,Jacob Williams,Male,42,Nashik,Maharashtra,2021-06-28,2022-12-14,2,0.5,10,5,1335.01,2670.02,3326.1,Home & Kitchen,Online,Low Value,Bronze,1292,High,1,High Risk
CUST101282,Terry Ward,Male,48,Bengaluru,Karnataka,2022-07-23,2026-04-24,7,1.79,84,12,3366.96,23568.72,23595.91,Home & Kitchen,Online,Medium Value,Bronze,65,Low,1,High Risk
CUST101294,Robert Cortez,Male,29,Kolkata,West Bengal,2021-06-22,2025-05-27,2,0.5,10,5,1516.08,3032.16,3789.68,Sports,Online,Low Value,Bronze,397,High,1,High Risk
CUST101299,Christopher Mullen,Male,46,Visakhapatnam,Andhra Pradesh,2021-04-27,2026-04-30,1,0.5,2,2,1899.95,1899.95,4894.87,Electronics,Online,Low Value,Bronze,59,Low,1,High Risk
CUST101304,Rebecca Hoover,Male,61,Vadodara,Gujarat,2020-03-19,2026-01-09,2,0.5,8,4,527.83,1055.66,1651.77,Sports,Online,Low Value,Bronze,170,Medium,1,High Risk
CUST101305,Matthew Baker,Male,28,Madurai,Tamil Nadu,2022-06-17,2026-01-09,1,0.5,3,3,941.03,941.03,1888.5,Home & Kitchen,Online,Low Value,Bronze,170,Medium,1,High Risk
CUST101306,Grace Chavez,Female,33,Nashik,Maharashtra,2019-10-10,2026-05-04,2,0.5,16,8,452.52,905.04,1515.83,Fashion,Offline,Low Value,Bronze,55,Low,1,High Risk
CUST101309,Jennifer Hernandez,Other,38,Ranchi,Jharkhand,2019-09-19,2026-06-03,4,0.59,28,7,1220.19,4880.76,4864.46,Beauty,Online,Low Value,Bronze,25,Low,1,High Risk
CUST101311,Richard Gordon,Female,51,Nagpur,Maharashtra,2019-03-13,2026-04-11,7,0.96,49,7,409.91,2869.37,2863.68,Home & Kitchen,Online,Low Value,Bronze,78,Low,1,High Risk
CUST101317,Kevin Figueroa,Female,58,Bengaluru,Karnataka,2021-08-18,2026-04-27,2,0.5,16,8,1247.4,2494.8,3020.74,Sports,Online,Low Value,Bronze,62,Low,1,High Risk
CUST101322,Laura Wilson,Male,42,Coimbatore,Tamil Nadu,2019-02-09,2026-03-15,8,1.09,64,8,881.04,7048.32,7072.68,Electronics,Offline,Low Value,Bronze,105,Medium,1,High Risk
CUST101331,Mary Adkins,Male,31,Pune,Maharashtra,2021-05-28,2023-05-05,2,0.5,8,4,1353.97,2707.94,3430.8,Beauty,Online,Low Value,Bronze,1150,High,1,High Risk
CUST101333,James Morgan,Male,43,Indore,Madhya Pradesh,2023-02-23,2026-03-28,3,0.9,9,3,2012.95,6038.85,6026.45,Sports,Offline,Low Value,Bronze,92,Medium,1,High Risk
CUST101342,Regina Mitchell,Female,18,Delhi,Delhi,2020-11-01,2025-07-09,5,0.89,25,5,1572.85,7864.25,7891.21,Electronics,Online,Low Value,Bronze,354,High,1,High Risk
CUST101343,Kyle Black,Male,57,Vadodara,Gujarat,2019-12-08,2025-09-20,9,1.38,54,6,1241.7,11175.3,11203.14,Grocery,Online,Low Value,Bronze,281,High,1,High Risk
CUST101346,Penny Gomez MD,Female,30,Madurai,Tamil Nadu,2020-10-29,2026-02-27,7,1.24,49,7,2599.7,18197.9,18198.83,Beauty,Online,Medium Value,Bronze,121,Medium,1,High Risk
CUST101350,Destiny Obrien,Female,18,Bhopal,Madhya Pradesh,2023-05-30,2026-06-17,6,1.96,18,3,1362.76,8176.56,8183.05,Sports,Online,Low Value,Bronze,11,Low,1,High Risk
CUST101353,Edward Arroyo,Female,47,Surat,Gujarat,2020-05-16,2025-11-01,2,0.5,12,6,876.32,1752.64,2672.75,Beauty,Online,Low Value,Bronze,239,High,1,High Risk
CUST101356,Kristine Carrillo,Male,57,Nashik,Maharashtra,2022-07-06,2026-06-09,1,0.5,10,10,1103.48,1103.48,2185.81,Home & Kitchen,Offline,Low Value,Bronze,19,Low,1,High Risk
CUST101357,Tonya Ellis,Male,27,Bhopal,Madhya Pradesh,2021-02-03,2026-02-13,8,1.49,8,1,3915.93,31327.44,31390.16,Electronics,Online,Medium Value,Bronze,135,Medium,1,High Risk
CUST101360,Megan Hall MD,Female,31,Pune,Maharashtra,2020-06-13,2025-05-05,6,1.0,30,5,1328.06,7968.36,7999.27,Sports,Offline,Low Value,Bronze,419,High,1,High Risk
CUST101364,Karen Gomez,Male,57,Bengaluru,Karnataka,2023-03-09,2025-06-10,1,0.5,4,4,775.7,775.7,1275.31,Sports,Online,Low Value,Bronze,383,High,1,High Risk
CUST101366,Susan Porter,Female,35,Lucknow,Uttar Pradesh,2020-04-25,2024-10-01,1,0.5,9,9,1496.45,1496.45,4607.14,Electronics,Offline,Low Value,Bronze,635,High,1,High Risk
CUST101367,Nicolas Salas,Male,70,Visakhapatnam,Andhra Pradesh,2021-06-20,2024-05-25,6,1.2,36,6,1522.8,9136.8,9145.56,Beauty,Online,Low Value,Bronze,764,High,1,High Risk
CUST101370,Megan Alvarado,Female,56,Vadodara,Gujarat,2021-09-13,2021-09-13,6,1.26,30,5,1057.37,6344.22,6357.77,Home & Kitchen,Online,Low Value,Bronze,1749,High,1,High Risk
CUST101372,John Oliver,Male,45,Nashik,Maharashtra,2021-05-21,2025-07-22,3,0.59,18,6,1433.71,4301.13,4302.97,Grocery,Online,Low Value,Bronze,341,High,1,High Risk
CUST101375,Kenneth Brown,Male,44,Lucknow,Uttar Pradesh,2023-05-23,2025-05-10,3,0.97,24,8,1679.22,5037.66,5021.43,Fashion,Online,Low Value,Bronze,414,High,1,High Risk
CUST101382,John Austin,Male,28,Lucknow,Uttar Pradesh,2022-04-08,2025-11-09,4,0.95,48,12,1973.96,7895.84,7886.11,Beauty,Online,Low Value,Bronze,231,High,1,High Risk
CUST101386,Crystal Garcia,Female,39,Bhopal,Madhya Pradesh,2019-08-25,2026-04-13,6,0.88,24,4,200.0,1200.0,1201.28,Grocery,Online,Low Value,Bronze,76,Low,1,High Risk
CUST101388,Charles Haley,Male,24,Kochi,Kerala,2023-09-05,2026-01-13,5,1.79,20,4,1220.06,6100.3,6104.78,Sports,Online,Low Value,Bronze,166,Medium,1,High Risk
CUST101395,Justin Frederick,Female,38,Surat,Gujarat,2022-03-08,2026-04-05,5,1.17,5,1,1992.6,9963.0,10001.95,Grocery,Online,Low Value,Bronze,84,Low,1,High Risk
CUST101399,Heather Nunez,Male,40,Kanpur,Uttar Pradesh,2021-01-25,2026-02-10,1,0.5,3,3,531.51,531.51,1436.28,Home & Kitchen,Online,Low Value,Bronze,138,Medium,1,High Risk
CUST101403,Laura Sweeney,Female,18,Chandigarh,Chandigarh,2019-02-22,2026-05-17,6,0.82,48,8,1313.42,7880.52,7893.61,Grocery,Offline,Low Value,Bronze,42,Low,1,High Risk
CUST101406,Denise Wallace,Male,36,Coimbatore,Tamil Nadu,2020-07-17,2026-03-02,7,1.18,21,3,804.84,5633.88,5631.96,Home & Kitchen,Offline,Low Value,Bronze,118,Medium,1,High Risk
CUST101419,Kimberly Nelson,Female,52,Ranchi,Jharkhand,2019-02-24,2026-02-11,5,0.68,25,5,1714.9,8574.5,8540.46,Beauty,Online,Low Value,Bronze,137,Medium,1,High Risk
CUST101420,Wayne Wolfe,Female,28,Ranchi,Jharkhand,2022-04-16,2026-06-19,5,1.2,50,10,4603.04,23015.2,23107.83,Fashion,Offline,Medium Value,Bronze,9,Low,1,High Risk
CUST101425,David Torres,Female,70,Pune,Maharashtra,2020-08-17,2024-06-04,11,1.88,44,4,1377.74,15155.14,15140.24,Beauty,Offline,Medium Value,Bronze,754,High,1,High Risk
CUST101427,John Smith,Male,42,Chennai,Tamil Nadu,2019-03-23,2026-01-01,3,0.5,21,7,200.0,600.0,724.98,Home & Kitchen,Offline,Low Value,Bronze,178,Medium,1,High Risk
CUST101429,Jeffrey Carter,Female,44,Lucknow,Uttar Pradesh,2020-04-01,2025-10-22,9,1.45,45,5,502.0,4518.0,4529.82,Home & Kitchen,Online,Low Value,Bronze,249,High,1,High Risk
CUST101437,Catherine Roberts,Female,41,Kolkata,West Bengal,2022-09-24,2026-03-11,3,0.8,15,5,2174.39,6523.17,6510.37,Sports,Offline,Low Value,Bronze,109,Medium,1,High Risk
CUST101438,Lisa Nelson,Female,55,Lucknow,Uttar Pradesh,2020-07-07,2026-06-21,5,0.84,60,12,4654.93,23274.65,23294.91,Home & Kitchen,Offline,Medium Value,Bronze,7,Low,1,High Risk
CUST101439,Chelsea Smith,Female,43,Kolkata,West Bengal,2022-08-22,2024-10-23,5,1.3,65,13,5316.73,26583.65,26492.67,Fashion,Online,Medium Value,Bronze,613,High,1,High Risk
CUST101440,Joseph Lopez,Male,33,Madurai,Tamil Nadu,2019-03-18,2026-02-12,1,0.5,1,1,1555.16,1555.16,5647.97,Electronics,Online,Low Value,Bronze,136,Medium,1,High Risk
CUST101444,Mrs. Raven Rivera DVM,Female,34,Bhopal,Madhya Pradesh,2023-10-31,2025-03-22,5,1.89,30,6,364.92,1824.6,1822.2,Fashion,Offline,Low Value,Bronze,463,High,1,High Risk
CUST101447,Ruth Clayton,Female,23,Bhopal,Madhya Pradesh,2019-04-10,2025-03-13,9,1.25,117,13,1359.23,12233.07,12234.0,Home & Kitchen,Offline,Low Value,Bronze,472,High,1,High Risk
CUST101448,Randy Wright,Male,39,Vadodara,Gujarat,2020-02-25,2025-04-20,3,0.5,24,8,1517.04,4551.12,4795.13,Sports,Online,Low Value,Bronze,434,High,1,High Risk
CUST101452,Emily Morris,Male,43,Hyderabad,Telangana,2019-06-28,2025-11-26,4,0.57,12,3,425.75,1703.0,1694.92,Sports,Offline,Low Value,Bronze,214,High,1,High Risk
CUST101455,Stephen Boyer,Female,26,Indore,Madhya Pradesh,2021-09-05,2025-10-20,4,0.83,52,13,1144.61,4578.44,4554.4,Electronics,Offline,Low Value,Bronze,251,High,1,High Risk
CUST101464,Beth Hall,Female,49,Chennai,Tamil Nadu,2022-02-21,2026-04-08,1,0.5,5,5,1519.8,1519.8,3291.34,Sports,Online,Low Value,Bronze,81,Low,1,High Risk
CUST101469,Cody Bailey,Male,53,Ahmedabad,Gujarat,2022-01-24,2025-09-18,8,1.81,16,2,1785.99,14287.92,14249.29,Beauty,Offline,Low Value,Bronze,283,High,1,High Risk
CUST101471,Kristen Jones,Male,40,Kanpur,Uttar Pradesh,2021-04-14,2026-06-02,8,1.54,24,3,1869.26,14954.08,14935.14,Grocery,Online,Medium Value,Bronze,26,Low,1,High Risk
CUST101472,Edward Baker,Male,38,Lucknow,Uttar Pradesh,2022-07-31,2026-04-24,1,0.5,6,6,767.12,767.12,1493.28,Electronics,Online,Low Value,Bronze,65,Low,1,High Risk
CUST101474,Cody Smith,Male,29,Lucknow,Uttar Pradesh,2020-08-03,2026-06-19,10,1.7,40,4,2927.85,29278.5,29284.91,Home & Kitchen,Online,Medium Value,Bronze,9,Low,1,High Risk
CUST101476,Mary Ryan,Female,33,Coimbatore,Tamil Nadu,2022-09-12,2026-05-29,4,1.06,16,4,826.53,3306.12,3307.79,Electronics,Online,Low Value,Bronze,30,Low,1,High Risk
CUST101477,Joseph Jimenez,Female,30,Bhopal,Madhya Pradesh,2019-05-01,2026-04-20,1,0.5,9,9,1504.19,1504.19,5372.25,Grocery,Offline,Low Value,Bronze,69,Low,1,High Risk
CUST101478,Lisa Morris,Male,33,Kanpur,Uttar Pradesh,2022-03-26,2026-03-12,5,1.18,25,5,609.56,3047.8,3050.42,Grocery,Online,Low Value,Bronze,108,Medium,1,High Risk
CUST101480,Russell Anderson,Female,43,Kolkata,West Bengal,2022-07-17,2026-04-27,6,1.53,42,7,1926.58,11559.48,11588.91,Grocery,Online,Low Value,Bronze,62,Low,1,High Risk
CUST101482,Kenneth Huff,Female,52,Bengaluru,Karnataka,2020-02-11,2026-06-05,9,1.42,225,25,4979.33,44813.97,44969.52,Beauty,Online,Medium Value,Silver,23,Low,1,High Risk
CUST101509,Tammy Moore,Female,31,Bhopal,Madhya Pradesh,2020-03-29,2025-01-28,1,0.5,4,4,1292.23,1292.23,4026.17,Fashion,Online,Low Value,Bronze,516,High,1,High Risk
CUST101510,Henry Taylor,Female,51,Delhi,Delhi,2019-08-12,2025-04-07,9,1.31,63,7,1655.97,14903.73,14883.83,Home & Kitchen,Offline,Medium Value,Bronze,447,High,1,High Risk
CUST101511,Kevin Hall,Female,60,Pune,Maharashtra,2023-01-08,2026-01-08,6,1.74,30,5,530.43,3182.58,3186.41,Grocery,Online,Low Value,Bronze,171,Medium,1,High Risk
CUST101516,Elizabeth Cross,Female,45,Pune,Maharashtra,2019-03-07,2025-07-17,8,1.1,40,5,1668.35,13346.8,13385.17,Home & Kitchen,Online,Low Value,Bronze,346,High,1,High Risk
CUST101517,Angela Brown,Female,50,Delhi,Delhi,2019-04-13,2025-08-30,5,0.7,45,9,1516.88,7584.4,7636.94,Fashion,Online,Low Value,Bronze,302,High,1,High Risk
CUST101519,Sean Kane,Male,39,Chennai,Tamil Nadu,2021-11-21,2025-09-03,1,0.5,7,7,1221.96,1221.96,2800.22,Grocery,Online,Low Value,Bronze,298,High,1,High Risk
CUST101521,Richard Reyes,Female,30,Lucknow,Uttar Pradesh,2022-01-02,2024-08-27,5,1.12,45,9,1695.42,8477.1,8484.48,Home & Kitchen,Online,Low Value,Bronze,670,High,1,High Risk
CUST101529,Patricia Anderson,Female,36,Hyderabad,Telangana,2020-04-17,2025-03-13,11,1.78,154,14,3399.42,37393.62,37390.92,Beauty,Online,Medium Value,Silver,472,High,1,High Risk
CUST101532,Danielle Jones,Other,47,Delhi,Delhi,2021-10-05,2026-05-17,6,1.27,66,11,2479.01,14874.06,14834.49,Sports,Offline,Medium Value,Bronze,42,Low,1,High Risk
CUST101540,Ashley Brown,Male,38,Ranchi,Jharkhand,2023-01-24,2026-05-28,1,0.5,4,4,1676.39,1676.39,2857.09,Fashion,Online,Low Value,Bronze,31,Low,1,High Risk
CUST101543,Jerry Johnson,Male,29,Surat,Gujarat,2021-05-10,2026-05-12,9,1.76,117,13,6794.39,61149.51,61190.25,Grocery,Online,Medium Value,Silver,47,Low,1,High Risk
CUST101544,Joshua Harris,Female,31,Madurai,Tamil Nadu,2022-09-26,2024-04-26,1,0.5,7,7,841.57,841.57,1572.54,Electronics,Offline,Low Value,Bronze,793,High,1,High Risk
CUST101546,Brenda Hale,Male,33,Kolkata,West Bengal,2019-03-30,2025-12-03,3,0.5,12,4,1165.04,3495.12,4212.01,Sports,Online,Low Value,Bronze,207,High,1,High Risk
CUST101550,Alejandra Price,Female,32,Guwahati,Assam,2023-10-12,2026-03-22,1,0.5,8,8,1776.86,1776.86,2393.47,Sports,Online,Low Value,Bronze,98,Medium,1,High Risk
CUST101552,Alicia Dillon,Male,18,Madurai,Tamil Nadu,2022-04-01,2025-09-16,1,0.5,10,10,346.86,346.86,732.66,Sports,Online,Low Value,Bronze,285,High,1,High Risk
CUST101558,James Moore,Male,63,Kolkata,West Bengal,2021-06-10,2026-01-31,3,0.6,33,11,427.1,1281.3,1289.54,Sports,Online,Low Value,Bronze,148,Medium,1,High Risk
CUST101559,Harold Garrett,Male,42,Kochi,Kerala,2022-11-10,2024-11-09,4,1.11,32,8,1357.12,5428.48,5444.09,Fashion,Online,Low Value,Bronze,596,High,1,High Risk
CUST101561,Lori Johns,Male,35,Madurai,Tamil Nadu,2019-09-11,2026-04-03,12,1.77,108,9,2803.07,33636.84,33633.16,Sports,Online,Medium Value,Bronze,86,Low,1,High Risk
CUST101564,Mary Miller,Male,67,Coimbatore,Tamil Nadu,2019-04-06,2026-04-15,3,0.5,21,7,1497.9,4493.7,5401.05,Sports,Online,Low Value,Bronze,74,Low,1,High Risk
CUST101572,Brianna Fitzpatrick,Male,30,Coimbatore,Tamil Nadu,2019-10-27,2025-12-24,1,0.5,8,8,1525.19,1525.19,5073.53,Sports,Online,Low Value,Bronze,186,High,1,High Risk
CUST101573,Emily Grant,Female,49,Hyderabad,Telangana,2022-07-19,2026-02-13,2,0.51,8,4,1794.67,3589.34,3593.47,Home & Kitchen,Online,Low Value,Bronze,135,Medium,1,High Risk
CUST101574,Bailey Stewart,Female,27,Kanpur,Uttar Pradesh,2019-12-24,2026-05-26,9,1.39,81,9,2857.61,25718.49,25795.4,Sports,Offline,Medium Value,Bronze,33,Low,1,High Risk
CUST101584,Samuel Henry,Male,27,Kochi,Kerala,2022-09-18,2024-09-28,5,1.33,40,8,379.74,1898.7,1898.53,Fashion,Offline,Low Value,Bronze,638,High,1,High Risk
CUST101589,Dr. Katherine Nguyen,Male,47,Madurai,Tamil Nadu,2021-03-25,2023-05-27,4,0.76,4,1,775.89,3103.56,3091.66,Electronics,Online,Low Value,Bronze,1128,High,1,High Risk
CUST101591,Nicolas James,Female,28,Kolkata,West Bengal,2020-04-25,2026-01-05,7,1.14,42,6,1634.7,11442.9,11474.72,Fashion,Online,Low Value,Bronze,174,Medium,1,High Risk
CUST101594,Kelly Hayes,Male,43,Mumbai,Maharashtra,2024-03-11,2024-11-26,4,1.75,24,6,610.79,2443.16,2437.73,Home & Kitchen,Online,Low Value,Bronze,579,High,1,High Risk
CUST101599,Ronald Murray,Female,45,Kolkata,West Bengal,2023-03-21,2026-03-27,4,1.23,24,6,995.13,3980.52,3984.53,Beauty,Offline,Low Value,Bronze,93,Medium,1,High Risk
CUST101610,Richard Hunt,Female,38,Bengaluru,Karnataka,2019-05-27,2026-06-04,3,0.5,15,5,331.6,994.8,1172.52,Home & Kitchen,Offline,Low Value,Bronze,24,Low,1,High Risk
CUST101611,Jamie James,Female,42,Delhi,Delhi,2020-11-10,2025-12-28,11,1.96,11,1,2775.45,30529.95,30531.85,Beauty,Online,Medium Value,Bronze,182,High,1,High Risk
CUST101612,Susan Cunningham,Male,28,Hyderabad,Telangana,2022-12-03,2026-06-13,5,1.41,65,13,3878.12,19390.6,19417.36,Beauty,Online,Medium Value,Bronze,15,Low,1,High Risk
CUST101616,Autumn Anderson,Female,27,Ranchi,Jharkhand,2020-02-28,2026-05-30,3,0.5,12,4,1456.93,4370.79,4599.15,Beauty,Offline,Low Value,Bronze,29,Low,1,High Risk
CUST101623,Amber Hernandez,Female,42,Jaipur,Rajasthan,2023-05-24,2026-05-19,4,1.3,24,6,200.0,800.0,800.82,Home & Kitchen,Offline,Low Value,Bronze,40,Low,1,High Risk
CUST101630,Anna Evans,Male,68,Nagpur,Maharashtra,2020-08-12,2025-12-01,6,1.02,24,4,1591.44,9548.64,9510.73,Beauty,Online,Low Value,Bronze,209,High,1,High Risk
CUST101633,Michael Hill,Male,32,Surat,Gujarat,2020-01-31,2024-12-07,5,0.78,15,3,2063.49,10317.45,10285.08,Fashion,Online,Low Value,Bronze,568,High,1,High Risk
CUST101634,Kelly Dominguez,Female,41,Kanpur,Uttar Pradesh,2022-08-16,2025-11-18,3,0.78,3,1,2954.58,8863.74,8871.26,Grocery,Offline,Low Value,Bronze,222,High,1,High Risk
CUST101636,Victoria Webb,Male,50,Ranchi,Jharkhand,2020-07-24,2025-01-16,11,1.86,198,18,1975.32,21728.52,21717.65,Grocery,Offline,Medium Value,Bronze,528,High,1,High Risk
CUST101638,Lee Stewart,Female,29,Chennai,Tamil Nadu,2020-09-05,2026-06-01,2,0.5,6,3,1390.02,2780.04,4026.4,Beauty,Offline,Low Value,Bronze,27,Low,1,High Risk
CUST101639,Whitney Gomez,Male,25,Bhopal,Madhya Pradesh,2020-01-31,2024-10-04,1,0.5,6,6,849.84,849.84,2715.3,Grocery,Online,Low Value,Bronze,632,High,1,High Risk
CUST101645,Mrs. Felicia Castro DDS,Female,40,Indore,Madhya Pradesh,2022-06-04,2024-12-17,4,0.99,16,4,1458.99,5835.96,5848.78,Beauty,Offline,Low Value,Bronze,558,High,1,High Risk
CUST101647,Elizabeth Hunter,Female,22,Coimbatore,Tamil Nadu,2019-12-14,2026-03-27,6,0.92,30,5,200.0,1200.0,1199.97,Electronics,Online,Low Value,Bronze,93,Medium,1,High Risk
CUST101648,Aaron Jennings,Female,40,Guwahati,Assam,2022-11-24,2025-08-01,6,1.68,12,2,285.74,1714.44,1716.46,Electronics,Offline,Low Value,Bronze,331,High,1,High Risk
CUST101649,Nathaniel Gilbert,Male,29,Bengaluru,Karnataka,2022-05-26,2026-02-04,2,0.5,6,3,685.38,1370.76,1396.09,Beauty,Online,Low Value,Bronze,144,Medium,1,High Risk
CUST101662,Michele Edwards,Female,34,Kochi,Kerala,2021-06-01,2026-04-10,4,0.79,28,7,925.8,3703.2,3698.46,Grocery,Online,Low Value,Bronze,79,Low,1,High Risk
CUST101664,Jesse Sampson,Other,27,Bhopal,Madhya Pradesh,2022-12-11,2026-04-04,4,1.13,48,12,671.21,2684.84,2676.7,Fashion,Online,Low Value,Bronze,85,Low,1,High Risk
CUST101665,Eric Rodriguez,Male,34,Jaipur,Rajasthan,2019-02-09,2026-03-12,1,0.5,7,7,1094.51,1094.51,4030.43,Beauty,Offline,Low Value,Bronze,108,Medium,1,High Risk
CUST101667,Alexander Webb,Male,43,Ranchi,Jharkhand,2023-03-30,2026-04-08,3,0.93,12,4,1593.1,4779.3,4786.5,Home & Kitchen,Online,Low Value,Bronze,81,Low,1,High Risk
CUST101671,Megan Anderson,Male,24,Mumbai,Maharashtra,2020-04-04,2025-10-30,10,1.61,60,6,1267.04,12670.4,12678.03,Grocery,Online,Low Value,Bronze,241,High,1,High Risk
CUST101672,Julia Reeves,Other,29,Bhopal,Madhya Pradesh,2021-05-14,2025-10-05,6,1.18,12,2,1364.49,8186.94,8221.31,Sports,Offline,Low Value,Bronze,266,High,1,High Risk
CUST101673,April Randolph,Male,38,Indore,Madhya Pradesh,2019-04-26,2025-12-05,4,0.56,28,7,1522.4,6089.6,6101.44,Fashion,Offline,Low Value,Bronze,205,High,1,High Risk
CUST101674,Linda Miller,Female,19,Indore,Madhya Pradesh,2020-10-31,2025-12-23,2,0.5,6,3,535.85,1071.7,1511.09,Fashion,Offline,Low Value,Bronze,187,High,1,High Risk
CUST101681,Christine Bell,Male,42,Vadodara,Gujarat,2019-02-04,2022-10-06,5,0.68,25,5,649.01,3245.05,3256.33,Electronics,Offline,Low Value,Bronze,1361,High,1,High Risk
CUST101683,David Jones,Female,36,Jaipur,Rajasthan,2022-01-31,2025-12-04,2,0.5,2,1,306.89,613.78,673.44,Grocery,Online,Low Value,Bronze,206,High,1,High Risk
CUST101686,Anthony Simmons,Female,29,Ahmedabad,Gujarat,2020-09-02,2026-05-11,10,1.72,20,2,1037.41,10374.1,10351.89,Fashion,Offline,Low Value,Bronze,48,Low,1,High Risk
CUST101689,Robert Marquez,Female,22,Jaipur,Rajasthan,2021-11-04,2024-10-19,3,0.65,12,4,662.59,1987.77,1993.94,Home & Kitchen,Online,Low Value,Bronze,617,High,1,High Risk
CUST101712,Jamie Snyder,Male,37,Delhi,Delhi,2019-08-25,2025-10-26,4,0.59,24,6,996.97,3987.88,4014.82,Beauty,Online,Low Value,Bronze,245,High,1,High Risk
CUST101718,Susan Torres,Male,53,Guwahati,Assam,2019-10-15,2026-01-11,1,0.5,4,4,200.0,200.0,668.58,Beauty,Online,Low Value,Bronze,168,Medium,1,High Risk
CUST101727,Karen Lopez,Male,24,Patna,Bihar,2021-06-25,2026-06-01,2,0.5,8,4,1033.53,2067.06,2579.23,Beauty,Offline,Low Value,Bronze,27,Low,1,High Risk
CUST101728,Tim Larsen,Male,33,Bengaluru,Karnataka,2019-04-01,2024-10-21,1,0.5,4,4,816.23,816.23,2948.71,Home & Kitchen,Online,Low Value,Bronze,615,High,1,High Risk
CUST101729,Zachary Santiago,Male,37,Hyderabad,Telangana,2019-04-24,2026-04-28,12,1.68,36,3,8473.97,101687.64,101963.26,Grocery,Offline,Medium Value,Silver,61,Low,1,High Risk
CUST101735,Joanna Kelly,Female,41,Ahmedabad,Gujarat,2024-02-17,2025-09-05,2,0.85,2,1,2180.07,4360.14,4342.83,Electronics,Online,Low Value,Bronze,296,High,1,High Risk
CUST101740,John Vaughn,Female,31,Pune,Maharashtra,2020-08-21,2024-10-09,1,0.5,9,9,717.61,717.61,2093.4,Electronics,Online,Low Value,Bronze,627,High,1,High Risk
CUST101742,Dr. Julie Miller,Female,24,Delhi,Delhi,2023-03-20,2025-11-19,2,0.61,8,4,887.41,1774.82,1763.64,Electronics,Online,Low Value,Bronze,221,High,1,High Risk
CUST101748,Jennifer Yu,Male,40,Kolkata,West Bengal,2022-01-19,2026-03-29,7,1.58,7,1,1081.0,7567.0,7552.05,Sports,Offline,Low Value,Bronze,91,Medium,1,High Risk
CUST101754,Jonathan York,Female,33,Delhi,Delhi,2021-12-08,2024-11-04,3,0.66,33,11,628.98,1886.94,1883.27,Fashion,Offline,Low Value,Bronze,601,High,1,High Risk
CUST101755,Casey Campbell,Female,28,Coimbatore,Tamil Nadu,2019-03-08,2024-11-11,2,0.5,24,12,1268.91,2537.82,4625.75,Home & Kitchen,Offline,Low Value,Bronze,594,High,1,High Risk
CUST101765,Audrey Jackson,Male,21,Indore,Madhya Pradesh,2021-12-01,2026-04-13,7,1.54,42,6,1741.98,12193.86,12221.57,Sports,Online,Low Value,Bronze,76,Low,1,High Risk
CUST101766,Eric Reese,Female,18,Indore,Madhya Pradesh,2022-05-24,2025-08-29,5,1.23,20,4,846.19,4230.95,4245.89,Beauty,Offline,Low Value,Bronze,303,High,1,High Risk
CUST101772,Tina Reynolds,Female,44,Chennai,Tamil Nadu,2022-08-31,2024-04-17,7,1.84,21,3,1021.4,7149.8,7157.32,Electronics,Offline,Low Value,Bronze,802,High,1,High Risk
CUST101773,Shannon Rogers,Female,44,Chandigarh,Chandigarh,2020-12-21,2026-03-02,1,0.5,8,8,2659.52,2659.52,7314.14,Electronics,Online,Low Value,Bronze,118,Medium,1,High Risk
CUST101791,Janet Cook,Male,32,Bhopal,Madhya Pradesh,2023-05-02,2025-06-13,1,0.5,2,2,1322.94,1322.94,2077.22,Home & Kitchen,Online,Low Value,Bronze,380,High,1,High Risk
CUST101793,John Mcfarland,Male,38,Ahmedabad,Gujarat,2019-03-22,2026-03-01,5,0.69,45,9,964.7,4823.5,4827.62,Home & Kitchen,Online,Low Value,Bronze,119,Medium,1,High Risk
CUST101801,Laura Robertson,Male,39,Bhopal,Madhya Pradesh,2022-01-17,2026-03-19,6,1.36,30,5,2344.41,14066.46,14115.37,Beauty,Offline,Low Value,Bronze,101,Medium,1,High Risk
CUST101805,Karen Bradley,Female,32,Bhopal,Madhya Pradesh,2019-04-24,2025-11-22,14,1.95,84,6,2350.54,32907.56,32828.4,Grocery,Online,Medium Value,Bronze,218,High,1,High Risk
CUST101811,Connor Dominguez,Male,49,Mumbai,Maharashtra,2019-11-15,2026-03-19,1,0.5,4,4,1689.75,1689.75,5576.98,Sports,Online,Low Value,Bronze,101,Medium,1,High Risk
CUST101817,Joann Forbes,Male,33,Chennai,Tamil Nadu,2019-11-21,2026-02-21,6,0.91,60,10,1947.46,11684.76,11669.03,Home & Kitchen,Online,Low Value,Bronze,127,Medium,1,High Risk
CUST101823,Kaitlin Hardin,Female,40,Guwahati,Assam,2020-08-23,2025-07-03,9,1.54,45,5,1609.79,14488.11,14450.25,Beauty,Online,Low Value,Bronze,360,High,1,High Risk
CUST101827,Sabrina Rodriguez,Male,36,Lucknow,Uttar Pradesh,2021-08-01,2025-06-04,3,0.61,27,9,613.55,1840.65,1830.08,Grocery,Online,Low Value,Bronze,389,High,1,High Risk
CUST101828,Robert Walker PhD,Male,58,Coimbatore,Tamil Nadu,2019-10-19,2026-03-06,9,1.35,45,5,435.16,3916.44,3921.27,Fashion,Online,Low Value,Bronze,114,Medium,1,High Risk
CUST101830,Erika Daugherty,Male,34,Chennai,Tamil Nadu,2019-07-16,2026-04-20,2,0.5,20,10,1250.43,2500.86,4335.85,Electronics,Offline,Low Value,Bronze,69,Low,1,High Risk
CUST101833,Bryan Thomas,Female,25,Nagpur,Maharashtra,2019-07-01,2026-03-11,8,1.15,40,5,803.55,6428.4,6446.44,Fashion,Online,Low Value,Bronze,109,Medium,1,High Risk
CUST101834,Michael Tran,Male,52,Nagpur,Maharashtra,2020-08-26,2026-03-22,3,0.52,12,4,1864.65,5593.95,5643.83,Home & Kitchen,Offline,Low Value,Bronze,98,Medium,1,High Risk
CUST101838,Christopher Davis,Male,35,Chennai,Tamil Nadu,2020-02-20,2025-10-02,1,0.5,6,6,415.72,415.72,1316.87,Electronics,Online,Low Value,Bronze,269,High,1,High Risk
CUST101841,Mark Mills,Male,39,Hyderabad,Telangana,2022-01-17,2026-06-10,5,1.13,60,12,3616.02,18080.1,18089.6,Home & Kitchen,Offline,Medium Value,Bronze,18,Low,1,High Risk
CUST101842,Todd Bishop,Female,50,Patna,Bihar,2019-05-12,2025-05-04,13,1.83,182,14,3672.44,47741.72,47802.95,Sports,Online,Medium Value,Silver,420,High,1,High Risk
CUST101844,Lori Patton,Female,26,Bhopal,Madhya Pradesh,2020-06-19,2026-05-28,5,0.83,20,4,1734.32,8671.6,8646.77,Home & Kitchen,Offline,Low Value,Bronze,31,Low,1,High Risk
CUST101848,Randy Hopkins,Male,30,Surat,Gujarat,2020-12-07,2026-06-19,11,1.99,66,6,529.28,5822.08,5833.7,Beauty,Online,Low Value,Bronze,9,Low,1,High Risk
CUST101851,Michael Williams,Female,50,Ranchi,Jharkhand,2020-11-20,2025-08-24,1,0.5,3,3,1615.94,1615.94,4512.69,Home & Kitchen,Online,Low Value,Bronze,308,High,1,High Risk
CUST101853,Robert Chang,Male,48,Patna,Bihar,2024-02-27,2025-05-05,4,1.73,24,6,1358.66,5434.64,5444.24,Home & Kitchen,Offline,Low Value,Bronze,419,High,1,High Risk
CUST101854,Patrick Buckley,Female,36,Ranchi,Jharkhand,2020-06-04,2026-04-27,1,0.5,4,4,1469.52,1469.52,4443.76,Electronics,Online,Low Value,Bronze,62,Low,1,High Risk
CUST101856,Steven Griffith,Male,63,Visakhapatnam,Andhra Pradesh,2024-03-24,2026-04-14,1,0.5,7,7,1685.58,1685.58,1892.1,Beauty,Online,Low Value,Bronze,75,Low,1,High Risk
CUST101858,Erika Maxwell,Female,47,Mumbai,Maharashtra,2019-11-11,2026-03-10,4,0.6,24,6,1457.88,5831.52,5783.62,Beauty,Online,Low Value,Bronze,110,Medium,1,High Risk
CUST101859,Brent Rojas,Male,24,Chennai,Tamil Nadu,2019-06-25,2026-05-21,1,0.5,8,8,1771.38,1771.38,6193.16,Fashion,Online,Low Value,Bronze,38,Low,1,High Risk
CUST101860,Jaime Walker,Female,46,Surat,Gujarat,2021-07-19,2025-12-05,3,0.61,9,3,1253.09,3759.27,3764.9,Home & Kitchen,Offline,Low Value,Bronze,205,High,1,High Risk
CUST101865,Michael Brown,Female,54,Ahmedabad,Gujarat,2024-03-06,2026-01-13,2,0.87,14,7,998.58,1997.16,1993.22,Home & Kitchen,Online,Low Value,Bronze,166,Medium,1,High Risk
CUST101869,Carolyn Cordova,Male,52,Patna,Bihar,2021-05-13,2026-05-09,3,0.59,21,7,345.05,1035.15,1040.05,Sports,Offline,Low Value,Bronze,50,Low,1,High Risk
CUST101873,Garrett Riley,Male,31,Kochi,Kerala,2022-03-22,2025-11-11,6,1.41,18,3,1826.24,10957.44,10948.59,Electronics,Online,Low Value,Bronze,229,High,1,High Risk
CUST101874,Leslie Hernandez,Female,61,Chandigarh,Chandigarh,2019-12-27,2025-12-31,12,1.85,60,5,903.02,10836.24,10835.37,Beauty,Online,Low Value,Bronze,179,Medium,1,High Risk
CUST101878,Samantha Chavez,Male,28,Madurai,Tamil Nadu,2020-08-24,2026-06-16,7,1.2,140,20,598.79,4191.53,4186.37,Electronics,Online,Low Value,Bronze,12,Low,1,High Risk
CUST101883,Nicole Johnson,Female,24,Mumbai,Maharashtra,2021-11-14,2024-03-03,1,0.5,10,10,1018.9,1018.9,2344.66,Home & Kitchen,Offline,Low Value,Bronze,847,High,1,High Risk
CUST101888,Jeffery Nelson,Female,32,Indore,Madhya Pradesh,2019-10-26,2025-02-05,2,0.5,10,5,1475.59,2951.18,4910.55,Fashion,Offline,Low Value,Bronze,508,High,1,High Risk
CUST101889,Kimberly Norton,Female,36,Mumbai,Maharashtra,2023-02-07,2025-10-26,3,0.89,3,1,1849.47,5548.41,5547.6,Home & Kitchen,Online,Low Value,Bronze,245,High,1,High Risk
CUST101892,Stacy Rodriguez,Female,48,Lucknow,Uttar Pradesh,2022-10-12,2026-01-10,4,1.08,44,11,806.9,3227.6,3218.59,Beauty,Offline,Low Value,Bronze,169,Medium,1,High Risk
CUST101895,Christine Zavala,Female,26,Kochi,Kerala,2020-07-08,2026-02-02,8,1.34,88,11,790.21,6321.68,6305.45,Grocery,Online,Low Value,Bronze,146,Medium,1,High Risk
CUST101896,Brian Mendoza,Female,60,Nagpur,Maharashtra,2019-03-03,2026-05-23,7,0.96,49,7,1543.35,10803.45,10822.59,Beauty,Online,Low Value,Bronze,36,Low,1,High Risk
CUST101899,Derek Frazier,Male,35,Jaipur,Rajasthan,2019-04-04,2024-09-26,2,0.5,4,2,1150.99,2301.98,4153.33,Sports,Offline,Low Value,Bronze,640,High,1,High Risk
CUST101904,Teresa Jones,Male,51,Surat,Gujarat,2023-12-27,2024-09-09,2,0.8,6,3,712.32,1424.64,1416.64,Beauty,Online,Low Value,Bronze,657,High,1,High Risk
CUST101905,Judith Miller,Female,46,Mumbai,Maharashtra,2019-11-23,2025-06-01,10,1.52,60,6,6293.07,62930.7,62931.73,Grocery,Online,Medium Value,Silver,392,High,1,High Risk
CUST101908,Shaun Meyer DDS,Female,52,Patna,Bihar,2020-04-16,2026-05-31,12,1.94,84,7,6294.46,75533.52,75490.78,Electronics,Offline,Medium Value,Silver,28,Low,1,High Risk
CUST101911,Dorothy Brown,Male,47,Hyderabad,Telangana,2022-08-18,2026-05-14,4,1.04,44,11,727.25,2909.0,2907.33,Sports,Online,Low Value,Bronze,45,Low,1,High Risk
CUST101912,Crystal Meza,Male,56,Surat,Gujarat,2019-05-31,2026-02-26,1,0.5,3,3,538.95,538.95,1902.74,Home & Kitchen,Online,Low Value,Bronze,122,Medium,1,High Risk
CUST101915,Sarah Wallace,Female,37,Patna,Bihar,2022-02-02,2026-03-26,1,0.5,1,1,532.67,532.67,1167.43,Beauty,Offline,Low Value,Bronze,94,Medium,1,High Risk
CUST101916,Carlos Clarke,Female,34,Nagpur,Maharashtra,2019-05-26,2025-05-20,7,0.99,56,8,2066.25,14463.75,14471.73,Fashion,Offline,Medium Value,Bronze,404,High,1,High Risk
CUST101922,Brittany Young,Female,46,Guwahati,Assam,2021-09-17,2026-04-04,7,1.47,196,28,3445.77,24120.39,24116.43,Home & Kitchen,Online,Medium Value,Bronze,85,Low,1,High Risk
CUST101924,Cody Hart,Female,24,Hyderabad,Telangana,2019-02-22,2024-10-24,6,0.82,12,2,978.3,5869.8,5879.55,Fashion,Offline,Low Value,Bronze,612,High,1,High Risk
CUST101926,Joshua Martin,Male,53,Patna,Bihar,2020-10-15,2026-05-16,9,1.58,153,17,2581.29,23231.61,23180.94,Sports,Online,Medium Value,Bronze,43,Low,1,High Risk
CUST101934,Brenda Pierce,Female,19,Kolkata,West Bengal,2021-09-08,2025-05-06,8,1.67,96,12,6516.63,52133.04,52082.37,Grocery,Offline,Medium Value,Silver,418,High,1,High Risk
CUST101935,James Randall,Male,47,Kolkata,West Bengal,2022-06-06,2026-04-27,5,1.24,15,3,298.27,1491.35,1495.62,Electronics,Online,Low Value,Bronze,62,Low,1,High Risk
CUST101937,Lauren Walker,Female,61,Hyderabad,Telangana,2019-04-25,2025-07-11,2,0.5,10,5,1613.92,3227.84,5777.41,Sports,Offline,Low Value,Bronze,352,High,1,High Risk
CUST101942,Heather Hernandez,Male,19,Bhopal,Madhya Pradesh,2019-04-16,2026-05-16,9,1.25,72,8,2072.08,18648.72,18607.59,Grocery,Offline,Medium Value,Bronze,43,Low,1,High Risk
CUST101943,Jaclyn Watson,Male,49,Bhopal,Madhya Pradesh,2019-03-22,2024-11-18,13,1.79,91,7,933.19,12131.47,12114.76,Sports,Offline,Low Value,Bronze,587,High,1,High Risk
CUST101953,Justin Page,Female,43,Kanpur,Uttar Pradesh,2023-03-09,2025-01-05,3,0.91,12,4,1089.83,3269.49,3261.02,Home & Kitchen,Online,Low Value,Bronze,539,High,1,High Risk
CUST101955,Julian Williams,Female,47,Delhi,Delhi,2022-02-26,2026-01-27,1,0.5,2,2,2339.21,2339.21,5049.88,Beauty,Online,Low Value,Bronze,152,Medium,1,High Risk
CUST101965,Barbara Hunt,Male,26,Indore,Madhya Pradesh,2020-10-09,2025-11-27,10,1.75,60,6,1184.79,11847.9,11818.71,Home & Kitchen,Offline,Low Value,Bronze,213,High,1,High Risk
CUST101971,Pamela White,Female,38,Hyderabad,Telangana,2020-05-09,2024-04-07,3,0.5,15,5,1739.55,5218.65,5322.24,Electronics,Online,Low Value,Bronze,812,High,1,High Risk
CUST101975,Kevin Morrow,Female,38,Bhopal,Madhya Pradesh,2021-11-19,2026-05-03,5,1.09,15,3,1940.28,9701.4,9704.53,Grocery,Offline,Low Value,Bronze,56,Low,1,High Risk
CUST101979,Lisa Guerra,Female,37,Chennai,Tamil Nadu,2019-05-12,2026-04-25,1,0.5,4,4,1451.92,1451.92,5163.71,Electronics,Online,Low Value,Bronze,64,Low,1,High Risk
CUST101981,Ashley Stevens,Male,56,Kanpur,Uttar Pradesh,2020-11-29,2025-05-12,3,0.54,24,8,981.25,2943.75,2946.41,Grocery,Online,Low Value,Bronze,412,High,1,High Risk
CUST101982,Robert Mclean,Female,62,Lucknow,Uttar Pradesh,2022-08-12,2026-04-02,7,1.81,49,7,7504.23,52529.61,52434.07,Home & Kitchen,Offline,Medium Value,Silver,87,Low,1,High Risk
CUST101986,Robert Walker,Female,46,Nagpur,Maharashtra,2019-12-21,2026-05-08,11,1.69,66,6,1782.4,19606.4,19586.88,Beauty,Offline,Medium Value,Bronze,51,Low,1,High Risk
CUST101989,Rachel Jones,Female,30,Chennai,Tamil Nadu,2022-05-20,2026-03-11,4,0.98,8,2,1885.14,7540.56,7556.66,Grocery,Offline,Low Value,Bronze,109,Medium,1,High Risk
CUST101990,Nicole Williams,Male,61,Ahmedabad,Gujarat,2019-11-23,2026-02-01,11,1.67,143,13,759.83,8358.13,8348.27,Beauty,Offline,Low Value,Bronze,147,Medium,1,High Risk
CUST101994,Tamara Harris,Female,40,Ahmedabad,Gujarat,2023-11-03,2025-04-14,1,0.5,6,6,515.91,515.91,679.41,Beauty,Online,Low Value,Bronze,440,High,1,High Risk
CUST101996,Ryan Mcmahon,Female,44,Hyderabad,Telangana,2020-08-17,2026-03-11,2,0.5,12,6,524.2,1048.4,1532.06,Electronics,Online,Low Value,Bronze,109,Medium,1,High Risk
CUST102002,Annette Lewis,Male,27,Guwahati,Assam,2021-12-04,2026-05-29,4,0.88,36,9,1443.53,5774.12,5776.81,Grocery,Online,Low Value,Bronze,30,Low,1,High Risk
CUST102007,Mrs. Ashley Taylor,Female,27,Mumbai,Maharashtra,2024-01-02,2025-07-14,4,1.62,24,6,1414.92,5659.68,5660.61,Fashion,Offline,Low Value,Bronze,349,High,1,High Risk
CUST102012,Scott Lopez,Male,38,Chennai,Tamil Nadu,2022-04-14,2025-12-08,6,1.43,48,8,1503.42,9020.52,9005.7,Fashion,Online,Low Value,Bronze,202,High,1,High Risk
CUST102020,Ryan Hardy,Female,37,Guwahati,Assam,2023-04-17,2023-08-31,6,1.89,6,1,928.6,5571.6,5583.5,Home & Kitchen,Online,Low Value,Bronze,1032,High,1,High Risk
CUST102022,Richard Schneider,Female,41,Lucknow,Uttar Pradesh,2023-05-26,2026-03-18,3,0.98,21,7,200.0,600.0,602.62,Electronics,Online,Low Value,Bronze,102,Medium,1,High Risk
CUST102026,Mark Taylor Jr.,Male,29,Nagpur,Maharashtra,2019-11-25,2025-12-01,5,0.76,35,7,200.0,1000.0,999.18,Grocery,Online,Low Value,Bronze,209,High,1,High Risk
CUST102029,Marco Davis,Male,48,Lucknow,Uttar Pradesh,2022-02-05,2026-06-01,5,1.14,90,18,3949.47,19747.35,19698.37,Beauty,Online,Medium Value,Bronze,27,Low,1,High Risk
CUST102033,Tiffany Johnson,Male,36,Kochi,Kerala,2022-05-09,2024-12-26,5,1.21,15,3,2214.59,11072.95,11041.42,Beauty,Online,Low Value,Bronze,549,High,1,High Risk
CUST102034,Thomas Reyes,Male,35,Surat,Gujarat,2019-07-28,2026-06-11,11,1.59,121,11,4427.35,48700.85,48587.39,Home & Kitchen,Online,Medium Value,Silver,17,Low,1,High Risk
CUST102039,Michael Keller,Female,50,Pune,Maharashtra,2022-01-29,2025-10-15,6,1.37,78,13,3834.44,23006.64,23083.8,Fashion,Online,Medium Value,Bronze,256,High,1,High Risk
CUST102044,Russell Bailey,Male,38,Nagpur,Maharashtra,2023-11-26,2026-06-01,2,0.78,4,2,1802.11,3604.22,3613.69,Fashion,Offline,Low Value,Bronze,27,Low,1,High Risk
CUST102045,Alyssa Vance,Male,18,Delhi,Delhi,2020-06-26,2025-05-31,2,0.5,2,1,1141.83,2283.66,3418.46,Beauty,Offline,Low Value,Bronze,393,High,1,High Risk
CUST102047,Gregory Stanley,Female,35,Hyderabad,Telangana,2021-04-29,2024-12-14,8,1.55,8,1,898.62,7188.96,7169.28,Electronics,Online,Low Value,Bronze,561,High,1,High Risk
CUST102053,Victoria Gray,Male,42,Patna,Bihar,2021-12-16,2026-04-29,2,0.5,16,8,1591.63,3183.26,3592.88,Electronics,Online,Low Value,Bronze,60,Low,1,High Risk
CUST102058,Ryan Cobb PhD,Male,67,Kanpur,Uttar Pradesh,2020-11-16,2026-03-28,5,0.89,90,18,2891.02,14455.1,14398.98,Fashion,Online,Low Value,Bronze,92,Medium,1,High Risk
CUST102062,Austin Solis,Male,37,Vadodara,Gujarat,2019-10-03,2026-06-13,1,0.5,1,1,1887.48,1887.48,6340.69,Grocery,Online,Low Value,Bronze,15,Low,1,High Risk
CUST102065,Joshua Gonzalez,Male,51,Kanpur,Uttar Pradesh,2019-10-25,2025-11-25,3,0.5,24,8,910.86,2732.58,3032.46,Home & Kitchen,Offline,Low Value,Bronze,215,High,1,High Risk
CUST102070,Timothy Patel,Female,18,Guwahati,Assam,2024-02-15,2026-03-17,4,1.7,16,4,646.72,2586.88,2582.63,Beauty,Online,Low Value,Bronze,103,Medium,1,High Risk
CUST102073,Charles Hernandez,Male,53,Visakhapatnam,Andhra Pradesh,2021-12-06,2025-07-14,4,0.88,24,6,373.3,1493.2,1492.1,Home & Kitchen,Offline,Low Value,Bronze,349,High,1,High Risk
CUST102075,Ronald Brown,Female,31,Ranchi,Jharkhand,2024-04-21,2025-03-16,3,1.38,6,2,251.24,753.72,751.8,Electronics,Online,Low Value,Bronze,469,High,1,High Risk
CUST102078,Brian Lee,Male,30,Bhopal,Madhya Pradesh,2020-12-07,2025-07-04,3,0.54,18,6,516.4,1549.2,1544.49,Fashion,Offline,Low Value,Bronze,359,High,1,High Risk
CUST102079,Ronald Marshall,Female,42,Visakhapatnam,Andhra Pradesh,2021-04-23,2026-01-26,2,0.5,14,7,2079.08,4158.16,5367.75,Beauty,Offline,Low Value,Bronze,153,Medium,1,High Risk
CUST102083,Samuel Stuart,Male,37,Lucknow,Uttar Pradesh,2023-09-12,2026-06-03,5,1.8,35,7,2458.36,12291.8,12284.73,Sports,Online,Low Value,Bronze,25,Low,1,High Risk
CUST102088,Brian Navarro,Female,39,Kochi,Kerala,2020-01-02,2026-04-29,3,0.5,27,9,1044.23,3132.69,3377.84,Beauty,Online,Low Value,Bronze,60,Low,1,High Risk
CUST102095,Jessica King,Male,22,Lucknow,Uttar Pradesh,2019-06-05,2025-05-07,3,0.5,15,5,1864.76,5594.28,6570.69,Fashion,Online,Low Value,Bronze,417,High,1,High Risk
CUST102098,Tracey Suarez,Female,47,Patna,Bihar,2020-03-17,2025-11-14,9,1.44,72,8,200.0,1800.0,1804.09,Fashion,Online,Low Value,Bronze,226,High,1,High Risk
CUST102100,Alisha Rasmussen,Female,23,Nagpur,Maharashtra,2020-12-05,2025-10-05,5,0.9,40,8,1178.48,5892.4,5880.3,Sports,Online,Low Value,Bronze,266,High,1,High Risk
CUST102104,Heidi Burnett,Male,46,Visakhapatnam,Andhra Pradesh,2019-06-29,2026-02-22,5,0.72,40,8,1664.59,8322.95,8367.38,Sports,Offline,Low Value,Bronze,126,Medium,1,High Risk
CUST102106,Theodore Long,Female,46,Nagpur,Maharashtra,2020-06-26,2025-11-12,3,0.5,21,7,1414.32,4242.96,4234.25,Home & Kitchen,Offline,Low Value,Bronze,228,High,1,High Risk
CUST102109,Sydney Welch,Female,37,Visakhapatnam,Andhra Pradesh,2020-04-23,2025-12-11,4,0.65,24,6,1537.36,6149.44,6158.49,Home & Kitchen,Online,Low Value,Bronze,199,High,1,High Risk
CUST102113,Michelle Mcdowell,Female,22,Madurai,Tamil Nadu,2021-07-08,2024-08-28,3,0.61,18,6,1307.39,3922.17,3952.06,Sports,Online,Low Value,Bronze,669,High,1,High Risk
CUST102117,Anthony May,Male,34,Surat,Gujarat,2020-05-31,2026-06-15,5,0.83,60,12,4206.82,21034.1,21155.5,Home & Kitchen,Online,Medium Value,Bronze,13,Low,1,High Risk
CUST102120,Christopher Black,Male,47,Mumbai,Maharashtra,2019-01-14,2025-06-10,3,0.5,15,5,899.28,2697.84,3343.52,Home & Kitchen,Online,Low Value,Bronze,383,High,1,High Risk
CUST102122,Melissa Sparks,Male,54,Lucknow,Uttar Pradesh,2022-09-03,2025-04-28,3,0.79,9,3,1334.9,4004.7,4007.51,Fashion,Offline,Low Value,Bronze,426,High,1,High Risk
CUST102124,Michael Serrano,Female,47,Jaipur,Rajasthan,2021-12-23,2023-03-03,3,0.67,9,3,973.72,2921.16,2932.86,Grocery,Offline,Low Value,Bronze,1213,High,1,High Risk
CUST102128,Maria Sims,Male,41,Hyderabad,Telangana,2019-06-06,2024-08-30,1,0.5,4,4,200.0,200.0,704.45,Beauty,Online,Low Value,Bronze,667,High,1,High Risk
CUST102134,Michael Wilson,Female,48,Vadodara,Gujarat,2019-08-16,2025-09-02,9,1.31,27,3,1715.92,15443.28,15398.04,Fashion,Offline,Medium Value,Bronze,299,High,1,High Risk
CUST102135,Cheryl Atkins,Female,34,Mumbai,Maharashtra,2020-04-19,2026-04-13,2,0.5,12,6,1932.2,3864.4,5964.56,Grocery,Online,Low Value,Bronze,76,Low,1,High Risk
CUST102137,Scott Greene,Male,43,Hyderabad,Telangana,2021-07-29,2025-01-01,4,0.82,24,6,1531.83,6127.32,6152.4,Home & Kitchen,Online,Low Value,Bronze,543,High,1,High Risk
CUST102139,Charles Roberts,Female,31,Patna,Bihar,2020-03-12,2026-02-21,11,1.75,55,5,200.0,2200.0,2197.26,Fashion,Online,Low Value,Bronze,127,Medium,1,High Risk
CUST102140,Luke Solomon,Male,39,Bengaluru,Karnataka,2020-12-06,2025-07-24,8,1.44,24,3,200.0,1600.0,1595.93,Beauty,Offline,Low Value,Bronze,339,High,1,High Risk
CUST102142,Casey Morris,Other,60,Nagpur,Maharashtra,2023-10-16,2026-04-03,1,0.5,1,1,696.34,696.34,934.17,Grocery,Online,Low Value,Bronze,86,Low,1,High Risk
CUST102143,Melissa Reeves,Female,34,Jaipur,Rajasthan,2019-05-05,2026-04-21,7,0.98,105,15,485.15,3396.05,3390.94,Beauty,Online,Low Value,Bronze,68,Low,1,High Risk
CUST102145,Anthony Cook,Male,59,Nashik,Maharashtra,2021-12-04,2025-01-02,1,0.5,9,9,2171.66,2171.66,4937.89,Fashion,Online,Low Value,Bronze,542,High,1,High Risk
CUST102149,Elizabeth Foster,Male,32,Bengaluru,Karnataka,2020-01-13,2024-05-30,2,0.5,10,5,270.35,540.7,870.45,Beauty,Online,Low Value,Bronze,759,High,1,High Risk
CUST102152,Sherry Anderson,Female,25,Surat,Gujarat,2022-06-16,2024-11-08,2,0.5,18,9,1678.99,3357.98,3371.77,Electronics,Offline,Low Value,Bronze,597,High,1,High Risk
CUST102159,Pamela Hernandez DVM,Female,35,Pune,Maharashtra,2019-09-13,2026-03-29,2,0.5,16,8,1235.82,2471.64,4185.38,Home & Kitchen,Offline,Low Value,Bronze,91,Medium,1,High Risk
CUST102161,David Johnson,Male,64,Bhopal,Madhya Pradesh,2021-06-25,2025-09-23,6,1.2,60,10,3374.82,20248.92,20212.88,Sports,Online,Medium Value,Bronze,278,High,1,High Risk
CUST102163,Tammy Williams MD,Female,44,Madurai,Tamil Nadu,2024-02-09,2025-08-26,1,0.5,7,7,1671.42,1671.42,1976.87,Beauty,Offline,Low Value,Bronze,306,High,1,High Risk
CUST102165,Sharon Martinez,Female,64,Coimbatore,Tamil Nadu,2019-03-09,2023-09-25,9,1.23,36,4,1671.29,15041.61,14982.17,Home & Kitchen,Offline,Medium Value,Bronze,1007,High,1,High Risk
CUST102168,Laurie Silva,Male,59,Ranchi,Jharkhand,2019-11-13,2026-03-16,11,1.67,220,20,3496.22,38458.42,38572.9,Electronics,Online,Medium Value,Silver,104,Medium,1,High Risk
CUST102173,Tiffany Hood,Male,18,Nashik,Maharashtra,2021-06-03,2026-01-02,8,1.58,64,8,1381.0,11048.0,11021.91,Grocery,Offline,Low Value,Bronze,177,Medium,1,High Risk
CUST102175,Jordan Moses,Male,18,Hyderabad,Telangana,2021-09-27,2024-10-07,1,0.5,6,6,1109.76,1109.76,2626.66,Fashion,Online,Low Value,Bronze,629,High,1,High Risk
CUST102178,Morgan Bernard,Female,44,Madurai,Tamil Nadu,2019-04-28,2024-11-23,11,1.54,198,18,5958.09,65538.99,65616.15,Beauty,Online,Medium Value,Silver,582,High,1,High Risk
CUST102179,Christine Williams,Male,18,Nagpur,Maharashtra,2019-01-06,2025-07-23,11,1.47,154,14,586.08,6446.88,6425.27,Beauty,Online,Low Value,Bronze,340,High,1,High Risk
CUST102185,Martha Martinez,Other,50,Chennai,Tamil Nadu,2020-07-31,2025-06-03,6,1.02,36,6,1853.03,11118.18,11136.14,Beauty,Online,Low Value,Bronze,390,High,1,High Risk
CUST102186,Jeffrey Drake MD,Female,61,Chandigarh,Chandigarh,2020-10-05,2026-02-22,5,0.88,50,10,691.88,3459.4,3477.26,Grocery,Offline,Low Value,Bronze,126,Medium,1,High Risk
CUST102187,Bonnie Wade,Male,30,Kolkata,West Bengal,2020-11-13,2026-01-12,4,0.71,28,7,948.7,3794.8,3774.98,Fashion,Online,Low Value,Bronze,167,Medium,1,High Risk
CUST102188,Kayla Burns,Female,18,Coimbatore,Tamil Nadu,2022-07-26,2025-07-21,6,1.54,6,1,1961.05,11766.3,11798.94,Electronics,Offline,Low Value,Bronze,342,High,1,High Risk
CUST102191,Jessica Simmons,Male,36,Pune,Maharashtra,2019-06-23,2025-10-20,7,1.0,28,4,1608.05,11256.35,11253.05,Grocery,Offline,Low Value,Bronze,251,High,1,High Risk
CUST102192,Glenn Ford,Male,46,Visakhapatnam,Andhra Pradesh,2020-09-05,2026-02-10,5,0.86,90,18,1658.41,8292.05,8262.58,Electronics,Online,Low Value,Bronze,138,Medium,1,High Risk
CUST102196,Carl Leach,Male,39,Hyderabad,Telangana,2019-05-20,2026-03-26,14,1.97,98,7,3398.01,47572.14,47467.94,Beauty,Online,Medium Value,Silver,94,Medium,1,High Risk
CUST102197,Kelly Phillips,Female,20,Nashik,Maharashtra,2022-07-13,2025-07-27,1,0.5,9,9,1208.23,1208.23,2381.73,Sports,Offline,Low Value,Bronze,336,High,1,High Risk
CUST102199,Jeffery Davis,Female,47,Vadodara,Gujarat,2022-09-12,2026-02-13,6,1.59,42,7,5819.12,34914.72,34932.4,Fashion,Online,Medium Value,Silver,135,Medium,1,High Risk
CUST102200,Laura King,Female,32,Nagpur,Maharashtra,2019-09-17,2026-02-23,3,0.5,24,8,586.15,1758.45,1981.92,Home & Kitchen,Online,Low Value,Bronze,125,Medium,1,High Risk
CUST102204,Elizabeth Matthews,Male,49,Hyderabad,Telangana,2022-05-22,2026-02-13,3,0.73,3,1,1005.79,3017.37,2999.22,Grocery,Online,Low Value,Bronze,135,Medium,1,High Risk
CUST102205,Michael Hanson,Female,52,Bengaluru,Karnataka,2022-08-31,2025-09-16,5,1.31,25,5,1199.42,5997.1,5983.83,Electronics,Online,Low Value,Bronze,285,High,1,High Risk
CUST102209,Abigail Wilson,Female,44,Mumbai,Maharashtra,2021-07-07,2025-06-27,2,0.5,2,1,1278.83,2557.66,3170.38,Home & Kitchen,Online,Low Value,Bronze,366,High,1,High Risk
CUST102210,John Holt,Female,36,Visakhapatnam,Andhra Pradesh,2022-10-04,2026-06-01,7,1.88,21,3,739.61,5177.27,5165.95,Sports,Online,Low Value,Bronze,27,Low,1,High Risk
CUST102211,Tracy Guzman,Female,25,Chennai,Tamil Nadu,2022-12-29,2024-10-07,4,1.15,32,8,719.67,2878.68,2879.96,Beauty,Online,Low Value,Bronze,629,High,1,High Risk
CUST102213,Melissa Foster,Female,37,Ahmedabad,Gujarat,2022-01-18,2026-05-06,3,0.68,15,5,595.75,1787.25,1792.36,Home & Kitchen,Online,Low Value,Bronze,53,Low,1,High Risk
CUST102214,Calvin Smith,Male,49,Patna,Bihar,2021-10-30,2025-12-17,1,0.5,3,3,2405.52,2405.52,5584.89,Home & Kitchen,Online,Low Value,Bronze,193,High,1,High Risk
CUST102216,Christine Wong,Female,37,Chennai,Tamil Nadu,2020-04-22,2025-01-06,1,0.5,7,7,512.75,512.75,1580.72,Sports,Online,Low Value,Bronze,538,High,1,High Risk
CUST102218,Cheryl Turner,Male,39,Jaipur,Rajasthan,2023-03-19,2026-02-10,1,0.5,7,7,1143.57,1143.57,1864.47,Fashion,Online,Low Value,Bronze,138,Medium,1,High Risk
CUST102220,Christian Park,Female,32,Chennai,Tamil Nadu,2019-10-31,2025-06-13,6,0.9,72,12,244.03,1464.18,1458.77,Sports,Online,Low Value,Bronze,380,High,1,High Risk
CUST102223,Amber Smith,Male,47,Surat,Gujarat,2019-07-08,2026-06-03,9,1.29,90,10,5038.46,45346.14,45217.02,Beauty,Online,Medium Value,Silver,25,Low,1,High Risk
CUST102230,Steven Butler,Male,18,Bengaluru,Karnataka,2023-03-13,2026-05-26,1,0.5,8,8,859.79,859.79,1408.86,Home & Kitchen,Online,Low Value,Bronze,33,Low,1,High Risk
CUST102232,Michael Smith,Male,38,Kanpur,Uttar Pradesh,2019-11-16,2024-08-04,11,1.67,55,5,809.48,8904.28,8919.68,Beauty,Offline,Low Value,Bronze,693,High,1,High Risk
CUST102233,Corey Cooper,Male,32,Patna,Bihar,2022-07-11,2025-07-30,5,1.27,35,7,338.87,1694.35,1699.07,Electronics,Offline,Low Value,Bronze,333,High,1,High Risk
CUST102236,Bonnie Carter,Female,38,Jaipur,Rajasthan,2020-05-18,2025-05-10,6,0.98,30,5,1195.03,7170.18,7137.4,Beauty,Online,Low Value,Bronze,414,High,1,High Risk
CUST102240,Paul Estrada,Female,26,Coimbatore,Tamil Nadu,2022-02-09,2026-02-09,2,0.5,4,2,2190.32,4380.64,4779.43,Electronics,Offline,Low Value,Bronze,139,Medium,1,High Risk
CUST102242,Jason Chaney,Male,37,Lucknow,Uttar Pradesh,2023-10-05,2026-05-17,5,1.84,30,6,4995.25,24976.25,24937.82,Grocery,Online,Medium Value,Bronze,42,Low,1,High Risk
CUST102243,Daniel Williams,Female,33,Madurai,Tamil Nadu,2020-01-01,2026-02-21,5,0.77,30,6,1923.22,9616.1,9584.67,Fashion,Online,Low Value,Bronze,127,Medium,1,High Risk
CUST102244,Stanley Kelly,Male,18,Visakhapatnam,Andhra Pradesh,2019-01-24,2026-02-06,2,0.5,18,9,1163.08,2326.16,4308.41,Grocery,Offline,Low Value,Bronze,142,Medium,1,High Risk
CUST102247,Barbara Walker,Female,50,Chennai,Tamil Nadu,2019-09-08,2026-01-04,5,0.74,10,2,1144.83,5724.15,5749.88,Electronics,Online,Low Value,Bronze,175,Medium,1,High Risk
CUST102251,Michelle House,Male,49,Nagpur,Maharashtra,2023-11-18,2025-08-01,2,0.77,12,6,1309.73,2619.46,2614.76,Sports,Online,Low Value,Bronze,331,High,1,High Risk
CUST102253,Brian Bishop,Male,46,Chennai,Tamil Nadu,2022-10-11,2022-10-11,5,1.35,45,9,2306.77,11533.85,11510.17,Home & Kitchen,Offline,Low Value,Bronze,1356,High,1,High Risk
CUST102254,Theresa Colon,Male,31,Guwahati,Assam,2021-01-05,2025-06-08,6,1.1,24,4,1053.21,6319.26,6324.74,Sports,Online,Low Value,Bronze,385,High,1,High Risk
CUST102259,Chad Allison,Female,69,Kolkata,West Bengal,2019-05-04,2026-06-01,12,1.68,84,7,3511.01,42132.12,42084.83,Fashion,Online,Medium Value,Silver,27,Low,1,High Risk
CUST102262,Angela Watson,Female,31,Ahmedabad,Gujarat,2021-03-21,2025-11-20,3,0.57,27,9,1558.12,4674.36,4666.17,Fashion,Offline,Low Value,Bronze,220,High,1,High Risk
CUST102267,Heidi Johnson,Male,38,Ranchi,Jharkhand,2023-02-08,2024-01-21,2,0.59,6,3,937.38,1874.76,1862.44,Grocery,Online,Low Value,Bronze,889,High,1,High Risk
CUST102274,Michael Spencer,Female,48,Nashik,Maharashtra,2019-04-18,2025-05-03,9,1.25,27,3,929.69,8367.21,8342.39,Beauty,Offline,Low Value,Bronze,421,High,1,High Risk
CUST102276,Douglas Rose,Male,41,Bengaluru,Karnataka,2019-04-16,2025-07-28,2,0.5,2,1,762.71,1525.42,2739.7,Sports,Online,Low Value,Bronze,335,High,1,High Risk
CUST102278,Joshua Kramer,Male,22,Mumbai,Maharashtra,2019-08-12,2026-04-05,8,1.17,80,10,3304.48,26435.84,26526.49,Grocery,Offline,Medium Value,Bronze,84,Low,1,High Risk
CUST102286,Raymond Barber,Female,36,Kolkata,West Bengal,2022-11-17,2026-04-26,5,1.39,45,9,1378.59,6892.95,6888.5,Sports,Online,Low Value,Bronze,63,Low,1,High Risk
CUST102288,Heather Williams,Female,44,Nashik,Maharashtra,2020-06-03,2025-12-29,10,1.65,120,12,3136.4,31364.0,31312.48,Beauty,Online,Medium Value,Bronze,181,High,1,High Risk
CUST102302,Mr. Jeremiah Galvan MD,Male,32,Kanpur,Uttar Pradesh,2019-08-09,2026-06-09,10,1.46,40,4,1381.36,13813.6,13853.84,Home & Kitchen,Online,Low Value,Bronze,19,Low,1,High Risk
CUST102303,Samantha Thomas,Female,70,Ranchi,Jharkhand,2019-12-31,2025-03-28,9,1.39,63,7,4444.62,40001.58,40002.8,Beauty,Offline,Medium Value,Silver,457,High,1,High Risk
CUST102304,Michael Anderson,Male,57,Kolkata,West Bengal,2024-02-25,2026-03-25,3,1.29,18,6,643.66,1930.98,1927.76,Home & Kitchen,Online,Low Value,Bronze,95,Medium,1,High Risk
CUST102311,Dr. Charles Lawrence,Female,29,Ranchi,Jharkhand,2022-02-25,2025-09-08,1,0.5,8,8,809.47,809.47,1748.59,Home & Kitchen,Online,Low Value,Bronze,293,High,1,High Risk
CUST102312,Steven Small,Male,30,Lucknow,Uttar Pradesh,2019-01-04,2026-06-15,11,1.47,44,4,4605.69,50662.59,50529.81,Grocery,Offline,Medium Value,Silver,13,Low,1,High Risk
CUST102313,Robert Burns,Female,53,Nashik,Maharashtra,2019-01-02,2025-12-02,5,0.67,30,6,927.67,4638.35,4642.19,Sports,Online,Low Value,Bronze,208,High,1,High Risk
CUST102314,Gregory Harrell,Male,68,Mumbai,Maharashtra,2022-03-26,2026-01-27,2,0.5,8,4,544.26,1088.52,1154.08,Sports,Online,Low Value,Bronze,152,Medium,1,High Risk
CUST102320,Mary Ortiz,Male,37,Visakhapatnam,Andhra Pradesh,2022-07-04,2026-06-20,2,0.5,4,2,1336.66,2673.32,2651.36,Beauty,Offline,Low Value,Bronze,8,Low,1,High Risk
CUST102321,James Weaver,Male,42,Kanpur,Uttar Pradesh,2019-09-10,2026-05-29,3,0.5,9,3,387.07,1161.21,1312.49,Sports,Online,Low Value,Bronze,30,Low,1,High Risk
CUST102325,Becky Hansen,Female,34,Nagpur,Maharashtra,2021-03-01,2025-03-12,6,1.13,60,10,2039.4,12236.4,12234.0,Beauty,Online,Low Value,Bronze,473,High,1,High Risk
CUST102326,Luke Ray,Male,35,Madurai,Tamil Nadu,2023-06-20,2024-08-09,1,0.5,3,3,851.56,851.56,1279.96,Grocery,Offline,Low Value,Bronze,688,High,1,High Risk
CUST102332,Jennifer Williams,Male,45,Kolkata,West Bengal,2019-01-14,2026-05-28,14,1.88,154,11,5488.2,76834.8,76723.31,Grocery,Online,Medium Value,Silver,31,Low,1,High Risk
CUST102340,Jason Nguyen,Female,31,Nashik,Maharashtra,2022-01-21,2026-04-12,6,1.36,30,5,3234.46,19406.76,19426.06,Sports,Online,Medium Value,Bronze,77,Low,1,High Risk
CUST102344,John Russell,Female,35,Delhi,Delhi,2019-05-23,2025-09-19,5,0.71,35,7,1110.28,5551.4,5583.38,Electronics,Online,Low Value,Bronze,282,High,1,High Risk
CUST102353,Donna Stanton,Male,36,Vadodara,Gujarat,2023-01-16,2025-04-28,5,1.46,5,1,1643.54,8217.7,8231.78,Sports,Offline,Low Value,Bronze,426,High,1,High Risk
CUST102356,Mark Richards,Male,51,Lucknow,Uttar Pradesh,2021-08-30,2025-03-17,2,0.5,18,9,1159.03,2318.06,2787.7,Beauty,Offline,Low Value,Bronze,468,High,1,High Risk
CUST102363,David Bird,Male,34,Hyderabad,Telangana,2019-10-21,2026-05-27,13,1.95,13,1,4727.79,61461.27,61486.51,Sports,Offline,Medium Value,Silver,32,Low,1,High Risk
CUST102369,Mariah Jones,Female,62,Kolkata,West Bengal,2021-12-17,2026-05-28,1,0.5,2,2,1296.62,1296.62,2925.16,Fashion,Online,Low Value,Bronze,31,Low,1,High Risk
CUST102371,Heather Hess,Male,27,Ahmedabad,Gujarat,2021-05-04,2026-05-23,2,0.5,2,1,1565.49,3130.98,4018.2,Home & Kitchen,Online,Low Value,Bronze,36,Low,1,High Risk
CUST102377,Elizabeth Robbins,Female,44,Surat,Gujarat,2021-04-05,2026-02-20,7,1.34,35,5,1313.42,9193.94,9174.56,Home & Kitchen,Online,Low Value,Bronze,128,Medium,1,High Risk
CUST102379,Tanner Mann,Female,38,Ahmedabad,Gujarat,2020-11-06,2025-04-09,2,0.5,4,2,1436.53,2873.06,4039.2,Home & Kitchen,Online,Low Value,Bronze,445,High,1,High Risk
CUST102381,Sergio Carroll,Male,48,Jaipur,Rajasthan,2021-08-14,2026-05-16,4,0.82,24,6,1314.64,5258.56,5232.86,Fashion,Online,Low Value,Bronze,43,Low,1,High Risk
CUST102382,Juan Keller MD,Female,31,Indore,Madhya Pradesh,2023-12-17,2026-05-19,4,1.59,4,1,412.13,1648.52,1646.96,Beauty,Offline,Low Value,Bronze,40,Low,1,High Risk
CUST102385,Crystal Mills,Female,58,Lucknow,Uttar Pradesh,2021-06-08,2026-03-27,10,1.99,10,1,4711.71,47117.1,47234.49,Sports,Online,Medium Value,Silver,93,Medium,1,High Risk
CUST102387,Melissa Patel MD,Male,49,Pune,Maharashtra,2020-06-18,2025-12-11,10,1.66,130,13,747.77,7477.7,7459.68,Beauty,Online,Low Value,Bronze,199,High,1,High Risk
CUST102388,Jordan Pace,Male,47,Chandigarh,Chandigarh,2019-03-25,2026-01-20,10,1.38,100,10,539.97,5399.7,5398.19,Beauty,Online,Low Value,Bronze,159,Medium,1,High Risk
CUST102394,Aaron Lee,Female,38,Coimbatore,Tamil Nadu,2022-05-06,2024-07-10,4,0.97,44,11,1655.68,6622.72,6630.7,Fashion,Online,Low Value,Bronze,718,High,1,High Risk
CUST102408,Mark Jones,Female,50,Bengaluru,Karnataka,2020-03-10,2025-11-11,7,1.11,42,6,499.29,3495.03,3482.32,Beauty,Online,Low Value,Bronze,229,High,1,High Risk
CUST102415,Corey Garcia,Female,32,Bhopal,Madhya Pradesh,2023-04-02,2026-03-07,6,1.86,42,7,711.81,4270.86,4266.42,Grocery,Online,Low Value,Bronze,113,Medium,1,High Risk
CUST102422,Patricia Hernandez,Male,49,Nashik,Maharashtra,2021-04-09,2025-12-14,2,0.5,10,5,305.46,610.92,794.49,Fashion,Online,Low Value,Bronze,196,High,1,High Risk
CUST102425,Jonathon Conley,Female,56,Nagpur,Maharashtra,2023-03-10,2024-07-03,3,0.91,12,4,256.21,768.63,766.0,Beauty,Offline,Low Value,Bronze,725,High,1,High Risk
CUST102427,Terry Glover,Female,30,Nagpur,Maharashtra,2019-03-25,2026-04-05,12,1.66,24,2,200.0,2400.0,2405.13,Electronics,Online,Low Value,Bronze,84,Low,1,High Risk
CUST102432,Daniel Smith,Female,39,Kanpur,Uttar Pradesh,2019-03-20,2026-04-24,13,1.79,65,5,392.39,5101.07,5097.89,Fashion,Offline,Low Value,Bronze,65,Low,1,High Risk
CUST102437,Alvin Wilson,Female,42,Nashik,Maharashtra,2020-11-16,2025-12-22,8,1.43,80,10,2422.49,19379.92,19386.02,Grocery,Offline,Medium Value,Bronze,188,High,1,High Risk
CUST102442,Alex Cameron,Female,38,Ranchi,Jharkhand,2021-10-26,2026-02-16,1,0.5,4,4,1174.57,1174.57,2733.43,Sports,Online,Low Value,Bronze,132,Medium,1,High Risk
CUST102443,Alisha Byrd,Male,22,Indore,Madhya Pradesh,2020-06-26,2026-03-28,3,0.5,18,6,200.0,600.0,598.77,Fashion,Online,Low Value,Bronze,92,Medium,1,High Risk
CUST102444,Richard Rodriguez,Male,22,Bengaluru,Karnataka,2019-09-19,2026-05-22,7,1.04,91,13,3347.29,23431.03,23522.4,Home & Kitchen,Offline,Medium Value,Bronze,37,Low,1,High Risk
CUST102451,Dana Williams,Male,37,Chennai,Tamil Nadu,2021-06-15,2026-02-28,1,0.5,5,5,1987.27,1987.27,4986.54,Fashion,Online,Low Value,Bronze,120,Medium,1,High Risk
CUST102457,Jordan Potter,Male,43,Lucknow,Uttar Pradesh,2023-11-16,2026-01-06,5,1.92,50,10,4704.94,23524.7,23470.98,Electronics,Online,Medium Value,Bronze,173,Medium,1,High Risk
CUST102461,James Morse,Female,38,Coimbatore,Tamil Nadu,2023-01-07,2023-08-12,1,0.5,4,4,1359.93,1359.93,2349.39,Beauty,Offline,Low Value,Bronze,1051,High,1,High Risk
CUST102463,Scott Foster,Male,40,Chennai,Tamil Nadu,2021-04-10,2025-10-04,7,1.35,70,10,5084.86,35594.02,35690.08,Grocery,Offline,Medium Value,Silver,267,High,1,High Risk
CUST102471,Heather Miller,Male,32,Chandigarh,Chandigarh,2020-09-04,2025-08-11,6,1.04,24,4,200.0,1200.0,1205.57,Home & Kitchen,Online,Low Value,Bronze,321,High,1,High Risk
CUST102472,Kayla Schneider,Female,31,Mumbai,Maharashtra,2020-01-04,2024-09-24,5,0.77,10,2,710.7,3553.5,3537.39,Home & Kitchen,Offline,Low Value,Bronze,642,High,1,High Risk
CUST102473,Tammy Garcia,Female,51,Nagpur,Maharashtra,2023-01-26,2025-01-23,4,1.18,48,12,1653.54,6614.16,6640.15,Electronics,Online,Low Value,Bronze,521,High,1,High Risk
CUST102477,Yolanda Murillo,Female,26,Delhi,Delhi,2019-11-27,2024-12-12,7,1.07,63,9,1503.62,10525.34,10567.25,Fashion,Online,Low Value,Bronze,563,High,1,High Risk
CUST102479,Elijah Short,Male,40,Kanpur,Uttar Pradesh,2020-07-23,2025-07-19,4,0.68,40,10,1343.72,5374.88,5403.58,Home & Kitchen,Offline,Low Value,Bronze,344,High,1,High Risk
CUST102481,Mary Kennedy,Male,41,Nashik,Maharashtra,2021-12-10,2025-07-29,3,0.66,21,7,1360.41,4081.23,4068.38,Grocery,Online,Low Value,Bronze,334,High,1,High Risk
CUST102482,Paige Hernandez,Male,38,Kanpur,Uttar Pradesh,2023-11-04,2025-11-04,2,0.76,18,9,346.05,692.1,691.97,Fashion,Online,Low Value,Bronze,236,High,1,High Risk
CUST102484,Jose Hartman,Male,18,Surat,Gujarat,2019-08-06,2026-01-18,11,1.6,110,10,5743.87,63182.57,63205.37,Grocery,Offline,Medium Value,Silver,161,Medium,1,High Risk
CUST102485,Miranda Murray,Female,30,Surat,Gujarat,2019-10-05,2026-01-08,2,0.5,4,2,1163.67,2327.34,3905.98,Electronics,Online,Low Value,Bronze,171,Medium,1,High Risk
CUST102487,Melissa Clark,Male,26,Chennai,Tamil Nadu,2022-06-07,2025-12-15,4,0.99,20,5,200.0,800.0,800.13,Electronics,Online,Low Value,Bronze,195,High,1,High Risk
CUST102492,Richard Medina,Female,39,Kochi,Kerala,2019-05-15,2026-02-21,3,0.5,30,10,1312.78,3938.34,4663.47,Fashion,Online,Low Value,Bronze,127,Medium,1,High Risk
CUST102498,Brian Hudson,Female,42,Madurai,Tamil Nadu,2019-02-25,2025-12-11,5,0.68,40,8,1078.97,5394.85,5371.42,Sports,Offline,Low Value,Bronze,199,High,1,High Risk
CUST102500,Juan Johnson,Male,44,Hyderabad,Telangana,2020-01-31,2025-02-21,8,1.25,40,5,2785.11,22280.88,22246.57,Home & Kitchen,Online,Medium Value,Bronze,492,High,1,High Risk
CUST102501,Katherine Lopez,Other,46,Guwahati,Assam,2023-10-24,2026-04-11,2,0.75,12,6,720.97,1441.94,1438.98,Beauty,Online,Low Value,Bronze,78,Low,1,High Risk
CUST102503,Matthew Jones,Female,51,Madurai,Tamil Nadu,2020-08-29,2026-03-31,2,0.5,6,3,2915.28,5830.56,8472.47,Sports,Offline,Low Value,Bronze,89,Low,1,High Risk
CUST102506,Joshua Mendoza,Female,18,Jaipur,Rajasthan,2019-08-13,2025-10-18,6,0.87,18,3,1326.62,7959.72,7915.59,Electronics,Online,Low Value,Bronze,253,High,1,High Risk
CUST102508,Daniel Reynolds,Male,48,Chennai,Tamil Nadu,2021-03-29,2026-05-05,5,0.96,40,8,1138.63,5693.15,5719.06,Grocery,Offline,Low Value,Bronze,54,Low,1,High Risk
CUST102509,Karen Munoz,Male,28,Chandigarh,Chandigarh,2023-05-15,2025-08-11,4,1.29,20,5,200.0,800.0,801.02,Home & Kitchen,Offline,Low Value,Bronze,321,High,1,High Risk
CUST102515,Donna Ibarra,Female,40,Mumbai,Maharashtra,2019-03-26,2025-07-15,6,0.83,48,8,229.14,1374.84,1377.26,Home & Kitchen,Online,Low Value,Bronze,348,High,1,High Risk
CUST102519,Judith Bartlett,Female,32,Bengaluru,Karnataka,2019-10-27,2024-08-26,3,0.5,27,9,545.68,1637.04,1815.2,Sports,Offline,Low Value,Bronze,671,High,1,High Risk
CUST102524,Johnny Riddle,Female,21,Visakhapatnam,Andhra Pradesh,2019-07-29,2025-12-20,4,0.58,20,5,953.34,3813.36,3814.93,Grocery,Online,Low Value,Bronze,190,High,1,High Risk
CUST102527,David Hunter,Male,34,Lucknow,Uttar Pradesh,2023-06-24,2023-07-26,1,0.5,3,3,869.06,869.06,1301.51,Fashion,Offline,Low Value,Bronze,1068,High,1,High Risk
CUST102531,Thomas Murphy,Female,30,Chandigarh,Chandigarh,2019-05-10,2026-05-17,3,0.5,6,2,936.57,2809.71,3333.45,Sports,Offline,Low Value,Bronze,42,Low,1,High Risk
CUST102534,Robert Skinner,Female,44,Ranchi,Jharkhand,2021-03-08,2026-06-20,6,1.13,6,1,1545.86,9275.16,9239.86,Fashion,Online,Low Value,Bronze,8,Low,1,High Risk
CUST102535,Albert Garcia,Female,30,Coimbatore,Tamil Nadu,2019-07-10,2025-12-10,1,0.5,7,7,1148.66,1148.66,3992.4,Sports,Online,Low Value,Bronze,200,High,1,High Risk
CUST102536,Joseph Myers,Female,48,Patna,Bihar,2022-04-17,2025-06-01,1,0.5,5,5,354.22,354.22,740.44,Electronics,Online,Low Value,Bronze,392,High,1,High Risk
CUST102539,Michael Robinson,Female,44,Coimbatore,Tamil Nadu,2022-03-04,2025-03-24,1,0.5,6,6,636.13,636.13,1368.05,Beauty,Offline,Low Value,Bronze,461,High,1,High Risk
CUST102541,Michelle Prince,Male,25,Pune,Maharashtra,2021-04-12,2026-01-14,3,0.58,6,2,950.27,2850.81,2862.54,Beauty,Offline,Low Value,Bronze,165,Medium,1,High Risk
CUST102542,Eric Williams,Other,31,Patna,Bihar,2023-10-26,2026-05-05,5,1.88,15,3,667.12,3335.6,3330.76,Grocery,Online,Low Value,Bronze,54,Low,1,High Risk
CUST102548,Carol Jackson,Female,38,Indore,Madhya Pradesh,2019-02-22,2026-04-30,5,0.68,70,14,2068.68,10343.4,10310.04,Sports,Online,Low Value,Bronze,59,Low,1,High Risk
CUST102552,Howard Thompson,Male,38,Mumbai,Maharashtra,2019-05-04,2026-05-05,5,0.7,20,4,1497.07,7485.35,7476.95,Beauty,Offline,Low Value,Bronze,54,Low,1,High Risk
CUST102553,Eugene Price,Female,50,Nashik,Maharashtra,2022-11-02,2025-11-08,2,0.55,12,6,1791.32,3582.64,3582.15,Beauty,Online,Low Value,Bronze,232,High,1,High Risk
CUST102555,Jackie Jones,Female,46,Bengaluru,Karnataka,2023-12-25,2025-08-26,1,0.5,6,6,200.0,200.0,249.14,Sports,Online,Low Value,Bronze,306,High,1,High Risk
CUST102560,Valerie Benson,Male,39,Nashik,Maharashtra,2019-11-27,2026-05-22,5,0.76,25,5,853.08,4265.4,4258.37,Beauty,Online,Low Value,Bronze,37,Low,1,High Risk
CUST102569,Dan Johnson,Male,47,Kolkata,West Bengal,2021-01-21,2025-12-29,1,0.5,7,7,1570.31,1570.31,4251.98,Beauty,Online,Low Value,Bronze,181,High,1,High Risk
CUST102570,Linda Bautista,Female,53,Chandigarh,Chandigarh,2019-09-09,2025-06-26,9,1.33,63,7,200.0,1800.0,1804.65,Grocery,Online,Low Value,Bronze,367,High,1,High Risk
CUST102576,Danielle Mcdaniel,Male,38,Ranchi,Jharkhand,2019-02-01,2026-06-04,2,0.5,8,4,955.57,1911.14,3529.26,Electronics,Online,Low Value,Bronze,24,Low,1,High Risk
CUST102577,Lisa James,Male,43,Surat,Gujarat,2023-05-24,2025-07-14,6,1.95,54,9,1916.55,11499.3,11511.11,Grocery,Online,Low Value,Bronze,349,High,1,High Risk
CUST102581,Kevin Guerra,Female,48,Kanpur,Uttar Pradesh,2019-06-29,2026-03-25,8,1.15,8,1,1303.06,10424.48,10461.94,Home & Kitchen,Online,Low Value,Bronze,95,Medium,1,High Risk
CUST102582,Cynthia Miller,Female,31,Madurai,Tamil Nadu,2022-06-23,2026-02-19,7,1.75,91,13,5273.42,36913.94,36888.67,Grocery,Offline,Medium Value,Silver,129,Medium,1,High Risk
CUST102589,Sally Leon,Male,31,Jaipur,Rajasthan,2022-06-12,2026-04-27,7,1.74,7,1,2208.21,15457.47,15474.34,Home & Kitchen,Online,Medium Value,Bronze,62,Low,1,High Risk
CUST102591,Tammy Larson,Male,31,Delhi,Delhi,2021-03-25,2026-04-03,3,0.57,18,6,1401.72,4205.16,4189.04,Grocery,Online,Low Value,Bronze,86,Low,1,High Risk
CUST102595,Christopher Lopez,Female,27,Patna,Bihar,2020-05-22,2026-02-03,7,1.15,42,6,1627.99,11395.93,11389.47,Fashion,Online,Low Value,Bronze,145,Medium,1,High Risk
CUST102602,Miranda Hicks,Female,40,Pune,Maharashtra,2020-01-30,2025-02-09,7,1.09,49,7,2402.18,16815.26,16738.97,Beauty,Online,Medium Value,Bronze,504,High,1,High Risk
CUST102608,Lance Lynn,Female,47,Patna,Bihar,2023-03-21,2025-06-19,6,1.84,18,3,2449.16,14694.96,14669.88,Grocery,Online,Medium Value,Bronze,374,High,1,High Risk
CUST102613,Eric Ponce,Male,53,Bengaluru,Karnataka,2022-10-15,2025-08-19,2,0.54,2,1,1522.97,3045.94,3030.68,Beauty,Offline,Low Value,Bronze,313,High,1,High Risk
CUST102618,Jennifer Parker,Male,35,Jaipur,Rajasthan,2023-03-03,2025-11-24,2,0.61,18,9,2741.55,5483.1,5526.41,Electronics,Online,Low Value,Bronze,216,High,1,High Risk
CUST102621,Carolyn Brooks,Female,42,Ahmedabad,Gujarat,2023-08-15,2026-03-30,2,0.7,4,2,1485.35,2970.7,2966.23,Fashion,Online,Low Value,Bronze,90,Low,1,High Risk
CUST102623,Joanne Olsen,Female,23,Visakhapatnam,Andhra Pradesh,2021-10-13,2025-02-14,3,0.64,15,5,1534.34,4603.02,4605.41,Electronics,Offline,Low Value,Bronze,499,High,1,High Risk
CUST102631,Kevin Huerta,Female,64,Delhi,Delhi,2022-03-05,2025-02-16,8,1.86,56,7,1730.67,13845.36,13836.83,Fashion,Offline,Low Value,Bronze,497,High,1,High Risk
CUST102636,Dr. Teresa Ortega MD,Male,24,Kanpur,Uttar Pradesh,2023-11-19,2025-07-15,2,0.77,22,11,1248.57,2497.14,2490.03,Home & Kitchen,Online,Low Value,Bronze,348,High,1,High Risk
CUST102637,Henry Rivera,Female,22,Surat,Gujarat,2022-10-14,2026-06-10,2,0.54,12,6,1587.01,3174.02,3160.46,Grocery,Online,Low Value,Bronze,18,Low,1,High Risk
CUST102638,Jesus Hale,Female,29,Ahmedabad,Gujarat,2021-01-31,2026-03-02,3,0.56,12,4,644.34,1933.02,1944.19,Grocery,Offline,Low Value,Bronze,118,Medium,1,High Risk
CUST102639,Stacy Taylor,Male,58,Kochi,Kerala,2019-04-06,2025-05-19,2,0.5,4,2,680.1,1360.2,2452.27,Home & Kitchen,Offline,Low Value,Bronze,405,High,1,High Risk
CUST102646,Jeremy Lawson,Male,39,Visakhapatnam,Andhra Pradesh,2023-01-20,2025-09-24,2,0.58,4,2,945.13,1890.26,1874.53,Electronics,Offline,Low Value,Bronze,277,High,1,High Risk
CUST102647,Lonnie Miller,Female,70,Bhopal,Madhya Pradesh,2021-06-04,2026-04-26,9,1.78,45,5,5063.66,45572.94,45504.59,Sports,Online,Medium Value,Silver,63,Low,1,High Risk
CUST102648,Timothy Galvan,Female,47,Ahmedabad,Gujarat,2022-11-07,2025-05-20,6,1.66,84,14,200.0,1200.0,1202.56,Home & Kitchen,Online,Low Value,Bronze,404,High,1,High Risk
CUST102654,Carol Griffin,Male,53,Kolkata,West Bengal,2019-01-10,2025-11-16,10,1.34,60,6,1424.46,14244.6,14214.57,Fashion,Offline,Low Value,Bronze,224,High,1,High Risk
CUST102656,Paul Keller,Female,31,Mumbai,Maharashtra,2023-12-19,2026-03-23,1,0.5,3,3,786.65,786.65,986.41,Sports,Online,Low Value,Bronze,97,Medium,1,High Risk
CUST102661,Joseph Swanson,Female,51,Bhopal,Madhya Pradesh,2023-09-15,2026-05-15,2,0.72,20,10,1357.56,2715.12,2705.53,Grocery,Online,Low Value,Bronze,44,Low,1,High Risk
CUST102668,Patrick Pineda,Male,49,Patna,Bihar,2022-11-08,2026-05-21,5,1.38,15,3,2013.74,10068.7,10058.28,Sports,Online,Low Value,Bronze,38,Low,1,High Risk
CUST102672,Veronica Flores,Male,23,Indore,Madhya Pradesh,2024-02-11,2026-06-21,1,0.5,1,1,605.37,605.37,714.34,Grocery,Offline,Low Value,Bronze,7,Low,1,High Risk
CUST102674,Lindsay Walker,Male,28,Patna,Bihar,2020-02-24,2026-04-21,12,1.9,24,2,920.13,11041.56,11056.68,Beauty,Online,Low Value,Bronze,68,Low,1,High Risk
CUST102687,Michael Mooney,Male,41,Kochi,Kerala,2020-11-27,2026-03-05,9,1.62,27,3,2409.88,21688.92,21729.89,Sports,Online,Medium Value,Bronze,115,Medium,1,High Risk
CUST102694,Charles Robinson,Male,29,Visakhapatnam,Andhra Pradesh,2019-05-18,2026-06-05,8,1.13,8,1,411.3,3290.4,3298.24,Electronics,Online,Low Value,Bronze,23,Low,1,High Risk
CUST102697,Brittany Clements MD,Male,37,Delhi,Delhi,2019-05-10,2026-01-08,8,1.12,16,2,3269.4,26155.2,26065.69,Sports,Offline,Medium Value,Bronze,171,Medium,1,High Risk
CUST102698,Tammy Davis,Female,36,Patna,Bihar,2022-05-15,2025-09-13,6,1.46,36,6,886.46,5318.76,5311.58,Grocery,Offline,Low Value,Bronze,288,High,1,High Risk
CUST102699,Catherine Williams,Male,18,Coimbatore,Tamil Nadu,2021-06-14,2025-08-08,1,0.5,7,7,861.21,861.21,2162.16,Electronics,Online,Low Value,Bronze,324,High,1,High Risk
CUST102701,Jennifer Johnson,Male,42,Kochi,Kerala,2021-02-23,2026-05-20,6,1.13,12,2,1602.68,9616.08,9643.94,Beauty,Offline,Low Value,Bronze,39,Low,1,High Risk
CUST102704,Rebecca Barrett,Male,35,Patna,Bihar,2023-02-10,2025-12-07,6,1.78,48,8,765.57,4593.42,4581.56,Home & Kitchen,Online,Low Value,Bronze,203,High,1,High Risk
CUST102705,Sharon Santos,Male,24,Kolkata,West Bengal,2019-02-22,2025-09-24,4,0.55,28,7,634.97,2539.88,2559.61,Grocery,Online,Low Value,Bronze,277,High,1,High Risk
CUST102709,Laura Hill,Male,27,Pune,Maharashtra,2019-06-20,2025-10-28,8,1.14,144,18,363.93,2911.44,2906.72,Electronics,Online,Low Value,Bronze,243,High,1,High Risk
CUST102710,Rebecca White,Female,54,Nashik,Maharashtra,2022-12-14,2024-10-27,1,0.5,6,6,889.17,889.17,1565.33,Fashion,Offline,Low Value,Bronze,609,High,1,High Risk
CUST102718,Catherine George,Female,44,Jaipur,Rajasthan,2021-10-10,2026-03-11,5,1.06,45,9,731.66,3658.3,3643.7,Fashion,Online,Low Value,Bronze,109,Medium,1,High Risk
CUST102720,Carl Harris,Male,32,Guwahati,Assam,2021-04-07,2026-05-06,2,0.5,8,4,2125.38,4250.76,5533.84,Electronics,Offline,Low Value,Bronze,53,Low,1,High Risk
CUST102728,Joshua Clark,Female,32,Visakhapatnam,Andhra Pradesh,2019-03-15,2025-10-01,9,1.24,144,16,1284.57,11561.13,11582.9,Home & Kitchen,Online,Low Value,Bronze,270,High,1,High Risk
CUST102733,David James,Other,38,Vadodara,Gujarat,2020-01-13,2025-05-22,1,0.5,1,1,612.45,612.45,1971.91,Fashion,Offline,Low Value,Bronze,402,High,1,High Risk
CUST102734,Jennifer Miller,Male,37,Kolkata,West Bengal,2019-02-10,2026-05-06,11,1.49,176,16,1220.04,13420.44,13383.23,Home & Kitchen,Online,Low Value,Bronze,53,Low,1,High Risk
CUST102735,Jeffery Neal,Other,41,Kanpur,Uttar Pradesh,2019-01-30,2024-08-27,8,1.08,48,6,2618.34,20946.72,20903.71,Fashion,Online,Medium Value,Bronze,670,High,1,High Risk
CUST102736,Andrea Oconnor,Female,34,Hyderabad,Telangana,2024-04-11,2025-02-15,1,0.5,5,5,997.41,997.41,1095.03,Fashion,Online,Low Value,Bronze,498,High,1,High Risk
CUST102738,Samantha Jacobs,Female,38,Ahmedabad,Gujarat,2020-10-14,2026-04-08,1,0.5,5,5,897.54,897.54,2551.94,Fashion,Online,Low Value,Bronze,81,Low,1,High Risk
CUST102745,Wayne Gray,Male,42,Ranchi,Jharkhand,2021-10-20,2025-06-08,9,1.93,99,11,708.76,6378.84,6389.18,Beauty,Offline,Low Value,Bronze,385,High,1,High Risk
CUST102748,Joseph Graves PhD,Male,18,Kanpur,Uttar Pradesh,2023-02-26,2026-05-31,1,0.5,7,7,1475.98,1475.98,2448.85,Sports,Online,Low Value,Bronze,28,Low,1,High Risk
CUST102757,Lee Mann,Female,40,Jaipur,Rajasthan,2022-06-10,2024-09-10,7,1.74,56,8,695.87,4871.09,4883.04,Sports,Offline,Low Value,Bronze,656,High,1,High Risk
CUST102758,William Lindsey,Male,33,Ahmedabad,Gujarat,2022-07-30,2026-05-23,3,0.77,15,5,1001.34,3004.02,3003.91,Home & Kitchen,Online,Low Value,Bronze,36,Low,1,High Risk
CUST102767,Karen Robertson,Female,36,Chennai,Tamil Nadu,2020-03-30,2025-08-01,12,1.93,216,18,3402.48,40829.76,40901.95,Sports,Online,Medium Value,Silver,331,High,1,High Risk
CUST102769,Nichole Klein,Male,22,Ranchi,Jharkhand,2019-07-12,2026-02-06,5,0.72,20,4,3302.85,16514.25,16517.78,Grocery,Online,Medium Value,Bronze,142,Medium,1,High Risk
CUST102781,Eric Fitzpatrick,Male,39,Kochi,Kerala,2020-02-10,2026-05-14,5,0.79,25,5,1431.28,7156.4,7194.45,Home & Kitchen,Offline,Low Value,Bronze,45,Low,1,High Risk
CUST102782,Samantha Johnson,Male,45,Surat,Gujarat,2023-06-02,2025-05-02,1,0.5,7,7,384.98,384.98,588.14,Home & Kitchen,Offline,Low Value,Bronze,422,High,1,High Risk
CUST102783,Luke Freeman,Female,45,Bengaluru,Karnataka,2020-01-22,2024-11-30,10,1.56,90,9,1761.67,17616.7,17629.14,Grocery,Offline,Medium Value,Bronze,575,High,1,High Risk
CUST102784,Luis Murphy,Male,45,Indore,Madhya Pradesh,2019-04-15,2025-06-25,4,0.56,20,5,1752.23,7008.92,7052.1,Home & Kitchen,Offline,Low Value,Bronze,368,High,1,High Risk
CUST102785,Aaron Zamora,Female,37,Coimbatore,Tamil Nadu,2022-05-30,2026-02-28,7,1.72,35,5,3386.75,23707.25,23667.66,Fashion,Online,Medium Value,Bronze,120,Medium,1,High Risk
CUST102786,Henry Garcia,Male,54,Lucknow,Uttar Pradesh,2022-03-14,2025-09-06,8,1.87,32,4,200.0,1600.0,1598.4,Beauty,Online,Low Value,Bronze,295,High,1,High Risk
CUST102788,John Moore,Female,45,Nagpur,Maharashtra,2020-03-29,2026-01-10,9,1.44,45,5,928.86,8359.74,8334.79,Home & Kitchen,Online,Low Value,Bronze,169,Medium,1,High Risk
CUST102789,Courtney Foster,Male,19,Guwahati,Assam,2022-08-16,2025-04-12,7,1.82,84,12,1899.15,13294.05,13305.33,Beauty,Offline,Low Value,Bronze,442,High,1,High Risk
CUST102798,Rebecca Klein,Female,49,Visakhapatnam,Andhra Pradesh,2021-08-20,2025-10-28,2,0.5,14,7,2549.88,5099.76,6167.88,Grocery,Offline,Low Value,Bronze,243,High,1,High Risk
CUST102800,Tammy Cameron,Male,42,Mumbai,Maharashtra,2023-09-27,2026-02-27,4,1.46,24,6,2833.07,11332.28,11313.2,Sports,Offline,Low Value,Bronze,121,Medium,1,High Risk
CUST102801,Brian Rodriguez,Male,31,Chennai,Tamil Nadu,2021-01-20,2026-02-01,2,0.5,8,4,2203.94,4407.88,5970.7,Beauty,Offline,Low Value,Bronze,147,Medium,1,High Risk
CUST102802,Christopher Porter,Female,39,Lucknow,Uttar Pradesh,2021-05-15,2025-09-27,9,1.76,36,4,1338.02,12042.18,12017.97,Grocery,Online,Low Value,Bronze,274,High,1,High Risk
CUST102803,Cynthia Gregory,Female,44,Coimbatore,Tamil Nadu,2021-12-19,2023-12-08,4,0.89,24,6,679.84,2719.36,2726.69,Fashion,Online,Low Value,Bronze,933,High,1,High Risk
CUST102805,Dylan Tucker,Female,28,Nashik,Maharashtra,2022-07-08,2026-05-05,4,1.01,4,1,615.0,2460.0,2457.39,Grocery,Online,Low Value,Bronze,54,Low,1,High Risk
CUST102809,Christina Mccarthy,Male,53,Jaipur,Rajasthan,2021-06-04,2026-05-03,3,0.59,18,6,1399.84,4199.52,4169.66,Sports,Offline,Low Value,Bronze,56,Low,1,High Risk
CUST102810,Meredith Shaw,Male,36,Nashik,Maharashtra,2021-05-16,2026-04-11,5,0.98,55,11,3242.03,16210.15,16205.62,Home & Kitchen,Online,Medium Value,Bronze,78,Low,1,High Risk
CUST102815,Jason Torres,Male,42,Ahmedabad,Gujarat,2023-02-05,2025-09-04,1,0.5,5,5,1857.03,1857.03,3134.45,Fashion,Online,Low Value,Bronze,297,High,1,High Risk
CUST102820,Andrew Williams,Male,33,Visakhapatnam,Andhra Pradesh,2021-11-19,2026-01-05,3,0.65,15,5,822.29,2466.87,2452.57,Electronics,Offline,Low Value,Bronze,174,Medium,1,High Risk
CUST102822,Ashlee Lopez,Male,28,Kochi,Kerala,2019-01-17,2025-02-10,7,0.94,49,7,3280.38,22962.66,22904.01,Fashion,Offline,Medium Value,Bronze,503,High,1,High Risk
CUST102826,Richard Rice,Male,22,Madurai,Tamil Nadu,2022-09-20,2026-01-31,7,1.86,56,8,3634.48,25441.36,25374.79,Fashion,Online,Medium Value,Bronze,148,Medium,1,High Risk
CUST102830,Martha Lee,Male,53,Madurai,Tamil Nadu,2019-11-12,2026-06-03,13,1.97,195,15,2276.56,29595.28,29640.97,Electronics,Online,Medium Value,Bronze,25,Low,1,High Risk
CUST102834,Joshua King,Male,19,Mumbai,Maharashtra,2021-07-11,2026-03-06,9,1.82,99,11,775.07,6975.63,6978.79,Sports,Online,Low Value,Bronze,114,Medium,1,High Risk
CUST102835,Sarah Meadows,Female,42,Vadodara,Gujarat,2020-01-25,2026-05-17,11,1.72,22,2,200.0,2200.0,2203.86,Electronics,Online,Low Value,Bronze,42,Low,1,High Risk
CUST102836,Stephanie West,Male,27,Nashik,Maharashtra,2022-02-20,2026-06-15,5,1.15,20,4,1149.1,5745.5,5727.25,Sports,Offline,Low Value,Bronze,13,Low,1,High Risk
CUST102838,Timothy Gordon,Female,18,Hyderabad,Telangana,2021-11-01,2026-04-22,4,0.86,4,1,523.79,2095.16,2089.19,Sports,Online,Low Value,Bronze,67,Low,1,High Risk
CUST102842,Michael Berg,Female,38,Ranchi,Jharkhand,2022-04-28,2025-11-27,5,1.2,35,7,231.75,1158.75,1154.28,Fashion,Offline,Low Value,Bronze,213,High,1,High Risk
CUST102843,Carol Christensen,Male,48,Chandigarh,Chandigarh,2022-01-28,2026-02-05,1,0.5,7,7,200.0,200.0,439.7,Grocery,Offline,Low Value,Bronze,143,Medium,1,High Risk
CUST102848,Elizabeth Robinson,Female,53,Indore,Madhya Pradesh,2020-11-06,2026-01-24,5,0.89,95,19,4583.42,22917.1,22939.81,Beauty,Online,Medium Value,Bronze,155,Medium,1,High Risk
CUST102849,Kristen Jackson,Female,32,Nagpur,Maharashtra,2019-04-05,2026-04-02,14,1.94,112,8,4910.92,68752.88,68731.37,Grocery,Online,Medium Value,Silver,87,Low,1,High Risk
CUST102860,Veronica Osborne,Female,26,Chennai,Tamil Nadu,2022-11-28,2026-03-15,7,1.96,49,7,1254.03,8778.21,8761.63,Beauty,Offline,Low Value,Bronze,105,Medium,1,High Risk
CUST102862,Matthew Berg,Female,18,Visakhapatnam,Andhra Pradesh,2022-09-09,2024-10-18,4,1.06,24,6,1725.4,6901.6,6920.12,Fashion,Offline,Low Value,Bronze,618,High,1,High Risk
CUST102867,Anna White,Female,18,Delhi,Delhi,2024-03-23,2025-04-12,1,0.5,8,8,2411.84,2411.84,2710.64,Beauty,Online,Low Value,Bronze,442,High,1,High Risk
CUST102871,Andrea Jones,Female,42,Chennai,Tamil Nadu,2020-07-28,2026-03-29,7,1.19,42,6,873.4,6113.8,6132.21,Electronics,Online,Low Value,Bronze,91,Medium,1,High Risk
CUST102872,Terry Waller,Other,18,Bhopal,Madhya Pradesh,2020-02-10,2026-05-14,5,0.79,10,2,200.0,1000.0,1005.32,Fashion,Online,Low Value,Bronze,45,Low,1,High Risk
CUST102874,Lindsey Gray,Male,36,Indore,Madhya Pradesh,2019-11-23,2026-03-26,4,0.61,28,7,2400.12,9600.48,9632.22,Sports,Offline,Low Value,Bronze,94,Medium,1,High Risk
CUST102880,Christina Castillo,Female,46,Visakhapatnam,Andhra Pradesh,2019-04-09,2026-04-03,12,1.67,180,15,5526.86,66322.32,66485.29,Electronics,Online,Medium Value,Silver,86,Low,1,High Risk
CUST102881,Jill Martin,Female,57,Chandigarh,Chandigarh,2020-05-04,2024-12-23,6,0.98,30,5,788.77,4732.62,4740.61,Grocery,Online,Low Value,Bronze,552,High,1,High Risk
CUST102885,Sara Thomas,Other,43,Chandigarh,Chandigarh,2019-04-26,2025-01-07,4,0.56,40,10,1053.57,4214.28,4222.47,Grocery,Online,Low Value,Bronze,537,High,1,High Risk
CUST102886,Allison Simmons,Male,32,Guwahati,Assam,2020-07-20,2026-04-04,8,1.35,8,1,2370.45,18963.6,18950.94,Beauty,Online,Medium Value,Bronze,85,Low,1,High Risk
CUST102888,Janice Henson,Male,43,Chandigarh,Chandigarh,2020-05-15,2024-10-24,4,0.66,20,5,1622.46,6489.84,6534.88,Home & Kitchen,Online,Low Value,Bronze,612,High,1,High Risk
CUST102889,Ashley Jackson,Female,47,Visakhapatnam,Andhra Pradesh,2022-06-29,2024-03-14,1,0.5,9,9,1250.47,1250.47,2488.96,Home & Kitchen,Online,Low Value,Bronze,836,High,1,High Risk
CUST102892,Tamara Huang,Female,24,Bhopal,Madhya Pradesh,2019-01-01,2025-09-17,4,0.54,16,4,419.03,1676.12,1690.64,Beauty,Offline,Low Value,Bronze,284,High,1,High Risk
CUST102895,Elizabeth Roth,Female,18,Surat,Gujarat,2021-01-11,2025-10-31,4,0.73,16,4,1009.72,4038.88,4011.9,Beauty,Offline,Low Value,Bronze,240,High,1,High Risk
CUST102901,Karen Jones,Male,23,Kanpur,Uttar Pradesh,2022-11-28,2026-01-18,3,0.84,12,4,852.32,2556.96,2552.13,Home & Kitchen,Online,Low Value,Bronze,161,Medium,1,High Risk
CUST102906,Robert Valdez,Male,26,Ahmedabad,Gujarat,2019-07-15,2025-09-07,10,1.44,80,8,1048.8,10488.0,10477.84,Electronics,Online,Low Value,Bronze,294,High,1,High Risk
CUST102913,Amy Bailey,Male,35,Kolkata,West Bengal,2023-05-06,2025-08-04,5,1.6,5,1,1156.12,5780.6,5788.67,Home & Kitchen,Online,Low Value,Bronze,328,High,1,High Risk
CUST102916,Susan Sanchez,Male,18,Indore,Madhya Pradesh,2019-08-17,2026-04-22,1,0.5,8,8,1317.1,1317.1,4509.33,Grocery,Online,Low Value,Bronze,67,Low,1,High Risk
CUST102917,Amy Taylor,Male,28,Bengaluru,Karnataka,2023-06-09,2025-11-17,4,1.32,32,8,1621.35,6485.4,6498.18,Electronics,Online,Low Value,Bronze,223,High,1,High Risk
CUST102918,Michele Bennett,Female,43,Hyderabad,Telangana,2020-11-05,2026-06-07,11,1.96,143,13,4399.33,48392.63,48513.68,Fashion,Online,Medium Value,Silver,21,Low,1,High Risk
CUST102921,Sheila Johnson,Male,47,Chandigarh,Chandigarh,2020-11-11,2026-02-21,4,0.71,12,3,1916.63,7666.52,7633.93,Home & Kitchen,Online,Low Value,Bronze,127,Medium,1,High Risk
CUST102922,Bob Jones,Female,46,Jaipur,Rajasthan,2019-04-06,2025-07-19,1,0.5,4,4,1286.88,1286.88,4640.17,Sports,Online,Low Value,Bronze,344,High,1,High Risk
CUST102924,Patrick Adkins,Male,32,Chandigarh,Chandigarh,2020-09-19,2026-06-20,6,1.04,48,8,1587.22,9523.32,9499.77,Grocery,Offline,Low Value,Bronze,8,Low,1,High Risk
CUST102926,Richard Dominguez,Male,51,Mumbai,Maharashtra,2020-03-30,2025-10-03,3,0.5,12,4,640.24,1920.72,1993.9,Beauty,Online,Low Value,Bronze,268,High,1,High Risk
CUST102927,Christopher Ibarra,Female,32,Hyderabad,Telangana,2022-02-01,2024-08-02,2,0.5,12,6,1652.23,3304.46,3623.37,Fashion,Online,Low Value,Bronze,695,High,1,High Risk
CUST102928,Paul Gordon,Male,52,Pune,Maharashtra,2019-04-14,2025-07-22,9,1.25,27,3,908.3,8174.7,8162.89,Grocery,Online,Low Value,Bronze,341,High,1,High Risk
CUST102934,Manuel Robinson,Female,41,Pune,Maharashtra,2019-11-10,2025-10-22,2,0.5,4,2,1145.58,2291.16,3788.8,Electronics,Online,Low Value,Bronze,249,High,1,High Risk
CUST102936,Rose Mcdonald,Male,29,Patna,Bihar,2019-10-17,2025-02-15,2,0.5,14,7,1368.5,2737.0,4571.03,Fashion,Offline,Low Value,Bronze,498,High,1,High Risk
CUST102938,Robert Lucas,Female,31,Kolkata,West Bengal,2022-11-03,2026-05-18,6,1.65,18,3,1352.79,8116.74,8109.52,Electronics,Online,Low Value,Bronze,41,Low,1,High Risk
CUST102942,Nicole Parker,Male,33,Madurai,Tamil Nadu,2021-06-23,2025-08-07,8,1.6,96,12,6997.72,55981.76,55943.44,Fashion,Offline,Medium Value,Silver,325,High,1,High Risk
CUST102943,Margaret Johnson,Female,34,Ranchi,Jharkhand,2019-11-19,2024-10-24,7,1.06,56,8,2762.33,19336.31,19296.0,Home & Kitchen,Online,Medium Value,Bronze,612,High,1,High Risk
CUST102944,William Cunningham,Female,44,Hyderabad,Telangana,2023-02-08,2024-10-14,6,1.78,66,11,200.0,1200.0,1198.85,Fashion,Offline,Low Value,Bronze,622,High,1,High Risk
CUST102948,Paul Swanson,Male,24,Coimbatore,Tamil Nadu,2022-04-23,2026-05-13,5,1.2,15,3,5772.96,28864.8,28848.2,Electronics,Online,Medium Value,Bronze,46,Low,1,High Risk
CUST102949,Michele Davis,Female,23,Nagpur,Maharashtra,2022-08-31,2025-01-29,3,0.79,6,2,656.28,1968.84,1974.48,Beauty,Online,Low Value,Bronze,515,High,1,High Risk
CUST102952,Kevin Christian,Female,44,Visakhapatnam,Andhra Pradesh,2019-06-26,2026-05-22,11,1.57,55,5,333.32,3666.52,3657.81,Sports,Online,Low Value,Bronze,37,Low,1,High Risk
CUST102953,Christian Ford,Female,36,Kochi,Kerala,2019-05-16,2025-06-16,9,1.27,126,14,4140.33,37262.97,37343.79,Home & Kitchen,Online,Medium Value,Silver,377,High,1,High Risk
CUST102954,Anna Higgins,Male,43,Bhopal,Madhya Pradesh,2024-04-09,2025-12-04,1,0.5,2,2,1733.73,1733.73,1908.17,Grocery,Online,Low Value,Bronze,206,High,1,High Risk
CUST102956,Candace Stuart,Female,29,Kochi,Kerala,2019-01-27,2024-04-15,2,0.5,8,4,1547.96,3095.92,5727.77,Electronics,Online,Low Value,Bronze,804,High,1,High Risk
CUST102959,Isaac Chase,Male,52,Hyderabad,Telangana,2022-04-02,2025-05-19,5,1.18,30,6,1438.18,7190.9,7164.56,Beauty,Online,Low Value,Bronze,405,High,1,High Risk
CUST102962,Christian Burton,Female,47,Surat,Gujarat,2021-10-11,2025-09-26,5,1.06,85,17,4733.27,23666.35,23558.14,Grocery,Online,Medium Value,Bronze,275,High,1,High Risk
CUST102963,Robert Thomas PhD,Male,29,Ahmedabad,Gujarat,2019-06-17,2026-02-07,4,0.57,4,1,1506.08,6024.32,6021.6,Grocery,Online,Low Value,Bronze,141,Medium,1,High Risk
CUST102964,Tracy Harrington,Male,41,Ranchi,Jharkhand,2020-06-30,2026-03-17,5,0.84,30,6,200.0,1000.0,1004.09,Sports,Offline,Low Value,Bronze,103,Medium,1,High Risk
CUST102965,Brandon Edwards,Male,35,Ranchi,Jharkhand,2022-06-24,2024-08-13,1,0.5,8,8,1074.71,1074.71,2146.48,Grocery,Offline,Low Value,Bronze,684,High,1,High Risk
CUST102966,Candice Ramirez,Male,54,Madurai,Tamil Nadu,2021-10-13,2025-10-24,7,1.49,21,3,1440.41,10082.87,10065.6,Electronics,Offline,Low Value,Bronze,247,High,1,High Risk
CUST102967,Brandon White,Male,60,Chennai,Tamil Nadu,2019-12-29,2025-10-04,11,1.7,11,1,3521.64,38738.04,38797.34,Fashion,Online,Medium Value,Silver,267,High,1,High Risk
CUST102968,Deanna Kennedy,Female,48,Jaipur,Rajasthan,2021-08-31,2026-06-14,2,0.5,18,9,1278.4,2556.8,3073.06,Grocery,Online,Low Value,Bronze,14,Low,1,High Risk
CUST102972,Sylvia Anderson,Male,67,Kolkata,West Bengal,2022-01-22,2025-03-02,5,1.13,20,4,1116.66,5583.3,5568.96,Home & Kitchen,Online,Low Value,Bronze,483,High,1,High Risk
CUST102976,Maria Figueroa,Male,28,Delhi,Delhi,2019-01-06,2026-02-04,7,0.94,56,8,796.05,5572.35,5580.65,Home & Kitchen,Online,Low Value,Bronze,144,Medium,1,High Risk
CUST102978,Donna Moore,Female,41,Nagpur,Maharashtra,2020-02-10,2025-04-19,10,1.57,70,7,882.29,8822.9,8813.67,Beauty,Online,Low Value,Bronze,435,High,1,High Risk
CUST102979,Benjamin Price,Male,56,Madurai,Tamil Nadu,2019-06-11,2026-06-03,4,0.57,40,10,827.93,3311.72,3317.98,Fashion,Online,Low Value,Bronze,25,Low,1,High Risk
CUST102982,Nicholas Lowery,Male,47,Visakhapatnam,Andhra Pradesh,2022-04-23,2026-06-01,1,0.5,7,7,1939.64,1939.64,4038.59,Fashion,Offline,Low Value,Bronze,27,Low,1,High Risk
CUST102983,Patricia Gonzalez,Female,60,Mumbai,Maharashtra,2020-05-14,2026-05-08,10,1.64,50,5,1076.15,10761.5,10775.35,Home & Kitchen,Offline,Low Value,Bronze,51,Low,1,High Risk
CUST102985,Dr. John Ramirez,Female,18,Madurai,Tamil Nadu,2020-12-02,2025-11-18,2,0.5,10,5,200.0,400.0,555.24,Fashion,Online,Low Value,Bronze,222,High,1,High Risk
CUST102988,Jamie Mayer,Female,33,Kanpur,Uttar Pradesh,2020-10-03,2026-04-24,5,0.87,45,9,1120.45,5602.25,5572.52,Home & Kitchen,Online,Low Value,Bronze,65,Low,1,High Risk
CUST102989,Jeffrey Kennedy,Female,43,Vadodara,Gujarat,2022-01-09,2026-03-18,7,1.57,49,7,550.91,3856.37,3848.07,Electronics,Online,Low Value,Bronze,102,Medium,1,High Risk
CUST102991,Debra Reid,Male,29,Bhopal,Madhya Pradesh,2023-02-01,2025-02-21,6,1.77,24,4,1917.8,11506.8,11496.25,Electronics,Offline,Low Value,Bronze,492,High,1,High Risk
CUST102995,Anna Valenzuela,Female,38,Patna,Bihar,2020-10-19,2025-06-14,3,0.53,18,6,2401.98,7205.94,7221.79,Fashion,Online,Low Value,Bronze,379,High,1,High Risk
CUST102999,Michael Price,Other,50,Delhi,Delhi,2020-05-18,2026-04-22,5,0.82,35,7,1023.41,5117.05,5114.44,Grocery,Online,Low Value,Bronze,67,Low,1,High Risk
CUST103001,Michael Jensen,Male,45,Madurai,Tamil Nadu,2021-11-18,2024-06-07,7,1.52,7,1,1444.44,10111.08,10080.59,Sports,Online,Low Value,Bronze,751,High,1,High Risk
CUST103003,Nancy Stewart,Male,29,Indore,Madhya Pradesh,2019-09-17,2026-03-19,9,1.33,189,21,5218.46,46966.14,46935.42,Beauty,Online,Medium Value,Silver,101,Medium,1,High Risk
CUST103005,Ashley Cordova,Male,30,Bengaluru,Karnataka,2019-06-06,2026-05-05,14,1.99,112,8,1827.39,25583.46,25617.33,Fashion,Online,Medium Value,Bronze,54,Low,1,High Risk
CUST103006,Joseph Smith,Male,33,Chandigarh,Chandigarh,2022-04-08,2026-04-24,4,0.95,40,10,1323.55,5294.2,5287.68,Fashion,Online,Low Value,Bronze,65,Low,1,High Risk
CUST103008,Wayne Davis,Male,26,Lucknow,Uttar Pradesh,2020-12-06,2026-06-13,7,1.26,70,10,4417.7,30923.9,30845.16,Sports,Online,Medium Value,Bronze,15,Low,1,High Risk
CUST103010,Carol Gray,Male,69,Ranchi,Jharkhand,2019-07-13,2026-06-16,5,0.72,35,7,3097.54,15487.7,15484.9,Grocery,Online,Medium Value,Bronze,12,Low,1,High Risk
CUST103016,Kelly Hubbard,Male,54,Ranchi,Jharkhand,2023-07-26,2024-09-22,3,1.03,15,5,1854.26,5562.78,5553.19,Grocery,Offline,Low Value,Bronze,644,High,1,High Risk
CUST103019,Ryan Barker,Male,36,Hyderabad,Telangana,2022-11-12,2024-06-04,2,0.55,8,4,1525.52,3051.04,3027.65,Grocery,Offline,Low Value,Bronze,754,High,1,High Risk
CUST103026,Jason Walker,Female,32,Surat,Gujarat,2019-05-12,2024-08-03,6,0.84,36,6,200.0,1200.0,1194.97,Sports,Offline,Low Value,Bronze,694,High,1,High Risk
CUST103027,James Gonzalez,Male,50,Ahmedabad,Gujarat,2022-04-04,2026-04-07,5,1.19,55,11,4784.88,23924.4,24007.59,Electronics,Online,Medium Value,Bronze,82,Low,1,High Risk
CUST103028,Caleb Ponce,Female,56,Vadodara,Gujarat,2021-02-03,2025-03-28,10,1.86,110,11,2579.43,25794.3,25811.25,Fashion,Online,Medium Value,Bronze,457,High,1,High Risk
CUST103037,Wendy Allen,Female,41,Madurai,Tamil Nadu,2019-08-25,2024-08-30,3,0.5,18,6,2186.86,6560.58,7463.16,Electronics,Online,Low Value,Bronze,667,High,1,High Risk
CUST103041,Tanner Holmes,Female,55,Chennai,Tamil Nadu,2024-03-26,2026-06-20,1,0.5,5,5,406.02,406.02,454.65,Fashion,Online,Low Value,Bronze,8,Low,1,High Risk
CUST103044,Lori Green,Male,54,Visakhapatnam,Andhra Pradesh,2022-05-29,2024-02-08,4,0.98,4,1,2373.87,9495.48,9458.43,Electronics,Online,Low Value,Bronze,871,High,1,High Risk
CUST103045,Tiffany Harris,Male,33,Guwahati,Assam,2021-03-14,2026-04-04,7,1.33,42,6,3094.53,21661.71,21702.63,Sports,Online,Medium Value,Bronze,85,Low,1,High Risk
CUST103047,Alyssa Zimmerman,Female,30,Ranchi,Jharkhand,2020-10-20,2025-08-04,11,1.94,132,12,4019.21,44211.31,44211.2,Home & Kitchen,Offline,Medium Value,Silver,328,High,1,High Risk
CUST103059,Alex Jones DVM,Male,32,Chennai,Tamil Nadu,2022-02-22,2026-06-10,1,0.5,9,9,2569.4,2569.4,5560.88,Beauty,Online,Low Value,Bronze,18,Low,1,High Risk
CUST103067,Alexander Hunt,Male,26,Kochi,Kerala,2019-03-22,2025-05-25,6,0.83,12,2,1417.11,8502.66,8530.48,Grocery,Offline,Low Value,Bronze,399,High,1,High Risk
CUST103070,Teresa Adams,Female,34,Guwahati,Assam,2023-05-14,2025-02-04,3,0.97,24,8,989.23,2967.69,2981.77,Electronics,Offline,Low Value,Bronze,509,High,1,High Risk
CUST103075,James Silva,Male,45,Kolkata,West Bengal,2023-07-02,2026-05-01,4,1.35,12,3,1674.67,6698.68,6722.06,Grocery,Offline,Low Value,Bronze,58,Low,1,High Risk
CUST103076,Emily Bauer,Male,40,Ranchi,Jharkhand,2021-04-04,2025-11-16,6,1.15,6,1,1072.55,6435.3,6433.1,Fashion,Online,Low Value,Bronze,224,High,1,High Risk
CUST103079,Lisa Patterson,Female,18,Nashik,Maharashtra,2020-01-17,2026-06-04,6,0.93,18,3,1170.57,7023.42,6998.23,Grocery,Online,Low Value,Bronze,24,Low,1,High Risk
CUST103080,Jacqueline Chen,Female,58,Kolkata,West Bengal,2022-12-19,2025-05-19,4,1.14,24,6,2278.09,9112.36,9108.24,Beauty,Online,Low Value,Bronze,405,High,1,High Risk
CUST103081,Christopher Johnson,Male,30,Chandigarh,Chandigarh,2019-09-08,2026-04-02,12,1.77,72,6,1682.66,20191.92,20214.17,Beauty,Offline,Medium Value,Bronze,87,Low,1,High Risk
CUST103085,Richard Howard,Male,32,Ranchi,Jharkhand,2022-03-23,2025-11-08,8,1.88,128,16,1543.91,12351.28,12333.36,Grocery,Online,Low Value,Bronze,232,High,1,High Risk
CUST103089,Stephanie Hoffman,Female,25,Delhi,Delhi,2020-02-25,2025-12-16,5,0.79,55,11,1686.27,8431.35,8421.47,Grocery,Online,Low Value,Bronze,194,High,1,High Risk
CUST103091,Donald Franklin,Male,31,Surat,Gujarat,2020-03-12,2026-02-05,3,0.5,24,8,200.0,600.0,627.79,Home & Kitchen,Offline,Low Value,Bronze,143,Medium,1,High Risk
CUST103096,Caleb Jackson,Male,48,Madurai,Tamil Nadu,2022-02-10,2025-11-29,4,0.92,16,4,593.35,2373.4,2380.81,Electronics,Online,Low Value,Bronze,211,High,1,High Risk
CUST103101,Matthew Jones,Male,25,Madurai,Tamil Nadu,2019-01-17,2025-02-17,12,1.62,36,3,729.38,8752.56,8776.64,Grocery,Online,Low Value,Bronze,496,High,1,High Risk
CUST103102,Robert Cummings,Male,36,Pune,Maharashtra,2019-11-24,2026-05-22,2,0.5,4,2,610.39,1220.78,2007.06,Fashion,Online,Low Value,Bronze,37,Low,1,High Risk
CUST103104,Emily Salazar,Other,42,Nashik,Maharashtra,2020-08-14,2026-04-10,10,1.71,40,4,3037.1,30371.0,30399.94,Grocery,Online,Medium Value,Bronze,79,Low,1,High Risk
CUST103109,Michael Graham,Male,18,Jaipur,Rajasthan,2019-02-04,2025-05-11,8,1.08,88,11,5032.87,40262.96,40105.88,Sports,Online,Medium Value,Silver,413,High,1,High Risk
CUST103112,Shawna Green,Female,23,Chennai,Tamil Nadu,2019-01-15,2026-06-04,1,0.5,6,6,930.89,930.89,3459.78,Home & Kitchen,Offline,Low Value,Bronze,24,Low,1,High Risk
CUST103115,Debra Jackson,Male,27,Patna,Bihar,2023-09-20,2026-05-24,5,1.82,35,7,1014.44,5072.2,5085.17,Fashion,Offline,Low Value,Bronze,35,Low,1,High Risk
CUST103116,Joe Martinez,Male,64,Nagpur,Maharashtra,2021-01-18,2026-01-19,4,0.74,32,8,200.0,800.0,802.7,Electronics,Offline,Low Value,Bronze,160,Medium,1,High Risk
CUST103119,Joseph Lane,Male,35,Coimbatore,Tamil Nadu,2019-01-21,2026-06-19,7,0.94,98,14,5212.9,36490.3,36343.44,Sports,Online,Medium Value,Silver,9,Low,1,High Risk
CUST103124,Blake Bonilla,Female,45,Kochi,Kerala,2019-05-09,2024-06-06,5,0.7,35,7,1671.03,8355.15,8329.76,Sports,Offline,Low Value,Bronze,752,High,1,High Risk
CUST103126,Chelsea Garcia,Female,54,Guwahati,Assam,2020-05-10,2026-05-19,10,1.63,150,15,3265.36,32653.6,32554.54,Home & Kitchen,Online,Medium Value,Bronze,40,Low,1,High Risk
CUST103128,Paige Collins,Male,28,Jaipur,Rajasthan,2022-02-13,2026-05-28,5,1.15,20,4,200.0,1000.0,1001.23,Sports,Offline,Low Value,Bronze,31,Low,1,High Risk
CUST103129,Christian Wagner,Male,52,Guwahati,Assam,2024-03-27,2025-01-06,3,1.34,6,2,510.94,1532.82,1531.46,Sports,Online,Low Value,Bronze,538,High,1,High Risk
CUST103130,Colleen Cox,Male,28,Lucknow,Uttar Pradesh,2020-02-10,2026-03-10,9,1.41,54,6,3028.97,27260.73,27174.4,Sports,Online,Medium Value,Bronze,110,Medium,1,High Risk
CUST103131,Shawna Palmer,Female,32,Chennai,Tamil Nadu,2020-04-09,2026-02-22,2,0.5,18,9,1466.27,2932.54,4546.34,Sports,Offline,Low Value,Bronze,126,Medium,1,High Risk
CUST103132,Chelsea Ramirez,Female,26,Nagpur,Maharashtra,2021-03-22,2025-01-11,1,0.5,6,6,200.0,200.0,525.12,Home & Kitchen,Offline,Low Value,Bronze,533,High,1,High Risk
CUST103133,Eric Kane,Male,36,Madurai,Tamil Nadu,2021-01-12,2026-04-18,5,0.92,25,5,2091.26,10456.3,10466.55,Fashion,Offline,Low Value,Bronze,71,Low,1,High Risk
CUST103134,Bridget Walter,Female,38,Chennai,Tamil Nadu,2019-09-19,2026-02-10,13,1.92,65,5,4052.7,52685.1,52577.58,Beauty,Online,Medium Value,Silver,138,Medium,1,High Risk
CUST103136,Allen Stanley,Male,19,Kolkata,West Bengal,2020-04-21,2025-04-29,1,0.5,4,4,700.61,700.61,2160.81,Home & Kitchen,Online,Low Value,Bronze,425,High,1,High Risk
CUST103137,Derek Mcintosh,Male,40,Lucknow,Uttar Pradesh,2024-04-09,2024-12-06,1,0.5,14,14,1492.89,1492.89,1643.1,Beauty,Online,Low Value,Bronze,569,High,1,High Risk
CUST103144,Colleen Brown,Male,36,Ahmedabad,Gujarat,2023-06-04,2025-08-11,6,1.97,84,14,200.0,1200.0,1201.69,Electronics,Offline,Low Value,Bronze,321,High,1,High Risk
CUST103146,Darrell Oliver,Male,45,Coimbatore,Tamil Nadu,2020-06-01,2026-02-16,4,0.66,20,5,649.95,2599.8,2597.88,Sports,Online,Low Value,Bronze,132,Medium,1,High Risk
CUST103152,Eric Knox,Male,27,Delhi,Delhi,2020-07-05,2026-01-30,3,0.5,6,2,868.19,2604.57,2588.53,Grocery,Online,Low Value,Bronze,149,Medium,1,High Risk
CUST103158,Lauren Freeman,Male,18,Vadodara,Gujarat,2021-05-10,2026-05-31,10,1.95,50,5,1426.69,14266.9,14235.85,Beauty,Online,Low Value,Bronze,28,Low,1,High Risk
CUST103159,Brian Fuentes,Male,39,Visakhapatnam,Andhra Pradesh,2021-10-13,2026-06-21,8,1.71,104,13,2440.88,19527.04,19575.36,Electronics,Offline,Medium Value,Bronze,7,Low,1,High Risk
CUST103165,Harold Mckinney,Female,39,Visakhapatnam,Andhra Pradesh,2021-12-28,2025-09-21,7,1.56,21,3,765.49,5358.43,5352.08,Fashion,Online,Low Value,Bronze,280,High,1,High Risk
CUST103166,Patricia Vincent,Male,56,Indore,Madhya Pradesh,2023-09-27,2026-03-01,4,1.46,36,9,2195.71,8782.84,8768.05,Sports,Offline,Low Value,Bronze,119,Medium,1,High Risk
CUST103177,Xavier Parker,Female,18,Guwahati,Assam,2019-09-15,2025-08-13,4,0.59,24,6,2340.75,9363.0,9346.85,Beauty,Offline,Low Value,Bronze,319,High,1,High Risk
CUST103178,Joseph Cooper,Male,37,Guwahati,Assam,2019-09-27,2026-05-11,1,0.5,3,3,1906.39,1906.39,6419.88,Home & Kitchen,Offline,Low Value,Bronze,48,Low,1,High Risk
CUST103182,Chris Levy,Male,37,Nashik,Maharashtra,2021-05-27,2025-09-09,10,1.97,100,10,3349.73,33497.3,33460.07,Electronics,Online,Medium Value,Bronze,292,High,1,High Risk
CUST103188,Douglas Trevino,Male,22,Lucknow,Uttar Pradesh,2019-10-19,2026-03-24,3,0.5,12,4,800.94,2402.82,2673.09,Home & Kitchen,Offline,Low Value,Bronze,96,Medium,1,High Risk
CUST103189,Patricia Moore,Male,37,Patna,Bihar,2021-09-07,2026-01-26,1,0.5,8,8,1341.57,1341.57,3212.05,Grocery,Offline,Low Value,Bronze,153,Medium,1,High Risk
CUST103191,Kevin Miller,Female,44,Jaipur,Rajasthan,2023-06-22,2024-08-21,3,1.0,27,9,1996.13,5988.39,5989.76,Sports,Online,Low Value,Bronze,676,High,1,High Risk
CUST103196,Erica Lane,Male,44,Madurai,Tamil Nadu,2022-01-17,2026-05-18,1,0.5,8,8,2099.45,2099.45,4647.24,Electronics,Online,Low Value,Bronze,41,Low,1,High Risk
CUST103199,Lori Gardner,Female,34,Chennai,Tamil Nadu,2019-01-10,2025-07-25,8,1.07,168,21,3381.52,27052.16,26944.77,Electronics,Online,Medium Value,Bronze,338,High,1,High Risk
CUST103203,Jason Jenkins,Female,56,Ahmedabad,Gujarat,2020-09-11,2026-05-20,6,1.04,48,8,1345.77,8074.62,8085.31,Fashion,Online,Low Value,Bronze,39,Low,1,High Risk
CUST103205,Peter Gilbert,Male,33,Ranchi,Jharkhand,2023-06-09,2026-03-26,5,1.65,25,5,1060.69,5303.45,5313.9,Sports,Online,Low Value,Bronze,94,Medium,1,High Risk
CUST103206,David Hunt,Male,18,Chennai,Tamil Nadu,2022-02-07,2026-05-24,5,1.14,25,5,364.46,1822.3,1815.5,Electronics,Offline,Low Value,Bronze,35,Low,1,High Risk
CUST103207,Joshua Cunningham,Male,59,Chennai,Tamil Nadu,2021-07-14,2026-03-27,2,0.5,8,4,1410.0,2820.0,3482.05,Beauty,Online,Low Value,Bronze,93,Medium,1,High Risk
CUST103208,Pedro Long,Female,27,Pune,Maharashtra,2020-08-01,2025-10-09,5,0.85,30,6,3034.77,15173.85,15191.3,Electronics,Online,Medium Value,Bronze,262,High,1,High Risk
CUST103218,John Watts,Male,37,Visakhapatnam,Andhra Pradesh,2019-07-30,2026-05-18,1,0.5,6,6,1480.04,1480.04,5103.66,Sports,Offline,Low Value,Bronze,41,Low,1,High Risk
CUST103219,Aaron Munoz,Male,18,Ranchi,Jharkhand,2019-06-24,2025-12-15,2,0.5,18,9,1947.25,3894.5,6810.71,Electronics,Offline,Low Value,Bronze,195,High,1,High Risk
CUST103225,Jessica Fields,Male,37,Bengaluru,Karnataka,2019-03-21,2026-03-02,3,0.5,18,6,1247.59,3742.77,4525.82,Fashion,Online,Low Value,Bronze,118,Medium,1,High Risk
CUST103235,Julie Sharp,Female,24,Vadodara,Gujarat,2019-12-30,2026-04-28,11,1.7,66,6,3894.19,42836.09,42883.53,Electronics,Online,Medium Value,Silver,61,Low,1,High Risk
CUST103237,Kathy Bailey,Female,25,Chennai,Tamil Nadu,2019-07-31,2026-04-20,2,0.5,16,8,1179.57,2359.14,4065.92,Beauty,Offline,Low Value,Bronze,69,Low,1,High Risk
CUST103248,Brent Rodriguez,Female,40,Guwahati,Assam,2019-01-09,2023-01-12,6,0.81,48,8,1463.57,8781.42,8831.55,Sports,Online,Low Value,Bronze,1263,High,1,High Risk
CUST103249,Karen Wolf,Female,53,Mumbai,Maharashtra,2023-08-15,2026-02-15,5,1.75,5,1,1489.37,7446.85,7435.64,Fashion,Online,Low Value,Bronze,133,Medium,1,High Risk
CUST103256,Jamie Zhang,Male,37,Bengaluru,Karnataka,2019-04-17,2025-08-22,10,1.39,20,2,3808.48,38084.8,38016.71,Electronics,Online,Medium Value,Silver,310,High,1,High Risk
CUST103259,Robert Stokes,Female,63,Chennai,Tamil Nadu,2022-01-18,2025-10-11,2,0.5,12,6,945.71,1891.42,2092.08,Grocery,Online,Low Value,Bronze,260,High,1,High Risk
CUST103264,Susan May,Female,45,Ranchi,Jharkhand,2020-02-04,2025-07-27,1,0.5,7,7,200.0,200.0,637.92,Sports,Offline,Low Value,Bronze,336,High,1,High Risk
CUST103270,Kyle Rivera,Male,39,Kochi,Kerala,2021-03-03,2026-05-29,8,1.51,112,14,2168.06,17344.48,17361.52,Electronics,Online,Medium Value,Bronze,30,Low,1,High Risk
CUST103274,Sarah Frederick,Male,39,Jaipur,Rajasthan,2022-02-25,2026-04-05,5,1.16,40,8,593.5,2967.5,2974.37,Home & Kitchen,Online,Low Value,Bronze,84,Low,1,High Risk
CUST103275,Jennifer Brown,Male,53,Madurai,Tamil Nadu,2020-02-08,2026-01-10,7,1.1,56,8,1892.38,13246.66,13256.24,Fashion,Offline,Low Value,Bronze,169,Medium,1,High Risk
CUST103276,Ashley Ruiz,Female,28,Pune,Maharashtra,2020-05-09,2026-01-14,4,0.65,4,1,251.11,1004.44,998.77,Electronics,Online,Low Value,Bronze,165,Medium,1,High Risk
CUST103277,Deborah Johnson,Male,18,Madurai,Tamil Nadu,2022-07-09,2026-05-29,6,1.52,144,24,4836.93,29021.58,29066.34,Grocery,Online,Medium Value,Bronze,30,Low,1,High Risk
CUST103279,Brenda Payne,Male,37,Nagpur,Maharashtra,2023-11-09,2025-05-15,1,0.5,5,5,396.99,396.99,519.54,Home & Kitchen,Online,Low Value,Bronze,409,High,1,High Risk
CUST103282,Sue Warner,Female,18,Chennai,Tamil Nadu,2019-03-30,2025-08-09,5,0.69,35,7,1010.29,5051.45,5040.5,Beauty,Offline,Low Value,Bronze,323,High,1,High Risk
CUST103283,Amanda Zavala,Male,34,Bengaluru,Karnataka,2023-02-16,2025-09-21,1,0.5,6,6,1465.64,1465.64,2451.76,Fashion,Online,Low Value,Bronze,280,High,1,High Risk
CUST103287,Marie Reynolds,Male,41,Jaipur,Rajasthan,2022-09-03,2025-12-13,1,0.5,5,5,200.0,200.0,380.01,Electronics,Offline,Low Value,Bronze,197,High,1,High Risk
CUST103288,Samuel Mata,Male,31,Guwahati,Assam,2019-01-06,2024-09-17,7,0.94,42,6,968.01,6776.07,6786.17,Grocery,Online,Low Value,Bronze,649,High,1,High Risk
CUST103291,Nancy Tran,Male,47,Chennai,Tamil Nadu,2020-11-28,2025-07-13,3,0.54,6,2,1333.4,4000.2,4005.79,Electronics,Offline,Low Value,Bronze,350,High,1,High Risk
CUST103292,Ralph Dominguez,Female,25,Chandigarh,Chandigarh,2020-01-09,2026-02-26,6,0.93,102,17,5445.57,32673.42,32667.16,Sports,Online,Medium Value,Bronze,122,Medium,1,High Risk
CUST103294,Steven Haas,Male,36,Vadodara,Gujarat,2021-08-02,2026-05-02,2,0.5,10,5,1008.49,2016.98,2464.28,Electronics,Online,Low Value,Bronze,57,Low,1,High Risk
CUST103299,Nathan Hess,Male,41,Nashik,Maharashtra,2019-11-13,2024-07-20,8,1.21,16,2,200.0,1600.0,1598.76,Fashion,Online,Low Value,Bronze,708,High,1,High Risk
CUST103301,Gregory Rios,Male,33,Ranchi,Jharkhand,2021-08-27,2025-12-19,8,1.66,8,1,637.93,5103.44,5102.74,Home & Kitchen,Online,Low Value,Bronze,191,High,1,High Risk
CUST103305,Heather Herman,Male,37,Delhi,Delhi,2019-12-19,2025-10-07,12,1.84,156,13,2274.63,27295.56,27237.52,Electronics,Online,Medium Value,Bronze,264,High,1,High Risk
CUST103309,Amy Mccullough,Male,55,Coimbatore,Tamil Nadu,2020-01-11,2026-02-22,7,1.09,49,7,2502.21,17515.47,17577.88,Sports,Online,Medium Value,Bronze,126,Medium,1,High Risk
CUST103310,Lisa Ramirez,Female,32,Lucknow,Uttar Pradesh,2024-04-03,2026-01-04,3,1.35,27,9,1006.56,3019.68,3013.48,Home & Kitchen,Online,Low Value,Bronze,175,Medium,1,High Risk
CUST103312,Patrick Clark,Male,36,Bengaluru,Karnataka,2020-11-30,2026-03-27,1,0.5,5,5,1242.81,1242.81,3453.67,Fashion,Offline,Low Value,Bronze,93,Medium,1,High Risk
CUST103318,Kathleen Roy,Female,41,Chennai,Tamil Nadu,2021-01-31,2025-05-31,2,0.5,6,3,293.12,586.24,789.68,Fashion,Offline,Low Value,Bronze,393,High,1,High Risk
CUST103319,Andrew Harris,Female,56,Indore,Madhya Pradesh,2021-12-18,2024-11-26,2,0.5,22,11,1905.58,3811.16,4296.36,Home & Kitchen,Offline,Low Value,Bronze,579,High,1,High Risk
CUST103322,Lee Barry,Female,41,Ranchi,Jharkhand,2022-03-10,2025-10-16,4,0.93,28,7,2035.61,8142.44,8111.51,Grocery,Offline,Low Value,Bronze,255,High,1,High Risk
CUST103324,Nicole Peterson,Female,54,Ahmedabad,Gujarat,2021-06-28,2026-05-31,5,1.0,25,5,1894.47,9472.35,9439.93,Fashion,Offline,Low Value,Bronze,28,Low,1,High Risk
CUST103331,Tammy Anderson,Male,57,Guwahati,Assam,2022-04-09,2024-11-21,2,0.5,8,4,1311.35,2622.7,2755.54,Fashion,Online,Low Value,Bronze,584,High,1,High Risk
CUST103334,James Gilbert,Female,29,Mumbai,Maharashtra,2022-11-05,2025-10-10,3,0.83,9,3,1656.51,4969.53,4987.67,Sports,Online,Low Value,Bronze,261,High,1,High Risk
CUST103335,Matthew Patton,Female,70,Kanpur,Uttar Pradesh,2020-01-04,2025-08-07,10,1.55,30,3,1727.85,17278.5,17311.85,Grocery,Offline,Medium Value,Bronze,325,High,1,High Risk
CUST103336,Lisa Martinez,Female,35,Mumbai,Maharashtra,2019-05-12,2026-01-30,1,0.5,3,3,2589.05,2589.05,9207.87,Electronics,Online,Low Value,Bronze,149,Medium,1,High Risk
CUST103337,Erica Baker,Male,40,Nashik,Maharashtra,2024-03-07,2024-03-07,3,1.31,15,5,1903.04,5709.12,5712.87,Beauty,Offline,Low Value,Bronze,843,High,1,High Risk
CUST103338,Joel Gonzales,Female,43,Nagpur,Maharashtra,2020-12-03,2026-05-20,6,1.08,90,15,3180.55,19083.3,19062.92,Grocery,Online,Medium Value,Bronze,39,Low,1,High Risk
CUST103340,Claudia Brown,Male,49,Coimbatore,Tamil Nadu,2021-11-16,2025-09-09,3,0.65,6,2,2796.86,8390.58,8356.89,Beauty,Online,Low Value,Bronze,292,High,1,High Risk
CUST103344,Mark Thomas,Female,31,Lucknow,Uttar Pradesh,2019-01-04,2025-08-15,6,0.8,66,11,4189.46,25136.76,25014.03,Fashion,Online,Medium Value,Bronze,317,High,1,High Risk
CUST103345,Amber Wilson,Female,22,Visakhapatnam,Andhra Pradesh,2020-08-17,2026-05-30,1,0.5,3,3,928.75,928.75,2714.42,Home & Kitchen,Offline,Low Value,Bronze,29,Low,1,High Risk
CUST103352,Cynthia Nguyen,Male,54,Nagpur,Maharashtra,2021-05-09,2026-04-29,4,0.78,32,8,274.54,1098.16,1096.36,Beauty,Online,Low Value,Bronze,60,Low,1,High Risk
CUST103360,Priscilla Romero,Male,67,Kanpur,Uttar Pradesh,2021-08-15,2025-09-29,3,0.62,6,2,1238.81,3716.43,3726.23,Sports,Online,Low Value,Bronze,272,High,1,High Risk
CUST103361,Hailey Lewis,Male,18,Bhopal,Madhya Pradesh,2020-02-22,2026-06-04,12,1.9,360,30,200.0,2400.0,2405.37,Grocery,Online,Low Value,Bronze,24,Low,1,High Risk
CUST103364,Timothy Walker,Female,32,Ranchi,Jharkhand,2019-06-09,2026-05-31,8,1.14,64,8,1216.72,9733.76,9759.74,Fashion,Offline,Low Value,Bronze,28,Low,1,High Risk
CUST103374,Martha Jacobs,Male,49,Jaipur,Rajasthan,2022-08-07,2026-06-06,4,1.03,24,6,989.23,3956.92,3947.31,Grocery,Offline,Low Value,Bronze,22,Low,1,High Risk
CUST103375,Jason Hudson,Female,37,Jaipur,Rajasthan,2021-11-25,2025-02-26,1,0.5,1,1,1143.38,1143.38,2613.89,Home & Kitchen,Online,Low Value,Bronze,487,High,1,High Risk
CUST103376,Beth Medina,Female,39,Ranchi,Jharkhand,2022-06-07,2024-12-08,4,0.99,40,10,2087.15,8348.6,8349.97,Beauty,Offline,Low Value,Bronze,567,High,1,High Risk
CUST103385,Brandi Camacho DVM,Male,39,Nagpur,Maharashtra,2019-12-18,2025-07-04,6,0.92,48,8,1233.32,7399.92,7387.29,Sports,Online,Low Value,Bronze,359,High,1,High Risk
CUST103391,Jerry Davenport,Female,31,Vadodara,Gujarat,2019-07-09,2026-04-25,1,0.5,5,5,2777.93,2777.93,9659.06,Beauty,Online,Low Value,Bronze,64,Low,1,High Risk
CUST103392,John Taylor,Female,39,Lucknow,Uttar Pradesh,2020-08-27,2026-03-30,7,1.2,49,7,437.41,3061.87,3053.79,Home & Kitchen,Offline,Low Value,Bronze,90,Low,1,High Risk
CUST103394,Angela Huang,Female,36,Ahmedabad,Gujarat,2022-08-03,2025-03-16,3,0.77,15,5,1142.06,3426.18,3416.42,Beauty,Online,Low Value,Bronze,469,High,1,High Risk
CUST103395,Jacqueline Banks,Female,36,Bhopal,Madhya Pradesh,2020-07-09,2025-10-29,4,0.67,8,2,260.88,1043.52,1040.36,Home & Kitchen,Online,Low Value,Bronze,242,High,1,High Risk
CUST103396,Jeffrey Romero,Male,42,Ahmedabad,Gujarat,2021-01-24,2021-01-24,2,0.5,6,3,345.5,691.0,934.1,Sports,Online,Low Value,Bronze,1981,High,1,High Risk
CUST103397,Theresa Davis,Female,45,Lucknow,Uttar Pradesh,2019-05-19,2025-08-07,9,1.27,54,6,2831.41,25482.69,25508.43,Fashion,Offline,Medium Value,Bronze,325,High,1,High Risk
CUST103402,Virginia Clark,Female,51,Patna,Bihar,2020-05-28,2026-06-16,6,0.99,30,5,1019.16,6114.96,6121.49,Electronics,Online,Low Value,Bronze,12,Low,1,High Risk
CUST103405,Jeffrey Mcclure,Female,37,Ranchi,Jharkhand,2020-05-13,2025-09-25,2,0.5,6,3,696.74,1393.48,2127.89,Fashion,Offline,Low Value,Bronze,276,High,1,High Risk
CUST103407,Tammy Estrada,Female,49,Surat,Gujarat,2024-05-18,2025-10-07,1,0.5,6,6,1431.06,1431.06,1498.65,Fashion,Online,Low Value,Bronze,264,High,1,High Risk
CUST103420,Kayla Waters,Male,61,Visakhapatnam,Andhra Pradesh,2019-08-24,2026-05-28,1,0.5,1,1,1597.14,1597.14,5452.8,Electronics,Online,Low Value,Bronze,31,Low,1,High Risk
CUST103422,Timothy Bauer,Male,39,Bengaluru,Karnataka,2019-09-23,2025-07-24,7,1.04,70,10,521.39,3649.73,3658.02,Beauty,Online,Low Value,Bronze,339,High,1,High Risk
CUST103424,Amanda Walters,Female,63,Kolkata,West Bengal,2023-04-28,2023-09-25,4,1.27,20,5,1126.42,4505.68,4508.05,Fashion,Online,Low Value,Bronze,1007,High,1,High Risk
CUST103426,Megan Baker,Female,34,Visakhapatnam,Andhra Pradesh,2019-08-13,2026-03-21,12,1.75,228,19,7043.87,84526.44,84540.9,Electronics,Online,Medium Value,Silver,99,Medium,1,High Risk
CUST103431,Christopher Barnes,Male,43,Nagpur,Maharashtra,2019-07-22,2026-03-17,1,0.5,6,6,467.72,467.72,1617.97,Electronics,Offline,Low Value,Bronze,103,Medium,1,High Risk
CUST103432,James Silva,Female,38,Hyderabad,Telangana,2021-05-03,2024-10-31,1,0.5,7,7,1438.75,1438.75,3694.86,Grocery,Online,Low Value,Bronze,605,High,1,High Risk
CUST103434,Eric Hall,Female,48,Mumbai,Maharashtra,2022-08-31,2025-11-10,2,0.53,18,9,1786.05,3572.1,3605.01,Home & Kitchen,Offline,Low Value,Bronze,230,High,1,High Risk
CUST103435,John Robles,Male,56,Visakhapatnam,Andhra Pradesh,2022-05-26,2026-02-28,8,1.96,104,13,4243.01,33944.08,33879.96,Fashion,Online,Medium Value,Bronze,120,Medium,1,High Risk
CUST103438,Donna Montes,Male,43,Madurai,Tamil Nadu,2022-03-01,2025-04-11,7,1.62,35,5,609.78,4268.46,4256.99,Electronics,Offline,Low Value,Bronze,443,High,1,High Risk
CUST103439,Matthew Wilson,Male,31,Mumbai,Maharashtra,2022-02-02,2025-08-21,8,1.83,16,2,452.92,3623.36,3633.07,Electronics,Online,Low Value,Bronze,311,High,1,High Risk
CUST103443,Earl Romero,Male,41,Ranchi,Jharkhand,2019-06-18,2025-09-13,4,0.57,16,4,1773.38,7093.52,7087.55,Electronics,Online,Low Value,Bronze,288,High,1,High Risk
CUST103444,Rachel Brown,Female,22,Chandigarh,Chandigarh,2021-08-18,2024-03-21,1,0.5,5,5,1816.08,1816.08,4397.87,Beauty,Online,Low Value,Bronze,829,High,1,High Risk
CUST103446,Jeremy Ross,Female,38,Kochi,Kerala,2023-10-18,2026-03-25,5,1.87,35,7,1960.83,9804.15,9818.16,Grocery,Offline,Low Value,Bronze,95,Medium,1,High Risk
CUST103447,Debra Chandler,Female,25,Lucknow,Uttar Pradesh,2021-11-16,2024-06-29,4,0.87,36,9,200.0,800.0,799.85,Electronics,Online,Low Value,Bronze,729,High,1,High Risk
CUST103454,Kristen Pena,Male,24,Guwahati,Assam,2022-08-28,2026-04-05,2,0.52,2,1,1524.42,3048.84,3025.38,Beauty,Online,Low Value,Bronze,84,Low,1,High Risk
CUST103465,Benjamin Bowen,Female,24,Bhopal,Madhya Pradesh,2021-09-01,2025-05-05,1,0.5,8,8,2171.6,2171.6,5217.19,Home & Kitchen,Online,Low Value,Bronze,419,High,1,High Risk
CUST103466,Jennifer Smith,Male,52,Mumbai,Maharashtra,2021-03-28,2026-01-23,7,1.34,84,12,3868.76,27081.32,27137.78,Beauty,Offline,Medium Value,Bronze,156,Medium,1,High Risk
CUST103471,Dennis Douglas,Male,49,Coimbatore,Tamil Nadu,2023-02-05,2026-04-14,3,0.89,18,6,1467.19,4401.57,4408.08,Fashion,Online,Low Value,Bronze,75,Low,1,High Risk
CUST103474,Kim Sanchez,Female,23,Mumbai,Maharashtra,2021-03-12,2026-05-28,10,1.89,50,5,1259.21,12592.1,12562.52,Grocery,Offline,Low Value,Bronze,31,Low,1,High Risk
CUST103475,Jonathan Long,Male,46,Bhopal,Madhya Pradesh,2022-03-03,2024-07-23,1,0.5,3,3,1457.83,1457.83,3137.18,Electronics,Online,Low Value,Bronze,705,High,1,High Risk
CUST103476,Joshua Rodriguez,Female,32,Kanpur,Uttar Pradesh,2019-09-12,2026-04-05,13,1.92,91,7,2297.69,29869.97,29893.56,Sports,Online,Medium Value,Bronze,84,Low,1,High Risk
CUST103483,Lacey Hall,Female,18,Kanpur,Uttar Pradesh,2023-07-29,2026-02-20,1,0.5,5,5,1226.9,1226.9,1778.63,Electronics,Online,Low Value,Bronze,128,Medium,1,High Risk
CUST103492,Carla Goodman,Male,27,Patna,Bihar,2023-10-10,2024-11-22,1,0.5,9,9,809.73,809.73,1092.94,Beauty,Offline,Low Value,Bronze,583,High,1,High Risk
CUST103493,Jeffrey Stanton,Female,18,Chandigarh,Chandigarh,2019-07-13,2025-11-21,11,1.58,66,6,1874.0,20614.0,20558.23,Grocery,Offline,Medium Value,Bronze,219,High,1,High Risk
CUST103494,Jeff Jackson,Male,44,Jaipur,Rajasthan,2019-10-16,2026-03-23,13,1.95,39,3,3510.64,45638.32,45750.78,Electronics,Online,Medium Value,Silver,97,Medium,1,High Risk
CUST103495,Katelyn Curry,Male,18,Nashik,Maharashtra,2020-04-20,2025-12-27,12,1.94,132,11,1529.56,18354.72,18311.84,Home & Kitchen,Offline,Medium Value,Bronze,183,High,1,High Risk
CUST103497,Edward Weeks,Male,22,Bengaluru,Karnataka,2024-03-17,2026-05-20,4,1.77,16,4,1383.46,5533.84,5544.41,Sports,Online,Low Value,Bronze,39,Low,1,High Risk
CUST103499,Matthew Thomas,Male,38,Visakhapatnam,Andhra Pradesh,2021-10-20,2026-03-17,1,0.5,3,3,519.5,519.5,1213.23,Beauty,Online,Low Value,Bronze,103,Medium,1,High Risk
CUST103501,Kelly King,Male,46,Kochi,Kerala,2019-02-04,2026-03-25,8,1.08,64,8,1275.53,10204.24,10164.43,Beauty,Online,Low Value,Bronze,95,Medium,1,High Risk
CUST103502,Timothy Ho,Female,20,Vadodara,Gujarat,2019-03-22,2026-03-14,2,0.5,8,4,1526.93,3053.86,5537.08,Sports,Online,Low Value,Bronze,106,Medium,1,High Risk
CUST103504,Sandra Smith,Female,33,Pune,Maharashtra,2023-01-08,2026-04-10,1,0.5,6,6,1423.62,1423.62,2457.47,Grocery,Online,Low Value,Bronze,79,Low,1,High Risk
CUST103508,John Moore,Male,36,Delhi,Delhi,2019-03-28,2026-06-05,2,0.5,12,6,2119.83,4239.66,7669.69,Electronics,Online,Low Value,Bronze,23,Low,1,High Risk
CUST103514,Christian Cross,Male,39,Mumbai,Maharashtra,2019-09-02,2025-09-01,4,0.59,28,7,678.08,2712.32,2721.88,Fashion,Online,Low Value,Bronze,300,High,1,High Risk
CUST103515,Dennis Garcia,Male,38,Ranchi,Jharkhand,2022-03-22,2025-04-06,8,1.88,64,8,539.71,4317.68,4314.19,Fashion,Online,Low Value,Bronze,448,High,1,High Risk
CUST103517,Raymond Vargas,Female,45,Kochi,Kerala,2021-11-17,2026-06-02,8,1.74,128,16,3024.67,24197.36,24178.48,Grocery,Online,Medium Value,Bronze,26,Low,1,High Risk
CUST103526,John Collins,Female,38,Delhi,Delhi,2022-11-03,2026-02-16,4,1.1,36,9,1301.07,5204.28,5199.65,Beauty,Online,Low Value,Bronze,132,Medium,1,High Risk
CUST103528,Tina Dougherty,Female,32,Hyderabad,Telangana,2022-07-23,2026-03-05,3,0.77,9,3,2656.54,7969.62,8008.53,Electronics,Offline,Low Value,Bronze,115,Medium,1,High Risk
CUST103531,Kristin Graham,Female,30,Kolkata,West Bengal,2023-11-28,2025-11-26,4,1.56,28,7,1396.39,5585.56,5588.31,Sports,Offline,Low Value,Bronze,214,High,1,High Risk
CUST103532,Alexander Diaz,Male,56,Coimbatore,Tamil Nadu,2021-03-22,2026-04-20,8,1.52,64,8,4611.62,36892.96,36809.12,Grocery,Online,Medium Value,Silver,69,Low,1,High Risk
CUST103533,Michael Chandler,Male,24,Ranchi,Jharkhand,2019-10-31,2026-02-11,9,1.36,9,1,4683.31,42149.79,42305.07,Electronics,Offline,Medium Value,Silver,137,Medium,1,High Risk
CUST103544,John Golden DDS,Female,46,Surat,Gujarat,2019-06-28,2024-10-09,2,0.5,14,7,398.51,797.02,1391.65,Beauty,Online,Low Value,Bronze,627,High,1,High Risk
CUST103550,Mrs. Lisa Smith,Female,35,Kanpur,Uttar Pradesh,2022-04-23,2025-09-07,2,0.5,12,6,229.53,459.06,477.91,Electronics,Online,Low Value,Bronze,294,High,1,High Risk
CUST103559,Donald Bell,Male,22,Ahmedabad,Gujarat,2021-06-17,2026-04-26,8,1.6,40,5,2922.62,23380.96,23441.77,Sports,Online,Medium Value,Bronze,63,Low,1,High Risk
CUST103561,Julie Wilson,Female,43,Kolkata,West Bengal,2020-08-17,2025-06-15,6,1.03,30,5,1781.39,10688.34,10725.16,Fashion,Offline,Low Value,Bronze,378,High,1,High Risk
CUST103564,Claudia Brooks,Female,27,Chennai,Tamil Nadu,2019-12-26,2026-05-08,7,1.08,7,1,4786.17,33503.19,33540.54,Fashion,Online,Medium Value,Bronze,51,Low,1,High Risk
CUST103572,Kenneth Bailey DDS,Female,33,Coimbatore,Tamil Nadu,2024-03-18,2025-12-31,3,1.33,15,5,2215.64,6646.92,6664.09,Beauty,Offline,Low Value,Bronze,179,Medium,1,High Risk
CUST103573,Mark Decker,Female,59,Guwahati,Assam,2021-08-23,2026-04-17,6,1.24,54,9,1338.46,8030.76,8015.59,Electronics,Online,Low Value,Bronze,72,Low,1,High Risk
CUST103574,Ruben Cruz,Male,19,Lucknow,Uttar Pradesh,2021-08-16,2026-04-16,4,0.82,12,3,887.28,3549.12,3527.79,Grocery,Offline,Low Value,Bronze,73,Low,1,High Risk
CUST103578,Rebecca Davis,Female,31,Mumbai,Maharashtra,2020-05-18,2025-11-10,4,0.66,32,8,2088.84,8355.36,8402.03,Grocery,Online,Low Value,Bronze,230,High,1,High Risk
CUST103583,Michael Soto,Female,28,Chennai,Tamil Nadu,2019-02-28,2024-12-27,5,0.68,30,6,1287.99,6439.95,6404.79,Home & Kitchen,Offline,Low Value,Bronze,548,High,1,High Risk
CUST103587,Alex Lamb,Female,53,Delhi,Delhi,2022-12-09,2026-01-14,1,0.5,6,6,1194.87,1194.87,2111.67,Home & Kitchen,Online,Low Value,Bronze,165,Medium,1,High Risk
CUST103590,George Gregory,Male,28,Pune,Maharashtra,2023-08-06,2026-02-26,1,0.5,9,9,868.52,868.52,1249.57,Home & Kitchen,Online,Low Value,Bronze,122,Medium,1,High Risk
CUST103593,Raymond Finley,Male,56,Kochi,Kerala,2019-07-07,2026-01-29,9,1.29,54,6,2414.66,21731.94,21678.59,Sports,Offline,Medium Value,Bronze,150,Medium,1,High Risk
CUST103608,Phillip Anderson,Male,28,Hyderabad,Telangana,2020-07-04,2024-07-21,2,0.5,14,7,829.0,1658.0,2472.81,Grocery,Offline,Low Value,Bronze,707,High,1,High Risk
CUST103609,Stephanie Weiss,Female,30,Kolkata,West Bengal,2022-03-07,2025-06-07,1,0.5,6,6,1697.63,1697.63,3643.92,Electronics,Offline,Low Value,Bronze,386,High,1,High Risk
CUST103613,Jackie Morgan,Male,42,Lucknow,Uttar Pradesh,2024-01-02,2026-03-24,1,0.5,5,5,200.0,200.0,246.95,Beauty,Offline,Low Value,Bronze,96,Medium,1,High Risk
CUST103617,Matthew Simmons,Male,40,Madurai,Tamil Nadu,2020-11-12,2026-02-10,4,0.71,16,4,1390.47,5561.88,5535.54,Grocery,Offline,Low Value,Bronze,138,Medium,1,High Risk
CUST103618,James Nicholson,Female,32,Chennai,Tamil Nadu,2022-03-26,2026-04-17,3,0.71,12,4,1505.23,4515.69,4532.34,Home & Kitchen,Online,Low Value,Bronze,72,Low,1,High Risk
CUST103623,Francis Andrews,Male,46,Lucknow,Uttar Pradesh,2019-05-24,2026-02-17,1,0.5,5,5,200.0,200.0,708.01,Fashion,Online,Low Value,Bronze,131,Medium,1,High Risk
CUST103627,Rebekah Cole,Female,42,Visakhapatnam,Andhra Pradesh,2021-01-13,2026-01-02,2,0.5,12,6,1898.08,3796.16,5160.28,Electronics,Online,Low Value,Bronze,177,Medium,1,High Risk
CUST103628,John Rogers,Male,18,Ahmedabad,Gujarat,2019-02-27,2026-06-17,4,0.55,28,7,1594.91,6379.64,6417.19,Fashion,Offline,Low Value,Bronze,11,Low,1,High Risk
CUST103630,Ms. Janet Leonard,Male,41,Vadodara,Gujarat,2019-06-23,2025-05-07,4,0.57,24,6,1923.97,7695.88,7674.39,Home & Kitchen,Offline,Low Value,Bronze,417,High,1,High Risk
CUST103636,George Phillips,Female,42,Bengaluru,Karnataka,2020-12-30,2026-03-23,4,0.73,4,1,200.0,800.0,799.45,Grocery,Online,Low Value,Bronze,97,Medium,1,High Risk
CUST103641,Brandon Acosta,Male,61,Bengaluru,Karnataka,2019-03-26,2026-04-22,8,1.1,80,10,1046.07,8368.56,8332.76,Home & Kitchen,Online,Low Value,Bronze,67,Low,1,High Risk
CUST103644,Sandy Oconnor,Female,28,Indore,Madhya Pradesh,2022-06-01,2025-12-14,2,0.5,12,6,1273.09,2546.18,2582.78,Grocery,Online,Low Value,Bronze,196,High,1,High Risk
CUST103649,Alex Clements,Male,44,Bengaluru,Karnataka,2020-09-08,2025-02-26,3,0.52,36,12,266.0,798.0,800.19,Electronics,Offline,Low Value,Bronze,487,High,1,High Risk
CUST103650,Matthew Andrade,Female,28,Visakhapatnam,Andhra Pradesh,2023-10-26,2026-05-27,4,1.51,20,5,1655.41,6621.64,6638.41,Sports,Online,Low Value,Bronze,32,Low,1,High Risk
CUST103652,Dean Turner,Male,34,Pune,Maharashtra,2020-08-21,2025-10-18,6,1.03,36,6,1151.91,6911.46,6922.28,Grocery,Online,Low Value,Bronze,253,High,1,High Risk
CUST103656,Destiny Powers,Female,32,Lucknow,Uttar Pradesh,2019-04-29,2026-02-05,8,1.12,200,25,1791.48,14331.84,14343.22,Fashion,Online,Low Value,Bronze,143,Medium,1,High Risk
CUST103659,Carlos Adams,Female,24,Chennai,Tamil Nadu,2021-02-05,2024-03-26,2,0.5,10,5,671.02,1342.04,1803.17,Beauty,Online,Low Value,Bronze,824,High,1,High Risk
CUST103666,Joel Newton,Female,18,Chennai,Tamil Nadu,2021-10-15,2026-04-03,8,1.71,32,4,496.32,3970.56,3975.74,Grocery,Online,Low Value,Bronze,86,Low,1,High Risk
CUST103678,Christopher Waters,Female,52,Nagpur,Maharashtra,2020-06-04,2025-09-01,1,0.5,6,6,2078.12,2078.12,6284.14,Grocery,Offline,Low Value,Bronze,300,High,1,High Risk
CUST103680,Jennifer Greene,Male,28,Coimbatore,Tamil Nadu,2022-09-25,2025-05-18,1,0.5,4,4,842.23,842.23,1574.93,Electronics,Offline,Low Value,Bronze,406,High,1,High Risk
CUST103690,Brenda Harvey,Male,38,Chandigarh,Chandigarh,2019-01-16,2025-10-01,2,0.5,16,8,1020.67,2041.34,3792.06,Grocery,Offline,Low Value,Bronze,270,High,1,High Risk
CUST103691,Ms. Monique Dougherty MD,Male,64,Chandigarh,Chandigarh,2020-09-28,2026-06-14,8,1.4,128,16,5198.23,41585.84,41702.54,Electronics,Online,Medium Value,Silver,14,Low,1,High Risk
CUST103692,Keith Kennedy,Male,35,Visakhapatnam,Andhra Pradesh,2022-03-25,2026-06-19,7,1.65,28,4,1960.61,13724.27,13728.3,Sports,Online,Low Value,Bronze,9,Low,1,High Risk
CUST103696,Shaun Thompson,Male,47,Vadodara,Gujarat,2020-09-03,2025-07-14,4,0.69,24,6,1916.05,7664.2,7666.4,Beauty,Offline,Low Value,Bronze,349,High,1,High Risk
CUST103698,Steven Clark,Female,27,Ahmedabad,Gujarat,2021-09-22,2025-09-14,5,1.05,40,8,419.92,2099.6,2093.22,Beauty,Online,Low Value,Bronze,287,High,1,High Risk
CUST103703,Adriana Johnson,Male,28,Delhi,Delhi,2020-03-25,2025-10-19,1,0.5,7,7,1463.43,1463.43,4567.58,Fashion,Online,Low Value,Bronze,252,High,1,High Risk
CUST103704,Sharon Cowan,Male,29,Hyderabad,Telangana,2023-12-02,2024-09-02,5,1.96,35,7,520.11,2600.55,2604.01,Home & Kitchen,Offline,Low Value,Bronze,664,High,1,High Risk
CUST103705,Andrea Butler,Female,21,Madurai,Tamil Nadu,2020-09-03,2026-05-10,1,0.5,1,1,1073.72,1073.72,3113.13,Beauty,Online,Low Value,Bronze,49,Low,1,High Risk
CUST103711,Marie Patterson,Female,49,Delhi,Delhi,2021-02-18,2026-04-12,10,1.87,50,5,496.24,4962.4,4954.25,Beauty,Offline,Low Value,Bronze,77,Low,1,High Risk
CUST103712,Charles Baker,Male,50,Bengaluru,Karnataka,2023-02-22,2025-11-16,6,1.8,48,8,1884.93,11309.58,11295.65,Sports,Online,Low Value,Bronze,224,High,1,High Risk
CUST103714,Jason Morgan,Male,30,Guwahati,Assam,2022-10-17,2025-10-23,3,0.82,6,2,1488.89,4466.67,4492.47,Grocery,Online,Low Value,Bronze,248,High,1,High Risk
CUST103715,Rebecca Clark,Female,29,Jaipur,Rajasthan,2019-11-16,2026-01-26,11,1.67,121,11,2614.62,28760.82,28810.57,Sports,Online,Medium Value,Bronze,153,Medium,1,High Risk
CUST103721,Daniel Wood,Female,25,Kochi,Kerala,2023-01-20,2026-01-06,4,1.17,20,5,1285.07,5140.28,5141.44,Electronics,Offline,Low Value,Bronze,173,Medium,1,High Risk
CUST103725,Bridget Carter,Female,47,Ranchi,Jharkhand,2021-02-19,2025-01-25,5,0.94,20,4,1843.74,9218.7,9248.03,Electronics,Online,Low Value,Bronze,519,High,1,High Risk
CUST103731,James Grimes,Male,54,Madurai,Tamil Nadu,2021-09-07,2026-06-03,1,0.5,3,3,1386.65,1386.65,3319.99,Electronics,Offline,Low Value,Bronze,25,Low,1,High Risk
CUST103737,Susan Larsen,Male,58,Guwahati,Assam,2020-12-25,2025-10-20,7,1.28,35,5,988.8,6921.6,6947.72,Home & Kitchen,Online,Low Value,Bronze,251,High,1,High Risk
CUST103740,Brett Rivera,Female,42,Ranchi,Jharkhand,2019-05-31,2025-09-07,2,0.5,8,4,1322.41,2644.82,4668.71,Sports,Offline,Low Value,Bronze,294,High,1,High Risk
CUST103741,Juan Nichols,Male,22,Pune,Maharashtra,2020-12-15,2026-04-06,6,1.09,24,4,1566.54,9399.24,9420.04,Grocery,Offline,Low Value,Bronze,83,Low,1,High Risk
CUST103742,Shelia Waller,Female,30,Bengaluru,Karnataka,2021-09-14,2026-01-31,1,0.5,6,6,1636.18,1636.18,3901.75,Electronics,Offline,Low Value,Bronze,148,Medium,1,High Risk
CUST103749,Amy Perez,Female,34,Kolkata,West Bengal,2019-10-05,2026-01-19,5,0.74,45,9,771.22,3856.1,3831.25,Fashion,Offline,Low Value,Bronze,160,Medium,1,High Risk
CUST103751,Rachael Flores,Male,22,Visakhapatnam,Andhra Pradesh,2020-05-08,2024-11-21,3,0.5,27,9,1117.16,3351.48,3419.53,Electronics,Online,Low Value,Bronze,584,High,1,High Risk
CUST103759,Christopher Hunter MD,Male,18,Vadodara,Gujarat,2021-12-25,2026-06-15,1,0.5,7,7,1335.89,1335.89,2999.12,Sports,Offline,Low Value,Bronze,13,Low,1,High Risk
CUST103761,Donald Hoffman,Female,26,Chennai,Tamil Nadu,2019-08-10,2026-03-02,6,0.87,42,7,729.14,4374.84,4355.8,Fashion,Online,Low Value,Bronze,118,Medium,1,High Risk
CUST103771,Christopher Miranda,Male,18,Vadodara,Gujarat,2020-08-24,2023-02-02,5,0.86,30,6,1746.21,8731.05,8749.36,Home & Kitchen,Online,Low Value,Bronze,1242,High,1,High Risk
CUST103773,Tyler Zavala,Female,23,Chennai,Tamil Nadu,2021-12-21,2025-09-05,1,0.5,9,9,1440.49,1440.49,3241.84,Sports,Online,Low Value,Bronze,296,High,1,High Risk
CUST103775,Timothy Kennedy,Male,38,Lucknow,Uttar Pradesh,2019-09-11,2026-03-17,1,0.5,6,6,282.88,282.88,958.81,Fashion,Online,Low Value,Bronze,103,Medium,1,High Risk
CUST103776,Elizabeth Thomas,Male,27,Visakhapatnam,Andhra Pradesh,2022-11-16,2024-10-11,4,1.11,4,1,1363.44,5453.76,5444.58,Fashion,Online,Low Value,Bronze,625,High,1,High Risk
CUST103789,Melissa Stout,Female,37,Chandigarh,Chandigarh,2019-09-08,2025-10-14,3,0.5,18,6,2161.28,6483.84,7334.45,Beauty,Offline,Low Value,Bronze,257,High,1,High Risk
CUST103793,Paul Nguyen,Male,47,Chennai,Tamil Nadu,2022-01-16,2024-03-15,3,0.68,9,3,393.67,1181.01,1185.85,Beauty,Offline,Low Value,Bronze,835,High,1,High Risk
CUST103801,Stephen Lopez,Male,30,Kolkata,West Bengal,2023-02-01,2024-10-21,1,0.5,3,3,1745.91,1745.91,2956.46,Fashion,Online,Low Value,Bronze,615,High,1,High Risk
CUST103803,Michele Scott,Male,29,Kolkata,West Bengal,2022-11-29,2025-01-24,4,1.12,32,8,2001.97,8007.88,7986.61,Electronics,Online,Low Value,Bronze,520,High,1,High Risk
CUST103805,James Tucker,Female,37,Surat,Gujarat,2022-06-06,2026-05-20,1,0.5,2,2,1300.05,1300.05,2628.57,Sports,Online,Low Value,Bronze,39,Low,1,High Risk
CUST103806,Joseph Durham,Male,33,Lucknow,Uttar Pradesh,2021-11-25,2025-10-17,5,1.09,65,13,1173.98,5869.9,5850.78,Home & Kitchen,Offline,Low Value,Bronze,254,High,1,High Risk
CUST103807,Alexis Kim,Female,28,Ahmedabad,Gujarat,2021-04-27,2026-06-11,9,1.75,108,12,1975.88,17782.92,17816.73,Grocery,Offline,Medium Value,Bronze,17,Low,1,High Risk
CUST103818,Samantha Reynolds,Female,18,Delhi,Delhi,2020-08-25,2025-08-07,3,0.52,12,4,701.86,2105.58,2125.35,Grocery,Online,Low Value,Bronze,325,High,1,High Risk
CUST103819,Kenneth Smith,Female,24,Visakhapatnam,Andhra Pradesh,2021-03-11,2026-04-04,7,1.33,84,12,2837.68,19863.76,19932.28,Electronics,Offline,Medium Value,Bronze,85,Low,1,High Risk
CUST103822,Erin Ellis,Male,29,Delhi,Delhi,2019-10-18,2025-12-05,6,0.9,30,5,1350.88,8105.28,8118.59,Fashion,Offline,Low Value,Bronze,205,High,1,High Risk
CUST103826,Alexander Guzman,Female,39,Nagpur,Maharashtra,2019-07-25,2025-09-18,12,1.74,36,3,661.18,7934.16,7950.02,Home & Kitchen,Online,Low Value,Bronze,283,High,1,High Risk
CUST103828,Erin Stewart,Male,42,Nagpur,Maharashtra,2019-11-26,2025-04-29,1,0.5,6,6,1539.06,1539.06,5056.46,Electronics,Offline,Low Value,Bronze,425,High,1,High Risk
CUST103831,Henry Taylor,Female,23,Nashik,Maharashtra,2021-07-12,2025-11-17,5,1.01,20,4,2633.12,13165.6,13149.81,Grocery,Online,Low Value,Bronze,223,High,1,High Risk
CUST103836,Anna Thompson,Female,55,Madurai,Tamil Nadu,2022-07-08,2025-11-06,4,1.01,16,4,1469.89,5879.56,5873.32,Home & Kitchen,Offline,Low Value,Bronze,234,High,1,High Risk
CUST103838,Barbara Burns,Female,36,Lucknow,Uttar Pradesh,2024-04-04,2024-08-21,2,0.9,12,6,2094.1,4188.2,4174.44,Beauty,Online,Low Value,Bronze,676,High,1,High Risk
CUST103846,Mason Price,Female,29,Coimbatore,Tamil Nadu,2019-07-06,2025-11-29,1,0.5,1,1,200.0,200.0,696.24,Grocery,Offline,Low Value,Bronze,211,High,1,High Risk
CUST103848,Erica Taylor,Female,61,Vadodara,Gujarat,2023-04-26,2024-12-29,4,1.27,32,8,1306.3,5225.2,5237.04,Sports,Online,Low Value,Bronze,546,High,1,High Risk
CUST103853,Christopher Mayer,Female,46,Nagpur,Maharashtra,2019-02-13,2025-12-31,9,1.22,36,4,547.77,4929.93,4914.44,Sports,Online,Low Value,Bronze,179,Medium,1,High Risk
CUST103857,Susan Baker,Female,33,Patna,Bihar,2021-07-29,2025-09-12,5,1.02,55,11,808.83,4044.15,4040.89,Grocery,Online,Low Value,Bronze,289,High,1,High Risk
CUST103860,Amber Bennett,Female,54,Chandigarh,Chandigarh,2024-01-01,2024-10-08,1,0.5,7,7,1029.04,1029.04,1272.04,Electronics,Offline,Low Value,Bronze,628,High,1,High Risk
CUST103865,Mallory Collins,Female,42,Patna,Bihar,2023-07-02,2026-04-24,5,1.68,45,9,3710.15,18550.75,18532.77,Grocery,Online,Medium Value,Bronze,65,Low,1,High Risk
CUST103873,Matthew Murphy,Male,42,Patna,Bihar,2021-01-10,2026-03-13,1,0.5,5,5,206.88,206.88,563.29,Sports,Online,Low Value,Bronze,107,Medium,1,High Risk
CUST103877,Taylor Johnson,Male,21,Lucknow,Uttar Pradesh,2019-12-19,2026-05-14,2,0.5,2,1,1046.06,2092.12,3403.81,Sports,Online,Low Value,Bronze,45,Low,1,High Risk
CUST103881,Kenneth Webb,Male,23,Patna,Bihar,2022-11-02,2026-02-07,7,1.93,56,8,2019.94,14139.58,14174.37,Fashion,Offline,Low Value,Bronze,141,Medium,1,High Risk
CUST103882,Mark Montoya,Male,45,Ranchi,Jharkhand,2019-01-21,2026-01-30,3,0.5,24,8,1059.34,3178.02,3928.48,Grocery,Online,Low Value,Bronze,149,Medium,1,High Risk
CUST103884,Kimberly Wilson,Female,18,Madurai,Tamil Nadu,2021-05-17,2024-08-17,4,0.78,20,5,629.75,2519.0,2504.1,Electronics,Online,Low Value,Bronze,680,High,1,High Risk
CUST103885,Randy Bradshaw,Male,20,Nagpur,Maharashtra,2024-05-26,2026-05-15,4,1.93,16,4,1504.91,6019.64,6019.68,Fashion,Offline,Low Value,Bronze,44,Low,1,High Risk
CUST103886,Steven Scott,Female,39,Mumbai,Maharashtra,2023-12-25,2023-12-25,1,0.5,7,7,1004.69,1004.69,1251.56,Beauty,Online,Low Value,Bronze,916,High,1,High Risk
CUST103887,Katherine Dunn,Male,29,Bengaluru,Karnataka,2020-10-26,2025-04-14,8,1.42,160,20,4209.86,33678.88,33797.6,Fashion,Online,Medium Value,Bronze,440,High,1,High Risk
CUST103890,Traci Martinez,Male,29,Vadodara,Gujarat,2022-10-08,2025-04-05,5,1.35,35,7,343.32,1716.6,1716.88,Beauty,Online,Low Value,Bronze,449,High,1,High Risk
CUST103895,Todd Lutz,Female,18,Jaipur,Rajasthan,2022-08-15,2025-11-28,4,1.04,12,3,1126.9,4507.6,4514.63,Beauty,Online,Low Value,Bronze,212,High,1,High Risk
CUST103897,Nicholas Gomez,Female,30,Kolkata,West Bengal,2024-05-21,2026-03-21,1,0.5,5,5,2035.77,2035.77,2123.55,Grocery,Online,Low Value,Bronze,99,Medium,1,High Risk
CUST103899,Rebecca Cox,Female,28,Hyderabad,Telangana,2021-09-08,2025-10-10,1,0.5,5,5,291.93,291.93,698.55,Fashion,Online,Low Value,Bronze,261,High,1,High Risk
CUST103902,Lisa Bridges,Female,32,Ahmedabad,Gujarat,2022-05-27,2026-03-26,5,1.23,45,9,889.29,4446.45,4453.17,Beauty,Online,Low Value,Bronze,94,Medium,1,High Risk
CUST103904,Shannon Ramirez,Male,58,Nashik,Maharashtra,2022-08-04,2025-12-04,1,0.5,7,7,1641.66,1641.66,3186.69,Fashion,Offline,Low Value,Bronze,206,High,1,High Risk
CUST103913,Maria Myers,Female,23,Nagpur,Maharashtra,2020-08-31,2026-02-10,6,1.03,66,11,994.5,5967.0,5948.29,Home & Kitchen,Online,Low Value,Bronze,138,Medium,1,High Risk
CUST103914,Ruben Jones,Male,18,Chennai,Tamil Nadu,2021-03-19,2025-11-14,6,1.14,6,1,1590.78,9544.68,9537.89,Home & Kitchen,Offline,Low Value,Bronze,226,High,1,High Risk
CUST103920,Matthew Evans,Female,34,Delhi,Delhi,2023-11-26,2024-10-08,4,1.56,24,6,1462.44,5849.76,5865.14,Sports,Offline,Low Value,Bronze,628,High,1,High Risk
CUST103923,Dillon Travis,Male,27,Jaipur,Rajasthan,2022-07-17,2026-06-05,5,1.27,55,11,5988.0,29940.0,29898.52,Home & Kitchen,Online,Medium Value,Bronze,23,Low,1,High Risk
CUST103930,Jennifer Little,Female,29,Chandigarh,Chandigarh,2024-04-18,2026-05-18,2,0.92,18,9,1795.86,3591.72,3596.15,Beauty,Online,Low Value,Bronze,41,Low,1,High Risk
CUST103932,David Romero,Male,44,Patna,Bihar,2021-10-30,2026-03-13,9,1.94,144,16,4845.84,43612.56,43652.23,Beauty,Online,Medium Value,Silver,107,Medium,1,High Risk
CUST103935,Jon Garza,Male,47,Visakhapatnam,Andhra Pradesh,2021-04-09,2025-10-27,5,0.96,40,8,4915.39,24576.95,24546.67,Home & Kitchen,Online,Medium Value,Bronze,244,High,1,High Risk
CUST103941,Phillip Ward,Female,42,Surat,Gujarat,2020-06-20,2026-05-10,6,1.0,18,3,1543.63,9261.78,9268.12,Fashion,Offline,Low Value,Bronze,49,Low,1,High Risk
CUST103951,Danielle Griffin,Male,32,Ahmedabad,Gujarat,2021-12-03,2024-09-07,6,1.32,30,5,716.72,4300.32,4304.91,Beauty,Offline,Low Value,Bronze,659,High,1,High Risk
CUST103952,Jimmy Ritter,Male,45,Hyderabad,Telangana,2019-05-18,2025-04-05,1,0.5,7,7,1465.21,1465.21,5198.94,Beauty,Online,Low Value,Bronze,449,High,1,High Risk
CUST103955,Gregory Ochoa,Female,51,Kanpur,Uttar Pradesh,2019-01-04,2026-03-08,2,0.5,18,9,1548.59,3097.18,5778.86,Sports,Online,Low Value,Bronze,112,Medium,1,High Risk
CUST103956,Shannon Cook,Female,43,Ahmedabad,Gujarat,2024-04-05,2026-02-06,1,0.5,2,2,547.5,547.5,605.59,Fashion,Online,Low Value,Bronze,142,Medium,1,High Risk
CUST103970,Robin Clay,Female,19,Indore,Madhya Pradesh,2019-07-04,2026-06-09,8,1.15,64,8,2040.48,16323.84,16350.38,Beauty,Offline,Medium Value,Bronze,19,Low,1,High Risk
CUST103973,Johnny Whitaker,Female,47,Bengaluru,Karnataka,2022-06-15,2024-02-29,3,0.75,3,1,769.94,2309.82,2320.89,Beauty,Online,Low Value,Bronze,850,High,1,High Risk
CUST103975,Adam Sanchez,Female,54,Coimbatore,Tamil Nadu,2020-10-09,2025-12-08,3,0.53,24,8,578.5,1735.5,1747.71,Electronics,Offline,Low Value,Bronze,202,High,1,High Risk
CUST103980,Michelle Holden,Female,22,Madurai,Tamil Nadu,2023-01-27,2025-05-17,5,1.47,25,5,712.56,3562.8,3561.81,Home & Kitchen,Online,Low Value,Bronze,407,High,1,High Risk
CUST103981,Deborah Wood,Male,33,Delhi,Delhi,2020-12-14,2025-04-22,4,0.72,40,10,1132.6,4530.4,4501.0,Grocery,Online,Low Value,Bronze,432,High,1,High Risk
CUST103984,Victoria Wright,Female,42,Kolkata,West Bengal,2023-11-20,2024-12-11,2,0.77,12,6,1402.94,2805.88,2794.93,Fashion,Online,Low Value,Bronze,564,High,1,High Risk
CUST103985,Betty Pollard,Female,19,Delhi,Delhi,2019-05-26,2025-11-21,14,1.98,42,3,287.73,4028.22,4030.44,Electronics,Offline,Low Value,Bronze,219,High,1,High Risk
CUST103989,Victoria Marshall,Male,32,Mumbai,Maharashtra,2022-03-13,2026-05-19,2,0.5,10,5,2561.04,5122.08,5476.17,Fashion,Offline,Low Value,Bronze,40,Low,1,High Risk
CUST103992,Kristin Brown,Male,37,Nashik,Maharashtra,2023-03-21,2026-02-11,2,0.61,16,8,1876.93,3753.86,3727.09,Home & Kitchen,Offline,Low Value,Bronze,137,Medium,1,High Risk
CUST103994,Ana Higgins,Female,36,Vadodara,Gujarat,2019-08-08,2026-02-15,10,1.46,160,16,503.39,5033.9,5050.58,Fashion,Online,Low Value,Bronze,133,Medium,1,High Risk
CUST104002,Michelle Howard,Female,30,Delhi,Delhi,2019-12-06,2025-06-09,1,0.5,6,6,1061.94,1061.94,3474.38,Electronics,Online,Low Value,Bronze,384,High,1,High Risk
CUST104016,Kendra Smith,Female,38,Pune,Maharashtra,2022-07-10,2025-02-20,3,0.76,12,4,925.21,2775.63,2777.99,Beauty,Online,Low Value,Bronze,493,High,1,High Risk
CUST104017,Alexander Stein,Female,47,Jaipur,Rajasthan,2022-06-17,2026-05-04,4,1.0,8,2,1233.78,4935.12,4952.01,Beauty,Online,Low Value,Bronze,55,Low,1,High Risk
CUST104023,Charles Fuentes,Male,39,Nashik,Maharashtra,2023-05-10,2025-07-29,2,0.64,16,8,1052.51,2105.02,2100.58,Home & Kitchen,Online,Low Value,Bronze,334,High,1,High Risk
CUST104025,Teresa Aguirre,Female,20,Chandigarh,Chandigarh,2021-10-17,2025-08-25,1,0.5,6,6,2011.61,2011.61,4706.15,Beauty,Online,Low Value,Bronze,307,High,1,High Risk
CUST104028,Mr. Zachary Mora DVM,Male,41,Vadodara,Gujarat,2022-01-02,2023-11-15,2,0.5,6,3,1900.57,3801.14,4246.04,Grocery,Online,Low Value,Bronze,956,High,1,High Risk
CUST104033,Thomas Morse,Female,50,Surat,Gujarat,2023-10-04,2026-04-26,5,1.84,50,10,790.36,3951.8,3949.7,Home & Kitchen,Offline,Low Value,Bronze,63,Low,1,High Risk
CUST104035,Annette Meyer,Male,21,Ranchi,Jharkhand,2021-12-07,2024-09-01,2,0.5,10,5,2032.66,4065.32,4613.48,Home & Kitchen,Online,Low Value,Bronze,665,High,1,High Risk
CUST104037,Kim Long,Female,46,Hyderabad,Telangana,2020-11-14,2024-07-09,7,1.25,7,1,555.38,3887.66,3888.8,Beauty,Offline,Low Value,Bronze,719,High,1,High Risk
CUST104039,Craig Raymond,Male,25,Hyderabad,Telangana,2021-02-10,2026-06-04,6,1.12,18,3,3984.42,23906.52,23922.45,Beauty,Online,Medium Value,Bronze,24,Low,1,High Risk
CUST104040,Jeffrey Miller,Male,47,Bengaluru,Karnataka,2023-06-08,2023-10-09,1,0.5,1,1,1157.23,1157.23,1758.42,Fashion,Offline,Low Value,Bronze,993,High,1,High Risk
CUST104044,Amanda Arroyo,Male,43,Chennai,Tamil Nadu,2020-12-10,2026-05-16,10,1.81,90,9,200.0,2000.0,2002.03,Fashion,Online,Low Value,Bronze,43,Low,1,High Risk
CUST104045,Kevin Mccullough,Male,53,Pune,Maharashtra,2019-02-12,2026-03-22,9,1.22,153,17,5106.51,45958.59,45831.22,Grocery,Offline,Medium Value,Silver,98,Medium,1,High Risk
CUST104048,Victor Williams,Male,47,Kanpur,Uttar Pradesh,2023-10-19,2026-06-19,5,1.87,20,4,1556.99,7784.95,7788.1,Fashion,Offline,Low Value,Bronze,9,Low,1,High Risk
CUST104050,Cassandra Wood,Male,34,Lucknow,Uttar Pradesh,2021-09-19,2025-11-08,4,0.84,4,1,1293.64,5174.56,5167.76,Electronics,Offline,Low Value,Bronze,232,High,1,High Risk
CUST104052,Stephanie Joseph,Male,37,Nagpur,Maharashtra,2023-07-11,2025-12-23,3,1.02,21,7,1189.26,3567.78,3576.86,Fashion,Offline,Low Value,Bronze,187,High,1,High Risk
CUST104053,Dalton Clark,Female,24,Lucknow,Uttar Pradesh,2021-03-06,2026-03-31,10,1.89,150,15,5455.87,54558.7,54599.93,Electronics,Online,Medium Value,Silver,89,Low,1,High Risk
CUST104054,Alexis Weeks,Female,31,Visakhapatnam,Andhra Pradesh,2022-11-01,2026-02-25,6,1.65,30,5,1857.07,11142.42,11149.28,Fashion,Online,Low Value,Bronze,123,Medium,1,High Risk
CUST104056,David Cervantes,Male,21,Kanpur,Uttar Pradesh,2022-07-20,2025-04-10,3,0.76,27,9,283.51,850.53,845.35,Fashion,Online,Low Value,Bronze,444,High,1,High Risk
CUST104058,Jacqueline Monroe,Female,33,Ahmedabad,Gujarat,2020-11-12,2025-08-13,10,1.78,100,10,1441.73,14417.3,14389.43,Electronics,Online,Low Value,Bronze,319,High,1,High Risk
CUST104059,Charles Sanchez,Male,33,Hyderabad,Telangana,2024-03-03,2026-03-19,1,0.5,5,5,262.92,262.92,302.69,Grocery,Online,Low Value,Bronze,101,Medium,1,High Risk
CUST104062,Shawn Doyle,Female,34,Hyderabad,Telangana,2021-04-26,2025-06-08,4,0.78,32,8,1405.68,5622.72,5652.51,Sports,Offline,Low Value,Bronze,385,High,1,High Risk
CUST104064,Donald Santana,Female,53,Chennai,Tamil Nadu,2019-10-21,2026-05-01,4,0.6,28,7,1265.42,5061.68,5063.76,Home & Kitchen,Online,Low Value,Bronze,58,Low,1,High Risk
CUST104069,Clifford Murphy DVM,Female,46,Ranchi,Jharkhand,2023-01-25,2025-09-15,6,1.76,54,9,656.88,3941.28,3937.58,Electronics,Online,Low Value,Bronze,286,High,1,High Risk
CUST104078,Charles Harper,Female,20,Vadodara,Gujarat,2023-05-29,2025-10-21,3,0.98,15,5,960.69,2882.07,2886.94,Fashion,Online,Low Value,Bronze,250,High,1,High Risk
CUST104083,Mathew Myers,Male,23,Indore,Madhya Pradesh,2021-04-01,2025-09-27,4,0.77,40,10,2171.81,8687.24,8735.76,Sports,Online,Low Value,Bronze,274,High,1,High Risk
CUST104088,Victor Brown,Male,46,Surat,Gujarat,2022-09-25,2026-03-24,4,1.07,24,6,2364.28,9457.12,9461.13,Beauty,Offline,Low Value,Bronze,96,Medium,1,High Risk
CUST104090,Carolyn Cantu,Female,40,Ahmedabad,Gujarat,2019-08-19,2022-02-11,1,0.5,6,6,1102.19,1102.19,3770.53,Grocery,Online,Low Value,Bronze,1598,High,1,High Risk
CUST104091,Charles Garcia,Male,46,Coimbatore,Tamil Nadu,2022-09-13,2026-05-05,7,1.86,49,7,1626.84,11387.88,11416.07,Home & Kitchen,Online,Low Value,Bronze,54,Low,1,High Risk
CUST104093,Patricia Wilson,Male,42,Nashik,Maharashtra,2021-01-29,2026-04-03,6,1.11,60,10,1719.96,10319.76,10297.16,Beauty,Online,Low Value,Bronze,86,Low,1,High Risk
CUST104105,Heather Mcmahon,Female,24,Guwahati,Assam,2021-05-31,2025-06-12,5,0.99,75,15,4560.09,22800.45,22841.28,Grocery,Online,Medium Value,Bronze,381,High,1,High Risk
CUST104108,James Cummings,Male,41,Bhopal,Madhya Pradesh,2022-03-04,2024-03-21,7,1.63,35,5,1233.05,8631.35,8644.79,Grocery,Online,Low Value,Bronze,829,High,1,High Risk
CUST104116,Juan Moore,Male,21,Madurai,Tamil Nadu,2021-11-08,2025-07-15,3,0.65,18,6,200.0,600.0,600.44,Sports,Online,Low Value,Bronze,348,High,1,High Risk
CUST104121,Christina Jenkins,Male,61,Patna,Bihar,2020-02-27,2026-06-12,11,1.74,198,18,3618.48,39803.28,39767.91,Electronics,Online,Medium Value,Silver,16,Low,1,High Risk
CUST104123,Emily Fitzpatrick,Female,27,Kanpur,Uttar Pradesh,2019-10-21,2024-08-13,1,0.5,1,1,1322.06,1322.06,4408.68,Beauty,Offline,Low Value,Bronze,684,High,1,High Risk
CUST104136,Bridget Wallace,Female,29,Surat,Gujarat,2023-05-15,2026-04-13,5,1.61,15,3,1424.67,7123.35,7121.36,Fashion,Online,Low Value,Bronze,76,Low,1,High Risk
CUST104143,Chad Evans,Female,35,Visakhapatnam,Andhra Pradesh,2022-08-11,2025-07-10,4,1.04,36,9,1872.91,7491.64,7524.66,Beauty,Online,Low Value,Bronze,353,High,1,High Risk
CUST104144,Chase Haney,Male,44,Chandigarh,Chandigarh,2021-01-22,2025-12-19,1,0.5,1,1,1634.31,1634.31,4423.04,Fashion,Online,Low Value,Bronze,191,High,1,High Risk
CUST104145,Maureen Nixon,Male,43,Chennai,Tamil Nadu,2021-02-08,2026-01-12,8,1.49,128,16,4948.26,39586.08,39564.4,Electronics,Offline,Medium Value,Silver,167,Medium,1,High Risk
CUST104149,Samuel Lee,Female,45,Surat,Gujarat,2020-09-15,2026-06-17,6,1.04,24,4,1457.58,8745.48,8740.45,Home & Kitchen,Online,Low Value,Bronze,11,Low,1,High Risk
CUST104154,Bobby Arnold,Female,42,Indore,Madhya Pradesh,2022-10-23,2026-03-10,6,1.64,96,16,8633.53,51801.18,51867.84,Sports,Online,Medium Value,Silver,110,Medium,1,High Risk
CUST104157,Jamie Johnson,Female,32,Kochi,Kerala,2019-07-24,2025-06-06,8,1.16,32,4,1265.72,10125.76,10150.02,Beauty,Online,Low Value,Bronze,387,High,1,High Risk
CUST104158,Melissa Rogers,Female,36,Surat,Gujarat,2020-10-08,2026-05-22,1,0.5,12,12,519.25,519.25,1480.63,Electronics,Offline,Low Value,Bronze,37,Low,1,High Risk
CUST104171,Ashley Martinez,Male,34,Coimbatore,Tamil Nadu,2019-08-05,2025-09-13,1,0.5,5,5,1734.99,1734.99,5968.56,Electronics,Online,Low Value,Bronze,288,High,1,High Risk
CUST104174,Rickey Hall,Male,29,Lucknow,Uttar Pradesh,2019-02-01,2026-02-23,4,0.54,16,4,1500.6,6002.4,5985.64,Fashion,Offline,Low Value,Bronze,125,Medium,1,High Risk
CUST104175,Bobby Flores,Female,26,Indore,Madhya Pradesh,2020-08-22,2025-05-31,2,0.5,18,9,375.73,751.46,1095.56,Beauty,Online,Low Value,Bronze,393,High,1,High Risk
CUST104176,Karen Gonzalez,Female,48,Ahmedabad,Gujarat,2019-01-27,2026-04-11,14,1.89,28,2,4181.21,58536.94,58481.65,Grocery,Online,Medium Value,Silver,78,Low,1,High Risk
CUST104177,Lisa Lopez MD,Female,55,Ahmedabad,Gujarat,2019-12-29,2025-06-15,11,1.7,11,1,1483.53,16318.83,16343.81,Grocery,Offline,Medium Value,Bronze,378,High,1,High Risk
CUST104178,Sharon Brown,Male,35,Nagpur,Maharashtra,2020-10-16,2026-05-24,11,1.94,198,18,3280.79,36088.69,36158.3,Home & Kitchen,Online,Medium Value,Silver,35,Low,1,High Risk
CUST104189,Sabrina Miller,Female,21,Vadodara,Gujarat,2021-04-28,2024-03-24,6,1.17,66,11,1180.03,7080.18,7110.13,Fashion,Online,Low Value,Bronze,826,High,1,High Risk
CUST104190,Michelle Smith,Female,44,Kolkata,West Bengal,2019-05-26,2026-03-06,9,1.27,36,4,2389.34,21504.06,21467.62,Electronics,Offline,Medium Value,Bronze,114,Medium,1,High Risk
CUST104193,Andrea Baker,Male,40,Guwahati,Assam,2021-11-16,2026-05-14,5,1.09,15,3,1077.1,5385.5,5396.88,Electronics,Offline,Low Value,Bronze,45,Low,1,High Risk
CUST104203,Mary Thompson,Female,59,Patna,Bihar,2020-04-16,2024-06-29,9,1.46,27,3,1703.86,15334.74,15378.73,Fashion,Online,Medium Value,Bronze,729,High,1,High Risk
CUST104205,Chris Rogers,Female,23,Jaipur,Rajasthan,2020-06-22,2025-03-07,7,1.17,119,17,865.55,6058.85,6074.77,Grocery,Offline,Low Value,Bronze,478,High,1,High Risk
CUST104214,Melinda Patterson,Male,32,Chennai,Tamil Nadu,2020-01-01,2026-03-18,11,1.7,132,12,4019.73,44217.03,44228.59,Beauty,Online,Medium Value,Silver,102,Medium,1,High Risk
CUST104218,Jason Clark,Female,33,Guwahati,Assam,2019-06-05,2025-05-29,12,1.7,168,14,2556.8,30681.6,30631.2,Sports,Offline,Medium Value,Bronze,395,High,1,High Risk
CUST104222,Cory Martinez,Female,44,Visakhapatnam,Andhra Pradesh,2021-03-08,2026-04-27,10,1.89,40,4,2600.1,26001.0,25993.74,Beauty,Offline,Medium Value,Bronze,62,Low,1,High Risk
CUST104223,Mark Maddox,Female,64,Kochi,Kerala,2023-09-28,2024-06-06,5,1.83,25,5,200.0,1000.0,1000.05,Beauty,Online,Low Value,Bronze,752,High,1,High Risk
CUST104224,Kevin Young,Male,33,Bengaluru,Karnataka,2019-05-21,2026-04-05,7,0.99,77,11,1461.9,10233.3,10258.76,Electronics,Online,Low Value,Bronze,84,Low,1,High Risk
CUST104225,Katherine Harrison,Female,35,Jaipur,Rajasthan,2024-04-12,2026-06-03,1,0.5,7,7,1051.94,1051.94,1153.46,Home & Kitchen,Online,Low Value,Bronze,25,Low,1,High Risk
CUST104230,Desiree Thomas,Female,35,Vadodara,Gujarat,2022-06-02,2026-06-21,2,0.5,12,6,1627.73,3255.46,3300.02,Home & Kitchen,Offline,Low Value,Bronze,7,Low,1,High Risk
CUST104233,Mr. Don Flores,Female,27,Bhopal,Madhya Pradesh,2021-07-23,2026-01-28,9,1.83,99,11,502.53,4522.77,4519.47,Sports,Offline,Low Value,Bronze,151,Medium,1,High Risk
CUST104237,Robert Campbell,Male,28,Chandigarh,Chandigarh,2020-08-06,2026-05-17,11,1.87,33,3,245.28,2698.08,2694.9,Fashion,Online,Low Value,Bronze,42,Low,1,High Risk
CUST104238,Jenny Cardenas,Male,47,Visakhapatnam,Andhra Pradesh,2020-03-26,2025-10-20,4,0.64,8,2,1890.96,7563.84,7551.21,Electronics,Offline,Low Value,Bronze,251,High,1,High Risk
CUST104242,Mario Peters,Male,24,Kanpur,Uttar Pradesh,2023-09-26,2026-02-28,2,0.73,10,5,200.0,400.0,399.73,Electronics,Online,Low Value,Bronze,120,Medium,1,High Risk
CUST104252,Mitchell Anderson,Male,34,Delhi,Delhi,2019-05-01,2026-05-17,13,1.82,195,15,3538.54,46001.02,46002.28,Electronics,Offline,Medium Value,Silver,42,Low,1,High Risk
CUST104256,Paul Vasquez,Female,41,Coimbatore,Tamil Nadu,2021-07-23,2026-02-09,7,1.42,7,1,747.05,5229.35,5213.29,Fashion,Online,Low Value,Bronze,139,Medium,1,High Risk
CUST104261,Kristin Williams,Female,39,Chandigarh,Chandigarh,2023-04-23,2026-03-05,6,1.9,6,1,2247.42,13484.52,13514.67,Sports,Offline,Low Value,Bronze,115,Medium,1,High Risk
CUST104268,Christine Aguilar,Female,39,Ahmedabad,Gujarat,2020-09-01,2026-02-03,1,0.5,2,2,1457.17,1457.17,4228.88,Beauty,Online,Low Value,Bronze,145,Medium,1,High Risk
CUST104269,Michael Perkins,Female,35,Chennai,Tamil Nadu,2019-04-10,2026-03-20,4,0.56,24,6,2113.58,8454.32,8522.6,Beauty,Online,Low Value,Bronze,100,Medium,1,High Risk
CUST104271,Joshua Herman,Female,18,Bengaluru,Karnataka,2024-01-18,2026-03-04,2,0.82,8,4,449.91,899.82,894.92,Home & Kitchen,Online,Low Value,Bronze,116,Medium,1,High Risk
CUST104274,Felicia Murphy,Female,41,Kochi,Kerala,2019-01-05,2025-08-02,12,1.61,168,14,200.0,2400.0,2402.33,Beauty,Offline,Low Value,Bronze,330,High,1,High Risk
CUST104281,Sabrina Ward,Male,49,Hyderabad,Telangana,2022-08-03,2025-12-02,5,1.29,20,4,3046.62,15233.1,15268.63,Grocery,Offline,Medium Value,Bronze,208,High,1,High Risk
CUST104286,Judith Myers,Male,33,Kolkata,West Bengal,2024-03-17,2026-05-10,2,0.88,10,5,734.31,1468.62,1463.11,Electronics,Online,Low Value,Bronze,49,Low,1,High Risk
CUST104293,Jacob Brewer,Female,52,Ahmedabad,Gujarat,2019-12-02,2026-04-14,2,0.5,10,5,295.68,591.36,969.0,Electronics,Online,Low Value,Bronze,75,Low,1,High Risk
CUST104301,Jordan Tanner,Male,49,Kochi,Kerala,2021-10-30,2026-03-10,4,0.86,16,4,1360.07,5440.28,5431.19,Electronics,Offline,Low Value,Bronze,110,Medium,1,High Risk
CUST104302,Denise Johnson,Female,40,Lucknow,Uttar Pradesh,2019-08-24,2024-09-24,1,0.5,8,8,318.03,318.03,1085.79,Fashion,Online,Low Value,Bronze,642,High,1,High Risk
CUST104304,James Bennett,Male,45,Lucknow,Uttar Pradesh,2020-11-20,2024-07-04,5,0.9,30,6,1239.22,6196.1,6229.18,Home & Kitchen,Offline,Low Value,Bronze,724,High,1,High Risk
CUST104309,Michael Richmond,Female,39,Surat,Gujarat,2022-01-30,2025-10-16,2,0.5,14,7,1399.27,2798.54,3072.46,Sports,Online,Low Value,Bronze,255,High,1,High Risk
CUST104311,Amanda Hart DVM,Male,34,Nagpur,Maharashtra,2022-12-30,2026-06-09,1,0.5,6,6,826.39,826.39,1436.71,Beauty,Online,Low Value,Bronze,19,Low,1,High Risk
CUST104313,Natalie Mitchell,Male,42,Surat,Gujarat,2019-08-07,2026-05-28,5,0.73,35,7,1637.48,8187.4,8217.8,Sports,Online,Low Value,Bronze,31,Low,1,High Risk
CUST104314,Jacob Hoover,Female,32,Indore,Madhya Pradesh,2023-05-27,2026-02-15,1,0.5,1,1,438.69,438.69,673.8,Beauty,Online,Low Value,Bronze,133,Medium,1,High Risk
CUST104316,Kimberly Flores,Female,38,Coimbatore,Tamil Nadu,2020-01-11,2026-04-25,6,0.93,54,9,600.52,3603.12,3599.37,Electronics,Online,Low Value,Bronze,64,Low,1,High Risk
CUST104321,David Taylor,Female,18,Delhi,Delhi,2022-12-06,2023-10-30,5,1.41,30,6,200.0,1000.0,999.06,Fashion,Offline,Low Value,Bronze,972,High,1,High Risk
CUST104324,Thomas Mcgrath,Female,48,Bengaluru,Karnataka,2021-11-02,2026-06-09,9,1.94,9,1,950.75,8556.75,8549.38,Electronics,Offline,Low Value,Bronze,19,Low,1,High Risk
CUST104325,Glenn Chen,Female,41,Visakhapatnam,Andhra Pradesh,2019-05-05,2024-10-02,5,0.7,65,13,1202.36,6011.8,6002.75,Electronics,Offline,Low Value,Bronze,634,High,1,High Risk
CUST104327,Rebecca Summers,Female,55,Guwahati,Assam,2021-04-04,2025-05-13,1,0.5,8,8,1229.15,1229.15,3205.38,Home & Kitchen,Offline,Low Value,Bronze,411,High,1,High Risk
CUST104329,Kimberly Stone DDS,Male,46,Indore,Madhya Pradesh,2021-12-01,2026-05-07,5,1.1,15,3,1040.84,5204.2,5216.03,Electronics,Online,Low Value,Bronze,52,Low,1,High Risk
CUST104346,Daniel Patterson,Female,28,Nagpur,Maharashtra,2023-11-19,2025-10-07,1,0.5,7,7,1919.21,1919.21,2485.38,Electronics,Offline,Low Value,Bronze,264,High,1,High Risk
CUST104348,John Johnson,Male,49,Chennai,Tamil Nadu,2024-03-09,2025-01-05,4,1.75,36,9,1447.3,5789.2,5790.19,Fashion,Online,Low Value,Bronze,539,High,1,High Risk
CUST104350,Janet Ryan,Male,28,Lucknow,Uttar Pradesh,2022-09-11,2026-06-14,6,1.59,36,6,1845.64,11073.84,11087.48,Home & Kitchen,Online,Low Value,Bronze,14,Low,1,High Risk
CUST104351,Michael Oliver,Female,46,Ahmedabad,Gujarat,2019-07-14,2025-09-08,10,1.44,50,5,3252.75,32527.5,32508.8,Home & Kitchen,Offline,Medium Value,Bronze,293,High,1,High Risk
CUST104353,Andrew Freeman,Male,41,Surat,Gujarat,2020-05-23,2025-10-16,4,0.66,4,1,2342.55,9370.2,9401.37,Sports,Offline,Low Value,Bronze,255,High,1,High Risk
CUST104362,Michael Price,Female,54,Patna,Bihar,2019-09-22,2026-06-12,2,0.5,4,2,2200.58,4401.16,7425.64,Fashion,Online,Low Value,Bronze,16,Low,1,High Risk
CUST104374,Jessica Richardson,Male,35,Bhopal,Madhya Pradesh,2019-05-31,2026-03-16,13,1.84,299,23,3218.84,41844.92,41819.45,Grocery,Online,Medium Value,Silver,104,Medium,1,High Risk
CUST104377,Douglas Grant,Male,18,Jaipur,Rajasthan,2022-03-06,2026-01-24,1,0.5,8,8,200.0,200.0,429.57,Beauty,Online,Low Value,Bronze,155,Medium,1,High Risk
CUST104394,Shannon Jones,Female,46,Jaipur,Rajasthan,2020-02-21,2026-03-21,3,0.5,21,7,557.55,1672.65,1765.38,Sports,Offline,Low Value,Bronze,99,Medium,1,High Risk
CUST104395,Victoria Knight,Male,44,Delhi,Delhi,2019-04-10,2026-06-18,3,0.5,3,1,697.48,2092.44,2511.12,Fashion,Online,Low Value,Bronze,10,Low,1,High Risk
CUST104404,Donna Mejia,Female,38,Coimbatore,Tamil Nadu,2019-01-26,2025-09-27,1,0.5,6,6,1399.65,1399.65,5180.91,Grocery,Online,Low Value,Bronze,274,High,1,High Risk
CUST104405,Andre Jones,Male,50,Delhi,Delhi,2020-04-27,2026-06-17,11,1.79,11,1,1204.41,13248.51,13262.95,Beauty,Offline,Low Value,Bronze,11,Low,1,High Risk
CUST104406,Steven Thomas,Female,33,Patna,Bihar,2019-03-19,2025-08-05,8,1.1,40,5,1244.44,9955.52,9939.17,Grocery,Online,Low Value,Bronze,327,High,1,High Risk
CUST104416,Devon Roberts,Male,58,Vadodara,Gujarat,2019-05-09,2025-12-17,14,1.97,126,9,200.0,2800.0,2805.73,Sports,Online,Low Value,Bronze,193,High,1,High Risk
CUST104423,Heather Daniels,Male,23,Visakhapatnam,Andhra Pradesh,2021-02-19,2026-04-04,6,1.12,60,10,2061.67,12370.02,12321.36,Home & Kitchen,Offline,Low Value,Bronze,85,Low,1,High Risk
CUST104429,Kimberly Thomas,Female,20,Ranchi,Jharkhand,2020-03-01,2026-06-11,4,0.63,24,6,2448.89,9795.56,9732.0,Sports,Online,Low Value,Bronze,17,Low,1,High Risk
CUST104430,Dawn Levy,Male,54,Bhopal,Madhya Pradesh,2020-04-10,2026-03-29,10,1.61,120,12,5078.15,50781.5,50677.78,Beauty,Offline,Medium Value,Silver,91,Medium,1,High Risk
CUST104432,Timothy Reilly,Female,52,Kochi,Kerala,2020-01-06,2026-04-07,11,1.7,99,9,3330.52,36635.72,36567.79,Fashion,Online,Medium Value,Silver,82,Low,1,High Risk
CUST104433,William Silva,Female,41,Madurai,Tamil Nadu,2024-03-12,2025-11-21,2,0.88,18,9,932.78,1865.56,1869.8,Electronics,Offline,Low Value,Bronze,219,High,1,High Risk
CUST104436,Karen Hughes,Female,57,Ahmedabad,Gujarat,2019-05-03,2025-03-01,10,1.4,70,7,3490.5,34905.0,34879.2,Sports,Online,Medium Value,Silver,484,High,1,High Risk
CUST104438,Amy Boone,Male,33,Lucknow,Uttar Pradesh,2019-08-13,2025-10-16,11,1.6,66,6,1027.45,11301.95,11274.52,Beauty,Online,Low Value,Bronze,255,High,1,High Risk
CUST104441,Steven Knight,Male,23,Mumbai,Maharashtra,2020-07-22,2025-10-31,7,1.18,77,11,1175.38,8227.66,8205.87,Grocery,Offline,Low Value,Bronze,240,High,1,High Risk
CUST104449,Veronica Nelson,Male,29,Ranchi,Jharkhand,2022-01-09,2025-01-11,8,1.8,8,1,1613.35,12906.8,12920.05,Electronics,Online,Low Value,Bronze,533,High,1,High Risk
CUST104452,Brian Allen,Male,40,Nagpur,Maharashtra,2023-03-30,2025-12-22,2,0.62,8,4,2389.23,4778.46,4785.66,Sports,Offline,Low Value,Bronze,188,High,1,High Risk
CUST104453,Kevin Greene,Female,39,Chennai,Tamil Nadu,2021-06-29,2026-02-06,1,0.5,4,4,1700.15,1700.15,4233.5,Fashion,Online,Low Value,Bronze,142,Medium,1,High Risk
CUST104454,Daniel Garcia,Male,32,Visakhapatnam,Andhra Pradesh,2021-09-07,2026-01-09,6,1.25,72,12,1315.65,7893.9,7874.99,Fashion,Online,Low Value,Bronze,170,Medium,1,High Risk
CUST104462,Jamie French,Female,45,Surat,Gujarat,2022-07-05,2026-01-12,1,0.5,8,8,1637.0,1637.0,3244.87,Fashion,Online,Low Value,Bronze,167,Medium,1,High Risk
CUST104468,James Henry,Female,33,Pune,Maharashtra,2022-07-31,2023-10-10,2,0.51,2,1,585.49,1170.98,1162.52,Fashion,Offline,Low Value,Bronze,992,High,1,High Risk
CUST104471,Karen Jackson DVM,Female,34,Bhopal,Madhya Pradesh,2023-05-30,2025-12-05,6,1.96,24,4,1589.03,9534.18,9541.75,Electronics,Online,Low Value,Bronze,205,High,1,High Risk
CUST104474,Ann Moon,Female,28,Indore,Madhya Pradesh,2022-03-07,2026-05-03,8,1.86,112,14,3262.8,26102.4,26053.09,Home & Kitchen,Online,Medium Value,Bronze,56,Low,1,High Risk
CUST104477,Scott Ramirez,Male,60,Patna,Bihar,2020-03-07,2026-05-16,5,0.79,85,17,360.04,1800.2,1789.52,Beauty,Online,Low Value,Bronze,43,Low,1,High Risk
CUST104484,Andrea Garcia,Male,37,Visakhapatnam,Andhra Pradesh,2019-02-07,2025-11-03,14,1.9,98,7,6587.37,92223.18,92246.63,Home & Kitchen,Offline,Medium Value,Silver,237,High,1,High Risk
CUST104485,Cassandra Martinez,Female,33,Visakhapatnam,Andhra Pradesh,2019-03-27,2026-05-07,4,0.55,36,9,2137.04,8548.16,8508.37,Grocery,Online,Low Value,Bronze,52,Low,1,High Risk
CUST104488,Scott Miranda,Female,37,Visakhapatnam,Andhra Pradesh,2022-06-03,2025-08-04,4,0.99,32,8,1597.29,6389.16,6407.53,Sports,Online,Low Value,Bronze,328,High,1,High Risk
CUST104493,Christopher Rodriguez,Female,24,Lucknow,Uttar Pradesh,2020-04-09,2025-01-06,4,0.65,24,6,200.0,800.0,806.16,Sports,Offline,Low Value,Bronze,538,High,1,High Risk
CUST104494,Mark Webster,Female,28,Nagpur,Maharashtra,2023-01-03,2026-03-20,5,1.44,35,7,2050.48,10252.4,10234.38,Electronics,Offline,Low Value,Bronze,100,Medium,1,High Risk
CUST104509,Darren Gonzales,Female,30,Kolkata,West Bengal,2020-10-31,2026-02-02,1,0.5,4,4,2669.36,2669.36,7527.56,Home & Kitchen,Online,Low Value,Bronze,146,Medium,1,High Risk
CUST104513,Anthony Marshall,Male,45,Patna,Bihar,2019-11-09,2026-04-13,11,1.66,231,21,1288.97,14178.67,14159.15,Beauty,Online,Low Value,Bronze,76,Low,1,High Risk
CUST104517,Harold Lee,Male,32,Bengaluru,Karnataka,2020-11-28,2026-06-20,6,1.08,54,9,949.83,5698.98,5706.94,Grocery,Offline,Low Value,Bronze,8,Low,1,High Risk
CUST104520,Daniel Meyer,Male,37,Chandigarh,Chandigarh,2023-07-23,2025-11-12,1,0.5,4,4,896.44,896.44,1306.92,Grocery,Offline,Low Value,Bronze,228,High,1,High Risk
CUST104522,Marc Mitchell,Female,26,Bhopal,Madhya Pradesh,2020-07-03,2025-11-24,5,0.84,45,9,1244.07,6220.35,6237.21,Home & Kitchen,Online,Low Value,Bronze,216,High,1,High Risk
CUST104523,Jose Martinez,Female,47,Guwahati,Assam,2020-02-10,2026-04-01,8,1.26,96,12,6517.36,52138.88,52250.22,Electronics,Offline,Medium Value,Silver,88,Low,1,High Risk
CUST104524,John Gallagher,Male,34,Kolkata,West Bengal,2021-06-17,2026-03-17,7,1.4,63,9,881.66,6171.62,6187.67,Sports,Online,Low Value,Bronze,103,Medium,1,High Risk
CUST104525,Richard Chandler,Female,48,Nashik,Maharashtra,2019-01-18,2026-05-31,9,1.21,171,19,1584.22,14257.98,14233.13,Electronics,Offline,Low Value,Bronze,28,Low,1,High Risk
CUST104526,Andrea Donaldson,Female,52,Bhopal,Madhya Pradesh,2022-08-24,2024-09-17,5,1.31,20,4,1294.74,6473.7,6491.88,Beauty,Online,Low Value,Bronze,649,High,1,High Risk
CUST104527,Jamie Guerrero,Male,42,Mumbai,Maharashtra,2019-06-16,2025-12-09,5,0.71,35,7,1491.41,7457.05,7430.43,Electronics,Online,Low Value,Bronze,201,High,1,High Risk
CUST104536,John Zavala,Female,44,Indore,Madhya Pradesh,2019-06-01,2026-05-09,8,1.13,48,6,4811.17,38489.36,38372.65,Fashion,Online,Medium Value,Silver,50,Low,1,High Risk
CUST104545,Dillon Case,Male,23,Patna,Bihar,2022-04-17,2025-09-12,4,0.96,32,8,1002.98,4011.92,4025.43,Beauty,Online,Low Value,Bronze,289,High,1,High Risk
CUST104549,Colleen Blanchard,Male,48,Lucknow,Uttar Pradesh,2022-03-07,2025-01-24,4,0.93,24,6,1344.95,5379.8,5369.64,Electronics,Offline,Low Value,Bronze,520,High,1,High Risk
CUST104550,Christian Garcia,Female,31,Bhopal,Madhya Pradesh,2020-06-04,2025-12-31,6,0.99,54,9,416.51,2499.06,2493.83,Beauty,Offline,Low Value,Bronze,179,Medium,1,High Risk
CUST104553,John Hebert,Female,47,Lucknow,Uttar Pradesh,2022-07-24,2024-09-20,7,1.79,49,7,2087.68,14613.76,14620.39,Sports,Online,Medium Value,Bronze,646,High,1,High Risk
CUST104558,Tyler Chapman MD,Female,30,Jaipur,Rajasthan,2023-11-02,2026-03-31,3,1.14,33,11,2050.45,6151.35,6162.97,Grocery,Online,Low Value,Bronze,89,Low,1,High Risk
CUST104565,Casey Terrell,Female,46,Ahmedabad,Gujarat,2021-03-08,2025-07-13,4,0.76,28,7,242.49,969.96,974.82,Sports,Offline,Low Value,Bronze,350,High,1,High Risk
CUST104569,Virginia Mendez,Male,32,Pune,Maharashtra,2020-07-09,2024-12-17,2,0.5,12,6,2186.93,4373.86,6508.4,Home & Kitchen,Online,Low Value,Bronze,558,High,1,High Risk
CUST104578,Jordan Carter,Male,50,Chennai,Tamil Nadu,2020-08-05,2024-02-01,6,1.02,54,9,2363.03,14178.18,14168.09,Beauty,Online,Low Value,Bronze,878,High,1,High Risk
CUST104582,Bobby Matthews,Male,39,Pune,Maharashtra,2020-02-06,2026-03-22,5,0.78,25,5,200.0,1000.0,994.3,Beauty,Online,Low Value,Bronze,98,Medium,1,High Risk
CUST104583,Brian Cole,Female,44,Patna,Bihar,2020-10-28,2026-03-26,5,0.89,25,5,1040.46,5202.3,5230.27,Grocery,Online,Low Value,Bronze,94,Medium,1,High Risk
CUST104585,Lauren Higgins,Male,44,Nashik,Maharashtra,2022-01-05,2025-04-04,3,0.67,24,8,2016.78,6050.34,6026.49,Beauty,Online,Low Value,Bronze,450,High,1,High Risk
CUST104589,Christopher Lee,Female,31,Delhi,Delhi,2022-05-25,2023-10-21,1,0.5,8,8,2180.27,2180.27,4444.11,Grocery,Online,Low Value,Bronze,981,High,1,High Risk
CUST104590,Andre Farrell,Female,33,Guwahati,Assam,2020-12-10,2026-01-25,8,1.45,80,10,5092.15,40737.2,40834.79,Electronics,Online,Medium Value,Silver,154,Medium,1,High Risk
CUST104596,Richard Best,Female,26,Delhi,Delhi,2021-06-22,2026-04-05,2,0.5,2,1,1419.72,2839.44,3548.81,Electronics,Online,Low Value,Bronze,84,Low,1,High Risk
CUST104599,Tina Solomon,Male,25,Kolkata,West Bengal,2020-02-01,2026-03-31,10,1.57,60,6,3780.88,37808.8,37915.52,Sports,Online,Medium Value,Silver,89,Low,1,High Risk
CUST104601,Michelle Mcbride,Male,61,Pune,Maharashtra,2020-03-27,2025-03-17,5,0.8,25,5,496.26,2481.3,2476.07,Fashion,Online,Low Value,Bronze,468,High,1,High Risk
CUST104602,Aaron Webb,Male,32,Indore,Madhya Pradesh,2022-12-10,2025-09-17,5,1.42,5,1,815.64,4078.2,4090.59,Home & Kitchen,Online,Low Value,Bronze,284,High,1,High Risk
CUST104605,Kiara Preston,Female,33,Jaipur,Rajasthan,2023-05-14,2025-04-25,2,0.64,8,4,1484.97,2969.94,2953.27,Beauty,Online,Low Value,Bronze,429,High,1,High Risk
CUST104606,Lisa Salazar MD,Male,38,Chandigarh,Chandigarh,2022-09-23,2026-03-17,2,0.53,14,7,2465.13,4930.26,4893.41,Grocery,Online,Low Value,Bronze,103,Medium,1,High Risk
CUST104616,Joseph Williams,Female,24,Kolkata,West Bengal,2019-04-14,2026-03-01,4,0.56,40,10,1675.33,6701.32,6745.17,Beauty,Online,Low Value,Bronze,119,Medium,1,High Risk
CUST104617,Joann Sanders,Male,58,Chandigarh,Chandigarh,2023-07-28,2026-05-29,3,1.03,18,6,1553.7,4661.1,4644.3,Fashion,Online,Low Value,Bronze,30,Low,1,High Risk
CUST104620,Jonathan Cisneros,Male,18,Surat,Gujarat,2020-08-07,2026-06-19,7,1.19,49,7,601.37,4209.59,4202.67,Electronics,Online,Low Value,Bronze,9,Low,1,High Risk
CUST104621,Margaret Torres,Female,23,Ahmedabad,Gujarat,2023-01-03,2025-12-03,5,1.44,25,5,767.23,3836.15,3829.41,Sports,Online,Low Value,Bronze,207,High,1,High Risk
CUST104632,Kimberly Jones,Male,36,Nashik,Maharashtra,2019-09-12,2026-01-23,5,0.74,45,9,2193.71,10968.55,11000.08,Sports,Offline,Low Value,Bronze,156,Medium,1,High Risk
CUST104633,Dr. Sarah Smith,Female,41,Madurai,Tamil Nadu,2019-01-02,2025-12-09,8,1.07,80,10,200.0,1600.0,1598.34,Grocery,Online,Low Value,Bronze,201,High,1,High Risk
CUST104638,Diana Miller,Male,31,Nashik,Maharashtra,2019-08-26,2025-11-17,2,0.5,16,8,1102.92,2205.84,3762.46,Electronics,Offline,Low Value,Bronze,223,High,1,High Risk
CUST104639,Heather Hughes,Male,27,Ranchi,Jharkhand,2023-01-26,2024-12-15,2,0.59,4,2,440.67,881.34,884.8,Fashion,Offline,Low Value,Bronze,560,High,1,High Risk
CUST104642,Wendy Martin,Female,46,Jaipur,Rajasthan,2019-11-01,2025-08-14,9,1.36,72,8,1343.88,12094.92,12134.47,Electronics,Online,Low Value,Bronze,318,High,1,High Risk
CUST104644,William Todd,Male,46,Madurai,Tamil Nadu,2019-07-21,2025-09-21,3,0.5,24,8,902.28,2706.84,3122.47,Electronics,Online,Low Value,Bronze,280,High,1,High Risk
CUST104645,Gerald Price,Male,19,Madurai,Tamil Nadu,2023-11-06,2024-08-29,2,0.76,22,11,467.15,934.3,932.18,Beauty,Offline,Low Value,Bronze,668,High,1,High Risk
CUST104648,Patricia Adkins,Female,37,Indore,Madhya Pradesh,2021-12-28,2024-03-20,7,1.56,28,4,496.41,3474.87,3470.75,Sports,Offline,Low Value,Bronze,830,High,1,High Risk
CUST104651,Jasmine Day,Female,29,Guwahati,Assam,2023-04-28,2024-06-06,3,0.95,6,2,2069.03,6207.09,6194.06,Beauty,Online,Low Value,Bronze,752,High,1,High Risk
CUST104653,Henry Huerta,Male,22,Nagpur,Maharashtra,2022-03-17,2026-06-14,4,0.94,4,1,1507.79,6031.16,6045.69,Grocery,Offline,Low Value,Bronze,14,Low,1,High Risk
CUST104654,Mariah Perry,Male,53,Indore,Madhya Pradesh,2019-08-05,2026-03-25,12,1.74,168,14,4318.63,51823.56,51700.83,Electronics,Offline,Medium Value,Silver,95,Medium,1,High Risk
CUST104659,Amanda Conley,Female,35,Nashik,Maharashtra,2019-06-05,2025-10-02,2,0.5,6,3,1358.22,2716.44,4785.84,Grocery,Online,Low Value,Bronze,269,High,1,High Risk
CUST104667,Michael Kane,Male,61,Indore,Madhya Pradesh,2021-07-04,2025-07-01,2,0.5,14,7,862.53,1725.06,2141.86,Electronics,Online,Low Value,Bronze,362,High,1,High Risk
CUST104671,Robert Hall,Female,44,Pune,Maharashtra,2023-09-21,2026-06-07,4,1.45,8,2,1786.84,7147.36,7129.01,Sports,Online,Low Value,Bronze,21,Low,1,High Risk
CUST104672,Ryan Pierce,Male,51,Lucknow,Uttar Pradesh,2023-08-23,2026-05-01,2,0.71,22,11,1116.74,2233.48,2244.61,Home & Kitchen,Online,Low Value,Bronze,58,Low,1,High Risk
CUST104675,Juan Evans,Female,27,Chennai,Tamil Nadu,2020-09-05,2026-04-27,3,0.52,18,6,1345.92,4037.76,4054.6,Fashion,Online,Low Value,Bronze,62,Low,1,High Risk
CUST104677,Jennifer Barrett,Male,44,Chennai,Tamil Nadu,2019-09-17,2025-11-26,12,1.77,72,6,466.58,5598.96,5584.78,Electronics,Online,Low Value,Bronze,214,High,1,High Risk
CUST104684,Lynn Smith,Male,43,Coimbatore,Tamil Nadu,2022-08-08,2023-08-30,5,1.29,35,7,681.59,3407.95,3403.86,Beauty,Online,Low Value,Bronze,1033,High,1,High Risk
CUST104689,Amy Clark,Female,47,Vadodara,Gujarat,2023-03-15,2025-12-17,1,0.5,2,2,1485.13,1485.13,2429.47,Fashion,Offline,Low Value,Bronze,193,High,1,High Risk
CUST104695,Corey King,Male,62,Guwahati,Assam,2021-06-12,2025-05-27,7,1.39,42,6,454.89,3184.23,3178.36,Grocery,Online,Low Value,Bronze,397,High,1,High Risk
CUST104699,Melinda Anderson,Male,44,Jaipur,Rajasthan,2021-08-11,2025-11-14,6,1.23,60,10,200.0,1200.0,1196.16,Grocery,Online,Low Value,Bronze,226,High,1,High Risk
CUST104700,Tyler Andrews,Female,18,Madurai,Tamil Nadu,2020-03-11,2025-07-22,5,0.8,60,12,4455.91,22279.55,22388.74,Grocery,Online,Medium Value,Bronze,341,High,1,High Risk
CUST104706,Mark Clark,Female,50,Mumbai,Maharashtra,2021-02-04,2026-03-30,7,1.3,49,7,1451.62,10161.34,10147.23,Fashion,Online,Low Value,Bronze,90,Low,1,High Risk
CUST104708,Katherine Avery,Female,35,Madurai,Tamil Nadu,2019-05-13,2026-04-25,1,0.5,6,6,1079.05,1079.05,3836.13,Home & Kitchen,Online,Low Value,Bronze,64,Low,1,High Risk
CUST104713,Randy Kennedy,Female,34,Surat,Gujarat,2023-02-10,2025-08-19,4,1.19,36,9,1087.47,4349.88,4350.83,Beauty,Online,Low Value,Bronze,313,High,1,High Risk
CUST104717,John Kim,Male,29,Chandigarh,Chandigarh,2024-01-26,2026-06-15,3,1.25,15,5,899.09,2697.27,2701.58,Home & Kitchen,Online,Low Value,Bronze,13,Low,1,High Risk
CUST104719,William Arnold,Male,27,Chennai,Tamil Nadu,2020-01-28,2026-01-15,6,0.94,30,5,2198.94,13193.64,13225.43,Grocery,Online,Low Value,Bronze,164,Medium,1,High Risk
CUST104727,Lori Madden,Female,32,Guwahati,Assam,2019-11-19,2025-09-13,5,0.76,25,5,1533.5,7667.5,7680.39,Home & Kitchen,Online,Low Value,Bronze,288,High,1,High Risk
CUST104733,Toni Cunningham,Female,39,Vadodara,Gujarat,2023-02-23,2026-03-26,1,0.5,4,4,1058.01,1058.01,1759.73,Home & Kitchen,Online,Low Value,Bronze,94,Medium,1,High Risk
CUST104734,James Weber,Male,26,Delhi,Delhi,2020-12-11,2026-02-13,10,1.81,160,16,587.98,5879.8,5882.84,Home & Kitchen,Offline,Low Value,Bronze,135,Medium,1,High Risk
CUST104749,Monica Howe,Male,56,Lucknow,Uttar Pradesh,2019-11-22,2024-11-25,7,1.06,7,1,756.72,5297.04,5279.41,Beauty,Online,Low Value,Bronze,580,High,1,High Risk
CUST104754,Patrick Hooper,Male,21,Bhopal,Madhya Pradesh,2023-05-17,2026-05-30,4,1.29,24,6,857.82,3431.28,3429.59,Sports,Offline,Low Value,Bronze,29,Low,1,High Risk
CUST104755,Mary Lee,Female,42,Pune,Maharashtra,2019-10-20,2025-06-25,1,0.5,7,7,1939.43,1939.43,6470.08,Sports,Offline,Low Value,Bronze,368,High,1,High Risk
CUST104757,Ronald Gonzalez,Female,49,Nashik,Maharashtra,2021-01-25,2025-01-03,6,1.11,18,3,552.4,3314.4,3313.86,Beauty,Offline,Low Value,Bronze,541,High,1,High Risk
CUST104759,Amanda Swanson,Female,23,Visakhapatnam,Andhra Pradesh,2020-03-25,2024-09-16,2,0.5,2,1,678.48,1356.96,2117.64,Beauty,Online,Low Value,Bronze,650,High,1,High Risk
CUST104761,Sandy Reynolds,Female,33,Indore,Madhya Pradesh,2022-08-05,2024-03-20,4,1.03,36,9,1549.18,6196.72,6190.4,Sports,Offline,Low Value,Bronze,830,High,1,High Risk
CUST104762,Sandra Moore,Male,38,Vadodara,Gujarat,2019-09-24,2026-06-01,7,1.04,63,9,1561.25,10928.75,10949.14,Electronics,Online,Low Value,Bronze,27,Low,1,High Risk
CUST104765,Christopher Jones,Female,22,Nashik,Maharashtra,2023-08-15,2026-06-14,4,1.4,36,9,1728.5,6914.0,6903.59,Beauty,Online,Low Value,Bronze,14,Low,1,High Risk
CUST104768,Kiara Santana,Female,47,Ahmedabad,Gujarat,2022-02-10,2025-10-15,2,0.5,6,3,200.0,400.0,436.14,Fashion,Offline,Low Value,Bronze,256,High,1,High Risk
CUST104775,Edward Barton,Female,23,Visakhapatnam,Andhra Pradesh,2022-11-02,2025-03-25,1,0.5,1,1,2390.15,2390.15,4345.13,Home & Kitchen,Offline,Low Value,Bronze,460,High,1,High Risk
CUST104786,John Massey,Male,45,Kolkata,West Bengal,2022-01-26,2026-01-10,1,0.5,4,4,1385.58,1385.58,3049.98,Electronics,Online,Low Value,Bronze,169,Medium,1,High Risk
CUST104787,Richard Hale,Female,41,Delhi,Delhi,2019-03-07,2025-03-05,4,0.55,24,6,2673.12,10692.48,10723.22,Electronics,Offline,Low Value,Bronze,480,High,1,High Risk
CUST104791,Gail Johnson MD,Male,52,Bhopal,Madhya Pradesh,2020-04-19,2026-03-02,1,0.5,5,5,1048.41,1048.41,3236.36,Fashion,Online,Low Value,Bronze,118,Medium,1,High Risk
CUST104797,Richard Goodman,Female,39,Chennai,Tamil Nadu,2021-05-27,2026-04-04,3,0.59,21,7,701.72,2105.16,2099.26,Electronics,Online,Low Value,Bronze,85,Low,1,High Risk
CUST104802,Kimberly Mitchell,Female,52,Ranchi,Jharkhand,2023-07-19,2025-07-10,4,1.37,28,7,988.33,3953.32,3962.87,Grocery,Online,Low Value,Bronze,353,High,1,High Risk
CUST104804,Donna Howell,Male,32,Mumbai,Maharashtra,2023-04-11,2024-10-21,4,1.25,56,14,1747.14,6988.56,6983.78,Electronics,Online,Low Value,Bronze,615,High,1,High Risk
CUST104807,Dean Sanchez,Male,28,Jaipur,Rajasthan,2021-04-01,2026-04-24,10,1.91,70,7,2505.71,25057.1,25000.71,Electronics,Online,Medium Value,Bronze,65,Low,1,High Risk
CUST104809,Kendra Sullivan,Female,39,Coimbatore,Tamil Nadu,2022-08-12,2026-06-04,2,0.52,16,8,1527.59,3055.18,3066.47,Home & Kitchen,Offline,Low Value,Bronze,24,Low,1,High Risk
CUST104811,Darren Morris,Female,18,Nashik,Maharashtra,2024-01-24,2024-09-12,4,1.66,16,4,2417.51,9670.04,9668.72,Beauty,Online,Low Value,Bronze,654,High,1,High Risk
CUST104814,Lori Brown,Female,29,Nashik,Maharashtra,2023-05-27,2024-08-09,4,1.3,40,10,1988.81,7955.24,7942.17,Home & Kitchen,Offline,Low Value,Bronze,688,High,1,High Risk
CUST104815,Jason Chase,Female,28,Guwahati,Assam,2020-01-20,2026-04-15,2,0.5,10,5,1697.59,3395.18,5449.48,Electronics,Online,Low Value,Bronze,74,Low,1,High Risk
CUST104816,Lisa Buchanan,Female,20,Hyderabad,Telangana,2022-02-26,2026-01-08,4,0.93,8,2,679.12,2716.48,2726.91,Beauty,Offline,Low Value,Bronze,171,Medium,1,High Risk
CUST104817,Marcus Fields,Male,53,Chennai,Tamil Nadu,2019-06-02,2025-11-16,6,0.85,48,8,2015.28,12091.68,12085.89,Electronics,Online,Low Value,Bronze,224,High,1,High Risk
CUST104818,Tammy Lopez,Female,42,Chennai,Tamil Nadu,2019-06-24,2026-03-24,3,0.5,18,6,1047.97,3143.91,3665.38,Beauty,Online,Low Value,Bronze,96,Medium,1,High Risk
CUST104830,Mitchell Richardson,Female,39,Bhopal,Madhya Pradesh,2021-11-27,2026-02-28,7,1.53,21,3,621.63,4351.41,4343.39,Home & Kitchen,Offline,Low Value,Bronze,120,Medium,1,High Risk
CUST104831,Kelsey Lewis,Male,41,Kolkata,West Bengal,2019-04-07,2025-11-06,11,1.53,22,2,1545.18,16996.98,17042.42,Fashion,Offline,Medium Value,Bronze,234,High,1,High Risk
CUST104834,Mrs. Heather Christensen,Male,38,Kanpur,Uttar Pradesh,2019-04-01,2025-05-27,13,1.8,78,6,3612.25,46959.25,46978.54,Electronics,Online,Medium Value,Silver,397,High,1,High Risk
CUST104839,James Jenkins,Female,23,Surat,Gujarat,2021-01-11,2026-04-03,7,1.29,126,18,3826.52,26785.64,26867.04,Electronics,Online,Medium Value,Bronze,86,Low,1,High Risk
CUST104841,Kathy Hull,Female,25,Indore,Madhya Pradesh,2020-05-31,2025-07-26,2,0.5,2,1,1331.01,2662.02,4032.2,Home & Kitchen,Online,Low Value,Bronze,337,High,1,High Risk
CUST104846,Michael Brown,Male,48,Patna,Bihar,2020-06-19,2024-12-24,5,0.83,25,5,1235.64,6178.2,6160.51,Home & Kitchen,Online,Low Value,Bronze,551,High,1,High Risk
CUST104850,Jennifer Walker,Male,22,Vadodara,Gujarat,2022-01-31,2025-03-26,3,0.68,18,6,327.92,983.76,978.63,Beauty,Offline,Low Value,Bronze,459,High,1,High Risk
CUST104852,Kelsey Griffith,Male,35,Mumbai,Maharashtra,2023-02-22,2025-08-04,6,1.8,48,8,355.85,2135.1,2132.47,Electronics,Offline,Low Value,Bronze,328,High,1,High Risk
CUST104853,Kimberly Obrien,Male,25,Visakhapatnam,Andhra Pradesh,2020-08-19,2026-05-18,10,1.71,230,23,2606.65,26066.5,26030.32,Grocery,Online,Medium Value,Bronze,41,Low,1,High Risk
CUST104857,Miranda Huber,Female,46,Delhi,Delhi,2021-04-11,2025-12-15,5,0.96,15,3,1111.7,5558.5,5545.81,Beauty,Offline,Low Value,Bronze,195,High,1,High Risk
CUST104859,Erin Price,Male,37,Patna,Bihar,2019-10-25,2026-05-24,5,0.75,15,3,358.79,1793.95,1791.74,Beauty,Online,Low Value,Bronze,35,Low,1,High Risk
CUST104861,Sharon Snow,Male,18,Indore,Madhya Pradesh,2021-06-24,2024-12-12,6,1.2,36,6,1067.87,6407.22,6399.33,Sports,Offline,Low Value,Bronze,563,High,1,High Risk
CUST104869,Cindy Richardson,Female,25,Bhopal,Madhya Pradesh,2020-01-24,2026-02-12,2,0.5,6,3,2151.52,4303.04,6894.88,Beauty,Online,Low Value,Bronze,136,Medium,1,High Risk
CUST104879,Melissa Mathews,Female,54,Visakhapatnam,Andhra Pradesh,2023-09-21,2026-05-22,4,1.45,16,4,2655.12,10620.48,10593.22,Grocery,Online,Low Value,Bronze,37,Low,1,High Risk
CUST104882,Gail Vasquez,Male,47,Delhi,Delhi,2020-09-14,2026-06-16,5,0.87,40,8,2196.37,10981.85,11022.98,Fashion,Online,Low Value,Bronze,12,Low,1,High Risk
CUST104885,Richard Smith,Female,54,Vadodara,Gujarat,2019-04-01,2026-06-16,2,0.5,8,4,409.61,819.22,1479.75,Grocery,Online,Low Value,Bronze,12,Low,1,High Risk
CUST104904,Katie Kaiser,Female,37,Jaipur,Rajasthan,2023-09-26,2026-01-04,1,0.5,7,7,826.45,826.45,1131.35,Beauty,Online,Low Value,Bronze,175,Medium,1,High Risk
CUST104906,Taylor Espinoza,Male,50,Ahmedabad,Gujarat,2022-10-05,2025-06-29,1,0.5,2,2,585.13,585.13,1086.16,Sports,Online,Low Value,Bronze,364,High,1,High Risk
CUST104908,Kyle Armstrong,Male,27,Nashik,Maharashtra,2022-08-05,2022-09-23,5,1.29,5,1,1385.48,6927.4,6933.77,Fashion,Online,Low Value,Bronze,1374,High,1,High Risk
CUST104910,Sheila Douglas,Female,38,Pune,Maharashtra,2023-11-04,2026-05-22,1,0.5,3,3,1633.25,1633.25,2148.6,Electronics,Online,Low Value,Bronze,37,Low,1,High Risk
CUST104920,Richard Parsons,Male,44,Jaipur,Rajasthan,2024-04-14,2025-02-27,1,0.5,7,7,707.62,707.62,773.97,Grocery,Offline,Low Value,Bronze,486,High,1,High Risk
CUST104921,Justin Yu,Female,32,Hyderabad,Telangana,2019-04-09,2026-06-01,3,0.5,6,2,922.07,2766.21,3320.97,Fashion,Online,Low Value,Bronze,27,Low,1,High Risk
CUST104923,Brittney Bowman,Female,43,Nashik,Maharashtra,2021-06-06,2024-12-20,3,0.59,18,6,200.0,600.0,595.09,Electronics,Online,Low Value,Bronze,555,High,1,High Risk
CUST104928,Marie Roach,Female,38,Nagpur,Maharashtra,2020-02-23,2025-12-10,7,1.11,84,12,1771.48,12400.36,12441.39,Electronics,Online,Low Value,Bronze,200,High,1,High Risk
CUST104929,Mary Hoffman,Female,38,Coimbatore,Tamil Nadu,2022-05-07,2023-07-30,1,0.5,6,6,200.0,200.0,412.59,Fashion,Online,Low Value,Bronze,1064,High,1,High Risk
CUST104932,Vicki Barrera,Female,44,Mumbai,Maharashtra,2021-09-24,2026-02-07,8,1.69,56,7,1745.8,13966.4,13990.68,Beauty,Online,Low Value,Bronze,141,Medium,1,High Risk
CUST104936,Anna Pierce,Male,51,Bhopal,Madhya Pradesh,2020-11-11,2026-03-12,1,0.5,6,6,1424.75,1424.75,3996.32,Grocery,Online,Low Value,Bronze,108,Medium,1,High Risk
CUST104938,Claire Hoffman,Female,24,Bengaluru,Karnataka,2019-03-17,2025-04-30,7,0.96,49,7,610.96,4276.72,4261.82,Electronics,Online,Low Value,Bronze,424,High,1,High Risk
CUST104939,Annette Rivas,Male,18,Lucknow,Uttar Pradesh,2023-04-18,2023-10-27,6,1.89,30,5,928.57,5571.42,5578.51,Fashion,Online,Low Value,Bronze,975,High,1,High Risk
CUST104941,George Bradshaw,Male,43,Ahmedabad,Gujarat,2019-09-15,2026-06-13,7,1.03,98,14,2363.13,16541.91,16473.39,Electronics,Online,Medium Value,Bronze,15,Low,1,High Risk
CUST104942,Ryan Waters,Male,43,Ranchi,Jharkhand,2019-09-26,2023-10-07,4,0.59,40,10,1036.86,4147.44,4121.86,Sports,Online,Low Value,Bronze,995,High,1,High Risk
CUST104943,Chase Matthews,Male,41,Madurai,Tamil Nadu,2023-09-19,2026-01-05,5,1.81,15,3,2624.23,13121.15,13095.43,Sports,Online,Low Value,Bronze,174,Medium,1,High Risk
CUST104945,Sarah Wall,Female,23,Ranchi,Jharkhand,2019-04-07,2026-03-31,3,0.5,30,10,1495.86,4487.58,5391.65,Electronics,Online,Low Value,Bronze,89,Low,1,High Risk
CUST104947,Kayla Burke,Male,29,Delhi,Delhi,2020-08-30,2025-10-24,3,0.52,18,6,731.32,2193.96,2209.36,Home & Kitchen,Online,Low Value,Bronze,247,High,1,High Risk
CUST104948,Jean Murillo,Male,29,Kolkata,West Bengal,2023-09-15,2026-06-08,3,1.08,6,2,1642.65,4927.95,4910.55,Grocery,Online,Low Value,Bronze,20,Low,1,High Risk
CUST104949,William Hughes,Male,39,Coimbatore,Tamil Nadu,2020-06-06,2024-02-29,3,0.5,30,10,1339.85,4019.55,4047.98,Grocery,Online,Low Value,Bronze,850,High,1,High Risk
CUST104955,Jason Thompson,Female,43,Chandigarh,Chandigarh,2020-03-23,2025-04-13,8,1.28,24,3,997.22,7977.76,7974.92,Grocery,Online,Low Value,Bronze,441,High,1,High Risk
CUST104956,Christina Aguilar,Female,45,Jaipur,Rajasthan,2019-05-20,2025-04-25,11,1.55,143,13,878.98,9668.78,9660.96,Grocery,Offline,Low Value,Bronze,429,High,1,High Risk
CUST104963,Justin Davis,Female,45,Lucknow,Uttar Pradesh,2022-11-03,2025-11-05,2,0.55,18,9,1731.7,3463.4,3460.32,Grocery,Online,Low Value,Bronze,235,High,1,High Risk
CUST104967,Alison Zuniga,Male,54,Kanpur,Uttar Pradesh,2022-09-03,2026-06-11,4,1.05,48,12,1274.39,5097.56,5085.0,Electronics,Online,Low Value,Bronze,17,Low,1,High Risk
CUST104971,Christina Moon,Male,25,Lucknow,Uttar Pradesh,2020-11-14,2025-03-10,7,1.25,21,3,1465.13,10255.91,10258.92,Home & Kitchen,Online,Low Value,Bronze,475,High,1,High Risk
CUST104973,Daniel Ferrell,Female,42,Delhi,Delhi,2019-02-02,2025-08-26,1,0.5,8,8,2115.82,2115.82,7811.59,Grocery,Online,Low Value,Bronze,306,High,1,High Risk
CUST104980,Kevin Barber,Male,57,Lucknow,Uttar Pradesh,2022-04-09,2026-02-22,4,0.95,16,4,2410.91,9643.64,9625.49,Home & Kitchen,Online,Low Value,Bronze,126,Medium,1,High Risk
CUST104981,Kenneth Williams,Female,40,Hyderabad,Telangana,2020-03-25,2025-04-28,9,1.44,126,14,4097.39,36876.51,36831.08,Home & Kitchen,Online,Medium Value,Silver,426,High,1,High Risk
CUST104983,Jessica Mitchell,Male,64,Ahmedabad,Gujarat,2023-12-11,2025-02-23,2,0.79,8,4,1148.76,2297.52,2295.82,Electronics,Online,Low Value,Bronze,490,High,1,High Risk
CUST104984,Jesse Fleming,Female,32,Bhopal,Madhya Pradesh,2019-04-15,2026-06-12,13,1.81,208,16,3665.33,47649.29,47679.4,Beauty,Online,Medium Value,Silver,16,Low,1,High Risk
CUST104986,Susan Figueroa,Female,18,Ahmedabad,Gujarat,2023-05-03,2025-11-06,2,0.64,14,7,1183.22,2366.44,2375.96,Fashion,Offline,Low Value,Bronze,234,High,1,High Risk
CUST104989,Samantha Garcia,Male,18,Chennai,Tamil Nadu,2022-08-09,2025-11-21,6,1.55,30,5,1868.04,11208.24,11201.34,Home & Kitchen,Online,Low Value,Bronze,219,High,1,High Risk
CUST104990,Joseph Beltran,Male,36,Nagpur,Maharashtra,2020-08-22,2026-01-25,7,1.2,14,2,532.72,3729.04,3727.95,Fashion,Online,Low Value,Bronze,154,Medium,1,High Risk
CUST104993,Ronald Baxter,Female,33,Mumbai,Maharashtra,2022-09-20,2025-07-20,6,1.6,90,15,3605.03,21630.18,21650.91,Beauty,Offline,Medium Value,Bronze,343,High,1,High Risk
CUST104995,Michael Flores,Female,22,Nashik,Maharashtra,2023-03-17,2026-06-22,3,0.92,6,2,1024.41,3073.23,3078.31,Beauty,Online,Low Value,Bronze,6,Low,1,High Risk
