Date,Total_Quantity,Invoice_Count,SKU_Count,Rolling_7_Day_Demand,Rolling_30_Day_Demand,Year,Month,Week_Of_Year,Day_Of_Week,Is_Weekend,Total_Quantity_raw,day,week,month,quarter,year,day_of_week,is_weekend,is_holiday,lag_1,lag_3,lag_7,lag_14,lag_30,roll_mean_7,roll_median_7,roll_std_7,roll_max_7,roll_min_7,roll_mean_14,roll_median_14,roll_std_14,roll_max_14,roll_min_14,roll_mean_30,roll_median_30,roll_std_30,roll_max_30,roll_min_30,ema_7,ema_30,growth_rate_1d,growth_rate_7d,demand_trend_7,fourier_week_sin_1,fourier_week_cos_1,fourier_year_sin_1,fourier_year_cos_1,fourier_week_sin_2,fourier_week_cos_2,fourier_year_sin_2,fourier_year_cos_2
2009-12-31,0.0,0.0,0.0,0.0,13312.1,2009,12,53,3,False,0.0,31,53,12,4,2009,3,0,0,0.0,0.0,0.0,15413.0,26098.0,0.0,0.0,0.0,0.0,0.0,4777.642857142857,0.0,6606.110278861788,17402.0,0.0,14182.033333333333,13497.5,13551.440899296518,49221.0,0.0,1419.943457688888,9154.028108804065,0.0,0.0,-9555.285714285714,0.9749279121818246,-0.22252093395630992,0.49346814167723735,0.8697638720650646,-0.43388373911754985,-0.9009688679024231,0.8584015232918917,0.512978386299228
2010-01-01,0.0,0.0,0.0,0.0,12251.966666666667,2010,1,53,4,False,0.0,1,53,1,1,2010,4,0,1,0.0,0.0,0.0,17402.0,31804.0,0.0,0.0,0.0,0.0,0.0,3676.714285714286,0.0,5948.984702368198,17402.0,0.0,13312.1,12025.0,13597.719447101008,49221.0,0.0,1064.9100413094832,8477.909812144371,0.0,0.0,-7353.428571428572,0.4338837391175591,-0.9009688679024187,0.5083564379375122,0.8611467540480452,-0.7818314824680311,0.6234898018587318,0.8755389928586302,0.4831474640149687
2010-01-02,0.0,0.0,0.0,0.0,10611.266666666666,2010,1,53,5,True,0.0,2,53,1,1,2010,5,1,0,0.0,0.0,0.0,0.0,49221.0,0.0,0.0,0.0,0.0,0.0,2433.714285714286,0.0,4502.815536777139,14478.0,0.0,12251.966666666667,10152.0,13343.714019209074,49221.0,0.0,798.6557850962173,7857.526645318908,0.0,0.0,-4867.428571428572,-0.4338837391175571,-0.9009688679024196,0.5230943033491326,0.8522748088519838,0.7818314824680284,0.6234898018587353,0.8916401947968874,0.45274469960737107
2010-01-03,0.0,0.0,0.0,0.0,9904.266666666666,2010,1,53,6,True,0.0,3,53,1,1,2010,6,1,0,0.0,0.0,0.0,6245.0,21210.0,0.0,0.0,0.0,0.0,0.0,2433.714285714286,0.0,4502.815536777139,14478.0,0.0,10611.266666666666,7508.0,11546.354519286919,45332.0,0.0,598.9767951429833,7287.477698325692,0.0,0.0,-4867.428571428572,-0.9749279121818234,-0.22252093395631553,0.5376773767406141,0.8431506618282,0.4338837391175602,-0.9009688679024181,0.9066860720977985,0.4218060770826634
2010-01-04,10646.0,29.0,479.0,1520.857142857143,10088.5,2010,1,1,0,False,10646.0,4,1,1,1,2010,0,0,0,0.0,0.0,0.0,8771.0,5119.0,0.0,0.0,0.0,0.0,0.0,1987.642857142857,0.0,4404.46339361722,14478.0,0.0,9904.266666666666,5682.0,11524.33877206555,45332.0,0.0,449.2241346596104,6762.997374399691,0.0,0.0,-3975.285714285714,-0.7818314824680284,0.6234898018587354,0.5521013427459208,0.8337770129585915,-0.9749279121818246,-0.22252093395630979,0.9206588168102428,0.3903682146763026
2010-01-05,11296.0,36.0,620.0,3134.5714285714284,10080.6,2010,1,1,1,False,11296.0,5,1,1,1,2010,1,0,0,10646.0,0.0,0.0,14478.0,11533.0,1520.857142857143,0.0,4023.809779656233,10646.0,0.0,2121.5714285714284,0.0,4648.349330085394,14478.0,0.0,10088.5,7508.0,11489.326791448211,45332.0,0.0,2998.526136250782,7040.389700845679,0.061055795603982776,0.0,-1201.4285714285713,-1.2246467991473533e-15,1.0,0.5663619330814524,0.8241566360566663,-2.4492935982947065e-15,1.0,0.9335418911179212,0.35846832151248087
2010-01-06,7459.0,14.0,249.0,4200.142857142857,9730.733333333334,2010,1,1,2,False,7459.0,6,1,1,1,2010,2,0,0,11296.0,0.0,0.0,4578.0,17955.0,3134.5714285714284,0.0,5356.587310876918,11296.0,0.0,1894.2857142857142,0.0,4035.0251057949367,11296.0,0.0,10080.6,7508.0,11488.380752623121,45332.0,0.0,5072.960535544962,7342.3104881409145,-0.33967776203966005,0.0,2480.5714285714284,0.781831482468029,0.6234898018587345,0.580454927809098,0.8142923779467267,0.9749279121818242,-0.22252093395631195,0.945320046913132,0.3261441535642696
2010-01-07,40614.0,47.0,656.0,10002.142857142857,10313.1,2010,1,1,3,False,40614.0,7,1,1,1,2010,3,0,0,7459.0,10646.0,0.0,0.0,23143.0,4200.142857142857,0.0,5370.990176512193,11296.0,0.0,2100.0714285714284,0.0,4250.153055421102,11296.0,0.0,9730.733333333334,6852.0,11399.785672314749,45332.0,0.0,5669.484621499365,7350.536308859375,4.444965813111677,0.0,4200.142857142857,0.9749279121818238,-0.22252093395631314,0.5943761565849831,0.804187157621448,-0.4338837391175558,-0.9009688679024203,0.9559793438440766,0.2934339689665273
2010-01-08,12695.0,45.0,500.0,11815.714285714286,10141.6,2010,1,1,4,False,12695.0,8,1,1,1,2010,4,0,0,40614.0,11296.0,0.0,0.0,17840.0,10002.142857142857,7459.0,14409.317453515641,40614.0,0.0,5001.071428571428,0.0,11079.852098876,40614.0,0.0,10313.1,6852.0,12501.60130805319,45332.0,0.0,14405.769656692439,9681.453211673655,-0.6874230560890333,0.0,10002.142857142857,0.43388373911755934,-0.9009688679024186,0.6081214998935418,0.7938439653781019,-0.7818314824680315,0.6234898018587315,0.9655071658143364,0.2603764827344581
2010-01-09,0.0,0.0,0.0,11815.714285714286,9355.633333333331,2010,1,1,5,True,0.0,9,1,1,1,2010,5,1,0,12695.0,7459.0,0.0,0.0,23579.0,11815.714285714286,10646.0,13723.191474219664,40614.0,0.0,5907.857142857143,0.0,11158.283469155183,40614.0,0.0,10141.6,6852.0,12429.869307715851,45332.0,0.0,13978.07150760885,9891.458398891098,-1.0,0.0,11815.714285714286,-0.4338837391175569,-0.9009688679024197,0.6216868902665479,0.7832658619336791,0.7818314824680281,0.6234898018587357,0.9738922359149924,0.22701082094141847
2010-01-10,13383.0,34.0,487.0,13727.57142857143,9092.8,2010,1,1,6,True,13383.0,10,1,1,1,2010,6,1,0,0.0,40614.0,0.0,0.0,21268.0,11815.714285714286,10646.0,13723.191474219664,40614.0,0.0,5907.857142857143,0.0,11158.283469155183,40614.0,0.0,9355.633333333333,5411.5,12295.64529440188,45332.0,0.0,10483.51848743659,9205.697851877769,0.0,0.0,11815.714285714286,-0.9749279121818233,-0.22252093395631578,0.6350683134867438,0.7724559775191742,0.4338837391175606,-0.9009688679024179,0.981124629771712,0.19337647441020586
2010-01-11,13980.0,56.0,1067.0,14203.857142857143,9558.8,2010,1,2,0,False,13980.0,11,2,1,1,2010,0,0,0,13383.0,12695.0,10646.0,0.0,0.0,13727.57142857143,11296.0,12696.553349329926,40614.0,0.0,6863.785714285715,0.0,11186.44977831917,40614.0,0.0,9092.8,5411.5,12115.17524429589,45332.0,0.0,11208.394332909196,9493.917151115202,0.04460883210042588,0.3131692654518128,13727.57142857143,-0.7818314824680307,0.6234898018587324,0.6482618097757122,0.7614175109532997,-0.974927912181823,-0.2225209339563172,0.9871957872910085,0.15951325197263655
2010-01-12,21264.0,39.0,766.0,15627.857142857143,9850.366666666669,2010,1,2,1,False,21264.0,12,2,1,1,2010,1,0,0,13980.0,0.0,11296.0,0.0,12517.0,14203.857142857143,12695.0,12624.014831906312,40614.0,0.0,7862.357142857143,3729.5,11150.52770470557,40614.0,0.0,9558.8,6852.0,12021.873307462927,45332.0,0.0,11901.299669329006,9802.06064083846,0.5210300429184549,0.8824362606232294,12683.0,-1.4695761589768238e-15,1.0,0.6612634749656386,0.7501537286959042,-2.9391523179536475e-15,1.0,0.992098522791769,0.12546123335273648
2010-01-13,8835.0,30.0,902.0,15824.42857142857,8633.8,2010,1,2,2,False,8835.0,13,2,1,1,2010,2,0,0,21264.0,13383.0,7459.0,0.0,45332.0,15627.857142857143,13383.0,12802.278800127364,40614.0,0.0,9381.214285714286,9052.5,11441.610558890674,40614.0,0.0,9850.366666666667,6852.0,12200.83112342347,45332.0,0.0,14241.984682638173,10586.095605397593,-0.5845090293453725,0.1844751307145731,12493.285714285714,0.7818314824680289,0.6234898018587347,0.6740694616546161,0.7386679638813748,0.9749279121818243,-0.22252093395631148,0.9958270335100595,0.09126072172931188
2010-01-14,13784.0,58.0,1038.0,11991.57142857143,8191.133333333333,2010,1,2,3,False,13784.0,14,2,1,1,2010,3,0,0,8835.0,13980.0,40614.0,0.0,27064.0,15824.42857142857,13383.0,12665.782340057574,40614.0,0.0,10012.285714285714,9740.5,11123.611515279425,40614.0,0.0,8633.8,6852.0,10195.725532351018,40614.0,0.0,12890.234210754048,10466.778623408198,0.5601584606677985,-0.6606096419953711,11624.285714285714,0.9749279121818255,-0.22252093395630598,0.6866759803451553,0.726963615332308,-0.4338837391175425,-0.9009688679024266,0.998376906467142,0.056952196034039754
2010-01-15,8419.0,46.0,430.0,11380.714285714286,7642.066666666667,2010,1,2,4,False,8419.0,15,2,1,1,2010,4,0,0,13784.0,21264.0,12695.0,0.0,24891.0,11991.57142857143,13383.0,6446.409772298143,21264.0,0.0,10996.857142857143,10971.0,10773.75786777327,40614.0,0.0,8191.133333333333,6852.0,9641.157158812395,40614.0,0.0,13113.676191304192,10691.993220278177,-0.389219384793964,-0.3368255218589996,1989.4285714285725,0.43388373911755956,-0.9009688679024185,0.6990793005655562,0.7150441465537444,-0.7818314824680318,0.623489801858731,0.9997451236925734,0.022576263041545485
2010-01-16,0.0,0.0,0.0,11380.714285714286,7128.3,2010,1,2,5,True,0.0,16,2,1,1,2010,5,1,0,8419.0,8835.0,0.0,0.0,15413.0,11380.714285714286,13383.0,6570.053569398194,21264.0,0.0,11598.214285714286,10971.0,10338.917575977528,40614.0,0.0,7642.066666666667,6852.0,9111.810410720775,40614.0,0.0,11940.00504277568,10538.193221569536,-1.0,0.0,-435.0,-0.4338837391175567,-0.9009688679024198,0.7112757519738152,0.7029130847082615,0.7818314824680278,0.623489801858736,0.9999300657962057,-0.011826390691832589
2010-01-17,9911.0,40.0,683.0,10884.714285714286,6878.6,2010,1,2,6,True,9911.0,17,2,1,1,2010,6,1,0,0.0,13784.0,13383.0,0.0,17402.0,11380.714285714286,13383.0,6570.053569398194,21264.0,0.0,11598.214285714286,10971.0,10338.917575977528,40614.0,0.0,7128.3,5411.5,9093.049016921546,40614.0,0.0,8954.999775034346,9827.373681810042,0.0,-0.25943360980348207,-435.0,-0.9749279121818233,-0.222520933956316,0.7232617254437388,0.6905740195722294,0.43388373911756106,-0.9009688679024177,0.9989315138848577,-0.046215046983708354
2010-01-18,10333.0,40.0,1002.0,10363.714285714286,7223.033333333334,2010,1,3,0,False,10333.0,18,3,1,1,2010,0,0,0,9911.0,8419.0,13980.0,10646.0,0.0,10884.714285714286,9911.0,6524.599903807279,21264.0,0.0,12306.142857142857,10971.0,9809.428955834297,40614.0,0.0,6878.6,5411.5,8902.046795250379,40614.0,0.0,9194.000071899838,9832.997912450488,0.0425789526788416,-0.2608726752503576,-2842.857142857143,-0.7818314824680308,0.6234898018587323,0.7350336741329412,0.6780306024735382,-0.9749279121818228,-0.22252093395631767,0.9967506498213929,-0.08054900421874167
2010-01-19,15274.0,47.0,1065.0,9508.0,7524.0,2010,1,3,1,False,15274.0,19,3,1,1,2010,1,0,0,10333.0,0.0,21264.0,11296.0,6245.0,10363.714285714286,9911.0,6380.255107603088,21264.0,0.0,12283.785714285714,10814.5,9813.859408459595,40614.0,0.0,7223.033333333334,6852.0,8826.30353558605,40614.0,0.0,9478.750268938482,9866.533383403339,0.4781767153779155,-0.2816967644845748,-3840.142857142857,-1.7145055188062944e-15,1.0,0.746588114532413,0.6652865452111116,-3.429011037612589e-15,1.0,0.9933900548258936,-0.11478762552212701
2010-01-20,9477.0,37.0,761.0,9599.714285714286,7547.533333333334,2010,1,3,2,False,9477.0,20,3,1,1,2010,2,0,0,15274.0,9911.0,8835.0,7459.0,8771.0,9508.0,9911.0,4906.0316618084225,15274.0,0.0,12567.92857142857,11514.0,9840.611358934075,40614.0,0.0,7524.0,7939.0,8944.945550228445,40614.0,0.0,10927.563522198183,10228.291625156187,-0.37953384836977866,0.0726655348047538,-6119.857142857143,0.7818314824680287,0.6234898018587349,0.7579216274973472,0.6523456189565257,0.9749279121818244,-0.222520933956311,0.9888537064205885,-0.1488903868564548
2010-01-21,57628.5,48.0,732.0,18044.85714285714,9494.933333333332,2010,1,3,3,False,72900.0,21,3,1,1,2010,3,0,0,9477.0,10333.0,13784.0,40614.0,14478.0,9599.714285714286,9911.0,4897.346754937339,15274.0,0.0,12712.07142857143,11514.0,9774.578578083088,40614.0,0.0,7547.533333333334,7939.0,8949.267088979132,40614.0,0.0,10564.922487620033,10178.149912114632,5.08088002532447,3.180825594892629,-6224.714285714284,0.974927912181824,-0.22252093395631267,0.7690308592589181,0.6392116531380588,-0.4338837391175549,-0.9009688679024207,0.9831469737221499,-0.1828169249850199
2010-01-22,18573.0,45.0,862.0,19495.42857142857,9961.433333333332,2010,1,3,4,False,18573.0,22,3,1,1,2010,4,0,0,57628.5,15274.0,8419.0,12695.0,4578.0,15863.214285714286,9911.0,18967.252550683996,57628.5,0.0,13927.392857142857,11514.0,13757.070557155705,57628.5,0.0,8985.883333333333,7939.0,12758.497362936492,57628.5,0.0,22330.82061381167,13337.989266486518,-0.6777115489731643,1.2060814823613257,3871.642857142857,0.43388373911755335,-0.9009688679024214,0.7799125224167177,0.6258885343075018,-0.7818314824680233,0.6234898018587418,0.9762766110869321,-0.21652708524481437
2010-01-23,0.0,0.0,0.0,19495.42857142857,9961.433333333332,2010,1,3,5,True,0.0,23,3,1,1,2010,5,1,0,18573.0,9477.0,0.0,0.0,0.0,17313.785714285714,10333.0,18689.290721018868,57628.5,0.0,14347.25,11858.0,13806.174280357875,57628.5,0.0,9452.383333333333,8627.0,12847.317037557132,57628.5,0.0,21391.36523590694,13685.879566790649,-1.0,0.0,5933.0714285714275,-0.43388373911755646,-0.9009688679024199,0.7905633969115482,0.612380204990065,0.7818314824680275,0.6234898018587365,0.9682507501166718,-0.2499809690726521
2010-01-24,8846.0,50.0,705.0,19343.285714285717,10256.3,2010,1,3,6,True,8846.0,24,3,1,1,2010,6,1,0,0.0,57628.5,9911.0,13383.0,0.0,17313.785714285714,10333.0,18689.290721018868,57628.5,0.0,14347.25,11858.0,13806.174280357875,57628.5,0.0,9452.383333333333,8627.0,12847.317037557132,57628.5,0.0,16043.522968662586,12778.150117264844,0.0,-0.10745636161840377,5933.0714285714275,-0.9749279121818232,-0.22252093395631625,0.8009803309782905,0.5986906625177214,0.4338837391175615,-0.9009688679024175,0.9590788900341131,-0.28313898122818354
2010-01-25,10038.0,57.0,905.0,19301.14285714286,10590.9,2010,1,4,0,False,10038.0,25,4,1,1,2010,0,0,0,8846.0,18573.0,10333.0,13980.0,0.0,17161.64285714286,10333.0,18763.78449903405,57628.5,0.0,14023.17857142857,10122.0,13883.580475909082,57628.5,0.0,9747.25,8840.5,12723.809959088512,57628.5,0.0,14244.14198467672,12517.817550230715,0.13475016956816632,-0.02854930804219491,6276.9285714285725,-0.781831482468031,0.623489801858732,0.8111602420785621,0.5848239578463322,-0.9749279121818227,-0.22252093395631817,0.9487718864399473,-0.31596187665790293
2010-01-26,22968.0,93.0,814.0,20400.285714285717,11356.5,2010,1,4,1,False,22968.0,26,4,1,1,2010,1,0,0,10038.0,0.0,15274.0,21264.0,0.0,17119.5,10038.0,18782.000002218436,57628.5,0.0,13741.607142857143,9974.5,13924.43706385754,57628.5,0.0,10081.85,9161.5,12589.927274549615,57628.5,0.0,13192.60638252002,12353.915348270157,1.2881052002390914,0.5037318318711537,6755.785714285714,-1.959434878635765e-15,1.0,0.8211001178128892,0.5707841943569036,-3.91886975727153e-15,1.0,0.9373419384643772,-0.3484108069446808
2010-01-27,17837.0,56.0,870.0,21594.571428571428,11951.066666666668,2010,1,4,2,False,17837.0,27,4,1,1,2010,2,0,0,22968.0,8846.0,9477.0,8835.0,0.0,18218.64285714286,10038.0,18880.869601076567,57628.5,0.0,13863.32142857143,9974.5,14002.477384661863,57628.5,0.0,10847.45,9694.0,12653.889488155342,57628.5,0.0,15636.454971632298,13054.342036905191,-0.22339777081156387,0.8821356969505119,8710.642857142859,0.7818314824680286,0.623489801858735,0.8307970168121247,0.5565755266413303,0.9749279121818245,-0.2225209339563105,0.9248025743285089,-0.38044736628785164
2010-01-28,11243.0,56.0,717.0,12786.42857142857,12325.833333333334,2010,1,4,3,False,11243.0,28,4,1,1,2010,3,0,0,17837.0,10038.0,57628.5,13784.0,0.0,19412.928571428572,17837.0,18496.25423436813,57628.5,0.0,14506.32142857143,10185.5,13960.437690966266,57628.5,0.0,11442.016666666666,9974.5,12545.212039331245,57628.5,0.0,16186.591259914812,13369.486518356307,-0.3696810001681897,-0.8049055588814562,9813.214285714286,0.9749279121818241,-0.22252093395631242,0.8402480696078469,0.5422021592729844,-0.43388373911755446,-0.9009688679024209,0.9111686353326631,-0.41203363695942635
2010-01-29,10162.0,49.0,689.0,11584.857142857143,12664.566666666668,2010,1,4,4,False,10162.0,29,4,1,1,2010,4,0,0,11243.0,22968.0,18573.0,8419.0,0.0,12786.42857142857,11243.0,7655.2034777472945,22968.0,0.0,14324.82142857143,10185.5,13987.043438079978,57628.5,0.0,11816.783333333333,10185.5,12358.152926435281,57628.5,0.0,14950.693392383157,13229.558272927352,-0.09614871475584807,-0.45286168093469015,-3076.7857142857156,0.43388373911756,-0.9009688679024183,0.8494504794814806,0.527668345562516,-0.7818314824680324,0.6234898018587303,0.8964562582905575,-0.44313223418263453
2010-01-30,0.0,0.0,0.0,11584.857142857143,12664.566666666668,2010,1,4,5,True,0.0,30,4,1,1,2010,5,1,0,10162.0,17837.0,0.0,0.0,0.0,11584.857142857143,10162.0,7244.649069682888,22968.0,0.0,14449.32142857143,10247.5,13938.103131630463,57628.5,0.0,12155.516666666666,10247.5,12160.782217697362,57628.5,0.0,13753.520006107638,13027.964437380984,-1.0,0.0,-5728.928571428571,-0.43388373911754985,-0.9009688679024231,0.8584015232918917,0.512978386299228,0.7818314824680184,0.6234898018587479,0.8806828564301475,-0.47370635037968
2010-01-31,10735.0,53.0,793.0,11854.714285714286,13022.4,2010,1,4,6,True,10735.0,31,4,1,1,2010,6,1,0,0.0,11243.0,8846.0,9911.0,0.0,11584.857142857143,10162.0,7244.649069682888,22968.0,0.0,14449.32142857143,10247.5,13938.103131630463,57628.5,0.0,12155.516666666666,10247.5,12160.782217697362,57628.5,0.0,10315.139922339242,12172.820280856544,0.0,0.21354284422337777,-5728.928571428571,-0.9749279121818232,-0.22252093395631647,0.8670985522812081,0.4981366284784055,0.43388373911756195,-0.9009688679024173,0.8638670987837349,-0.503719798736334
2010-02-01,9251.0,66.0,833.0,11742.285714285714,13330.766666666666,2010,2,5,0,False,9251.0,1,5,2,1,2010,0,0,0,10735.0,10162.0,10038.0,10333.0,0.0,11854.714285714286,10735.0,7160.316559908174,22968.0,0.0,14508.17857142857,10534.0,13919.191703443046,57628.5,0.0,12513.35,10489.5,11946.827657951424,57628.5,0.0,10420.1049436374,12078.54888517156,-0.13823940381928268,-0.07840207212592154,-5306.9285714285725,-0.7818314824680311,0.6234898018587318,0.8755389928586302,0.4831474640149687,-0.9749279121818226,-0.22252093395631864,0.8460288880917339,-0.533137056031809
2010-02-02,11094.0,46.0,734.0,10046.0,13700.566666666668,2010,2,5,1,False,11094.0,2,5,2,1,2010,1,0,0,9251.0,0.0,22968.0,15274.0,0.0,11742.285714285714,10735.0,7199.6666060377565,22968.0,0.0,14430.892857142857,10448.5,13947.133306468628,57628.5,0.0,12821.716666666667,10489.5,11730.126760701542,57628.5,0.0,10127.82870379569,11893.353585577941,0.1992217057615393,-0.516980146290491,-5377.214285714286,-2.204364238465236e-15,1.0,0.8837203473619977,0.4680153284438345,-4.408728476930472e-15,1.0,0.8271893372462497,-0.5619233046832195
2010-02-03,10285.0,49.0,856.0,8967.142857142857,13688.533333333333,2010,2,5,2,False,10285.0,3,5,2,1,2010,2,0,0,11094.0,10735.0,17837.0,9477.0,10646.0,10046.0,10735.0,5248.382480980844,17837.0,0.0,14132.32142857143,10448.5,13972.414726616953,57628.5,0.0,13191.516666666666,10690.5,11484.271652466416,57628.5,0.0,10369.371530284101,11841.049803991802,-0.07292230034252745,-0.4233895834501318,-8172.642857142859,0.7818314824680284,0.6234898018587353,0.8916401947968874,0.45274469960737107,0.9749279121818246,-0.22252093395631004,0.8073707443023492,-0.5900444739548627
2010-02-04,12798.0,64.0,819.0,9189.285714285714,13738.6,2010,2,5,3,False,12798.0,4,5,2,1,2010,3,0,0,10285.0,9251.0,11243.0,57628.5,11296.0,8967.142857142857,10285.0,4010.0503499985844,11243.0,0.0,14190.035714285714,10510.0,13953.362109961283,57628.5,0.0,13179.483333333334,10534.0,11487.21959432888,57628.5,0.0,10348.278647553445,11739.326649248394,0.24433641225085068,0.13830828070799606,-10445.785714285716,0.9749279121818241,-0.2225209339563122,0.8992961915530253,0.4373400963303323,-0.433883739117554,-0.9009688679024211,0.7865965660866021,-0.6174672802835514
2010-02-05,10342.0,40.0,612.0,9215.0,13834.7,2010,2,5,4,False,10342.0,5,5,2,1,2010,4,0,0,12798.0,11094.0,10162.0,18573.0,7459.0,9189.285714285714,10285.0,4195.901401537998,12798.0,0.0,10987.857142857143,10510.0,6217.434554505602,22968.0,0.0,13229.55,10534.0,11481.999444670506,57628.5,0.0,10960.708989141247,11808.475739335016,-0.19190498515393029,0.01771304861247791,-3597.142857142857,0.4338837391175602,-0.9009688679024181,0.9066860720977985,0.4218060770826634,-0.7818314824680327,0.6234898018587299,0.7648913904341226,-0.6441592666722685
2010-02-06,0.0,0.0,0.0,9215.0,12480.9,2010,2,5,5,True,0.0,6,5,2,1,2010,5,1,0,10342.0,10285.0,0.0,0.0,40614.0,9215.0,10342.0,4203.4010039490595,12798.0,0.0,10399.92857142857,10313.5,5821.56403071684,22968.0,0.0,13325.65,10538.5,11444.03875473286,57628.5,0.0,10806.031741197472,11712.766952729053,-1.0,0.0,-2369.857142857143,-0.433883739117556,-0.9009688679024201,0.9138076496466615,0.40614723863057883,0.7818314824680269,0.6234898018587371,0.742280907086982,-0.6700888411055113
2010-02-07,11186.0,30.0,543.0,9279.42857142857,12430.6,2010,2,5,6,True,11186.0,7,5,2,1,2010,6,1,0,0.0,12798.0,10735.0,8846.0,12695.0,9215.0,10342.0,4203.4010039490595,12798.0,0.0,10399.92857142857,10313.5,5821.56403071684,22968.0,0.0,11971.85,10337.5,10464.966738954014,57628.5,0.0,8104.523797272845,10948.91086563779,0.0,0.04201210992081972,-2369.857142857143,-0.9749279121818246,-0.22252093395630979,0.9206588168102428,0.3903682146763026,0.4338837391175496,-0.9009688679024233,0.7187918772884232,-0.6952253139408722
2010-02-08,8616.0,60.0,784.0,9188.714285714286,12717.8,2010,2,6,0,False,8616.0,8,6,2,1,2010,0,0,0,11186.0,10342.0,9251.0,10038.0,0.0,9279.42857142857,10342.0,4233.927721676519,12798.0,0.0,10567.07142857143,10538.5,5807.091161996348,22968.0,0.0,11921.55,10337.5,10464.99756688935,57628.5,0.0,8874.892849799335,10964.361986393542,-0.22975147505810833,-0.06864122797535399,-2575.2857142857156,-0.7818314824680314,0.6234898018587316,0.9272375462179537,0.374473674486883,-0.9749279121818225,-0.2225209339563191,0.6944521021088763,-0.719538934232584
2010-02-09,10891.0,54.0,667.0,9159.714285714286,12634.733333333334,2010,2,6,1,False,10891.0,9,6,2,1,2010,1,0,0,8616.0,0.0,11094.0,22968.0,13383.0,9188.714285714286,10342.0,4241.434298060252,12798.0,0.0,10465.5,10538.5,5829.449964157444,22968.0,0.0,12208.75,10337.5,10242.403138297857,57628.5,0.0,8810.169637233263,10811.419038185923,0.26404363974001854,-0.018298179195961772,-2553.5714285714275,-2.4492935982947065e-15,1.0,0.9335418911179212,0.35846832151248087,-4.898587196589413e-15,1.0,0.6692903895412567,-0.7430009249440493
2010-02-10,3761.0,31.0,615.0,8227.714285714286,12294.1,2010,2,6,2,False,3761.0,10,6,2,1,2010,2,0,0,10891.0,11186.0,10285.0,17837.0,13980.0,9159.714285714286,10342.0,4226.905200194172,12798.0,0.0,9602.857142857143,10538.5,4601.19328765153,17837.0,0.0,12125.683333333332,10337.5,10242.656644946386,57628.5,0.0,9330.377228625637,10816.598780625427,-0.6546689927463043,-0.6343218279047156,-886.2857142857138,0.7818314824680282,0.6234898018587355,0.9395699859530622,0.342356891994542,0.9749279121818247,-0.22252093395630956,0.6433365204044917,-0.765583517007675
2010-02-11,9035.0,56.0,511.0,7690.142857142857,11886.466666666667,2010,2,6,3,False,9035.0,11,6,2,1,2010,3,0,0,3761.0,8616.0,12798.0,11243.0,21264.0,8227.714285714286,10342.0,4636.806469769381,12798.0,0.0,8597.42857142857,10313.5,4182.34852526819,12798.0,0.0,11785.05,10309.0,10348.241470089295,57628.5,0.0,7938.03292006267,10357.628362397445,1.4022866258973679,-0.2940303172370683,-739.4285714285706,0.9749279121818242,-0.22252093395631195,0.945320046913132,0.3261441535642696,-0.43388373911755357,-0.9009688679024214,0.6166212130956382,-0.7872599821916922
2010-02-12,7652.0,32.0,571.0,7305.857142857143,11847.033333333333,2010,2,6,4,False,7652.0,12,6,2,1,2010,4,0,0,9035.0,10891.0,10342.0,10162.0,8835.0,7690.142857142857,9035.0,4217.842316815999,11186.0,0.0,8439.714285714286,10223.5,4116.016528870346,12798.0,0.0,11377.416666666666,10223.5,10201.798823874939,57628.5,0.0,8212.274690254782,10271.636644329572,-0.15307138904261208,-0.260104428543802,-1499.1428571428569,0.43388373911756684,-0.9009688679024149,0.9507903724625832,0.3098349038318025,-0.7818314824680419,0.6234898018587184,0.5891760872322963,-0.8080046647350754
2010-02-13,0.0,0.0,0.0,7305.857142857143,11387.566666666668,2010,2,6,5,True,0.0,13,6,2,1,2010,5,1,0,7652.0,3761.0,0.0,0.0,13784.0,7305.857142857143,8616.0,4055.377969584391,11186.0,0.0,8260.42857142857,9768.0,4089.8083030924295,12798.0,0.0,11337.983333333334,10223.5,10214.243731590377,57628.5,0.0,8072.206017611494,10101.403975135712,-1.0,0.0,-1909.1428571428569,-0.4338837391175558,-0.9009688679024203,0.9559793438440766,0.2934339689665273,0.7818314824680266,0.6234898018587376,0.5610336262283677,-0.8277930117131022
2010-02-14,10895.0,46.0,706.0,7264.285714285715,11470.1,2010,2,6,6,True,10895.0,14,6,2,1,2010,6,1,0,0.0,9035.0,11186.0,10735.0,8419.0,7305.857142857143,8616.0,4055.377969584391,11186.0,0.0,8260.42857142857,9768.0,4089.8083030924295,12798.0,0.0,10878.516666666666,10100.0,10408.594020860452,57628.5,0.0,6054.154512348563,9445.287801549839,0.0,-0.02601466118362239,-1909.1428571428569,-0.9749279121818214,-0.22252093395632389,0.9608854255574977,0.27694620226893646,0.43388373911757566,-0.9009688679024107,0.5322271388474397,-0.8466016020976267
2010-02-15,57628.5,45.0,567.0,19808.42857142857,14684.266666666666,2010,2,7,0,False,96425.0,15,7,2,1,2010,0,0,0,10895.0,7652.0,8616.0,9251.0,0.0,7264.285714285715,8616.0,4010.2136981415147,10895.0,0.0,8271.857142857143,9768.0,4097.4715441287535,12798.0,0.0,10961.05,10223.5,10398.230539416889,57628.5,0.0,7264.365884648249,9539.409796025084,4.289444699403396,5.688544568245125,-2015.142857142856,-0.7818314824680315,0.6234898018587315,0.9655071658143364,0.2603764827344581,-0.9749279121818224,-0.22252093395631958,0.5027907197793043,-0.8644081744776648
2010-02-16,16711.0,61.0,1051.0,20639.85714285714,14910.933333333332,2010,2,7,1,False,16711.0,16,7,2,1,2010,1,0,0,57628.5,0.0,10891.0,11094.0,9911.0,14266.07142857143,9035.0,19527.940709891755,57628.5,0.0,11727.392857142857,10313.5,13829.205005487158,57628.5,0.0,12882.0,10309.0,13238.62889751831,57628.5,0.0,19855.3994165046,12660.300255068958,-0.7100219509444112,0.5343861904324672,5077.357142857143,4.411204399476825e-15,1.0,0.969843196967294,0.24372971360968387,8.82240879895365e-15,1.0,0.47275920928627757,-0.881191653407483
2010-02-17,25014.0,49.0,648.0,23676.0,15400.3,2010,2,7,2,False,25014.0,17,7,2,1,2010,2,0,0,16711.0,10895.0,3761.0,10285.0,10333.0,15097.5,9035.0,19484.140835133923,57628.5,0.0,12128.607142857143,10313.5,13890.758901263163,57628.5,0.0,13108.666666666666,10337.5,13244.218809269805,57628.5,0.0,19069.29956223711,12923.082587045043,0.4968583567709892,5.650890720553044,5937.785714285714,0.7818314824680281,0.6234898018587357,0.9738922359149924,0.22701082094141847,0.9749279121818248,-0.2225209339563091,0.44216815196707204,-0.8969321743510065
2010-02-18,19853.0,63.0,773.0,25221.42857142857,15552.933333333332,2010,2,7,3,False,19853.0,18,7,2,1,2010,3,0,0,25014.0,57628.5,9035.0,12798.0,15274.0,18133.64285714286,10895.0,19074.782918629957,57628.5,0.0,13180.67857142857,10616.5,14292.359117330356,57628.5,0.0,13598.033333333333,10538.5,13408.333574962671,57628.5,0.0,20555.47467187824,13707.18044423109,-0.2063244583033501,1.197343663530714,9905.928571428572,0.9749279121818226,-0.22252093395631864,0.9776530844816641,0.2102247521189836,-0.43388373911756595,-0.9009688679024154,0.4110537546870351,-0.9116111071930239
2010-02-19,12611.0,58.0,921.0,25929.85714285714,15657.4,2010,2,7,4,False,12611.0,19,7,2,1,2010,4,0,0,19853.0,16711.0,7652.0,10342.0,9477.0,19679.071428571428,16711.0,18648.219312731024,57628.5,0.0,13684.607142857143,10616.5,14401.7843261208,57628.5,0.0,13750.666666666666,10538.5,13454.054259060618,57628.5,0.0,20379.85600389092,14105.60470568162,-0.3647811413892107,0.6480658651332984,11988.92857142857,0.4338837391175606,-0.9009688679024179,0.981124629771712,0.19337647441020586,-0.7818314824680332,0.6234898018587292,0.37945284372454435,-0.925211078289358
2010-02-20,0.0,0.0,0.0,25929.85714285714,13227.4,2010,2,7,5,True,0.0,20,7,2,1,2010,5,1,0,12611.0,25014.0,0.0,0.0,57628.5,20387.5,16711.0,18204.077338607414,57628.5,0.0,13846.67857142857,10893.0,14374.01491689235,57628.5,0.0,13855.133333333333,10813.0,13431.875262517,57628.5,0.0,18437.64200277087,14008.741981990657,-1.0,0.0,13081.642857142857,-0.4338837391175492,-0.9009688679024235,0.984305844499033,0.17647097349152166,0.7818314824680174,0.623489801858749,0.3474028211842774,-0.9377159910299093
2010-02-21,5555.0,37.0,584.0,25167.0,12793.466666666667,2010,2,7,6,True,5555.0,21,7,2,1,2010,6,1,0,0.0,19853.0,10895.0,11186.0,18573.0,20387.5,16711.0,18204.077338607414,57628.5,0.0,13846.67857142857,10893.0,14374.01491689235,57628.5,0.0,11934.183333333332,10538.5,10823.34409129998,57628.5,0.0,13828.231501815932,13101.124990863667,0.0,-0.49013308857273974,13081.642857142857,-0.974927912181823,-0.2225209339563172,0.9871957872910085,0.15951325197263655,0.4338837391175633,-0.9009688679024166,0.31494162072895193,-0.9491110448902284
2010-02-22,13427.0,48.0,666.0,13310.142857142857,13241.033333333333,2010,2,8,0,False,13427.0,22,8,2,1,2010,0,0,0,5555.0,12611.0,57628.5,8616.0,0.0,19624.64285714286,16711.0,18771.221028288415,57628.5,0.0,13444.464285714286,9963.0,14532.107203949734,57628.5,0.0,11500.25,10313.5,10808.951736113022,57628.5,0.0,11759.923626273703,12612.350150443914,1.4171017101710173,-0.7670076437873622,12360.357142857145,-0.7818314824680271,0.6234898018587368,0.9897936029670716,0.14250832791617088,-0.9749279121818255,-0.2225209339563062,0.2821076626819194,-0.9593827529490743
2010-02-23,11873.0,47.0,733.0,12619.0,13341.933333333332,2010,2,8,1,False,11873.0,23,8,2,1,2010,1,0,0,13427.0,0.0,16711.0,10891.0,8846.0,13310.142857142857,13427.0,8457.340804070182,25014.0,0.0,13788.107142857143,10893.0,14465.877061578885,57628.5,0.0,11947.816666666668,10538.5,10592.151989419055,57628.5,0.0,12176.692719718614,12665.102873188709,-0.11573694794071643,-0.28950990365627427,-955.9285714285725,-2.9391523179536475e-15,1.0,0.992098522791769,0.12546123335273648,-5.878304635907295e-15,1.0,0.24893980855376657,-0.9685189578512204
2010-02-24,22454.0,63.0,782.0,12253.285714285714,13755.8,2010,2,8,2,False,22454.0,24,8,2,1,2010,2,0,0,11873.0,5555.0,25014.0,3761.0,10038.0,12619.0,12611.0,8329.820746370637,25014.0,0.0,13858.25,11384.0,14453.124001871063,57628.5,0.0,12048.716666666667,10813.0,10575.990596534612,57628.5,0.0,12100.769539787138,12613.822435807413,0.891181672702771,-0.10234268809466696,-2478.5,0.7818314824680324,0.6234898018587303,0.9941098647022418,0.10837701279187609,0.9749279121818217,-0.22252093395632247,0.21547731504673012,-0.976508846196619
2010-02-25,26312.0,67.0,856.0,13176.0,13867.266666666666,2010,2,8,3,False,26312.0,25,8,2,1,2010,3,0,0,22454.0,13427.0,19853.0,9035.0,22968.0,12253.285714285714,12611.0,7729.493875502364,22454.0,0.0,15193.464285714286,12242.0,14311.31777578136,57628.5,0.0,12462.583333333334,10893.0,10736.313030281644,57628.5,0.0,14689.077154886942,13250.729430148363,0.17181793889730113,0.32534125824812365,-5880.357142857145,0.9749279121818243,-0.22252093395631148,0.9958270335100595,0.09126072172931188,-0.4338837391175527,-0.9009688679024217,0.18175978759137534,-0.9833429613388902
2010-02-26,7419.0,36.0,684.0,12434.285714285714,13520.0,2010,2,8,4,False,7419.0,26,8,2,1,2010,4,0,0,26312.0,11873.0,12611.0,7652.0,17837.0,13176.0,12611.0,9059.087812798813,26312.0,0.0,16427.535714285714,13019.0,14483.289352885122,57628.5,0.0,12574.05,10893.0,10865.722638384912,57628.5,0.0,17594.80786620443,14095.94549071573,-0.7180373973852234,-0.41170406787725,-6503.0714285714275,0.4338837391175673,-0.9009688679024147,0.9972495210773451,0.07411742515094437,-0.7818314824680425,0.6234898018587176,0.14782713347053048,-0.9890132145779883
2010-02-27,0.0,0.0,0.0,12434.285714285714,13145.233333333334,2010,2,8,5,True,0.0,27,8,2,1,2010,5,1,0,7419.0,22454.0,0.0,0.0,11243.0,12434.285714285714,11873.0,9321.795923431022,26312.0,0.0,16410.89285714286,13019.0,14494.278784003242,57628.5,0.0,12226.783333333333,10813.0,10858.19569510335,57628.5,0.0,15050.855899627566,13663.953942248307,-1.0,0.0,-7953.214285714286,-0.4338837391175425,-0.9009688679024266,0.998376906467142,0.056952196034039754,0.7818314824680083,0.6234898018587606,0.11371951458594969,-0.9935128947338007
2010-02-28,8419.0,53.0,736.0,12843.42857142857,13087.133333333331,2010,2,8,6,True,8419.0,28,8,2,1,2010,6,1,0,0.0,26312.0,5555.0,10895.0,10162.0,12434.285714285714,11873.0,9321.795923431022,26312.0,0.0,16410.89285714286,13019.0,14494.278784003242,57628.5,0.0,11852.016666666666,10538.5,11084.977249819822,57628.5,0.0,11288.141924692101,12780.071705506454,0.0,0.5155715571557156,-7953.214285714286,-0.9749279121818245,-0.2225209339563105,0.9992088560679753,0.03977011384605572,0.4338837391175509,-0.9009688679024226,0.07947729992362097,-0.9968366760893436
2010-03-01,21448.0,58.0,777.0,13989.285714285714,13802.066666666668,2010,3,9,0,False,21448.0,1,9,3,1,2010,0,0,0,8419.0,7419.0,13427.0,57628.5,0.0,12843.42857142857,11873.0,9027.748313895752,26312.0,0.0,16234.035714285714,13019.0,14581.603020012637,57628.5,0.0,11793.916666666666,10538.5,11098.699950338494,57628.5,0.0,10570.856443514991,12498.01464405501,1.547570970424041,0.5973784166232219,-6781.214285714288,-0.7818314824680318,0.623489801858731,0.9997451236925734,0.022576263041545485,-0.9749279121818222,-0.22252093395632055,0.04514101777397193,-0.9989806246941579
2010-03-02,11897.0,55.0,929.0,13992.714285714286,13840.8,2010,3,9,1,False,11897.0,2,9,3,1,2010,1,0,0,21448.0,0.0,11873.0,16711.0,10735.0,13989.285714285714,11873.0,9604.761071369512,26312.0,0.0,13649.714285714286,13019.0,8701.381918793311,26312.0,0.0,12508.85,10813.0,11003.172021606724,57628.5,0.0,13290.14233264786,13076.77211486478,-0.4453095859753823,0.0020213930767287724,679.1428571428569,-1.028950903538412e-14,1.0,0.9999855506507186,0.005375731557583884,-2.057901807076824e-14,1.0,0.01075130776352193,-0.9999422030204416
2010-03-03,20381.0,63.0,1014.0,13696.57142857143,14211.8,2010,3,9,2,False,20381.0,3,9,3,1,2010,2,0,0,11897.0,8419.0,22454.0,25014.0,9251.0,13992.714285714286,11897.0,9603.88396629693,26312.0,0.0,13305.857142857143,12254.0,8666.149103593485,26312.0,0.0,12547.583333333334,10893.0,10998.756747989148,57628.5,0.0,12941.85674948478,13000.492684744066,0.7131209548625703,-0.0923220806983166,1373.7142857142862,0.7818314824680278,0.623489801858736,0.9999300657962057,-0.011826390691832589,0.9749279121818251,-0.22252093395630812,-0.023651127245231586,-0.9997202729664083
2010-03-04,18546.0,74.0,989.0,12587.142857142857,14460.2,2010,3,9,3,False,18546.0,4,9,3,1,2010,3,0,0,20381.0,21448.0,26312.0,19853.0,11094.0,13696.57142857143,11897.0,9327.472484675629,26312.0,0.0,12974.92857142857,12254.0,8263.784144029945,26312.0,0.0,12918.583333333334,10994.5,11071.199939703243,57628.5,0.0,14801.642562118053,13477.620522441972,-0.09003483636720477,-0.2951505016722408,1443.2857142857156,0.974927912181826,-0.22252093395630432,0.9995786855478958,-0.029025013321975237,-0.43388373911753947,-0.9009688679024281,-0.05802556932878035,-0.9983150972033183
2010-03-05,18260.0,81.0,771.0,14135.857142857143,14726.033333333333,2010,3,9,4,False,18260.0,5,9,3,1,2010,4,0,0,18546.0,11897.0,7419.0,12611.0,10285.0,12587.142857142857,11897.0,7934.760601903739,21448.0,0.0,12881.57142857143,12254.0,8187.131654326476,26312.0,0.0,13166.983333333334,11040.5,11112.373054612823,57628.5,0.0,15737.731921590228,13805.233291975668,-0.01542111506524313,1.461248146650492,-588.8571428571431,0.43388373911756106,-0.9009688679024177,0.9989315138848577,-0.046215046983708354,-0.7818314824680339,0.6234898018587284,-0.09233133369539122,-0.9957283388645872
2010-03-06,0.0,0.0,0.0,14135.857142857143,14299.433333333332,2010,3,9,5,True,0.0,6,9,3,1,2010,5,1,0,18260.0,20381.0,0.0,0.0,12798.0,14135.857142857143,18260.0,7814.991478531746,21448.0,0.0,13285.07142857143,12662.0,8311.03777158179,26312.0,0.0,13432.816666666668,11529.5,11136.416160726263,57628.5,0.0,16368.298941193523,14093.14776273857,-1.0,0.0,1701.5714285714294,-0.4338837391175615,-0.9009688679024175,0.9979887423155984,-0.06339140486951038,0.7818314824680346,0.6234898018587276,-0.12652781683868314,-0.9919630595773397
2010-03-07,10927.0,58.0,1076.0,14494.142857142857,14318.933333333332,2010,3,9,6,True,10927.0,7,9,3,1,2010,6,1,0,0.0,18546.0,8419.0,5555.0,10342.0,14135.857142857143,18260.0,7814.991478531746,21448.0,0.0,13285.07142857143,12662.0,8311.03777158179,26312.0,0.0,13006.216666666667,11040.5,11403.49481645969,57628.5,0.0,12276.224205890994,13182.402753327133,0.0,0.29789761254305747,1701.5714285714294,-0.9749279121818228,-0.22252093395631767,0.9967506498213929,-0.08054900421874167,0.43388373911756417,-0.9009688679024163,-0.16057454459499376,-0.9870237158387383
2010-03-08,15620.0,76.0,1042.0,13661.57142857143,14839.6,2010,3,10,0,False,15620.0,8,10,3,1,2010,0,0,0,10927.0,18260.0,21448.0,13427.0,0.0,14494.142857142857,18260.0,7562.630482148643,21448.0,0.0,13668.785714285714,12662.0,8046.49335165584,26312.0,0.0,13025.716666666667,11056.5,11399.281300457238,57628.5,0.0,11938.918154417988,13036.666908974377,0.4294865928434153,-0.2717269675494218,1650.7142857142862,-0.7818314824680364,0.6234898018587253,0.9952176027737294,-0.09768276782171598,-0.974927912181819,-0.22252093395633488,-0.19443122004766195,-0.9809161537413774
2010-03-09,12353.0,57.0,736.0,13726.714285714286,14878.5,2010,3,10,1,False,12353.0,9,10,3,1,2010,1,0,0,15620.0,0.0,11897.0,11873.0,11186.0,13661.57142857143,15620.0,6966.819907177708,20381.0,0.0,13825.42857142857,13758.5,8062.753764300143,26312.0,0.0,13546.383333333333,11529.5,11137.530539207588,57628.5,0.0,12859.188615814015,13203.575683521489,-0.20915492957746484,0.03832899050180716,-327.7142857142844,-3.429011037612589e-15,1.0,0.9933900548258936,-0.11478762552212701,-6.858022075225178e-15,1.0,-0.2280577712215198,-0.9736476020539838
2010-03-10,18013.0,61.0,924.0,13388.42857142857,15191.733333333334,2010,3,10,2,False,18013.0,10,10,3,1,2010,2,0,0,12353.0,10927.0,20381.0,22454.0,8616.0,13726.714285714286,15620.0,6949.681280804315,20381.0,0.0,13859.714285714286,13986.5,8054.829362930908,26312.0,0.0,13585.283333333333,11885.0,11131.038255693522,57628.5,0.0,12732.641461860458,13148.625262803242,0.45818829434145547,-0.11618664442372795,-266.0,0.781831482468032,0.6234898018587307,0.9912685467787256,-0.13185851571739118,0.974927912181822,-0.2225209339563215,-0.2614143985111562,-0.965226663665613
2010-03-11,14179.0,48.0,839.0,12764.57142857143,15301.333333333334,2010,3,10,3,False,14179.0,11,10,3,1,2010,3,0,0,18013.0,15620.0,18546.0,26312.0,10891.0,13388.42857142857,15620.0,6621.6826375462115,18546.0,0.0,13542.5,13986.5,7772.846600135026,26312.0,0.0,13898.516666666666,12125.0,11118.589297831384,57628.5,0.0,14052.731096395766,13462.854803299677,-0.2128462776883362,-0.23546856465005928,-308.1428571428587,0.9749279121818244,-0.222520933956311,0.9888537064205885,-0.1488903868564548,-0.4338837391175518,-0.9009688679024221,-0.2944616217868012,-0.9556633054034704
2010-03-12,11029.0,36.0,646.0,11731.57142857143,15543.6,2010,3,10,4,False,11029.0,12,10,3,1,2010,4,0,0,14179.0,12353.0,18260.0,7419.0,3761.0,12764.57142857143,14179.0,6250.06882247822,18260.0,0.0,12675.857142857143,13266.0,6862.680008648135,21448.0,0.0,14008.116666666667,12482.0,11104.116914136672,57628.5,0.0,14084.298322296832,13509.112654600036,-0.22215953170181257,-0.3960021905805038,177.42857142857247,0.4338837391175549,-0.9009688679024207,0.986146248341595,-0.16587819893463143,-0.7818314824680254,0.6234898018587391,-0.3271603271220951,-0.9449688462364056
2010-03-13,0.0,0.0,0.0,11731.57142857143,15242.433333333332,2010,3,10,5,True,0.0,13,10,3,1,2010,5,1,0,11029.0,18013.0,0.0,0.0,9035.0,11731.57142857143,12353.0,5769.503325161326,18013.0,0.0,12933.714285714286,13266.0,6716.223909638174,21448.0,0.0,14250.383333333333,12482.0,10951.06970501948,57628.5,0.0,13320.473741722486,13348.927425297277,-1.0,0.0,-2404.2857142857138,-0.4338837391175549,-0.9009688679024207,0.9831469737221499,-0.1828169249850199,0.7818314824680254,0.6234898018587391,-0.3594718130884232,-0.9331559438780432
2010-03-14,4927.0,24.0,447.0,10874.42857142857,15151.6,2010,3,10,6,True,4927.0,14,10,3,1,2010,6,1,0,0.0,14179.0,10927.0,8419.0,7652.0,11731.57142857143,12353.0,5769.503325161326,18013.0,0.0,12933.714285714286,13266.0,6716.223909638174,21448.0,0.0,13949.216666666667,12482.0,11220.369506242174,57628.5,0.0,9990.355306291412,12486.810306081314,0.0,-0.549098563192093,-2404.2857142857138,-0.9749279121818212,-0.22252093395632486,0.9798567700958665,-0.1997015525660636,0.43388373911757744,-0.9009688679024098,-0.3913578365610259,-0.9202385798054075
2010-03-15,15166.0,57.0,958.0,10809.57142857143,15657.133333333331,2010,3,11,0,False,15166.0,15,11,3,1,2010,0,0,0,4927.0,11029.0,15620.0,21448.0,0.0,10874.42857142857,12353.0,6327.651113884803,18013.0,0.0,12684.285714285714,13266.0,6957.306346884221,21448.0,0.0,13858.383333333333,12482.0,11283.955650944012,57628.5,0.0,8724.516479718432,11998.60595477977,2.0781408565049726,-0.029065300896286783,-3619.7142857142862,-0.7818314824680233,0.6234898018587418,0.9762766110869321,-0.21652708524481437,-0.9749279121818283,-0.2225209339562938,-0.4227806579826773,-0.9062320427107697
2010-03-16,12845.0,45.0,780.0,10879.857142857143,15722.133333333331,2010,3,11,1,False,12845.0,16,11,3,1,2010,1,0,0,15166.0,0.0,12353.0,11897.0,10895.0,10809.57142857143,12353.0,6272.993752511442,18013.0,0.0,12235.57142857143,13266.0,6538.588682280284,20381.0,0.0,14363.916666666666,13019.0,10977.233733947396,57628.5,0.0,10334.887359788947,12203.139985348755,-0.15303969405248585,0.039828381769610566,-2852.0,3.4314869601589423e-15,1.0,0.9724075561219968,-0.23328854407545518,6.8629739203178846e-15,1.0,-0.45370308603134424,-0.8911529104063088
2010-03-17,57628.5,48.0,768.0,19572.14285714286,15136.6,2010,3,11,2,False,78859.0,17,11,3,1,2010,2,0,0,12845.0,4927.0,18013.0,20381.0,57628.5,10879.857142857143,12845.0,6295.883851866269,18013.0,0.0,12303.285714285714,13512.0,6539.721382309924,20381.0,0.0,14428.916666666666,13136.0,10961.747167625883,57628.5,0.0,10962.415519841747,12244.585572464937,3.4864538731023744,2.1992727474601677,-2846.857142857143,0.7818314824680275,0.6234898018587365,0.9682507501166718,-0.2499809690726521,0.9749279121818253,-0.22252093395630718,-0.48408852163897587,-0.8750190302029955
2010-03-18,23659.0,86.0,840.0,20926.42857142857,15368.2,2010,3,11,3,False,23659.0,18,11,3,1,2010,3,0,0,57628.5,15166.0,14179.0,18546.0,16711.0,16539.214285714286,12845.0,18921.700680825754,57628.5,0.0,14963.82142857143,13512.0,13716.94825558617,57628.5,0.0,14428.916666666666,13136.0,10961.747167625883,57628.5,0.0,22628.936639881813,15174.912438605113,-0.5894566056725405,0.6685944001692643,3150.7857142857156,0.9749279121818261,-0.22252093395630382,0.9638074231367307,-0.26659942067929354,-0.4338837391175386,-0.9009688679024286,-0.5139010013093103,-0.8578494977869301
2010-03-19,13368.0,62.0,746.0,21260.571428571428,14980.0,2010,3,11,4,False,13368.0,19,11,3,1,2010,4,0,0,23659.0,12845.0,11029.0,18260.0,25014.0,17893.5,12845.0,19063.3446195397,57628.5,0.0,15329.035714285714,13512.0,13886.677315470786,57628.5,0.0,14660.516666666666,13136.0,11084.338913361698,57628.5,0.0,22886.452479911368,15722.68079269404,-0.4349718923031405,0.21207725088403295,5128.928571428571,0.4338837391175615,-0.9009688679024175,0.9590788900341131,-0.28313898122818354,-0.7818314824680345,0.6234898018587276,-0.5431052396834317,-0.8396646346181327
2010-03-20,0.0,0.0,0.0,21260.571428571428,14318.233333333334,2010,3,11,5,True,0.0,20,11,3,1,2010,5,1,0,13368.0,57628.5,0.0,0.0,19853.0,18227.64285714286,13368.0,18943.089673885228,57628.5,0.0,14979.607142857143,13106.5,13868.789515392202,57628.5,0.0,14272.316666666668,13106.5,10911.824510422828,57628.5,0.0,20506.839359933467,15570.660011586047,-1.0,0.0,6496.071428571429,-0.4338837391175483,-0.9009688679024238,0.9540665500578387,-0.2995947563972602,0.7818314824680161,0.6234898018587506,-0.5716666713027052,-0.8204859638785327
2010-03-21,12281.0,56.0,795.0,22311.14285714286,14307.233333333334,2010,3,11,6,True,12281.0,21,11,3,1,2010,6,1,0,0.0,23659.0,4927.0,10927.0,12611.0,18227.64285714286,13368.0,18943.089673885228,57628.5,0.0,14979.607142857143,13106.5,13868.789515392202,57628.5,0.0,13610.55,12728.0,11160.871386656276,57628.5,0.0,15380.129519950007,14565.446285238286,0.0,1.492591840876801,6496.071428571429,-0.9749279121818227,-0.22252093395631817,0.9487718864399473,-0.31596187665790293,0.43388373911756506,-0.9009688679024158,-0.5995514915196489,-0.8003361849976323
2010-03-22,12821.0,56.0,859.0,21976.14285714286,14734.6,2010,3,12,0,False,12821.0,22,12,3,1,2010,0,0,0,12281.0,13368.0,15166.0,15620.0,0.0,19278.214285714286,13368.0,18274.633771654502,57628.5,0.0,15076.32142857143,13106.5,13843.051850056461,57628.5,0.0,13599.55,12599.0,11162.053058859428,57628.5,0.0,14605.347139962496,14417.972757217765,0.0439703607198112,-0.15462218119477777,8403.785714285716,-0.7818314824680278,0.623489801858736,0.9431964659565866,-0.33223549871590435,-0.9749279121818251,-0.22252093395630812,-0.6267266965083301,-0.7792391467859886
2010-03-23,54452.0,71.0,745.0,27920.0,16364.5,2010,3,12,1,False,54452.0,23,12,3,1,2010,1,0,0,12821.0,0.0,12845.0,12353.0,5555.0,18943.214285714286,12845.0,18383.748130384854,57628.5,0.0,14876.392857142857,12833.0,13854.803074661051,57628.5,0.0,14026.916666666666,12833.0,10864.892112769756,57628.5,0.0,14159.260354971868,14314.883469983008,3.2470946104048046,3.2391592059166987,8133.642857142857,-3.91886975727153e-15,1.0,0.9373419384643772,-0.3484108069446808,-7.83773951454306e-15,1.0,-0.65316012232693,-0.7572198192083127
2010-03-24,14409.0,73.0,843.0,18712.85714285714,16397.233333333334,2010,3,12,2,False,14409.0,24,12,3,1,2010,2,0,0,54452.0,12281.0,57628.5,18013.0,13427.0,24887.071428571428,13368.0,22376.15082036485,57628.5,0.0,17883.464285714286,13106.5,17384.097189522963,57628.5,0.0,15656.816666666668,13106.5,13006.692320178165,57628.5,0.0,24232.44526622898,16905.75698799031,-0.7353816205098068,-0.7499674640152008,14007.214285714284,0.7818314824680229,0.6234898018587421,0.9312100364121947,-0.3644830148102912,0.9749279121818285,-0.22252093395629283,-0.6788204829862355,-0.734304263829602
2010-03-25,17094.0,85.0,939.0,17775.0,16571.266666666666,2010,3,12,3,False,17094.0,25,12,3,1,2010,3,0,0,14409.0,12821.0,23659.0,14179.0,11873.0,18712.85714285714,13368.0,17200.267124171565,54452.0,0.0,17626.035714285714,13106.5,17408.698546840893,57628.5,0.0,15689.55,13106.5,13002.122012718566,57628.5,0.0,21776.583949671724,16744.59546533244,0.18634186966479294,-0.27748425546303734,2173.642857142855,0.9749279121818245,-0.2225209339563105,0.9248025743285089,-0.38044736628785164,-0.43388373911755096,-0.9009688679024226,-0.7036774074790128,-0.7105196029692745
2010-03-26,20924.0,62.0,876.0,18854.42857142857,16520.266666666666,2010,3,12,4,False,20924.0,26,12,3,1,2010,4,0,0,17094.0,54452.0,13368.0,11029.0,22454.0,17775.0,13368.0,17064.06786203102,54452.0,0.0,17834.25,13106.5,17381.710698262035,57628.5,0.0,15863.583333333334,13773.5,12984.205160756248,57628.5,0.0,20605.93796225379,16767.14822207191,0.22405522405522404,0.5652304009575104,-118.5,0.43388373911755534,-0.9009688679024205,0.9181214482844365,-0.39629913726891813,-0.7818314824680259,0.6234898018587384,-0.7277014757264236,-0.6858939875998223
2010-03-27,0.0,0.0,0.0,18854.42857142857,15643.2,2010,3,12,5,True,0.0,27,12,3,1,2010,5,1,0,20924.0,14409.0,0.0,0.0,26312.0,18854.428571428572,14409.0,16977.59730602992,54452.0,0.0,18541.035714285714,13888.5,17284.612434702063,57628.5,0.0,15812.583333333334,13773.5,12960.409371250675,57628.5,0.0,20685.453471690344,17035.449382437182,-1.0,0.0,626.7857142857138,-0.43388373911755446,-0.9009688679024209,0.9111686353326631,-0.41203363695942635,0.7818314824680247,0.6234898018587399,-0.7508642533989489,-0.6604565640279754
2010-03-28,14517.0,59.0,902.0,19173.85714285714,15879.8,2010,3,12,6,True,14517.0,28,12,3,1,2010,6,1,0,0.0,17094.0,12281.0,4927.0,7419.0,18854.428571428572,14409.0,16977.59730602992,54452.0,0.0,18541.035714285714,13888.5,17284.612434702063,57628.5,0.0,14935.516666666666,13106.5,13114.76764914621,57628.5,0.0,15514.090103767745,15935.93892451799,0.0,0.18206986401758818,626.7857142857138,-0.9749279121818243,-0.22252093395631148,0.9039461929224011,-0.42764620926777464,0.4338837391175527,-0.9009688679024217,-0.7731383255706026,-0.6342374393978054
2010-03-29,25151.0,85.0,1024.0,20935.285714285717,16718.166666666668,2010,3,13,0,False,25151.0,29,13,3,1,2010,0,0,0,14517.0,20924.0,12821.0,15166.0,0.0,19173.85714285714,14517.0,16853.891453989407,54452.0,0.0,19226.035714285714,14463.0,16889.080441862527,57628.5,0.0,15172.116666666667,13773.5,13038.291789480849,57628.5,0.0,15264.817577825808,15844.359476658208,0.7325204932148515,0.9617034552686998,-104.35714285714494,-0.7818314824680324,0.6234898018587303,0.8964562582905575,-0.44313223418263453,-0.9749279121818217,-0.22252093395632244,-0.7944973291665992,-0.6072676460566135
2010-03-30,19258.0,70.0,987.0,15907.57142857143,17079.466666666667,2010,3,13,1,False,19258.0,30,13,3,1,2010,1,0,0,25151.0,0.0,54452.0,12845.0,8419.0,20935.285714285714,17094.0,16723.092673648276,54452.0,0.0,19939.25,14463.0,16915.248840514832,57628.5,0.0,16010.483333333334,14294.0,12836.120585986582,57628.5,0.0,17736.363183369358,16445.002649277398,-0.23430479901395573,-0.6463307132887681,1992.0714285714275,-1.1269226474702003e-14,1.0,0.8887010478292915,-0.45848712914008766,-2.2538452949404006e-14,1.0,-0.8149159841660791,-0.5795791048257612
2010-03-31,13642.0,75.0,946.0,15798.0,16819.266666666666,2010,3,13,2,False,13642.0,31,13,3,1,2010,2,0,0,19258.0,14517.0,14409.0,57628.5,21448.0,15907.57142857143,17094.0,7963.131144157274,25151.0,0.0,20397.321428571428,15805.5,16794.759873712374,57628.5,0.0,16371.783333333333,14463.0,12767.433482054183,57628.5,0.0,18116.77238752702,16626.547070391134,-0.29161906740056076,-0.053230619751544195,-8979.499999999998,0.7818314824680184,0.6234898018587479,0.8806828564301475,-0.47370635037968,0.9749279121818318,-0.2225209339562785,-0.8343701235229537,-0.5512045872199277
2010-04-01,17291.0,79.0,903.0,15826.142857142857,16999.066666666666,2010,4,13,3,False,17291.0,1,13,4,2,2010,3,0,0,13642.0,25151.0,17094.0,23659.0,11897.0,15798.0,17094.0,7992.411004613476,25151.0,0.0,17255.428571428572,14463.0,12973.654693643193,54452.0,0.0,16111.583333333334,14294.0,12739.926370763345,57628.5,0.0,16998.079290645266,16433.935380069313,0.2674827737868348,0.011524511524511505,-2914.8571428571413,0.974927912181823,-0.2225209339563172,0.8724040568049612,-0.48878539428899265,-0.4338837391175633,-0.9009688679024166,-0.8528367217694595,-0.522177676659508
2010-04-02,0.0,0.0,0.0,12837.0,16319.7,2010,4,13,4,False,0.0,2,13,4,2,2010,4,0,0,17291.0,19258.0,20924.0,13368.0,20381.0,15826.142857142857,17291.0,7998.0798826670725,25151.0,0.0,16800.571428571428,14463.0,12842.846908893474,54452.0,0.0,16291.383333333333,14463.0,12716.435826617115,57628.5,0.0,17071.309467983952,16489.246061351743,-1.0,-1.0,-1948.8571428571431,0.43388373911756195,-0.9009688679024173,0.8638670987837349,-0.503719798736334,-0.7818314824680351,0.6234898018587268,-0.8702939222685674,-0.49253272872205434
2010-04-03,0.0,0.0,0.0,12837.0,15701.5,2010,4,13,5,True,0.0,3,13,4,2,2010,5,1,0,0.0,13642.0,0.0,0.0,18546.0,12837.0,14517.0,9537.203608326,25151.0,0.0,15845.714285714286,14463.0,13592.74535256878,54452.0,0.0,15612.016666666666,14294.0,13030.947908254555,57628.5,0.0,12803.482100987962,15425.132359042072,0.0,0.0,-6017.4285714285725,-0.43388373911754785,-0.900968867902424,0.8550745085896932,-0.518505144391157,0.7818314824680156,0.6234898018587514,-0.886721063082993,-0.46230483047981086
2010-04-04,0.0,0.0,0.0,10763.142857142857,15092.833333333334,2010,4,13,6,True,0.0,4,13,4,2,2010,6,1,0,0.0,17291.0,14517.0,12281.0,18260.0,12837.0,14517.0,9537.203608326,25151.0,0.0,15845.714285714286,14463.0,13592.74535256878,54452.0,0.0,14993.816666666668,13910.5,13323.590909828752,57628.5,0.0,9602.61157574097,14429.707547049215,0.0,-1.0,-6017.4285714285725,-0.9749279121818226,-0.22252093395631864,0.8460288880917339,-0.533137056031809,0.43388373911756595,-0.9009688679024154,-0.9020987014301837,-0.43152975897147144
2010-04-05,0.0,0.0,0.0,7170.142857142857,15092.833333333334,2010,4,14,0,False,0.0,5,14,4,2,2010,0,0,0,0.0,0.0,25151.0,12821.0,0.0,10763.142857142857,13642.0,10627.0841160463,25151.0,0.0,14968.5,14463.0,14222.197832694763,54452.0,0.0,14385.15,13505.0,13583.784067999408,57628.5,0.0,7201.958681805727,13498.535537931175,0.0,-1.0,-8410.714285714284,-0.781831482468037,0.6234898018587246,0.8367329140344921,-0.5476112038402312,-0.9749279121818185,-0.2225209339563368,-0.9164086366943458,-0.4002439388573056
2010-04-06,13022.0,55.0,689.0,6279.285714285715,15162.666666666666,2010,4,14,1,False,13022.0,6,14,4,2,2010,1,0,0,0.0,0.0,19258.0,54452.0,10927.0,7170.142857142857,0.0,9092.824724814074,19258.0,0.0,14052.714285714286,14463.0,14773.221076969332,54452.0,0.0,14385.15,13505.0,13583.784067999408,57628.5,0.0,5401.469011354295,12627.467011417535,0.0,-0.32381348011216116,-13765.142857142857,-4.408728476930472e-15,1.0,0.8271893372462497,-0.5619233046832195,-8.817456953860943e-15,1.0,-0.9296339319682695,-0.3684843993077793
2010-04-07,23528.0,61.0,822.0,7691.571428571428,15426.266666666666,2010,4,14,2,False,23528.0,7,14,4,2,2010,2,0,0,13022.0,0.0,13642.0,14409.0,15620.0,6279.285714285715,0.0,7944.068284245897,17291.0,0.0,11093.42857142857,14025.5,9129.755542386456,25151.0,0.0,14454.983333333334,13505.0,13570.771805156985,57628.5,0.0,7306.6017585157215,12652.926091535306,0.8067885117493472,0.724673801495382,-9628.285714285714,0.7818314824680315,0.6234898018587315,0.8174009818249189,-0.5760691233798758,0.9749279121818224,-0.22252093395631958,-0.9417589340994617,-0.33628873017668287
2010-04-08,26803.0,86.0,1015.0,9050.42857142857,15907.933333333332,2010,4,14,3,False,26803.0,8,14,4,2,2010,3,0,0,23528.0,0.0,17291.0,17094.0,12353.0,7691.571428571428,0.0,10066.413228440108,23528.0,0.0,11744.785714285714,14079.5,9692.453441713309,25151.0,0.0,14718.583333333334,13505.0,13670.617110205767,57628.5,0.0,11361.951318886791,13354.681430935936,0.13919585175110516,0.5501127754323059,-8106.428571428572,0.9749279121818246,-0.22252093395631004,0.8073707443023492,-0.5900444739548627,-0.43388373911755007,-0.900968867902423,-0.9527692922168511,-0.30369503751065885
2010-04-09,9120.0,51.0,595.0,10353.285714285714,15611.5,2010,4,14,4,False,9120.0,9,14,4,2,2010,4,0,0,26803.0,13022.0,0.0,20924.0,18013.0,9050.42857142857,0.0,12028.911530934434,26803.0,0.0,12438.285714285714,14079.5,10424.342926561338,26803.0,0.0,15200.25,13910.5,13837.934432485172,57628.5,0.0,15222.213489165095,14222.474144258715,-0.6597395813901429,0.0,-6775.714285714286,0.4338837391175686,-0.900968867902414,0.7971015927871943,-0.6038452208771035,-0.7818314824680443,0.6234898018587154,-0.9626519747161487,-0.2707418984477642
2010-04-10,0.0,0.0,0.0,10353.285714285714,15138.866666666669,2010,4,14,5,True,0.0,10,14,4,2,2010,5,1,0,9120.0,23528.0,0.0,0.0,14179.0,10353.285714285714,9120.0,11360.610322723058,26803.0,0.0,11595.142857142857,13332.0,10159.199111810269,26803.0,0.0,14903.816666666668,13505.0,13870.815488596128,57628.5,0.0,13696.660116873822,13893.225738640616,-1.0,0.0,-2483.7142857142862,-0.433883739117554,-0.9009688679024211,0.7865965660866021,-0.6174672802835514,0.7818314824680241,0.6234898018587406,-0.97139528468375,-0.23746831555846842
2010-04-11,11585.0,42.0,662.0,12008.285714285714,15157.4,2010,4,14,6,True,11585.0,11,14,4,2,2010,6,1,0,0.0,26803.0,0.0,14517.0,11029.0,10353.285714285714,9120.0,11360.610322723058,26803.0,0.0,11595.142857142857,13332.0,10159.199111810269,26803.0,0.0,14431.183333333332,13195.0,14135.408061930822,57628.5,0.0,10272.495087655365,12996.744615932053,0.0,0.0,-2483.7142857142862,-0.9749279121818242,-0.22252093395631195,0.7758587728069828,-0.6309066211876704,0.43388373911755357,-0.9009688679024214,-0.9789888737409319,-0.20391367068311472
2010-04-12,12839.0,46.0,587.0,13842.42857142857,15585.366666666669,2010,4,15,0,False,12839.0,12,15,4,2,2010,0,0,0,11585.0,9120.0,0.0,25151.0,0.0,12008.285714285714,11585.0,10404.600115882802,26803.0,0.0,11385.714285714286,12303.5,10124.494497759619,26803.0,0.0,14449.716666666667,13195.0,14131.1574004856,57628.5,0.0,10600.621315741524,12905.650631963057,0.10824341821320682,0.0,1245.1428571428569,-0.7818314824680327,0.6234898018587299,0.7648913904341226,-0.6441592666722685,-0.9749279121818215,-0.2225209339563234,-0.9854237542919524,-0.17011767832049052
2010-04-13,14446.0,52.0,728.0,14045.857142857143,15902.666666666666,2010,4,15,1,False,14446.0,13,15,4,2,2010,1,0,0,12839.0,0.0,13022.0,19258.0,4927.0,13842.42857142857,12839.0,8967.318641547623,26803.0,0.0,10506.285714285714,12212.0,9341.271033830059,26803.0,0.0,14877.683333333332,13195.0,13870.464909347373,57628.5,0.0,11160.215986806143,12901.349986738913,0.1251655113326584,0.1093534019351865,6672.285714285714,2.45176952084106e-15,1.0,0.753697664392914,-0.6572212950663319,4.90353904168212e-15,1.0,-0.9906923101615609,-0.13612033862266704
2010-04-14,16329.0,45.0,616.0,13017.42857142857,15941.433333333332,2010,4,15,2,False,16329.0,14,15,4,2,2010,2,0,0,14446.0,11585.0,23528.0,13642.0,15166.0,14045.857142857143,12839.0,8961.755174603004,26803.0,0.0,10162.57142857143,12212.0,9079.335673039974,26803.0,0.0,15194.983333333334,13505.0,13743.279210458079,57628.5,0.0,11981.661990104607,13001.017930797787,0.1303475010383497,-0.3059758585515131,7766.571428571428,0.7818314824680269,0.6234898018587371,0.742280907086982,-0.6700888411055113,0.9749279121818257,-0.22252093395630526,-0.994788305609327,-0.10196189005174576
2010-04-15,10769.0,74.0,653.0,10726.857142857143,15872.233333333334,2010,4,15,3,False,10769.0,15,15,4,2,2010,3,0,0,16329.0,12839.0,26803.0,17291.0,12845.0,13017.42857142857,12839.0,8059.946088677072,26803.0,0.0,10354.5,12212.0,9186.315397204857,26803.0,0.0,15233.75,13505.0,13744.8348271896,57628.5,0.0,13068.496492578457,13215.752863541125,-0.34049849960193523,-0.5982166175428123,5325.857142857142,0.9749279121818263,-0.22252093395630287,0.7306444969184916,-0.6827580970759147,-0.4338837391175368,-0.9009688679024294,-0.9977068927101168,-0.06768276175455162
2010-04-16,14865.0,42.0,582.0,11547.57142857143,13739.1,2010,4,15,4,False,14865.0,16,15,4,2,2010,4,0,0,10769.0,14446.0,9120.0,0.0,57628.5,10726.857142857143,11585.0,5292.491770693361,16329.0,0.0,9888.642857142857,11177.0,8970.325160105509,26803.0,0.0,15164.55,13505.0,13762.490571483508,57628.5,0.0,12493.622369433844,13057.879674654703,0.3803510075215897,0.6299342105263157,1676.4285714285725,0.4338837391175496,-0.9009688679024233,0.7187918772884232,-0.6952253139408722,-0.781831482468018,0.6234898018587484,-0.9994446170919858,-0.033323525711631344
2010-04-17,0.0,0.0,0.0,11547.57142857143,12950.466666666667,2010,4,15,5,True,0.0,17,15,4,2,2010,5,1,0,14865.0,16329.0,0.0,0.0,23659.0,11547.57142857143,12839.0,5445.029043606115,16329.0,0.0,10950.42857142857,12212.0,8581.119540679323,26803.0,0.0,13739.1,13505.0,11186.080797595952,54452.0,0.0,13086.466777075384,13174.480633667792,-1.0,0.0,1194.2857142857156,-0.43388373911756023,-0.9009688679024181,0.7067265555776158,-0.7074868024503348,0.7818314824680327,0.6234898018587299,-0.9999994220246925,0.001075151282798226
2010-04-18,12961.0,54.0,751.0,11744.142857142857,12936.9,2010,4,15,6,True,12961.0,18,15,4,2,2010,6,1,0,0.0,10769.0,11585.0,0.0,13368.0,11547.57142857143,12839.0,5445.029043606115,16329.0,0.0,10950.42857142857,12212.0,8581.119540679323,26803.0,0.0,12950.466666666667,13195.0,11296.053447945907,54452.0,0.0,9814.850082806537,12324.428544773042,0.0,0.11877427708243427,1194.2857142857156,-0.9749279121818225,-0.2225209339563191,0.6944521021088763,-0.719538934232584,0.43388373911756684,-0.9009688679024149,-0.9993706508539969,0.03547255575312556
2010-04-19,19363.0,74.0,1247.0,12676.142857142857,13582.333333333334,2010,4,16,0,False,19363.0,19,16,4,2,2010,0,0,0,12961.0,14865.0,12839.0,0.0,0.0,11744.142857142857,12961.0,5471.3792419757965,16329.0,0.0,11876.214285714286,12900.0,7987.463091799365,26803.0,0.0,12936.9,12991.5,11295.779096788692,54452.0,0.0,10601.387562104903,12365.501539951545,0.4939433685672401,0.5081392631824908,-264.1428571428569,-0.7818314824680372,0.6234898018587242,0.6819721490904629,-0.7313781428679254,-0.9749279121818183,-0.22252093395633774,-0.9975590477788613,0.06982797572987089
2010-04-20,13464.0,68.0,827.0,12535.857142857143,13621.766666666666,2010,4,16,1,False,13464.0,20,16,4,2,2010,1,0,0,19363.0,0.0,14446.0,13022.0,12281.0,12676.142857142857,14446.0,6196.556151836035,19363.0,0.0,13259.285714285714,12991.5,7429.781282924003,26803.0,0.0,13582.333333333334,13332.0,11082.259807312843,54452.0,0.0,12791.790671578678,12816.992839656652,-0.30465320456540823,-0.06797729475287273,-1166.2857142857138,-4.898587196589413e-15,1.0,0.6692903895412567,-0.7430009249440493,-9.797174393178826e-15,1.0,-0.9945667569706337,0.1041007489354256
2010-04-21,13264.0,66.0,727.0,12098.0,13636.533333333333,2010,4,16,2,False,13264.0,21,16,4,2,2010,2,0,0,13464.0,12961.0,16329.0,23528.0,12821.0,12535.857142857143,13464.0,6160.822629827151,19363.0,0.0,13290.857142857143,13212.5,7429.634516915687,26803.0,0.0,13621.766666666666,13553.0,11079.574054066352,54452.0,0.0,12959.84300368401,12858.73867847368,-0.0148544266191325,-0.18770285994243374,-1510.0,0.7818314824680223,0.6234898018587429,0.6564105761979381,-0.7544038410927472,0.974927912181829,-0.22252093395629094,-0.9903973200352558,0.1382503109109819
2010-04-22,21576.0,79.0,755.0,13641.857142857143,12540.666666666666,2010,4,16,3,False,21576.0,22,16,4,2,2010,3,0,0,13264.0,19363.0,10769.0,26803.0,54452.0,12098.0,13264.0,5951.675394374247,19363.0,0.0,12557.714285714286,13112.5,6823.431050190456,26803.0,0.0,13636.533333333333,13553.0,11078.765186182745,54452.0,0.0,13035.882252763007,12884.886586656741,0.6266586248492159,1.0035286470424367,-919.4285714285706,0.9749279121818247,-0.22252093395630956,0.6433365204044917,-0.765583517007675,-0.4338837391175492,-0.9009688679024235,-0.9850556718215013,0.172236243027682
2010-04-23,10212.0,57.0,660.0,12977.142857142857,12400.766666666666,2010,4,16,4,False,10212.0,23,16,4,2,2010,4,0,0,21576.0,13464.0,14865.0,9120.0,14409.0,13641.857142857143,13464.0,6878.910025785846,21576.0,0.0,12184.357142857143,13112.5,6087.310390124215,21576.0,0.0,12540.666666666666,13553.0,8137.9002685956575,26803.0,0.0,15170.911689572256,13445.644035537543,-0.5266963292547275,-0.3130171543895055,2915.0,0.43388373911755623,-0.90096886790242,0.6300720909843687,-0.7765366444428655,-0.7818314824680271,0.6234898018587368,-0.9785481345802031,0.20601832032517084
2010-04-24,0.0,0.0,0.0,12977.142857142857,11830.966666666667,2010,4,16,5,True,0.0,24,16,4,2,2010,5,1,0,10212.0,13264.0,0.0,0.0,17094.0,12977.142857142857,13264.0,6965.287082587265,21576.0,0.0,12262.357142857143,13112.5,6051.918025363051,21576.0,0.0,12400.766666666666,13364.0,8140.749057644531,26803.0,0.0,13931.183767179193,13237.007759211607,-1.0,0.0,1429.5714285714275,-0.43388373911755357,-0.9009688679024214,0.6166212130956382,-0.7872599821916922,0.7818314824680235,0.6234898018587414,-0.9708824104813836,0.23955655912092708
2010-04-25,8380.0,46.0,729.0,12322.714285714286,11412.833333333334,2010,4,16,6,True,8380.0,25,16,4,2,2010,6,1,0,0.0,21576.0,12961.0,11585.0,20924.0,12977.142857142857,13264.0,6965.287082587265,21576.0,0.0,12262.357142857143,13112.5,6051.918025363051,21576.0,0.0,11830.966666666667,13143.0,8395.184323553407,26803.0,0.0,10448.387825384394,12382.953338648253,0.0,-0.3534449502353213,1429.5714285714275,-0.9749279121818208,-0.22252093395632627,0.6029878670694714,-0.7977503570459932,0.43388373911758005,-0.9009688679024086,-0.9620675724981452,0.27281126433401914
2010-04-26,19555.0,99.0,915.0,12350.142857142857,12064.666666666666,2010,4,17,0,False,19555.0,26,17,4,2,2010,0,0,0,8380.0,10212.0,19363.0,12839.0,0.0,12322.714285714286,13264.0,7178.984020836682,21576.0,0.0,12033.42857142857,13112.5,6139.4964804100155,21576.0,0.0,11412.833333333334,12991.5,8237.582768495635,26803.0,0.0,9931.290869038296,12124.683030853406,1.3335322195704058,0.009915818829726808,578.5714285714294,-0.7818314824680419,0.6234898018587184,0.5891760872322963,-0.8080046647350754,-0.974927912181815,-0.22252093395635208,-0.9521140536681102,0.3057430764672831
2010-04-27,23403.0,79.0,832.0,13770.0,12360.866666666669,2010,4,17,1,False,23403.0,27,17,4,2,2010,1,0,0,19555.0,0.0,13464.0,14446.0,14517.0,12350.142857142857,13264.0,7210.662670161251,21576.0,0.0,12513.142857142857,13364.0,6461.2320313263235,21576.0,0.0,12064.666666666666,13143.0,8075.443488764563,26803.0,0.0,12337.218151778723,12604.08480640282,0.19677831756583997,0.7381907308377897,-326.0,1.9619108011821185e-15,1.0,0.5751899607119775,-0.8180198708443175,3.923821602364237e-15,1.0,-0.9410336347451197,0.3383130181923076
2010-04-28,19380.0,73.0,901.0,14643.714285714286,12168.5,2010,4,17,2,False,19380.0,28,17,4,2,2010,2,0,0,23403.0,8380.0,13264.0,16329.0,25151.0,13770.0,13264.0,8354.389564773712,23403.0,0.0,13152.92857142857,13364.0,7081.070339175539,23403.0,0.0,12360.866666666667,13143.0,8327.525338146463,26803.0,0.0,15103.663613834044,13300.825024162736,-0.1719010383284194,0.46109770808202644,1234.1428571428569,0.7818314824680266,0.6234898018587376,0.5610336262283677,-0.8277930117131022,0.974927912181826,-0.22252093395630432,-0.9288394302558068,0.3704825404820963
2010-04-29,17039.0,84.0,1033.0,13995.57142857143,12094.533333333333,2010,4,17,3,False,17039.0,29,17,4,2,2010,3,0,0,19380.0,19555.0,21576.0,10769.0,19258.0,14643.714285714286,19380.0,8608.594324167863,23403.0,0.0,13370.857142857143,13364.0,7231.684194274126,23403.0,0.0,12168.5,13143.0,8085.007929751091,26803.0,0.0,16172.747710375534,13693.048825894464,-0.12079463364293086,-0.21027994067482392,2545.7142857142862,0.9749279121818264,-0.2225209339563024,0.5467112728685939,-0.8373211953118121,-0.4338837391175359,-0.9009688679024298,-0.9155458729775467,0.40221356823680365
2010-04-30,17511.0,50.0,726.0,15038.285714285714,12223.5,2010,4,17,4,False,17511.0,30,17,4,2,2010,4,0,0,17039.0,23403.0,10212.0,14865.0,13642.0,13995.57142857143,17039.0,8158.712742770609,23403.0,0.0,13818.714285714286,14164.5,7252.27751419215,23403.0,0.0,12094.533333333333,13143.0,8027.860692111823,26803.0,0.0,16389.310782781653,13908.926408149413,0.027701156171136887,0.7147473560517039,353.71428571428623,0.43388373911757566,-0.9009688679024107,0.5322271388474397,-0.8466016020976267,-0.7818314824680541,0.6234898018587031,-0.9011686968561569,0.4334685453485363
2010-05-01,0.0,0.0,0.0,15038.285714285714,11647.133333333331,2010,5,17,5,True,0.0,1,17,5,2,2010,5,1,0,17511.0,19380.0,0.0,0.0,17291.0,15038.285714285714,17511.0,8060.3930366181185,23403.0,0.0,14007.714285714286,15251.5,7315.841845754174,23403.0,0.0,12223.5,13143.0,8084.455833306886,26803.0,0.0,16669.73308708624,14141.328086580466,-1.0,0.0,2061.142857142857,-0.4338837391175598,-0.9009688679024184,0.5175855102531889,-0.8556314858488706,0.7818314824680321,0.6234898018587307,-0.8857249183835637,0.4642104791518923
2010-05-02,6296.0,40.0,530.0,14740.57142857143,11857.0,2010,5,17,6,True,6296.0,2,17,5,2,2010,6,1,0,0.0,17039.0,8380.0,12961.0,0.0,15038.285714285714,17511.0,8060.3930366181185,23403.0,0.0,14007.714285714286,15251.5,7315.841845754174,23403.0,0.0,11647.133333333333,12991.5,8323.549469710188,26803.0,0.0,12502.299815314678,13228.94822353607,0.0,-0.24868735083532223,2061.142857142857,-0.9749279121818224,-0.22252093395631958,0.5027907197793043,-0.8644081744776648,0.4338837391175677,-0.9009688679024145,-0.8692328164574792,0.49440298420761813
2010-05-03,0.0,0.0,0.0,11947.0,11857.0,2010,5,18,0,False,0.0,3,18,5,2,2010,0,0,0,6296.0,17511.0,19555.0,19363.0,0.0,14740.57142857143,17511.0,8379.478600667679,23403.0,0.0,13531.642857142857,15251.5,7600.515950170168,23403.0,0.0,11857.0,12991.5,8096.01943486151,26803.0,0.0,10950.724861486007,12781.644677691263,-1.0,-1.0,2417.857142857143,-0.7818314824680376,0.6234898018587238,0.4878471454423119,-0.8729290708206411,-0.9749279121818181,-0.2225209339563387,-0.8517119107469189,0.5240103253675756
2010-05-04,11192.0,52.0,806.0,10202.57142857143,12230.066666666668,2010,5,18,1,False,11192.0,4,18,5,2,2010,1,0,0,0.0,0.0,23403.0,13464.0,0.0,11947.0,17039.0,9667.569532548836,23403.0,0.0,12148.57142857143,13364.0,8196.163152206182,23403.0,0.0,11857.0,12991.5,8096.01943486151,26803.0,0.0,8213.043646114505,11956.99387366569,0.0,-0.5217707131564329,-403.1428571428569,8.82240879895365e-15,1.0,0.47275920928627757,-0.881191653407483,1.76448175979073e-14,1.0,-0.8331829385891785,0.5529974600700271
2010-05-05,15625.0,82.0,803.0,9666.142857142857,12750.9,2010,5,18,2,False,15625.0,5,18,5,2,2010,2,0,0,11192.0,6296.0,19380.0,13264.0,0.0,10202.57142857143,11192.0,8254.294596494243,19380.0,0.0,11986.285714285714,12228.0,8190.605025351829,23403.0,0.0,12230.066666666668,12991.5,7782.603951844425,26803.0,0.0,8957.782734585879,11907.63783076519,0.3960864903502501,-0.19375644994840047,-3567.4285714285706,0.7818314824680308,0.6234898018587323,0.4575313760742512,-0.8891934772070711,0.9749279121818228,-0.2225209339563177,-0.8136678304455991,0.5813300798152042
2010-05-06,31089.0,84.0,945.0,11673.285714285714,13353.133333333331,2010,5,18,3,False,31089.0,6,18,5,2,2010,3,0,0,15625.0,0.0,17039.0,21576.0,13022.0,9666.142857142857,11192.0,7659.019985798242,17511.0,0.0,12154.92857142857,13408.5,8243.074766729345,23403.0,0.0,12750.9,13143.0,7451.7108072691935,26803.0,0.0,10624.58705093941,12147.474918894635,0.9896959999999999,0.8245789072128646,-4977.571428571429,0.9749279121818248,-0.2225209339563091,0.44216815196707204,-0.8969321743510065,-0.4338837391175483,-0.9009688679024238,-0.7931896839451843,0.6089746507720486
2010-05-07,23171.0,66.0,797.0,12481.857142857143,13341.233333333334,2010,5,18,4,False,23171.0,7,18,5,2,2010,4,0,0,31089.0,11192.0,17511.0,10212.0,23528.0,11673.285714285714,11192.0,11017.735334666637,31089.0,0.0,12834.42857142857,13408.5,9391.510288260639,31089.0,0.0,13353.133333333333,13364.0,8169.842972083724,31089.0,0.0,15740.690288204558,13369.543452440807,-0.25468815336614237,0.3232254011764033,-2322.2857142857156,0.43388373911756944,-0.9009688679024137,0.42667408318992467,-0.9044054548343001,-0.7818314824680456,0.6234898018587138,-0.7717727365467837,0.6358984534680745
2010-05-08,0.0,0.0,0.0,12481.857142857143,12447.8,2010,5,18,5,True,0.0,8,18,5,2,2010,5,1,0,23171.0,15625.0,0.0,0.0,26803.0,12481.857142857143,11192.0,11703.880858196439,31089.0,0.0,13760.07142857143,16332.0,9745.129840586531,31089.0,0.0,13341.233333333334,13364.0,8154.757522699437,31089.0,0.0,17598.26771615342,14001.912264465134,-1.0,0.0,-2556.4285714285706,-0.43388373911756595,-0.9009688679024154,0.4110537546870351,-0.9116111071930239,0.7818314824680407,0.6234898018587199,-0.7494423368521953,0.6620696215153815
2010-05-09,11825.0,62.0,895.0,13271.714285714286,12537.966666666667,2010,5,18,6,True,11825.0,9,18,5,2,2010,6,1,0,0.0,31089.0,6296.0,8380.0,9120.0,12481.857142857143,11192.0,11703.880858196439,31089.0,0.0,13760.07142857143,16332.0,9745.129840586531,31089.0,0.0,12447.8,13112.5,8097.093324363278,31089.0,0.0,13198.700787115064,13098.54066594887,0.0,0.8781766200762389,-2556.4285714285706,-0.974927912181824,-0.2225209339563129,0.3953117887649151,-0.9185469991587165,0.43388373911755534,-0.9009688679024205,-0.7262249146041543,0.6874571793269664
2010-05-10,15713.0,77.0,906.0,15516.42857142857,13061.733333333334,2010,5,19,0,False,15713.0,10,19,5,2,2010,0,0,0,11825.0,23171.0,0.0,19555.0,0.0,13271.714285714286,11825.0,11399.447906430752,31089.0,0.0,14006.142857142857,16332.0,9641.775449790135,31089.0,0.0,12537.966666666667,13112.5,8073.785624426467,31089.0,0.0,12855.275590336298,13016.37484436161,0.32879492600422844,0.0,-1468.8571428571431,-0.7818314824680332,0.6234898018587292,0.37945284372454435,-0.925211078289358,-0.9749279121818211,-0.22252093395632533,-0.7021479494046978,0.7120310787787131
2010-05-11,18150.0,65.0,909.0,16510.428571428572,13280.566666666668,2010,5,19,1,False,18150.0,11,19,5,2,2010,1,0,0,15713.0,0.0,11192.0,23403.0,11585.0,15516.42857142857,15625.0,9782.933742955003,31089.0,0.0,13731.714285714286,15669.0,9525.66989712592,31089.0,0.0,13061.733333333334,13364.0,7734.929056729851,31089.0,0.0,13569.706692752225,13190.354439561863,0.15509450773245081,0.6216940671908506,3569.4285714285706,-1.2738802633678827e-14,1.0,0.36348161248290634,-0.9316013725767187,-2.5477605267357653e-14,1.0,-0.6772399381909491,0.7357622347736527
2010-05-12,21669.0,65.0,739.0,17373.85714285714,13574.9,2010,5,19,2,False,21669.0,12,19,5,2,2010,2,0,0,18150.0,11825.0,15625.0,19380.0,12839.0,16510.428571428572,15713.0,9622.486855575033,31089.0,0.0,13356.5,15669.0,9213.766921548175,31089.0,0.0,13280.566666666668,13955.0,7784.418064239011,31089.0,0.0,14714.780019564168,13510.338073925366,0.19388429752066116,0.38681600000000005,6307.857142857143,0.7818314824680174,0.623489801858749,0.3474028211842774,-0.9377159910299093,0.9749279121818325,-0.22252093395627565,-0.6515303615068021,0.75862255966641
2010-05-13,26817.0,66.0,767.0,16763.571428571428,13987.266666666666,2010,5,19,3,False,26817.0,13,19,5,2,2010,3,0,0,21669.0,15713.0,31089.0,17039.0,14446.0,17373.85714285714,18150.0,9799.335290868312,31089.0,0.0,13520.0,15669.0,9348.205767788973,31089.0,0.0,13574.9,14655.5,7932.668470232494,31089.0,0.0,16453.335014673128,14036.713364385581,0.23757441506299326,-0.1374119463475827,7707.714285714284,0.9749279121818296,-0.22252093395628805,0.3312212278016865,-0.9435531242349544,-0.43388373911750944,-0.9009688679024426,-0.6250496486104377,0.7805849965070866
2010-05-14,14348.0,49.0,553.0,15503.142857142857,13921.233333333334,2010,5,19,4,False,14348.0,14,19,5,2,2010,4,0,0,26817.0,18150.0,23171.0,17511.0,16329.0,16763.571428571428,18150.0,8894.028855682574,26817.0,0.0,14218.42857142857,15669.0,9975.562360969048,31089.0,0.0,13987.266666666666,15245.0,8292.877400613688,31089.0,0.0,19044.251261004847,14861.26264727076,-0.46496625275012116,-0.38077769625825386,5090.285714285714,0.4338837391175633,-0.9009688679024166,0.31494162072895193,-0.9491110448902284,-0.7818314824680369,0.6234898018587246,-0.5978291414589552,0.801623551065242
2010-05-15,0.0,0.0,0.0,15503.142857142857,13562.266666666666,2010,5,19,5,True,0.0,15,19,5,2,2010,5,1,0,14348.0,21669.0,0.0,0.0,10769.0,15503.142857142857,15713.0,8448.68410717652,26817.0,0.0,13992.5,14986.5,9930.973798018149,31089.0,0.0,13921.233333333334,14606.5,8281.467164213964,31089.0,0.0,17870.188445753633,14828.148377277512,-1.0,0.0,3021.2857142857138,-0.4338837391175465,-0.9009688679024247,0.2985688173637202,-0.9543881083175908,0.7818314824680137,0.6234898018587537,-0.5699010576127624,0.821713322596059
2010-05-16,11028.0,44.0,829.0,15389.285714285714,13434.366666666669,2010,5,19,6,True,11028.0,16,19,5,2,2010,6,1,0,0.0,26817.0,11825.0,6296.0,14865.0,15503.142857142857,15713.0,8448.68410717652,26817.0,0.0,13992.5,14986.5,9930.973798018149,31089.0,0.0,13562.266666666666,14606.5,8648.094675282164,31089.0,0.0,13402.641334315224,13871.478756901657,0.0,-0.06739957716701905,3021.2857142857138,-0.9749279121818255,-0.2225209339563062,0.2821076626819194,-0.9593827529490743,0.43388373911754297,-0.9009688679024264,-0.5412984521036173,0.8408305333122887
2010-05-17,13811.0,49.0,771.0,15117.57142857143,13894.733333333334,2010,5,20,0,False,13811.0,17,20,5,2,2010,0,0,0,11028.0,14348.0,15713.0,0.0,0.0,15389.285714285714,15713.0,8511.648914170226,26817.0,0.0,14330.5,14986.5,9727.312299752848,31089.0,0.0,13434.366666666667,13906.0,8656.533002278702,31089.0,0.0,12808.981000736418,13688.025844052829,0.2523576351106276,-0.12104626742187996,2117.5714285714275,-0.781831482468029,0.6234898018587345,0.26556302780405594,-0.9640935007889755,-0.9749279121818242,-0.22252093395631195,-0.5120551783114646,0.8589525565270845
2010-05-18,22477.0,64.0,818.0,15735.714285714286,14211.933333333332,2010,5,20,1,False,22477.0,18,20,5,2,2010,1,0,0,13811.0,0.0,18150.0,11192.0,12961.0,15117.57142857143,14348.0,8529.931591307217,26817.0,0.0,15317.0,14986.5,8820.212617357052,31089.0,0.0,13894.733333333334,14079.5,8276.332824982639,31089.0,0.0,13059.485750552314,13695.95976860619,0.6274708565636087,0.23840220385674926,-398.8571428571413,-5.878304635907295e-15,1.0,0.24893980855376657,-0.9685189578512204,-1.175660927181459e-14,1.0,-0.4822058478963526,0.8760579434344281
2010-05-19,9644.0,61.0,705.0,14017.857142857143,13887.966666666667,2010,5,20,2,False,9644.0,19,20,5,2,2010,2,0,0,22477.0,11028.0,21669.0,15625.0,19363.0,15735.714285714286,14348.0,8933.544084223342,26817.0,0.0,16123.07142857143,15669.0,8929.223486475657,31089.0,0.0,14211.933333333332,14986.5,8420.414097988842,31089.0,0.0,15413.864312914237,14262.485710187031,-0.5709391822752147,-0.5549402372052241,-774.7142857142862,0.7818314824680217,0.6234898018587437,0.23224292400907015,-0.9726578145718654,0.9749279121818294,-0.22252093395628902,-0.451785789832884,0.8921264484954345
2010-05-20,15590.0,67.0,844.0,12414.0,13958.833333333334,2010,5,20,3,False,15590.0,20,20,5,2,2010,3,0,0,9644.0,13811.0,26817.0,31089.0,13464.0,14017.857142857143,13811.0,8756.874736049216,26817.0,0.0,15695.857142857143,15030.5,9096.400554886806,31089.0,0.0,13887.966666666667,14079.5,8402.343123460732,31089.0,0.0,13971.398234685677,13964.515339223202,0.6165491497304023,-0.41865234739157997,-3355.999999999998,0.9749279121818217,-0.22252093395632247,0.21547731504673012,-0.976508846196619,-0.433883739117573,-0.9009688679024119,-0.42083100859565564,0.9071390534005044
2010-05-21,10076.0,52.0,797.0,11803.714285714286,13852.566666666668,2010,5,20,4,False,10076.0,21,20,5,2,2010,4,0,0,15590.0,22477.0,14348.0,23171.0,13264.0,12414.0,13811.0,6840.372821223502,22477.0,0.0,14588.785714285714,14969.0,7949.757608095512,26817.0,0.0,13958.833333333334,14969.0,8407.607876955473,31089.0,0.0,14376.04867601426,14069.38648647109,-0.3536882617062219,-0.29774184555338723,-4349.5714285714275,0.4338837391175571,-0.9009688679024196,0.19864794288017112,-0.9800709131432666,-0.7818314824680284,0.6234898018587353,-0.3893781415452015,0.9210779895789526
2010-05-22,0.0,0.0,0.0,11803.714285714286,13133.366666666669,2010,5,20,5,True,0.0,22,20,5,2,2010,5,1,0,10076.0,9644.0,0.0,0.0,21576.0,11803.714285714286,11028.0,6829.628460228399,22477.0,0.0,13653.42857142857,14079.5,7626.09250397088,26817.0,0.0,13852.566666666668,14969.0,8436.789427278005,31089.0,0.0,13301.036507010695,13811.745961691116,-1.0,0.0,-3699.4285714285706,-0.4338837391175527,-0.9009688679024217,0.18175978759137534,-0.9833429613388902,0.7818314824680223,0.6234898018587429,-0.3574644155648614,0.9339267592294762
2010-05-23,13889.0,49.0,677.0,12212.42857142857,13255.933333333332,2010,5,20,6,True,13889.0,23,20,5,2,2010,6,1,0,0.0,15590.0,11028.0,11825.0,10212.0,11803.714285714286,11028.0,6829.628460228399,22477.0,0.0,13653.42857142857,14079.5,7626.09250397088,26817.0,0.0,13133.366666666667,14079.5,8672.047407632754,31089.0,0.0,9975.77738025802,12920.65688342445,0.0,0.2594305404425099,-3699.4285714285706,-0.9749279121818207,-0.22252093395632724,0.16481784665719793,-0.9863240225317866,0.4338837391175818,-0.9009688679024077,-0.3251276029999093,0.9456701548465688
2010-05-24,32771.0,71.0,748.0,14921.0,14348.3,2010,5,21,0,False,32771.0,24,21,5,2,2010,0,0,0,13889.0,10076.0,13811.0,15713.0,0.0,12212.42857142857,13811.0,6861.004563403777,22477.0,0.0,13800.857142857143,14118.5,7607.955247958877,26817.0,0.0,13255.933333333332,14118.5,8655.302743498303,31089.0,0.0,10954.083035193515,12983.131203069423,1.3594931240550077,1.3728187676489756,-3176.857142857143,-0.7818314824680425,0.6234898018587176,0.14782713347053048,-0.9890132145779883,-0.9749279121818146,-0.22252093395635397,-0.29240597695107734,0.9562942772197719
2010-05-25,15014.0,61.0,760.0,13854.857142857143,14569.433333333332,2010,5,21,1,False,15014.0,25,21,5,2,2010,1,0,0,32771.0,0.0,22477.0,18150.0,8380.0,14921.0,13889.0,10417.814998037413,32771.0,0.0,15019.285714285714,14118.5,9147.840665160538,32771.0,0.0,14348.3,14969.0,8986.261184681334,32771.0,0.0,16408.312276395136,14259.778799589,-0.5418510268224954,-0.33202829559104863,-196.57142857142935,-2.7439516068539772e-14,1.0,0.13079267585675922,-0.9914097417023038,-5.4879032137079545e-14,1.0,-0.2593382659754056,0.9657865518844574
2010-05-26,18921.0,96.0,897.0,15180.142857142857,14548.3,2010,5,21,2,False,18921.0,26,21,5,2,2010,2,0,0,15014.0,13889.0,9644.0,21669.0,19555.0,13854.857142857143,13889.0,9883.859779603159,32771.0,0.0,14795.285714285714,14118.5,9103.570925982593,32771.0,0.0,14569.433333333332,15302.0,8915.676556544633,32771.0,0.0,16059.734207296351,14308.438620524788,0.2602237911282803,0.9619452509332227,-1880.8571428571431,0.7818314824680083,0.6234898018587606,0.11371951458594969,-0.9935128947338007,0.974927912181839,-0.22252093395624697,-0.22596360824801906,0.974135744004672
2010-05-27,17905.0,88.0,930.0,15510.857142857143,14365.033333333333,2010,5,21,3,False,17905.0,27,21,5,2,2010,3,0,0,18921.0,32771.0,15590.0,26817.0,23403.0,15180.142857142857,15014.0,9847.029288548081,32771.0,0.0,14599.0,14118.5,8972.64742682748,32771.0,0.0,14548.3,15302.0,8904.1954936791,32771.0,0.0,16775.050655472263,14606.025449164463,-0.053696950478304584,0.14849262347658754,1162.2857142857138,0.9749279121818203,-0.22252093395632916,0.0966127018812031,-0.9953220513156602,-0.4338837391175854,-0.900968867902406,-0.19232150523909483,0.9813319716704275
2010-05-28,12627.0,58.0,715.0,15875.285714285714,14139.933333333332,2010,5,21,4,False,12627.0,28,21,5,2,2010,4,0,0,17905.0,15014.0,10076.0,14348.0,19380.0,15510.857142857143,15014.0,9901.811070515858,32771.0,0.0,13962.42857142857,14118.5,8332.449134043876,32771.0,0.0,14365.033333333333,15302.0,8771.250740377609,32771.0,0.0,17057.537991604197,14818.864004650244,-0.2947779949734711,0.25317586343787224,3096.857142857143,0.4338837391175509,-0.9009688679024226,0.07947729992362097,-0.9968366760893436,-0.7818314824680198,0.623489801858746,-0.15845177496083632,0.9873667175937016
2010-05-29,0.0,0.0,0.0,15875.285714285714,13571.966666666667,2010,5,21,5,True,0.0,29,21,5,2,2010,5,1,0,12627.0,18921.0,0.0,0.0,17039.0,15875.285714285714,15014.0,9713.60281108037,32771.0,0.0,13839.5,13850.0,8339.015600915234,32771.0,0.0,14139.933333333332,14681.0,8724.64032628214,32771.0,0.0,15949.903493703147,14677.45249904272,-1.0,0.0,4071.5714285714275,-0.4338837391175589,-0.9009688679024188,0.062318379354325076,-0.998056320853012,0.7818314824680309,0.6234898018587323,-0.12439450483979998,0.9922328391893008
2010-05-30,6220.0,32.0,560.0,14779.714285714286,13195.6,2010,5,21,6,True,6220.0,30,21,5,2,2010,6,1,0,0.0,17905.0,13889.0,11028.0,17511.0,15875.285714285714,15014.0,9713.60281108037,32771.0,0.0,13839.5,13850.0,8339.015600915234,32771.0,0.0,13571.966666666667,14118.5,9076.90639037003,32771.0,0.0,11962.427620277358,13730.514287378603,0.0,-0.5521635826913385,4071.5714285714275,-0.9749279121818222,-0.22252093395632055,0.04514101777397193,-0.9989806246941579,0.43388373911756944,-0.9009688679024137,-0.09019000427034513,0.9959245770286599
2010-05-31,0.0,0.0,0.0,10098.142857142857,13195.6,2010,5,22,0,False,0.0,31,22,5,2,2010,0,0,0,6220.0,12627.0,32771.0,13811.0,0.0,14779.714285714286,15014.0,10384.29705074422,32771.0,0.0,13496.07142857143,13850.0,8559.791509541172,32771.0,0.0,13195.6,13850.0,9141.79966663171,32771.0,0.0,10526.820715208018,13245.962205760454,-1.0,-1.0,2567.2857142857156,-0.7818314824680382,0.623489801858723,0.02795029824021032,-0.999609314096404,-0.9749279121818176,-0.2225209339563406,-0.05587875690537313,0.9984375616565666
2010-06-01,8287.0,47.0,757.0,9137.142857142857,13261.966666666667,2010,6,22,1,False,8287.0,1,22,6,2,2010,1,0,0,0.0,0.0,15014.0,22477.0,6296.0,10098.142857142857,12627.0,8045.035393097422,18921.0,0.0,12509.57142857143,13258.0,9285.765000706813,32771.0,0.0,13195.6,13850.0,9141.79966663171,32771.0,0.0,7895.115536406012,12391.37942424922,0.0,-0.44804848807779407,-4822.857142857143,-2.057901807076824e-14,1.0,0.01075130776352193,-0.9999422030204416,-4.115803614153648e-14,1.0,-0.021501372740813793,0.999768818762748
2010-06-02,11808.0,46.0,667.0,8121.0,13655.566666666668,2010,6,22,2,False,11808.0,2,22,6,2,2010,2,0,0,8287.0,6220.0,18921.0,9644.0,0.0,9137.142857142857,8287.0,7756.561811966486,18921.0,0.0,11496.0,11351.5,8879.659167055732,32771.0,0.0,13261.966666666667,13850.0,9097.101226379124,32771.0,0.0,7993.08665230451,12126.579425661754,0.42488234584288653,-0.3759315046773426,-4717.714285714286,0.7818314824680302,0.6234898018587329,-0.00645086419810515,-0.9999791929590823,0.9749279121818233,-0.22252093395631578,0.012901459949419653,0.9999167727021953
2010-06-03,17585.0,67.0,913.0,8075.285714285715,13868.666666666666,2010,6,22,3,False,17585.0,3,22,6,2,2010,3,0,0,11808.0,0.0,17905.0,15590.0,11192.0,8121.0,8287.0,6647.898164081609,17905.0,0.0,11650.57142857143,12217.5,8863.761388713256,32771.0,0.0,13655.566666666668,13850.0,8752.431979990924,32771.0,0.0,8946.814989228382,12106.02581804166,0.4892445799457994,-0.017872102764590947,-7059.142857142857,0.9749279121818251,-0.22252093395630812,-0.023651127245231586,-0.9997202729664083,-0.4338837391175465,-0.9009688679024247,0.04728902277113235,0.9988812483600598
2010-06-04,8167.0,51.0,812.0,7438.142857142857,13620.066666666668,2010,6,22,4,False,8167.0,4,22,6,2,2010,4,0,0,17585.0,8287.0,12627.0,10076.0,15625.0,8075.285714285715,8287.0,6570.049612047199,17585.0,0.0,11793.07142857143,12217.5,8947.606104121116,32771.0,0.0,13868.666666666666,14118.5,8768.194558521838,32771.0,0.0,11106.361241921286,12459.509572451614,-0.535570088143304,-0.35321137245584855,-7435.571428571428,0.43388373911757033,-0.9009688679024133,-0.04084439154329611,-0.9991655196610109,-0.7818314824680468,0.6234898018587123,0.08162061540319052,0.9966634713589159
2010-06-05,0.0,0.0,0.0,7438.142857142857,12583.766666666666,2010,6,22,5,True,0.0,5,22,6,2,2010,5,1,0,8167.0,11808.0,0.0,0.0,31089.0,7438.142857142857,8167.0,6264.210017460841,17585.0,0.0,11656.714285714286,12217.5,8990.230889724102,32771.0,0.0,13620.066666666668,13850.0,8822.240851993032,32771.0,0.0,10371.520931440964,12182.572335642284,-1.0,0.0,-8437.142857142857,-0.43388373911753947,-0.9009688679024281,-0.05802556932878035,-0.9983150972033183,0.7818314824680039,0.6234898018587659,0.11585560376947847,0.9932660666081418
2010-06-06,14079.0,68.0,965.0,8560.857142857143,12280.7,2010,6,22,6,True,14079.0,6,22,6,2,2010,6,1,0,0.0,17585.0,6220.0,13889.0,23171.0,7438.142857142857,8167.0,6264.210017460841,17585.0,0.0,11656.714285714286,12217.5,8990.230889724102,32771.0,0.0,12583.766666666666,13219.0,8520.262116266442,32771.0,0.0,7778.6406985807225,11396.596912512374,0.0,1.2635048231511252,-8437.142857142857,-0.9749279121818237,-0.22252093395631387,-0.07518957641475855,-0.9971692572470178,0.4338837391175571,-0.9009688679024196,0.14995346813244534,0.9886930551971383
2010-06-07,29457.0,103.0,1163.0,12769.0,13262.6,2010,6,23,0,False,29457.0,7,23,6,2,2010,0,0,0,14079.0,8167.0,0.0,32771.0,0.0,8560.857142857143,8287.0,6698.702148639701,17585.0,0.0,11670.285714285714,12217.5,8994.002526714645,32771.0,0.0,12280.7,13219.0,8289.257402578769,32771.0,0.0,9353.730523935543,11569.655797117543,1.092265075644577,0.0,-6218.857142857143,-0.7818314824680339,0.6234898018587284,-0.09233133369539122,-0.9957283388645872,-0.9749279121818207,-0.22252093395632724,0.18387385105132759,0.9829498496360606
2010-06-08,25848.0,81.0,1047.0,15277.714285714286,13730.033333333333,2010,6,23,1,False,25848.0,8,23,6,2,2010,1,0,0,29457.0,0.0,8287.0,15014.0,11825.0,12769.0,11808.0,9207.215558100785,29457.0,0.0,11433.57142857143,12217.5,8421.308364584955,29457.0,0.0,13262.6,13850.0,8525.676676956498,32771.0,0.0,14379.547892951658,12723.681877019053,-0.12251756798044611,2.1191022082780258,2670.857142857143,1.4703189357407298e-14,1.0,-0.10944576864891556,-0.993992768446958,2.9406378714814596e-14,1.0,0.21757660514828173,0.9760432474496961
2010-06-09,25410.0,68.0,765.0,17220.85714285714,14053.266666666666,2010,6,23,2,False,25410.0,9,23,6,2,2010,2,0,0,25848.0,14079.0,11808.0,18921.0,15713.0,15277.714285714286,14079.0,10128.78156071903,29457.0,0.0,12207.42857142857,12217.5,9234.183831447532,29457.0,0.0,13730.033333333333,13984.0,8823.359480157882,32771.0,0.0,17246.660919713744,13570.414737047739,-0.016945218198700096,1.151930894308943,6140.571428571429,0.7818314824680346,0.6234898018587276,-0.12652781683868314,-0.9919630595773397,0.9749279121818203,-0.22252093395632916,0.2510218406258827,0.9679814231320734
2010-06-10,9683.0,66.0,589.0,16092.0,13771.033333333333,2010,6,23,3,False,9683.0,10,23,6,2,2010,3,0,0,25410.0,29457.0,17585.0,17905.0,18150.0,17220.85714285714,17585.0,10643.832039082092,29457.0,0.0,12670.92857142857,12217.5,9745.76895544764,29457.0,0.0,14053.266666666666,13984.0,9072.60669280328,32771.0,0.0,19287.495689785308,14334.261191133468,-0.6189295552931917,-0.4493602502132499,9099.857142857141,0.9749279121818235,-0.2225209339563148,-0.1435724234118113,-0.9896398128792412,-0.4338837391175589,-0.9009688679024188,0.2841699724797683,0.9587739184713191
2010-06-11,21405.0,86.0,925.0,17983.14285714286,13762.233333333334,2010,6,23,4,False,21405.0,11,23,6,2,2010,4,0,0,9683.0,25848.0,8167.0,12627.0,21669.0,16092.0,14079.0,11011.459364377333,29457.0,0.0,12083.642857142857,10745.5,9653.392043191885,29457.0,0.0,13771.033333333333,13850.0,9072.466704391858,32771.0,0.0,16886.37176733898,14034.178999425703,1.210575234947847,1.6209134321048122,8016.714285714285,0.43388373911756417,-0.9009688679024163,-0.16057454459499376,-0.9870237158387383,-0.7818314824680382,0.623489801858723,0.31698176735052785,0.9484316312562208
2010-06-12,0.0,0.0,0.0,17983.14285714286,12868.333333333334,2010,6,23,5,True,0.0,12,23,6,2,2010,5,1,0,21405.0,25410.0,0.0,0.0,26817.0,17983.14285714286,21405.0,10550.677852292578,29457.0,0.0,12710.642857142857,10745.5,9971.23697755887,29457.0,0.0,13762.233333333334,13850.0,9064.66644947457,32771.0,0.0,18016.028825504236,14509.717060512272,-1.0,0.0,10545.000000000002,-0.43388373911754563,-0.9009688679024251,-0.17752914918703497,-0.984115542601034,0.7818314824680125,0.6234898018587552,0.34941838995939767,0.936966802377855
2010-06-13,11120.0,70.0,834.0,17560.428571428572,12760.733333333334,2010,6,23,6,True,11120.0,13,23,6,2,2010,6,1,0,0.0,9683.0,14079.0,6220.0,14348.0,17983.14285714286,21405.0,10550.677852292578,29457.0,0.0,12710.642857142857,10745.5,9971.23697755887,29457.0,0.0,12868.333333333334,13219.0,9055.152038302926,32771.0,0.0,13512.021619128176,13573.604031436562,0.0,-0.21017117693017973,10545.000000000002,-0.974927912181819,-0.22252093395633488,-0.19443122004766195,-0.9809161537413774,0.433883739117596,-0.9009688679024009,0.3814414490727919,0.9243930013415553
2010-06-14,16206.0,57.0,928.0,15667.42857142857,13300.933333333332,2010,6,24,0,False,16206.0,14,24,6,2,2010,0,0,0,11120.0,21405.0,29457.0,0.0,0.0,17560.428571428572,21405.0,10789.735907443746,29457.0,0.0,13060.642857142857,11464.0,9810.58717451668,29457.0,0.0,12760.733333333334,12217.5,9056.141939202837,32771.0,0.0,12914.016214346133,13415.30664106585,0.4573741007194245,-0.4498421427843976,8999.57142857143,-0.7818314824680473,0.6234898018587115,-0.2112757555821793,-0.9774264960104055,-0.9749279121818111,-0.22252093395636927,0.4130130429412807,0.9107251102063585
2010-06-15,19496.0,52.0,863.0,14760.0,13583.2,2010,6,24,1,False,19496.0,15,24,6,2,2010,1,0,0,16206.0,0.0,25848.0,8287.0,11028.0,15667.42857142857,16206.0,9431.616401888961,25848.0,0.0,14218.214285714286,12943.5,9079.869307586818,29457.0,0.0,13300.933333333332,13219.0,8746.775886530728,32771.0,0.0,13737.012160759601,13595.351752776169,0.20301123040849078,-0.24574435159393382,2898.4285714285706,-6.858022075225178e-15,1.0,-0.2280577712215198,-0.9736476020539838,-1.3716044150450356e-14,1.0,0.4440958041592176,0.8959793059709459
2010-06-16,18986.0,81.0,954.0,13842.285714285714,13755.7,2010,6,24,2,False,18986.0,16,24,6,2,2010,2,0,0,19496.0,11120.0,25410.0,11808.0,13811.0,14760.0,16206.0,8553.578841631139,25410.0,0.0,15018.857142857143,15142.5,9010.564994298831,29457.0,0.0,13583.2,13850.0,8807.322491873569,32771.0,0.0,15176.7591205697,13976.03948588027,-0.0261592121460813,-0.2528138528138528,-517.7142857142862,0.781831482468021,0.6234898018587445,-0.24477230089725957,-0.9695805901076308,0.9749279121818298,-0.2225209339562871,0.47465294389193496,0.8801730414269229
2010-06-17,13238.0,78.0,850.0,14350.142857142857,13447.733333333334,2010,6,24,3,False,13238.0,17,24,6,2,2010,3,0,0,18986.0,16206.0,9683.0,17585.0,22477.0,13842.285714285714,16206.0,7500.260500237871,21405.0,0.0,15531.57142857143,16895.5,9018.024751439883,29457.0,0.0,13755.7,13984.0,8862.444245824332,32771.0,0.0,16129.069340427275,14299.263340095053,-0.3027493942905298,0.3671382835897965,-3378.5714285714275,0.974927912181822,-0.2225209339563215,-0.2614143985111562,-0.965226663665613,-0.4338837391175712,-0.9009688679024128,0.5046482954181526,0.8633250245021008
2010-06-18,9608.0,50.0,599.0,12664.857142857143,13446.533333333333,2010,6,24,4,False,9608.0,18,24,6,2,2010,4,0,0,13238.0,19496.0,21405.0,8167.0,9644.0,14350.142857142857,16206.0,7289.073064722087,21405.0,0.0,15221.07142857143,15142.5,9016.720250258879,29457.0,0.0,13447.733333333334,13563.5,8708.114047901781,32771.0,0.0,15406.302005320456,14230.794619553175,-0.27421060583169665,-0.5511329128708246,-1741.8571428571431,0.433883739117558,-0.9009688679024191,-0.2779791393987801,-0.9605871111248129,-0.7818314824680296,0.6234898018587337,0.5340463569360717,0.8454551961182272
2010-06-19,0.0,0.0,0.0,12664.857142857143,12926.866666666669,2010,6,24,5,True,0.0,19,24,6,2,2010,5,1,0,9608.0,18986.0,0.0,0.0,15590.0,12664.857142857143,13238.0,6728.287435114797,19496.0,0.0,15324.0,15142.5,8937.881783131323,29457.0,0.0,13446.533333333333,13563.5,8708.658749944705,32771.0,0.0,13956.726503990343,13932.549324732405,-1.0,0.0,-5318.285714285716,-0.4338837391175518,-0.9009688679024221,-0.2944616217868012,-0.9556633054034704,0.781831482468021,0.6234898018587445,0.5628123335824821,0.8265847065893737
2010-06-20,4487.0,26.0,333.0,11717.285714285714,12740.566666666668,2010,6,24,6,True,4487.0,20,24,6,2,2010,6,1,0,0.0,13238.0,11120.0,14079.0,10076.0,12664.857142857143,13238.0,6728.287435114797,19496.0,0.0,15324.0,15142.5,8937.881783131323,29457.0,0.0,12926.866666666667,12932.5,9035.360774558854,32771.0,0.0,10467.544877992756,13033.673819570671,0.0,-0.5964928057553958,-5318.285714285716,-0.9749279121818205,-0.2225209339563282,-0.3108569682435036,-0.9504567035349151,0.4338837391175836,-0.9009688679024068,0.5909121786151564,0.8067358905889147
2010-06-21,12061.0,44.0,1000.0,11125.142857142857,13142.6,2010,6,25,0,False,12061.0,21,25,6,2,2010,0,0,0,4487.0,9608.0,16206.0,29457.0,0.0,11717.285714285714,13238.0,7414.227689927997,19496.0,0.0,14638.857142857143,14722.0,9396.534359966015,29457.0,0.0,12740.566666666668,12932.5,9153.023362136473,32771.0,0.0,8972.408658494567,12482.274730953251,1.6879875195007799,-0.2557694680982352,-5843.142857142859,-0.7818314824680254,0.6234898018587391,-0.3271603271220951,-0.9449688462364056,-0.9749279121818268,-0.2225209339563005,0.6183126337097825,0.7859322407147274
2010-06-22,6978.0,43.0,667.0,9336.857142857143,12912.233333333334,2010,6,25,1,False,6978.0,22,25,6,2,2010,1,0,0,12061.0,0.0,19496.0,25848.0,13889.0,11125.142857142857,12061.0,7157.045303488742,19496.0,0.0,13396.285714285714,12649.5,8381.689616966547,25848.0,0.0,13142.6,12932.5,8833.416395358769,32771.0,0.0,9744.556493870925,12455.095680193559,-0.42144100820827457,-0.642080426754206,-4542.285714285714,2.475922546353431e-18,1.0,-0.34336687399638804,-0.939201357453208,4.951845092706862e-18,1.0,0.6449812683237445,0.7641983796838971
2010-06-23,16258.0,68.0,763.0,8947.142857142857,12361.8,2010,6,25,2,False,16258.0,23,25,6,2,2010,2,0,0,6978.0,4487.0,18986.0,25410.0,32771.0,9336.857142857143,9608.0,6219.345743419497,18986.0,0.0,12048.42857142857,11590.5,7716.119538036896,25410.0,0.0,12912.233333333334,12344.0,8903.12077669217,32771.0,0.0,9052.917370403195,12101.734232428897,1.3298939524218976,-0.14368482039397446,-5423.142857142857,0.7818314824680254,0.6234898018587391,-0.3594718130884232,-0.9331559438780432,0.9749279121818268,-0.2225209339563005,0.6708865180801582,0.7415600311898435
2010-06-24,11306.0,73.0,737.0,8671.142857142857,12238.2,2010,6,25,3,False,11306.0,24,25,6,2,2010,3,0,0,16258.0,12061.0,13238.0,9683.0,15014.0,8947.142857142857,9608.0,5564.990099678843,16258.0,0.0,11394.714285714286,11590.5,6834.339858150405,21405.0,0.0,12361.8,12344.0,8107.968542714949,29457.0,0.0,10854.188027802395,12369.88072059149,-0.3045885102718662,-0.14594349599637413,-4895.142857142857,0.9749279121818268,-0.2225209339563005,-0.3754703786876202,-0.9268343944460494,-0.4338837391175324,-0.9009688679024315,0.6959977221267386,0.7180439894563502
2010-06-25,7997.0,45.0,787.0,8441.0,11874.066666666668,2010,6,25,4,False,7997.0,25,25,6,2,2010,4,0,0,11306.0,6978.0,9608.0,21405.0,18921.0,8671.142857142857,9608.0,5360.880040583218,16258.0,0.0,11510.642857142857,11683.5,6816.8138802538815,21405.0,0.0,12238.2,11934.5,8094.395044166949,29457.0,0.0,10967.141020851795,12301.243180608968,-0.2926764549796568,-0.1676727726894255,-5679.0,0.43388373911757744,-0.9009688679024098,-0.3913578365610259,-0.9202385798054075,-0.7818314824680566,0.6234898018587001,0.7202851594252706,0.6936780875245466
2010-06-26,0.0,0.0,0.0,8441.0,11277.233333333334,2010,6,25,5,True,0.0,26,25,6,2,2010,5,1,0,7997.0,16258.0,0.0,0.0,17905.0,8441.0,7997.0,5348.523409939081,16258.0,0.0,10552.92857142857,11213.0,6237.003218561913,19496.0,0.0,11874.066666666668,11557.0,8028.844276058379,29457.0,0.0,10224.605765638846,12023.549791587226,-1.0,0.0,-4223.857142857143,-0.43388373911753236,-0.9009688679024315,-0.4071294853542516,-0.9133704517637858,0.7818314824679942,0.6234898018587782,0.7437200839287408,0.6684911643103645
2010-06-27,10851.0,55.0,748.0,9350.142857142857,11218.033333333333,2010,6,25,6,True,10851.0,27,25,6,2,2010,6,1,0,0.0,11306.0,4487.0,11120.0,12627.0,8441.0,7997.0,5348.523409939081,16258.0,0.0,10552.92857142857,11213.0,6237.003218561913,19496.0,0.0,11277.233333333334,11213.0,8228.090810871865,29457.0,0.0,7668.454324229134,11247.836168556405,0.0,1.4183195899264542,-4223.857142857143,-0.9749279121818283,-0.2225209339562938,-0.4227806579826773,-0.9062320427107697,0.43388373911752004,-0.9009688679024375,0.7662747586044899,0.6425130304714689
2010-06-28,34536.0,70.0,920.0,12560.857142857143,12369.233333333334,2010,6,26,0,False,34536.0,28,26,6,2,2010,0,0,0,10851.0,7997.0,12061.0,16206.0,0.0,9350.142857142857,10851.0,5099.483876778468,16258.0,0.0,10533.714285714286,11078.5,6235.5360441779,19496.0,0.0,11218.033333333333,10985.5,8224.43277357937,29457.0,0.0,8464.09074317185,11222.233812461618,2.182748133812552,1.8634441588591328,-2367.142857142857,-0.781831482468021,0.6234898018587445,-0.4383067230125192,-0.898825465016444,-0.9749279121818298,-0.2225209339562871,0.7879224882631226,0.6157744331240536
2010-06-29,20923.0,71.0,853.0,14553.0,12859.333333333334,2010,6,26,1,False,20923.0,29,26,6,2,2010,1,0,0,34536.0,0.0,6978.0,19496.0,6220.0,12560.857142857143,10851.0,10884.593583418276,34536.0,0.0,11843.0,11078.5,8881.27032666975,34536.0,0.0,12369.233333333334,11213.0,8982.210374932232,34536.0,0.0,14982.068057378889,12726.349004287009,-0.39416840398424835,1.9984236170822585,1435.7142857142862,6.8629739203178846e-15,1.0,-0.45370308603134424,-0.8911529104063088,1.3725947840635769e-14,1.0,0.8086376511543126,0.5883070194512693
2010-06-30,21040.0,79.0,922.0,15236.142857142857,13560.666666666666,2010,6,26,2,False,21040.0,30,26,6,2,2010,2,0,0,20923.0,10851.0,16258.0,18986.0,0.0,14553.0,11306.0,10968.31020105953,34536.0,0.0,11944.92857142857,11078.5,8983.459385613485,34536.0,0.0,12859.333333333334,11557.0,9036.078846465443,34536.0,0.0,16467.301043034167,13255.165606786719,0.005591932323280702,0.2941321195719031,5216.142857142857,0.7818314824680296,0.6234898018587337,-0.46896519100763184,-0.8832166493127127,0.9749279121818237,-0.22252093395631387,0.8283957292921138,0.5601432992463508
2010-07-01,16493.0,85.0,895.0,15977.142857142857,13834.2,2010,7,26,3,False,16493.0,1,26,7,3,2010,3,0,0,21040.0,34536.0,11306.0,13238.0,8287.0,15236.142857142857,11306.0,11237.810632392935,34536.0,0.0,12091.642857142857,11078.5,9122.985928261247,34536.0,0.0,13560.666666666666,11934.5,8817.450774510711,34536.0,0.0,17610.475782275626,13757.413350586143,-0.2161121673003802,0.4587829471077305,6289.0,0.9749279121818253,-0.22252093395630718,-0.48408852163897587,-0.8750190302029955,-0.43388373911754474,-0.9009688679024256,0.847173337473877,0.5313166064347815
2010-07-02,8709.0,47.0,635.0,16078.857142857143,13730.9,2010,7,26,4,False,8709.0,2,26,7,3,2010,4,0,0,16493.0,20923.0,7997.0,9608.0,11808.0,15977.142857142857,16493.0,11105.707443000818,34536.0,0.0,12324.142857142857,11078.5,9195.635928627673,34536.0,0.0,13834.2,12649.5,8775.392929212285,34536.0,0.0,17331.106836706716,13933.902931361747,-0.4719578002789062,0.0890333875203202,7306.0,0.4338837391175712,-0.9009688679024128,-0.4990686026885319,-0.8665624788845385,-0.781831482468048,0.6234898018587107,0.8649482509584342,0.5018610596210326
2010-07-03,0.0,0.0,0.0,16078.857142857143,13144.733333333334,2010,7,26,5,True,0.0,3,26,7,3,2010,5,1,0,8709.0,21040.0,0.0,0.0,17585.0,16078.857142857143,16493.0,11023.39350999457,34536.0,0.0,12259.92857142857,11078.5,9219.17090769418,34536.0,0.0,13730.9,12649.5,8818.20251583875,34536.0,0.0,15175.580127530036,13596.812206102974,-1.0,0.0,7637.857142857143,-0.4338837391175386,-0.9009688679024286,-0.5139010013093103,-0.8578494977869301,0.7818314824680027,0.6234898018587675,0.8816994317707848,0.4718115217065765
2010-07-04,5302.0,21.0,463.0,15286.142857142857,13049.233333333334,2010,7,26,6,True,5302.0,4,26,7,3,2010,6,1,0,0.0,16493.0,10851.0,4487.0,8167.0,16078.857142857143,16493.0,11023.39350999457,34536.0,0.0,12259.92857142857,11078.5,9219.17090769418,34536.0,0.0,13144.733333333334,11683.5,9132.050341718348,34536.0,0.0,11381.685095647526,12719.59799549717,0.0,-0.5113814394986638,7637.857142857143,-0.9749279121818235,-0.2225209339563148,-0.5285813283559292,-0.8488826652214553,0.4338837391175589,-0.9009688679024188,0.8974070536021568,0.44120355862696276
2010-07-05,16630.0,85.0,795.0,12728.142857142857,13603.566666666668,2010,7,27,0,False,16630.0,5,27,7,3,2010,0,0,0,5302.0,8709.0,34536.0,12061.0,0.0,15286.142857142857,16493.0,11644.044363658919,34536.0,0.0,12318.142857142857,11078.5,9168.748617384557,34536.0,0.0,13049.233333333334,11683.5,9200.624021877758,34536.0,0.0,9861.763821735643,12241.043020788102,2.136552244436062,-0.5184734769515867,5936.0,-0.7818314824680345,0.6234898018587276,-0.5431052396834317,-0.8396646346181327,-0.9749279121818203,-0.22252093395632913,0.912052525275964,0.41007339725680436
2010-07-06,11962.0,58.0,681.0,11448.0,13533.0,2010,7,27,1,False,11962.0,6,27,7,3,2010,1,0,0,16630.0,0.0,20923.0,6978.0,14079.0,12728.142857142857,16493.0,8154.222003121468,21040.0,0.0,12644.5,11078.5,9239.93102496733,34536.0,0.0,13603.566666666668,12649.5,8882.788132824271,34536.0,0.0,11553.822866301733,12524.201682437422,-0.2806975345760674,-0.4282846628112603,167.28571428571377,-1.469823751231459e-14,1.0,-0.5574684374327892,-0.8301981337405212,-2.939647502462918e-14,1.0,0.9256185127518922,0.3784578825324888
2010-07-07,14692.0,77.0,910.0,10541.142857142857,13040.833333333334,2010,7,27,2,False,14692.0,7,27,7,3,2010,2,0,0,11962.0,5302.0,21040.0,16258.0,29457.0,11448.0,11962.0,7313.320609226229,21040.0,0.0,13000.5,11634.0,9099.765464010596,34536.0,0.0,13533.0,12011.5,8887.288753006194,34536.0,0.0,11655.867149726299,12487.930588552665,0.22822270523323862,-0.3017110266159696,-3105.0,0.7818314824680161,0.6234898018587506,-0.5716666713027052,-0.8204859638785327,0.9749279121818333,-0.22252093395627182,0.9380889596420647,0.3463944338433696
2010-07-08,11756.0,70.0,773.0,9864.42857142857,12571.1,2010,7,27,3,False,11756.0,8,27,7,3,2010,3,0,0,14692.0,16630.0,16493.0,11306.0,25848.0,10541.142857142857,11962.0,6240.570124290746,16630.0,0.0,12888.642857142857,11634.0,9066.206089795078,34536.0,0.0,13040.833333333334,12011.5,8368.734515149677,34536.0,0.0,12414.900362294726,12630.128679639942,-0.19983664579362914,-0.2872127569271812,-4695.0,0.9749279121818237,-0.22252093395631387,-0.5856957398073508,-0.8105309990194823,-0.4338837391175571,-0.9009688679024196,0.9494491062150135,0.31392100074304014
2010-07-09,14072.0,30.0,599.0,10630.57142857143,12193.166666666666,2010,7,27,4,False,14072.0,9,27,7,3,2010,4,0,0,11756.0,11962.0,8709.0,7997.0,25410.0,9864.42857142857,11756.0,5722.965019904223,16630.0,0.0,12920.785714285714,11859.0,9060.959638246604,34536.0,0.0,12571.1,11859.0,8013.014415570334,34536.0,0.0,12250.175271721044,12573.733257007616,0.1970057842803674,0.6157997473877599,-6112.714285714286,0.43388373911756506,-0.9009688679024158,-0.5995514915196489,-0.8003361849976323,-0.7818314824680395,0.6234898018587215,0.9596855068649522,0.2810760180331286
2010-07-10,0.0,0.0,0.0,10630.57142857143,11870.4,2010,7,27,5,True,0.0,10,27,7,3,2010,5,1,0,14072.0,14692.0,0.0,0.0,9683.0,10630.57142857143,11962.0,5898.782214919226,16630.0,0.0,13354.714285714286,13017.0,8951.829967009076,34536.0,0.0,12193.166666666666,11859.0,7645.53947075356,34536.0,0.0,12705.631453790784,12670.395665918795,-1.0,0.0,-5448.285714285714,-0.43388373911757033,-0.9009688679024133,-0.6132298262997502,-0.7899045386224707,0.7818314824680468,0.6234898018587123,0.968786046025684,0.24789836027275647
2010-07-11,5806.0,28.0,497.0,10702.57142857143,11350.433333333332,2010,7,27,6,True,5806.0,11,27,7,3,2010,6,1,0,0.0,11756.0,5302.0,10851.0,21405.0,10630.57142857143,11962.0,5898.782214919226,16630.0,0.0,13354.714285714286,13017.0,8951.829967009076,34536.0,0.0,11870.4,11859.0,7953.357493580286,34536.0,0.0,9529.223590343086,11852.950480495318,0.0,0.09505846850245181,-5448.285714285714,-0.9749279121818251,-0.22252093395630812,-0.6267266965083301,-0.7792391467859886,0.4338837391175465,-0.9009688679024247,0.9767399525103048,0.21442729576751102
2010-07-12,9721.0,50.0,734.0,9715.57142857143,11674.466666666667,2010,7,28,0,False,9721.0,12,28,7,3,2010,0,0,0,5806.0,14072.0,16630.0,34536.0,0.0,10702.57142857143,11962.0,5825.52311977623,16630.0,0.0,12994.357142857143,13017.0,9159.504845595284,34536.0,0.0,11350.433333333332,11531.0,7817.262854086788,34536.0,0.0,8598.417692757315,11462.82450743121,0.6743024457457802,-0.41545399879735423,-4583.5714285714275,-0.7818314824680302,0.623489801858733,-0.6400381082043503,-0.7683431655492202,-0.9749279121818233,-0.22252093395631575,0.9835378122597296,0.18070244009239297
2010-07-13,10045.0,55.0,744.0,9441.714285714286,11638.633333333331,2010,7,28,1,False,10045.0,13,28,7,3,2010,1,0,0,9721.0,0.0,11962.0,20923.0,11120.0,9715.57142857143,11756.0,5206.24957325783,14692.0,0.0,11221.857142857143,11859.0,6755.867989068044,21040.0,0.0,11674.466666666667,11531.0,7526.622051016686,34536.0,0.0,8879.063269567987,11350.448696215166,0.03332990433083016,-0.160257482026417,-3012.5714285714275,-7.83773951454306e-15,1.0,-0.65316012232693,-0.7572198192083127,-1.567547902908612e-14,1.0,0.9891715794849547,0.14676370920373963
2010-07-14,13384.0,62.0,819.0,9254.857142857143,11544.566666666668,2010,7,28,2,False,13384.0,14,28,7,3,2010,2,0,0,10045.0,5806.0,14692.0,21040.0,16206.0,9441.714285714286,10045.0,5118.061244725547,14692.0,0.0,10444.857142857143,10900.5,6152.944221541962,21040.0,0.0,11638.633333333333,11531.0,7531.909939960661,34536.0,0.0,9170.54745217599,11266.22617406412,0.33240418118466897,-0.08902804247209362,-2006.2857142857138,0.7818314824680205,0.6234898018587453,-0.666088855860977,-0.7458723993404063,0.9749279121818303,-0.2225209339562852,0.993634586189866,0.11265127219562909
2010-07-15,27819.0,80.0,840.0,11549.57142857143,11822.0,2010,7,28,3,False,27819.0,15,28,7,3,2010,3,0,0,13384.0,9721.0,11756.0,16493.0,19496.0,9254.857142857143,10045.0,4914.248210681892,14072.0,0.0,9898.0,10900.5,5437.463803593055,16630.0,0.0,11544.566666666668,11531.0,7490.408495298293,34536.0,0.0,10223.910589131992,11402.856782361707,1.0785265989240886,1.3663661109220824,-1286.2857142857138,0.9749279121818285,-0.22252093395629283,-0.6788204829862355,-0.734304263829602,-0.43388373911751826,-0.9009688679024384,0.9969215500633253,0.07840550375666766
2010-07-16,14312.0,68.0,726.0,11583.857142857143,11666.2,2010,7,28,4,False,14312.0,16,28,7,3,2010,4,0,0,27819.0,10045.0,14072.0,8709.0,18986.0,11549.57142857143,10045.0,8625.646852210413,27819.0,0.0,10707.0,10900.5,7086.62687472245,27819.0,0.0,11822.0,11531.0,7935.957396124521,34536.0,0.0,14622.682941848996,12461.963078358387,-0.4855314712965959,0.017055144968732172,1685.1428571428587,0.4338837391175845,-0.9009688679024064,-0.6913512362094071,-0.722518835873311,-0.7818314824680663,0.6234898018586877,0.9990285807311906,0.044066936383449135
2010-07-17,0.0,0.0,0.0,11583.857142857143,11224.933333333332,2010,7,28,5,True,0.0,17,28,7,3,2010,5,1,0,14312.0,13384.0,0.0,0.0,13238.0,11583.857142857143,10045.0,8637.812597885546,27819.0,0.0,11107.214285714286,11859.0,7123.2299629027575,27819.0,0.0,11666.2,11531.0,7835.709964532628,34536.0,0.0,14545.012206386747,12581.32032883475,-1.0,0.0,953.2857142857138,-0.43388373911755096,-0.9009688679024226,-0.7036774074790128,-0.7105196029692745,0.7818314824680198,0.623489801858746,0.999953184360873,0.009676212407230897
2010-07-18,9646.0,40.0,589.0,12132.42857142857,11226.2,2010,7,28,6,True,9646.0,18,28,7,3,2010,6,1,0,0.0,27819.0,5806.0,5302.0,9608.0,11583.857142857143,10045.0,8637.812597885548,27819.0,0.0,11107.214285714286,11859.0,7123.2299629027575,27819.0,0.0,11224.933333333332,11078.5,8112.0182187670935,34536.0,0.0,10908.75915479006,11769.622053996196,0.0,0.6613847743713399,953.2857142857138,-0.9749279121818203,-0.22252093395632913,-0.7157953492826642,-0.6983101158835584,0.4338837391175854,-0.900968867902406,0.9996942666129788,-0.024725964109382385
2010-07-19,18535.0,59.0,782.0,13391.57142857143,11844.033333333333,2010,7,29,0,False,18535.0,19,29,7,3,2010,0,0,0,9646.0,14312.0,9721.0,16630.0,0.0,12132.42857142857,10045.0,8326.023277594619,27819.0,0.0,11417.5,11859.0,6943.2425339041265,27819.0,0.0,11226.2,11078.5,8111.759996109526,34536.0,0.0,10593.069366092544,11632.614149684434,0.921521874352063,0.9066968418886945,1429.8571428571413,-0.7818314824680259,0.6234898018587384,-0.7277014757264236,-0.6858939875998223,-0.9749279121818264,-0.22252093395630237,0.9982521339365441,-0.0590988755488295
2010-07-20,12099.0,57.0,663.0,13685.0,12097.766666666666,2010,7,29,1,False,12099.0,20,29,7,3,2010,1,0,0,18535.0,0.0,10045.0,11962.0,4487.0,13391.57142857143,13384.0,8563.642427089508,27819.0,0.0,11553.57142857143,11859.0,7070.749353327582,27819.0,0.0,11844.033333333333,11531.0,7931.078778139674,34536.0,0.0,12578.55202456941,12077.929456627138,-0.34723496088481254,0.2044798407167745,3676.0,-9.772415167715292e-16,1.0,-0.7393922635959241,-0.673274892250183,-1.9544830335430583e-15,1.0,0.9956284932063294,-0.09340183893100905
2010-07-21,13174.0,55.0,734.0,13655.0,12134.866666666669,2010,7,29,2,False,13174.0,21,29,7,3,2010,2,0,0,12099.0,9646.0,13384.0,14692.0,12061.0,13685.0,13384.0,8464.478011076635,27819.0,0.0,11563.357142857143,11927.5,7071.45285482566,27819.0,0.0,12097.766666666666,11859.0,7808.408282690873,34536.0,0.0,12458.664018427058,12079.288846781441,0.0888503182081164,-0.01569037656903771,4243.285714285714,0.7818314824680247,0.6234898018587399,-0.7508642533989489,-0.6604565640279754,0.9749279121818272,-0.22252093395629857,0.9918264497026016,-0.12759425406472188
2010-07-22,13939.0,78.0,806.0,11672.142857142857,12366.9,2010,7,29,3,False,13939.0,22,29,7,3,2010,3,0,0,13174.0,18535.0,27819.0,11756.0,6978.0,13655.0,13174.0,8466.094613220424,27819.0,0.0,11454.92857142857,11927.5,7031.314358630974,27819.0,0.0,12134.866666666667,11859.0,7810.871273460775,34536.0,0.0,12637.498013820294,12149.915385397171,0.05806892363746763,-0.4989395736726697,4400.142857142857,0.974927912181827,-0.22252093395629952,-0.7621140503891487,-0.6474427960827475,-0.43388373911753064,-0.9009688679024324,0.9868505034357966,-0.16163565160110782
2010-07-23,13371.0,48.0,665.0,11537.714285714286,12270.666666666666,2010,7,29,4,False,13371.0,23,29,7,3,2010,4,0,0,13939.0,12099.0,14312.0,14072.0,16258.0,11672.142857142857,13174.0,5802.129650067316,18535.0,0.0,11610.857142857143,12636.5,7062.640254369279,27819.0,0.0,12366.9,12030.5,7755.594267232594,34536.0,0.0,12962.873510365222,12265.340218508642,-0.04074897768849994,-0.06574902179988817,122.57142857142753,0.4338837391175527,-0.9009688679024217,-0.7731383255706026,-0.6342374393978054,-0.7818314824680223,0.6234898018587429,0.9807065438204117,-0.1954857409322303
2010-07-24,0.0,0.0,0.0,11537.714285714286,11893.8,2010,7,29,5,True,0.0,24,29,7,3,2010,5,1,0,13371.0,13174.0,0.0,0.0,11306.0,11537.714285714286,13174.0,5741.356161346234,18535.0,0.0,11560.785714285714,12636.5,7046.315536708325,27819.0,0.0,12270.666666666666,12030.5,7723.4925159333325,34536.0,0.0,13064.905132773916,12336.67311877548,-1.0,0.0,-46.14285714285688,-0.4338837391175571,-0.9009688679024196,-0.7839338166829201,-0.620844401650647,0.7818314824680284,0.6234898018587353,0.973401842704431,-0.22910445787810024
2010-07-25,11531.0,54.0,741.0,11807.0,12011.6,2010,7,29,6,True,11531.0,25,29,7,3,2010,6,1,0,0.0,13939.0,9646.0,5806.0,7997.0,11537.714285714286,13174.0,5741.356161346234,18535.0,0.0,11560.785714285714,12636.5,7046.315536708325,27819.0,0.0,11893.8,12030.5,8041.477790933021,34536.0,0.0,9798.678849580436,11540.758607754738,0.0,0.1954177897574123,-46.14285714285688,-0.9749279121818217,-0.22252093395632244,-0.7944973291665992,-0.6072676460566135,0.433883739117573,-0.9009688679024119,0.9649450457625344,-0.2624520121057191
2010-07-26,15011.0,62.0,822.0,11303.57142857143,12511.966666666667,2010,7,30,0,False,15011.0,26,30,7,3,2010,0,0,0,11531.0,13371.0,18535.0,9721.0,0.0,11807.0,13174.0,5681.738026343683,18535.0,0.0,11969.714285714286,12636.5,6850.039454446413,27819.0,0.0,12011.6,12030.5,8008.241132819326,34536.0,0.0,10231.759137185327,11540.129020071627,0.30179516087069636,-0.1901267871594281,-325.42857142857065,-0.7818314824680395,0.6234898018587215,-0.8048257371083452,-0.593511190196115,-0.9749279121818167,-0.22252093395634442,0.9553461622632788,-0.29548893422398215
2010-07-27,14315.0,70.0,663.0,11620.142857142857,12627.433333333332,2010,7,30,1,False,14315.0,27,30,7,3,2010,1,0,0,15011.0,0.0,12099.0,10045.0,10851.0,11303.57142857143,13174.0,5114.007425921548,15011.0,0.0,12347.57142857143,13272.5,6862.346343682992,27819.0,0.0,12511.966666666667,12636.5,7694.675088851286,34536.0,0.0,11426.569352888995,11764.056208692118,-0.04636599826793686,0.18315563269691704,-2088.0,-2.2538452949404006e-14,1.0,-0.8149159841660791,-0.5795791048257612,-4.507690589880801e-14,1.0,0.9446165532223606,-0.3281761224987386
2010-07-28,13365.0,65.0,724.0,11647.42857142857,11921.733333333334,2010,7,30,2,False,13365.0,28,30,7,3,2010,2,0,0,14315.0,11531.0,13174.0,13384.0,34536.0,11620.142857142857,13371.0,5238.525633183788,15011.0,0.0,12652.57142857143,13377.5,6847.009203511195,27819.0,0.0,12627.433333333332,13272.5,7694.881548609211,34536.0,0.0,12148.677014666746,11928.63324716712,-0.06636395389451621,0.014498254136936284,-2064.857142857143,0.7818314824680113,0.6234898018587567,-0.8247650844733614,-0.5654755126737576,0.9749279121818368,-0.22252093395625652,0.9327689179559782,-0.3604748891327019
2010-07-29,13763.0,72.0,895.0,11622.285714285714,11683.066666666668,2010,7,30,3,False,13763.0,29,30,7,3,2010,3,0,0,13365.0,15011.0,13939.0,27819.0,20923.0,11647.42857142857,13371.0,5248.4560859088915,15011.0,0.0,12651.214285714286,13368.0,6846.854956598925,27819.0,0.0,11921.733333333334,13269.5,6493.34724761898,27819.0,0.0,12452.75776100006,12021.302080297377,0.02977927422371862,-0.0126264437908028,-2007.5714285714294,0.9749279121818318,-0.2225209339562785,-0.8343701235229537,-0.5512045872199277,-0.4338837391174918,-0.9009688679024511,0.9198172790502196,-0.3923470060554182
2010-07-30,8443.0,53.0,508.0,10918.285714285714,11263.166666666666,2010,7,30,4,False,8443.0,30,30,7,3,2010,4,0,0,13763.0,14315.0,13371.0,14312.0,21040.0,11622.285714285714,13371.0,5236.055535556166,15011.0,0.0,11647.214285714286,13368.0,5309.603899156138,18535.0,0.0,11683.066666666668,13269.5,6279.1439232745315,27819.0,0.0,12780.318320750046,12133.66969977967,-0.3865436314756957,-0.3685588213297435,-49.85714285714312,0.4338837391175465,-0.9009688679024247,-0.8437282590292712,-0.5367705514607103,-0.7818314824680137,0.6234898018587537,0.9057769657642539,-0.42375475016912983
2010-07-31,0.0,0.0,0.0,10918.285714285714,10713.4,2010,7,30,5,True,0.0,31,30,7,3,2010,5,1,0,8443.0,13365.0,0.0,0.0,16493.0,10918.285714285714,13365.0,5292.734161542754,15011.0,0.0,11228.0,13269.5,5314.712192801008,18535.0,0.0,11263.166666666666,12636.5,6048.81907587289,27819.0,0.0,11695.988740562534,11895.561953902337,-1.0,0.0,-619.4285714285725,-0.4338837391175633,-0.9009688679024166,-0.8528367217694595,-0.522177676659508,0.781831482468037,0.6234898018587246,0.8906645958869751,-0.4546609479969567
2010-08-01,9702.0,32.0,583.0,10657.0,10746.5,2010,8,30,6,True,9702.0,1,30,8,3,2010,6,1,0,0.0,13763.0,11531.0,9646.0,8709.0,10918.285714285714,13365.0,5292.734161542754,15011.0,0.0,11228.0,13269.5,5314.712192801008,18535.0,0.0,10713.4,12030.5,6301.337075409561,27819.0,0.0,8771.9915554219,11128.106273686124,0.0,-0.15861590495186884,-619.4285714285725,-0.9749279121818233,-0.22252093395631578,-0.8616928164028521,-0.5074302810827518,0.4338837391175606,-0.9009688679024179,0.8744980560685747,-0.48502901968055895
2010-08-02,11871.0,63.0,691.0,10208.42857142857,11142.2,2010,8,31,0,False,11871.0,2,31,8,3,2010,0,0,0,9702.0,8443.0,15011.0,18535.0,0.0,10657.0,13365.0,5302.581918273377,15011.0,0.0,11232.0,13269.5,5313.450870559185,18535.0,0.0,10746.5,12030.5,6293.047782795854,27819.0,0.0,9004.493666566426,11036.099409436514,0.22356215213358066,-0.20917993471454266,-1150.0,-0.7818314824680351,0.6234898018587268,-0.8702939222685674,-0.49253272872205434,-0.9749279121818198,-0.22252093395633105,0.8572964806503138,-0.5148230222752145
2010-08-03,16330.0,59.0,857.0,10496.285714285714,11509.8,2010,8,31,1,False,16330.0,3,31,8,3,2010,1,0,0,11871.0,0.0,14315.0,12099.0,5302.0,10208.42857142857,11871.0,4996.86928176507,14315.0,0.0,10756.0,12636.5,4890.558643565565,15011.0,0.0,11142.2,12030.5,5958.335062518847,27819.0,0.0,9721.12024992482,11089.963967983571,0.3756212618987449,0.14076143904994765,-1095.1428571428587,-1.5677954951632475e-14,1.0,-0.8786374941610001,-0.4774894280028391,-3.135590990326495e-14,1.0,0.8390802290175676,-0.5440076922910431
2010-08-04,11740.0,53.0,850.0,10264.142857142857,11346.8,2010,8,31,2,False,11740.0,4,31,8,3,2010,2,0,0,16330.0,9702.0,13365.0,13174.0,16630.0,10496.285714285714,11871.0,5320.430612719393,16330.0,0.0,11058.214285714286,13269.5,5105.920306988613,16330.0,0.0,11509.8,12636.5,5925.6961901477125,27819.0,0.0,11373.340187443615,11428.030834106223,-0.28107777097366815,-0.12158623269734381,-1123.8571428571431,0.7818314824680156,0.6234898018587514,-0.886721063082993,-0.46230483047981086,0.9749279121818337,-0.2225209339562699,0.8198708615029215,-0.5725484874300667
2010-08-05,16828.0,54.0,744.0,10702.0,11509.0,2010,8,31,3,False,16828.0,5,31,8,3,2010,3,0,0,11740.0,11871.0,13763.0,13939.0,11962.0,10264.142857142857,11740.0,5208.678060972562,16330.0,0.0,10955.785714285714,12618.0,5074.497992277304,16330.0,0.0,11346.8,12030.5,5846.725752725733,27819.0,0.0,11465.00514058271,11448.157878478827,0.4333901192504259,0.22269853956259533,-1383.2857142857138,0.974927912181824,-0.2225209339563129,-0.8945422369764496,-0.4469834295196741,-0.43388373911755534,-0.9009688679024205,0.7996911138678691,-0.600411627469661
2010-08-06,9923.0,45.0,409.0,10913.42857142857,11350.033333333333,2010,8,31,4,False,9923.0,6,31,8,3,2010,4,0,0,16828.0,16330.0,8443.0,13371.0,14692.0,10702.0,11740.0,5661.009185648772,16828.0,0.0,11162.142857142857,12618.0,5260.477133333979,16828.0,0.0,11509.0,12636.5,5931.266294988705,27819.0,0.0,12805.753855437035,11795.244489738165,-0.4103280247207036,0.17529314224801618,-920.2857142857138,0.43388373911756595,-0.9009688679024154,-0.9020987014301837,-0.43152975897147144,-0.7818314824680407,0.6234898018587199,0.7785648703932891,-0.6275641342440474
2010-08-07,0.0,0.0,0.0,10913.42857142857,10958.166666666666,2010,8,31,5,True,0.0,7,31,8,3,2010,5,1,0,9923.0,11740.0,0.0,0.0,11756.0,10913.42857142857,11740.0,5589.767373130483,16828.0,0.0,10915.857142857143,11805.5,5229.732216370649,16828.0,0.0,11350.033333333333,11985.0,5906.873468364161,27819.0,0.0,12085.065391577775,11674.454515243975,-1.0,0.0,-4.857142857143117,-0.43388373911754385,-0.900968867902426,-0.9093882203647925,-0.4159483918249421,0.78183148246801,0.6234898018587582,0.756517135610563,-0.6539738706764888
2010-08-08,8120.0,44.0,562.0,10687.42857142857,10759.766666666666,2010,8,31,6,True,8120.0,8,31,8,3,2010,6,1,0,0.0,16828.0,9702.0,11531.0,14072.0,10913.42857142857,11740.0,5589.767373130483,16828.0,0.0,10915.857142857143,11805.5,5229.732216370649,16828.0,0.0,10958.166666666666,11985.0,6258.498041054671,27819.0,0.0,9063.79904368333,10921.263858107783,0.0,-0.16305916305916301,-4.857142857143117,-0.9749279121818185,-0.2225209339563368,-0.9164086366943458,-0.4002439388573056,0.4338837391175995,-0.9009688679023992,0.733574004706797,-0.6796095788159788
2010-08-09,57628.5,51.0,621.0,23309.285714285717,14100.566666666668,2010,8,32,0,False,100224.0,9,32,8,3,2010,0,0,0,8120.0,9923.0,11871.0,15011.0,0.0,10687.42857142857,11740.0,5678.191433227725,16828.0,0.0,10672.214285714286,11805.5,5278.101628114347,16828.0,0.0,10759.766666666666,11805.5,6250.71992920283,27819.0,0.0,8827.849282762496,10740.537147876592,6.09710591133005,3.854561536517564,30.42857142857065,-0.7818314824680308,0.6234898018587323,-0.9231578729647039,-0.38442104726885545,-0.9749279121818228,-0.22252093395631767,0.709762632639161,-0.7044409168334328
2010-08-10,20053.0,46.0,937.0,23841.14285714286,14575.466666666667,2010,8,32,1,False,20053.0,10,32,8,3,2010,1,0,0,57628.5,0.0,16330.0,14315.0,5806.0,17224.214285714286,11740.0,18692.277910626493,57628.5,0.0,13716.32142857143,11805.5,13639.575080240054,57628.5,0.0,12680.716666666667,11985.0,10344.543135595475,57628.5,0.0,21028.011962071872,13765.56716131606,-0.6520298116383387,0.2279853031230863,7015.785714285716,-8.817456953860943e-15,1.0,-0.9296339319682695,-0.3684843993077793,-1.7634913907721887e-14,1.0,0.6851112019949135,-0.72843849493357
2010-08-11,8197.0,46.0,642.0,23335.0,14524.666666666666,2010,8,32,2,False,8197.0,11,32,8,3,2010,2,0,0,20053.0,8120.0,11740.0,13365.0,9721.0,17756.071428571428,11740.0,18715.545348783744,57628.5,0.0,14126.17857142857,11805.5,13744.75404207721,57628.5,0.0,13155.616666666667,12636.5,10345.081356393594,57628.5,0.0,20784.258971553903,14171.20800868719,-0.5912332319353713,-0.3017887563884156,7259.785714285714,0.7818314824680376,0.6234898018587238,-0.9358348973349941,-0.35243871088460327,0.9749279121818181,-0.2225209339563387,0.6596488896351408,-0.7515739101399981
2010-08-12,18216.0,81.0,897.0,23533.285714285717,14797.033333333333,2010,8,32,3,False,18216.0,12,32,8,3,2010,3,0,0,8197.0,57628.5,16828.0,13763.0,10045.0,17249.928571428572,9923.0,18951.777811128457,57628.5,0.0,13757.035714285714,10831.5,13835.86605454807,57628.5,0.0,13104.816666666668,12636.5,10366.248961199743,57628.5,0.0,17637.444228665427,13785.775216983171,1.2222764426009514,0.08248157832184444,6985.785714285716,0.9749279121818224,-0.22252093395631958,-0.9417589340994617,-0.33628873017668287,-0.4338837391175677,-0.9009688679024145,0.6334058321617086,-0.7738197799123084
2010-08-13,18159.0,55.0,765.0,24709.85714285714,14956.2,2010,8,32,4,False,18159.0,13,32,8,3,2010,4,0,0,18216.0,20053.0,9923.0,8443.0,13384.0,17448.214285714286,9923.0,18953.888532121717,57628.5,0.0,14075.107142857143,10831.5,13887.103641340396,57628.5,0.0,13377.183333333332,13269.5,10390.397784097662,57628.5,0.0,17782.083171499067,14071.596182484684,-0.0031291172595520056,0.8299909301622492,6746.214285714286,0.43388373911755973,-0.9009688679024184,-0.9474042892438845,-0.32003923622313857,-0.781831482468032,0.6234898018587307,0.6064130902482765,-0.7951497745554202
2010-08-14,0.0,0.0,0.0,24709.85714285714,14028.9,2010,8,32,5,True,0.0,14,32,8,3,2010,5,1,0,18159.0,8197.0,0.0,0.0,27819.0,18624.785714285714,18159.0,18662.285796621,57628.5,0.0,14769.107142857143,11805.5,13826.635566318771,57628.5,0.0,13536.35,13269.5,10427.014517299069,57628.5,0.0,17876.312378624298,14335.299664731128,-1.0,0.0,7711.357142857143,-0.43388373911755007,-0.900968867902423,-0.9527692922168511,-0.30369503751065885,0.7818314824680186,0.6234898018587476,0.578702611877601,-0.8155386483827991
2010-08-15,17333.0,58.0,615.0,26026.0,14129.6,2010,8,32,6,True,17333.0,15,32,8,3,2010,6,1,0,0.0,18216.0,8120.0,9702.0,14312.0,18624.785714285714,18159.0,18662.285796621,57628.5,0.0,14769.107142857143,11805.5,13826.635566318771,57628.5,0.0,12609.05,12636.5,10349.743362093908,57628.5,0.0,13407.234283968222,13410.441588548241,0.0,1.1346059113300493,7711.357142857143,-0.9749279121818201,-0.2225209339563301,-0.9578523554276669,-0.28726097055059635,0.43388373911758715,-0.9009688679024052,0.5503071945286527,-0.8349622695966589
2010-08-16,11080.0,39.0,677.0,13291.142857142857,14498.933333333332,2010,8,33,0,False,11080.0,16,33,8,3,2010,0,0,0,17333.0,18159.0,57628.5,11871.0,0.0,19940.928571428572,18159.0,18114.809918104234,57628.5,0.0,15314.17857142857,14100.5,13761.777042573587,57628.5,0.0,12709.75,12636.5,10381.531832313807,57628.5,0.0,14388.675712976168,13663.509881681262,-0.360756937633416,-0.8077340204933323,9253.500000000002,-0.7818314824680443,0.6234898018587154,-0.9626519747161487,-0.2707418984477642,-0.9749279121818133,-0.22252093395635972,0.5212604463582784,-0.8533976488498011
2010-08-17,18400.0,45.0,613.0,13055.0,14790.733333333334,2010,8,33,1,False,18400.0,17,33,8,3,2010,1,0,0,11080.0,0.0,20053.0,16330.0,9646.0,13291.142857142857,17333.0,7274.424316937856,20053.0,0.0,15257.67857142857,14035.0,13778.614125363236,57628.5,0.0,13079.083333333334,12636.5,10107.245641108791,57628.5,0.0,13561.506784732126,13496.831819547127,0.6606498194945849,-0.08243155637560462,-3933.0714285714294,-3.037866838649342e-14,1.0,-0.9671667297977312,-0.2541427094613622,-6.075733677298684e-14,1.0,0.4915967464233612,-0.8708229664552752
2010-08-18,22851.0,58.0,957.0,15148.42857142857,14934.6,2010,8,33,2,False,22851.0,18,33,8,3,2010,2,0,0,18400.0,17333.0,8197.0,11740.0,18535.0,13055.0,17333.0,7041.435223020918,18400.0,0.0,15405.535714285714,14284.0,13802.09276281107,57628.5,0.0,13370.883333333333,13269.5,10131.051099162938,57628.5,0.0,14771.130088549095,13813.165259867697,0.24190217391304358,1.7877272172746128,-4701.0714285714275,0.7818314824680241,0.6234898018587406,-0.97139528468375,-0.23746831555846842,0.9749279121818276,-0.22252093395629666,0.461351203990578,-0.8872175982116474
2010-08-19,22520.0,77.0,801.0,15763.285714285714,15281.966666666667,2010,8,33,3,False,22520.0,19,33,8,3,2010,3,0,0,22851.0,11080.0,18216.0,16828.0,12099.0,15148.42857142857,18159.0,7518.590401069029,22851.0,0.0,16199.17857142857,17080.5,13894.247732850206,57628.5,0.0,13514.75,13269.5,10237.00400234197,57628.5,0.0,16791.09756641182,14396.251388211409,-0.014485142882149526,0.23627580149319272,-2101.500000000002,0.9749279121818272,-0.22252093395629857,-0.9753363880767837,-0.2207236509605022,-0.43388373911752887,-0.9009688679024332,0.4305596169818739,-0.9025621398133328
2010-08-20,19177.0,59.0,799.0,15908.714285714286,15482.066666666668,2010,8,33,4,False,19177.0,20,33,8,3,2010,4,0,0,22520.0,18400.0,18159.0,9923.0,13174.0,15763.285714285714,18159.0,7973.486642498061,22851.0,0.0,16605.75,17746.0,13996.963196392056,57628.5,0.0,13862.116666666667,13368.0,10363.333155794448,57628.5,0.0,18223.323174808862,14920.364215393936,-0.14844582593250444,0.05606035574646184,-1684.9285714285725,0.43388373911755357,-0.9009688679024214,-0.9789888737409319,-0.20391367068311472,-0.7818314824680235,0.6234898018587414,0.3992584296048835,-0.9168384298170765
2010-08-21,0.0,0.0,0.0,15908.714285714286,15017.433333333332,2010,8,33,5,True,0.0,21,33,8,3,2010,5,1,0,19177.0,22851.0,0.0,0.0,13939.0,15908.714285714286,18400.0,8033.522343162744,22851.0,0.0,17266.75,18187.5,13875.074520589897,57628.5,0.0,14062.216666666667,13567.0,10407.448971673533,57628.5,0.0,18461.742381106644,15194.985885543387,-1.0,0.0,-2716.0714285714275,-0.43388373911755623,-0.90096886790242,-0.9823516608469237,-0.18704334906991657,0.7818314824680271,0.6234898018587368,0.3674846892184069,-0.9300295711374187
2010-08-22,13884.0,60.0,769.0,15416.0,15034.533333333333,2010,8,33,6,True,13884.0,22,33,8,3,2010,6,1,0,0.0,22520.0,17333.0,8120.0,13371.0,15908.714285714286,18400.0,8033.522343162744,22851.0,0.0,17266.75,18187.5,13875.074520589897,57628.5,0.0,13597.583333333334,13368.0,10719.606689969723,57628.5,0.0,13846.306785829982,14214.664193379784,0.0,-0.19898459585761263,-2716.0714285714275,-0.9749279121818215,-0.2225209339563234,-0.9854237542919524,-0.17011767832049052,0.4338837391175748,-0.9009688679024112,0.3352760024840169,-0.9421199510456922
2010-08-23,13251.0,45.0,713.0,15726.142857142857,15476.233333333334,2010,8,34,0,False,13251.0,23,34,8,3,2010,0,0,0,13884.0,19177.0,11080.0,57628.5,0.0,15416.0,18400.0,8037.375131222865,22851.0,0.0,17678.464285714286,18187.5,13666.7391002112,57628.5,0.0,13614.683333333332,13564.0,10719.641949504408,57628.5,0.0,13855.730089372488,14193.331019162866,-0.045592048401037144,0.19593862815884466,-4524.9285714285725,-0.78183148246804,0.6234898018587207,-0.9882042449941422,-0.15314166701312007,-0.9749279121818163,-0.22252093395634634,0.30267049085568926,-0.9530952596488853
2010-08-24,19081.0,61.0,697.0,15823.42857142857,15727.9,2010,8,34,1,False,19081.0,24,34,8,3,2010,1,0,0,13251.0,0.0,18400.0,20053.0,11531.0,15726.142857142857,18400.0,7882.569408269758,22851.0,0.0,14508.642857142857,17746.0,7395.763783380349,22851.0,0.0,14056.383333333333,13564.0,10407.773419241232,57628.5,0.0,13704.547567029367,14132.535468338494,0.43996679495887103,0.037010869565217375,2435.0,4.90353904168212e-15,1.0,-0.9906923101615609,-0.13612033862266704,9.80707808336424e-15,1.0,0.2697067454601279,-0.962942506826501
2010-08-25,17575.0,76.0,857.0,15069.714285714286,15813.366666666669,2010,8,34,2,False,17575.0,25,34,8,3,2010,2,0,0,19081.0,13884.0,22851.0,8197.0,15011.0,15823.42857142857,19081.0,7925.157261471055,22851.0,0.0,14439.214285714286,17746.0,7344.093672715942,22851.0,0.0,14308.05,13823.5,10435.846391289313,57628.5,0.0,15048.660675272025,14451.791250474447,-0.0789266809915623,-0.230887050894928,2768.4285714285706,0.7818314824680284,0.6234898018587353,-0.9928872135356962,-0.11905873003404988,0.9749279121818246,-0.22252093395631004,0.23642378142121298,-0.9716500376053585
2010-08-26,17607.0,80.0,842.0,14367.857142857143,15923.1,2010,8,34,3,False,17607.0,26,34,8,3,2010,3,0,0,17575.0,13251.0,22520.0,18216.0,14315.0,15069.714285714286,17575.0,7377.367997560397,22520.0,0.0,15109.07142857143,17867.0,7156.225084221702,22851.0,0.0,14393.516666666666,13823.5,10452.288141246569,57628.5,0.0,15680.245506454019,14653.28859263688,0.0018207681365576267,-0.21816163410301959,-78.71428571428442,0.9749279121818257,-0.22252093395630526,-0.994788305609327,-0.10196189005174576,-0.43388373911754125,-0.9009688679024273,0.2028609916826013,-0.9792075459541514
2010-08-27,7316.0,36.0,675.0,12673.42857142857,15721.466666666667,2010,8,34,4,False,7316.0,27,34,8,3,2010,4,0,0,17607.0,19081.0,19177.0,18159.0,13365.0,14367.857142857143,17575.0,6758.157895673705,19177.0,0.0,15065.57142857143,17591.0,7137.713474800708,22851.0,0.0,14503.25,13823.5,10468.703049096977,57628.5,0.0,16161.934129840514,14843.850622000155,-0.5844834440847391,-0.6185013297178912,-1395.4285714285706,0.433883739117573,-0.9009688679024119,-0.9963950238187231,-0.08483487790576538,-0.7818314824680505,0.6234898018587077,0.16905810038314714,-0.9856060869814277
2010-08-28,0.0,0.0,0.0,12673.42857142857,15262.7,2010,8,34,5,True,0.0,28,34,8,3,2010,5,1,0,7316.0,17575.0,0.0,0.0,13763.0,12673.42857142857,13884.0,6837.877420592391,19081.0,0.0,14291.07142857143,17454.0,7361.015037283979,22851.0,0.0,14301.616666666667,13823.5,10549.32557386991,57628.5,0.0,13950.450597380386,14358.182832588098,-1.0,0.0,-3235.2857142857156,-0.4338837391175368,-0.9009688679024294,-0.9977068927101168,-0.06768276175455162,0.7818314824680003,0.6234898018587706,0.13505511584034569,-0.9908380875225532
2010-08-29,8766.0,39.0,483.0,11942.285714285714,15273.466666666667,2010,8,34,6,True,8766.0,29,34,8,3,2010,6,1,0,0.0,17607.0,13884.0,17333.0,8443.0,12673.42857142857,13884.0,6837.877420592391,19081.0,0.0,14291.07142857143,17454.0,7361.015037283979,22851.0,0.0,13842.85,13567.5,10868.004222415828,57628.5,0.0,10462.837948035289,13431.848443181987,0.0,-0.36862575626620575,-3235.2857142857156,-0.9749279121818167,-0.22252093395634442,-0.9987235240803972,-0.050510617185222886,0.43388373911761363,-0.9009688679023924,0.10089228319740334,-0.9948973551031357
2010-08-30,0.0,0.0,0.0,10049.285714285714,15273.466666666667,2010,8,35,0,False,0.0,30,35,8,3,2010,0,0,0,8766.0,7316.0,13251.0,11080.0,0.0,11942.285714285714,13251.0,6959.405283841536,19081.0,0.0,13679.142857142857,15729.5,7444.304708527628,22851.0,0.0,13853.616666666667,13567.5,10862.628922042237,57628.5,0.0,10038.628461026465,13130.825958991281,-1.0,-1.0,-3473.7142857142862,-0.781831482468018,0.6234898018587484,-0.9994446170919858,-0.033323525711631344,-0.9749279121818321,-0.22252093395627753,0.06661003679003268,-0.9977790852682925
2010-08-31,14176.0,63.0,936.0,9348.57142857143,15422.6,2010,8,35,1,False,14176.0,31,35,8,3,2010,1,0,0,0.0,0.0,19081.0,18400.0,9702.0,10049.285714285714,8766.0,8230.24142445174,19081.0,0.0,12887.714285714286,15729.5,8283.552382035989,22851.0,0.0,13853.616666666667,13567.5,10862.628922042237,57628.5,0.0,7528.971345769848,12283.67588662856,0.0,-0.25706199884702063,-5676.857142857143,1.1764037039453651e-14,1.0,-0.9998699583618592,-0.016126573270657762,2.3528074078907303e-14,1.0,0.0322489522893041,-0.9994798672690922
2010-09-01,12910.0,43.0,646.0,8682.142857142857,15457.233333333334,2010,9,35,2,False,12910.0,1,35,9,3,2010,2,0,0,14176.0,8766.0,17575.0,22851.0,11871.0,9348.57142857143,8766.0,7510.461012417753,17607.0,0.0,12586.0,14030.0,8143.067207045609,22851.0,0.0,14002.75,14030.0,10834.340826781388,57628.5,0.0,9190.728509327386,12405.761314712212,-0.08930586907449212,-0.2654338549075391,-6474.857142857141,0.7818314824680327,0.6234898018587299,-0.9999994220246925,0.001075151282798226,0.9749279121818215,-0.2225209339563234,-0.0021503013227746654,-0.9999976880994382
2010-09-02,21964.0,91.0,848.0,9304.57142857143,15645.033333333333,2010,9,35,3,False,21964.0,2,35,9,3,2010,3,0,0,12910.0,0.0,17607.0,22520.0,16330.0,8682.142857142857,8766.0,6835.482241670293,17607.0,0.0,11875.92857142857,13567.5,7594.025976579689,22520.0,0.0,14037.383333333333,14030.0,10828.950746512899,57628.5,0.0,10120.546381995538,12438.2928431479,0.7013168086754453,0.24745839722837504,-6387.571428571429,0.9749279121818242,-0.22252093395631195,-0.999832969770105,0.018276557681691223,-0.43388373911755357,-0.9009688679024213,-0.03654700988811993,-0.9993319348786156
2010-09-03,31223.0,60.0,655.0,12719.857142857143,16294.466666666667,2010,9,35,4,False,31223.0,3,35,9,3,2010,4,0,0,21964.0,14176.0,7316.0,19177.0,11740.0,9304.57142857143,8766.0,7899.2155487563305,21964.0,0.0,11836.214285714286,13567.5,7535.305845240706,21964.0,0.0,14225.183333333332,14030.0,10918.563991158497,57628.5,0.0,13081.409786496655,13052.85460143427,0.42155345110180287,3.2677692728266816,-5063.285714285714,0.43388373911756684,-0.9009688679024149,-0.9993706508539969,0.03547255575312556,-0.7818314824680419,0.6234898018587184,-0.07090046226091157,-0.9974833955766828
2010-09-04,0.0,0.0,0.0,12719.857142857143,15733.533333333333,2010,9,35,5,True,0.0,4,35,9,3,2010,5,1,0,31223.0,12910.0,0.0,0.0,16828.0,12719.857142857143,12910.0,11322.540180668682,31223.0,0.0,12696.642857142857,13567.5,8986.085171463224,31223.0,0.0,14874.616666666667,15502.0,11337.050755030004,57628.5,0.0,17616.807339872492,14225.122057622468,-1.0,0.0,46.42857142857247,-0.43388373911754297,-0.9009688679024264,-0.9986126020839734,0.052658056924614005,0.7818314824680088,0.6234898018587598,-0.10516999849234956,-0.9944542580818482
2010-09-05,7222.0,35.0,514.0,12499.285714285714,15643.5,2010,9,35,6,True,7222.0,5,35,9,3,2010,6,1,0,0.0,21964.0,8766.0,13884.0,9923.0,12719.857142857143,12910.0,11322.540180668682,31223.0,0.0,12696.642857142857,13567.5,8986.085171463224,31223.0,0.0,14313.683333333332,14030.0,11649.081661661465,57628.5,0.0,13212.605504904368,13307.37223930967,0.0,-0.17613506730549855,46.42857142857247,-0.9749279121818183,-0.22252093395633774,-0.9975590477788613,0.06982797572987089,0.43388373911760125,-0.9009688679023984,-0.1393150579548309,-0.9902481076109372
2010-09-06,16208.0,53.0,861.0,14814.714285714286,16183.766666666666,2010,9,36,0,False,16208.0,6,36,9,3,2010,0,0,0,7222.0,31223.0,0.0,13251.0,0.0,12499.285714285714,12910.0,11426.959215152627,31223.0,0.0,12220.785714285714,13080.5,9094.11552918929,31223.0,0.0,14223.65,14030.0,11694.535557959507,57628.5,0.0,11714.954128678275,12914.767575450049,1.244253669343672,0.0,557.0,-0.7818314824680315,0.6234898018587315,-0.9962102997023297,0.0869772313136861,-0.9749279121818224,-0.22252093395631958,-0.17329522734857217,-0.9848699224660111
2010-09-07,15746.0,51.0,718.0,15039.0,16437.966666666667,2010,9,36,1,False,15746.0,7,36,9,3,2010,1,0,0,16208.0,0.0,14176.0,19081.0,8120.0,14814.714285714286,14176.0,10028.678322927786,31223.0,0.0,12432.0,13543.0,9154.024587789034,31223.0,0.0,14763.916666666666,15192.0,11385.0650491708,57628.5,0.0,12838.215596508708,13127.234185135421,-0.028504442250740336,0.11075056433408581,4765.4285714285725,-9.797174393178826e-15,1.0,-0.9945667569706337,0.1041007489354256,-1.9594348786357652e-14,1.0,-0.20707028853384077,-0.9783260681421669
2010-09-08,10208.0,49.0,691.0,14653.0,13437.433333333332,2010,9,36,2,False,10208.0,8,36,9,3,2010,2,0,0,15746.0,7222.0,12910.0,17575.0,57628.5,15039.0,15746.0,10029.56913331773,31223.0,0.0,12193.785714285714,13543.0,9009.94796517521,31223.0,0.0,15018.116666666667,15977.0,11316.536281404009,57628.5,0.0,13565.16169738153,13296.186819579834,-0.351708370379779,-0.2092951200619675,5690.428571428571,0.7818314824680193,0.6234898018587468,-0.9926289059345095,0.121193461470736,0.9749279121818312,-0.2225209339562814,-0.2406002661322256,-0.9706242897934825
2010-09-09,13200.0,67.0,865.0,13401.0,13209.0,2010,9,36,3,False,13200.0,9,36,9,3,2010,3,0,0,10208.0,16208.0,21964.0,17607.0,20053.0,14653.0,15746.0,10176.087083615837,31223.0,0.0,11667.57142857143,11559.0,8885.763754146605,31223.0,0.0,13437.433333333332,14961.0,7979.265088808069,31223.0,0.0,12725.87127303615,13096.948958898132,0.2931034482758621,-0.3990165725733018,5970.857142857143,0.974927912181829,-0.22252093395629094,-0.9903973200352558,0.1382503109109819,-0.4338837391175147,-0.90096886790244,-0.2738454748405547,-0.9617737030660337
2010-09-10,10430.0,46.0,629.0,10430.57142857143,13283.433333333332,2010,9,36,4,False,10430.0,10,36,9,3,2010,4,0,0,13200.0,15746.0,31223.0,7316.0,8197.0,13401.0,13200.0,9652.326576185298,31223.0,0.0,11352.785714285714,11559.0,8735.967351469106,31223.0,0.0,13209.0,14030.0,7880.829354220582,31223.0,0.0,12844.403454777113,13103.597413205036,-0.20984848484848484,-0.6659513819940428,4096.428571428571,0.4338837391175606,-0.9009688679024179,-0.9878726596350429,0.15526624985999563,-0.7818314824680332,0.6234898018587292,-0.30676656640150596,-0.9517847833088269
2010-09-11,0.0,0.0,0.0,10430.57142857143,12676.233333333334,2010,9,36,5,True,0.0,11,36,9,3,2010,5,1,0,10430.0,10208.0,0.0,0.0,18216.0,10430.57142857143,10430.0,5604.216949677016,16208.0,0.0,11575.214285714286,11670.0,8664.631397713456,31223.0,0.0,13283.433333333332,14030.0,7842.310434028873,31223.0,0.0,12240.802591082835,12931.10725648856,-1.0,0.0,-2289.2857142857138,-0.4338837391175492,-0.9009688679024235,-0.9850556718215013,0.172236243027682,0.7818314824680174,0.623489801858749,-0.3393245761752893,-0.9406693531754186
2010-09-12,9278.0,48.0,729.0,10724.285714285714,12380.2,2010,9,36,6,True,9278.0,12,36,9,3,2010,6,1,0,0.0,13200.0,7222.0,8766.0,18159.0,10430.57142857143,10430.0,5604.216949677016,16208.0,0.0,11575.214285714286,11670.0,8664.631397713456,31223.0,0.0,12676.233333333334,13567.5,8146.528322070625,31223.0,0.0,9180.601943312126,12096.842267557558,0.0,0.2846856826363888,-2289.2857142857138,-0.9749279121818262,-0.22252093395630335,-0.981947190186646,0.18915526872004093,0.4338837391175377,-0.9009688679024289,-0.37148096925728835,-0.9284405686308982
2010-09-13,28405.0,87.0,992.0,12466.714285714286,13327.033333333333,2010,9,37,0,False,28405.0,13,37,9,3,2010,0,0,0,9278.0,10430.0,16208.0,0.0,0.0,10724.285714285714,10430.0,5460.053409820713,16208.0,0.0,11611.785714285714,11670.0,8652.934888309212,31223.0,0.0,12380.2,13225.5,8101.660057220287,31223.0,0.0,9204.951457484094,11914.98147515573,2.0615434360853633,0.7525296150049359,-1775.0,-0.7818314824680271,0.6234898018587368,-0.9785481345802031,0.20601832032517084,-0.9749279121818255,-0.2225209339563062,-0.40319768608708534,-0.9151129033807907
2010-09-14,11384.0,63.0,764.0,11843.57142857143,13128.733333333334,2010,9,37,1,False,11384.0,14,37,9,3,2010,1,0,0,28405.0,0.0,15746.0,14176.0,17333.0,12466.714285714286,10430.0,8565.018324835128,28405.0,0.0,13640.714285714286,13055.0,9042.206294998954,31223.0,0.0,13327.033333333333,13567.5,8263.129650413348,31223.0,0.0,14004.963593113072,12978.853643228656,-0.5992254884703397,-0.27702273593293536,-2348.0,-3.13583858258113e-14,1.0,-0.9748595108374125,0.22282040779479959,-6.27167716516226e-14,1.0,-0.4344371874948622,-0.9007021317403184
2010-09-15,21473.0,67.0,811.0,13452.857142857143,13475.166666666666,2010,9,37,2,False,21473.0,15,37,9,3,2010,2,0,0,11384.0,9278.0,10208.0,12910.0,11080.0,11843.57142857143,10430.0,8444.501561314748,28405.0,0.0,13441.285714285714,12147.0,9060.263431630974,31223.0,0.0,13128.733333333334,13225.5,8235.013472481634,31223.0,0.0,13349.722694834805,12875.959859325905,0.8862438510189741,1.103546238244514,-3195.4285714285706,0.7818314824680235,0.6234898018587414,-0.9708824104813836,0.23955655912092708,0.9749279121818281,-0.22252093395629474,-0.46516249913190355,-0.8852253099642835
2010-09-16,14418.0,68.0,897.0,13626.857142857143,13342.433333333332,2010,9,37,3,False,14418.0,16,37,9,3,2010,3,0,0,21473.0,28405.0,13200.0,21964.0,18400.0,13452.857142857143,11384.0,9126.699265133597,28405.0,0.0,14052.92857142857,12292.0,9307.307000947703,31223.0,0.0,13475.166666666666,13567.5,8363.46108062484,31223.0,0.0,15380.542021126104,13430.607612700383,-0.32855213523960325,0.09227272727272728,-1200.1428571428569,0.9749279121818211,-0.22252093395632533,-0.9666180104000972,0.2562218218071163,-0.4338837391175783,-0.9009688679024094,-0.49533725523256594,-0.8687007560596847
2010-09-17,11843.0,52.0,726.0,13828.714285714286,12975.5,2010,9,37,4,False,11843.0,17,37,9,3,2010,4,0,0,14418.0,11384.0,10430.0,31223.0,22851.0,13626.857142857143,11384.0,9132.6836951791,28405.0,0.0,13513.92857142857,12292.0,9028.239708009238,31223.0,0.0,13342.433333333332,13567.5,8314.05823013184,31223.0,0.0,15139.90651584458,13494.31034761879,-0.1785961991954501,0.13547459252157235,225.85714285714312,0.43388373911758005,-0.9009688679024086,-0.9620675724981452,0.27281126433401914,-0.7818314824680602,0.6234898018586954,-0.5249257416559593,-0.8511480281049478
2010-09-18,0.0,0.0,0.0,13828.714285714286,12224.833333333334,2010,9,37,5,True,0.0,18,37,9,3,2010,5,1,0,11843.0,21473.0,0.0,0.0,22520.0,13828.714285714286,11843.0,9065.617237935958,28405.0,0.0,12129.642857142857,11613.5,7452.267559992351,28405.0,0.0,12975.5,13225.5,8120.598800538686,31223.0,0.0,14315.679886883434,13387.774195762266,-1.0,0.0,3398.142857142857,-0.43388373911755534,-0.9009688679024205,-0.957232443323312,0.28931997761869527,0.7818314824680259,0.6234898018587384,-0.5538929381563792,-0.8325879011014353
2010-09-19,13697.0,59.0,984.0,14460.0,12042.166666666666,2010,9,37,6,True,13697.0,19,37,9,3,2010,6,1,0,0.0,14418.0,9278.0,7222.0,19177.0,13828.714285714286,11843.0,9065.617237935958,28405.0,0.0,12129.642857142857,11613.5,7452.267559992351,28405.0,0.0,12224.833333333334,13055.0,8247.759838318203,31223.0,0.0,10736.759915162575,12524.046825280882,0.0,0.4762879931019617,3398.142857142857,-0.974927912181815,-0.22252093395635208,-0.9521140536681102,0.3057430764672831,0.43388373911762773,-0.9009688679023856,-0.5822045598324479,-0.8130423423846421
2010-09-20,25067.0,82.0,967.0,13983.142857142857,12877.733333333334,2010,9,38,0,False,25067.0,20,38,9,3,2010,0,0,0,13697.0,11843.0,28405.0,16208.0,0.0,14460.0,13697.0,8847.138821863995,28405.0,0.0,12592.142857142857,12521.5,7324.084378133695,28405.0,0.0,12042.166666666666,13055.0,8148.565281304322,31223.0,0.0,11476.81993637193,12599.721223896795,0.8301087829451705,-0.11751452209118118,3735.7142857142862,-0.7818314824680407,0.6234898018587199,-0.9467139181463862,0.3220757010206104,-0.9749279121818158,-0.22252093395634825,-0.6098270977059321,-0.7925344856241648
2010-09-21,37072.0,103.0,1020.0,17652.85714285714,13650.666666666666,2010,9,38,1,False,37072.0,21,38,9,3,2010,1,0,0,25067.0,0.0,11384.0,15746.0,13884.0,13983.142857142857,13697.0,8021.687965105817,25067.0,0.0,13224.92857142857,12521.5,8011.004666315974,28405.0,0.0,12877.733333333334,13225.5,8156.363548802241,31223.0,0.0,14874.36495227895,13404.061792552351,0.4789165037698966,2.2565003513703443,1516.4285714285706,3.923821602364237e-15,1.0,-0.9410336347451197,0.3383130181923076,7.847643204728474e-15,1.0,-0.6367278583821979,-0.7710886034432227
2010-09-22,14626.0,83.0,689.0,16674.714285714286,13696.5,2010,9,38,2,False,14626.0,22,38,9,3,2010,2,0,0,37072.0,13697.0,21473.0,10208.0,13251.0,17652.85714285714,14418.0,11677.307244231879,37072.0,0.0,14748.214285714286,12521.5,10243.692124188663,37072.0,0.0,13650.666666666666,13225.5,9276.757966435047,37072.0,0.0,20423.773714209212,14931.025552232075,-0.6054704359085024,-0.3188655520886695,5809.285714285712,0.7818314824680456,0.6234898018587138,-0.9350748843515574,0.3544502230989869,0.9749279121818124,-0.22252093395636355,-0.6628750027453377,-0.7487300786901568
2010-09-23,21377.0,86.0,935.0,17668.85714285714,13773.033333333333,2010,9,38,3,False,21377.0,23,38,9,3,2010,3,0,0,14626.0,25067.0,14418.0,13200.0,19081.0,16674.714285714286,14418.0,11590.427482974692,37072.0,0.0,15063.785714285714,13448.5,10160.781179678985,37072.0,0.0,13696.5,13448.5,9278.111864806442,37072.0,0.0,18974.33028565691,14911.346484293565,0.46157527690414324,0.4826605631849077,3221.857142857143,0.974927912181826,-0.22252093395630432,-0.9288394302558068,0.3704825404820963,-0.43388373911753947,-0.9009688679024281,-0.6882375836422284,-0.7254853743958638
2010-09-24,28035.0,67.0,810.0,19982.0,14121.7,2010,9,38,4,False,28035.0,24,38,9,3,2010,4,0,0,21377.0,37072.0,11843.0,10430.0,17575.0,17668.85714285714,14626.0,11662.822320355837,37072.0,0.0,15647.857142857143,14057.5,10279.72683606796,37072.0,0.0,13773.033333333333,13448.5,9333.36423982978,37072.0,0.0,19574.997714242683,15328.485421833222,0.3114562380128174,1.3672211432913959,4041.999999999998,0.4338837391175483,-0.9009688679024239,-0.9223291176290545,0.3864052261209853,-0.7818314824680161,0.6234898018587506,-0.7127855825108473,-0.7013820024527804
2010-09-25,0.0,0.0,0.0,19982.0,13534.8,2010,9,38,5,True,0.0,25,38,9,3,2010,5,1,0,28035.0,14626.0,0.0,0.0,17607.0,19982.0,21377.0,11917.707022186216,37072.0,0.0,16905.35714285714,14522.0,10662.021662872403,37072.0,0.0,14121.7,13448.5,9669.612270335387,37072.0,0.0,21689.99828568201,16148.260557825017,-1.0,0.0,6153.285714285714,-0.4338837391175359,-0.9009688679024298,-0.9155458729775467,0.40221356823680365,0.781831482467999,0.623489801858772,-0.7364899449095569,-0.6764484910524362
2010-09-26,13385.0,65.0,747.0,19937.42857142857,13737.1,2010,9,38,6,True,13385.0,26,38,9,3,2010,6,1,0,0.0,21377.0,13697.0,9278.0,7316.0,19982.0,21377.0,11917.707022186216,37072.0,0.0,16905.35714285714,14522.0,10662.021662872403,37072.0,0.0,13534.8,13055.0,9980.12194797998,37072.0,0.0,16267.498714261506,15106.437293751356,0.0,-0.022778710666569335,6153.285714285714,-0.9749279121818228,-0.22252093395631767,-0.9084917035725082,0.41790288888678667,0.43388373911756417,-0.9009688679024163,-0.7593226149052589,-0.6507143509201561
2010-09-27,57628.5,95.0,1012.0,34283.42857142857,17920.066666666666,2010,9,39,0,False,125489.0,27,39,9,3,2010,0,0,0,13385.0,28035.0,25067.0,28405.0,0.0,19937.428571428572,21377.0,11945.680681835629,37072.0,0.0,17198.714285714286,14522.0,10491.149005259118,37072.0,0.0,13737.1,13292.5,9910.989018987095,37072.0,0.0,15546.87403569613,14995.37682295953,3.305453866268211,1.2989787369848806,5477.4285714285725,-0.7818314824680541,0.6234898018587031,-0.9011686968561569,0.4334685453485363,-0.9749279121818063,-0.22252093395639028,-0.7812565682797488,-0.6242100403868479
2010-09-28,23634.0,127.0,1199.0,32363.714285714286,18415.666666666668,2010,9,39,1,False,23634.0,28,39,9,3,2010,1,0,0,57628.5,0.0,37072.0,11384.0,8766.0,24589.071428571428,21377.0,18703.99072931713,57628.5,0.0,19286.10714285714,14522.0,14881.119956532646,57628.5,0.0,15658.05,13541.0,12423.072260328554,57628.5,0.0,26067.2805267721,17745.90090416195,-0.5898904188031964,-0.36248381527837725,10605.92857142857,-1.763738983026824e-14,1.0,-0.8935790198239952,0.4489059314938798,-3.527477966053648e-14,1.0,-0.8022658445149573,-0.5969669293392242
2010-09-29,20736.0,99.0,967.0,33236.57142857143,19106.866666666665,2010,9,39,2,False,20736.0,29,39,9,3,2010,2,0,0,23634.0,13385.0,14626.0,21473.0,0.0,22669.35714285714,21377.0,17880.749193649313,57628.5,0.0,20161.10714285714,18001.5,14740.218738824959,57628.5,0.0,16153.65,13936.5,12435.20565609925,57628.5,0.0,25458.960395079077,18125.77826586391,-0.12261995430312267,0.4177492137289758,5016.5,0.7818314824680321,0.6234898018587307,-0.8857249183835637,0.4642104791518923,0.974927912181822,-0.2225209339563215,-0.8223255775192096,-0.5690172620911411
2010-09-30,24834.0,93.0,978.0,33730.42857142857,19462.13333333333,2010,9,39,3,False,24834.0,30,39,9,3,2010,3,0,0,20736.0,57628.5,21377.0,14418.0,14176.0,23542.214285714286,21377.0,17569.08396838308,57628.5,0.0,20108.464285714286,17681.0,14736.488651883385,57628.5,0.0,16844.85,14297.0,12077.509236786167,57628.5,0.0,24278.220296309304,18294.1796683483,0.19762731481481488,0.16171586284324269,6867.5,0.9749279121818307,-0.22252093395628328,-0.8776087166898392,0.4793776594606945,-0.4338837391175006,-0.9009688679024468,-0.8414120250581577,-0.5403941192199728
2010-10-01,22213.0,71.0,919.0,32898.71428571428,19772.233333333334,2010,10,39,4,False,22213.0,1,39,10,4,2010,4,0,0,24834.0,23634.0,28035.0,11843.0,12910.0,24036.071428571428,23634.0,17546.65002317293,57628.5,0.0,20852.464285714286,21056.5,14689.957509579175,57628.5,0.0,17200.116666666665,14522.0,12152.817151536436,57628.5,0.0,24417.165222231975,18716.10356137403,-0.10554079085125234,-0.2076689851970751,6367.214285714286,0.4338837391175677,-0.9009688679024145,-0.8692328164574792,0.49440298420761813,-0.7818314824680431,0.6234898018587169,-0.8595025968555411,-0.5111313784132033
2010-10-02,0.0,0.0,0.0,32898.71428571428,19040.1,2010,10,39,5,True,0.0,2,39,10,4,2010,5,1,0,22213.0,20736.0,0.0,0.0,21964.0,23204.35714285714,22213.0,17463.292365020712,57628.5,0.0,21593.178571428572,21795.0,14460.376829869028,57628.5,0.0,17510.216666666667,15186.0,12158.262430930161,57628.5,0.0,23866.12391667398,18941.70978355156,-1.0,0.0,3222.3571428571413,-0.4338837391175677,-0.9009688679024145,-0.8605996962501181,0.5092820071573356,0.7818314824680431,0.6234898018587169,-0.876575881330507,-0.4812636743715911
2010-10-03,20343.0,77.0,966.0,33892.71428571428,18677.43333333333,2010,10,39,6,True,20343.0,3,39,10,4,2010,6,1,0,0.0,24834.0,13385.0,13697.0,31223.0,23204.35714285714,22213.0,17463.292365020712,57628.5,0.0,21593.178571428572,21795.0,14460.376829869028,57628.5,0.0,16778.083333333332,14522.0,12536.248050108557,57628.5,0.0,17899.592937505484,17719.663989388664,0.0,0.5198356369069854,3222.3571428571413,-0.9749279121818181,-0.2225209339563387,-0.8517119107469189,0.5240103253675756,0.43388373911760303,-0.9009688679023975,-0.8926116709398649,-0.4508263578163351
2010-10-04,23529.0,84.0,1002.0,19327.0,19461.733333333334,2010,10,40,0,False,23529.0,4,40,10,4,2010,0,0,0,20343.0,22213.0,57628.5,25067.0,0.0,24198.35714285714,22213.0,17003.1899916709,57628.5,0.0,22067.89285714286,21795.0,14289.293555475731,57628.5,0.0,16415.416666666668,14522.0,12258.248651476964,57628.5,0.0,18510.444703129113,17888.911474161338,0.15661406872142747,-0.5917124339519508,4260.928571428569,-0.781831482468032,0.6234898018587307,-0.8425720899866032,0.5385835804920232,-0.974927912181822,-0.2225209339563215,-0.9075909860952637,-0.4198554536487849
2010-10-05,34855.0,130.0,1166.0,20930.0,20382.83333333333,2010,10,40,1,False,34855.0,5,40,10,4,2010,1,0,0,23529.0,0.0,23634.0,37072.0,7222.0,19327.0,22213.0,8673.845398668343,24834.0,0.0,21958.035714285714,21795.0,14270.36214362357,57628.5,0.0,17199.716666666667,15186.0,11919.787241855114,57628.5,0.0,19765.083527346836,18252.788153684356,0.4813634238599176,0.47478209359397483,-5262.0714285714275,1.76448175979073e-14,1.0,-0.8331829385891785,0.5529974600700271,3.52896351958146e-14,1.0,-0.9214960976269942,-0.3883876183121974
2010-10-06,21884.0,63.0,738.0,21094.0,20572.033333333333,2010,10,40,2,False,21884.0,6,40,10,4,2010,2,0,0,34855.0,20343.0,20736.0,14626.0,16208.0,20930.0,22213.0,10456.21693858093,34855.0,0.0,21799.678571428572,21795.0,14101.038580963212,57628.5,0.0,18120.816666666666,15977.0,12186.849826677462,57628.5,0.0,23537.562645510126,19323.89859658455,-0.3721417300243868,0.05536265432098775,-1739.3571428571413,0.7818314824680186,0.6234898018587476,-0.8235472349556007,0.5672476988027229,0.9749279121818316,-0.22252093395627948,-0.9343105477678196,-0.3564600964060307
2010-10-07,30072.0,121.0,1360.0,21842.285714285717,21049.566666666666,2010,10,40,3,False,30072.0,7,40,10,4,2010,3,0,0,21884.0,23529.0,24834.0,21377.0,15746.0,21094.0,22213.0,10461.668477510337,34855.0,0.0,22318.10714285714,22048.5,13949.616617531061,57628.5,0.0,18310.016666666666,18044.5,12200.181929454231,57628.5,0.0,23124.171984132594,19489.066429236416,0.3741546335222079,0.2109205122010147,-2448.2142857142862,0.9749279121818228,-0.2225209339563177,-0.8136678304455991,0.5813300798152042,-0.43388373911756417,-0.9009688679024163,-0.9460191696320084,-0.32411067660409654
2010-10-08,41441.0,78.0,995.0,24589.14285714286,22090.666666666668,2010,10,40,4,False,41441.0,8,40,10,4,2010,4,0,0,30072.0,34855.0,22213.0,28035.0,10208.0,21842.285714285714,22213.0,10949.706293082114,34855.0,0.0,22939.178571428572,22871.0,14097.273071832471,57628.5,0.0,18787.55,20539.5,12375.473048673664,57628.5,0.0,24861.128988099448,20171.836337698373,0.3780593242883745,0.8656192319812723,-2193.7857142857138,0.43388373911758715,-0.9009688679024052,-0.8035476485339116,0.5952404359043674,-0.78183148246807,0.6234898018586832,-0.9566081051665098,-0.29137764692875745
2010-10-09,0.0,0.0,0.0,24589.14285714286,21650.666666666668,2010,10,40,5,True,0.0,9,40,10,4,2010,5,1,0,41441.0,21884.0,0.0,0.0,13200.0,24589.14285714286,23529.0,13232.107484304637,41441.0,0.0,23896.75,22871.0,14902.357073179339,57628.5,0.0,19828.65,21056.5,12930.145350244453,57628.5,0.0,29006.096741074587,21544.040446204726,-1.0,0.0,1384.7857142857174,-0.4338837391175483,-0.9009688679024238,-0.7931896839451843,0.6089746507720486,0.7818314824680161,0.6234898018587506,-0.9660648215530205,-0.25829974943412287
2010-10-10,12414.0,68.0,897.0,23456.42857142857,21716.8,2010,10,40,6,True,12414.0,10,40,10,4,2010,6,1,0,0.0,30072.0,20343.0,13385.0,10430.0,24589.14285714286,23529.0,13232.107484304637,41441.0,0.0,23896.75,22871.0,14902.357073179339,57628.5,0.0,19388.65,21056.5,13380.2472331354,57628.5,0.0,21754.57255580594,20154.10235170622,0.0,-0.38976552130954134,1384.7857142857174,-0.9749279121818133,-0.22252093395635972,-0.7825970017677834,0.6225286602431057,0.4338837391176419,-0.9009688679023788,-0.9743781260415392,-0.22491613435184774
2010-10-11,24913.0,91.0,1130.0,23654.14285714286,22547.233333333334,2010,10,41,0,False,24913.0,11,41,10,4,2010,0,0,0,12414.0,41441.0,23529.0,57628.5,0.0,23456.428571428572,23529.0,13974.709858134724,41441.0,0.0,23827.39285714286,22871.0,14957.201805585888,57628.5,0.0,19454.783333333333,21056.5,13339.281618512614,57628.5,0.0,19419.429416854455,19654.74090925904,1.006847108103754,0.05882102936801403,-741.9285714285688,-0.7818314824680456,0.6234898018587138,-0.7717727365467837,0.6358984534680745,-0.9749279121818124,-0.22252093395636355,-0.9815381791978468,-0.19126631375382222
2010-10-12,29531.0,110.0,1134.0,22893.571428571428,23222.33333333333,2010,10,41,1,False,29531.0,12,41,10,4,2010,1,0,0,24913.0,0.0,34855.0,23634.0,9278.0,23654.14285714286,24913.0,13985.693826533028,41441.0,0.0,21490.571428571428,22871.0,11403.595699564272,41441.0,0.0,20285.216666666667,21425.0,12852.977030488475,57628.5,0.0,20792.82206264084,19993.983431497563,0.18536507044514905,-0.15274709510830586,4327.142857142859,-3.9163938347251765e-15,1.0,-0.7607200913564104,0.6490800741100398,-7.832787669450353e-15,1.0,-0.9875365065492301,-0.15739011478661072
2010-10-13,40097.0,86.0,1035.0,25495.42857142857,23612.066666666666,2010,10,41,2,False,40097.0,13,41,10,4,2010,2,0,0,29531.0,12414.0,21884.0,20736.0,28405.0,22893.571428571428,24913.0,13407.875532153277,41441.0,0.0,21911.785714285714,22871.0,11596.140731882577,41441.0,0.0,20960.316666666666,21678.5,12786.609952497138,57628.5,0.0,22977.36654698063,20609.27482344691,0.35779350513020214,0.8322518735148967,1963.5714285714275,0.7818314824680407,0.6234898018587199,-0.7494423368521953,0.6620696215153815,0.9749279121818158,-0.22252093395634825,-0.9923660086146721,-0.12332763253295889
2010-10-14,37123.0,99.0,1014.0,26502.714285714286,24470.033333333333,2010,10,41,3,False,37123.0,14,41,10,4,2010,3,0,0,40097.0,24913.0,30072.0,24834.0,11384.0,25495.428571428572,29531.0,14867.065691847689,41441.0,0.0,23294.714285714286,24181.5,12559.583851683634,41441.0,0.0,21350.05,21678.5,13193.071594950236,57628.5,0.0,27257.274910235476,21866.54741631042,-0.07417013741676437,0.23447060388401164,4401.4285714285725,0.9749279121818276,-0.22252093395629666,-0.7379428103031386,0.6748632518680403,-0.4338837391175253,-0.9009688679024349,-0.9960209693076331,-0.08911918255618792
2010-10-15,22350.0,117.0,1081.0,23775.42857142857,24499.266666666663,2010,10,41,4,False,22350.0,15,41,10,4,2010,4,0,0,37123.0,29531.0,41441.0,22213.0,21473.0,26502.714285714286,29531.0,15456.017670735746,41441.0,0.0,24172.5,24221.0,13093.527119270677,41441.0,0.0,22208.016666666666,22048.5,13358.501877910054,57628.5,0.0,29723.706182676608,22850.834680380533,-0.39794736416776666,-0.46067903766801,4660.4285714285725,0.43388373911755534,-0.9009688679024205,-0.7262249146041543,0.6874571793269664,-0.7818314824680259,0.6234898018587384,-0.9984970627014779,-0.054805253183622435
2010-10-16,0.0,0.0,0.0,23775.42857142857,24018.666666666668,2010,10,41,5,True,0.0,16,41,10,4,2010,5,1,0,22350.0,40097.0,0.0,0.0,14418.0,23775.428571428572,24913.0,13996.171724881813,40097.0,0.0,24182.285714285714,24221.0,13092.001101251275,41441.0,0.0,22237.25,22281.5,13357.797506319206,57628.5,0.0,27880.279637007457,22818.522765498656,-1.0,0.0,-813.7142857142862,-0.43388373911752887,-0.9009688679024332,-0.7142921172691032,0.699847677146407,0.7818314824679893,0.6234898018587843,-0.9997913581495419,-0.020426457585556834
2010-10-17,18978.0,71.0,1118.0,24713.14285714286,24256.5,2010,10,41,6,True,18978.0,17,41,10,4,2010,6,1,0,0.0,37123.0,12414.0,20343.0,11843.0,23775.428571428572,24913.0,13996.171724881813,40097.0,0.0,24182.285714285714,24221.0,13092.001101251275,41441.0,0.0,21756.65,22281.5,13897.304624024438,57628.5,0.0,20910.20972775559,21346.36000564068,0.0,0.528757854035766,-813.7142857142862,-0.9749279121818211,-0.22252093395632533,-0.7021479494046978,0.7120310787787131,0.43388373911757827,-0.9009688679024094,-0.9999023237537765,0.01397651429355571
2010-10-18,19725.0,104.0,1194.0,23972.0,24914.0,2010,10,42,0,False,19725.0,18,42,10,4,2010,0,0,0,18978.0,22350.0,24913.0,23529.0,0.0,24713.14285714286,24913.0,13311.242384147472,40097.0,0.0,24084.785714285714,24221.0,13127.826565550162,41441.0,0.0,21994.483333333334,22281.5,13782.373422102028,57628.5,0.0,20427.15729581669,21193.562585844877,0.03936136579196958,-0.20824469152651226,1256.7142857142862,-0.7818314824680235,0.6234898018587414,-0.6897960046655887,0.7240037789593305,-0.9749279121818281,-0.22252093395629474,-0.9988298281778684,0.04836294389478229
2010-10-19,27244.0,78.0,1089.0,23645.285714285717,25365.566666666666,2010,10,42,1,False,27244.0,19,42,10,4,2010,1,0,0,19725.0,0.0,29531.0,34855.0,13697.0,23972.0,22350.0,13442.04609921174,40097.0,0.0,23813.071428571428,23631.5,13179.480049649936,41441.0,0.0,22651.983333333334,22281.5,13153.057553600735,57628.5,0.0,20251.617971862517,21098.816612519866,0.3811913814955641,-0.07744404185432263,317.8571428571413,-2.5477605267357653e-14,1.0,-0.6772399381909491,0.7357622347736527,-5.0955210534715306e-14,1.0,-0.996575140802686,0.08269213223823901
2010-10-20,24039.0,108.0,1078.0,21351.285714285717,25331.3,2010,10,42,2,False,24039.0,20,42,10,4,2010,2,0,0,27244.0,18978.0,40097.0,21884.0,25067.0,23645.285714285714,22350.0,13311.573457137294,40097.0,0.0,23269.428571428572,23631.5,12841.616377497538,41441.0,0.0,23103.55,22939.5,13067.282497447717,57628.5,0.0,21999.713478896887,21495.280057048378,-0.11764058141242106,-0.40047883881587154,751.7142857142862,0.7818314824680271,0.6234898018587368,-0.6644834655228552,0.7473029667054297,0.9749279121818255,-0.22252093395630623,-0.9931409302238695,0.11692344809347308
2010-10-21,17798.0,96.0,1063.0,18590.571428571428,24688.83333333333,2010,10,42,3,False,17798.0,21,42,10,4,2010,3,0,0,24039.0,19725.0,37123.0,30072.0,37072.0,21351.285714285714,22350.0,11223.836119531295,37123.0,0.0,23423.35714285714,24476.0,12836.646929829405,41441.0,0.0,23069.283333333333,22939.5,13063.303417089954,57628.5,0.0,22509.535109172662,21659.391021177522,-0.25961978451682677,-0.5205667645395038,-4144.142857142859,0.9749279121818325,-0.22252093395627565,-0.6515303615068021,0.75862255966641,-0.43388373911748646,-0.9009688679024537,-0.9885312610933433,0.15101637606963153
2010-10-22,23118.0,88.0,1083.0,18700.285714285717,24971.9,2010,10,42,4,False,23118.0,22,42,10,4,2010,4,0,0,17798.0,27244.0,22350.0,41441.0,14626.0,18590.571428571428,19725.0,8816.4150661733,27244.0,0.0,22546.64285714286,23194.5,12766.58184845914,41441.0,0.0,22426.816666666666,22281.5,12822.628758729446,57628.5,0.0,21331.651331879497,21410.269019715022,0.2989099898865042,0.034362416107382554,-7912.142857142859,0.4338837391175748,-0.9009688679024112,-0.6383844591746642,0.769717664006921,-0.7818314824680529,0.6234898018587046,-0.9827515893084885,0.1849305645685428
2010-10-23,0.0,0.0,0.0,18700.285714285717,24259.33333333333,2010,10,42,5,True,0.0,23,42,10,4,2010,5,1,0,23118.0,24039.0,0.0,0.0,21377.0,18700.285714285714,19725.0,8875.575975944426,27244.0,0.0,21237.85714285714,22734.0,11563.07715803355,40097.0,0.0,22709.883333333335,22734.0,12737.936323739561,57628.5,0.0,21778.23849890962,21520.445212031274,-1.0,0.0,-5075.142857142859,-0.43388373911750944,-0.9009688679024426,-0.6250496486104377,0.7805849965070866,0.7818314824679624,0.6234898018588181,-0.9758087555546684,0.2186258735439368
2010-10-24,15445.0,83.0,1044.0,18195.571428571428,23839.666666666668,2010,10,42,6,True,15445.0,24,42,10,4,2010,6,1,0,0.0,17798.0,18978.0,12414.0,28035.0,18700.285714285714,19725.0,8875.575975944426,27244.0,0.0,21237.85714285714,22734.0,11563.07715803355,40097.0,0.0,21997.316666666666,22734.0,13395.991831374951,57628.5,0.0,16333.678874182215,20132.029391430988,0.0,-0.18616292549267577,-5075.142857142859,-0.974927912181829,-0.2225209339562909,-0.6115298757991053,0.7912213413483807,0.4338837391175147,-0.90096886790244,-0.9677109772087535,0.25206242201026163
2010-10-25,14485.0,73.0,996.0,17447.0,24322.5,2010,10,43,0,False,14485.0,25,43,10,4,2010,0,0,0,15445.0,23118.0,19725.0,24913.0,0.0,18195.571428571428,19725.0,8957.228902905605,27244.0,0.0,21454.35714285714,22734.0,11412.551528957,40097.0,0.0,21577.65,22281.5,13397.530585090983,57628.5,0.0,16111.50915563666,19829.640398339834,-0.062156037552606014,-0.26565272496831427,-6517.571428571431,-0.7818314824680369,0.6234898018587246,-0.5978291414589552,0.801623551065242,-0.9749279121818185,-0.2225209339563368,-0.9584678386132249,0.28520063524489725
2010-10-26,25974.0,104.0,1149.0,17265.571428571428,24742.13333333333,2010,10,43,1,False,25974.0,26,43,10,4,2010,1,0,0,14485.0,0.0,27244.0,29531.0,13385.0,17447.0,17798.0,9026.79688483129,27244.0,0.0,20709.5,21037.5,11509.34295892488,40097.0,0.0,22060.483333333334,22281.5,12842.598581232625,57628.5,0.0,15704.881866727495,19484.824888667536,0.7931653434587504,-0.04661576860960215,-6525.0,9.804602160817886e-15,1.0,-0.5839514998576998,0.8117885474764613,1.9609204321635772e-14,1.0,-0.9480902797323661,0.31800129162788576
2010-10-27,16197.0,72.0,962.0,16145.285714285714,21099.066666666666,2010,10,43,2,False,16197.0,27,43,10,4,2010,2,0,0,25974.0,15445.0,24039.0,40097.0,57628.5,17265.571428571428,17798.0,8807.16070132977,25974.0,0.0,20455.428571428572,21037.5,11337.606060664355,40097.0,0.0,22480.116666666665,22734.0,12754.724140140861,57628.5,0.0,18272.16140004562,19903.481347579014,-0.37641487641487636,-0.3262198926744041,-6379.714285714286,0.7818314824680137,0.6234898018587537,-0.5699010576127624,0.821713322596059,0.974927912181835,-0.22252093395626418,-0.936590583203982,0.3504255690637097
2010-10-28,14298.0,63.0,883.0,15645.285714285714,20787.866666666665,2010,10,43,3,False,14298.0,28,43,10,4,2010,3,0,0,16197.0,14485.0,17798.0,37123.0,23634.0,16145.285714285714,16197.0,8285.2651076934,25974.0,0.0,18748.285714285714,19351.5,9855.0229943811,37123.0,0.0,21099.066666666666,22281.5,10930.274911939534,41441.0,0.0,17753.371050034217,19664.353518641055,-0.11724393406186329,-0.19665130913585793,-5206.0,0.9749279121818246,-0.22252093395631004,-0.5556819724760489,0.8313949395234058,-0.43388373911755007,-0.900968867902423,-0.9239823598019431,0.3824350909302552
2010-10-29,25578.0,83.0,972.0,15996.714285714286,20949.266666666663,2010,10,43,4,False,25578.0,29,43,10,4,2010,4,0,0,14298.0,25974.0,23118.0,22350.0,20736.0,15645.285714285714,15445.0,8274.506102366173,25974.0,0.0,17117.928571428572,18388.0,8355.289586329647,27244.0,0.0,20787.866666666665,22048.5,10988.363182471043,41441.0,0.0,16889.528287525663,19318.137162515868,0.7889215274863617,0.10641058915131074,-2945.2857142857138,0.43388373911754297,-0.9009688679024264,-0.5412984521036173,0.8408305333122887,-0.7818314824680088,0.6234898018587598,-0.9102805323268018,0.41399197150045597
2010-10-30,0.0,0.0,0.0,15996.714285714286,20121.466666666667,2010,10,43,5,True,0.0,30,43,10,4,2010,5,1,0,25578.0,16197.0,0.0,0.0,24834.0,15996.714285714286,15445.0,8686.748024323893,25974.0,0.0,17348.5,18388.0,8552.98052188197,27244.0,0.0,20949.266666666666,22281.5,11023.08052861041,41441.0,0.0,19061.646215644247,19721.99928115471,-1.0,0.0,-2703.5714285714275,-0.43388373911754125,-0.9009688679024273,-0.5267547528105542,0.8500173118187018,0.7818314824680064,0.6234898018587629,-0.895501317943504,0.44505886078298396
2010-10-31,16352.0,83.0,1149.0,16126.285714285714,19926.1,2010,10,43,6,True,16352.0,31,43,10,4,2010,6,1,0,0.0,14298.0,15445.0,18978.0,22213.0,15996.714285714286,15445.0,8686.748024323893,25974.0,0.0,17348.5,18388.0,8552.98052188197,27244.0,0.0,20121.466666666667,22048.5,11636.689690248104,41441.0,0.0,14296.234661733184,18449.612230488015,0.0,0.058724506312722635,-2703.5714285714275,-0.9749279121818242,-0.22252093395631195,-0.5120551783114646,0.8589525565270845,0.43388373911755357,-0.9009688679024214,-0.8796622089871292,0.47559898872882833
2010-11-01,14127.0,62.0,1115.0,16075.142857142857,20397.0,2010,11,44,0,False,14127.0,1,44,11,4,2010,0,0,0,16352.0,25578.0,14485.0,19725.0,0.0,16126.285714285714,16197.0,8683.911037358785,25974.0,0.0,17160.928571428572,17075.0,8543.285104637498,27244.0,0.0,19926.1,21113.5,11649.557020881039,41441.0,0.0,14810.17599629989,18314.28240913938,-0.13606898238747556,-0.02471522264411463,-2069.2857142857138,-0.7818314824680505,0.6234898018587077,-0.4972040784469378,0.8676336233547726,-0.9749279121818089,-0.2225209339563788,-0.8627819522593745,0.5055762087514626
2010-11-02,24166.0,91.0,1048.0,15816.857142857143,20524.43333333333,2010,11,44,1,False,24166.0,2,44,11,4,2010,1,0,0,14127.0,0.0,25974.0,27244.0,20343.0,16075.142857142857,16197.0,8696.233675727495,25974.0,0.0,16761.071428571428,16274.5,8545.049061067119,27244.0,0.0,20397.0,21113.5,11088.330118984837,41441.0,0.0,14639.381997224917,18044.135156886747,0.7106250442415234,-0.06960806960806964,-1371.8571428571431,-1.175660927181459e-14,1.0,-0.4822058478963526,0.8760579434344281,-2.351321854362918e-14,1.0,-0.8448805268402667,0.5349550405091192
2010-11-03,23637.0,87.0,1027.0,16879.714285714286,20528.033333333333,2010,11,44,2,False,23637.0,3,44,11,4,2010,2,0,0,24166.0,16352.0,16197.0,24039.0,23529.0,15816.857142857143,16197.0,8374.111861934392,25578.0,0.0,16541.214285714286,16274.5,8290.386834981013,25974.0,0.0,20524.433333333334,22117.0,11109.635686268442,41441.0,0.0,17021.03649791869,18439.0941790916,-0.02189025904162878,0.45934432302278205,-1448.7142857142844,0.7818314824680003,0.6234898018587706,-0.46706492487743034,0.8842230238742036,0.9749279121818447,-0.22252093395622213,-0.8259791204413983,0.5637007118984807
2010-11-04,57628.5,132.0,1361.0,23447.0,21375.166666666668,2010,11,44,3,False,60269.0,4,44,11,4,2010,3,0,0,23637.0,14127.0,14298.0,17798.0,34855.0,16879.714285714286,16352.0,8886.853262249904,25578.0,0.0,16512.5,16274.5,8263.071330183011,25974.0,0.0,20528.033333333333,22117.0,11110.66031894543,41441.0,0.0,18675.027373439018,18774.442941785273,1.4380632059906078,3.03052874527906,734.4285714285725,0.9749279121818294,-0.22252093395628902,-0.451785789832884,0.8921264484954345,-0.4338837391175112,-0.9009688679024417,-0.8061001043286311,0.5917792002101544
2010-11-05,22449.0,75.0,1033.0,23000.0,21394.0,2010,11,44,4,False,22449.0,5,44,11,4,2010,4,0,0,57628.5,24166.0,25578.0,23118.0,21884.0,23069.785714285714,23637.0,17604.148961388677,57628.5,0.0,19357.535714285714,16274.5,13764.984205283465,57628.5,0.0,21287.15,22117.0,12776.394341309884,57628.5,0.0,28413.395530079266,21281.15630076032,-0.6104531611962831,-0.12233169129720856,7424.5,0.43388373911761363,-0.9009688679023924,-0.4363729641045924,0.8997658785476209,-0.7818314824681066,0.6234898018586372,-0.7852670068439961,0.6191572723971441
2010-11-06,0.0,0.0,0.0,23000.0,20391.6,2010,11,44,5,True,0.0,6,44,11,4,2010,5,1,0,22449.0,23637.0,0.0,0.0,30072.0,22622.785714285714,22449.0,17569.53773309822,57628.5,0.0,19309.75,16274.5,13752.080579302004,57628.5,0.0,21305.983333333334,22399.5,12777.720836164566,57628.5,0.0,26922.29664755945,21356.50105556068,-1.0,0.0,6626.0714285714275,-0.433883739117573,-0.9009688679024119,-0.42083100859565564,0.9071390534005044,0.7818314824680505,0.6234898018587077,-0.7635044855580851,0.6458025244087264
2010-11-07,18428.0,82.0,1106.0,23296.571428571428,19624.5,2010,11,44,6,True,18428.0,7,44,11,4,2010,6,1,0,0.0,57628.5,16352.0,15445.0,41441.0,22622.785714285714,22449.0,17569.53773309822,57628.5,0.0,19309.75,16274.5,13752.080579302004,57628.5,0.0,20303.583333333332,21037.5,13237.605846721719,57628.5,0.0,20191.722485669587,19978.66227759952,0.0,0.12695694716242656,6626.0714285714275,-0.9749279121818194,-0.22252093395633296,-0.4051645224207563,0.9142437912130223,0.4338837391175924,-0.9009688679024026,-0.7408382980859317,0.6716834195431209
2010-11-08,32397.0,82.0,1216.0,25906.571428571428,20704.4,2010,11,45,0,False,32397.0,8,45,11,4,2010,0,0,0,18428.0,22449.0,14127.0,14485.0,0.0,22919.35714285714,22449.0,17463.245824479214,57628.5,0.0,19522.821428571428,17390.0,13710.641464552467,57628.5,0.0,19536.483333333334,19351.5,12623.003365833769,57628.5,0.0,19750.791864252187,19878.61955000002,0.758031256783156,1.293268209811,6793.0714285714275,-0.7818314824680284,0.6234898018587353,-0.3893781415452015,0.9210779895789526,-0.9749279121818246,-0.22252093395631004,-0.717295271600886,0.6967693257736101
2010-11-09,35361.0,121.0,1109.0,27505.85714285714,21469.3,2010,11,45,1,False,35361.0,9,45,11,4,2010,1,0,0,32397.0,0.0,24166.0,25974.0,12414.0,25529.35714285714,23637.0,17294.62921621018,57628.5,0.0,20802.25,20438.5,14036.24337857862,57628.5,0.0,20616.383333333335,21037.5,12275.008803763496,57628.5,0.0,22912.34389818914,20686.256998481018,0.09148995277340499,0.4632541587354133,9454.214285714284,2.352559815636095e-14,1.0,-0.37347653741307074,0.9276396261490467,4.70511963127219e-14,1.0,-0.6929032710826029,0.7210305520038863
2010-11-10,35184.0,131.0,1478.0,29155.42857142857,21811.666666666668,2010,11,45,2,False,35184.0,10,45,11,4,2010,2,0,0,35361.0,18428.0,23637.0,16197.0,24913.0,27128.64285714286,23637.0,17661.274271491784,57628.5,0.0,21472.75,20438.5,14518.226969452513,57628.5,0.0,21381.283333333333,22399.5,12459.827669204114,57628.5,0.0,26024.507923641857,21633.014611585215,-0.005005514549927925,0.4885137707830942,11311.785714285716,0.7818314824680223,0.6234898018587429,-0.3574644155648614,0.9339267592294762,0.974927912181829,-0.22252093395629094,-0.6676911663366994,0.7444383832097442
2010-11-11,34397.0,129.0,1274.0,25459.42857142857,21973.866666666665,2010,11,45,3,False,34397.0,11,45,11,4,2010,3,0,0,35184.0,32397.0,57628.5,14298.0,29531.0,28778.214285714286,32397.0,17819.339965931096,57628.5,0.0,22828.964285714286,23043.0,14870.053241413505,57628.5,0.0,21723.65,22399.5,12699.032514838724,57628.5,0.0,28314.380942731394,22507.27173350738,-0.02236812187357895,-0.40312518979324463,11898.5,0.9749279121818215,-0.2225209339563234,-0.34134651424503615,0.9399375283564133,-0.4338837391175748,-0.9009688679024112,-0.641688797825113,0.7669651144255266
2010-11-12,23217.0,111.0,1275.0,25569.14285714286,21411.2,2010,11,45,4,False,23217.0,12,45,11,4,2010,4,0,0,34397.0,35361.0,22449.0,25578.0,40097.0,25459.428571428572,32397.0,13085.008328326787,35361.0,0.0,24264.60714285714,23901.5,14953.073769653984,57628.5,0.0,21885.85,22399.5,12832.565253500366,57628.5,0.0,29835.035707048548,23274.350976579914,-0.32502834549524673,0.03421087799011091,2389.6428571428587,0.4338837391175818,-0.9009688679024077,-0.3251276029999093,0.9456701548465688,-0.7818314824680627,0.6234898018586924,-0.6149269413476359,0.7885840835350667
2010-11-13,0.0,0.0,0.0,25569.14285714286,20173.766666666663,2010,11,45,5,True,0.0,13,45,11,4,2010,5,1,0,23217.0,35184.0,0.0,0.0,37123.0,25569.14285714286,32397.0,13058.753149115126,35361.0,0.0,24095.964285714286,23427.0,14950.435319703103,57628.5,0.0,21323.183333333334,22399.5,12368.195253791866,57628.5,0.0,28180.52678028641,23270.650913574427,-1.0,0.0,2946.357142857145,-0.43388373911755357,-0.9009688679024214,-0.30881248126625377,0.9511229423235357,0.7818314824680235,0.6234898018587414,-0.587437271616382,0.8092697028283593
2010-11-14,17295.0,90.0,1226.0,25407.285714285717,20005.266666666663,2010,11,45,6,True,17295.0,14,45,11,4,2010,6,1,0,0.0,34397.0,18428.0,16352.0,22350.0,25569.14285714286,32397.0,13058.753149115126,35361.0,0.0,24095.964285714286,23427.0,14950.435319703103,57628.5,0.0,20085.75,21037.5,12588.037649888092,57628.5,0.0,21135.395085214805,21769.31859644457,0.0,-0.061482526589971775,2946.357142857145,-0.9749279121818146,-0.22252093395635397,-0.29240597695107734,0.9562942772197719,0.4338837391176313,-0.900968867902384,-0.5592523247663436,0.828997489286572
2010-11-15,37969.0,103.0,1412.0,26203.285714285717,21270.9,2010,11,46,0,False,37969.0,15,46,11,4,2010,0,0,0,17295.0,23217.0,32397.0,14127.0,0.0,25407.285714285714,32397.0,13168.575836871236,35361.0,0.0,24163.321428571428,23427.0,14914.944301718037,57628.5,0.0,19917.25,19351.5,12590.516072760814,57628.5,0.0,20175.2963139111,21480.652880522426,1.1953743856605956,0.17199123375621195,2487.9285714285725,-0.7818314824680419,0.6234898018587184,-0.27591294500296043,0.9611826292540837,-0.974927912181815,-0.22252093395635206,-0.5304054598463659,0.8477440935595867
2010-11-16,39307.0,108.0,1366.0,26767.0,21948.533333333333,2010,11,46,1,False,39307.0,16,46,11,4,2010,1,0,0,37969.0,0.0,35361.0,24166.0,18978.0,26203.285714285714,34397.0,13814.084512003043,37969.0,0.0,25866.321428571428,23901.5,15041.451476614591,57628.5,0.0,21182.883333333335,21087.0,12426.64788606306,57628.5,0.0,24623.722235433328,22544.417210888845,0.035239274144696964,0.11159186674584998,673.9285714285725,-5.4879032137079545e-14,1.0,-0.2593382659754056,0.9657865518844574,-1.0975806427415909e-13,1.0,-0.5009308193361626,0.8654873276017396
2010-11-17,28549.0,119.0,1265.0,25819.14285714286,22242.666666666668,2010,11,46,2,False,28549.0,17,46,11,4,2010,2,0,0,39307.0,17295.0,35184.0,23637.0,19725.0,26767.0,34397.0,14321.270695484176,39307.0,0.0,26947.821428571428,28017.0,15448.610016646422,57628.5,0.0,21860.516666666666,22783.5,12849.355598013291,57628.5,0.0,28294.541676574998,23625.874165098798,-0.273691708855929,-0.18858003638017284,-361.6428571428587,0.7818314824680088,0.6234898018587598,-0.2426868445825954,0.9701046827361175,0.9749279121818386,-0.2225209339562489,-0.4708632887360563,0.8822061909330864
2010-11-18,21366.0,104.0,1207.0,23957.571428571428,22046.733333333334,2010,11,46,3,False,21366.0,18,46,11,4,2010,3,0,0,28549.0,37969.0,34397.0,57628.5,27244.0,25819.14285714286,28549.0,13884.243880847727,39307.0,0.0,27298.678571428572,30473.0,15423.39130821844,57628.5,0.0,22154.65,23167.5,12899.682146010557,57628.5,0.0,28358.15625743125,23943.495186725588,-0.2516025079687555,-0.3788411780097102,-2959.0714285714275,0.974927912181839,-0.22252093395624697,-0.22596360824801906,0.974135744004672,-0.4338837391174335,-0.9009688679024791,-0.4402384552773285,0.8978808954950716
2010-11-19,25313.0,108.0,1120.0,24257.0,22089.2,2010,11,46,4,False,25313.0,19,46,11,4,2010,4,0,0,21366.0,39307.0,23217.0,22449.0,24039.0,23957.571428571428,23217.0,13407.87131821135,39307.0,0.0,24708.5,25883.0,12751.546661845787,39307.0,0.0,21958.716666666667,22783.5,12864.306371053724,57628.5,0.0,26610.117193073438,23777.205174668852,0.18473275297201153,0.09027867510875653,-1501.857142857145,0.43388373911755007,-0.900968867902423,-0.20917350564635637,0.9778785428342386,-0.7818314824680186,0.6234898018587476,-0.40909256580197667,0.9124928890712274
2010-11-20,0.0,0.0,0.0,24257.0,21495.93333333333,2010,11,46,5,True,0.0,20,46,11,4,2010,5,1,0,25313.0,28549.0,0.0,0.0,17798.0,24257.0,25313.0,13411.97983147903,39307.0,0.0,24913.071428571428,26931.0,12735.472679846655,39307.0,0.0,22001.183333333334,22783.5,12873.509969676797,57628.5,0.0,26285.83789480508,23876.288711792524,-1.0,0.0,-1312.1428571428587,-0.4338837391175854,-0.900968867902406,-0.19232150523909483,0.9813319716704275,0.7818314824680676,0.6234898018586862,-0.3774624838618108,0.9260248772451376
2010-11-21,17985.0,96.0,1286.0,24355.571428571428,21324.83333333333,2010,11,46,6,True,17985.0,21,46,11,4,2010,6,1,0,0.0,21366.0,17295.0,18428.0,23118.0,24257.0,25313.0,13411.97983147903,39307.0,0.0,24913.071428571428,26931.0,12735.472679846655,39307.0,0.0,21407.916666666668,22783.5,13470.167378630951,57628.5,0.0,19714.378421103807,22335.88298837062,0.0,0.0398959236773635,-1312.1428571428587,-0.9749279121818224,-0.22252093395631958,-0.17541259380427843,0.9844950085880858,0.4338837391175677,-0.9009688679024145,-0.345385646087603,0.9384608438697104
2010-11-22,19775.0,93.0,1338.0,21756.42857142857,21984.0,2010,11,47,0,False,19775.0,22,47,11,4,2010,0,0,0,17985.0,25313.0,37969.0,32397.0,0.0,24355.571428571428,25313.0,13354.697948127265,39307.0,0.0,24881.428571428572,26931.0,12753.362879071321,39307.0,0.0,21236.816666666666,21907.5,13480.292875465779,57628.5,0.0,19282.033815827857,22055.18086007493,0.09952738393105376,-0.47918038399747165,-1051.7142857142862,-0.7818314824680198,0.623489801858746,-0.15845177496083632,0.9873667175937016,-0.9749279121818307,-0.22252093395628328,-0.3129000178799537,0.949786070023521
2010-11-23,26947.0,132.0,1422.0,19990.714285714286,22367.4,2010,11,47,1,False,26947.0,23,47,11,4,2010,1,0,0,19775.0,0.0,39307.0,35361.0,15445.0,21756.428571428572,21366.0,11961.432019301914,39307.0,0.0,23979.85714285714,24265.0,12626.710411828391,39307.0,0.0,21895.983333333334,21907.5,12875.973467372141,57628.5,0.0,19405.275361870892,21908.072417482726,0.3626801517067004,-0.31444780827842367,-4446.857142857141,-1.9596824708904003e-14,1.0,-0.14144406768794202,0.9899462489023779,-3.9193649417808005e-14,1.0,-0.2800440484743445,0.9599871514317777
2010-11-24,28754.0,133.0,1337.0,20020.0,22843.033333333333,2010,11,47,2,False,28754.0,24,47,11,4,2010,2,0,0,26947.0,17985.0,28549.0,35184.0,14485.0,19990.714285714286,21366.0,9622.45967713532,28549.0,0.0,23378.85714285714,24265.0,12237.572395367793,39307.0,0.0,22279.383333333335,22833.0,12848.477443465043,57628.5,0.0,21290.706521403168,22233.164519594513,0.06705755742754294,0.007180636799887896,-6776.285714285714,0.7818314824680309,0.6234898018587323,-0.12439450483979998,0.9922328391893008,0.9749279121818228,-0.2225209339563177,-0.2468566254334839,0.9690520143313219
2010-11-25,38054.0,153.0,1238.0,22404.0,23245.7,2010,11,47,3,False,38054.0,25,47,11,4,2010,3,0,0,28754.0,19775.0,21366.0,34397.0,25974.0,20020.0,21366.0,9653.110897529352,28754.0,0.0,22919.571428571428,24265.0,11875.747333337573,39307.0,0.0,22755.016666666666,23427.0,12814.053765490653,57628.5,0.0,23156.529891052374,22653.86358286331,0.3234332614592752,0.7810540110455864,-5799.142857142859,0.9749279121818312,-0.22252093395628136,-0.10730813165636247,0.9942258118156161,-0.43388373911749706,-0.9009688679024486,-0.21337702862092797,0.9769699297608415
2010-11-26,17394.0,84.0,1161.0,21272.714285714286,23285.6,2010,11,47,4,False,17394.0,26,47,11,4,2010,4,0,0,38054.0,26947.0,25313.0,23217.0,16197.0,22404.0,25313.0,11851.332892689052,38054.0,0.0,23180.785714285714,24265.0,12183.842302748402,39307.0,0.0,23157.683333333334,23427.0,13105.187268908485,57628.5,0.0,26880.89741828928,23647.42077110285,-0.5429127030009986,-0.3128432030972228,-1553.5714285714275,0.43388373911756944,-0.9009688679024137,-0.09019000427034513,0.9959245770286599,-0.7818314824680456,0.6234898018587138,-0.179644883710313,0.9837315262594303
2010-11-27,0.0,0.0,0.0,21272.714285714286,22809.0,2010,11,47,5,True,0.0,27,47,11,4,2010,5,1,0,17394.0,28754.0,0.0,0.0,14298.0,21272.714285714286,19775.0,11905.206952062137,38054.0,0.0,22764.85714285714,23339.5,12281.511425761028,39307.0,0.0,23197.583333333332,23427.0,13085.070777142026,57628.5,0.0,24509.17306371696,23243.974269727256,-1.0,0.0,-2984.2857142857138,-0.4338837391175147,-0.90096886790244,-0.07304518821104743,0.9973286321364752,0.7818314824679697,0.6234898018588089,-0.14570011528535065,0.9893288009584253
2010-11-28,16298.0,91.0,1134.0,21031.714285714286,22499.666666666668,2010,11,47,6,True,16298.0,28,47,11,4,2010,6,1,0,0.0,38054.0,17985.0,17295.0,25578.0,21272.714285714286,19775.0,11905.206952062137,38054.0,0.0,22764.85714285714,23339.5,12281.511425761028,39307.0,0.0,22720.983333333334,23427.0,13667.812808706838,57628.5,0.0,18381.87979778772,21744.363026469946,0.0,-0.0938003892132333,-2984.2857142857138,-0.9749279121818176,-0.2225209339563406,-0.05587875690537313,0.9984375616565666,0.4338837391176065,-0.9009688679023958,-0.11158289958600157,0.9937551290534204
2010-11-29,39991.0,107.0,1525.0,23919.714285714286,23832.7,2010,11,48,0,False,39991.0,29,48,11,4,2010,0,0,0,16298.0,17394.0,19775.0,37969.0,0.0,21031.714285714286,19775.0,11999.55461276634,38054.0,0.0,22693.64285714286,23339.5,12318.502972277993,39307.0,0.0,22411.65,22833.0,13705.883030309187,57628.5,0.0,17860.90984834079,21392.98476668693,1.4537366548042705,1.0223008849557522,-3323.8571428571413,-0.7818314824680332,0.6234898018587292,-0.03869579017652689,0.9992510374388481,-0.9749279121818211,-0.22252093395632533,-0.07733361695682096,0.9970052716452285
2010-11-30,26532.0,123.0,953.0,23860.42857142857,24172.033333333333,2010,11,48,1,False,26532.0,30,48,11,4,2010,1,0,0,39991.0,0.0,26947.0,39307.0,16352.0,23919.714285714286,26947.0,13924.961049787375,39991.0,0.0,22838.071428571428,23339.5,12521.555859730508,39991.0,0.0,23744.683333333334,23427.0,13392.13332422623,57628.5,0.0,23393.432386255594,22592.85671725764,-0.33655072391288043,-0.015400601180094231,2163.2857142857138,-4.115803614153648e-14,1.0,-0.021501372740813793,0.999768818762748,-8.231607228307296e-14,1.0,-0.04299280405372191,0.9990753819405211
2010-12-01,26818.0,127.0,1340.0,23583.85714285714,24595.066666666666,2010,12,48,2,False,26818.0,1,48,12,4,2010,2,0,0,26532.0,16298.0,28754.0,28549.0,14127.0,23860.428571428572,26532.0,13910.800454528651,39991.0,0.0,21925.571428571428,23339.5,11665.280528225527,39991.0,0.0,24084.016666666666,23901.5,13327.170546179492,57628.5,0.0,24178.074289691693,22846.99499357041,0.010779436152570376,-0.06732976281560832,3869.7142857142862,0.7818314824680529,0.6234898018587046,-0.004300592702981974,0.9999907524084426,0.9749279121818072,-0.22252093395638647,-0.008601105865714402,0.9999630098048061
2010-12-02,31264.0,142.0,923.0,22613.85714285714,24831.666666666668,2010,12,48,3,False,31264.0,2,48,12,4,2010,3,0,0,26818.0,39991.0,38054.0,21366.0,24166.0,23583.85714285714,26532.0,13816.21608145747,39991.0,0.0,21801.928571428572,23339.5,11598.660509295456,39991.0,0.0,24507.05,24739.5,13201.037754628918,57628.5,0.0,24838.055717268773,23103.18886495939,0.1657841748079647,-0.1784306511799022,3563.8571428571413,0.9749279121818233,-0.22252093395631578,0.012901459949419653,0.9999167727021953,-0.4338837391175607,-0.9009688679024179,0.02580077239154065,0.9996671046623471
2010-12-03,16158.0,68.0,1133.0,22437.285714285717,24582.366666666665,2010,12,48,4,False,16158.0,3,48,12,4,2010,4,0,0,31264.0,26532.0,17394.0,25313.0,23637.0,22613.85714285714,26532.0,12834.460259117142,39991.0,0.0,22508.928571428572,25922.5,11868.571649297368,39991.0,0.0,24743.65,25922.5,13258.198774492925,57628.5,0.0,26444.54178795158,23629.69280916791,-0.483175537359263,-0.07105898585719217,209.8571428571413,0.4338837391175377,-0.9009688679024289,0.0300996948522586,0.9995469015357913,-0.7818314824680015,0.623489801858769,0.06017211345349579,0.9981880167396018
2010-12-04,0.0,0.0,0.0,22437.285714285717,22573.4,2010,12,48,5,True,0.0,4,48,12,4,2010,5,1,0,16158.0,26818.0,0.0,0.0,57628.5,22437.285714285714,26532.0,12926.41456752137,39991.0,0.0,21855.0,23153.5,11954.090609816043,39991.0,0.0,24494.35,25922.5,13349.724786747354,57628.5,0.0,23872.906340963684,23147.64811179166,-1.0,0.0,1164.5714285714275,-0.4338837391175465,-0.9009688679024247,0.04728902277113235,0.9988812483600598,0.7818314824680137,0.6234898018587537,0.09447223619871195,0.9955274966507026
2010-12-05,16242.0,88.0,1142.0,22429.285714285717,22366.5,2010,12,48,6,True,16242.0,5,48,12,4,2010,6,1,0,0.0,31264.0,16298.0,17985.0,22449.0,22437.285714285714,26532.0,12926.41456752137,39991.0,0.0,21855.0,23153.5,11954.090609816043,39991.0,0.0,22573.4,24265.0,12539.096408076406,39991.0,0.0,17904.679755722762,21654.251459387346,0.0,-0.0034360044177199622,1164.5714285714275,-0.9749279121818255,-0.2225209339563062,0.0644643571073618,0.9979200101524843,0.43388373911754297,-0.9009688679024265,0.12866054379810374,0.991688693325469
2010-12-06,21619.0,102.0,1471.0,19804.714285714286,23087.13333333333,2010,12,49,0,False,21619.0,6,49,12,4,2010,0,0,0,16242.0,16158.0,39991.0,19775.0,0.0,22429.285714285714,26532.0,12930.8639143496,39991.0,0.0,21730.5,23153.5,12006.458311771523,39991.0,0.0,22366.5,24265.0,12592.315863666421,39991.0,0.0,17489.00981679207,21305.073945871776,0.3310552887575422,-0.45940336575729535,1397.5714285714275,-0.7818314824680468,0.6234898018587123,0.08162061540319052,0.9966634713589159,-0.9749279121818115,-0.22252093395636735,0.1626965717643897,0.986676150282409
2010-12-07,25180.0,84.0,1277.0,19611.571428571428,23312.2,2010,12,49,1,False,25180.0,7,49,12,4,2010,1,0,0,21619.0,0.0,26532.0,26947.0,18428.0,19804.714285714286,21619.0,10386.430068672706,31264.0,0.0,21862.214285714286,24075.5,11993.463304128309,39991.0,0.0,23087.133333333335,24265.0,11865.837964606588,39991.0,0.0,18521.507362594053,21325.327239686867,0.16471622184189827,-0.05095733453942408,-4115.0,-5.875828713360942e-15,1.0,0.09875272084577376,0.9951120038093987,-1.1751657426721884e-14,1.0,0.1965400358449362,0.9804958002511134
2010-12-08,23041.0,116.0,1200.0,19072.0,23000.33333333333,2010,12,49,2,False,23041.0,8,49,12,4,2010,2,0,0,25180.0,16242.0,26818.0,28754.0,32397.0,19611.571428571428,21619.0,10252.184903020147,31264.0,0.0,21736.0,23399.5,11945.036761382069,39991.0,0.0,23312.2,25246.5,11838.420975788966,39991.0,0.0,20186.13052194554,21574.01580487254,-0.08494837172359015,-0.14083824297113878,-4248.857142857145,0.7818314824680039,0.6234898018587659,0.11585560376947847,0.9932660666081418,0.974927912181842,-0.2225209339562336,0.2301508797012426,0.9731549581504192
2010-12-09,19898.0,107.0,1258.0,17448.285714285714,22484.9,2010,12,49,3,False,19898.0,9,49,12,4,2010,3,0,0,23041.0,21619.0,31264.0,38054.0,35361.0,19072.0,21619.0,9903.149145600097,31264.0,0.0,21327.928571428572,22330.0,11783.332854008304,39991.0,0.0,23000.333333333332,24198.5,11713.41738565543,39991.0,0.0,20899.847891459154,21668.659946495154,-0.13640901002560657,-0.36354912998976463,-4511.857142857141,0.9749279121818281,-0.22252093395629474,0.13292420315609124,0.9911262059976611,-0.4338837391175218,-0.9009688679024366,0.26348932231871813,0.9646623124306364
2010-12-10,20973.0,77.0,1264.0,18136.14285714286,22011.2,2010,12,49,4,False,20973.0,10,49,12,4,2010,4,0,0,19898.0,25180.0,16158.0,17394.0,35184.0,17448.285714285714,19898.0,8386.660573281144,25180.0,0.0,20031.071428571428,20758.5,10755.133382316952,39991.0,0.0,22484.9,23129.0,11488.807904157024,39991.0,0.0,20649.385918594362,21554.42382091314,0.05402553020404066,0.297994801336799,-5165.5714285714275,0.4338837391175571,-0.9009688679024196,0.14995346813244534,0.9886930551971383,-0.7818314824680284,0.6234898018587353,0.29651590509054826,0.9550279147901034
2010-12-11,0.0,0.0,0.0,18136.14285714286,20864.63333333333,2010,12,49,5,True,0.0,11,49,12,4,2010,5,1,0,20973.0,23041.0,0.0,0.0,34397.0,18136.14285714286,20973.0,8460.330912136771,25180.0,0.0,20286.714285714286,21296.0,10730.136427755318,39991.0,0.0,22011.2,22330.0,11237.369085271734,39991.0,0.0,20730.28943894577,21516.912606660164,-1.0,0.0,-4301.142857142855,-0.4338837391175271,-0.900968867902434,0.16693835946505886,0.9859673342150412,0.7818314824679868,0.6234898018587873,0.3291915385199928,0.9442631682782295
2010-12-12,10537.0,44.0,800.0,17321.14285714286,20441.966666666667,2010,12,49,6,True,10537.0,12,49,12,4,2010,6,1,0,0.0,19898.0,16242.0,16298.0,23217.0,18136.14285714286,20973.0,8460.330912136771,25180.0,0.0,20286.714285714286,21296.0,10730.136427755318,39991.0,0.0,20864.633333333335,21492.5,11676.268128672102,39991.0,0.0,15547.717079209326,20128.72469653519,0.0,-0.3512498460780692,-4301.142857142855,-0.9749279121818207,-0.22252093395632724,0.18387385105132759,0.9829498496360606,0.4338837391175818,-0.9009688679024077,0.36147754848581176,0.9323808137991084
2010-12-13,17701.0,70.0,1169.0,16761.428571428572,21032.0,2010,12,50,0,False,17701.0,13,50,12,4,2010,0,0,0,10537.0,20973.0,21619.0,39991.0,0.0,17321.14285714286,20973.0,8934.696551992703,25180.0,0.0,19875.214285714286,21296.0,11001.895628121903,39991.0,0.0,20441.966666666667,21169.5,11816.833190581276,39991.0,0.0,14295.037809406995,19509.90374836418,0.6798899117395842,-0.18122947407373147,-5108.142857142855,-0.7818314824680602,0.6234898018586954,0.20075493140682357,0.9796414943824304,-0.974927912181802,-0.2225209339564094,0.39333572201604594,0.9193949150316831
2010-12-14,20255.0,90.0,1010.0,16057.857142857143,21130.666666666668,2010,12,50,1,False,20255.0,14,50,12,4,2010,1,0,0,17701.0,0.0,25180.0,26532.0,17295.0,16761.428571428572,19898.0,8741.210535105958,25180.0,0.0,18283.071428571428,20435.5,9356.75693705468,31264.0,0.0,21032.0,21169.5,11186.01893683238,39991.0,0.0,15146.528357055247,19393.200280726465,0.14428563358002378,-0.19559173947577446,-3043.2857142857138,2.9406378714814596e-14,1.0,0.21757660514828173,0.9760432474496961,5.881275742962919e-14,1.0,0.4247283525160183,0.9053208417842974
2010-12-15,18453.0,74.0,755.0,15402.42857142857,20480.13333333333,2010,12,50,2,False,18453.0,15,50,12,4,2010,2,0,0,20255.0,10537.0,23041.0,26818.0,37969.0,16057.857142857143,19898.0,8127.321994945417,23041.0,0.0,17834.714285714286,20076.5,9077.296475091212,31264.0,0.0,21130.666666666668,21169.5,11164.954524772149,39991.0,0.0,16423.646267791435,19448.800262615667,-0.08896568748457168,-0.19912330194001993,-3553.7142857142844,0.7818314824680259,0.6234898018587384,0.2343338944718038,0.9721561736170159,0.9749279121818264,-0.2225209339563024,0.4556182843969648,0.890175251803355
2010-12-16,29860.0,121.0,922.0,16825.571428571428,20165.233333333334,2010,12,50,3,False,29860.0,16,50,12,4,2010,3,0,0,18453.0,17701.0,19898.0,31264.0,39307.0,15402.42857142857,18453.0,7640.740536910062,20973.0,0.0,17237.214285714286,19175.5,8708.306442954088,31264.0,0.0,20480.133333333335,20614.0,10709.284881413167,39991.0,0.0,16930.984700843575,19384.555084381762,0.6181650680106217,0.5006533319931652,-3669.5714285714294,0.9749279121818203,-0.22252093395632916,0.2510218406258827,0.9679814231320734,-0.4338837391175854,-0.900968867902406,0.4859689570525489,0.8739760710575879
2010-12-17,16935.0,66.0,1368.0,16248.714285714286,19778.1,2010,12,50,4,False,16935.0,17,50,12,4,2010,4,0,0,29860.0,20255.0,20973.0,16158.0,28549.0,16825.571428571428,18453.0,9353.425002944861,29860.0,0.0,17136.928571428572,19175.5,8540.820600678082,29860.0,0.0,20165.233333333334,20614.0,10266.334045645595,39991.0,0.0,20163.23852563268,20060.39024023433,-0.4328533154722036,-0.19253325704477187,-622.7142857142862,0.43388373911757655,-0.9009688679024103,0.26763550537876646,0.9635202313707026,-0.7818314824680553,0.6234898018587016,0.515744448131128,0.8567424725213045
2010-12-18,0.0,0.0,0.0,16248.714285714286,19065.9,2010,12,50,5,True,0.0,18,50,12,4,2010,5,1,0,16935.0,18453.0,0.0,0.0,21366.0,16248.714285714286,17701.0,9177.879361346406,29860.0,0.0,17192.428571428572,19175.5,8536.493449747531,29860.0,0.0,19778.1,20076.5,10157.690350936944,39991.0,0.0,19356.17889422451,19858.752160217475,-1.0,0.0,-1887.4285714285725,-0.4338837391175589,-0.9009688679024188,0.2841699724797683,0.9587739184713191,0.7818314824680309,0.6234898018587323,0.5449095160526287,0.8384948534816955
2010-12-19,3734.0,23.0,390.0,15276.857142857143,18346.6,2010,12,50,6,True,3734.0,19,50,12,4,2010,6,1,0,0.0,29860.0,10537.0,16242.0,25313.0,16248.714285714286,17701.0,9177.879361346408,29860.0,0.0,17192.428571428572,19175.5,8536.493449747531,29860.0,0.0,19065.9,19836.5,10772.91698835238,39991.0,0.0,14517.134170668383,18577.54234341891,0.0,-0.6456296858688431,-1887.4285714285725,-0.9749279121818158,-0.22252093395634825,0.3006203491140572,0.9537438889442712,0.4338837391176207,-0.900968867902389,0.5734296417196509,0.8192548113970847
2010-12-20,14914.0,61.0,924.0,14878.714285714286,18843.733333333334,2010,12,51,0,False,14914.0,20,51,12,4,2010,0,0,0,3734.0,16935.0,17701.0,21619.0,0.0,15276.857142857143,17701.0,10188.09490579684,29860.0,0.0,16299.0,19175.5,9266.911135863997,29860.0,0.0,18346.6,19114.0,11058.053076128865,39991.0,0.0,11821.350628001286,17619.89445028788,2.9941081949651847,-0.1574487317100729,-2044.2857142857156,-0.7818314824680382,0.623489801858723,0.31698176735052785,0.9484316312562208,-0.9749279121818176,-0.2225209339563406,0.601271069373482,0.7990451183346716
2010-12-21,15605.0,55.0,821.0,14214.42857142857,18764.4,2010,12,51,1,False,15605.0,21,51,12,4,2010,1,0,0,14914.0,0.0,20255.0,25180.0,17985.0,14878.714285714286,16935.0,10131.874122692943,29860.0,0.0,15820.07142857143,18077.0,9143.25289249095,29860.0,0.0,18843.733333333334,19114.0,10527.31481935196,39991.0,0.0,12594.512971000966,17445.320614784203,0.04633230521657494,-0.22957294495186376,-1882.7142857142862,7.84516728218212e-15,1.0,0.333249385582294,0.9428387173896835,1.569033456436424e-14,1.0,0.6284008465466204,0.7778896940180471
2010-12-22,3080.0,17.0,193.0,12018.285714285714,18207.9,2010,12,51,2,False,3080.0,22,51,12,4,2010,2,0,0,15605.0,3734.0,18453.0,23041.0,19775.0,14214.42857142857,15605.0,9869.678766422978,29860.0,0.0,15136.142857142857,17318.0,8738.409165703613,29860.0,0.0,18764.4,19114.0,10542.96549134656,39991.0,0.0,13347.134728250725,17326.590252539278,-0.8026273630246716,-0.8330894705467946,-1843.4285714285725,0.7818314824680125,0.6234898018587552,0.34941838995939767,0.936966802377855,0.9749279121818359,-0.22252093395626035,0.6547868630645504,0.7558135775163646
2010-12-23,5752.0,27.0,785.0,8574.285714285714,17501.4,2010,12,51,3,False,5752.0,23,51,12,4,2010,3,0,0,3080.0,14914.0,29860.0,19898.0,26947.0,12018.285714285714,14914.0,10461.931477413467,29860.0,0.0,13710.357142857143,16270.0,8974.669641292092,29860.0,0.0,18207.9,18077.0,10921.598093717326,39991.0,0.0,10780.351046188043,16407.455397531063,0.8675324675324676,-0.8073677160080375,-3384.142857142857,0.9749279121818251,-0.22252093395630812,0.3654839958133118,0.9308176238148561,-0.4338837391175465,-0.9009688679024247,0.6803978890506115,0.7328428976086702
2010-12-24,0.0,0.0,0.0,6155.0,16542.933333333334,2010,12,51,4,False,0.0,24,51,12,4,2010,4,0,0,5752.0,15605.0,16935.0,20973.0,28754.0,8574.285714285714,5752.0,7007.420797846704,16935.0,0.0,12699.92857142857,15259.5,9020.64315858386,29860.0,0.0,17501.4,17547.5,11021.860959334266,39991.0,0.0,9523.263284641032,15720.006662202504,-1.0,-1.0,-8251.285714285714,0.433883739117596,-0.9009688679024009,0.3814414490727919,0.9243930013415553,-0.7818314824680822,0.6234898018586679,0.7052036118889403,0.7090048418584973
2010-12-25,0.0,0.0,0.0,6155.0,15274.466666666667,2010,12,51,5,True,0.0,25,51,12,4,2010,5,1,1,0.0,3080.0,0.0,0.0,38054.0,6155.0,3734.0,6548.153760157578,15605.0,0.0,11201.857142857143,12725.5,9278.848824961204,29860.0,0.0,16542.933333333334,17164.5,11257.303217002755,39991.0,0.0,7142.447463480774,14705.812683990407,0.0,0.0,-10093.714285714286,-0.43388373911753947,-0.9009688679024281,0.3972860276706894,0.9176948361071039,0.7818314824680039,0.6234898018587659,0.7291746721017913,0.6843276244352885
2010-12-26,0.0,0.0,0.0,5621.571428571428,14694.666666666666,2010,12,51,6,True,0.0,26,51,12,4,2010,6,1,1,0.0,5752.0,3734.0,10537.0,17394.0,6155.0,3734.0,6548.153760157578,15605.0,0.0,11201.857142857143,12725.5,9278.848824961204,29860.0,0.0,15274.466666666667,16616.5,10887.75303671543,39991.0,0.0,5356.8355976105795,13757.050575341063,0.0,-1.0,-10093.714285714286,-0.9749279121818111,-0.22252093395636927,0.4130130429412807,0.9107251102063585,0.43388373911765954,-0.9009688679023703,0.7522826980987227,0.6588404527207676
2010-12-27,0.0,0.0,0.0,3491.0,14694.666666666666,2010,12,52,0,False,0.0,27,52,12,4,2010,0,0,0,0.0,0.0,14914.0,17701.0,0.0,5621.571428571428,3080.0,6919.7888661707075,15605.0,0.0,10449.214285714286,10333.0,9752.200668240312,29860.0,0.0,14694.666666666666,16270.0,11228.786418700016,39991.0,0.0,4017.626698207934,12869.49892531486,0.0,-1.0,-9655.285714285714,-0.7818314824680161,0.6234898018587506,0.42861784100772643,0.9034858860933442,-0.9749279121818333,-0.22252093395627182,0.7745003397565637,0.6325734927397506
2010-12-28,0.0,0.0,0.0,1261.7142857142858,14151.4,2010,12,52,1,False,0.0,28,52,12,4,2010,1,0,0,0.0,0.0,15605.0,20255.0,16298.0,3491.0,0.0,5784.726470053044,15605.0,0.0,9184.857142857143,4743.0,9886.228687944164,29860.0,0.0,14694.666666666666,16270.0,11228.786418700016,39991.0,0.0,3013.22002365595,12039.208672065064,0.0,-1.0,-11387.714285714286,-1.3716044150450356e-14,1.0,0.4440958041592176,0.8959793059709459,-2.743208830090071e-14,1.0,0.7958013007903698,0.6055578334563557
2010-12-29,0.0,0.0,0.0,821.7142857142857,12818.366666666669,2010,12,52,2,False,0.0,29,52,12,4,2010,2,0,0,0.0,0.0,3080.0,18453.0,39991.0,1261.7142857142858,0.0,2288.6838804782096,5752.0,0.0,7738.071428571428,3407.0,9620.077654126768,29860.0,0.0,14151.4,16200.0,11538.529278181368,39991.0,0.0,2259.9150177419624,11262.485531928618,0.0,-1.0,-12952.714285714284,0.7818314824680346,0.6234898018587276,0.459442352217446,0.8882075911569887,0.9749279121818203,-0.22252093395632916,0.8161603698771169,0.5778254499778006
2010-12-30,0.0,0.0,0.0,0.0,11933.966666666667,2010,12,52,3,False,0.0,30,52,12,4,2010,3,0,0,0.0,0.0,5752.0,29860.0,26532.0,821.7142857142857,0.0,2174.051648748814,5752.0,0.0,6420.0,1540.0,9297.817386561579,29860.0,0.0,12818.366666666667,15881.5,10732.258715516598,31264.0,0.0,1694.9362633064718,10535.873562123958,0.0,-1.0,-11196.571428571428,0.9749279121818298,-0.2225209339562871,0.47465294389193496,0.8801730414269229,-0.43388373911750766,-0.9009688679024435,0.8355534504952139,0.5494091657094393
2010-12-31,0.0,0.0,0.0,0.0,11040.033333333333,2010,12,52,4,False,0.0,31,52,12,4,2010,4,0,0,0.0,0.0,0.0,16935.0,26818.0,0.0,0.0,0.0,0.0,0.0,4287.142857142857,0.0,6515.885864056195,16935.0,0.0,11933.966666666667,15259.5,10656.132799483603,31264.0,0.0,1271.2021974798538,9856.139783919949,0.0,0.0,-8574.285714285714,0.43388373911756417,-0.9009688679024163,0.48972307812389554,0.8718780343332758,-0.7818314824680381,0.623489801858723,0.8539575894446066,0.5203426135057138
2011-01-01,0.0,0.0,0.0,0.0,9997.9,2011,1,52,5,True,0.0,1,52,1,1,2011,5,1,1,0.0,0.0,0.0,0.0,31264.0,0.0,0.0,0.0,0.0,0.0,3077.5,0.0,5476.2704426954,15605.0,0.0,11040.033333333333,12725.5,10488.011923253103,31264.0,0.0,953.4016481098903,9220.25979785844,0.0,0.0,-6155.0,-0.4338837391175712,-0.9009688679024128,0.5046482954181526,0.8633250245021008,0.781831482468048,0.6234898018587107,0.87135100401364,0.490660195863106
2011-01-02,0.0,0.0,0.0,0.0,9459.3,2011,1,52,6,True,0.0,2,52,1,1,2011,6,1,0,0.0,0.0,0.0,3734.0,16158.0,0.0,0.0,0.0,0.0,0.0,3077.5,0.0,5476.2704426954,15605.0,0.0,9997.9,8144.5,9948.567182748257,29860.0,0.0,715.0512360824176,8625.404327026976,0.0,0.0,-6155.0,-0.974927912181819,-0.22252093395633488,0.5194241791627843,0.854516542906612,0.433883739117596,-0.9009688679024009,0.8877131077605742,0.4603970442021356
2011-01-03,0.0,0.0,0.0,0.0,9459.3,2011,1,1,0,False,0.0,3,1,1,1,2011,0,0,0,0.0,0.0,0.0,14914.0,0.0,0.0,0.0,0.0,0.0,0.0,2810.785714285714,0.0,5532.478206409532,15605.0,0.0,9459.3,4743.0,10040.528482965516,29860.0,0.0,536.2884270618132,8068.9266285074555,0.0,0.0,-5621.571428571428,-0.7818314824680296,0.6234898018587337,0.5340463569360717,0.8454551961182272,-0.9749279121818237,-0.22252093395631384,0.9030245348792224,0.4295889772866198
2011-01-04,8630.0,36.0,819.0,1232.857142857143,9205.566666666668,2011,1,1,1,False,8630.0,4,1,1,1,2011,1,0,0,0.0,0.0,0.0,15605.0,16242.0,0.0,0.0,0.0,0.0,0.0,1745.5,0.0,4327.311703231459,15605.0,0.0,9459.3,4743.0,10040.528482965516,29860.0,0.0,402.21632029635987,7548.3507169894,0.0,0.0,-3491.0,-3.527725558308283e-14,1.0,0.5485105018003605,0.8361436655352456,-7.055451116616566e-14,1.0,0.9172671631198608,0.39827245882943335
2011-01-05,19769.0,55.0,992.0,4057.0,9143.9,2011,1,1,2,False,19769.0,5,1,1,1,2011,2,0,0,8630.0,0.0,0.0,3080.0,21619.0,1232.857142857143,0.0,3261.833402069631,8630.0,0.0,1247.2857142857142,0.0,2707.094679614384,8630.0,0.0,9205.566666666668,4743.0,9959.063547180629,29860.0,0.0,2459.16224022227,7618.134541699943,1.2907300115874856,0.0,-28.85714285714289,0.781831482468021,0.6234898018587445,0.5628123335824821,0.8265847065893737,0.9749279121818298,-0.2225209339562871,0.9304241352383132,0.366484554334882
2011-01-06,23124.0,50.0,998.0,7360.428571428572,9075.366666666669,2011,1,1,3,False,23124.0,6,1,1,1,2011,3,0,0,19769.0,0.0,0.0,5752.0,25180.0,4057.0,0.0,7638.450082750208,19769.0,0.0,2439.3571428571427,0.0,5650.522638960703,19769.0,0.0,9143.9,4743.0,9885.001122739042,29860.0,0.0,6786.621680166704,8402.061345463142,0.16971015225858666,0.0,3235.285714285714,0.9749279121818346,-0.2225209339562661,0.576947620140316,0.8167811479303533,-0.4338837391174688,-0.9009688679024621,0.9424798789477854,0.3342628872288514
2011-01-07,17160.0,53.0,1031.0,9811.857142857143,8879.333333333334,2011,1,1,4,False,17160.0,7,1,1,1,2011,4,0,0,23124.0,8630.0,0.0,0.0,23041.0,7360.428571428572,0.0,10171.678620187571,23124.0,0.0,3680.214285714286,0.0,7895.441510318338,23124.0,0.0,9075.366666666667,4743.0,9776.520001701965,29860.0,0.0,10870.96626012503,9351.863839306387,-0.25791385573430203,0.0,7360.428571428572,0.4338837391175836,-0.9009688679024068,0.5909121786151564,0.8067358905889147,-0.7818314824680651,0.6234898018586893,0.9534201253498682,0.30164559432857885
2011-01-08,0.0,0.0,0.0,9811.857142857143,8216.066666666668,2011,1,1,5,True,0.0,8,1,1,1,2011,5,1,0,17160.0,19769.0,0.0,0.0,19898.0,9811.857142857143,8630.0,10169.951268788056,23124.0,0.0,4905.928571428572,0.0,8582.277557352085,23124.0,0.0,8879.333333333334,4743.0,9543.005141276892,29860.0,0.0,12443.224695093773,9855.614559352205,-1.0,0.0,9811.857142857143,-0.4338837391175006,-0.9009688679024468,0.6047018766694813,0.796451907118319,0.7818314824679502,0.6234898018588334,0.9632319258228698,0.268671280704815
2011-01-09,8125.0,48.0,640.0,10972.57142857143,7787.8,2011,1,1,6,True,8125.0,9,1,1,1,2011,6,1,0,0.0,23124.0,0.0,0.0,20973.0,9811.857142857143,8630.0,10169.951268788056,23124.0,0.0,4905.928571428572,0.0,8582.277557352085,23124.0,0.0,8216.066666666668,3407.0,9441.714725669272,29860.0,0.0,9332.41852132033,9219.768458747572,0.0,0.0,9811.857142857143,-0.9749279121818268,-0.2225209339563005,0.6183126337097825,0.7859322407147274,0.43388373911753236,-0.9009688679024315,0.9719036673475078,0.2353789739897446
2011-01-10,12861.0,39.0,1096.0,12809.857142857143,8216.5,2011,1,2,0,False,12861.0,10,2,1,1,2011,0,0,0,8125.0,17160.0,0.0,0.0,0.0,10972.57142857143,8630.0,9288.968329101332,23124.0,0.0,5486.285714285715,0.0,8499.322275502784,23124.0,0.0,7787.8,3407.0,9129.338660188603,29860.0,0.0,9030.563890990246,9149.138235602435,0.5828923076923076,0.0,10972.57142857143,-0.7818314824680431,0.6234898018587169,0.6317404220940747,0.775180004316675,-0.9749279121818142,-0.2225209339563559,0.9794250862518059,0.2018080781848007
2011-01-11,28437.0,58.0,943.0,15639.42857142857,8813.166666666666,2011,1,2,1,False,28437.0,11,2,1,1,2011,1,0,0,12861.0,0.0,8630.0,0.0,10537.0,12809.857142857143,12861.0,7929.366335098314,23124.0,0.0,6404.928571428572,0.0,8555.576871835749,23124.0,0.0,8216.5,4743.0,9052.669496741932,29860.0,0.0,9988.172918242684,9388.613188144629,1.211103335665967,2.29513325608343,12809.857142857143,4.951845092706862e-18,1.0,0.6449812683237445,0.7641983796838971,9.903690185413723e-18,1.0,0.9857872803589409,0.16799832702298775
2011-01-12,10606.0,45.0,1078.0,14330.42857142857,8576.666666666666,2011,1,2,2,False,10606.0,12,2,1,1,2011,2,0,0,28437.0,8125.0,19769.0,0.0,17701.0,15639.42857142857,17160.0,9556.325738433554,28437.0,0.0,8436.142857142857,4062.5,10145.859571251762,28437.0,0.0,8813.166666666666,4743.0,9772.194000937274,29860.0,0.0,14600.379688682015,10617.541369556653,-0.6270352006189119,-0.4635034650209925,14406.571428571428,0.7818314824680431,0.6234898018587169,0.6580312542193658,0.7529906164558017,0.9749279121818142,-0.22252093395635592,0.9909827195236494,0.1339897369409766
2011-01-13,10171.0,44.0,949.0,12480.0,8240.533333333333,2011,1,2,3,False,10171.0,13,2,1,1,2011,3,0,0,10606.0,12861.0,23124.0,0.0,20255.0,14330.42857142857,12861.0,9523.898411489958,28437.0,0.0,9193.714285714286,8377.5,9859.415784132249,28437.0,0.0,8576.666666666666,4743.0,9634.564561974299,29860.0,0.0,13601.784766511511,10616.796765069126,-0.041014520082971906,-0.5601539526033559,10273.42857142857,0.9749279121818268,-0.2225209339563005,0.6708865180801582,0.7415600311898435,-0.4338837391175324,-0.9009688679024315,0.9950052545447351,0.09982255971656324
2011-01-14,23139.0,47.0,898.0,13334.142857142857,8396.733333333334,2011,1,2,4,False,23139.0,14,2,1,1,2011,4,0,0,10171.0,28437.0,17160.0,0.0,18453.0,12480.0,10606.0,8758.16944343965,28437.0,0.0,9920.214285714286,9400.5,9497.961353555133,28437.0,0.0,8240.533333333333,4743.0,9385.772533498515,29860.0,0.0,12744.088574883634,10588.035683451722,1.2749975420312651,0.34842657342657346,5119.571428571428,0.4338837391175518,-0.9009688679024221,0.683543255826725,0.7299100063801018,-0.781831482468021,0.6234898018587445,0.9978501244431209,0.06553723482760074
2011-01-15,0.0,0.0,0.0,13334.142857142857,7401.4,2011,1,2,5,True,0.0,15,2,1,1,2011,5,1,0,23139.0,10606.0,0.0,0.0,29860.0,13334.142857142857,10606.0,9546.711064175826,28437.0,0.0,11573.0,10388.5,9650.939946251568,28437.0,0.0,8396.733333333334,4743.0,9598.180387658038,29860.0,0.0,15342.816431162726,11397.775316778496,-1.0,0.0,3522.2857142857138,-0.4338837391175324,-0.9009688679024315,0.6959977221267386,0.7180439894563502,0.7818314824679942,0.6234898018587782,0.9995139620968313,0.031174341588782392
2011-01-16,4086.0,25.0,422.0,12757.142857142857,6973.1,2011,1,2,6,True,4086.0,16,2,1,1,2011,6,1,0,0.0,10171.0,8125.0,0.0,16935.0,13334.142857142857,10606.0,9546.711064175826,28437.0,0.0,11573.0,10388.5,9650.939946251568,28437.0,0.0,7401.4,3407.0,8811.70772364228,28437.0,0.0,11507.112323372043,10662.434973759611,0.0,-0.49710769230769236,3522.2857142857138,-0.974927912181822,-0.2225209339563215,0.7082462315032488,0.7059654917639009,0.4338837391175712,-0.9009688679024128,0.9999947982262414,-0.003225448877107192
2011-01-17,13375.0,51.0,1211.0,12830.57142857143,7418.933333333333,2011,1,3,0,False,13375.0,17,3,1,1,2011,0,0,0,4086.0,23139.0,12861.0,0.0,0.0,12757.142857142857,10606.0,10024.142746864882,28437.0,0.0,11864.857142857143,10388.5,9330.49860863366,28437.0,0.0,6973.1,3407.0,8642.993412446098,28437.0,0.0,9651.834242529032,10238.148846419786,2.2733724914341655,0.0399657880413653,1784.5714285714275,-0.7818314824680566,0.6234898018587001,0.7202851594252706,0.6936780875245466,-0.9749279121818045,-0.22252093395639794,0.9992920637248697,-0.037621421776574855
2011-01-18,57628.5,41.0,892.0,20620.14285714286,10059.933333333332,2011,1,3,1,False,82964.0,18,3,1,1,2011,1,0,0,13375.0,0.0,28437.0,8630.0,3734.0,12830.57142857143,10606.0,10026.91250015249,28437.0,0.0,12820.214285714286,11733.5,8684.577180076392,28437.0,0.0,7418.933333333333,3910.0,8615.815245246982,28437.0,0.0,10582.625681896774,10440.526340199376,3.308672897196262,1.0265323346344553,20.714285714286234,-2.1556259587539768e-14,1.0,0.7321109433803457,0.6811854127788853,-4.3112519175079537e-14,1.0,0.9974065903329598,-0.0719728668345193
2011-01-19,17354.0,35.0,951.0,21584.14285714286,10141.266666666666,2011,1,3,2,False,17354.0,19,3,1,1,2011,2,0,0,57628.5,4086.0,10606.0,19769.0,14914.0,17000.785714285714,10606.0,19342.495646152503,57628.5,0.0,16320.107142857143,13118.0,14673.942166274746,57628.5,0.0,9215.416666666666,4919.0,12544.180101354983,57628.5,0.0,22344.094261422582,13484.911737608973,-0.6988642772239431,0.6362436356779182,1361.3571428571431,0.7818314824679942,0.6234898018587782,0.7437200839287408,0.6684911643103645,0.974927912181849,-0.22252093395620304,0.9943406096530519,-0.10623912647794644
2011-01-20,10475.0,39.0,950.0,21627.571428571428,9970.266666666666,2011,1,3,3,False,10475.0,20,3,1,1,2011,3,0,0,17354.0,13375.0,10171.0,23124.0,15605.0,17964.785714285714,13375.0,19137.74294828839,57628.5,0.0,16147.607142857143,13118.0,14644.445016900509,57628.5,0.0,9296.75,4919.0,12590.22802698792,57628.5,0.0,21096.570696066934,13734.530335182824,-0.3963927624755099,0.029888899813194314,3634.357142857143,0.9749279121818316,-0.22252093395627948,0.7551091457389965,0.655599098551335,-0.43388373911749356,-0.9009688679024502,0.9900977505087094,-0.14037964395735386
2011-01-21,15302.0,39.0,963.0,20508.0,10377.666666666666,2011,1,3,4,False,15302.0,21,3,1,1,2011,4,0,0,10475.0,57628.5,23139.0,17160.0,3080.0,18008.214285714286,13375.0,19117.443269296287,57628.5,0.0,15244.107142857143,11733.5,14570.932737921146,57628.5,0.0,9125.75,4919.0,12536.317498640681,57628.5,0.0,18441.1780220502,13524.238055493423,0.46081145584725536,-0.33869225117766544,5528.214285714286,0.43388373911752004,-0.9009688679024375,0.7662747586044899,0.6425130304714689,-0.7818314824679771,0.6234898018587997,0.9846830346495282,-0.17435401134873857
2011-01-22,0.0,0.0,0.0,20508.0,10185.933333333332,2011,1,3,5,True,0.0,22,3,1,1,2011,5,1,0,15302.0,17354.0,0.0,0.0,5752.0,16888.64285714286,13375.0,18995.983677947745,57628.5,0.0,15111.392857142857,11733.5,14560.597975065575,57628.5,0.0,9533.15,6938.5,12531.662196178859,57628.5,0.0,17656.383516537648,13638.932374493943,-1.0,0.0,3554.500000000002,-0.43388373911756417,-0.9009688679024163,0.7772136184407363,0.6292368324488463,0.7818314824680382,0.623489801858723,0.9781028708075103,-0.20812201737948507
2011-01-23,5200.0,27.0,568.0,20667.14285714286,10359.266666666666,2011,1,3,6,True,5200.0,23,3,1,1,2011,6,1,0,0.0,10475.0,4086.0,8125.0,0.0,16888.64285714286,13375.0,18995.983677947745,57628.5,0.0,15111.392857142857,11733.5,14560.597975065575,57628.5,0.0,9341.416666666666,6105.5,12635.084116147658,57628.5,0.0,13242.287637403235,12759.001253558163,0.0,0.27263827704356336,3554.500000000002,-0.9749279121818298,-0.2225209339562871,0.7879224882631226,0.6157744331240536,0.43388373911750766,-0.9009688679024435,0.970365047111836,-0.2416436950215011
2011-01-24,11955.0,53.0,846.0,20464.285714285717,10757.766666666666,2011,1,4,0,False,11955.0,24,4,1,1,2011,0,0,0,5200.0,15302.0,13375.0,12861.0,0.0,17047.785714285714,13375.0,18875.1326614701,57628.5,0.0,14902.464285714286,11733.5,14688.975670502916,57628.5,0.0,9514.75,6662.5,12537.80916540461,57628.5,0.0,11231.715728052424,12271.323753328248,1.2990384615384616,-0.10616822429906547,4290.642857142857,-0.7818314824680345,0.6234898018587276,0.7983981991447763,0.6021298162376434,-0.9749279121818203,-0.22252093395632913,0.9614787218710191,-0.27487936879524355
2011-01-25,15538.0,67.0,873.0,10832.0,11275.7,2011,1,4,1,False,15538.0,25,4,1,1,2011,1,0,0,11955.0,0.0,57628.5,28437.0,0.0,16844.928571428572,11955.0,18928.738522038766,57628.5,0.0,14837.75,11280.5,14700.652574146818,57628.5,0.0,9913.25,8377.5,12414.34568716844,57628.5,0.0,11412.536796039318,12250.91576924254,0.29970723546633216,-0.7303764630347831,4014.357142857143,1.3725947840635769e-14,1.0,0.8086376511543126,0.5883070194512693,2.7451895681271538e-14,1.0,0.9514544127333379,-0.30778970172872777
2011-01-26,10931.0,56.0,761.0,9914.42857142857,11640.066666666668,2011,1,4,2,False,10931.0,26,4,1,1,2011,2,0,0,15538.0,5200.0,17354.0,10606.0,0.0,10832.0,11955.0,6259.713065841486,17354.0,0.0,13916.392857142857,11280.5,14177.679052459916,57628.5,0.0,10431.183333333332,9400.5,12310.18785430725,57628.5,0.0,12443.90259702949,12462.985719614124,-0.29649890590809624,-0.3701163996773078,-6168.785714285714,0.7818314824680161,0.6234898018587506,0.8186378142731426,0.5743101331528911,0.9749279121818333,-0.22252093395627182,0.9403039842384007,-0.34033574191581695
2011-01-27,11266.0,52.0,855.0,10027.42857142857,12015.6,2011,1,4,3,False,11266.0,27,4,1,1,2011,3,0,0,10931.0,11955.0,10475.0,10171.0,0.0,9914.42857142857,10931.0,5577.989508091683,15538.0,0.0,13939.607142857143,11443.0,14172.106699942698,57628.5,0.0,10795.55,10323.0,12151.540790872645,57628.5,0.0,12065.676947772115,12364.147931251864,0.03064678437471402,0.07551312649164688,-8050.357142857143,0.9749279121818237,-0.22252093395631387,0.8283957292921138,0.5601432992463508,-0.4338837391175571,-0.9009688679024196,0.9280406337745429,-0.37247896861882634
2011-01-28,9842.0,40.0,584.0,9247.42857142857,12343.666666666666,2011,1,4,4,False,9842.0,28,4,1,1,2011,4,0,0,11266.0,15538.0,15302.0,23139.0,0.0,10027.42857142857,11266.0,5599.21011861324,15538.0,0.0,14017.82142857143,11610.5,14152.716615557418,57628.5,0.0,11171.083333333334,10540.5,11979.270930900591,57628.5,0.0,11865.757710829086,12293.299677622672,-0.12639801171666964,-0.3568161024702653,-7980.785714285716,0.43388373911759065,-0.9009688679024035,0.8379085086871813,0.545810709925725,-0.7818314824680749,0.6234898018586771,0.9146788759587118,-0.40418133786075217
2011-01-29,0.0,0.0,0.0,9247.42857142857,12343.666666666666,2011,1,4,5,True,0.0,29,4,1,1,2011,5,1,0,9842.0,10931.0,0.0,0.0,0.0,9247.42857142857,10931.0,5100.022936456355,15538.0,0.0,13068.035714285714,11098.5,13938.061680250696,57628.5,0.0,11499.15,10540.5,11796.155943963726,57628.5,0.0,11359.818283121815,12135.15131132435,-1.0,0.0,-7641.214285714288,-0.43388373911754474,-0.9009688679024256,0.847173337473877,0.5313166064347815,0.7818314824680113,0.6234898018587567,0.9002345254572965,-0.4354053274532549
2011-01-30,3383.0,24.0,483.0,8987.857142857143,12456.433333333332,2011,1,4,6,True,3383.0,30,4,1,1,2011,6,1,0,0.0,11266.0,5200.0,4086.0,0.0,9247.42857142857,10931.0,5100.022936456355,15538.0,0.0,13068.035714285714,11098.5,13938.061680250696,57628.5,0.0,11499.15,10540.5,11796.155943963726,57628.5,0.0,8519.863712341361,11352.23832349659,0.0,-0.34942307692307695,-7641.214285714288,-0.9749279121818124,-0.22252093395636355,0.8561874740403054,0.5166652778119326,0.43388373911764894,-0.9009688679023754,0.8847246782682624,-0.466113981407037
2011-01-31,13406.0,62.0,840.0,9195.142857142857,12903.3,2011,1,5,0,False,13406.0,31,5,1,1,2011,0,0,0,3383.0,9842.0,11955.0,13375.0,0.0,8987.857142857143,10931.0,5378.965310310503,15538.0,0.0,13017.82142857143,11098.5,13974.129874669161,57628.5,0.0,11611.916666666666,10540.5,11698.201316267383,57628.5,0.0,7235.647784256021,10838.09391552883,2.9627549512267217,0.12137181095775817,-8059.928571428571,-0.781831482468048,0.6234898018587107,0.8649482509584342,0.5018610596210326,-0.9749279121818106,-0.22252093395637118,0.8681676914867171,-0.4962709536721089
2011-02-01,15814.0,63.0,830.0,9234.57142857143,13430.433333333332,2011,2,5,1,False,15814.0,1,5,2,1,2011,1,0,0,13406.0,0.0,15538.0,57628.5,0.0,9195.142857142857,10931.0,5537.973228193725,15538.0,0.0,13020.035714285714,11098.5,13974.193281331529,57628.5,0.0,12058.783333333333,10768.5,11493.597826378851,57628.5,0.0,8778.235838192015,11003.765275817364,0.179621065194689,0.017762903848629108,-7649.785714285716,-7.835263591996707e-15,1.0,0.8734530757734247,0.4869083326684233,-1.5670527183993413e-14,1.0,0.8505831615778885,-0.5258405511561121
2011-02-02,9706.0,63.0,795.0,9059.57142857143,13753.966666666667,2011,2,5,2,False,9706.0,2,5,2,1,2011,2,0,0,15814.0,3383.0,10931.0,17354.0,0.0,9234.57142857143,10931.0,5591.383783916784,15814.0,0.0,10033.285714285714,11098.5,5762.055621825549,17354.0,0.0,12585.916666666666,11098.5,11282.168184018163,57628.5,0.0,10537.17687864401,11314.102999958304,-0.3862400404704692,-0.11206659957917853,-1597.4285714285706,0.7818314824680027,0.6234898018587675,0.8816994317707848,0.4718115217065765,0.9749279121818429,-0.2225209339562298,0.8319919011831955,-0.5547877759698494
2011-02-03,15712.0,46.0,598.0,9694.714285714286,13990.033333333333,2011,2,5,3,False,15712.0,3,5,2,1,2011,3,0,0,9706.0,13406.0,11266.0,10475.0,8630.0,9059.57142857143,9842.0,5548.444762788419,15814.0,0.0,9487.0,10703.0,5363.358376700509,15814.0,0.0,12909.45,11098.5,11045.48691762451,57628.5,0.0,10329.382658983008,11210.354419315794,0.6187924994848548,0.39463873601988286,-854.8571428571413,0.9749279121818158,-0.22252093395634825,0.8896848787211044,0.45657509412473846,-0.4338837391176207,-0.900968867902389,0.8124159144868894,-0.5830783668499725
2011-02-04,12695.0,52.0,739.0,10102.285714285714,13754.233333333334,2011,2,5,4,False,12695.0,4,5,2,1,2011,4,0,0,15712.0,15814.0,9842.0,15302.0,19769.0,9694.714285714286,9842.0,6072.809199326825,15814.0,0.0,9861.07142857143,11098.5,5614.325351130987,15814.0,0.0,13145.516666666666,11610.5,11026.534495200702,57628.5,0.0,11675.036994237254,11500.783166456813,-0.19201883910386963,0.28988010566957945,-332.7142857142844,0.4338837391175589,-0.9009688679024188,0.8974070536021568,0.44120355862696276,-0.7818314824680308,0.6234898018587323,0.7918783711724181,-0.6106788397098085
2011-02-05,0.0,0.0,0.0,10102.285714285714,12983.433333333332,2011,2,5,5,True,0.0,5,5,2,1,2011,5,1,0,12695.0,9706.0,0.0,0.0,23124.0,10102.285714285714,12695.0,6179.148935850997,15814.0,0.0,9674.857142857143,11098.5,5461.124325731776,15814.0,0.0,12909.716666666667,11610.5,10955.41719384033,57628.5,0.0,11930.02774567794,11577.829413782205,-1.0,0.0,854.8571428571431,-0.43388373911757655,-0.9009688679024103,0.9048636712981575,0.4257014638979058,0.7818314824680553,0.6234898018587015,0.7704035789993182,-0.6375565272703599
2011-02-06,2036.0,11.0,220.0,9909.857142857143,12479.3,2011,2,5,6,True,2036.0,6,5,2,1,2011,6,1,0,0.0,15712.0,3383.0,5200.0,17160.0,10102.285714285714,12695.0,6179.148935850997,15814.0,0.0,9674.857142857143,11098.5,5461.124325731776,15814.0,0.0,12138.916666666666,11098.5,11025.235992535141,57628.5,0.0,8947.520809258454,10830.872677408932,0.0,-0.3981673071238546,854.8571428571431,-0.9749279121818203,-0.22252093395632913,0.912052525275964,0.41007339725680436,0.4338837391175854,-0.900968867902406,0.748016955033124,-0.6636796177245262
2011-02-07,9128.0,42.0,803.0,9298.714285714286,12783.566666666668,2011,2,6,0,False,9128.0,7,6,2,1,2011,0,0,0,2036.0,12695.0,13406.0,11955.0,0.0,9909.857142857143,12695.0,6438.791978535809,15814.0,0.0,9448.857142857143,11098.5,5719.8921030322,15814.0,0.0,11634.783333333333,10768.5,11132.977057685623,57628.5,0.0,7219.640606943841,10263.461536930774,3.4833005893909625,-0.3191108458899,922.0,-0.7818314824680259,0.6234898018587384,0.9189714882380281,0.39432398330000645,-0.9749279121818264,-0.22252093395630237,0.7247449955623085,-0.6890171923888325
2011-02-08,10100.0,45.0,758.0,8482.42857142857,12849.4,2011,2,6,1,False,10100.0,8,6,2,1,2011,1,0,0,9128.0,0.0,15814.0,15538.0,8125.0,9298.714285714286,9706.0,6251.9606181923855,15814.0,0.0,9246.92857142857,10386.5,5674.331535883442,15814.0,0.0,11939.05,10768.5,10926.858084199766,57628.5,0.0,7696.73045520788,10190.205953902961,0.10648553900087632,-0.3613254078664474,103.57142857142935,-2.939647502462918e-14,1.0,0.9256185127518922,0.3784578825324888,-5.879295004925836e-14,1.0,0.7006152447379053,-0.7135392622980498
2011-02-09,7164.0,29.0,602.0,8119.285714285715,12659.5,2011,2,6,2,False,7164.0,9,6,2,1,2011,2,0,0,10100.0,2036.0,9706.0,10931.0,12861.0,8482.42857142857,9706.0,5598.376605682005,15712.0,0.0,8858.5,9971.0,5389.5366969427705,15814.0,0.0,12004.883333333333,10768.5,10909.021427780863,57628.5,0.0,8297.54784140591,10184.386214941478,-0.29069306930693073,-0.2618998557593242,-752.1428571428587,0.7818314824680247,0.6234898018587399,0.9319916318560635,0.36247978998872715,0.9749279121818272,-0.22252093395629857,0.6756562619728741,-0.7372168036994565
2011-02-10,11876.0,41.0,504.0,7571.285714285715,12107.466666666667,2011,2,6,3,False,11876.0,10,6,2,1,2011,3,0,0,7164.0,9128.0,15712.0,11266.0,28437.0,8119.285714285715,9128.0,5588.215896398586,15712.0,0.0,8589.42857142857,9774.0,5372.113589415521,15814.0,0.0,11814.983333333334,10540.5,10943.136822939532,57628.5,0.0,8014.160881054433,9989.522588171014,0.6577331099944166,-0.24414460285132378,-940.2857142857147,0.9749279121818333,-0.22252093395627182,0.9380889596420647,0.3463944338433696,-0.4338837391174794,-0.900968867902457,0.6498975881398573,-0.7600217924046628
2011-02-11,10520.0,45.0,621.0,7260.571428571428,12104.6,2011,2,6,4,False,10520.0,11,6,2,1,2011,4,0,0,11876.0,10100.0,12695.0,9842.0,10606.0,7571.285714285715,9128.0,4860.219566860656,12695.0,0.0,8633.0,9774.0,5397.904123183129,15814.0,0.0,11262.95,10540.5,10483.789001769404,57628.5,0.0,8979.620660790826,10111.230808289041,-0.11417985853822832,-0.171327294210319,-2123.4285714285716,0.43388373911757827,-0.9009688679024094,0.9439086918125081,0.3302065740120864,-0.7818314824680578,0.6234898018586985,0.6233697106072773,-0.7819272369584009
2011-02-12,0.0,0.0,0.0,7260.571428571428,11765.566666666668,2011,2,6,5,True,0.0,12,6,2,1,2011,5,1,0,10520.0,7164.0,0.0,0.0,10171.0,7260.571428571428,9128.0,4536.832039251719,11876.0,0.0,8681.42857142857,9903.0,5412.606718994646,15814.0,0.0,11260.083333333334,10497.5,10483.986587174646,57628.5,0.0,9364.71549559312,10137.603014205883,-1.0,0.0,-2841.7142857142853,-0.4338837391175571,-0.9009688679024196,0.9494491062150135,0.31392100074304014,0.7818314824680285,0.6234898018587353,0.5961040271552042,-0.8029072105849764
2011-02-13,2723.0,20.0,425.0,7358.714285714285,11085.033333333333,2011,2,6,6,True,2723.0,13,6,2,1,2011,6,1,0,0.0,11876.0,2036.0,3383.0,23139.0,7260.571428571428,9128.0,4536.832039251719,11876.0,0.0,8681.42857142857,9903.0,5412.606718994647,15814.0,0.0,10921.05,10497.5,10682.987335938764,57628.5,0.0,7023.53662169484,9483.564110063442,0.0,0.33742632612966594,-2841.7142857142853,-0.9749279121818154,-0.22252093395635017,0.9547085633518225,0.29754253319937163,0.43388373911762423,-0.9009688679023873,0.568132808813668,-0.8229368818746017
2011-02-14,13567.0,42.0,713.0,7992.857142857143,11537.266666666666,2011,2,7,0,False,13567.0,14,7,2,1,2011,0,0,0,2723.0,10520.0,9128.0,13406.0,0.0,7358.714285714285,9128.0,4410.650999353178,11876.0,0.0,8634.285714285714,9903.0,5464.926355033027,15814.0,0.0,10240.516666666666,10287.5,10526.970758635238,57628.5,0.0,5948.402466271129,9047.398683607658,3.9823723834006612,0.4863058720420683,-2551.142857142858,-0.7818314824680395,0.6234898018587215,0.9596855068649522,0.2810760180331286,-0.9749279121818167,-0.22252093395634442,0.539489161667411,-0.8419925441732807
2011-02-15,22669.0,58.0,809.0,9788.42857142857,12156.7,2011,2,7,1,False,22669.0,15,7,2,1,2011,1,0,0,13567.0,0.0,10100.0,15814.0,4086.0,7992.857142857143,10100.0,4988.662694168692,13567.0,0.0,8645.785714285714,9903.0,5475.898397362962,15814.0,0.0,10692.75,10497.5,10361.996458170519,57628.5,0.0,7853.051849703347,9338.985865310438,0.6708926070612515,1.2444554455445545,-1305.8571428571431,-5.095768645726166e-14,1.0,0.9643784639967451,0.264526327951073,-1.0191537291452331e-13,1.0,0.5102069876723101,-0.8600516436414427
2011-02-16,16117.0,63.0,698.0,11067.42857142857,12248.1,2011,2,7,2,False,16117.0,16,7,2,1,2011,2,0,0,22669.0,2723.0,7164.0,9706.0,13375.0,9788.42857142857,10520.0,7502.2342640296765,22669.0,0.0,9135.42857142857,9903.0,6395.441666522382,22669.0,0.0,11312.183333333332,10725.5,10507.843763591934,57628.5,0.0,11557.03888727751,10198.98677722603,-0.28902907053685645,1.2497208263539923,1306.0,0.7818314824680468,0.6234898018587123,0.968786046025684,0.24789836027275647,0.9749279121818115,-0.22252093395636738,0.48032094452978846,-0.8770928059481573
2011-02-17,14413.0,68.0,875.0,11429.857142857143,9963.066666666668,2011,2,7,3,False,14413.0,17,7,2,1,2011,3,0,0,16117.0,13567.0,11876.0,15712.0,57628.5,11067.42857142857,11876.0,7739.653499073084,22669.0,0.0,9593.357142857143,10310.0,6663.34849533852,22669.0,0.0,11403.583333333334,10725.5,10538.286630419836,57628.5,0.0,12697.029165458132,10580.79408192118,-0.10572687224669608,0.21362411586392716,2948.142857142856,0.9749279121818255,-0.22252093395630623,0.9729069486773348,0.23119703548133497,-0.43388373911754297,-0.9009688679024264,0.44986640466678224,-0.8930958615692847
2011-02-18,9149.0,39.0,594.0,11234.0,9689.566666666668,2011,2,7,4,False,9149.0,18,7,2,1,2011,4,0,0,14413.0,22669.0,10520.0,12695.0,17354.0,11429.857142857143,13567.0,7842.54419663609,22669.0,0.0,9500.57142857143,10310.0,6580.118127467699,22669.0,0.0,9963.066666666668,10725.5,5961.572599362662,22669.0,0.0,13126.0218740936,10828.03317341017,-0.3652258377853327,-0.13032319391634983,3858.5714285714284,0.4338837391175465,-0.9009688679024247,0.9767399525103048,0.21442729576751102,-0.7818314824680137,0.6234898018587537,0.4188794133697436,-0.9080418696596647
2011-02-19,0.0,0.0,0.0,11234.0,9340.4,2011,2,7,5,True,0.0,19,7,2,1,2011,5,1,0,9149.0,16117.0,0.0,0.0,10475.0,11234.0,13567.0,7886.052519057508,22669.0,0.0,9247.285714285714,9624.5,6515.629061413374,22669.0,0.0,9689.566666666668,10497.5,5796.737576420505,22669.0,0.0,12131.766405570199,10719.708452544983,-1.0,0.0,3973.4285714285716,-0.4338837391175377,-0.9009688679024289,0.9802839232770918,0.19759410356706691,0.7818314824680015,0.623489801858769,0.3873966461222887,-0.9219131404710544
2011-02-20,5218.0,26.0,593.0,11590.42857142857,9004.266666666666,2011,2,7,6,True,5218.0,20,7,2,1,2011,6,1,0,0.0,14413.0,2723.0,2036.0,15302.0,11234.0,13567.0,7886.052519057508,22669.0,0.0,9247.285714285714,9624.5,6515.629061413374,22669.0,0.0,9340.4,10310.0,6057.415248243726,22669.0,0.0,9098.824804177648,10028.114358832321,0.0,0.91626882115314,3973.4285714285716,-0.9749279121818233,-0.22252093395631575,0.9835378122597296,0.18070244009239297,0.4338837391175606,-0.9009688679024179,0.3554553651969341,-0.9346932562893102
2011-02-21,21533.0,38.0,811.0,12728.42857142857,9722.033333333333,2011,2,8,0,False,21533.0,21,8,2,1,2011,0,0,0,5218.0,9149.0,13567.0,9128.0,0.0,11590.42857142857,13567.0,7483.368133337258,22669.0,0.0,9474.57142857143,9624.5,6296.542185557558,22669.0,0.0,9004.266666666666,9971.0,5994.652915858401,22669.0,0.0,8128.618603133235,9717.784400197943,3.1266768876964353,0.5871600206383136,4231.714285714285,-0.7818314824680529,0.6234898018587046,0.9865006565801178,0.1637573038584739,-0.9749279121818072,-0.22252093395638647,0.3230933755523487,-0.9463670908660069
2011-02-22,21893.0,52.0,893.0,12617.57142857143,10278.466666666667,2011,2,8,1,False,21893.0,22,8,2,1,2011,1,0,0,21533.0,0.0,22669.0,10100.0,5200.0,12728.42857142857,14413.0,8385.377905559628,22669.0,0.0,10360.642857142857,10310.0,7069.422983820974,22669.0,0.0,9722.033333333333,10310.0,6166.026818218433,22669.0,0.0,11479.713952349926,10480.0563743788,0.01671852505456739,-0.03423177025894397,4735.5714285714275,-1.567547902908612e-14,1.0,0.9891715794849547,0.14676370920373963,-3.135095805817224e-14,1.0,0.2903489800882674,-0.9569208273215203
2011-02-23,13742.0,63.0,860.0,12278.285714285714,10338.033333333333,2011,2,8,2,False,13742.0,23,8,2,1,2011,2,0,0,21893.0,5218.0,16117.0,7164.0,11955.0,12617.57142857143,14413.0,8235.85413212948,21893.0,0.0,11203.0,11198.0,7709.589662831034,22669.0,0.0,10278.466666666667,10725.5,6488.642112520019,22669.0,0.0,14083.035464262446,11216.375317967339,-0.3723107842689444,-0.1473599305081591,2829.1428571428587,0.7818314824680334,0.6234898018587292,0.9915497906051816,0.12972668480625182,0.9749279121818211,-0.22252093395632533,0.25726093431108676,-0.9663419744983588
2011-02-24,11891.0,55.0,775.0,11918.0,10216.466666666667,2011,2,8,3,False,11891.0,24,8,2,1,2011,3,0,0,13742.0,21533.0,14413.0,11876.0,15538.0,12278.285714285714,13742.0,8115.707973107574,21893.0,0.0,11672.857142857143,12721.5,7644.672985481158,22669.0,0.0,10338.033333333333,10725.5,6512.721426420859,22669.0,0.0,13997.776598196835,11379.318845840427,-0.1346965507204192,-0.17498092000277532,1210.8571428571431,0.9749279121818303,-0.2225209339562852,0.993634586189866,0.11265127219562909,-0.43388373911750416,-0.9009688679024451,0.22386840046373174,-0.9746193817454125
2011-02-25,10572.0,49.0,592.0,12121.285714285714,10204.5,2011,2,8,4,False,10572.0,25,8,2,1,2011,4,0,0,11891.0,21893.0,9149.0,10520.0,10931.0,11918.0,11891.0,8060.941218823847,21893.0,0.0,11673.92857142857,12729.0,7644.70469786654,22669.0,0.0,10216.466666666667,10725.5,6446.007503891871,22669.0,0.0,13471.082448647627,11412.330533205564,-0.11092422840803973,0.15553612416657558,488.1428571428569,0.43388373911756595,-0.9009688679024154,0.9954253493144537,0.09554252426117808,-0.7818314824680406,0.6234898018587199,0.19021090117413572,-0.9817432521156044
2011-02-26,0.0,0.0,0.0,12121.285714285714,9828.966666666667,2011,2,8,5,True,0.0,26,8,2,1,2011,5,1,0,10572.0,13742.0,0.0,0.0,11266.0,12121.285714285714,11891.0,7997.163241097548,21893.0,0.0,11677.642857142857,12729.0,7644.113528190726,22669.0,0.0,10204.5,10546.0,6444.96841837053,22669.0,0.0,12746.31183648572,11358.115660095524,-1.0,0.0,887.2857142857138,-0.43388373911751826,-0.9009688679024384,0.9969215500633253,0.07840550375666766,0.7818314824679746,0.6234898018588027,0.156328272677186,-0.9877051539613263
2011-02-27,4823.0,33.0,566.0,12064.857142857143,9661.666666666666,2011,2,8,6,True,4823.0,27,8,2,1,2011,6,1,0,0.0,11891.0,5218.0,2723.0,9842.0,12121.285714285714,11891.0,7997.163241097548,21893.0,0.0,11677.642857142857,12729.0,7644.113528190726,22669.0,0.0,9828.966666666667,10310.0,6704.000861468855,22669.0,0.0,9559.73387736429,10625.334004605435,0.0,-0.07569950172479878,887.2857142857138,-0.9749279121818185,-0.2225209339563368,0.9981227456866077,0.06124528180217061,0.4338837391175995,-0.9009688679023992,0.12226061766546514,-0.9924980309139454
2011-02-28,9873.0,57.0,906.0,10399.142857142857,9990.766666666666,2011,2,9,0,False,9873.0,28,9,2,1,2011,0,0,0,4823.0,10572.0,21533.0,13567.0,0.0,12064.857142857143,11891.0,8055.174846614053,21893.0,0.0,11827.642857142857,12729.0,7473.582351879853,22669.0,0.0,9661.666666666666,10310.0,6766.002876110877,22669.0,0.0,8375.550408023217,10250.989875276025,1.047066141405764,-0.5414944503784889,474.42857142857247,-0.7818314824680663,0.6234898018586877,0.9990285807311906,0.044066936383449135,-0.9749279121817975,-0.2225209339564285,0.08804825782465771,-0.9961162102355541
2011-03-01,12137.0,62.0,844.0,9005.42857142857,10282.566666666668,2011,3,9,1,False,12137.0,1,9,3,1,2011,1,0,0,9873.0,0.0,21893.0,22669.0,3383.0,10399.142857142857,10572.0,6892.64500339725,21893.0,0.0,11563.785714285714,11231.5,7472.658925181067,22669.0,0.0,9990.766666666666,10310.0,6515.320690672047,22669.0,0.0,8749.912806017413,10226.603431709827,0.2293122657753468,-0.445621888274791,-2329.2857142857138,1.9606728399089418e-14,1.0,0.9996387871459109,0.026875550849280297,3.9213456798178836e-14,1.0,0.05373168610970562,-0.9985554095330955
2011-03-02,8612.0,43.0,543.0,8272.57142857143,10122.766666666666,2011,3,9,2,False,8612.0,2,9,3,1,2011,2,0,0,12137.0,4823.0,13742.0,16117.0,13406.0,9005.42857142857,10572.0,4871.09928924819,13742.0,0.0,10811.5,11231.5,6765.341116534872,21893.0,0.0,10282.566666666668,10546.0,6404.260509053056,22669.0,0.0,9596.68460451306,10349.854823212427,-0.29043420944220155,-0.37330810653471114,-3612.1428571428587,0.7818314824680198,0.623489801858746,0.999953184360873,0.009676212407230897,0.9749279121818307,-0.2225209339562833,0.019351518818325447,-0.9998127418269003
2011-03-03,20075.0,49.0,793.0,9441.714285714286,10264.8,2011,3,9,3,False,20075.0,3,9,3,1,2011,3,0,0,8612.0,9873.0,11891.0,14413.0,15814.0,8272.57142857143,9873.0,4403.1384586127,12137.0,0.0,10275.42857142857,10222.5,6608.119594213545,21893.0,0.0,10122.766666666666,10310.0,6383.413051421465,22669.0,0.0,9350.513453384794,10237.735157198715,1.3310496980956805,0.6882516188714154,-4005.7142857142844,0.9749279121818224,-0.22252093395631958,0.999971679340883,-0.00752598938174598,-0.4338837391175677,-0.9009688679024145,-0.015051552481532364,-0.9998867189676517
2011-03-04,13560.0,49.0,717.0,9868.57142857143,10393.266666666666,2011,3,9,4,False,13560.0,4,9,3,1,2011,4,0,0,20075.0,12137.0,10572.0,9149.0,9706.0,9441.714285714286,9873.0,6231.128836047968,20075.0,0.0,10679.857142857143,10222.5,7039.976003642948,21893.0,0.0,10264.8,10310.0,6559.390506799399,22669.0,0.0,12031.635090038595,10872.397405121412,-0.32453300124533,0.282633371169126,-2476.2857142857138,0.4338837391175854,-0.900968867902406,0.9996942666129788,-0.024725964109382385,-0.7818314824680676,0.6234898018586863,-0.049436809113255716,-0.998777253397723
2011-03-05,0.0,0.0,0.0,9868.57142857143,9869.533333333333,2011,3,9,5,True,0.0,5,9,3,1,2011,5,1,0,13560.0,8612.0,0.0,0.0,15712.0,9868.57142857143,9873.0,6420.917402187496,20075.0,0.0,10994.92857142857,11231.5,7064.855199825816,21893.0,0.0,10393.266666666666,10546.0,6585.756537241299,22669.0,0.0,12413.726317528948,11045.79112092004,-1.0,0.0,-2252.7142857142844,-0.43388373911755007,-0.900968867902423,0.9991210282680496,-0.041918622026437195,0.7818314824680186,0.6234898018587476,-0.08376355348526729,-0.9964856582548094
2011-03-06,5027.0,27.0,510.0,9897.714285714286,9613.933333333332,2011,3,9,6,True,5027.0,6,9,3,1,2011,6,1,0,0.0,20075.0,4823.0,5218.0,12695.0,9868.57142857143,9873.0,6420.917402187496,20075.0,0.0,10994.92857142857,11231.5,7064.855199825816,21893.0,0.0,9869.533333333333,10310.0,6770.360494315567,22669.0,0.0,9310.29473814671,10333.159435699357,0.0,0.042297325316193346,-2252.7142857142844,-0.9749279121818264,-0.22252093395630237,0.9982521339365441,-0.0590988755488295,0.4338837391175359,-0.9009688679024298,-0.11799115725973859,-0.9930146458177279
2011-03-07,14006.0,68.0,1045.0,10488.142857142857,10080.8,2011,3,10,0,False,14006.0,7,10,3,1,2011,0,0,0,5027.0,13560.0,9873.0,21533.0,0.0,9897.714285714286,9873.0,6394.609180507321,20075.0,0.0,10981.285714285714,11231.5,7077.042998625625,21893.0,0.0,9613.933333333332,9986.5,6804.670256944679,22669.0,0.0,8239.471053610032,9990.82656888003,1.786154764272926,0.4186164286437759,-2167.142857142857,-0.7818314824680443,0.6234898018587154,0.9970878407382744,-0.07626164076313564,-0.9749279121818133,-0.22252093395635972,-0.15207910943934577,-0.9883683242962289
2011-03-08,14537.0,48.0,883.0,10831.0,10497.5,2011,3,10,1,False,14537.0,8,10,3,1,2011,1,0,0,14006.0,0.0,12137.0,21893.0,2036.0,10488.142857142857,12137.0,6580.0622952616295,20075.0,0.0,10443.642857142857,11231.5,6473.985653927041,21893.0,0.0,10080.8,10310.0,6599.702665193785,22669.0,0.0,9681.103290207524,10249.87001604907,0.03791232329001848,0.1977424404712862,89.0,-1.9544830335430583e-15,1.0,0.9956284932063294,-0.09340183893100905,-3.908966067086117e-15,1.0,-0.18598706431516163,-0.9825521929686117
2011-03-09,11861.0,53.0,755.0,11295.142857142857,10588.6,2011,3,10,2,False,11861.0,9,10,3,1,2011,2,0,0,14537.0,5027.0,8612.0,13742.0,9128.0,10831.0,13560.0,6740.857710014847,20075.0,0.0,9918.214285714286,11231.5,5728.908570756592,20075.0,0.0,10497.5,10546.0,6467.5741001846845,22669.0,0.0,10895.077467655643,10526.459047271721,-0.18408199766114053,0.3772642823966559,1825.5714285714294,0.7818314824680064,0.6234898018587629,0.9938745231851225,-0.11051439799205079,0.9749279121818403,-0.22252093395624126,-0.21967488921888068,-0.9755731356729092
2011-03-10,15583.0,57.0,656.0,10653.42857142857,10771.366666666669,2011,3,10,3,False,15583.0,10,10,3,1,2011,3,0,0,11861.0,14006.0,20075.0,11891.0,10100.0,11295.142857142857,13560.0,6674.128093580745,20075.0,0.0,9783.857142857143,11216.5,5653.899047521177,20075.0,0.0,10588.6,11216.5,6466.866621745704,22669.0,0.0,11136.558100741731,10612.558463576774,0.31380153444060377,-0.223760896637609,3022.5714285714275,0.9749279121818272,-0.22252093395629857,0.9918264497026016,-0.12759425406472188,-0.43388373911752887,-0.9009688679024332,-0.25310271202292967,-0.9674394126593344
2011-03-11,10521.0,53.0,605.0,10219.285714285714,10883.266666666666,2011,3,10,4,False,10521.0,11,10,3,1,2011,4,0,0,15583.0,14537.0,13560.0,10572.0,7164.0,10653.42857142857,13560.0,5854.929002050116,15583.0,0.0,10047.57142857143,11216.5,5842.693276672595,20075.0,0.0,10771.366666666667,11868.5,6529.756147336482,22669.0,0.0,12248.168575556298,10933.23211108796,-0.3248411730732208,-0.2241150442477876,1211.7142857142844,0.4338837391176048,-0.9009688679023966,0.9894848788166606,-0.1446363529448202,-0.7818314824680944,0.6234898018586525,-0.28623096833217826,-0.9581606508136428
2011-03-12,0.0,0.0,0.0,10219.285714285714,10487.4,2011,3,10,5,True,0.0,12,10,3,1,2011,5,1,0,10521.0,11861.0,0.0,0.0,11876.0,10219.285714285714,11861.0,5714.472583254018,15583.0,0.0,10043.92857142857,11191.0,5842.3570383653105,20075.0,0.0,10883.266666666666,11868.5,6494.474271591831,22669.0,0.0,11816.376431667222,10906.636491017769,-1.0,0.0,350.7142857142844,-0.43388373911753064,-0.9009688679024324,0.9868505034357966,-0.16163565160110782,0.7818314824679917,0.6234898018587812,-0.3190204483114526,-0.9477478322629705
2011-03-13,2733.0,16.0,416.0,9891.57142857143,10227.833333333334,2011,3,10,6,True,2733.0,13,10,3,1,2011,6,1,0,0.0,15583.0,5027.0,4823.0,10520.0,10219.285714285714,11861.0,5714.472583254018,15583.0,0.0,10043.92857142857,11191.0,5842.3570383653105,20075.0,0.0,10487.4,11216.5,6787.225188950022,22669.0,0.0,8862.282323750416,10202.982523855311,0.0,-0.4563357867515416,350.7142857142844,-0.9749279121818089,-0.2225209339563788,0.9839241031140683,-0.17858711966761825,0.4338837391176772,-0.9009688679023617,-0.3514323430933722,-0.9362132813776476
2011-03-14,16737.0,50.0,679.0,10281.714285714286,10785.733333333334,2011,3,11,0,False,16737.0,14,11,3,1,2011,0,0,0,2733.0,10521.0,14006.0,9873.0,0.0,9891.57142857143,11861.0,6113.701111905473,15583.0,0.0,9894.642857142857,11191.0,6010.313822692886,20075.0,0.0,10227.833333333334,11216.5,6933.26503710287,22669.0,0.0,7329.961742812812,9721.048167477535,5.12403951701427,0.19498786234470944,-6.142857142856883,-0.7818314824680223,0.6234898018587429,0.9807065438204117,-0.1954857409322303,-0.974927912181829,-0.2225209339562909,-0.3834282907116399,-0.9235706501843539
2011-03-15,8941.0,52.0,722.0,9482.285714285714,10993.0,2011,3,11,1,False,8941.0,15,11,3,1,2011,1,0,0,16737.0,0.0,14537.0,12137.0,2723.0,10281.714285714286,11861.0,6495.2538753124845,16737.0,0.0,10384.92857142857,11999.0,6282.224011683079,20075.0,0.0,10785.733333333334,11876.0,6752.924939371237,22669.0,0.0,9681.72130710961,10173.690221188672,-0.4657943478520643,-0.3849487514617872,-206.42857142857065,-2.3515694466175534e-14,1.0,0.9771987776823877,-0.21232651482103562,-4.703138893235107e-14,1.0,-0.41497042150535474,-0.9098349022079051
2011-03-16,12883.0,52.0,582.0,9628.285714285714,10970.2,2011,3,11,2,False,12883.0,16,11,3,1,2011,2,0,0,8941.0,2733.0,11861.0,8612.0,13567.0,9482.285714285714,10521.0,6222.893129787932,16737.0,0.0,10156.642857142857,11191.0,6271.719033237104,20075.0,0.0,10993.0,11876.0,6590.391255195108,22669.0,0.0,9496.540980332207,10094.161819821658,0.440890280729225,0.08616474159008525,-1348.7142857142862,0.7818314824680284,0.6234898018587353,0.973401842704431,-0.22910445787810024,0.9749279121818246,-0.22252093395631004,-0.44602140294068493,-0.8950222947607636
2011-03-17,20975.0,62.0,1064.0,10398.57142857143,10913.733333333334,2011,3,11,3,False,20975.0,17,11,3,1,2011,3,0,0,12883.0,16737.0,15583.0,20075.0,22669.0,9628.285714285714,10521.0,6299.5205826656775,16737.0,0.0,10461.714285714286,12372.0,6294.638236425738,20075.0,0.0,10970.2,11876.0,6582.357503467029,22669.0,0.0,10343.155735249156,10274.086863704137,0.628114569587829,0.34601809664377847,-1666.8571428571431,0.9749279121818194,-0.22252093395633296,0.9693168624606878,-0.24581460524014417,-0.4338837391175924,-0.9009688679024026,-0.4765444837967782,-0.8791503597012642
2011-03-18,13938.0,64.0,765.0,10886.714285714286,10841.1,2011,3,11,4,False,13938.0,18,11,3,1,2011,4,0,0,20975.0,8941.0,10521.0,13560.0,16117.0,10398.57142857143,10521.0,7385.116560965545,20975.0,0.0,10526.0,12372.0,6404.014209853098,20975.0,0.0,10913.733333333334,11876.0,6485.086142162245,21893.0,0.0,13001.116801436869,10964.4683563684,-0.3354946364719905,0.32477901340176785,-254.8571428571413,0.433883739117573,-0.9009688679024119,0.9649450457625344,-0.2624520121057191,-0.7818314824680505,0.6234898018587077,-0.5065035376636446,-0.8622378826833189
2011-03-19,0.0,0.0,0.0,10886.714285714286,10360.666666666666,2011,3,11,5,True,0.0,19,11,3,1,2011,5,1,0,13938.0,12883.0,0.0,0.0,14413.0,10886.714285714286,12883.0,7506.488986521052,20975.0,0.0,10553.0,12372.0,6418.570149903416,20975.0,0.0,10841.1,11876.0,6436.822579556631,21893.0,0.0,13235.337601077652,11156.309107570441,-1.0,0.0,667.4285714285725,-0.4338837391175624,-0.900968867902417,0.9602876863008663,-0.2790117551984668,0.7818314824680358,0.623489801858726,-0.5358631057005588,-0.8443048809221416
2011-03-20,14038.0,60.0,861.0,12501.714285714286,10523.633333333331,2011,3,11,6,True,14038.0,20,11,3,1,2011,6,1,0,0.0,20975.0,2733.0,5027.0,9149.0,10886.714285714286,12883.0,7506.488986521052,20975.0,0.0,10553.0,12372.0,6418.570149903416,20975.0,0.0,10360.666666666666,11216.5,6693.780841499326,21893.0,0.0,9926.503200808238,10436.547229662658,0.0,4.136480058543725,667.4285714285725,-0.9749279121818167,-0.22252093395634442,0.9553461622632788,-0.29548893422398215,0.43388373911761363,-0.9009688679023924,-0.5645884386042955,-0.8253725795023503
2011-03-21,10292.0,53.0,627.0,11581.0,10866.7,2011,3,12,0,False,10292.0,21,12,3,1,2011,0,0,0,14038.0,13938.0,16737.0,14006.0,0.0,12501.714285714286,13938.0,6624.125494842962,20975.0,0.0,11196.642857142857,13410.5,6271.935287234165,20975.0,0.0,10523.633333333333,11876.0,6722.715627828096,21893.0,0.0,10954.377400606178,10668.89902129733,-0.26684712922068676,-0.38507498356933745,2610.142857142857,-0.7818314824680357,0.623489801858726,0.9501219359262361,-0.3118786733199007,-0.9749279121818194,-0.22252093395633296,-0.5926455377376204,-0.8054633862564373
2011-03-22,16548.0,53.0,1140.0,12667.714285714286,11244.366666666669,2011,3,12,1,False,16548.0,22,12,3,1,2011,1,0,0,10292.0,0.0,8941.0,14537.0,5218.0,11581.0,12883.0,6380.770852073173,20975.0,0.0,10931.357142857143,12372.0,6222.316284114849,20975.0,0.0,10866.7,11876.0,6423.094673345478,21893.0,0.0,10788.783050454633,10644.582955407177,0.6078507578701904,0.8507996868359244,1299.2857142857138,-4.507690589880801e-14,1.0,0.9446165532223606,-0.3281761224987386,-9.015381179761603e-14,1.0,-0.6200011953692753,-0.7846008652433858
2011-03-23,14374.0,63.0,773.0,12880.714285714286,11005.733333333334,2011,3,12,2,False,14374.0,23,12,3,1,2011,2,0,0,16548.0,14038.0,12883.0,11861.0,21533.0,12667.714285714286,13938.0,6502.82340511375,20975.0,0.0,11075.0,12372.0,6334.162624518455,20975.0,0.0,11244.366666666667,12014.0,6412.591613828808,21893.0,0.0,12228.587287840974,11025.448571187366,-0.13137539279671262,0.115733912908484,3185.4285714285725,0.7818314824680149,0.6234898018587521,0.9388316432829672,-0.3443764590830847,0.9749279121818342,-0.222520933956268,-0.6466230339778838,-0.762809708858793
2011-03-24,18164.0,68.0,781.0,12479.142857142857,10881.433333333332,2011,3,12,3,False,18164.0,24,12,3,1,2011,3,0,0,14374.0,10292.0,20975.0,15583.0,21893.0,12880.714285714286,14038.0,6535.387688430977,20975.0,0.0,11254.5,13410.5,6393.4794397224905,20975.0,0.0,11005.733333333334,12014.0,6144.09965870447,21893.0,0.0,12764.94046588073,11241.484147239797,0.2636705162098234,-0.13401668653158527,3252.4285714285725,0.9749279121818368,-0.22252093395625652,0.9327689179559782,-0.3604748891327019,-0.43388373911745115,-0.9009688679024707,-0.6724795445732231,-0.7401157086095325
2011-03-25,14083.0,56.0,800.0,12499.857142857143,10892.8,2011,3,12,4,False,14083.0,25,12,3,1,2011,4,0,0,18164.0,16548.0,13938.0,10521.0,13742.0,12479.142857142857,14038.0,6021.275928698481,18164.0,0.0,11438.857142857143,13410.5,6562.861616201194,20975.0,0.0,10881.433333333332,12014.0,5950.93023550239,20975.0,0.0,14114.70534941055,11688.09807322433,-0.22467518167804446,0.010403214234466995,2080.5714285714275,0.4338837391175924,-0.9009688679024026,0.9264301712993565,-0.3764666488631432,-0.7818314824680773,0.623489801858674,-0.6975401239895528,-0.7165457245875096
2011-03-26,0.0,0.0,0.0,12499.857142857143,10496.433333333332,2011,3,12,5,True,0.0,26,12,3,1,2011,5,1,0,14083.0,14374.0,0.0,0.0,11891.0,12499.857142857143,14083.0,6027.377440439893,18164.0,0.0,11693.285714285714,13988.0,6593.51510581039,20975.0,0.0,10892.8,12014.0,5956.9051812104135,20975.0,0.0,14106.779012057912,11842.607874951795,-1.0,0.0,1613.1428571428569,-0.4338837391174918,-0.9009688679024511,0.9198172790502196,-0.3923470060554182,0.781831482467938,0.6234898018588487,-0.7217751111067896,-0.6921276536786992
2011-03-27,4496.0,32.0,503.0,11136.714285714286,10293.9,2011,3,12,6,True,4496.0,27,12,3,1,2011,6,1,0,0.0,18164.0,14038.0,2733.0,10572.0,12499.857142857143,14083.0,6027.377440439893,18164.0,0.0,11693.285714285714,13988.0,6593.51510581039,20975.0,0.0,10496.433333333332,11999.0,6275.294616978991,20975.0,0.0,10580.084259043433,11078.568657212962,0.0,-0.6797264567602223,1613.1428571428569,-0.9749279121818246,-0.22252093395631004,0.9129321980697749,-0.4081112614563451,0.43388373911755,-0.900968867902423,-0.7451558219567395,-0.6668903965450215
2011-03-28,12222.0,61.0,891.0,11412.42857142857,10701.3,2011,3,13,0,False,12222.0,28,13,3,1,2011,0,0,0,4496.0,14083.0,10292.0,16737.0,0.0,11136.714285714286,14083.0,6666.638451130762,18164.0,0.0,11819.214285714286,13988.0,6423.873312508986,20975.0,0.0,10293.9,11999.0,6370.105966476411,20975.0,0.0,9059.063194282573,10653.886808360508,1.7184163701067616,0.187524290711232,-1365.0,-0.7818314824680137,0.6234898018587537,0.9057769657642539,-0.42375475016912983,-0.974927912181835,-0.22252093395626416,-0.7676545836727677,-0.6408638234181967
2011-03-29,32803.0,62.0,970.0,13734.57142857143,11633.966666666667,2011,3,13,1,False,32803.0,29,13,3,1,2011,1,0,0,12222.0,0.0,16548.0,8941.0,4823.0,11412.42857142857,14083.0,6665.790572196286,18164.0,0.0,11496.714285714286,13410.5,6269.4709680945625,20975.0,0.0,10701.3,12179.5,6072.956447262343,20975.0,0.0,9849.79739571193,10755.05540136951,1.6839306169203074,0.982293932801547,-168.57142857142935,-9.794698470632472e-15,1.0,0.8983536994820138,-0.43927284303377956,-1.9589396941264945e-14,1.0,-0.7892447672427557,-0.6140787387460409
2011-03-30,20621.0,75.0,877.0,14627.0,11992.233333333334,2011,3,13,2,False,20621.0,30,13,3,1,2011,2,0,0,32803.0,4496.0,14374.0,12883.0,9873.0,13734.57142857143,14083.0,10488.347532017659,32803.0,0.0,13201.142857142857,13988.0,8402.09004087348,32803.0,0.0,11633.966666666667,12552.5,7185.660814683544,32803.0,0.0,15588.098046783949,12177.503439990842,-0.3713684723958175,0.4346041463754,1066.8571428571431,0.781831482468037,0.6234898018587246,0.8906645958869751,-0.4546609479969567,0.9749279121818185,-0.2225209339563368,-0.8099008190265968,-0.5865668447330172
2011-03-31,16832.0,66.0,869.0,14436.714285714286,12148.733333333334,2011,3,13,3,False,16832.0,31,13,3,1,2011,3,0,0,20621.0,12222.0,18164.0,20975.0,12137.0,14627.0,14083.0,10812.58242357794,32803.0,0.0,13753.857142857143,14060.5,8630.949157690457,32803.0,0.0,11992.233333333334,13221.5,7360.643322162294,32803.0,0.0,16846.323535087962,12722.245153539825,-0.18374472624993943,-0.07333186522792334,1746.2857142857138,0.974927912181829,-0.22252093395629094,0.8827119303085995,-0.46991451147082713,-0.4338837391175147,-0.90096886790244,-0.8295982910008727,-0.5583607038182677
2011-04-01,18459.0,75.0,742.0,15061.857142857143,12476.966666666667,2011,4,13,4,False,18459.0,1,13,4,2,2011,4,0,0,16832.0,32803.0,14083.0,13938.0,8612.0,14436.714285714286,14083.0,10751.510184066943,32803.0,0.0,13457.92857142857,14060.5,8433.070026474868,32803.0,0.0,12148.733333333334,13749.0,7413.549221821369,32803.0,0.0,16842.74265131597,12987.390627505,0.09666112167300378,0.31072924802953916,1957.5714285714294,0.4338837391175606,-0.9009688679024179,0.8744980560685747,-0.48502901968055895,-0.7818314824680332,0.6234898018587292,-0.8483138696949906,-0.5294937001354318
2011-04-02,0.0,0.0,0.0,15061.857142857143,11807.8,2011,4,13,5,True,0.0,2,13,4,2,2011,5,1,0,18459.0,20621.0,0.0,0.0,20075.0,15061.857142857143,16832.0,10854.24548933997,32803.0,0.0,13780.857142857143,14228.5,8538.766789514428,32803.0,0.0,12476.966666666667,13972.0,7469.338517927989,32803.0,0.0,17246.806988486976,13340.397683795003,-1.0,0.0,2562.0,-0.43388373911752354,-0.9009688679024358,0.8660254037844392,-0.4999999999999992,0.781831482467982,0.6234898018587935,-0.8660254037844377,-0.5000000000000016
2011-04-03,5658.0,20.0,523.0,15227.857142857143,11544.4,2011,4,13,6,True,5658.0,3,13,4,2,2011,6,1,0,0.0,16832.0,4496.0,14038.0,13560.0,15061.857142857143,16832.0,10854.24548933997,32803.0,0.0,13780.857142857143,14228.5,8538.766789514428,32803.0,0.0,11807.8,13749.0,7661.931387014031,32803.0,0.0,12935.105241365232,12479.726865485642,0.0,0.2584519572953736,2562.0,-0.9749279121818198,-0.22252093395633105,0.8572964806503138,-0.5148230222752145,0.4338837391175889,-0.9009688679024043,-0.8827119303085991,-0.46991451147082797
2011-04-04,14004.0,59.0,907.0,15482.42857142857,12011.2,2011,4,14,0,False,14004.0,4,14,4,2,2011,0,0,0,5658.0,18459.0,12222.0,10292.0,0.0,15227.857142857143,16832.0,10673.098354095235,32803.0,0.0,13182.285714285714,14228.5,8808.80527504307,32803.0,0.0,11544.4,13410.5,7735.094750550921,32803.0,0.0,11115.828931023923,12039.615454809145,1.4750795334040299,0.14580265095729006,4091.142857142857,-0.7818314824680627,0.6234898018586924,0.848313869694991,-0.5294937001354311,-0.9749279121818002,-0.22252093395641703,-0.8983536994820134,-0.43927284303378045
2011-04-05,15558.0,52.0,705.0,13018.857142857143,12362.233333333334,2011,4,14,1,False,15558.0,5,14,4,2,2011,1,0,0,14004.0,0.0,32803.0,16548.0,5027.0,15482.42857142857,16832.0,10610.522872085407,32803.0,0.0,13447.42857142857,14228.5,8770.899907467503,32803.0,0.0,12011.2,13971.0,7430.966027142913,32803.0,0.0,11837.871698267942,12166.349941595652,0.11096829477292203,-0.5257141115141908,4070.0,-3.135590990326495e-14,1.0,0.8390802290175676,-0.5440076922910431,-6.27118198065299e-14,1.0,-0.9129321980697738,-0.40811126145634763
2011-04-06,9156.0,40.0,713.0,11381.0,12200.566666666668,2011,4,14,2,False,9156.0,6,14,4,2,2011,2,0,0,15558.0,5658.0,20621.0,14374.0,14006.0,13018.857142857143,15558.0,7450.038040810512,20621.0,0.0,13376.714285714286,14228.5,8747.93984035954,32803.0,0.0,12362.233333333334,14005.0,7337.815223486034,32803.0,0.0,12767.903773700957,12385.166074395933,-0.4114924797531816,-0.5559866155860531,-715.7142857142862,0.7818314824680235,0.6234898018587414,0.8295982910008742,-0.5583607038182655,0.9749279121818281,-0.22252093395629477,-0.9264301712993567,-0.37646664886314246
2011-04-07,10508.0,64.0,832.0,10477.57142857143,12066.266666666666,2011,4,14,3,False,10508.0,7,14,4,2,2011,3,0,0,9156.0,14004.0,16832.0,18164.0,14537.0,11381.0,14004.0,6725.194644023318,18459.0,0.0,13004.0,14043.5,8813.097316363446,32803.0,0.0,12200.566666666668,13971.0,7353.761213022988,32803.0,0.0,11864.927830275716,12176.832779273613,0.14766273481869807,-0.375712927756654,-3246.0,0.9749279121818337,-0.2225209339562699,0.8198708615029215,-0.5725484874300667,-0.4338837391174759,-0.9009688679024588,-0.9388316432829669,-0.3443764590830856
2011-04-08,12985.0,71.0,825.0,9695.57142857143,12103.733333333334,2011,4,14,4,False,12985.0,8,14,4,2,2011,4,0,0,10508.0,15558.0,18459.0,14083.0,11861.0,10477.57142857143,10508.0,6280.988559591094,18459.0,0.0,12457.142857142857,13113.0,8705.155738960719,32803.0,0.0,12066.266666666666,13410.5,7346.406773257341,32803.0,0.0,11525.695872706787,12069.166148352733,0.23572516178149971,-0.2965491088357982,-3959.142857142857,0.43388373911752887,-0.9009688679024332,0.8099008190265954,-0.5865668447330193,-0.7818314824679893,0.6234898018587843,-0.9501219359262363,-0.3118786733199
2011-04-09,0.0,0.0,0.0,9695.57142857143,11584.3,2011,4,14,5,True,0.0,9,14,4,2,2011,5,1,0,12985.0,9156.0,0.0,0.0,15583.0,9695.57142857143,10508.0,5400.744265288585,15558.0,0.0,12378.714285714286,12603.5,8694.32034260186,32803.0,0.0,12103.733333333334,13461.5,7348.189797885431,32803.0,0.0,11890.52190453009,12128.252203297718,-1.0,0.0,-5366.285714285714,-0.43388373911755534,-0.9009688679024205,0.7996911138678691,-0.600411627469661,0.781831482468026,0.6234898018587384,-0.9602876863008665,-0.27901175519846605
2011-04-10,5603.0,32.0,635.0,9687.714285714286,11420.366666666669,2011,4,14,6,True,5603.0,10,14,4,2,2011,6,1,0,0.0,10508.0,5658.0,4496.0,10521.0,9695.57142857143,10508.0,5400.744265288585,15558.0,0.0,12378.714285714286,12603.5,8694.32034260186,32803.0,0.0,11584.3,12934.0,7638.7885849019285,32803.0,0.0,8917.891428397566,11345.784319213992,0.0,-0.009720749381406879,-5366.285714285714,-0.9749279121818276,-0.22252093395629666,0.7892447672427563,-0.6140787387460401,0.4338837391175253,-0.9009688679024349,-0.9693168624606876,-0.24581460524014512
2011-04-11,13632.0,64.0,756.0,9634.57142857143,11874.766666666666,2011,4,15,0,False,13632.0,11,15,4,2,2011,0,0,0,5603.0,12985.0,14004.0,12222.0,0.0,9687.714285714286,10508.0,5407.632837458718,15558.0,0.0,12457.785714285714,12603.5,8621.847331754849,32803.0,0.0,11420.366666666667,12934.0,7714.7882152232505,32803.0,0.0,8089.168571298174,10975.282105071152,1.432982330894164,-0.02656383890317049,-5540.142857142857,-0.7818314824680407,0.6234898018587199,0.7785648703932891,-0.6275641342440474,-0.9749279121818158,-0.22252093395634825,-0.977198777682387,-0.21232651482103831
2011-04-12,15311.0,62.0,647.0,9599.285714285714,12294.033333333333,2011,4,15,1,False,15311.0,12,15,4,2,2011,1,0,0,13632.0,0.0,15558.0,32803.0,2733.0,9634.57142857143,10508.0,5359.761433034827,15558.0,0.0,12558.5,13308.5,8627.114882294543,32803.0,0.0,11874.766666666666,13308.5,7414.5544785976435,32803.0,0.0,9474.87642847363,11146.68325958269,0.12316607981220651,-0.015876076616531676,-5847.857142857141,3.92629752491059e-15,1.0,0.7676545836727673,-0.6408638234181974,7.85259504982118e-15,1.0,-0.9839241031140682,-0.17858711966761923
2011-04-13,18752.0,60.0,662.0,10970.142857142857,12361.2,2011,4,15,2,False,18752.0,13,15,4,2,2011,2,0,0,15311.0,5603.0,9156.0,20621.0,16737.0,9599.285714285714,10508.0,5314.8906452935125,15311.0,0.0,11309.07142857143,13308.5,6465.493716221976,20621.0,0.0,12294.033333333333,13785.0,7233.197392308077,32803.0,0.0,10933.907321355222,11415.348855738646,0.22474038273136965,1.0480559196155528,-3419.5714285714294,0.78183148246801,0.6234898018587582,0.756517135610563,-0.6539738706764888,0.9749279121818377,-0.22252093395625272,-0.9894848788166603,-0.14463635294482202
2011-04-14,18858.0,86.0,770.0,12163.0,12691.766666666666,2011,4,15,3,False,18858.0,14,15,4,2,2011,3,0,0,18752.0,13632.0,10508.0,16832.0,8941.0,10970.142857142857,12985.0,6323.360220340954,18752.0,0.0,11175.57142857143,13308.5,6274.916961930352,18752.0,0.0,12361.2,13785.0,7285.0466374859425,32803.0,0.0,12888.430491016417,11888.681187626476,0.005652730375426573,0.794632660829844,-410.8571428571431,0.974927912181826,-0.22252093395630432,0.7451558219567401,-0.6668903965450207,-0.43388373911753947,-0.9009688679024281,-0.9938745231851226,-0.11051439799205
2011-04-15,12717.0,56.0,718.0,12124.714285714286,12686.233333333334,2011,4,15,4,False,12717.0,15,15,4,2,2011,4,0,0,18858.0,15311.0,12985.0,18459.0,12883.0,12163.0,13632.0,6975.596318595272,18858.0,0.0,11320.285714285714,13308.5,6436.679213437908,18858.0,0.0,12691.766666666666,13971.0,7349.214462753189,32803.0,0.0,14380.822868262314,12338.314659392512,-0.3256442888959593,-0.020639199075856762,1685.4285714285706,0.4338837391175995,-0.9009688679023992,0.733574004706797,-0.6796095788159788,-0.7818314824680871,0.6234898018586618,-0.9970878407382744,-0.07626164076313574
2011-04-16,0.0,0.0,0.0,12124.714285714286,11987.066666666668,2011,4,15,5,True,0.0,16,15,4,2,2011,5,1,0,12717.0,18752.0,0.0,0.0,20975.0,12124.714285714286,13632.0,6971.066817312002,18858.0,0.0,10910.142857142857,12851.0,6122.062496315403,18858.0,0.0,12686.233333333334,13971.0,7349.128006839992,32803.0,0.0,13964.867151196735,12362.74597168977,-1.0,0.0,2429.142857142857,-0.4338837391175359,-0.9009688679024298,0.7217751111067904,-0.6921276536786986,0.781831482467999,0.623489801858772,-0.9991210282680495,-0.04191862202643906
2011-04-17,8136.0,42.0,620.0,12486.57142857143,11793.666666666666,2011,4,15,6,True,8136.0,17,15,4,2,2011,6,1,0,0.0,18858.0,5603.0,5658.0,13938.0,12124.714285714286,13632.0,6971.066817312002,18858.0,0.0,10910.142857142857,12851.0,6122.062496315402,18858.0,0.0,11987.066666666668,13785.0,7528.915830424034,32803.0,0.0,10473.65036339755,11565.149457387204,0.0,0.452079243262538,2429.142857142857,-0.9749279121818228,-0.22252093395631767,0.709762632639161,-0.7044409168334328,0.43388373911756417,-0.9009688679024163,-0.999971679340883,-0.0075259893817451835
2011-04-18,29825.0,69.0,1275.0,14799.857142857143,12787.833333333334,2011,4,16,0,False,29825.0,18,16,4,2,2011,0,0,0,8136.0,12717.0,13632.0,14004.0,0.0,12486.57142857143,13632.0,6633.690975044049,18858.0,0.0,11087.142857142857,12851.0,5992.993971901949,18858.0,0.0,11793.666666666666,13308.5,7551.558644016704,32803.0,0.0,9889.237772548162,11343.914008523512,2.6658062930186825,1.1878667840375585,2798.857142857143,-0.7818314824680541,0.6234898018587031,0.6975401239895522,-0.7165457245875103,-0.9749279121818063,-0.22252093395639028,-0.9996387871459109,0.026875550849280207
2011-04-19,14461.0,59.0,984.0,14678.42857142857,12801.933333333332,2011,4,16,1,False,14461.0,19,16,4,2,2011,1,0,0,29825.0,0.0,15311.0,15558.0,14038.0,14799.857142857143,15311.0,9362.026123807658,29825.0,0.0,12217.214285714286,12851.0,7803.490699962159,29825.0,0.0,12787.833333333334,13818.0,7900.551024359385,32803.0,0.0,14873.178329411123,12536.242137005867,-0.515138306789606,-0.05551564234863826,5165.285714285714,-1.7634913907721887e-14,1.0,0.6851112019949135,-0.72843849493357,-3.5269827815443773e-14,1.0,-0.9981227456866079,0.06124528180216964
2011-04-20,18371.0,63.0,588.0,14624.0,13071.233333333334,2011,4,16,2,False,18371.0,20,16,4,2,2011,2,0,0,14461.0,8136.0,18752.0,9156.0,10292.0,14678.42857142857,14461.0,9359.803610068297,29825.0,0.0,12138.857142857143,12851.0,7772.811785637508,29825.0,0.0,12801.933333333332,13818.0,7903.236119958487,32803.0,0.0,14770.133747058342,12660.42006365065,0.27038240785561163,-0.02031783276450516,5079.142857142857,0.7818314824679966,0.6234898018587751,0.6724795445732251,-0.7401157086095307,0.9749279121818473,-0.22252093395621067,-0.995425349314454,0.09554252426117534
2011-04-21,18210.0,77.0,941.0,14531.42857142857,13126.633333333331,2011,4,16,3,False,18210.0,21,16,4,2,2011,3,0,0,18371.0,29825.0,18858.0,10508.0,16548.0,14624.0,14461.0,9333.237237600533,29825.0,0.0,12797.07142857143,13308.5,7890.074402147856,29825.0,0.0,13071.233333333334,14043.5,7952.254413310943,32803.0,0.0,15670.350310293758,13028.844575673189,-0.008763812530618864,-0.03436207445116135,3653.857142857143,0.9749279121818181,-0.2225209339563387,0.6596488896351408,-0.7515739101399981,-0.43388373911760303,-0.9009688679023975,-0.9915497906051816,0.12972668480625174
2011-04-22,0.0,0.0,0.0,12714.714285714286,12647.5,2011,4,16,4,False,0.0,22,16,4,2,2011,4,0,0,18210.0,14461.0,12717.0,12985.0,14374.0,14531.42857142857,14461.0,9287.344056243826,29825.0,0.0,13347.214285714286,14046.5,7986.119257605883,29825.0,0.0,13126.633333333333,14043.5,7983.040426249063,32803.0,0.0,16305.262732720319,13363.112667565241,-1.0,-1.0,2368.4285714285706,0.4338837391175677,-0.9009688679024145,0.6466230339778846,-0.7628097088587924,-0.781831482468043,0.6234898018587169,-0.9865006565801182,0.16375730385847118
2011-04-23,0.0,0.0,0.0,12714.714285714286,12042.033333333333,2011,4,16,5,True,0.0,23,16,4,2,2011,5,1,0,0.0,18371.0,0.0,0.0,18164.0,12714.714285714286,14461.0,10818.931458548104,29825.0,0.0,12419.714285714286,14046.5,8749.01600118615,29825.0,0.0,12647.5,13818.0,8329.433924343262,32803.0,0.0,12228.947049540238,12500.976366431998,0.0,0.0,590.0,-0.4338837391175677,-0.9009688679024145,0.6334058321617086,-0.7738197799123084,0.7818314824680431,0.6234898018587168,-0.9802839232770918,0.1975941035670668
2011-04-24,0.0,0.0,0.0,11552.42857142857,11572.6,2011,4,16,6,True,0.0,24,16,4,2,2011,6,1,0,0.0,18210.0,8136.0,5603.0,14083.0,12714.714285714286,14461.0,10818.931458548104,29825.0,0.0,12419.714285714286,14046.5,8749.01600118615,29825.0,0.0,12042.033333333333,13308.5,8571.271991400992,32803.0,0.0,9171.710287155178,11694.461762146062,0.0,-1.0,590.0,-0.9749279121818181,-0.2225209339563387,0.6200011953692774,-0.7846008652433841,0.43388373911760303,-0.9009688679023975,-0.9729069486773351,0.231197035481334
2011-04-25,0.0,0.0,0.0,7291.714285714285,11572.6,2011,4,17,0,False,0.0,25,17,4,2,2011,0,0,0,0.0,0.0,29825.0,13632.0,0.0,11552.42857142857,14461.0,11786.564708134747,29825.0,0.0,12019.5,14046.5,9201.287374392463,29825.0,0.0,11572.6,12851.0,8837.16367979278,32803.0,0.0,6878.782715366383,10939.980358136638,0.0,-1.0,-934.1428571428587,-0.781831482468032,0.6234898018587307,0.6064130902482765,-0.7951497745554202,-0.974927912181822,-0.2225209339563215,-0.9643784639967455,0.2645263279510712
2011-04-26,16135.0,71.0,923.0,7530.857142857143,11960.566666666668,2011,4,17,1,False,16135.0,26,17,4,2,2011,1,0,0,0.0,0.0,14461.0,15311.0,4496.0,7291.714285714285,0.0,9183.63201052622,18371.0,0.0,11045.785714285714,13589.0,9723.969244790254,29825.0,0.0,11572.6,12851.0,8837.16367979278,32803.0,0.0,5159.0870365247865,10234.175173740727,0.0,0.1157596293479013,-7508.142857142858,-3.919612534035436e-14,1.0,0.5926455377376226,-0.8054633862564357,-7.839225068070872e-14,1.0,-0.9547085633518235,0.29754253319936813
2011-04-27,18218.0,65.0,785.0,7509.0,12160.433333333332,2011,4,17,2,False,18218.0,27,17,4,2,2011,2,0,0,16135.0,0.0,18371.0,18752.0,12222.0,7530.857142857143,0.0,9420.184896072391,18371.0,0.0,11104.642857142857,13589.0,9754.218271773858,29825.0,0.0,11960.566666666668,13308.5,8771.01432691732,32803.0,0.0,7903.065277393591,10614.873549628423,0.12909823365354822,-0.008328343584998121,-7147.5714285714275,0.7818314824680186,0.6234898018587476,0.578702611877601,-0.8155386483827991,0.9749279121818316,-0.22252093395627948,-0.9439086918125085,0.33020657401208553
2011-04-28,13396.0,59.0,713.0,6821.285714285715,11513.533333333333,2011,4,17,3,False,13396.0,28,17,4,2,2011,3,0,0,18218.0,0.0,18210.0,18858.0,32803.0,7509.0,0.0,9390.97334323409,18218.0,0.0,11066.5,13589.0,9723.007897606762,29825.0,0.0,12160.433333333332,13818.0,8845.17948077521,32803.0,0.0,10481.798958045192,11105.39783674917,-0.2646832802722582,-0.26436024162548055,-7115.0,0.9749279121818228,-0.2225209339563177,0.5645884386042949,-0.8253725795023508,-0.43388373911756417,-0.9009688679024163,-0.9319916318560629,0.3624797899887287
2011-04-29,0.0,0.0,0.0,6821.285714285715,10826.166666666666,2011,4,17,4,False,0.0,29,17,4,2,2011,4,0,0,13396.0,16135.0,0.0,12717.0,20621.0,6821.285714285715,0.0,8621.455730023896,18218.0,0.0,10676.357142857143,13056.5,9493.186265844697,29825.0,0.0,11513.533333333333,13514.0,7947.533730372128,29825.0,0.0,11210.349218533893,11253.17862147503,-1.0,0.0,-7710.142857142856,0.43388373911758715,-0.9009688679024052,0.5503071945286527,-0.8349622695966589,-0.78183148246807,0.6234898018586832,-0.9189714882380278,0.3943239833000072
2011-04-30,0.0,0.0,0.0,6821.285714285715,10265.1,2011,4,17,5,True,0.0,30,17,4,2,2011,5,1,0,0.0,18218.0,0.0,0.0,16832.0,6821.285714285715,0.0,8621.455730023896,18218.0,0.0,9768.0,10766.0,9883.30531755447,29825.0,0.0,10826.166666666666,13190.5,8024.051758708763,29825.0,0.0,8407.761913900418,10527.1670975089,0.0,0.0,-5893.428571428572,-0.4338837391175483,-0.9009688679024238,0.5358631057005582,-0.8443048809221421,0.7818314824680161,0.6234898018587506,-0.9048636712981579,0.425701463897905
2011-05-01,3814.0,18.0,357.0,7366.142857142857,9776.933333333332,2011,5,17,6,True,3814.0,1,17,5,2,2011,6,1,0,0.0,13396.0,0.0,8136.0,18459.0,6821.285714285715,0.0,8621.455730023896,18218.0,0.0,9768.0,10766.0,9883.30531755447,29825.0,0.0,10265.1,12851.0,8176.646240866502,29825.0,0.0,6305.821435425313,9847.995026701874,0.0,0.0,-5893.428571428572,-0.9749279121818133,-0.22252093395635972,0.5212604463582784,-0.8533976488498011,0.4338837391176419,-0.9009688679023788,-0.8896848787211052,0.4565750941247368
2011-05-02,0.0,0.0,0.0,7366.142857142857,9776.933333333332,2011,5,18,0,False,0.0,2,18,5,2,2011,0,0,0,3814.0,0.0,0.0,29825.0,0.0,7366.142857142857,3814.0,8230.155292754633,18218.0,0.0,9459.285714285714,8605.0,10004.955852196255,29825.0,0.0,9776.933333333332,11612.5,8107.459872340389,29825.0,0.0,5682.866076568985,9458.705024979172,-1.0,0.0,-4186.285714285714,-0.7818314824680456,0.6234898018587138,0.5065035376636455,-0.8622378826833185,-0.9749279121818124,-0.22252093395636352,-0.8734530757734243,0.486908332668424
2011-05-03,12454.0,66.0,743.0,6840.285714285715,10003.466666666667,2011,5,18,1,False,12454.0,3,18,5,2,2011,1,0,0,0.0,0.0,16135.0,14461.0,5658.0,7366.142857142857,3814.0,8230.15529275463,18218.0,0.0,7328.928571428572,1907.0,8377.932124743778,18371.0,0.0,9776.933333333332,11612.5,8107.459872340389,29825.0,0.0,4262.149557426738,8848.465991109548,0.0,-0.22813758909203596,74.42857142857156,-6.075733677298684e-14,1.0,0.4915967464233612,-0.8708229664552752,-1.2151467354597368e-13,1.0,-0.8561874740403063,0.516665277811931
2011-05-04,17363.0,65.0,695.0,6718.142857142857,10115.433333333332,2011,5,18,2,False,17363.0,4,18,5,2,2011,2,0,0,12454.0,3814.0,18218.0,18371.0,14004.0,6840.285714285715,3814.0,7675.398919367547,18218.0,0.0,7185.571428571428,1907.0,8262.88692066743,18371.0,0.0,10003.466666666667,12585.5,8083.311491663847,29825.0,0.0,6310.112168070054,9081.081088457318,0.39417054761522397,-0.046931606103853385,-690.5714285714284,0.7818314824680407,0.6234898018587199,0.47654448379677755,-0.8791503597012645,0.9749279121818158,-0.22252093395634825,-0.8379085086871808,0.5458107099257257
2011-05-05,17436.0,89.0,902.0,7295.285714285715,10178.033333333333,2011,5,18,3,False,17436.0,5,18,5,2,2011,3,0,0,17363.0,0.0,13396.0,18210.0,15558.0,6718.142857142857,3814.0,7468.16792412015,17363.0,0.0,7113.571428571428,1907.0,8161.695560211923,18218.0,0.0,10115.433333333332,12585.5,8163.502002429999,29825.0,0.0,9073.334126052541,9615.398437589105,0.004204342567528663,0.30158256195879374,-790.8571428571431,0.9749279121818276,-0.22252093395629666,0.461351203990578,-0.8872175982116474,-0.4338837391175253,-0.9009688679024349,-0.8186378142731447,0.5743101331528881
2011-05-06,19945.0,82.0,1019.0,10144.57142857143,10537.666666666666,2011,5,18,4,False,19945.0,6,18,5,2,2011,4,0,0,17436.0,12454.0,0.0,0.0,9156.0,7295.285714285715,3814.0,8191.339139894149,17436.0,0.0,7058.285714285715,1907.0,8082.990596865222,18218.0,0.0,10178.033333333333,12585.5,8213.722296521124,29825.0,0.0,11164.000594539406,10119.953377099486,0.1438976829548062,0.0,474.0,0.43388373911755534,-0.9009688679024205,0.44602140294068743,-0.8950222947607623,-0.7818314824680259,0.6234898018587384,-0.7983981991447774,0.602129816237642
2011-05-07,0.0,0.0,0.0,10144.57142857143,10187.4,2011,5,18,5,True,0.0,7,18,5,2,2011,5,1,0,19945.0,17363.0,0.0,0.0,10508.0,10144.57142857143,12454.0,8684.78838462482,19945.0,0.0,8482.92857142857,8134.0,8490.65136093619,19945.0,0.0,10537.666666666666,12851.0,8401.47931692057,29825.0,0.0,13359.250445904556,10753.827352770486,-1.0,0.0,3323.2857142857147,-0.43388373911752887,-0.9009688679024332,0.4305596169818739,-0.9025621398133328,0.7818314824679893,0.6234898018587843,-0.7772136184407381,0.6292368324488441
2011-05-08,10621.0,63.0,739.0,11117.0,10108.6,2011,5,18,6,True,10621.0,8,18,5,2,2011,6,1,0,0.0,17436.0,3814.0,0.0,12985.0,10144.57142857143,12454.0,8684.78838462482,19945.0,0.0,8482.92857142857,8134.0,8490.65136093619,19945.0,0.0,10187.4,12851.0,8618.988106060608,29825.0,0.0,10019.437834428416,10060.032039688518,0.0,1.784740429994756,3323.2857142857147,-0.9749279121818211,-0.22252093395632533,0.4149704215053556,-0.9098349022079046,0.43388373911757827,-0.9009688679024094,-0.7551091457389965,0.6555990985513349
2011-05-09,13354.0,71.0,859.0,13024.714285714286,10553.733333333334,2011,5,19,0,False,13354.0,9,19,5,2,2011,0,0,0,10621.0,19945.0,0.0,0.0,0.0,11117.0,12454.0,8226.834385108277,19945.0,0.0,9241.57142857143,11537.5,8141.719783495839,19945.0,0.0,10108.6,12585.5,8603.321097311707,29825.0,0.0,10169.828375821313,10096.223520998938,0.25732040297523784,0.0,3750.857142857143,-0.7818314824680235,0.6234898018587414,0.3992584296048835,-0.9168384298170765,-0.9749279121818281,-0.22252093395629474,-0.7321109433803463,0.6811854127788846
2011-05-10,19784.0,96.0,932.0,14071.857142857143,11026.433333333332,2011,5,19,1,False,19784.0,10,19,5,2,2011,1,0,0,13354.0,0.0,12454.0,16135.0,5603.0,13024.714285714286,13354.0,6608.399799101277,19945.0,0.0,10195.42857142857,12904.0,7748.480900391813,19945.0,0.0,10553.733333333334,13035.5,8405.46086834005,29825.0,0.0,10965.871281865984,10306.402648676425,0.4815036693125656,0.5885659225951501,5658.571428571429,-2.54751293448113e-14,1.0,0.3834282907116408,-0.9235706501843535,-5.09502586896226e-14,1.0,-0.7082462315032508,0.7059654917638989
2011-05-11,18894.0,80.0,829.0,14290.57142857143,11201.833333333334,2011,5,19,2,False,18894.0,11,19,5,2,2011,2,0,0,19784.0,10621.0,17363.0,18218.0,13632.0,14071.857142857143,17363.0,7067.677115539709,19945.0,0.0,10456.07142857143,12904.0,8020.250998031733,19945.0,0.0,11026.433333333332,13375.0,8515.474966741187,29825.0,0.0,13170.40346139949,10917.860542310205,-0.0449858471492115,0.08817600645049817,7231.571428571428,0.7818314824680271,0.6234898018587368,0.3674846892184069,-0.9300295711374187,0.9749279121818255,-0.22252093395630623,-0.683543255826725,0.7299100063801018
2011-05-12,37774.0,86.0,947.0,17196.0,11950.6,2011,5,19,3,False,37774.0,12,19,5,2,2011,3,0,0,18894.0,13354.0,17436.0,13396.0,15311.0,14290.57142857143,17436.0,7208.778765208028,19945.0,0.0,10504.357142857143,12904.0,8072.44125315971,19945.0,0.0,11201.833333333334,13375.0,8624.489542449252,29825.0,0.0,14601.302596049618,11432.450184741805,0.9992590240287922,1.166437256251434,7572.4285714285725,0.9749279121818325,-0.22252093395627565,0.35143234309337473,-0.9362132813776466,-0.43388373911748646,-0.9009688679024537,-0.6580312542193666,0.7529906164558011
2011-05-13,15217.0,73.0,779.0,16520.571428571428,11832.766666666666,2011,5,19,4,False,15217.0,13,19,5,2,2011,4,0,0,37774.0,19784.0,19945.0,0.0,18752.0,17196.0,18894.0,11505.694517643566,37774.0,0.0,12245.642857142857,12904.0,10883.85805894459,37774.0,0.0,11950.6,13375.0,9877.60968781557,37774.0,0.0,20394.476947037216,13131.905011532655,-0.5971567745009796,-0.23705189270493854,9900.714285714286,0.4338837391175748,-0.9009688679024112,0.3352760024840169,-0.9421199510456922,-0.7818314824680529,0.6234898018587046,-0.6317404220940748,0.775180004316675
2011-05-14,0.0,0.0,0.0,16520.571428571428,11204.166666666666,2011,5,19,5,True,0.0,14,19,5,2,2011,5,1,0,15217.0,18894.0,0.0,0.0,18858.0,16520.571428571428,15217.0,11456.090459622232,37774.0,0.0,13332.57142857143,14285.5,10311.651973257374,37774.0,0.0,11832.766666666666,13375.0,9814.559570575148,37774.0,0.0,19100.107710277913,13266.42726885313,-1.0,0.0,6375.999999999998,-0.43388373911750944,-0.9009688679024426,0.3190204483114535,-0.9477478322629702,0.7818314824679624,0.623489801858818,-0.604701876669482,0.7964519071183185
2011-05-15,4895.0,31.0,575.0,15702.57142857143,10943.433333333332,2011,5,19,6,True,4895.0,15,19,5,2,2011,6,1,0,0.0,37774.0,10621.0,3814.0,12717.0,16520.571428571428,15217.0,11456.090459622232,37774.0,0.0,13332.57142857143,14285.5,10311.651973257374,37774.0,0.0,11204.166666666666,13035.5,9952.036929203505,37774.0,0.0,14325.080782708434,12410.528735378735,0.0,-0.5391206101120422,6375.999999999998,-0.9749279121818163,-0.22252093395634634,0.30267049085568926,-0.9530952596488853,0.43388373911761713,-0.9009688679023907,-0.5769476201403175,0.8167811479303522
2011-05-16,16019.0,68.0,793.0,16083.285714285714,11477.4,2011,5,20,0,False,16019.0,16,20,5,2,2011,0,0,0,4895.0,15217.0,13354.0,0.0,0.0,15702.57142857143,15217.0,12132.031649826045,37774.0,0.0,13409.785714285714,14285.5,10238.682699062814,37774.0,0.0,10943.433333333332,12904.0,10013.311132698831,37774.0,0.0,11967.560587031325,11925.655913741397,2.2725229826353424,0.19956567320652985,4585.571428571429,-0.7818314824680724,0.6234898018586801,0.2862309683321809,-0.958160650813642,-0.9749279121817932,-0.22252093395644762,-0.5485105018003629,0.8361436655352441
2011-05-17,26769.0,82.0,873.0,17081.14285714286,12098.5,2011,5,20,1,False,26769.0,17,20,5,2,2011,1,0,0,16019.0,0.0,19784.0,12454.0,8136.0,16083.285714285714,16019.0,12087.782312653348,37774.0,0.0,14554.0,15618.0,9492.728318195836,37774.0,0.0,11477.4,13375.0,9835.149188427247,37774.0,0.0,12980.420440273494,12189.742628983886,0.6710780947624695,0.3530630812778002,3058.5714285714275,9.80707808336424e-15,1.0,0.2697067454601279,-0.962942506826501,1.961415616672848e-14,1.0,-0.519424179162785,0.8545165429066116
2011-05-18,19013.0,73.0,717.0,17098.14285714286,11738.1,2011,5,20,2,False,19013.0,18,20,5,2,2011,2,0,0,26769.0,4895.0,18894.0,17363.0,29825.0,17081.14285714286,16019.0,12716.171192993736,37774.0,0.0,15576.5,16691.0,10006.204688553544,37774.0,0.0,12098.5,13928.5,10198.495067309268,37774.0,0.0,16427.56533020512,13130.339878726862,-0.28973812992640746,0.006298295755266192,3009.2857142857156,0.7818314824680137,0.6234898018587537,0.2531027120229306,-0.9674394126593342,0.974927912181835,-0.22252093395626418,-0.4897230781238972,0.8718780343332749
2011-05-19,18124.0,99.0,878.0,14291.0,11860.2,2011,5,20,3,False,18124.0,19,20,5,2,2011,3,0,0,19013.0,16019.0,37774.0,17436.0,14461.0,17098.14285714286,16019.0,12719.077907203955,37774.0,0.0,15694.357142857143,16727.5,10038.530405830894,37774.0,0.0,11738.1,13928.5,9730.780545472104,37774.0,0.0,17073.92399765384,13509.866338163838,-0.046757481723031624,-0.5201990787314026,2807.5714285714294,0.9749279121818246,-0.22252093395631004,0.23642378142121298,-0.9716500376053585,-0.43388373911755007,-0.900968867902423,-0.4594423522174453,0.888207591156989
2011-05-20,15348.0,71.0,604.0,14309.714285714286,11759.433333333332,2011,5,20,4,False,15348.0,20,20,5,2,2011,4,0,0,18124.0,26769.0,15217.0,19945.0,18371.0,14291.0,16019.0,9028.20223891039,26769.0,0.0,15743.5,17071.5,10049.390488597199,37774.0,0.0,11860.2,14306.5,9788.932689522411,37774.0,0.0,17336.442998240378,13807.552380862944,-0.15316707128669171,0.00860879279752913,-2905.0,0.43388373911754297,-0.9009688679024265,0.21967488921888165,-0.9755731356729089,-0.7818314824680088,0.6234898018587598,-0.42861784100772654,0.9034858860933441
2011-05-21,0.0,0.0,0.0,14309.714285714286,11152.433333333332,2011,5,20,5,True,0.0,21,20,5,2,2011,5,1,0,15348.0,19013.0,0.0,0.0,18210.0,14309.714285714286,16019.0,9030.577089612185,26769.0,0.0,15415.142857142857,15683.5,9976.385963919956,37774.0,0.0,11759.433333333332,14306.5,9735.010595192292,37774.0,0.0,16839.332248680283,13906.936098226626,-1.0,0.0,-2210.8571428571413,-0.43388373911754125,-0.9009688679024273,0.2028609916826013,-0.9792075459541514,0.7818314824680064,0.6234898018587629,-0.3972860276706911,0.9176948361071031
2011-05-22,12645.0,61.0,875.0,15416.857142857143,11573.933333333332,2011,5,20,6,True,12645.0,22,20,5,2,2011,6,1,0,0.0,18124.0,4895.0,10621.0,0.0,14309.714285714286,16019.0,9030.577089612185,26769.0,0.0,15415.142857142857,15683.5,9976.385963919956,37774.0,0.0,11152.433333333332,13375.0,9885.488318161435,37774.0,0.0,12629.499186510211,13009.71441447007,0.0,1.5832482124616956,-2210.8571428571413,-0.9749279121818242,-0.22252093395631195,0.18598706431516085,-0.9825521929686118,0.43388373911755357,-0.9009688679024214,-0.3654839958133111,0.9308176238148564
2011-05-23,18169.0,68.0,825.0,15724.0,12179.566666666668,2011,5,21,0,False,18169.0,23,21,5,2,2011,0,0,0,12645.0,15348.0,16019.0,13354.0,0.0,15416.857142857143,16019.0,8112.356900198018,26769.0,0.0,15559.714285714286,15683.5,9916.050985289321,37774.0,0.0,11573.933333333332,13375.0,9660.592931518551,37774.0,0.0,12633.37438988266,12986.184452246194,0.43685251087386323,0.1342156189524939,-285.71428571428623,-0.7818314824680505,0.6234898018587077,0.16905810038314714,-0.9856060869814277,-0.9749279121818089,-0.2225209339563788,-0.3332493855822941,0.9428387173896835
2011-05-24,15936.0,68.0,913.0,14176.42857142857,12710.766666666666,2011,5,21,1,False,15936.0,24,21,5,2,2011,1,0,0,18169.0,0.0,26769.0,19784.0,0.0,15724.0,18124.0,8179.378175224157,26769.0,0.0,15903.642857142857,17071.5,9917.164813572506,37774.0,0.0,12179.566666666668,14306.5,9477.777706510287,37774.0,0.0,14017.280792411995,13320.559648875473,-0.12290164566019046,-0.40468452314244086,-359.28571428571377,-1.1754133349268238e-14,1.0,0.15207910943934674,-0.9883683242962288,-2.3508266698536476e-14,1.0,-0.3006203491140599,0.9537438889442704
2011-05-25,13163.0,65.0,703.0,13340.714285714286,13149.533333333333,2011,5,21,2,False,13163.0,25,21,5,2,2011,2,0,0,15936.0,12645.0,19013.0,18894.0,0.0,14176.42857142857,15936.0,6616.915717994868,19013.0,0.0,15628.785714285714,15977.5,9854.472933480687,37774.0,0.0,12710.766666666666,15282.5,9214.537953815117,37774.0,0.0,14496.960594308997,13489.297736044797,-0.17400853413654616,-0.3076842160626939,-2904.714285714288,0.7818314824680003,0.6234898018587706,0.13505511584034569,-0.9908380875225532,0.9749279121818447,-0.22252093395622213,-0.26763550537876996,0.9635202313707016
2011-05-26,16264.0,64.0,547.0,13075.0,13153.833333333334,2011,5,21,3,False,16264.0,26,21,5,2,2011,3,0,0,13163.0,18169.0,18124.0,37774.0,16135.0,13340.714285714286,15348.0,6264.27872182918,18169.0,0.0,15219.42857142857,15642.0,9827.397837868195,37774.0,0.0,13149.533333333333,15282.5,8896.316598238418,37774.0,0.0,14163.470445731748,13468.246269203197,0.23558459317784708,-0.10262635179871993,-3757.4285714285725,0.9749279121818294,-0.22252093395628902,0.1179911572597378,-0.993014645817728,-0.4338837391175112,-0.9009688679024417,-0.23433389447180475,0.9721561736170157
2011-05-27,16209.0,64.0,643.0,13198.0,13086.866666666669,2011,5,21,4,False,16209.0,27,21,5,2,2011,4,0,0,16264.0,15936.0,15348.0,15217.0,18218.0,13075.0,15348.0,6063.808978961429,18169.0,0.0,13683.0,15642.0,7415.392442542969,26769.0,0.0,13153.833333333334,15282.5,8897.840416343342,37774.0,0.0,14688.602834298812,13648.6174776417,-0.003381701918347302,0.056098514464425264,-1216.0,0.43388373911761363,-0.9009688679023924,0.10089228319740334,-0.9948973551031357,-0.7818314824681066,0.6234898018586372,-0.20075493140682626,0.97964149438243
2011-05-28,0.0,0.0,0.0,13198.0,12640.333333333334,2011,5,21,5,True,0.0,28,21,5,2,2011,5,1,0,16209.0,13163.0,0.0,0.0,13396.0,13198.0,15936.0,6126.012841427387,18169.0,0.0,13753.857142857143,15977.5,7435.889144052489,26769.0,0.0,13086.866666666667,15282.5,8865.91512958803,37774.0,0.0,15068.702125724109,13813.803446826107,-1.0,0.0,-1111.7142857142862,-0.4338837391175218,-0.9009688679024366,0.08376355348526826,-0.9964856582548093,0.7818314824679795,0.6234898018587965,-0.16693835946505894,0.9859673342150412
2011-05-29,4067.0,24.0,443.0,11972.57142857143,12775.9,2011,5,21,6,True,4067.0,29,21,5,2,2011,6,1,0,0.0,16264.0,12645.0,4895.0,0.0,13198.0,15936.0,6126.012841427387,18169.0,0.0,13753.857142857143,15977.5,7435.889144052489,26769.0,0.0,12640.333333333334,15282.5,9181.536639227212,37774.0,0.0,11301.52659429308,12922.590321224423,0.0,-0.6783708975879794,-1111.7142857142862,-0.9749279121818321,-0.22252093395627753,0.06661003679003268,-0.9977790852682925,0.43388373911749,-0.9009688679024519,-0.1329242031560922,0.991126205997661
2011-05-30,0.0,0.0,0.0,9377.0,12775.9,2011,5,22,0,False,0.0,30,22,5,2,2011,0,0,0,4067.0,16209.0,18169.0,16019.0,0.0,11972.57142857143,15936.0,7044.215424898706,18169.0,0.0,13694.714285714286,15977.5,7514.645684145199,26769.0,0.0,12775.9,15282.5,9017.015533289641,37774.0,0.0,9492.894945719809,12351.261913403494,-1.0,-1.0,-3444.2857142857138,-0.7818314824680284,0.6234898018587353,0.04943680911325847,-0.9987772533977229,-0.9749279121818246,-0.22252093395631004,-0.09875272084577562,0.9951120038093985
2011-05-31,11724.0,54.0,739.0,8775.285714285714,13039.566666666668,2011,5,22,1,False,11724.0,31,22,5,2,2011,1,0,0,0.0,0.0,15936.0,26769.0,3814.0,9377.0,13163.0,7697.549696710845,16264.0,0.0,12550.5,15642.0,8310.893793921718,26769.0,0.0,12775.9,15282.5,9017.015533289641,37774.0,0.0,7119.671209289856,11554.40630608714,0.0,-0.2643072289156626,-6347.0,2.3528074078907303e-14,1.0,0.0322489522893041,-0.9994798672690922,4.7056148157814606e-14,1.0,-0.0644643571073619,0.9979200101524843
2011-06-01,10965.0,42.0,822.0,8461.285714285714,13405.066666666668,2011,6,22,2,False,10965.0,1,22,6,2,2011,2,0,0,11724.0,4067.0,13163.0,19013.0,0.0,8775.285714285714,11724.0,7251.058950578308,16264.0,0.0,11475.857142857143,14255.5,7233.850882718487,19013.0,0.0,13039.566666666668,15282.5,8860.208885540043,37774.0,0.0,8270.753406967391,11565.34783472668,-0.06473899692937568,-0.1669832105143204,-5401.142857142857,0.7818314824680223,0.6234898018587429,0.015051552481533344,-0.9998867189676517,0.974927912181829,-0.22252093395629094,-0.030099694852259582,0.9995469015357913
2011-06-02,14586.0,52.0,858.0,8221.57142857143,13476.133333333331,2011,6,22,3,False,14586.0,2,22,6,2,2011,3,0,0,10965.0,0.0,16264.0,18124.0,12454.0,8461.285714285714,10965.0,7074.835397715045,16264.0,0.0,10901.0,12904.0,6900.935187461113,18169.0,0.0,13405.066666666668,15282.5,8523.520326368878,37774.0,0.0,8944.315055225543,11526.615716357215,0.3302325581395349,-0.10317265125430397,-4879.4285714285725,0.9749279121818215,-0.2225209339563234,-0.0021503013227746654,-0.9999976880994382,-0.4338837391175748,-0.9009688679024112,0.004300592702983659,0.9999907524084426
2011-06-03,7679.0,44.0,559.0,7003.0,13153.333333333334,2011,6,22,4,False,7679.0,3,22,6,2,2011,4,0,0,14586.0,11724.0,16209.0,15348.0,17363.0,8221.57142857143,10965.0,6789.051353886945,16209.0,0.0,10648.285714285714,12904.0,6677.235591384929,18169.0,0.0,13476.133333333333,15282.5,8524.205141358017,37774.0,0.0,10354.736291419156,11723.995347559976,-0.47353626765391477,-0.5262508482941576,-4853.428571428571,0.4338837391175818,-0.9009688679024077,-0.01935151881832447,-0.9998127418269003,-0.7818314824680627,0.6234898018586924,0.03869579017652769,0.999251037438848
2011-06-04,0.0,0.0,0.0,7003.0,12572.133333333331,2011,6,22,5,True,0.0,4,22,6,2,2011,5,1,0,7679.0,10965.0,0.0,0.0,17436.0,7003.0,7679.0,5811.601385734103,14586.0,0.0,10100.5,12184.5,6575.827245414754,18169.0,0.0,13153.333333333334,14901.5,8555.242701300844,37774.0,0.0,9685.802218564366,11463.027905781913,-1.0,0.0,-6195.0,-0.43388373911755357,-0.9009688679024213,-0.03654700988811993,-0.9993319348786156,0.7818314824680236,0.6234898018587414,0.07304518821104557,0.9973286321364754
2011-06-05,13397.0,67.0,755.0,8335.857142857143,12353.866666666669,2011,6,22,6,True,13397.0,5,22,6,2,2011,6,1,0,0.0,14586.0,4067.0,12645.0,19945.0,7003.0,7679.0,5811.601385734103,14586.0,0.0,10100.5,12184.5,6575.827245414754,18169.0,0.0,12572.133333333333,13970.0,8841.727662090434,37774.0,0.0,7264.351663923274,10723.477718312113,0.0,2.2940742562085075,-6195.0,-0.9749279121818146,-0.22252093395635397,-0.05373168610970464,-0.9985554095330955,0.4338837391176313,-0.900968867902384,0.10730813165635973,0.9942258118156163
2011-06-06,9459.0,57.0,736.0,9687.142857142857,12669.166666666666,2011,6,23,0,False,9459.0,6,23,6,2,2011,0,0,0,13397.0,7679.0,0.0,18169.0,0.0,8335.857142857143,10965.0,6089.278102494884,14586.0,0.0,10154.214285714286,12443.5,6601.232928879211,18169.0,0.0,12353.866666666667,13375.5,8733.605973019075,37774.0,0.0,8797.513747942456,10895.963026808105,-0.29394640591177135,0.0,-3636.7142857142862,-0.7818314824680419,0.6234898018587184,-0.07090046226091157,-0.9974833955766828,-0.974927912181815,-0.22252093395635206,0.14144406768794104,0.9899462489023781
2011-06-07,18731.0,78.0,986.0,10688.142857142857,12939.5,2011,6,23,1,False,18731.0,7,23,6,2,2011,1,0,0,9459.0,0.0,11724.0,15936.0,10621.0,9687.142857142857,10965.0,4855.734940204591,14586.0,0.0,9532.07142857143,11344.5,6185.089135161325,16264.0,0.0,12669.166666666666,13375.5,8437.968651948455,37774.0,0.0,8962.885310956843,10803.255734755969,0.9802304683370335,0.5976629136813374,310.1428571428569,-5.487655621453319e-14,1.0,-0.08804825782465496,-0.9961162102355543,-1.0975311242906638e-13,1.0,0.1754125938042766,0.9844950085880861
2011-06-08,21260.0,99.0,1043.0,12158.857142857143,13203.033333333333,2011,6,23,2,False,21260.0,8,23,6,2,2011,2,0,0,18731.0,13397.0,10965.0,13163.0,13354.0,10688.142857142857,10965.0,5945.5519628422235,18731.0,0.0,9731.714285714286,11344.5,6447.248923480404,18731.0,0.0,12939.5,13991.5,8499.77396758293,37774.0,0.0,11404.913983217632,11314.723106707197,0.13501681704126844,0.9388964888280893,1912.8571428571431,0.7818314824680088,0.6234898018587598,-0.10516999849234956,-0.9944542580818482,0.9749279121818386,-0.2225209339562489,0.20917350564635714,0.9778785428342384
2011-06-09,28265.0,85.0,990.0,14113.0,13485.733333333334,2011,6,23,3,False,28265.0,9,23,6,2,2011,3,0,0,21260.0,9459.0,14586.0,16264.0,19784.0,12158.857142857143,13397.0,7172.215358092436,21260.0,0.0,10310.07142857143,11344.5,7108.044927180307,21260.0,0.0,13203.033333333333,14901.5,8634.561632477813,37774.0,0.0,13868.685487413224,11956.353874016411,0.3294920037629352,0.9378170848759084,3697.5714285714294,0.9749279121818264,-0.2225209339563024,-0.12226061766546593,-0.9924980309139453,-0.4338837391175359,-0.9009688679024298,0.24268684458259532,0.9701046827361175
2011-06-10,10669.0,50.0,639.0,14540.142857142857,13211.566666666668,2011,6,23,4,False,10669.0,10,23,6,2,2011,4,0,0,28265.0,18731.0,7679.0,16209.0,18894.0,14113.0,13397.0,9446.60551027016,28265.0,0.0,11167.285714285714,11344.5,8473.754507333213,28265.0,0.0,13485.733333333334,14901.5,8989.016519920451,37774.0,0.0,17467.76411555992,13008.524591821804,-0.622536706173713,0.3893736163562964,5891.428571428571,0.43388373911760125,-0.9009688679023984,-0.1393150579548309,-0.9902481076109372,-0.7818314824680895,0.6234898018586587,0.27591294500295865,0.9611826292540843
2011-06-11,0.0,0.0,0.0,14540.142857142857,11952.433333333332,2011,6,23,5,True,0.0,11,23,6,2,2011,5,1,0,10669.0,21260.0,0.0,0.0,37774.0,14540.142857142857,13397.0,9170.766569714353,28265.0,0.0,10771.57142857143,10817.0,8348.63346454228,28265.0,0.0,13211.566666666668,13991.5,8943.693095419696,37774.0,0.0,15768.07308666994,12857.587521381687,-1.0,0.0,7537.142857142857,-0.4338837391175854,-0.900968867902406,-0.15632827267718502,-0.9877051539613265,0.7818314824680676,0.6234898018586862,0.30881248126625455,0.9511229423235353
2011-06-12,9457.0,39.0,649.0,13977.285714285714,11760.433333333332,2011,6,23,6,True,9457.0,12,23,6,2,2011,6,1,0,0.0,28265.0,13397.0,4067.0,15217.0,14540.142857142857,13397.0,9170.766569714351,28265.0,0.0,10771.57142857143,10817.0,8348.63346454228,28265.0,0.0,11952.433333333332,13280.0,7972.732840355223,28265.0,0.0,11826.054815002453,12028.065745808673,0.0,-0.2940956930656117,7537.142857142857,-0.9749279121818224,-0.22252093395631958,-0.17329522734857217,-0.9848699224660111,0.43388373911756767,-0.9009688679024145,0.34134651424503604,0.9399375283564134
2011-06-13,11291.0,59.0,822.0,14239.0,12136.8,2011,6,24,0,False,11291.0,13,24,6,2,2011,0,0,0,9457.0,10669.0,9459.0,0.0,0.0,13977.285714285714,10669.0,9371.336310158498,28265.0,0.0,11156.57142857143,10817.0,8137.2718894109885,28265.0,0.0,11760.433333333332,12904.0,7960.751721926857,28265.0,0.0,11233.79111125184,11862.190536401662,0.19393042190969645,0.19367797864467695,5641.428571428571,-0.7818314824680198,0.623489801858746,-0.19021090117413475,-0.9817432521156045,-0.9749279121818307,-0.22252093395628328,0.37347653741306985,0.927639626149047
2011-06-14,14602.0,57.0,876.0,13649.142857142857,12460.366666666669,2011,6,24,1,False,14602.0,14,24,6,2,2011,1,0,0,11291.0,0.0,18731.0,11724.0,4895.0,14239.0,11291.0,9248.904709928262,28265.0,0.0,11963.07142857143,11128.0,7479.40923689615,28265.0,0.0,12136.8,12904.0,7646.2668168514265,28265.0,0.0,11248.09333343888,11825.339534053168,0.2932424054556726,-0.22043670919865466,4551.857142857143,-1.9594348786357652e-14,1.0,-0.20707028853384077,-0.9783260681421669,-3.9188697572715304e-14,1.0,0.40516452242075296,0.9142437912130239
2011-06-15,30381.0,59.0,906.0,14952.142857142857,12939.1,2011,6,24,2,False,30381.0,15,24,6,2,2011,2,0,0,14602.0,9457.0,21260.0,10965.0,16019.0,13649.142857142857,11291.0,9044.073702865153,28265.0,0.0,12168.642857142857,11128.0,7511.813604707491,28265.0,0.0,12460.366666666667,13280.0,7533.806962199034,28265.0,0.0,12086.570000079158,12004.478918952964,1.0806053965210247,0.42902163687676387,2961.0,0.7818314824680309,0.6234898018587323,-0.22386840046373077,-0.9746193817454127,0.9749279121818228,-0.2225209339563177,0.43637296410459153,0.8997658785476214
2011-06-16,20272.0,83.0,852.0,13810.285714285714,12722.533333333333,2011,6,24,3,False,20272.0,16,24,6,2,2011,3,0,0,30381.0,11291.0,28265.0,14586.0,26769.0,14952.142857142857,11291.0,10808.305825129286,30381.0,0.0,13555.5,12344.0,8930.799970628888,30381.0,0.0,12939.1,13280.0,8195.033888760407,30381.0,0.0,16660.17750005937,13190.060924181806,-0.33274085777295015,-0.28278790022996636,2793.2857142857138,0.9749279121818312,-0.2225209339562814,-0.2406002661322256,-0.9706242897934825,-0.43388373911749706,-0.9009688679024486,0.4670649248774287,0.8842230238742044
2011-06-17,11753.0,52.0,574.0,13965.142857142857,12480.533333333333,2011,6,24,4,False,11753.0,17,24,6,2,2011,4,0,0,20272.0,14602.0,10669.0,7679.0,19013.0,13810.285714285714,11291.0,9511.910949160623,30381.0,0.0,13961.642857142857,12344.0,9108.785105238068,30381.0,0.0,12722.533333333333,13280.0,7897.396095236578,30381.0,0.0,17563.133125044526,13646.960219395882,-0.42023480662983426,0.10160277439310161,-302.71428571428623,0.43388373911756944,-0.9009688679024137,-0.25726093431108754,-0.9663419744983586,-0.7818314824680455,0.6234898018587138,0.49720407844693776,0.8676336233547726
2011-06-18,0.0,0.0,0.0,13965.142857142857,11876.4,2011,6,24,5,True,0.0,18,24,6,2,2011,5,1,0,11753.0,30381.0,0.0,0.0,18124.0,13965.142857142857,11753.0,9460.933559090437,30381.0,0.0,14252.642857142857,12575.0,8956.435276528138,30381.0,0.0,12480.533333333333,12904.0,7808.726752733192,30381.0,0.0,16110.599843783393,13524.769237499373,-1.0,0.0,-575.0,-0.4338837391175147,-0.90096886790244,-0.2738454748405547,-0.9617737030660337,0.7818314824679697,0.6234898018588089,0.5267547528105533,0.8500173118187022
2011-06-19,15069.0,60.0,721.0,14766.857142857143,11867.1,2011,6,24,6,True,15069.0,19,24,6,2,2011,6,1,0,0.0,20272.0,9457.0,13397.0,15348.0,13965.142857142857,11753.0,9460.933559090437,30381.0,0.0,14252.642857142857,12575.0,8956.435276528138,30381.0,0.0,11876.4,12199.0,8054.289658526614,30381.0,0.0,12082.949882837544,12652.20348024135,0.0,0.5934228613725283,-575.0,-0.9749279121818176,-0.2225209339563406,-0.2903489800882665,-0.9569208273215206,0.4338837391176065,-0.9009688679023958,0.5556819724760473,0.8313949395234068
2011-06-20,16599.0,74.0,997.0,15525.142857142857,12420.4,2011,6,25,0,False,16599.0,20,25,6,2,2011,0,0,0,15069.0,11753.0,11291.0,9459.0,0.0,14766.857142857143,14602.0,9250.689261321215,30381.0,0.0,14372.07142857143,13177.5,8955.295626819729,30381.0,0.0,11867.1,12199.0,8050.302990014412,30381.0,0.0,12829.46241212816,12808.12583635481,0.10153294843718896,0.4701089363209636,789.5714285714294,-0.7818314824680332,0.6234898018587292,-0.30676656640150596,-0.9517847833088269,-0.9749279121818211,-0.2225209339563253,0.5839514998577003,0.8117885474764609
2011-06-21,14183.0,55.0,843.0,15465.285714285714,12471.666666666666,2011,6,25,1,False,14183.0,21,25,6,2,2011,1,0,0,16599.0,0.0,14602.0,18731.0,12645.0,15525.142857142857,15069.0,9135.112614313537,30381.0,0.0,14882.07142857143,14835.5,8856.743180409858,30381.0,0.0,12420.4,12904.0,7772.170861699373,30381.0,0.0,13771.84680909612,13052.698363041596,-0.1455509368034219,-0.028694699356252573,1286.1428571428569,-4.1155560218990125e-14,1.0,-0.3230933755523461,-0.9463670908660078,-8.231112043798025e-14,1.0,0.6115298757991046,0.7912213413483813
2011-06-22,15818.0,60.0,646.0,13384.857142857143,12393.3,2011,6,25,2,False,15818.0,22,25,6,2,2011,2,0,0,14183.0,15069.0,30381.0,21260.0,18169.0,15465.285714285714,15069.0,9143.538423649881,30381.0,0.0,14557.214285714286,14392.5,8787.848675026506,30381.0,0.0,12471.666666666666,13280.0,7778.773111901212,30381.0,0.0,13874.63510682209,13125.621049296977,0.11527885496721435,-0.4793456436588658,1816.1428571428569,0.7818314824680174,0.623489801858749,-0.3393245761752893,-0.9406693531754186,0.9749279121818325,-0.22252093395627565,0.6383844591746649,0.7697176640069205
2011-06-23,14670.0,72.0,960.0,12584.57142857143,12351.1,2011,6,25,3,False,14670.0,23,25,6,2,2011,3,0,0,15818.0,16599.0,20272.0,28265.0,15936.0,13384.857142857143,15069.0,6441.717716793945,20272.0,0.0,14168.5,14392.5,8586.611033374102,30381.0,0.0,12393.3,13280.0,7731.092893032016,30381.0,0.0,14360.476330116568,13299.322917084268,-0.07257554684536605,-0.2763417521704814,-1567.2857142857138,0.9749279121818359,-0.22252093395626035,-0.35545536519693316,-0.9346932562893105,-0.4338837391174582,-0.9009688679024672,0.6644834655228551,0.7473029667054297
2011-06-24,9981.0,51.0,647.0,12331.42857142857,12245.033333333333,2011,6,25,4,False,9981.0,24,25,6,2,2011,4,0,0,14670.0,14183.0,11753.0,10669.0,13163.0,12584.57142857143,14670.0,5754.853280989372,16599.0,0.0,13197.42857142857,14392.5,7579.461272861915,30381.0,0.0,12351.1,13280.0,7714.5257898376,30381.0,0.0,14437.857247587426,13387.753696627218,-0.31963190184049084,-0.1507700161660852,-1225.7142857142844,0.4338837391175377,-0.9009688679024289,-0.37148096925728835,-0.9284405686308982,-0.7818314824680015,0.623489801858769,0.689796004665588,0.7240037789593312
2011-06-25,0.0,0.0,0.0,12331.42857142857,11702.9,2011,6,25,5,True,0.0,25,25,6,2,2011,5,1,0,9981.0,15818.0,0.0,0.0,16264.0,12331.42857142857,14670.0,5835.930684336545,16599.0,0.0,13148.285714285714,14392.5,7599.320226973481,30381.0,0.0,12245.033333333333,12575.0,7724.845774527176,30381.0,0.0,13323.64293569057,13167.963135554495,-1.0,0.0,-1633.7142857142862,-0.4338837391174953,-0.9009688679024493,-0.38739664612228614,-0.9219131404710555,0.7818314824679429,0.6234898018588425,0.714292117269102,0.6998476771464084
2011-06-26,3760.0,26.0,536.0,10715.857142857143,11287.933333333332,2011,6,25,6,True,3760.0,26,25,6,2,2011,6,1,0,0.0,14670.0,15069.0,9457.0,16209.0,12331.42857142857,14670.0,5835.930684336545,16599.0,0.0,13148.285714285714,14392.5,7599.320226973481,30381.0,0.0,11702.9,11738.5,7998.912677616779,30381.0,0.0,9992.732201767927,12318.417126809045,0.0,-0.7504811201805031,-1633.7142857142862,-0.9749279121818255,-0.2225209339563062,-0.40319768608708534,-0.9151129033807907,0.43388373911754297,-0.9009688679024265,0.7379428103031385,0.6748632518680404
2011-06-27,9898.0,45.0,712.0,9758.57142857143,11617.866666666669,2011,6,26,0,False,9898.0,27,26,6,2,2011,0,0,0,3760.0,9981.0,16599.0,11291.0,0.0,10715.857142857143,14183.0,6481.423645788812,16599.0,0.0,12741.357142857143,14392.5,7956.331437261826,30381.0,0.0,11287.933333333332,11507.5,8079.591829624429,30381.0,0.0,8434.549151325946,11766.261183143944,1.6324468085106383,-0.40369901801313335,-4051.0,-0.7818314824680468,0.6234898018587123,-0.4188794133697427,-0.9080418696596652,-0.9749279121818115,-0.22252093395636735,0.7607200913564097,0.6490800741100404
2011-06-28,21747.0,55.0,605.0,10839.142857142857,12207.2,2011,6,26,1,False,21747.0,28,26,6,2,2011,1,0,0,9898.0,0.0,14183.0,14602.0,4067.0,9758.57142857143,9981.0,5939.91952406603,15818.0,0.0,12641.857142857143,14392.5,7984.5247906101795,30381.0,0.0,11617.866666666667,11507.5,7800.006886528085,30381.0,0.0,8800.411863494459,11645.72820358627,1.1971105273792686,0.533314531481351,-5766.5714285714275,-6.27167716516226e-14,1.0,-0.4344371874948622,-0.9007021317403184,-1.254335433032452e-13,1.0,0.7825970017677816,0.6225286602431078
2011-06-29,12070.0,42.0,978.0,10303.714285714286,12609.533333333333,2011,6,26,2,False,12070.0,29,26,6,2,2011,2,0,0,21747.0,3760.0,15818.0,30381.0,0.0,10839.142857142857,9981.0,7389.962481379072,21747.0,0.0,13152.214285714286,14426.5,8339.891321728486,30381.0,0.0,12207.2,11738.5,7877.351771003908,30381.0,0.0,12037.058897620844,12297.423158193607,-0.4449809169080793,-0.23694525224427865,-4626.142857142857,0.7818314824679685,0.6234898018588104,-0.4498664046667798,-0.8930958615692859,0.9749279121818674,-0.22252093395612277,0.8035476485339095,0.5952404359043703
2011-06-30,21949.0,70.0,939.0,11343.57142857143,12950.366666666669,2011,6,26,3,False,21949.0,30,26,6,2,2011,3,0,0,12070.0,9898.0,14670.0,20272.0,11724.0,10303.714285714286,9981.0,7099.160483566239,21747.0,0.0,11844.285714285714,13126.5,6705.852121939399,21747.0,0.0,12609.533333333333,11911.5,7533.086525608167,30381.0,0.0,12045.294173215632,12282.750696374665,0.8184755592377797,0.4961826857532379,-3081.142857142857,0.9749279121818281,-0.22252093395629474,-0.46516249913190355,-0.8852253099642835,-0.4338837391175218,-0.9009688679024366,0.8235472349556001,0.5672476988027237
2011-07-01,7641.0,49.0,585.0,11009.285714285714,12839.566666666668,2011,7,26,4,False,7641.0,1,26,7,3,2011,4,0,0,21949.0,21747.0,9981.0,11753.0,10965.0,11343.57142857143,9981.0,8280.172962306655,21949.0,0.0,11964.07142857143,13126.5,6880.674647873604,21949.0,0.0,12950.366666666667,12733.5,7720.619130450079,30381.0,0.0,14521.220629911726,12906.379683705332,-0.6518748006742904,-0.2344454463480613,-1241.0,0.4338837391175059,-0.9009688679024442,-0.48032094452978913,-0.8770928059481569,-0.7818314824679575,0.6234898018588242,0.8425720899866036,0.5385835804920225
2011-07-02,0.0,0.0,0.0,11009.285714285714,12353.366666666669,2011,7,26,5,True,0.0,2,26,7,3,2011,5,1,0,7641.0,12070.0,0.0,0.0,14586.0,11009.285714285714,9898.0,8390.846117730227,21949.0,0.0,11670.357142857143,13126.5,6977.461127495785,21949.0,0.0,12839.566666666668,12733.5,7773.762740820895,30381.0,0.0,12801.165472433795,12566.67776862757,-1.0,0.0,-1322.1428571428569,-0.4338837391175783,-0.9009688679024094,-0.49533725523256594,-0.8687007560596847,0.7818314824680578,0.6234898018586985,0.860599696250118,0.5092820071573357
2011-07-03,3091.0,25.0,421.0,10913.714285714286,12200.433333333332,2011,7,26,6,True,3091.0,3,26,7,3,2011,6,1,0,0.0,21949.0,3760.0,15069.0,7679.0,11009.285714285714,9898.0,8390.846117730227,21949.0,0.0,11670.357142857143,13126.5,6977.461127495785,21949.0,0.0,12353.366666666667,11911.5,8109.642955205859,30381.0,0.0,9600.874104325345,11755.924364199984,0.0,-0.17792553191489358,-1322.1428571428569,-0.9749279121818207,-0.22252093395632722,-0.5102069876723092,-0.8600516436414433,0.4338837391175818,-0.9009688679024077,0.8776087166898383,0.47937765946069616
2011-07-04,15698.0,52.0,1100.0,11742.285714285714,12723.7,2011,7,27,0,False,15698.0,4,27,7,3,2011,0,0,0,3091.0,7641.0,9898.0,16599.0,0.0,10913.714285714286,9898.0,8490.396137485484,21949.0,0.0,10814.785714285714,11025.5,7257.415784811209,21949.0,0.0,12200.433333333332,11911.5,8242.997093388405,30381.0,0.0,7973.405578244008,11196.896985864501,4.078615334843093,0.5859769650434432,197.85714285714312,-0.7818314824680602,0.6234898018586954,-0.5249257416559593,-0.8511480281049478,-0.974927912181802,-0.2225209339564094,0.893579019823994,0.44890593149388225
2011-07-05,22092.0,73.0,1144.0,11791.57142857143,13013.533333333333,2011,7,27,1,False,22092.0,5,27,7,3,2011,1,0,0,15698.0,0.0,21747.0,14183.0,13397.0,11742.285714285714,12070.0,8656.143862680912,21949.0,0.0,10750.42857142857,11025.5,7205.989770422179,21949.0,0.0,12723.7,12733.5,7934.280034478094,30381.0,0.0,9904.554183683007,11487.290728711952,0.40731303350745307,0.015864257138915816,1983.7142857142844,2.9408854637360953e-14,1.0,-0.5394891616674117,-0.8419925441732803,5.881770927472191e-14,1.0,0.9084917035725081,0.4179028888867867
2011-07-06,19165.0,70.0,999.0,12805.142857142857,13337.066666666668,2011,7,27,2,False,19165.0,6,27,7,3,2011,2,0,0,22092.0,3091.0,12070.0,15818.0,9459.0,11791.57142857143,12070.0,8723.323465612984,22092.0,0.0,11315.357142857143,11025.5,7782.734477004912,22092.0,0.0,13013.533333333333,13126.5,8116.4430834225195,30381.0,0.0,12951.415637762257,12171.465520407955,-0.13249139960166578,0.587821043910522,952.4285714285725,0.7818314824680259,0.6234898018587384,-0.5538929381563792,-0.8325879011014353,0.9749279121818264,-0.2225209339563024,0.9223291176290538,0.38640522612098704
2011-07-07,19141.0,76.0,1045.0,12404.0,13350.733333333334,2011,7,27,3,False,19141.0,7,27,7,3,2011,3,0,0,19165.0,15698.0,21949.0,14670.0,18731.0,12805.142857142857,15698.0,9162.21289552131,22092.0,0.0,11554.42857142857,11025.5,7980.579097112891,22092.0,0.0,13337.066666666668,14392.5,8163.181474676782,30381.0,0.0,14504.811728321692,12622.661293284862,-0.0012522828072005776,-0.12793293544125017,2501.4285714285706,0.9749279121818328,-0.22252093395627373,-0.5681328088136672,-0.8229368818746022,-0.43388373911748296,-0.9009688679024553,0.9350748843515577,0.3544502230989861
2011-07-08,12707.0,65.0,906.0,13127.714285714286,13065.633333333331,2011,7,27,4,False,12707.0,8,27,7,3,2011,4,0,0,19141.0,22092.0,7641.0,9981.0,21260.0,12404.0,15698.0,8747.222644931353,22092.0,0.0,11873.785714285714,11025.5,8201.25126643278,22092.0,0.0,13350.733333333334,14392.5,8172.860774342242,30381.0,0.0,15663.85879624127,13043.199274363256,-0.3361370879264406,0.6630022248396807,1060.4285714285706,0.43388373911762773,-0.9009688679023856,-0.5822045598324479,-0.8130423423846421,-0.7818314824681262,0.6234898018586127,0.9467139181463858,0.3220757010206113
2011-07-09,0.0,0.0,0.0,13127.714285714286,12123.466666666667,2011,7,27,5,True,0.0,9,27,7,3,2011,5,1,0,12707.0,19165.0,0.0,0.0,28265.0,13127.714285714286,15698.0,8493.357477352232,22092.0,0.0,12068.5,12388.5,8185.200563775527,22092.0,0.0,13065.633333333333,13445.0,8035.467449799176,30381.0,0.0,14924.644097180952,13021.508998597887,-1.0,0.0,2118.4285714285725,-0.4338837391175589,-0.9009688679024188,-0.5961040271552034,-0.8029072105849769,0.7818314824680309,0.6234898018587322,0.9572324433233115,0.28931997761869704
2011-07-10,4204.0,24.0,601.0,13286.714285714286,11907.966666666667,2011,7,27,6,True,4204.0,10,27,7,3,2011,6,1,0,0.0,19141.0,3091.0,3760.0,10669.0,13127.714285714286,15698.0,8493.357477352232,22092.0,0.0,12068.5,12388.5,8185.200563775527,22092.0,0.0,12123.466666666667,12388.5,7846.706015389802,30381.0,0.0,11193.483072885712,12181.411643849635,0.0,0.3600776447751537,2118.4285714285725,-0.9749279121818158,-0.22252093395634825,-0.6098270977059321,-0.7925344856241648,0.4338837391176207,-0.900968867902389,0.9666180104000964,0.25622182180711894
2011-07-11,15106.0,52.0,926.0,13202.142857142857,12411.5,2011,7,28,0,False,15106.0,11,28,7,3,2011,0,0,0,4204.0,12707.0,15698.0,9898.0,0.0,13286.714285714286,15698.0,8281.936201039893,22092.0,0.0,12100.214285714286,12388.5,8151.322282338608,22092.0,0.0,11907.966666666667,12388.5,7975.744122600467,30381.0,0.0,9446.112304664284,11666.739924891595,2.593244529019981,-0.03771181042170979,2373.0,-0.7818314824680737,0.6234898018586786,-0.6233697106072765,-0.7819272369584016,-0.9749279121817923,-0.22252093395645142,0.9748595108374123,0.22282040779480056
2011-07-12,13954.0,53.0,976.0,12039.57142857143,12561.4,2011,7,28,1,False,13954.0,12,28,7,3,2011,1,0,0,15106.0,0.0,22092.0,21747.0,9457.0,13202.142857142857,15106.0,8256.192008195445,22092.0,0.0,12472.214285714286,13906.5,8161.920674963462,22092.0,0.0,12411.5,13445.0,7668.978503888502,30381.0,0.0,10861.084228498212,11888.627671672783,-0.07626108830928113,-0.3683686402317581,1459.8571428571431,7.847643204728474e-15,1.0,-0.6367278583821979,-0.7710886034432227,1.5695286409456948e-14,1.0,0.9819471901866463,0.1891552687200393
2011-07-13,16267.0,59.0,946.0,11625.57142857143,12727.266666666666,2011,7,28,2,False,16267.0,13,28,7,3,2011,2,0,0,13954.0,4204.0,19165.0,12070.0,11291.0,12039.57142857143,13954.0,7315.086713023126,19165.0,0.0,11915.57142857143,13330.5,7735.315912342347,22092.0,0.0,12561.4,14068.5,7653.171177744723,30381.0,0.0,11634.313171373658,12021.877499306796,0.1657589221728537,-0.15121314896947557,248.0,0.7818314824680125,0.6234898018587552,-0.6498975881398565,-0.7600217924046635,0.9749279121818359,-0.22252093395626035,0.9878726596350431,0.15526624985999482
2011-07-14,17524.0,71.0,952.0,11394.57142857143,12824.666666666666,2011,7,28,3,False,17524.0,14,28,7,3,2011,3,0,0,16267.0,15106.0,19141.0,21949.0,14602.0,11625.57142857143,13954.0,6915.714107671563,19141.0,0.0,12215.357142857143,14530.0,7822.597154861879,22092.0,0.0,12727.266666666666,14392.5,7678.568575894411,30381.0,0.0,12792.484878530246,12295.756370319263,0.07727300670068238,-0.08447834491405881,-1179.5714285714275,0.9749279121818124,-0.22252093395636355,-0.6628750027453377,-0.7487300786901568,-0.43388373911764894,-0.9009688679023754,0.9926289059345094,0.12119346147073698
2011-07-15,7310.0,42.0,839.0,10623.57142857143,12055.633333333331,2011,7,28,4,False,7310.0,15,28,7,3,2011,4,0,0,17524.0,13954.0,12707.0,7641.0,30381.0,11394.57142857143,13954.0,6644.532535780639,17524.0,0.0,11899.285714285714,14530.0,7480.994436453098,22092.0,0.0,12824.666666666666,14426.5,7721.5807490674015,30381.0,0.0,13975.363658897684,12633.062410943827,-0.5828577950239671,-0.42472652868497673,-1009.4285714285706,0.43388373911754474,-0.9009688679024256,-0.6756562619728733,-0.7372168036994572,-0.7818314824680113,0.6234898018587568,0.9962102997023295,0.08697723131368795
2011-07-16,0.0,0.0,0.0,10623.57142857143,11379.9,2011,7,28,5,True,0.0,16,28,7,3,2011,5,1,0,7310.0,16267.0,0.0,0.0,20272.0,10623.57142857143,13954.0,6778.631175912102,17524.0,0.0,11875.642857142857,14530.0,7495.995501262357,22092.0,0.0,12055.633333333333,14068.5,7030.735010790444,22092.0,0.0,12309.022744173264,12289.639029592612,-1.0,0.0,-2504.142857142857,-0.43388373911753947,-0.9009688679024281,-0.6882375836422284,-0.7254853743958638,0.7818314824680039,0.6234898018587659,0.9986126020839734,0.05265805692461321
2011-07-17,11019.0,51.0,750.0,11597.142857142857,11355.433333333332,2011,7,28,6,True,11019.0,17,28,7,3,2011,6,1,0,0.0,17524.0,4204.0,3091.0,11753.0,10623.57142857143,13954.0,6778.631175912102,17524.0,0.0,11875.642857142857,14530.0,7495.995501262357,22092.0,0.0,11379.9,13330.5,7186.2823267187905,22092.0,0.0,9231.767058129946,11496.759092199542,0.0,1.6210751665080876,-2504.142857142857,-0.9749279121818111,-0.22252093395636927,-0.7006152447379046,-0.7135392622980505,0.43388373911765954,-0.9009688679023703,0.999832969770105,0.018276557681692205
2011-07-18,15098.0,65.0,1185.0,11596.0,11858.7,2011,7,29,0,False,15098.0,18,29,7,3,2011,0,0,0,11019.0,7310.0,15106.0,15698.0,0.0,11597.142857142857,13954.0,6164.544060690161,17524.0,0.0,12441.92857142857,14530.0,7068.585458146579,22092.0,0.0,11355.433333333332,13330.5,7186.217755769291,22092.0,0.0,9678.57529359746,11465.935924960862,0.3701787821036391,-0.0005295908910366576,-1689.5714285714294,-0.7818314824680161,0.6234898018587506,-0.7127855825108473,-0.7013820024527804,-0.9749279121818333,-0.22252093395627182,0.9998699583618592,-0.016126573270655895
2011-07-19,29168.0,67.0,851.0,13769.42857142857,12328.666666666666,2011,7,29,1,False,29168.0,19,29,7,3,2011,1,0,0,15098.0,0.0,13954.0,22092.0,15069.0,11596.0,13954.0,6163.7858225822965,17524.0,0.0,12399.07142857143,14526.0,7049.117265677678,22092.0,0.0,11858.7,14068.5,6885.949368097364,22092.0,0.0,11033.431470198095,11700.262639479517,0.9319115114584713,1.090296689121399,-1606.1428571428569,-1.3713568227904002e-14,1.0,-0.7247449955623079,-0.6890171923888332,-2.7427136455808003e-14,1.0,0.9987235240803974,-0.05051061718521924
2011-07-20,17676.0,58.0,1050.0,13970.714285714286,12364.566666666668,2011,7,29,2,False,17676.0,20,29,7,3,2011,2,0,0,29168.0,11019.0,16267.0,19165.0,16599.0,13769.42857142857,15098.0,9111.366634725046,29168.0,0.0,12904.5,14526.0,7988.638054232952,29168.0,0.0,12328.666666666666,14068.5,7560.679687259196,29168.0,0.0,15567.073602648572,12827.213436932452,-0.39399341744377403,0.08661707751890324,1729.8571428571413,0.781831482467999,0.623489801858772,-0.7364899449095569,-0.6764484910524362,0.9749279121818455,-0.22252093395621833,0.9963950238187232,-0.0848348779057644
2011-07-21,19907.0,76.0,869.0,14311.142857142857,12555.366666666669,2011,7,29,3,False,19907.0,21,29,7,3,2011,3,0,0,17676.0,15098.0,17524.0,19141.0,14183.0,13970.714285714286,15098.0,9190.954225292846,29168.0,0.0,12798.142857142857,14526.0,7908.385908030163,29168.0,0.0,12364.566666666668,14068.5,7584.175915878335,29168.0,0.0,16094.30520198643,13140.038376485196,0.12621633853813075,0.13598493494635933,2345.142857142857,0.9749279121818425,-0.22252093395623168,-0.7480169550331223,-0.6636796177245283,-0.43388373911740524,-0.9009688679024928,0.9928872135356964,-0.11905873003404802
2011-07-22,10270.0,43.0,875.0,14734.0,12370.433333333332,2011,7,29,4,False,10270.0,22,29,7,3,2011,4,0,0,19907.0,29168.0,7310.0,12707.0,15818.0,14311.142857142857,15098.0,9386.552835991335,29168.0,0.0,12852.857142857143,14526.0,7958.137981454489,29168.0,0.0,12555.366666666667,14312.0,7702.577864421219,29168.0,0.0,17047.478901489823,13576.616545744217,-0.4841010699753855,0.4049247606019153,2916.5714285714275,0.43388373911756417,-0.9009688679024163,-0.7593226149052589,-0.6507143509201561,-0.7818314824680381,0.623489801858723,0.9882042449941423,-0.15314166701311996
2011-07-23,0.0,0.0,0.0,14734.0,11881.433333333332,2011,7,29,5,True,0.0,23,29,7,3,2011,5,1,0,10270.0,17676.0,0.0,0.0,14670.0,14734.0,15098.0,9080.266350719005,29168.0,0.0,12678.785714285714,14526.0,7988.169841214464,29168.0,0.0,12370.433333333332,13330.5,7688.131429333991,29168.0,0.0,15353.109176117367,13363.286446018783,-1.0,0.0,4110.428571428571,-0.43388373911752004,-0.9009688679024375,-0.7704035789993177,-0.6375565272703607,0.7818314824679771,0.6234898018587997,0.9823516608469238,-0.1870433490699156
2011-07-24,17661.0,58.0,649.0,15682.857142857143,12137.433333333332,2011,7,29,6,True,17661.0,24,29,7,3,2011,6,1,0,0.0,19907.0,11019.0,4204.0,9981.0,14734.0,15098.0,9080.266350719005,29168.0,0.0,12678.785714285714,14526.0,7988.169841214464,29168.0,0.0,11881.433333333332,12388.5,7997.153729375525,29168.0,0.0,11514.831882088023,12501.13893337241,0.0,0.6027770215083039,4110.428571428571,-0.9749279121818063,-0.22252093395639028,-0.7812565682797488,-0.6242100403868479,0.4338837391176984,-0.9009688679023515,0.9753363880767842,-0.22072365096049953
2011-07-25,16095.0,59.0,1020.0,15825.285714285714,12673.933333333332,2011,7,30,0,False,16095.0,25,30,7,3,2011,0,0,0,17661.0,10270.0,15098.0,15106.0,0.0,15682.857142857143,17661.0,8973.769338625601,29168.0,0.0,13640.0,15102.0,7694.1863767392815,29168.0,0.0,12137.433333333332,13330.5,8056.920840273738,29168.0,0.0,13051.37391156602,12834.03319573548,-0.08866995073891626,0.06603523645515952,4085.7142857142862,-0.7818314824680296,0.6234898018587337,-0.7918783711724176,-0.6106788397098093,-0.9749279121818237,-0.22252093395631384,0.9671667297977312,-0.25414270946136214
2011-07-26,13709.0,53.0,763.0,13616.857142857143,13005.566666666668,2011,7,30,1,False,13709.0,26,30,7,3,2011,1,0,0,16095.0,0.0,29168.0,13954.0,3760.0,15825.285714285714,17661.0,8970.851124880053,29168.0,0.0,13710.642857142857,15596.5,7713.1982552101035,29168.0,0.0,12673.933333333332,14526.0,7750.896072483313,29168.0,0.0,13812.280433674516,13044.418150849318,-0.14824479652065858,-0.5299986286341196,4229.285714285714,-3.527477966053648e-14,1.0,-0.8022658445149573,-0.5969669293392242,-7.054955932107296e-14,1.0,0.9578523554276671,-0.2872609705505954
2011-07-27,13962.0,48.0,747.0,13086.285714285714,13141.033333333333,2011,7,30,2,False,13962.0,27,30,7,3,2011,2,0,0,13709.0,17661.0,17676.0,16267.0,9898.0,13616.857142857143,16095.0,6772.094245961904,19907.0,0.0,13693.142857142857,15596.5,7712.881571233185,29168.0,0.0,13005.566666666668,14526.0,7567.008800381954,29168.0,0.0,13786.460325255888,13087.294399181621,0.018455029542636225,-0.2101154107264087,-152.57142857142753,0.7818314824680566,0.6234898018587001,-0.81241591448689,-0.5830783668499718,0.9749279121818045,-0.22252093395639796,0.9474042892438843,-0.32003923622313935
2011-07-28,30256.0,80.0,858.0,14564.714285714286,13424.666666666666,2011,7,30,3,False,30256.0,28,30,7,3,2011,3,0,0,13962.0,16095.0,19907.0,17524.0,21747.0,13086.285714285714,13962.0,6542.67406377253,19907.0,0.0,13528.5,14530.0,7678.236423614699,29168.0,0.0,13141.033333333333,14530.0,7545.80564233896,29168.0,0.0,13830.345243941916,13143.72701858926,1.1670247815499213,0.519867383332496,-884.4285714285725,0.974927912181822,-0.2225209339563215,-0.8223255775192096,-0.5690172620911411,-0.4338837391175713,-0.9009688679024128,0.9358348973349941,-0.3524387108846032
2011-07-29,11559.0,64.0,682.0,14748.857142857143,13407.633333333331,2011,7,30,4,False,11559.0,29,30,7,3,2011,4,0,0,30256.0,13709.0,10270.0,7310.0,12070.0,14564.714285714286,13962.0,9035.266011842801,30256.0,0.0,14437.92857142857,14530.0,8852.142204567797,30256.0,0.0,13424.666666666666,14530.0,8025.137847493015,30256.0,0.0,17936.75893295644,14247.744630293178,-0.6179600740349022,0.12551119766309649,253.57142857142935,0.4338837391175836,-0.9009688679024068,-0.831991901183195,-0.5547877759698502,-0.7818314824680651,0.6234898018586893,0.9231578729647043,-0.38442104726885457
2011-07-30,0.0,0.0,0.0,14748.857142857143,12676.0,2011,7,30,5,True,0.0,30,30,7,3,2011,5,1,0,11559.0,13962.0,0.0,0.0,21949.0,14748.857142857143,13962.0,8945.842412886017,30256.0,0.0,14741.42857142857,14530.0,8659.706752134702,30256.0,0.0,13407.633333333333,14530.0,8028.653799139507,30256.0,0.0,16342.319199717329,14074.277234790392,-1.0,0.0,14.857142857143117,-0.4338837391175006,-0.9009688679024468,-0.8414120250581577,-0.5403941192199728,0.7818314824679502,0.6234898018588334,0.9093882203647936,-0.4159483918249396
2011-07-31,19413.0,42.0,789.0,14999.142857142857,13068.4,2011,7,30,6,True,19413.0,31,30,7,3,2011,6,1,0,0.0,30256.0,17661.0,11019.0,7641.0,14748.857142857143,13962.0,8945.842412886015,30256.0,0.0,14741.42857142857,14530.0,8659.706752134702,30256.0,0.0,12676.0,13958.0,8221.230380272635,30256.0,0.0,12256.739399787995,13166.259348674883,0.0,0.09920163071173782,14.857142857143117,-0.9749279121818268,-0.2225209339563005,-0.8505831615778889,-0.5258405511561114,0.43388373911753236,-0.9009688679024316,0.8945422369764496,-0.44698342951967407
2011-08-01,11669.0,40.0,761.0,14366.857142857143,13457.366666666669,2011,8,31,0,False,11669.0,1,31,8,3,2011,0,0,0,19413.0,11559.0,16095.0,15098.0,0.0,14999.142857142857,13962.0,9064.617392708325,30256.0,0.0,15341.0,15596.5,8672.729478969402,30256.0,0.0,13068.4,14530.0,8253.498424806072,30256.0,0.0,14045.804549840997,13569.274874566825,-0.398907948282079,-0.27499223361292324,-683.7142857142862,-0.7818314824680431,0.6234898018587169,-0.8595025968555411,-0.5111313784132033,-0.9749279121818142,-0.2225209339563559,0.878637494161001,-0.47748942800283745
2011-08-02,15718.0,44.0,848.0,14653.857142857143,13878.266666666666,2011,8,31,1,False,15718.0,2,31,8,3,2011,1,0,0,11669.0,0.0,13709.0,29168.0,3091.0,14366.857142857143,13709.0,9129.569019191995,30256.0,0.0,15096.07142857143,15028.5,8728.361159631704,30256.0,0.0,13457.366666666667,14530.0,7883.031188761653,30256.0,0.0,13451.60341238075,13446.676495562515,0.3469877453080812,0.1465460646290757,-1458.4285714285706,-5.6835991093168957e-14,1.0,-0.8681676914867166,-0.4962709536721097,-1.1367198218633791e-13,1.0,0.8616928164028536,-0.5074302810827495
2011-08-03,16499.0,64.0,856.0,15016.285714285714,13904.966666666667,2011,8,31,2,False,16499.0,3,31,8,3,2011,2,0,0,15718.0,19413.0,13962.0,17676.0,15698.0,14653.857142857143,13962.0,9137.016388088088,30256.0,0.0,14135.357142857143,14840.0,7745.180959371248,30256.0,0.0,13878.266666666666,15102.0,7643.923531859799,30256.0,0.0,14018.202559285563,13593.213495848804,0.04968825550324474,0.18170749176335765,1037.0,0.7818314824680431,0.6234898018587169,-0.876575881330507,-0.4812636743715911,0.9749279121818142,-0.22252093395635592,0.8437282590292712,-0.5367705514607103
2011-08-04,41143.0,82.0,895.0,16571.571428571428,14540.0,2011,8,31,3,False,41143.0,4,31,8,3,2011,3,0,0,16499.0,11669.0,30256.0,19907.0,22092.0,15016.285714285714,15718.0,9155.297332041982,30256.0,0.0,14051.285714285714,14840.0,7710.100612219648,30256.0,0.0,13904.966666666667,15102.0,7651.893768226943,30256.0,0.0,14638.401919464173,13780.683592890817,1.4936662828050187,0.3598294553146484,1930.0,0.9749279121818267,-0.2225209339563005,-0.8847246782682611,-0.46611398140703947,-0.4338837391175324,-0.9009688679024315,0.8247650844733625,-0.5654755126737561
2011-08-05,12750.0,55.0,836.0,16741.714285714286,14326.166666666666,2011,8,31,4,False,12750.0,5,31,8,3,2011,4,0,0,41143.0,15718.0,11559.0,10270.0,19165.0,16571.571428571428,15718.0,12492.269127439607,41143.0,0.0,15568.142857142857,14840.0,10525.621062305683,41143.0,0.0,14540.0,15102.0,9022.534612157864,41143.0,0.0,21264.55143959813,15545.994328833345,-0.6901052426901295,0.10303659486114713,2006.8571428571413,0.43388373911760303,-0.9009688679023975,-0.8926116709398649,-0.4508263578163351,-0.781831482468092,0.6234898018586557,0.8048257371083447,-0.5935111901961156
2011-08-06,0.0,0.0,0.0,16741.714285714286,13688.133333333331,2011,8,31,5,True,0.0,6,31,8,3,2011,5,1,0,12750.0,16499.0,0.0,0.0,19141.0,16741.714285714286,15718.0,12420.524837465404,41143.0,0.0,15745.285714285714,14840.0,10450.194627768518,41143.0,0.0,14326.166666666666,14530.0,8985.082518698231,41143.0,0.0,19135.913579698597,15365.607597940872,-1.0,0.0,1992.8571428571431,-0.4338837391174812,-0.9009688679024562,-0.9002345254572961,-0.4354053274532558,0.7818314824679233,0.623489801858867,0.7839338166829207,-0.6208444016506462
2011-08-07,5175.0,30.0,403.0,14707.714285714286,13437.066666666668,2011,8,31,6,True,5175.0,7,31,8,3,2011,6,1,0,0.0,41143.0,19413.0,17661.0,12707.0,16741.714285714286,15718.0,12420.524837465404,41143.0,0.0,15745.285714285714,14840.0,10450.194627768518,41143.0,0.0,13688.133333333333,13958.0,9305.288380468313,41143.0,0.0,14351.935184773947,14374.278075493074,0.0,-0.7334260547056096,1992.8571428571431,-0.974927912181822,-0.2225209339563215,-0.9075909860952637,-0.4198554536487849,0.4338837391175712,-0.9009688679024128,0.7621140503891499,-0.647442796082746
2011-08-08,13336.0,40.0,823.0,14945.857142857143,13881.6,2011,8,32,0,False,13336.0,8,32,8,3,2011,0,0,0,5175.0,12750.0,11669.0,16095.0,0.0,14707.714285714286,12750.0,13059.540850967735,41143.0,0.0,14853.42857142857,13835.5,10801.034962619859,41143.0,0.0,13437.066666666668,13958.0,9433.402037197542,41143.0,0.0,12057.701388580459,13780.77626417094,1.5770048309178746,0.1428571428571428,-291.42857142857065,-0.7818314824680566,0.6234898018587001,-0.9146788759587107,-0.4041813378607547,-0.9749279121818045,-0.22252093395639794,0.7393922635959259,-0.6732748922501809
2011-08-09,16258.0,42.0,652.0,15023.0,14283.4,2011,8,32,1,False,16258.0,9,32,8,3,2011,1,0,0,13336.0,0.0,15718.0,13709.0,4204.0,14945.857142857143,13336.0,13009.999198418767,41143.0,0.0,14656.357142857143,13522.5,10801.808969634847,41143.0,0.0,13881.6,13958.0,9086.197002729703,41143.0,0.0,12377.276041435345,13752.0810213212,0.2191061787642472,0.03435551596895281,579.0,3.52896351958146e-14,1.0,-0.9214960976269942,-0.3883876183121974,7.05792703916292e-14,1.0,0.7157953492826649,-0.6983101158835577
2011-08-10,14414.0,49.0,827.0,14725.142857142857,14260.333333333334,2011,8,32,2,False,14414.0,10,32,8,3,2011,2,0,0,16258.0,5175.0,16499.0,13962.0,15106.0,15023.0,13336.0,13016.939809340742,41143.0,0.0,14838.42857142857,13649.0,10806.093990922882,41143.0,0.0,14283.4,14530.0,8908.26493652444,41143.0,0.0,13347.45703107651,13913.753213494027,-0.11342108500430559,-0.1263712952300139,369.1428571428569,0.7818314824680297,0.6234898018587337,-0.9280406337745426,-0.37247896861882723,0.9749279121818237,-0.22252093395631387,0.6913512362094087,-0.7225188358733095
2011-08-11,39228.0,69.0,1045.0,14451.57142857143,15102.8,2011,8,32,3,False,39228.0,11,32,8,3,2011,3,0,0,14414.0,13336.0,41143.0,30256.0,13954.0,14725.142857142857,13336.0,13001.382008958006,41143.0,0.0,14870.714285714286,13875.0,10803.949046020685,41143.0,0.0,14260.333333333334,14188.0,8906.957305207095,41143.0,0.0,13614.092773307384,13946.027199720218,1.7215207437213822,-0.04654497727438445,-291.1428571428569,0.9749279121818316,-0.22252093395627948,-0.9343105477678196,-0.3564600964060307,-0.43388373911749356,-0.9009688679024502,0.6660888558609768,-0.7458723993404065
2011-08-12,11978.0,51.0,711.0,14341.285714285714,14959.833333333334,2011,8,32,4,False,11978.0,12,32,8,3,2011,4,0,0,39228.0,16258.0,12750.0,11559.0,16267.0,14451.57142857143,13336.0,12357.039476308531,39228.0,0.0,15511.57142857143,13875.0,11987.973702611536,41143.0,0.0,15102.8,14756.0,10004.621002661568,41143.0,0.0,20017.569579980536,15577.122219093106,-0.6946568777403895,-0.06054901960784309,-2119.999999999998,0.43388373911752004,-0.9009688679024375,-0.9403039842384003,-0.34033574191581784,-0.7818314824679771,0.6234898018587997,0.6400381082043509,-0.7683431655492197
2011-08-13,0.0,0.0,0.0,14341.285714285714,14375.7,2011,8,32,5,True,0.0,13,32,8,3,2011,5,1,0,11978.0,14414.0,0.0,0.0,17524.0,14341.285714285714,13336.0,12378.183882868077,39228.0,0.0,15541.5,13875.0,11977.865616660152,41143.0,0.0,14959.833333333334,14188.0,10018.04687098218,41143.0,0.0,18007.6771849854,15344.920785603228,-1.0,0.0,-2400.4285714285725,-0.43388373911756417,-0.9009688679024163,-0.9460191696320084,-0.32411067660409654,0.7818314824680382,0.623489801858723,0.6132298262997516,-0.7899045386224695
2011-08-14,3172.0,25.0,380.0,14055.142857142857,14237.766666666666,2011,8,32,6,True,3172.0,14,32,8,3,2011,6,1,0,0.0,39228.0,5175.0,19413.0,7310.0,14341.285714285714,13336.0,12378.183882868077,39228.0,0.0,15541.5,13875.0,11977.865616660152,41143.0,0.0,14375.7,13835.5,10368.157386756442,41143.0,0.0,13505.75788873905,14354.925896209472,0.0,-0.3870531400966184,-2400.4285714285725,-0.9749279121818172,-0.2225209339563425,-0.9514544127333381,-0.307789701728727,0.4338837391176101,-0.900968867902394,0.5856957398073505,-0.8105309990194826
2011-08-15,10173.0,48.0,614.0,13603.285714285714,14576.866666666669,2011,8,33,0,False,10173.0,15,33,8,3,2011,0,0,0,3172.0,11978.0,13336.0,11669.0,0.0,14055.142857142857,13336.0,12645.655531032135,39228.0,0.0,14381.42857142857,13043.0,12354.618381020908,41143.0,0.0,14237.766666666666,13835.5,10492.180913565537,41143.0,0.0,10922.318416554286,13633.446806131442,2.207124842370744,-0.2371775644871026,-652.5714285714294,-0.78183148246807,0.6234898018586832,-0.9566081051665098,-0.29137764692875745,-0.974927912181795,-0.22252093395643996,0.55746843743279,-0.8301981337405206
2011-08-16,11184.0,53.0,662.0,12878.42857142857,14582.366666666669,2011,8,33,1,False,11184.0,16,33,8,3,2011,1,0,0,10173.0,0.0,16258.0,15718.0,11019.0,13603.285714285714,11978.0,12731.851563621649,39228.0,0.0,14274.57142857143,13043.0,12386.312182990781,41143.0,0.0,14576.866666666667,13835.5,10175.780260630834,41143.0,0.0,10734.988812415713,13410.1921734778,0.09938071365378942,-0.31209250830360435,-1342.5714285714294,1.3728423763182123e-14,1.0,-0.9614787218710188,-0.2748793687952445,2.7456847526364246e-14,1.0,0.5285813283559281,-0.848882665221456
2011-08-17,25649.0,54.0,939.0,14483.42857142857,14934.066666666668,2011,8,33,2,False,25649.0,17,33,8,3,2011,2,0,0,11184.0,3172.0,14414.0,16499.0,15098.0,12878.42857142857,11184.0,12699.919787898167,39228.0,0.0,13950.714285714286,12364.0,12404.928489723961,41143.0,0.0,14582.366666666667,13835.5,10173.835331067561,41143.0,0.0,10847.241609311784,13266.566871963103,1.2933655221745353,0.7794505342028584,-2144.5714285714294,0.7818314824680161,0.6234898018587506,-0.9660648215530205,-0.25829974943412287,0.9749279121818333,-0.22252093395627184,0.49906860268853165,-0.8665624788845387
2011-08-18,34028.0,69.0,854.0,13740.57142857143,15096.066666666668,2011,8,33,3,False,34028.0,18,33,8,3,2011,3,0,0,25649.0,10173.0,39228.0,41143.0,29168.0,14483.42857142857,11184.0,13604.074853478549,39228.0,0.0,14604.285714285714,12364.0,12784.742140708036,41143.0,0.0,14934.066666666668,13835.5,10372.700482793647,41143.0,0.0,14547.68120698384,14065.433525384837,0.32667940270575846,-0.1325583766697257,-241.71428571428623,0.9749279121818364,-0.22252093395625844,-0.9703650471118362,-0.24164369502150035,-0.4338837391174547,-0.9009688679024689,0.46896519100763273,-0.8832166493127123
2011-08-19,10664.0,56.0,556.0,13552.857142857143,14862.333333333334,2011,8,33,4,False,10664.0,19,33,8,3,2011,4,0,0,34028.0,11184.0,11978.0,12750.0,17676.0,13740.57142857143,11184.0,12084.830130610613,34028.0,0.0,14096.07142857143,12364.0,11748.016483738784,39228.0,0.0,15096.066666666668,13835.5,10637.248568067356,41143.0,0.0,19417.76090523788,15353.341039876139,-0.6866110262137064,-0.10970111871764898,-711.0,0.4338837391176419,-0.9009688679023788,-0.9743781260415392,-0.22491613435184774,-0.7818314824681457,0.6234898018585882,0.4383067230125209,-0.8988254650164431
2011-08-20,0.0,0.0,0.0,13552.857142857143,14198.766666666666,2011,8,33,5,True,0.0,20,33,8,3,2011,5,1,0,10664.0,25649.0,0.0,0.0,19907.0,13552.857142857143,10664.0,12126.903237960505,34028.0,0.0,13947.07142857143,11581.0,11779.587882723808,39228.0,0.0,14862.333333333334,13522.5,10655.626450728823,41143.0,0.0,17229.32067892841,15050.802908271226,-1.0,0.0,-788.4285714285706,-0.43388373911754474,-0.9009688679024256,-0.9781028708075101,-0.20812201737948605,0.7818314824680113,0.6234898018587567,0.40712948535425164,-0.9133704517637858
2011-08-21,8081.0,39.0,656.0,14254.142857142857,14125.8,2011,8,33,6,True,8081.0,21,33,8,3,2011,6,1,0,0.0,34028.0,3172.0,5175.0,10270.0,13552.857142857143,10664.0,12126.903237960505,34028.0,0.0,13947.07142857143,11581.0,11779.587882723808,39228.0,0.0,14198.766666666666,13043.0,10946.51502623281,41143.0,0.0,12921.990509196306,14079.783365802115,0.0,1.5476040353089533,-788.4285714285706,-0.9749279121818124,-0.22252093395636355,-0.9815381791978468,-0.19126631375382222,0.43388373911764894,-0.9009688679023754,0.37547037868762145,-0.9268343944460489
2011-08-22,15542.0,65.0,732.0,15021.142857142857,14643.866666666669,2011,8,34,0,False,15542.0,22,34,8,3,2011,0,0,0,8081.0,10664.0,10173.0,13336.0,0.0,14254.142857142857,10664.0,11554.992476971023,34028.0,0.0,14154.642857142857,11581.0,11637.873626867815,39228.0,0.0,14125.8,13043.0,10980.848033955668,41143.0,0.0,11711.74288189723,13692.765084137462,0.9232768221754732,0.5277695861594416,199.0,-0.7818314824680125,0.6234898018587552,-0.984683034649528,-0.17435401134873954,-0.9749279121818359,-0.22252093395626033,0.3433668739963902,-0.9392013574532072
2011-08-23,15172.0,64.0,816.0,15590.857142857143,14560.9,2011,8,34,1,False,15172.0,23,34,8,3,2011,1,0,0,15542.0,0.0,11184.0,16258.0,17661.0,15021.142857142857,11184.0,11416.303640387445,34028.0,0.0,14312.214285714286,11581.0,11640.870686300283,39228.0,0.0,14643.866666666667,13522.5,10653.164152699812,41143.0,0.0,12669.307161422923,13812.070562580206,-0.0238064599150688,0.3565808297567954,1417.8571428571431,-7.832787669450353e-15,1.0,-0.9875365065492301,-0.15739011478661072,-1.5665575338900706e-14,1.0,0.31085696824350373,-0.950456703534915
2011-08-24,29360.0,76.0,946.0,16121.0,15003.066666666668,2011,8,34,2,False,29360.0,24,34,8,3,2011,2,0,0,15172.0,8081.0,25649.0,14414.0,16095.0,15590.857142857143,15172.0,11291.730047968304,34028.0,0.0,14234.642857142857,11581.0,11630.520926273419,39228.0,0.0,14560.9,13522.5,10638.53861933926,41143.0,0.0,13294.980371067193,13899.807945639546,0.9351436857368838,0.14468400327498143,2712.4285714285725,0.7818314824680027,0.6234898018587675,-0.9900977505087093,-0.14037964395735483,0.9749279121818429,-0.2225209339562298,0.27797913939878105,-0.9605871111248125
2011-08-25,13316.0,74.0,751.0,13162.142857142857,14989.966666666667,2011,8,34,3,False,13316.0,25,34,8,3,2011,3,0,0,29360.0,15542.0,34028.0,39228.0,13709.0,16121.0,15172.0,11912.701219007095,34028.0,0.0,15302.214285714286,11581.0,12314.111849534966,39228.0,0.0,15003.066666666668,13522.5,10974.847688624486,41143.0,0.0,17311.235278300395,14897.239691082155,-0.5464577656675749,-0.6086752086516987,1637.5714285714294,0.9749279121818158,-0.22252093395634825,-0.9923660086146721,-0.12332763253295889,-0.4338837391176207,-0.900968867902389,0.2447723008972588,-0.9695805901076309
2011-08-26,17125.0,47.0,623.0,14085.142857142857,15095.4,2011,8,34,4,False,17125.0,26,34,8,3,2011,4,0,0,13316.0,15172.0,10664.0,11978.0,13962.0,13162.142857142857,13316.0,8919.998401131601,29360.0,0.0,13451.357142857143,11581.0,10208.699055271409,34028.0,0.0,14989.966666666667,13326.0,10976.679997042445,41143.0,0.0,16312.426458725296,14795.22422714137,0.28604686091919485,0.6058702175543886,-578.4285714285725,0.4338837391175589,-0.9009688679024188,-0.9943406096530518,-0.10623912647794741,-0.7818314824680308,0.6234898018587323,0.21127575558217981,-0.9774264960104054
2011-08-27,0.0,0.0,0.0,14085.142857142857,14086.866666666669,2011,8,34,5,True,0.0,27,34,8,3,2011,5,1,0,17125.0,29360.0,0.0,0.0,30256.0,14085.142857142857,15172.0,8952.636900723179,29360.0,0.0,13819.0,12250.0,10244.175027790203,34028.0,0.0,15095.4,13326.0,10981.65519714428,41143.0,0.0,16515.56984404397,14945.532341519347,-1.0,0.0,532.2857142857138,-0.4338837391175253,-0.9009688679024349,-0.9960209693076331,-0.08911918255618792,0.7818314824679844,0.6234898018587904,0.17752914918703638,-0.9841155426010337
2011-08-28,6701.0,37.0,734.0,13888.0,13924.933333333332,2011,8,34,6,True,6701.0,28,34,8,3,2011,6,1,0,0.0,13316.0,8081.0,3172.0,11559.0,14085.142857142857,15172.0,8952.636900723179,29360.0,0.0,13819.0,12250.0,10244.175027790203,34028.0,0.0,14086.866666666667,13033.0,10930.531266810096,41143.0,0.0,12386.677383032977,13981.304448518098,0.0,-0.17077094419007544,532.2857142857138,-0.9749279121818076,-0.22252093395638456,-0.9974065903329596,-0.07197286683452027,0.4338837391176878,-0.9009688679023566,0.14357242341181403,-0.9896398128792409
2011-08-29,0.0,0.0,0.0,11667.714285714286,13924.933333333332,2011,8,35,0,False,0.0,29,35,8,3,2011,0,0,0,6701.0,17125.0,15542.0,10173.0,0.0,13888.0,15172.0,9120.508227798118,29360.0,0.0,14071.07142857143,12250.0,10002.608663315234,34028.0,0.0,13924.933333333332,13033.0,11005.003789603885,41143.0,0.0,10965.25803727473,13511.607387323382,-1.0,-1.0,-366.1428571428569,-0.7818314824680259,0.6234898018587384,-0.9984970627014779,-0.054805253183622435,-0.9749279121818264,-0.22252093395630237,0.10944576864891564,-0.993992768446958
2011-08-30,10236.0,41.0,1304.0,10962.57142857143,13619.033333333333,2011,8,35,1,False,10236.0,30,35,8,3,2011,1,0,0,0.0,0.0,15172.0,11184.0,19413.0,11667.714285714286,13316.0,10446.172899109755,29360.0,0.0,13344.42857142857,12250.0,10655.754290265233,34028.0,0.0,13924.933333333332,13033.0,11005.003789603885,41143.0,0.0,8223.943527956048,12639.890781689615,0.0,-0.3253361455312418,-3353.4285714285706,-2.939399910208283e-14,1.0,-0.9992920637248696,-0.0376214217765776,-5.878799820416566e-14,1.0,0.07518957641475997,-0.9971692572470177
2011-08-31,12449.0,47.0,785.0,8546.714285714286,13645.033333333333,2011,8,35,2,False,12449.0,31,35,8,3,2011,2,0,0,10236.0,6701.0,29360.0,25649.0,11669.0,10962.57142857143,10236.0,10336.217648913656,29360.0,0.0,13276.714285714286,11990.0,10673.536566441568,34028.0,0.0,13619.033333333333,12364.0,10974.69699992808,41143.0,0.0,8726.957645967035,12484.801053838673,0.21619773348964433,-0.5759877384196186,-4628.285714285714,0.7818314824679893,0.6234898018587843,-0.9997913581495419,-0.020426457585556834,0.9749279121818525,-0.22252093395618774,0.040844391543295756,-0.9991655196610109
2011-09-01,27850.0,76.0,774.0,10623.0,14049.433333333332,2011,9,35,3,False,27850.0,1,35,9,3,2011,3,0,0,12449.0,0.0,13316.0,34028.0,15718.0,8546.714285714286,10236.0,6632.167863634673,17125.0,0.0,12333.857142857143,11556.5,10062.049491928694,34028.0,0.0,13645.033333333333,12599.5,10970.841166264454,41143.0,0.0,9657.468234475276,12482.491308429728,1.2371274801188852,1.0914689095824572,-7574.285714285714,0.9749279121818459,-0.22252093395621642,-0.9999947982262414,-0.003225448877108172,-0.433883739117377,-0.9009688679025063,0.006450864198105686,-0.9999791929590823
2011-09-02,18433.0,74.0,1120.0,10809.857142857143,14113.9,2011,9,35,4,False,18433.0,2,35,9,3,2011,4,0,0,27850.0,10236.0,17125.0,10664.0,16499.0,10623.0,10236.0,9862.453379695467,27850.0,0.0,11892.57142857143,11556.5,9129.71274056721,29360.0,0.0,14049.433333333332,12599.5,11269.426181528499,41143.0,0.0,14205.60117585646,13473.943482079423,-0.33813285457809694,0.0763795620437957,-2539.142857142857,0.43388373911757827,-0.9009688679024094,-0.9999023237537765,0.01397651429355571,-0.7818314824680578,0.6234898018586985,-0.027950298240208452,-0.9996093140964041
2011-09-03,0.0,0.0,0.0,10809.857142857143,12742.466666666667,2011,9,35,5,True,0.0,3,35,9,3,2011,5,1,0,18433.0,12449.0,0.0,0.0,41143.0,10809.857142857143,10236.0,10017.348342227284,27850.0,0.0,12447.5,12882.5,9284.097609519053,29360.0,0.0,14113.9,12599.5,11289.43605796574,41143.0,0.0,15262.450881892346,13793.882612267847,-1.0,0.0,-3275.2857142857138,-0.43388373911760836,-0.9009688679023949,-0.9995139620968313,0.031174341588781414,0.7818314824680993,0.6234898018586463,-0.062318379354325874,-0.998056320853012
2011-09-04,10920.0,50.0,821.0,11412.57142857143,12681.466666666667,2011,9,35,6,True,10920.0,4,35,9,3,2011,6,1,0,0.0,27850.0,6701.0,8081.0,12750.0,10809.857142857143,10236.0,10017.348342227284,27850.0,0.0,12447.5,12882.5,9284.097609519053,29360.0,0.0,12742.466666666667,12213.5,10352.901764584023,39228.0,0.0,11446.838161419259,12903.954701798955,0.0,0.6296075212654828,-3275.2857142857138,-0.9749279121818281,-0.22252093395629474,-0.9988298281778684,0.04836294389478229,0.43388373911752176,-0.9009688679024366,-0.09661270188120256,-0.9953220513156603
2011-09-05,22742.0,68.0,885.0,14661.42857142857,13439.533333333333,2011,9,36,0,False,22742.0,5,36,9,3,2011,0,0,0,10920.0,18433.0,0.0,15542.0,0.0,11412.57142857143,10920.0,9854.526707003615,27850.0,0.0,12650.285714285714,12882.5,9212.112907459432,29360.0,0.0,12681.466666666667,11581.0,10358.245709989036,39228.0,0.0,11315.128621064443,12775.95762426354,1.0826007326007328,0.0,-2475.4285714285706,-0.7818314824680394,0.6234898018587215,-0.9978501244431208,0.06553723482760153,-0.9749279121818167,-0.22252093395634442,-0.13079267585676044,-0.9914097417023037
2011-09-06,15070.0,64.0,706.0,15352.0,13769.366666666669,2011,9,36,1,False,15070.0,6,36,9,3,2011,1,0,0,22742.0,0.0,10236.0,15172.0,5175.0,14661.42857142857,12449.0,9191.425675725219,27850.0,0.0,13164.57142857143,12882.5,9579.614346776569,29360.0,0.0,13439.533333333333,12213.5,10229.536601677419,39228.0,0.0,14171.846465798333,13418.928100117504,-0.3373493975903614,0.4722547870261822,2993.7142857142844,-5.0955210534715306e-14,1.0,-0.996575140802686,0.08269213223823901,-1.0191042106943061e-13,1.0,-0.16481784665719476,-0.9863240225317872
2011-09-07,16390.0,52.0,1086.0,15915.0,13871.166666666666,2011,9,36,2,False,16390.0,7,36,9,3,2011,2,0,0,15070.0,10920.0,12449.0,29360.0,13336.0,15352.0,15070.0,8982.743882949491,27850.0,0.0,13157.285714285714,12882.5,9578.008821723408,29360.0,0.0,13769.366666666667,12882.5,10112.72902722907,39228.0,0.0,14396.384849348751,13525.44886785186,0.0875912408759123,0.3165716121776849,4389.428571428571,0.7818314824680468,0.6234898018587123,-0.9950052545447352,0.09982255971656227,0.9749279121818115,-0.22252093395636738,-0.19864794288017015,-0.9800709131432667
2011-09-08,17404.0,76.0,933.0,14422.714285714286,13909.366666666669,2011,9,36,3,False,17404.0,8,36,9,3,2011,3,0,0,16390.0,22742.0,27850.0,13316.0,16258.0,15915.0,16390.0,8893.531150973338,27850.0,0.0,12230.857142857143,12882.5,8451.23569350975,27850.0,0.0,13871.166666666666,12882.5,10123.581855843047,39228.0,0.0,14894.788637011563,13710.258618313028,0.06186699206833435,-0.37508078994614,7368.285714285714,0.9749279121818255,-0.22252093395630623,-0.9931409302238695,0.11692344809347308,-0.433883739117543,-0.9009688679024264,-0.23224292400906835,-0.9726578145718658
2011-09-09,17358.0,62.0,911.0,14269.142857142857,14007.5,2011,9,36,4,False,17358.0,9,36,9,3,2011,4,0,0,17404.0,15070.0,18433.0,17125.0,14414.0,14422.714285714286,16390.0,7288.733971326004,22742.0,0.0,12522.857142857143,13759.5,8561.51576135141,27850.0,0.0,13909.366666666667,12882.5,10135.054461120846,39228.0,0.0,15522.091477758673,13948.564513905736,-0.002643070558492333,-0.058319318613356486,3799.7142857142862,0.4338837391175977,-0.9009688679024,-0.9909827195236492,0.13398973694097738,-0.7818314824680846,0.6234898018586648,-0.2655630278040563,-0.9640935007889754
2011-09-10,0.0,0.0,0.0,14269.142857142857,12699.9,2011,9,36,5,True,0.0,10,36,9,3,2011,5,1,0,17358.0,16390.0,0.0,0.0,39228.0,14269.142857142857,16390.0,7200.952238617959,22742.0,0.0,12539.5,13759.5,8571.370896097194,27850.0,0.0,14007.5,12882.5,10154.343476120699,39228.0,0.0,15981.068608319005,14168.528093653753,-1.0,0.0,3459.2857142857138,-0.43388373911748646,-0.9009688679024537,-0.9885312610933433,0.15101637606963153,0.7818314824679307,0.6234898018588578,-0.2985688173637189,-0.9543881083175912
2011-09-11,20906.0,75.0,1017.0,15695.714285714286,12997.5,2011,9,36,6,True,20906.0,11,36,9,3,2011,6,1,0,0.0,17404.0,10920.0,6701.0,11978.0,14269.142857142857,16390.0,7200.952238617959,22742.0,0.0,12539.5,13759.5,8571.370896097193,27850.0,0.0,12699.9,12213.5,9283.006265993969,34028.0,0.0,11985.801456239253,13254.429506966415,0.0,0.9144688644688646,3459.2857142857138,-0.9749279121818233,-0.22252093395631575,-0.9857872803589411,0.16799832702298678,0.4338837391175606,-0.9009688679024179,-0.33122122780168434,-0.9435531242349552
2011-09-12,16824.0,68.0,901.0,14850.285714285714,13558.3,2011,9,37,0,False,16824.0,12,37,9,3,2011,0,0,0,20906.0,17358.0,22742.0,0.0,0.0,15695.714285714286,17358.0,7412.912736441396,22742.0,0.0,13554.142857142857,15730.0,8667.296738156201,27850.0,0.0,12997.5,12882.5,9401.4194076911,34028.0,0.0,14215.85109217944,13748.079216194388,-0.1952549507318473,-0.2602233752528361,4283.142857142857,-0.7818314824680529,0.6234898018587046,-0.9827515893084885,0.1849305645685428,-0.9749279121818072,-0.22252093395638645,-0.36348161248290295,-0.93160137257672
2011-09-13,36519.0,67.0,1095.0,17914.428571428572,14669.866666666669,2011,9,37,1,False,36519.0,13,37,9,3,2011,1,0,0,16824.0,0.0,15070.0,10236.0,3172.0,14850.285714285714,16824.0,6786.35016569499,20906.0,0.0,14755.857142857143,16607.0,7762.562828752498,27850.0,0.0,13558.3,14193.0,9096.202535237959,34028.0,0.0,14867.888319134581,13946.525718375395,1.1706490727532097,1.4232913072329132,188.85714285714312,-7.251642196734778e-14,1.0,-0.9794250862518065,0.201808078184798,-1.4503284393469555e-13,1.0,-0.39531178876491413,-0.918546999158717
2011-09-14,14186.0,68.0,849.0,17599.571428571428,14803.633333333331,2011,9,37,2,False,14186.0,14,37,9,3,2011,2,0,0,36519.0,20906.0,16390.0,12449.0,10173.0,17914.428571428572,17358.0,10646.512697547843,36519.0,0.0,16633.214285714286,17091.0,9556.345706295997,36519.0,0.0,14669.866666666667,15121.0,9793.976367393274,36519.0,0.0,20280.666239350936,15402.814381706014,-0.6115446753744627,-0.13447223917022577,2562.4285714285725,0.7818314824679624,0.6234898018588181,-0.9758087555546684,0.2186258735439368,0.9749279121818717,-0.22252093395610367,-0.42667408318992256,-0.9044054548343011
2011-09-15,29281.0,83.0,1007.0,19296.285714285717,15406.866666666669,2011,9,37,3,False,29281.0,15,37,9,3,2011,3,0,0,14186.0,16824.0,17404.0,27850.0,11184.0,17599.571428571428,17358.0,10731.361731814255,36519.0,0.0,16757.285714285714,17091.0,9509.001237115952,36519.0,0.0,14803.633333333333,15121.0,9757.778031001695,36519.0,0.0,18756.9996795132,15324.310228047561,1.0640772592697023,0.6824293265915882,1684.5714285714275,0.974927912181805,-0.22252093395639605,-0.9719036673475081,0.23537897398974364,-0.433883739117709,-0.9009688679023464,-0.4575313760742511,-0.8891934772070712
2011-09-16,15051.0,50.0,800.0,18966.714285714286,15053.6,2011,9,37,4,False,15051.0,16,37,9,3,2011,4,0,0,29281.0,36519.0,17358.0,18433.0,25649.0,19296.285714285714,17358.0,11599.126385412037,36519.0,0.0,16859.5,17091.0,9644.14210205426,36519.0,0.0,15406.866666666667,15357.0,10080.346904037955,36519.0,0.0,21387.9997596349,16224.741826238042,-0.48598067005908263,-0.13290701693743523,4873.5714285714275,0.4338837391175147,-0.90096886790244,-0.9677109772087535,0.25206242201026163,-0.7818314824679697,0.6234898018588089,-0.487847145442311,-0.8729290708206415
2011-09-17,0.0,0.0,0.0,18966.714285714286,13919.333333333334,2011,9,37,5,True,0.0,17,37,9,3,2011,5,1,0,15051.0,14186.0,0.0,0.0,34028.0,18966.714285714286,16824.0,11695.75119027255,36519.0,0.0,16617.928571428572,16607.0,9644.053468443546,36519.0,0.0,15053.6,15121.0,9892.996204560515,36519.0,0.0,19803.74981972617,16149.016547125912,-1.0,0.0,4697.571428571429,-0.4338837391175695,-0.9009688679024137,-0.9632319258228705,0.26867128070481233,0.7818314824680456,0.6234898018587138,-0.5175855102531869,-0.8556314858488718
2011-09-18,8937.0,27.0,829.0,17256.85714285714,13861.766666666666,2011,9,37,6,True,8937.0,18,37,9,3,2011,6,1,0,0.0,29281.0,20906.0,10920.0,10664.0,18966.714285714286,16824.0,11695.75119027255,36519.0,0.0,16617.928571428572,16607.0,9644.053468443546,36519.0,0.0,13919.333333333334,15060.5,9588.527690128883,36519.0,0.0,14852.812364794627,15107.144511827464,0.0,-0.5725150674447528,4697.571428571429,-0.9749279121818185,-0.2225209339563368,-0.9584678386132249,0.28520063524489725,0.4338837391175995,-0.9009688679023992,-0.5467112728685909,-0.8373211953118141
2011-09-19,29248.0,71.0,765.0,19031.714285714286,14836.7,2011,9,38,0,False,29248.0,19,38,9,3,2011,0,0,0,8937.0,15051.0,16824.0,22742.0,0.0,17256.85714285714,15051.0,12227.786900179048,36519.0,0.0,16476.285714285714,16607.0,9748.176834895632,36519.0,0.0,13861.766666666666,15060.5,9613.896313305495,36519.0,0.0,13373.85927359597,14709.070672354725,2.272686583864832,0.7384688540180695,1561.142857142855,-0.7818314824679954,0.6234898018587767,-0.953420125349868,0.3016455943285796,-0.9749279121818482,-0.22252093395620684,-0.5751899607119796,-0.8180198708443159
2011-09-20,43683.0,70.0,895.0,20055.14285714286,16023.433333333332,2011,9,38,1,False,43683.0,20,38,9,3,2011,1,0,0,29248.0,0.0,36519.0,15070.0,8081.0,19031.714285714286,15051.0,13029.850033855406,36519.0,0.0,16941.0,16607.0,10213.80833818762,36519.0,0.0,14836.7,15121.0,9642.677797883405,36519.0,0.0,17342.39445519698,15647.066112847968,0.4935380196936543,0.1961718557463239,4181.4285714285725,1.9609204321635772e-14,1.0,-0.9480902797323661,0.31800129162788576,3.9218408643271543e-14,1.0,-0.6029878670694719,-0.7977503570459927
2011-09-21,22312.0,75.0,1329.0,21216.0,16249.1,2011,9,38,2,False,22312.0,21,38,9,3,2011,2,0,0,43683.0,8937.0,14186.0,16390.0,15542.0,20055.14285714286,15051.0,14794.204016309572,43683.0,0.0,18984.785714285714,17091.0,12432.400388182805,43683.0,0.0,16023.433333333332,15357.0,10892.381518776101,43683.0,0.0,23927.545841397736,17455.836041051323,-0.48922921960488064,0.5728182715353165,2140.7142857142862,0.7818314824680198,0.623489801858746,-0.9424798789477857,0.33426288722885045,0.9749279121818307,-0.2225209339562833,-0.6300720909843687,-0.7765366444428656
2011-09-22,33144.0,112.0,1193.0,21767.85714285714,16848.166666666668,2011,9,38,3,False,33144.0,22,38,9,3,2011,3,0,0,22312.0,29248.0,29281.0,17404.0,15172.0,21216.0,22312.0,14574.088170448254,43683.0,0.0,19407.785714285714,17381.0,12438.068018284534,43683.0,0.0,16249.1,15781.0,10952.029899552415,43683.0,0.0,23523.6593810483,17769.136941628658,0.48547866618859814,0.13192855435265183,3616.4285714285725,0.974927912181835,-0.22252093395626418,-0.936590583203982,0.3504255690637097,-0.4338837391174653,-0.9009688679024638,-0.6564105761979343,-0.7544038410927505
2011-09-23,21872.0,64.0,1271.0,22742.285714285717,16598.566666666666,2011,9,38,4,False,21872.0,23,38,9,3,2011,4,0,0,33144.0,43683.0,15051.0,17358.0,29360.0,21767.85714285714,22312.0,14997.363161886944,43683.0,0.0,20532.071428571428,19132.0,12944.093208661063,43683.0,0.0,16848.166666666668,16607.0,11374.461539611111,43683.0,0.0,25928.744535786227,18761.06359055584,-0.34009172097513873,0.4531924789050561,2471.5714285714275,0.43388373911753414,-0.9009688679024307,-0.9304241352383129,0.3664845543348827,-0.7818314824679966,0.6234898018587751,-0.6819721490904634,-0.7313781428679248
2011-09-24,0.0,0.0,0.0,22742.285714285717,16154.7,2011,9,38,5,True,0.0,24,38,9,3,2011,5,1,0,21872.0,22312.0,0.0,0.0,13316.0,22742.285714285714,22312.0,14706.991021441525,43683.0,0.0,20854.5,21389.0,12915.135347276137,43683.0,0.0,16598.566666666666,16607.0,11170.769749920886,43683.0,0.0,24914.558401839673,18961.76916535869,-1.0,0.0,3775.5714285714275,-0.43388373911755007,-0.900968867902423,-0.9239823598019431,0.3824350909302552,0.7818314824680186,0.6234898018587476,-0.7067265555776158,-0.7074868024503349
2011-09-25,19424.0,75.0,979.0,24240.42857142857,16231.333333333334,2011,9,38,6,True,19424.0,25,38,9,3,2011,6,1,0,0.0,33144.0,8937.0,20906.0,17125.0,22742.285714285714,22312.0,14706.991021441525,43683.0,0.0,20854.5,21389.0,12915.135347276137,43683.0,0.0,16154.7,16607.0,11563.35390181504,43683.0,0.0,18685.918801379754,17738.42921920652,0.0,1.1734362761553094,3775.5714285714275,-0.9749279121818137,-0.2225209339563578,-0.9172671631198612,0.39827245882943246,0.43388373911763833,-0.9009688679023805,-0.7306444969184904,-0.6827580970759161
2011-09-26,15249.0,66.0,900.0,22240.571428571428,16739.633333333335,2011,9,39,0,False,15249.0,26,39,9,3,2011,0,0,0,19424.0,21872.0,29248.0,16824.0,0.0,24240.428571428572,22312.0,13555.36543042572,43683.0,0.0,20748.64285714286,20648.0,12920.753047875181,43683.0,0.0,16231.333333333334,16607.0,11577.615308425371,43683.0,0.0,18870.439101034815,17847.175721193194,-0.21494028006589783,-0.47863101750547044,6983.571428571431,-0.7818314824680088,0.6234898018587598,-0.9102805323268018,0.41399197150045597,-0.9749279121818386,-0.22252093395624886,-0.7536976643929144,-0.6572212950663313
2011-09-27,21231.0,80.0,1006.0,19033.14285714286,17223.966666666667,2011,9,39,1,False,21231.0,27,39,9,3,2011,1,0,0,15249.0,0.0,43683.0,36519.0,6701.0,22240.571428571428,21872.0,13725.047709171993,43683.0,0.0,20636.14285714286,20648.0,12964.336387876625,43683.0,0.0,16739.633333333335,16607.0,11167.921797483768,43683.0,0.0,17965.07932577611,17679.551481116214,0.39228801888648435,-0.5139756884829338,3208.8571428571413,-1.952007110996705e-15,1.0,-0.9030245348792221,0.42958897728662054,-3.90401422199341e-15,1.0,-0.7758587728069825,-0.6309066211876708
2011-09-28,25530.0,85.0,1299.0,19492.85714285714,18074.966666666667,2011,9,39,2,False,25530.0,28,39,9,3,2011,2,0,0,21231.0,19424.0,22312.0,14186.0,0.0,19033.14285714286,21231.0,9995.748369991628,33144.0,0.0,19544.14285714286,20327.5,12141.335757568933,43683.0,0.0,17223.966666666667,17091.0,11031.792134032718,43683.0,0.0,18781.559494332083,17908.677192011943,0.20248692948989677,0.14422732162065266,-1022.0,0.7818314824680064,0.6234898018587629,-0.895501317943504,0.44505886078298396,0.9749279121818403,-0.22252093395624126,-0.7971015927871932,-0.603845220877105
2011-09-29,27456.0,105.0,1134.0,18680.285714285717,18648.966666666667,2011,9,39,3,False,27456.0,29,39,9,3,2011,3,0,0,25530.0,15249.0,33144.0,29281.0,10236.0,19492.85714285714,21231.0,10242.629877600948,33144.0,0.0,20354.428571428572,21551.5,12134.773147474134,43683.0,0.0,18074.966666666667,17381.0,10634.86754771641,43683.0,0.0,20468.669620749064,18400.37543768859,0.07544065804935363,-0.1716147719044171,-1723.1428571428587,0.9749279121818398,-0.22252093395624317,-0.8877131077605754,0.4603970442021332,-0.43388373911742645,-0.9009688679024825,-0.8174009818249174,-0.576069123379878
2011-09-30,22553.0,74.0,970.0,18777.571428571428,18985.766666666663,2011,9,39,4,False,22553.0,30,39,9,3,2011,4,0,0,27456.0,21231.0,21872.0,15051.0,12449.0,18680.285714285714,21231.0,9146.081469027873,27456.0,0.0,20224.071428571428,21551.5,12040.943257609308,43683.0,0.0,18648.966666666667,17918.5,10661.859081221082,43683.0,0.0,22215.502215561795,18984.60928041836,-0.17857663170163174,0.03113569861009502,-3087.5714285714275,0.43388373911755357,-0.9009688679024214,-0.8796622089871292,0.47559898872882833,-0.7818314824680235,0.6234898018587415,-0.8367329140344918,-0.5476112038402317
2011-10-01,0.0,0.0,0.0,18777.571428571428,18057.43333333333,2011,10,39,5,True,0.0,1,39,10,4,2011,5,1,0,22553.0,25530.0,0.0,0.0,27850.0,18777.571428571428,21231.0,9189.209811098057,27456.0,0.0,20759.928571428572,22092.0,11959.673680036884,43683.0,0.0,18985.766666666666,18928.5,10618.755033473552,43683.0,0.0,22299.876661671344,19214.8280365204,-1.0,0.0,-3964.7142857142862,-0.43388373911753064,-0.9009688679024324,-0.8713510040136405,0.49066019586310516,0.7818314824679917,0.6234898018587812,-0.8550745085896923,-0.5185051443911586
2011-10-02,8332.0,35.0,862.0,17193.0,17720.733333333334,2011,10,39,6,True,8332.0,2,39,10,4,2011,6,1,0,0.0,27456.0,19424.0,8937.0,18433.0,18777.571428571428,21231.0,9189.209811098057,27456.0,0.0,20759.928571428572,22092.0,11959.673680036884,43683.0,0.0,18057.433333333334,17918.5,11026.631422600714,43683.0,0.0,16724.907496253505,17975.1617115836,0.0,-0.5710461285008237,-3964.7142857142862,-0.9749279121818089,-0.2225209339563788,-0.8627819522593745,0.5055762087514626,0.4338837391176772,-0.9009688679023617,-0.8724040568049599,-0.4887853942889951
2011-10-03,25942.0,68.0,1088.0,18720.571428571428,18585.466666666667,2011,10,40,0,False,25942.0,3,40,10,4,2011,0,0,0,8332.0,22553.0,15249.0,29248.0,0.0,17193.0,21231.0,9981.361697350378,27456.0,0.0,20716.714285714286,22092.0,12006.680681562699,43683.0,0.0,17720.733333333334,17381.0,11168.078604645501,43683.0,0.0,14626.680622190128,17353.022246320146,2.113538166106577,0.701226309921962,-7047.4285714285725,-0.7818314824680932,0.6234898018586541,-0.8539575894446081,0.5203426135057114,-0.9749279121817783,-0.2225209339565126,-0.8887010478292894,-0.45848712914009165
2011-10-04,25284.0,81.0,1190.0,19299.571428571428,19064.266666666663,2011,10,40,1,False,25284.0,4,40,10,4,2011,1,0,0,25942.0,0.0,21231.0,43683.0,10920.0,18720.571428571428,22553.0,10441.879075101735,27456.0,0.0,20480.571428571428,22092.0,11857.56830509064,43683.0,0.0,18585.466666666667,18414.0,10744.98332898801,43683.0,0.0,17455.510466642594,17907.14984333175,-0.025364274150026955,0.19090009891196824,-3520.0,-2.351321854362918e-14,1.0,-0.8448805268402667,0.5349550405091192,-4.702643708725836e-14,1.0,-0.9039461929224017,-0.42764620926777314
2011-10-05,46222.0,96.0,1104.0,22255.571428571428,19846.93333333333,2011,10,40,2,False,46222.0,5,40,10,4,2011,2,0,0,25284.0,8332.0,25530.0,22312.0,22742.0,19299.571428571428,25284.0,10713.128143499798,27456.0,0.0,19166.35714285714,22092.0,9955.149595963992,33144.0,0.0,19064.266666666666,20165.0,10711.609592604098,43683.0,0.0,19412.632849981946,18383.07565989099,0.8281126404049992,0.8104974539757148,266.42857142856883,0.7818314824679929,0.6234898018587797,-0.8355534504952145,0.5494091657094384,0.9749279121818499,-0.2225209339561992,-0.9181214482844368,-0.39629913726891763
2011-10-06,35367.0,122.0,1253.0,23385.714285714286,20523.5,2011,10,40,3,False,35367.0,6,40,10,4,2011,3,0,0,46222.0,25942.0,27456.0,33144.0,15070.0,22255.571428571428,25284.0,14795.607770068591,46222.0,0.0,20874.214285714286,22212.5,12308.980218826922,46222.0,0.0,19846.933333333334,20165.0,11792.836174130689,46222.0,0.0,26114.974637486463,20179.13529473673,-0.23484487906191853,0.28813374125874125,2762.7142857142862,0.9749279121818447,-0.22252093395622213,-0.8259791204413983,0.5637007118984807,-0.4338837391173876,-0.9009688679025013,-0.9312100364121944,-0.3644830148102921
2011-10-07,30914.0,88.0,1068.0,24580.14285714286,21007.63333333333,2011,10,40,4,False,30914.0,7,40,10,4,2011,4,0,0,35367.0,25284.0,22553.0,21872.0,16390.0,23385.714285714286,25284.0,15542.332500993161,46222.0,0.0,21033.0,22212.5,12492.407349450918,46222.0,0.0,20523.5,21068.5,12087.867484696648,46222.0,0.0,28427.980978114847,21158.997533785976,-0.12590833262645973,0.3707267325854653,4705.4285714285725,0.433883739117573,-0.9009688679024119,-0.8161603698771164,0.5778254499778013,-0.7818314824680505,0.6234898018587077,-0.943196465956587,-0.33223549871590297
2011-10-08,0.0,0.0,0.0,24580.14285714286,20427.5,2011,10,40,5,True,0.0,8,40,10,4,2011,5,1,0,30914.0,46222.0,0.0,0.0,17404.0,24580.14285714286,25942.0,15787.018152357237,46222.0,0.0,21678.85714285714,23918.5,12769.776631123626,46222.0,0.0,21007.633333333335,21551.5,12206.873113363117,46222.0,0.0,29049.485733586138,21788.352531606233,-1.0,0.0,5802.571428571431,-0.4338837391175112,-0.9009688679024417,-0.8061001043286311,0.5917792002101544,0.7818314824679649,0.623489801858815,-0.9540665500578387,-0.2995947563972601
2011-10-09,7285.0,39.0,798.0,24430.571428571428,20091.733333333334,2011,10,40,6,True,7285.0,9,40,10,4,2011,6,1,0,0.0,35367.0,8332.0,19424.0,17358.0,24580.14285714286,25942.0,15787.018152357237,46222.0,0.0,21678.85714285714,23918.5,12769.776631123626,46222.0,0.0,20427.5,21551.5,12783.964402517235,46222.0,0.0,21787.1143001896,20382.652368276802,0.0,-0.12566010561689867,5802.571428571431,-0.9749279121818041,-0.22252093395639985,-0.7958013007903715,0.6055578334563535,0.43388373911771605,-0.9009688679023431,-0.9638074231367304,-0.2665994206792945
2011-10-10,26121.0,100.0,1323.0,24456.14285714286,20962.43333333333,2011,10,41,0,False,26121.0,10,41,10,4,2011,0,0,0,7285.0,30914.0,25942.0,15249.0,0.0,24430.571428571428,25942.0,15970.508610739798,46222.0,0.0,20811.785714285714,23918.5,13334.301920977347,46222.0,0.0,20091.733333333334,21551.5,12997.856491541708,46222.0,0.0,18161.585725142202,19537.642538065396,2.5855868222374743,0.006900007709505829,7237.5714285714275,-0.7818314824681066,0.6234898018586372,-0.7852670068439961,0.6191572723971441,-0.9749279121817688,-0.22252093395655462,-0.9724075561219964,-0.23328854407545724
2011-10-11,28477.0,82.0,1227.0,24912.285714285717,21214.8,2011,10,41,1,False,28477.0,11,41,10,4,2011,1,0,0,26121.0,0.0,25284.0,21231.0,20906.0,24456.14285714286,26121.0,15973.475028189396,46222.0,0.0,21588.35714285714,25407.0,13301.95817630531,46222.0,0.0,20962.433333333334,22092.0,12469.707683113471,46222.0,0.0,20151.43929385665,19962.37527754505,0.09019562803874281,0.1262853978800822,5735.571428571431,6.861240774535437e-14,1.0,-0.7745003397565632,0.6325734927397513,1.3722481549070874e-13,1.0,-0.9798567700958665,-0.19970155256606367
2011-10-12,17639.0,88.0,1061.0,20829.0,21241.966666666667,2011,10,41,2,False,17639.0,12,41,10,4,2011,2,0,0,28477.0,7285.0,46222.0,25530.0,16824.0,24912.285714285714,28477.0,16046.478883899368,46222.0,0.0,22105.928571428572,25736.0,13427.361734471575,46222.0,0.0,21214.8,22432.5,12544.911787323352,46222.0,0.0,22232.829470392488,20511.70590480021,-0.3805878428205218,-0.6183851845441565,5612.714285714286,0.7818314824680505,0.6234898018587077,-0.7635044855580851,0.6458025244087264,0.9749279121818089,-0.22252093395637884,-0.9861462483415948,-0.1658781989346326
2011-10-13,18681.0,77.0,1164.0,18445.285714285717,20647.366666666665,2011,10,41,3,False,18681.0,13,41,10,4,2011,3,0,0,17639.0,26121.0,35367.0,27456.0,36519.0,20829.0,26121.0,13083.202423973516,35367.0,0.0,21542.285714285714,25613.0,13438.189097485572,46222.0,0.0,21241.966666666667,22432.5,12535.954664231935,46222.0,0.0,21084.372102794365,20326.370039974387,0.0590736436305912,-0.47179574179319705,-1426.5714285714275,0.9749279121818242,-0.22252093395631195,-0.7522826980987245,0.6588404527207655,-0.43388373911755357,-0.9009688679024213,-0.9912685467787253,-0.13185851571739346
2011-10-14,18134.0,74.0,991.0,16619.571428571428,20778.966666666667,2011,10,41,4,False,18134.0,14,41,10,4,2011,4,0,0,18681.0,28477.0,30914.0,22553.0,14186.0,18445.285714285714,18681.0,11405.458615859998,30914.0,0.0,20915.5,23918.5,13345.465768451959,46222.0,0.0,20647.366666666665,22092.0,12205.028569329985,46222.0,0.0,20483.529077095773,20220.217134169587,-0.029281087736202527,-0.4134049298052662,-4940.4285714285725,0.4338837391175924,-0.9009688679024026,-0.7408382980859317,0.6716834195431209,-0.7818314824680773,0.623489801858674,-0.9952176027737291,-0.09768276782171961
2011-10-15,0.0,0.0,0.0,16619.571428571428,19802.93333333333,2011,10,41,5,True,0.0,15,41,10,4,2011,5,1,0,18134.0,17639.0,0.0,0.0,29281.0,16619.571428571428,18134.0,10015.008335112896,28477.0,0.0,20599.85714285714,21982.5,13356.011166726172,46222.0,0.0,20778.966666666667,22092.0,12154.135304448884,46222.0,0.0,19896.146807821828,20085.622480352195,-1.0,0.0,-7960.571428571431,-0.4338837391175942,-0.9009688679024017,-0.729174672101792,0.6843276244352877,0.7818314824680798,0.6234898018586709,-0.9979887423155983,-0.06339140486951159
2011-10-16,8649.0,35.0,800.0,16814.428571428572,19589.533333333333,2011,10,41,6,True,8649.0,16,41,10,4,2011,6,1,0,0.0,18681.0,7285.0,8332.0,15051.0,16619.571428571428,18134.0,10015.008335112896,28477.0,0.0,20599.85714285714,21982.5,13356.011166726172,46222.0,0.0,19802.933333333334,21551.5,12614.80902839947,46222.0,0.0,14922.11010586637,18789.77586871657,0.0,0.18723404255319154,-7960.571428571431,-0.9749279121818246,-0.22252093395631004,-0.717295271600886,0.6967693257736101,0.43388373911755,-0.900968867902423,-0.9995786855478958,-0.02902501332197777
2011-10-17,31319.0,89.0,1339.0,17557.0,20633.5,2011,10,42,0,False,31319.0,17,42,10,4,2011,0,0,0,8649.0,18134.0,26121.0,25942.0,0.0,16814.428571428572,18134.0,9814.380195358617,28477.0,0.0,20622.5,21982.5,13333.863585449813,46222.0,0.0,19589.533333333333,21551.5,12751.37851840108,46222.0,0.0,13353.832579399777,18135.532264283243,2.6211122673141403,0.19899697561349106,-7616.142857142855,-0.7818314824680492,0.6234898018587093,-0.7052036118889422,0.7090048418584954,-0.9749279121818097,-0.22252093395637498,-0.9999855506507186,0.00537573155758024
2011-10-18,29285.0,84.0,1236.0,17672.428571428572,21311.766666666663,2011,10,42,1,False,29285.0,18,42,10,4,2011,1,0,0,31319.0,0.0,28477.0,25284.0,8937.0,17557.0,18134.0,10784.578387679318,31319.0,0.0,21006.571428571428,21982.5,13574.14911748564,46222.0,0.0,20633.5,22092.0,12368.573286971001,46222.0,0.0,17845.124434549834,18986.07856981336,-0.06494460231808163,0.02837377532745733,-6899.142857142859,4.70511963127219e-14,1.0,-0.6929032710826029,0.7210305520038863,9.41023926254438e-14,1.0,-0.9992088560679752,0.039770113846058074
2011-10-19,19178.0,85.0,1186.0,17892.285714285714,20976.1,2011,10,42,2,False,19178.0,19,42,10,4,2011,2,0,0,29285.0,8649.0,17639.0,46222.0,29248.0,17672.428571428572,18134.0,10924.354318938678,31319.0,0.0,21292.35714285714,22401.0,13712.544428689778,46222.0,0.0,21311.766666666666,22432.5,12262.510176967442,46222.0,0.0,20705.093325912374,19650.525113696367,-0.3451254908656308,0.08724984409547032,-7239.857142857141,0.781831482468037,0.6234898018587246,-0.6803978890506109,0.7328428976086707,0.9749279121818185,-0.22252093395633682,-0.997249521077345,0.07411742515094516
2011-10-20,40855.0,89.0,1146.0,21060.0,20881.83333333333,2011,10,42,3,False,40855.0,20,42,10,4,2011,3,0,0,19178.0,31319.0,18681.0,35367.0,43683.0,17892.285714285714,18681.0,10939.046053995222,31319.0,0.0,19360.64285714286,18929.5,11685.5680327168,35367.0,0.0,20976.1,22092.0,12175.292273911646,46222.0,0.0,20323.31999443428,19620.039622490152,1.1303055584523936,1.1869814249772497,-2936.7142857142862,0.974927912181829,-0.22252093395629094,-0.6676911663366994,0.7444383832097442,-0.43388373911751477,-0.90096886790244,-0.9941098647022418,0.10837701279187577
2011-10-21,24779.0,64.0,802.0,22009.285714285717,20964.066666666666,2011,10,42,4,False,24779.0,21,42,10,4,2011,4,0,0,40855.0,29285.0,18134.0,30914.0,22312.0,21060.0,19178.0,13990.470876040348,40855.0,0.0,19752.64285714286,18929.5,12337.669419659096,40855.0,0.0,20881.833333333332,22092.0,12003.153735246175,46222.0,0.0,25456.239995825716,20990.037066200468,-0.39348916901236075,0.3664387338700783,2614.7142857142862,0.43388373911761186,-0.9009688679023933,-0.6547868630645511,0.755813577516364,-0.7818314824681042,0.6234898018586403,-0.9897936029670719,0.14250832791616946
2011-10-22,0.0,0.0,0.0,22009.285714285717,19859.266666666663,2011,10,42,5,True,0.0,22,42,10,4,2011,5,1,0,24779.0,19178.0,0.0,0.0,33144.0,22009.285714285714,24779.0,13984.283639313162,40855.0,0.0,19314.428571428572,18929.5,12015.486978922634,40855.0,0.0,20964.066666666666,22212.5,12021.725950253096,46222.0,0.0,25286.929996869287,21234.48628773592,-1.0,0.0,5389.714285714286,-0.4338837391175748,-0.9009688679024112,-0.641688797825113,0.7669651144255266,0.7818314824680529,0.6234898018587046,-0.9843058444990329,0.17647097349152244
2011-10-23,6953.0,42.0,969.0,21767.0,19361.966666666667,2011,10,42,6,True,6953.0,23,42,10,4,2011,6,1,0,0.0,40855.0,8649.0,7285.0,21872.0,22009.285714285714,24779.0,13984.283639313162,40855.0,0.0,19314.428571428572,18929.5,12015.486978922634,40855.0,0.0,19859.266666666666,21551.5,12381.380311144458,46222.0,0.0,18965.197497651963,19864.519430462635,0.0,-0.1960920337611285,5389.714285714286,-0.9749279121818198,-0.22252093395633105,-0.6284008465466198,0.7778896940180475,0.4338837391175889,-0.9009688679024043,-0.9776530844816642,0.21022475211898328
2011-10-24,25922.0,78.0,1326.0,20996.0,20226.033333333333,2011,10,43,0,False,25922.0,24,43,10,4,2011,0,0,0,6953.0,24779.0,31319.0,26121.0,0.0,21767.0,24779.0,14266.18800988313,40855.0,0.0,19290.714285714286,18929.5,12041.354852395918,40855.0,0.0,19361.966666666667,20327.5,12595.511213245327,46222.0,0.0,15962.148123238972,19031.5181768844,2.728174888537322,-0.17232350969060317,4952.5714285714275,-0.7818314824680627,0.6234898018586924,-0.6149269413476359,0.7885840835350667,-0.9749279121818002,-0.22252093395641703,-0.9698431969672945,0.24372971360968226
2011-10-25,26818.0,77.0,1131.0,20643.571428571428,20472.5,2011,10,43,1,False,26818.0,25,43,10,4,2011,1,0,0,25922.0,0.0,29285.0,28477.0,19424.0,20996.0,24779.0,13802.21573999382,40855.0,0.0,19276.5,18929.5,12032.786190238736,40855.0,0.0,20226.033333333333,21892.0,12100.88359123027,46222.0,0.0,18452.11109242923,19476.065391278957,0.03456523416403057,-0.08424107905070854,3439.0,-8.819685284152661e-14,1.0,-0.6012710693734842,0.7990451183346701,-1.7639370568305323e-13,1.0,-0.9608854255574985,0.27694620226893363
2011-10-26,20617.0,95.0,1049.0,20849.14285714286,20651.43333333333,2011,10,43,2,False,20617.0,26,43,10,4,2011,2,0,0,26818.0,6953.0,19178.0,17639.0,15249.0,20643.571428571428,24779.0,13585.07562065988,40855.0,0.0,19158.0,18929.5,11943.043343624453,40855.0,0.0,20472.5,23666.0,12159.143741829972,46222.0,0.0,20543.583319321922,19949.738591841608,-0.23122529644268774,0.0750338930023986,2971.142857142855,0.7818314824680235,0.6234898018587414,-0.587437271616382,0.8092697028283593,0.9749279121818281,-0.22252093395629477,-0.9507903724625834,0.309834903831802
2011-10-27,32761.0,106.0,1135.0,19692.85714285714,21035.766666666663,2011,10,43,3,False,32761.0,27,43,10,4,2011,3,0,0,20617.0,25922.0,40855.0,18681.0,21231.0,20849.14285714286,24779.0,13570.081471489291,40855.0,0.0,19370.714285714286,19897.5,11940.427620409655,40855.0,0.0,20651.433333333334,23666.0,12119.055860242514,46222.0,0.0,20561.93748949144,19992.7877149486,0.5890284716496095,-0.19811528576673598,2956.857142857145,0.9749279121818337,-0.2225209339562699,-0.5734296417196532,0.8192548113970831,-0.4338837391174759,-0.9009688679024588,-0.9395699859530627,0.34235689199454045
2011-10-28,23998.0,78.0,858.0,19581.285714285717,20984.7,2011,10,43,4,False,23998.0,28,43,10,4,2011,4,0,0,32761.0,26818.0,24779.0,18134.0,25530.0,19692.85714285714,24779.0,11812.29381377118,32761.0,0.0,20376.428571428572,22698.0,12459.544199060878,40855.0,0.0,21035.766666666666,25031.5,12319.242415923922,46222.0,0.0,23611.703117118577,20816.54334624224,-0.2674826775739446,-0.03151862464183386,-1367.1428571428587,0.4338837391176313,-0.900968867902384,-0.5592523247663436,0.828997489286572,-0.7818314824681311,0.6234898018586066,-0.9272375462179548,0.37447367448688024
2011-10-29,0.0,0.0,0.0,19581.285714285717,20069.5,2011,10,43,5,True,0.0,29,43,10,4,2011,5,1,0,23998.0,20617.0,0.0,0.0,27456.0,19581.285714285714,23998.0,11759.81844693028,32761.0,0.0,20795.285714285714,24388.5,12476.914857993792,40855.0,0.0,20984.7,24388.5,12303.134919114365,46222.0,0.0,23708.277337838932,21021.798614226613,-1.0,0.0,-2428.0,-0.43388373911755534,-0.9009688679024205,-0.544909516052628,0.838494853481696,0.781831482468026,0.6234898018587384,-0.9138076496466604,0.40614723863058144
2011-10-30,19943.0,96.0,1213.0,21437.0,19982.5,2011,10,43,6,True,19943.0,30,43,10,4,2011,6,1,0,0.0,32761.0,6953.0,8649.0,22553.0,19581.285714285714,23998.0,11759.81844693028,32761.0,0.0,20795.285714285714,24388.5,12476.914857993792,40855.0,0.0,20069.5,23275.5,12815.667829410737,46222.0,0.0,17781.208003379197,19665.553542341022,0.0,1.8682583057672946,-2428.0,-0.974927912181815,-0.22252093395635206,-0.5304054598463659,0.8477440935595867,0.43388373911762773,-0.9009688679023856,-0.8992961915530263,0.4373400963303304
2011-10-31,21554.0,72.0,1599.0,20813.0,20700.966666666667,2011,10,44,0,False,21554.0,31,44,10,4,2011,0,0,0,19943.0,23998.0,25922.0,31319.0,0.0,21437.0,23998.0,10378.7562517545,32761.0,0.0,21602.0,24388.5,11986.650780058486,40855.0,0.0,19982.5,22307.5,12807.083271135287,46222.0,0.0,18321.656002534397,19683.45331380289,0.08078022363736648,-0.16850551654964896,-330.0,-0.7818314824680761,0.6234898018586755,-0.5157444481311303,0.8567424725213031,-0.9749279121817905,-0.22252093395645908,-0.8837203473619991,0.46801532844383165
2011-11-01,16546.0,77.0,886.0,19345.571428571428,20974.766666666663,2011,11,44,1,False,16546.0,1,44,11,4,2011,1,0,0,21554.0,0.0,26818.0,29285.0,8332.0,20813.0,21554.0,10193.824274203138,32761.0,0.0,20904.5,22776.0,11657.313608929071,40855.0,0.0,20700.966666666667,22776.0,12239.426895201781,46222.0,0.0,19129.742001900795,19804.133745170446,-0.23234666419226124,-0.3830263256022075,-183.0,-1.0975806427415909e-13,1.0,-0.5009308193361626,0.8654873276017396,-2.1951612854831818e-13,1.0,-0.8670985522812102,0.4981366284784018
2011-11-02,28488.0,85.0,1238.0,20470.0,21059.63333333333,2011,11,44,2,False,28488.0,2,44,11,4,2011,2,0,0,16546.0,19943.0,20617.0,19178.0,25942.0,19345.571428571428,20617.0,9921.005978178191,32761.0,0.0,19994.571428571428,21085.5,11448.146136211044,40855.0,0.0,20974.766666666666,22776.0,12043.494408367033,46222.0,0.0,18483.806501425595,19593.931568062675,0.7217454369636165,0.3817723238104478,-1298.0,0.78183148246801,0.6234898018587582,-0.48596895705254817,0.8739760710575882,0.9749279121818377,-0.22252093395625272,-0.8494504794814798,0.5276683455625172
2011-11-03,34314.0,103.0,1205.0,20691.85714285714,21360.63333333333,2011,11,44,3,False,34314.0,3,44,11,4,2011,3,0,0,28488.0,21554.0,32761.0,40855.0,25284.0,20470.0,21554.0,10517.2497197065,32761.0,0.0,20659.571428571428,22776.0,11665.402625609726,40855.0,0.0,21059.633333333335,22776.0,12088.589899466002,46222.0,0.0,20984.854876069196,20167.742434639276,0.20450716090985677,0.04740392539910254,-379.1428571428587,0.9749279121818386,-0.2225209339562489,-0.4708632887360563,0.8822061909330864,-0.43388373911743705,-0.9009688679024774,-0.8307970168121246,0.5565755266413305
2011-11-04,35144.0,94.0,1262.0,22284.14285714286,20991.366666666665,2011,11,44,4,False,35144.0,4,44,11,4,2011,4,0,0,34314.0,16546.0,23998.0,24779.0,46222.0,20691.85714285714,21554.0,10831.42312023326,34314.0,0.0,20192.35714285714,22776.0,10900.222563762647,34314.0,0.0,21360.633333333335,22776.0,12307.834761487988,46222.0,0.0,24317.141157051894,21080.404213049645,0.024188377921548154,0.46445537128094005,999.0,0.4338837391176507,-0.9009688679023745,-0.4556182843969656,0.8901752518033546,-0.7818314824681579,0.6234898018585728,-0.8111602420785626,0.5848239578463315
2011-11-05,0.0,0.0,0.0,22284.14285714286,19812.466666666667,2011,11,44,5,True,0.0,5,44,11,4,2011,5,1,0,35144.0,28488.0,0.0,0.0,35367.0,22284.14285714286,21554.0,12138.812386014413,35144.0,0.0,20932.714285714286,22776.0,11567.306730134324,35144.0,0.0,20991.366666666665,22776.0,11686.721033553087,40855.0,0.0,27023.855867788923,21987.732973498056,-1.0,0.0,2702.857142857145,-0.4338837391174335,-0.9009688679024791,-0.4402384552773285,0.8978808954950716,0.7818314824678573,0.6234898018589499,-0.7905633969115495,0.6123802049900632
2011-11-06,23089.0,102.0,1312.0,22733.571428571428,19551.63333333333,2011,11,44,6,True,23089.0,6,44,11,4,2011,6,1,0,0.0,34314.0,19943.0,6953.0,30914.0,22284.14285714286,21554.0,12138.812386014413,35144.0,0.0,20932.714285714286,22776.0,11567.306730134324,35144.0,0.0,19812.466666666667,21085.5,11967.035889542967,40855.0,0.0,20267.89190084169,20569.16955585302,0.0,0.157749586321015,2702.857142857145,-0.9749279121818355,-0.22252093395626227,-0.4247283525160176,0.9053208417842977,0.43388373911746175,-0.9009688679024656,-0.769030859258918,0.6392116531380589
2011-11-07,31299.0,93.0,1048.0,24125.714285714286,20594.93333333333,2011,11,45,0,False,31299.0,7,45,11,4,2011,0,0,0,23089.0,35144.0,21554.0,25922.0,0.0,22733.571428571428,23089.0,12095.850112843691,35144.0,0.0,22085.285714285714,23543.5,10848.795994370632,35144.0,0.0,19551.633333333335,21085.5,11800.846110761946,40855.0,0.0,20973.168925631264,20731.739261927018,0.35558057949672994,0.45212025610095563,1296.5714285714275,-0.7818314824680186,0.6234898018587476,-0.40909256580197667,0.9124928890712274,-0.9749279121818316,-0.22252093395627945,-0.7465881145324138,0.6652865452111107
2011-11-08,26366.0,108.0,1477.0,25528.571428571428,21230.966666666667,2011,11,45,1,False,26366.0,8,45,11,4,2011,1,0,0,31299.0,0.0,16546.0,26818.0,7285.0,24125.714285714286,28488.0,12491.772528539,35144.0,0.0,22469.35714285714,23543.5,11087.62259047407,35144.0,0.0,20594.933333333334,22321.5,11389.073877559402,40855.0,0.0,23554.626694223447,21413.49801922205,-0.1576088692929487,0.5934969176840323,3312.7142857142862,-1.7632437985175533e-14,1.0,-0.3933357220160485,0.919394915031682,-3.5264875970351066e-14,1.0,-0.7232617254437403,0.6905740195722276
2011-11-09,38139.0,119.0,1245.0,26907.285714285717,21631.566666666666,2011,11,45,2,False,38139.0,9,45,11,4,2011,2,0,0,26366.0,23089.0,28488.0,20617.0,26121.0,25528.571428571428,28488.0,12041.989313192707,35144.0,0.0,22437.071428571428,23543.5,11074.63633342342,35144.0,0.0,21230.966666666667,23543.5,11150.435035531546,40855.0,0.0,24257.470020667584,21733.014276046433,0.4465220359553972,0.3387742207245157,6183.0,0.7818314824680676,0.6234898018586862,-0.3774624838618108,0.9260248772451376,0.9749279121817966,-0.22252093395643235,-0.6990793005655562,0.7150441465537445
2011-11-10,38079.0,129.0,1305.0,27445.14285714286,21951.63333333333,2011,11,45,3,False,38079.0,10,45,11,4,2011,3,0,0,38139.0,31299.0,34314.0,32761.0,28477.0,26907.285714285714,31299.0,12955.151867298262,38139.0,0.0,23688.64285714286,25182.0,11818.259260126257,38139.0,0.0,21631.566666666666,23543.5,11541.213402660365,40855.0,0.0,27727.85251550069,22791.464967914406,-0.0015731927947769675,0.1097219793670221,6437.285714285714,0.9749279121818181,-0.2225209339563387,-0.36147754848581265,0.9323808137991081,-0.43388373911760303,-0.9009688679023975,-0.674069461654617,0.7386679638813739
2011-11-11,28967.0,105.0,1533.0,26562.714285714286,22329.233333333334,2011,11,45,4,False,28967.0,11,45,11,4,2011,4,0,0,38079.0,26366.0,35144.0,23998.0,17639.0,27445.14285714286,31299.0,13384.932516684206,38139.0,0.0,24068.5,25182.0,12211.220910104941,38139.0,0.0,21951.633333333335,23543.5,11866.169563186722,40855.0,0.0,30315.63938662552,23777.757550629605,-0.23929199821423885,-0.17576257682676988,6753.285714285717,0.4338837391175677,-0.9009688679024145,-0.345385646087603,0.9384608438697104,-0.781831482468043,0.6234898018587169,-0.6482618097757141,0.761417510953298
2011-11-12,0.0,0.0,0.0,26562.714285714286,21706.533333333333,2011,11,45,5,True,0.0,12,45,11,4,2011,5,1,0,28967.0,38139.0,0.0,0.0,18681.0,26562.714285714286,28967.0,12990.582469803332,38139.0,0.0,24423.428571428572,27427.0,12281.028525671258,38139.0,0.0,22329.233333333334,24388.5,11904.378408321278,40855.0,0.0,29978.47953996914,24112.547386072856,-1.0,0.0,4278.5714285714275,-0.4338837391175165,-0.9009688679024391,-0.3291915385199954,0.9442631682782286,0.7818314824679722,0.6234898018588058,-0.6216868902665508,0.7832658619336769
2011-11-13,20686.0,87.0,1259.0,26219.42857142857,21791.6,2011,11,45,6,True,20686.0,13,45,11,4,2011,6,1,0,0.0,38079.0,23089.0,19943.0,18134.0,26562.714285714286,28967.0,12990.582469803334,38139.0,0.0,24423.428571428572,27427.0,12281.028525671258,38139.0,0.0,21706.533333333333,24388.5,12571.677156741396,40855.0,0.0,22483.85965497685,22556.899167616542,0.0,-0.10407553380397594,4278.5714285714275,-0.9749279121818307,-0.22252093395628328,-0.3129000178799537,0.949786070023521,0.4338837391175006,-0.9009688679024468,-0.5943761565849813,0.8041871576214493
2011-11-14,47236.0,107.0,1416.0,28496.14285714286,23366.13333333333,2011,11,46,0,False,47236.0,14,46,11,4,2011,0,0,0,20686.0,28967.0,31299.0,21554.0,0.0,26219.428571428572,28967.0,13128.693522930886,38139.0,0.0,24476.5,27427.0,12261.76766495069,38139.0,0.0,21791.6,24388.5,12555.293337871486,40855.0,0.0,22034.394741232638,22436.19599551225,1.2834767475587352,0.5091855969839292,3485.857142857145,-0.781831482468032,0.6234898018587307,-0.2965159050905475,0.9550279147901036,-0.974927912181822,-0.2225209339563215,-0.5663619330814517,0.8241566360566669
2011-11-15,30318.0,108.0,1456.0,29060.714285714286,24088.43333333333,2011,11,46,1,False,30318.0,15,46,11,4,2011,1,0,0,47236.0,0.0,26366.0,16546.0,8649.0,28496.14285714286,28967.0,15350.275756790938,47236.0,0.0,26310.928571428572,28727.5,13635.09143837937,47236.0,0.0,23366.133333333335,25350.5,12689.386465789466,47236.0,0.0,28334.796055924482,24036.18335064049,-0.3581590312473537,0.14989000986118484,4370.4285714285725,-3.9193649417808005e-14,1.0,-0.2800440484743445,0.9599871514317777,-7.838729883561601e-14,1.0,-0.5376773767406173,0.843150661828198
2011-11-16,32955.0,130.0,1516.0,28320.14285714286,24142.966666666667,2011,11,46,2,False,32955.0,16,46,11,4,2011,2,0,0,30318.0,20686.0,38139.0,28488.0,31319.0,29060.714285714286,30318.0,15331.5375584043,47236.0,0.0,27294.64285714286,29642.5,13370.63205230109,47236.0,0.0,24088.433333333334,26144.0,12436.983578419846,47236.0,0.0,28830.59704194336,24441.461844147554,0.0869780328517713,-0.1359238574687328,3532.1428571428587,0.7818314824680541,0.6234898018587031,-0.26348932231871736,0.9646623124306366,0.9749279121818063,-0.2225209339563903,-0.5083564379375104,0.8611467540480462
2011-11-17,31596.0,137.0,1439.0,27394.0,24220.0,2011,11,46,3,False,31596.0,17,46,11,4,2011,3,0,0,32955.0,47236.0,38079.0,34314.0,29285.0,28320.14285714286,30318.0,14940.143522610157,47236.0,0.0,27613.714285714286,30808.5,13454.337787371867,47236.0,0.0,24142.966666666667,26144.0,12473.314894089955,47236.0,0.0,29861.697781457522,24990.72237033158,-0.041238051888939475,-0.17025131962499018,1412.857142857145,0.9749279121818228,-0.2225209339563177,-0.2468566254334839,0.9690520143313219,-0.43388373911756417,-0.9009688679024161,-0.4784338202547005,0.8781236129591853
2011-11-18,23921.0,108.0,1239.0,26673.14285714286,24378.1,2011,11,46,4,False,23921.0,18,46,11,4,2011,4,0,0,31596.0,30318.0,28967.0,35144.0,19178.0,27394.0,30318.0,14426.475048789052,47236.0,0.0,27419.571428571428,30808.5,13369.560027938787,47236.0,0.0,24220.0,26144.0,12513.238677772291,47236.0,0.0,30295.27333609314,25416.869314181156,-0.242910494999367,-0.17419822556702458,-51.1428571428587,0.43388373911758715,-0.9009688679024052,-0.23015087970124354,0.973154958150419,-0.78183148246807,0.6234898018586832,-0.44794493940789154,0.8940611451454874
2011-11-19,0.0,0.0,0.0,26673.14285714286,23016.266666666663,2011,11,46,5,True,0.0,19,46,11,4,2011,5,1,0,23921.0,32955.0,0.0,0.0,40855.0,26673.14285714286,30318.0,14460.803624840157,47236.0,0.0,26617.928571428572,29642.5,13206.243065973826,47236.0,0.0,24378.1,26144.0,12477.24949340557,47236.0,0.0,28701.705002069855,25320.36161649205,-1.0,0.0,110.42857142857247,-0.43388373911749706,-0.9009688679024486,-0.21337702862092797,0.9769699297608415,0.7818314824679453,0.6234898018588395,-0.41692588132873015,0.9089404873138074
2011-11-20,19107.0,100.0,1285.0,26447.571428571428,22827.2,2011,11,46,6,True,19107.0,20,46,11,4,2011,6,1,0,0.0,31596.0,20686.0,23089.0,24779.0,26673.14285714286,30318.0,14460.803624840157,47236.0,0.0,26617.928571428572,29642.5,13206.243065973826,47236.0,0.0,23016.266666666666,25350.5,12841.120261940123,47236.0,0.0,21526.27875155239,23686.789899299016,0.0,-0.0763318186212898,110.42857142857247,-0.974927912181826,-0.2225209339563043,-0.19654003584493543,0.9804958002511135,0.4338837391175394,-0.9009688679024281,-0.385413359454325,0.922744028620143
2011-11-21,25705.0,100.0,1259.0,23371.714285714286,23684.033333333333,2011,11,47,0,False,25705.0,21,47,11,4,2011,0,0,0,19107.0,23921.0,47236.0,31299.0,0.0,26447.571428571428,30318.0,14581.57233013804,47236.0,0.0,26333.5,29642.5,13330.391082900616,47236.0,0.0,22827.2,24960.0,12856.018942972549,47236.0,0.0,20921.45906366429,23391.31958321521,0.3453184696708014,-0.45581759674824285,228.14285714285506,-0.7818314824680456,0.6234898018587138,-0.179644883710313,0.9837315262594303,-0.9749279121818124,-0.22252093395636352,-0.35344467127408813,0.9354554315134163
2011-11-22,35367.0,135.0,1504.0,24093.0,24631.166666666668,2011,11,47,1,False,35367.0,22,47,11,4,2011,1,0,0,25705.0,0.0,30318.0,26366.0,6953.0,23371.714285714286,25705.0,11386.39450856862,32955.0,0.0,25933.928571428572,27666.5,13253.721866034353,47236.0,0.0,23684.033333333333,25813.5,12117.549600030337,47236.0,0.0,22117.344297748215,23540.589287523904,0.3758801789535109,0.16653473184246992,-5124.4285714285725,-6.075486085044049e-14,1.0,-0.16269657176439242,0.9866761502824085,-1.2150972170088098e-13,1.0,-0.32105765418527266,0.9470596510722278
2011-11-23,39295.0,131.0,1408.0,24998.714285714286,25076.93333333333,2011,11,47,2,False,39295.0,23,47,11,4,2011,2,0,0,35367.0,19107.0,32955.0,38139.0,25922.0,24093.0,25705.0,12040.861693970786,35367.0,0.0,26576.85714285714,29642.5,13492.459471623617,47236.0,0.0,24631.166666666668,26144.0,11872.697785061415,47236.0,0.0,25429.758223311164,24303.58352703849,0.11106398620182656,0.19238355333029888,-4967.714285714286,0.7818314824679697,0.6234898018588089,-0.14570011528535065,0.9893288009584253,0.9749279121818665,-0.2225209339561266,-0.28829064070952054,0.957542952811671
2011-11-24,26396.0,113.0,1510.0,24255.85714285714,25062.866666666665,2011,11,47,3,False,26396.0,24,47,11,4,2011,3,0,0,39295.0,25705.0,31596.0,38079.0,26818.0,24998.714285714286,25705.0,13017.409070347356,39295.0,0.0,26659.428571428572,29642.5,13571.963667877877,47236.0,0.0,25076.933333333334,26592.0,12170.155905082845,47236.0,0.0,28896.068667483374,25270.77168658439,-0.32826059295075705,-0.16457779465755162,-3321.4285714285725,0.9749279121818276,-0.22252093395629666,-0.1286605437981047,0.9916886933254689,-0.4338837391175253,-0.9009688679024349,-0.2551824131233734,0.9668929289391519
2011-11-25,18923.0,83.0,1378.0,23541.85714285714,25006.4,2011,11,47,4,False,18923.0,25,47,11,4,2011,4,0,0,26396.0,35367.0,23921.0,28967.0,20617.0,24255.85714285714,25705.0,12723.226823786626,39295.0,0.0,25824.928571428572,27681.5,13168.990063865838,47236.0,0.0,25062.866666666665,26381.0,12168.31787239625,47236.0,0.0,28271.05150061253,25343.367061643465,-0.2831110774359752,-0.20893775343840137,-3138.1428571428587,0.4338837391176065,-0.9009688679023958,-0.11158289958600157,0.9937551290534204,-0.7818314824680969,0.6234898018586494,-0.2217721575564837,0.9750985130399605
2011-11-26,0.0,0.0,0.0,23541.85714285714,23914.366666666665,2011,11,47,5,True,0.0,26,47,11,4,2011,5,1,0,18923.0,39295.0,0.0,0.0,32761.0,23541.85714285714,25705.0,12884.368234784488,39295.0,0.0,25107.5,26050.5,13257.93824178844,47236.0,0.0,25006.4,26381.0,12193.564460332169,47236.0,0.0,25934.0386254594,24929.149831860013,-1.0,0.0,-3131.2857142857174,-0.43388373911747763,-0.9009688679024579,-0.0944722361987147,0.9955274966507024,0.7818314824679184,0.6234898018588731,-0.18809941761180063,0.9821499931752286
2011-11-27,10942.0,57.0,1123.0,22375.42857142857,23479.166666666668,2011,11,47,6,True,10942.0,27,47,11,4,2011,6,1,0,0.0,26396.0,19107.0,20686.0,23998.0,23541.85714285714,25705.0,12884.368234784488,39295.0,0.0,25107.5,26050.5,13257.93824178844,47236.0,0.0,23914.366666666665,26035.5,12920.46963084582,47236.0,0.0,19450.52896909455,23320.81758464324,0.0,-0.427330297796619,-3131.2857142857174,-0.9749279121818211,-0.22252093395632533,-0.07733361695682096,0.9970052716452285,0.43388373911757827,-0.9009688679024094,-0.15420404756268666,0.9880390233767514
2011-11-28,29334.0,115.0,1442.0,22893.85714285714,24456.966666666667,2011,11,48,0,False,29334.0,28,48,11,4,2011,0,0,0,10942.0,18923.0,25705.0,47236.0,0.0,22375.428571428572,25705.0,13696.752788613097,39295.0,0.0,24411.5,26050.5,13754.37817709187,47236.0,0.0,23479.166666666668,26035.5,13135.646237422528,47236.0,0.0,17323.396726820913,22522.18419208561,1.6808627307622008,0.14117875899630428,-4072.142857142855,-0.781831482468059,0.623489801858697,-0.06017211345349499,0.9981880167396019,-0.9749279121818027,-0.22252093395640557,-0.12012616518234896,0.9927586335250794
2011-11-29,30809.0,135.0,1557.0,22242.714285714286,24819.166666666668,2011,11,48,1,False,30809.0,29,48,11,4,2011,1,0,0,29334.0,0.0,35367.0,30318.0,19943.0,22893.85714285714,26396.0,13910.79026545665,39295.0,0.0,23132.785714285714,26050.5,12215.247755153387,39295.0,0.0,24456.966666666667,26381.0,12398.742818592904,47236.0,0.0,20326.047545115685,22961.65617969299,0.050282948114815484,-0.1288772019113863,-477.85714285714494,-8.231607228307296e-14,1.0,-0.04299280405372191,0.9990753819405211,-1.6463214456614593e-13,1.0,-0.08590610426133241,0.9963032375991966
2011-11-30,28356.0,108.0,1381.0,20680.0,25045.9,2011,11,48,2,False,28356.0,30,48,11,4,2011,2,0,0,30809.0,10942.0,39295.0,32955.0,21554.0,22242.714285714286,26396.0,13323.930847842725,39295.0,0.0,23167.85714285714,26050.5,12238.147646771364,39295.0,0.0,24819.166666666668,27442.0,12421.023124285006,47236.0,0.0,22946.78565883676,23467.93642616441,-0.07961959167775645,-0.27838147346990716,-1850.2857142857138,0.7818314824679563,0.6234898018588257,-0.02580077239154163,0.999667104662347,0.974927912181876,-0.22252093395608455,-0.05158436686940928,0.9986686402879997
2011-12-01,27004.0,121.0,1252.0,20766.85714285714,25394.5,2011,12,48,3,False,27004.0,1,48,12,4,2011,3,0,0,28356.0,29334.0,26396.0,31596.0,16546.0,20680.0,26396.0,11508.403321051957,30809.0,0.0,22839.35714285714,26050.5,12014.917782663995,39295.0,0.0,25045.9,28422.0,12421.447365135331,47236.0,0.0,24299.08924412757,23783.29536641187,-0.04767950345605865,0.023033792998939262,-4318.714285714286,0.9749279121818072,-0.22252093395638647,-0.008601105865714402,0.9999630098048061,-0.43388373911769135,-0.900968867902355,-0.017201575418259094,0.9998520419557736
2011-12-02,28690.0,120.0,1314.0,22162.14285714286,25401.233333333334,2011,12,48,4,False,28690.0,2,48,12,4,2011,4,0,0,27004.0,30809.0,18923.0,23921.0,28488.0,20766.85714285714,27004.0,11560.908217329794,30809.0,0.0,22511.35714285714,26050.5,11818.552954552437,39295.0,0.0,25394.5,28422.0,12321.02000017967,47236.0,0.0,24975.316933095677,23991.082762127233,0.062435194785957604,0.5161443745706282,-3489.0,0.43388373911752354,-0.9009688679024358,0.0086011058657152,0.9999630098048061,-0.781831482467982,0.6234898018587935,0.017201575418260687,0.9998520419557735
2011-12-03,0.0,0.0,0.0,22162.14285714286,24257.43333333333,2011,12,48,5,True,0.0,3,48,12,4,2011,5,1,0,28690.0,28356.0,0.0,0.0,34314.0,22162.14285714286,28356.0,11886.099870977732,30809.0,0.0,22852.0,26700.0,11930.50559893224,39295.0,0.0,25401.233333333334,28523.0,12322.823930955645,47236.0,0.0,25903.98769982176,24294.238712957733,-1.0,0.0,-1379.7142857142826,-0.4338837391175607,-0.9009688679024179,0.02580077239154065,0.9996671046623471,0.7818314824680334,0.6234898018587292,0.05158436686940732,0.9986686402879998
2011-12-04,12296.0,66.0,1038.0,22355.571428571428,23495.83333333333,2011,12,48,6,True,12296.0,4,48,12,4,2011,6,1,0,0.0,27004.0,10942.0,19107.0,35144.0,22162.14285714286,28356.0,11886.099870977732,30809.0,0.0,22852.0,26700.0,11930.50559893224,39295.0,0.0,24257.433333333334,27680.0,13038.728242626172,47236.0,0.0,19427.990774866317,22726.868473412072,0.0,0.12374337415463343,-1379.7142857142826,-0.9749279121818163,-0.22252093395634634,0.04299280405372093,0.9990753819405213,0.43388373911761713,-0.9009688679023907,0.08590610426133045,0.9963032375991967
2011-12-05,44497.0,127.0,1767.0,24521.714285714286,24979.066666666666,2011,12,49,0,False,44497.0,5,49,12,4,2011,0,0,0,12296.0,28690.0,29334.0,25705.0,0.0,22355.571428571428,28356.0,11682.34770721967,30809.0,0.0,22365.5,26700.0,12230.073556291778,39295.0,0.0,23495.833333333332,26700.0,13048.189342172935,47236.0,0.0,17644.993081149736,22053.909217062905,2.618819128171763,0.5169087066203042,-19.857142857144936,-0.7818314824680015,0.623489801858769,0.06017211345349579,0.9981880167396018,-0.9749279121818438,-0.22252093395622594,0.12012616518235054,0.9927586335250793
2011-12-06,30377.0,115.0,1421.0,24460.0,25222.0,2011,12,49,1,False,30377.0,6,49,12,4,2011,1,0,0,44497.0,0.0,30809.0,35367.0,23089.0,24521.714285714286,28356.0,14303.628079550128,44497.0,0.0,23707.785714285714,27680.0,13581.372674357324,44497.0,0.0,24979.066666666666,27680.0,12812.167562538923,47236.0,0.0,24357.994810862303,23501.850557897556,-0.31732476346720007,-0.014021876724333748,1627.857142857145,9.809554005910592e-15,1.0,0.07733361695682177,0.9970052716452283,1.9619108011821184e-14,1.0,0.15420404756268824,0.9880390233767511
2011-12-07,41789.0,106.0,1113.0,26379.0,25571.666666666668,2011,12,49,2,False,41789.0,7,49,12,4,2011,2,0,0,30377.0,12296.0,28356.0,39295.0,31299.0,24460.0,28356.0,14272.878744901685,44497.0,0.0,23351.35714285714,27680.0,13314.71265819617,44497.0,0.0,25222.0,28523.0,12844.14844092101,47236.0,0.0,25862.74610814673,23945.408586420297,0.37567896763999076,0.4737269008322753,2217.2857142857138,0.7818314824680137,0.6234898018587537,0.09447223619871195,0.9955274966507026,0.974927912181835,-0.22252093395626418,0.18809941761179522,0.9821499931752296
2011-12-08,35010.0,120.0,1665.0,27522.714285714286,25859.8,2011,12,49,3,False,35010.0,8,49,12,4,2011,3,0,0,41789.0,44497.0,27004.0,26396.0,26366.0,26379.0,28690.0,15714.260529849937,44497.0,0.0,23529.5,27680.0,13558.883234873096,44497.0,0.0,25571.666666666668,28523.0,13154.335698854606,47236.0,0.0,29844.30958111005,25096.608032457694,-0.16221972289358444,0.2964745963560953,5699.0,0.974927912181812,-0.22252093395636546,0.1115828995860006,0.9937551290534206,-0.4338837391176525,-0.9009688679023736,0.22177215755648177,0.975098513039961
2011-12-09,57628.5,44.0,1082.0,36845.57142857143,27720.166666666668,2011,12,49,4,False,93950.0,9,49,12,4,2011,4,0,0,35010.0,30377.0,28690.0,18923.0,38139.0,27522.714285714286,30377.0,16054.982941071436,44497.0,0.0,24144.785714285714,28523.0,13890.36211622216,44497.0,0.0,25859.8,28828.5,13266.525711028456,47236.0,0.0,31135.732185832538,25736.181707783006,0.6460582690659811,1.008661554548623,6755.857142857145,0.43388373911754297,-0.9009688679024265,0.12866054379810374,0.991688693325469,-0.7818314824680088,0.6234898018587598,0.25518241312337153,0.9668929289391525
