StockCode,Description,Total_Quantity_Sold,Total_Revenue,Avg_Price,First_Sale_Date,Last_Sale_Date,Num_Orders,Num_Countries_Sold,SKU_Demand_Velocity,Return_Rate,Average_Daily_Demand,Gross_Quantity,Return_Quantity,Net_Quantity,Product_Lifespan_Days
10002,INFLATABLE POLITICAL GLOBE ,8671,6942.26,0.9791553133514985,2009-12-01,2011-04-18,362,12,38.53777777777778,0.1356928880505936,17.20436507936508,9013.0,1223.0,7790.0,504
10080,GROOVY CACTUS INFLATABLE,315,129.29,0.505,2009-12-02,2011-11-21,27,1,12.115384615384615,0.0,0.4375,597.0,0.0,597.0,720
10109,BENDY COLOUR PENCILS,4,1.68,0.42,2009-12-03,2009-12-03,1,1,4.0,0.0,4.0,0.0,0.0,0.0,1
10120,DOGGY RUBBER,664,142.74,0.24013698630136987,2009-12-01,2011-12-04,73,2,10.375,-0.003605769230769231,0.9046321525885559,-8320.0,30.0,-8350.0,734
10125,MINI FUNKY DESIGN TAPES,2103,1715.78,0.930635838150289,2009-12-01,2011-12-09,167,6,16.95967741935484,0.0,2.84573748308525,2151.0,0.0,2151.0,739
10133,COLOURING PENCILS BROWN TUBE,3837,2373.2599999999998,0.7457093425605537,2009-12-01,2011-09-07,289,8,20.409574468085108,0.005263157894736842,5.939628482972136,3800.0,20.0,3780.0,646
10134,COLOURING PENCILS BROWN TUBE,625,721.13,1.2907407407407407,2009-12-03,2010-11-12,52,4,13.88888888888889,0.016778523489932886,1.8115942028985508,596.0,10.0,586.0,345
10135,COLOURING PENCILS BROWN TUBE,4226,4566.21,1.3985626911314983,2009-12-01,2011-12-08,324,7,18.535087719298247,0.0025743037678446056,5.726287262872629,4273.0,11.0,4262.0,738
10138,ASSORTED COLOUR JUMBO PEN,261,111.22,0.4776190476190476,2009-12-02,2010-04-20,21,1,14.5,-2.9393939393939394,1.8642857142857143,-66.0,194.0,-260.0,140
11001,ASSTD DESIGN RACING CAR PEN,4829,7408.65,1.8730078125,2009-12-01,2011-12-06,251,12,25.151041666666668,0.1662231320368475,6.561141304347826,4885.0,812.0,4073.0,736
15030,FAN BLACK FRAME ,254,73.66,0.29,2009-12-13,2011-12-06,26,1,9.76923076923077,0.0,0.35082872928176795,404.0,0.0,404.0,724
15034,PAPER POCKET TRAVELING FAN ,10153,1416.2600000000002,0.357265625,2009-12-01,2011-12-08,255,10,50.51243781094527,0.1410481200077927,13.757452574525745,10266.0,1448.0,8818.0,738
15036,ASSORTED COLOURS SILK FAN,44272,32967.03,0.9932560483870967,2009-12-01,2011-12-09,991,14,102.24480369515011,0.021363688628262618,59.90798376184033,43485.0,929.0,42556.0,739
15039,SANDALWOOD FAN,5101,4345.62,1.1448376623376624,2009-12-03,2011-12-09,306,8,22.97747747747748,0.005274467669466693,6.921302578018996,5119.0,27.0,5092.0,737
16008,SMALL FOLDING SCISSOR(POINTED EDGE),3141,422.96,0.15623529411764706,2010-03-19,2011-12-09,85,8,44.23943661971831,0.0,4.977812995245642,1633.0,0.0,1633.0,631
16010,FOLDING CAMPING SCISSOR W/KNIF & S,32,3.84,0.12,2010-01-17,2011-03-28,4,1,8.0,0.0,0.07339449541284404,37.0,0.0,37.0,436
16011, ANIMAL STICKERS,3812,799.3199999999999,0.20955357142857142,2009-12-04,2011-12-07,112,3,36.304761904761904,0.006144393241167435,5.193460490463215,3906.0,24.0,3882.0,734
16012,FOOD/DRINK SPUNGE STICKERS,2901,608.01,0.2094047619047619,2009-12-02,2011-12-05,83,6,39.73972602739726,0.0,3.9523160762942777,2973.0,0.0,2973.0,734
16014,SMALL CHINESE STYLE SCISSOR,29355,9513.1,0.39526881720430107,2009-12-03,2011-12-09,93,6,337.41379310344826,0.0,39.8303934871099,30370.0,0.0,30370.0,737
16015,MEDIUM CHINESE STYLE SCISSOR,1572,711.38,0.4870769230769231,2009-12-03,2011-11-17,65,1,26.2,0.0,2.1986013986013986,1014.0,0.0,1014.0,715
16016,LARGE CHINESE STYLE SCISSOR,2314,1870.7,0.8401886792452831,2009-12-03,2011-12-09,106,7,23.612244897959183,0.0,3.1397557666214384,2338.0,0.0,2338.0,737
16033,MINI HIGHLIGHTER PENS,15121,1544.52,0.11639999999999999,2009-12-10,2011-02-17,50,6,328.7173913043478,0.037611659614480486,34.760919540229885,12762.0,480.0,12282.0,435
16043,POP ART PUSH DOWN RUBBER ,2145,180.29999999999998,0.31846153846153846,2009-12-16,2011-06-09,13,2,165.0,0.5451523545706372,3.9648798521256934,1805.0,984.0,821.0,541
16044,POP-ART FLUORESCENT PENS,6193,389.22,0.3,2010-01-07,2010-02-18,3,2,2064.3333333333335,0.0,144.02325581395348,5112.0,0.0,5112.0,43
16045,POPART WOODEN PENCILS ASST,9312,429.44,0.049600000000000005,2010-01-07,2011-12-05,74,4,150.19354838709677,0.0,13.340974212034384,4745.0,0.0,4745.0,698
16046,TEATIME PEN CASE & PENS,10056,1223.5,0.9443548387096774,2009-12-04,2011-11-28,59,2,182.83636363636364,0.4594326522515374,13.870344827586207,10082.0,4632.0,5450.0,725
16047,POP ART PEN CASE & PENS,10612,1054.7,0.9583870967741934,2009-12-01,2010-10-24,31,2,379.0,0.491514174646819,32.353658536585364,10547.0,5184.0,5363.0,328
16048,TEATIME ROUND PENCIL SHARPENER ,3461,537.06,0.40254716981132077,2009-12-07,2011-12-08,105,7,39.32954545454545,0.0,4.728142076502732,3462.0,0.0,3462.0,732
16049,TEATIME GEL PENS ASST,3169,560.48,0.381875,2009-12-04,2011-05-25,32,1,113.17857142857143,0.0,5.890334572490707,2772.0,0.0,2772.0,538
16050,TEATIME PENCIL WITH RUBBER,151,46.45,0.4,2010-02-16,2010-04-19,8,1,21.571428571428573,-0.0,2.3968253968253967,-692.0,0.0,-692.0,63
16051,TEATIME PENCIL W STAMP ASST,941,84.69,0.4325,2009-12-10,2010-06-09,4,3,235.25,0.0,5.170329670329671,599.0,0.0,599.0,182
16052,TEATIME PUSH DOWN RUBBER,848,281.32,0.5685714285714285,2009-12-16,2011-06-09,35,3,25.696969696969695,0.015852047556142668,1.567467652495379,1514.0,24.0,1490.0,541
16053,POPART COL BALLPOINT PEN ASST,4313,185.73,0.174,2010-01-07,2010-11-16,10,3,431.3,0.5264543300868649,13.735668789808917,3799.0,2000.0,1799.0,314
16054,POPART RECT PENCIL SHARPENER ASST,1210,159.0,0.17384615384615382,2010-01-07,2011-12-04,39,4,34.57142857142857,0.08925619834710743,1.7360114777618365,1210.0,108.0,1102.0,697
16119,FUNKY GIRL ADDRESS BOOK,273,130.71,1.0325,2009-12-10,2009-12-22,8,2,45.5,0.0,21.0,258.0,0.0,258.0,13
16192,PINK BALLET OPENING CUBE BOX ,3,12.899999999999999,4.3,2009-12-18,2009-12-18,1,1,3.0,-0.0,3.0,-1.0,0.0,-1.0,1
16212,FUNKY GIRLZ ASST MAGNETIC MEMO PAD,366,287.01,1.6778048780487806,2009-12-02,2010-11-12,37,3,10.457142857142857,0.0,1.0578034682080926,170.0,0.0,170.0,346
16215,FUNKY GIRLZ MAGNETIC TO DO LIST ,8,5.2,0.65,2009-12-03,2009-12-03,3,1,8.0,-0.0,8.0,-78.0,0.0,-78.0,1
16216,LETTER SHAPE PENCIL SHARPENER,4158,371.64,0.21955056179775279,2009-12-04,2011-12-07,88,2,54.0,0.026455026455026454,5.664850136239782,4158.0,110.0,4048.0,734
16218,CARTOON  PENCIL SHARPENERS,4629,448.13,0.4536734693877551,2009-12-08,2011-12-09,98,4,55.107142857142854,0.0,6.323770491803279,4632.0,0.0,4632.0,732
16219,HOUSE SHAPE PENCIL SHARPENER,3357,499.55,0.555703125,2009-12-06,2011-12-08,128,6,31.373831775700936,0.01429422275163788,4.57980900409277,3358.0,48.0,3310.0,733
16225,RATTLE SNAKE EGGS,1520,1271.66,1.5598192771084338,2009-12-01,2011-12-09,165,3,11.968503937007874,0.0,2.0568335588633286,1530.0,0.0,1530.0,739
16235,RECYCLED PENCIL WITH RABBIT ERASER,5827,1333.95,0.3089808917197452,2009-12-01,2011-12-09,310,6,26.486363636363638,-0.04350670592083742,7.884979702300406,-3057.0,133.0,-3190.0,739
16236,KITTY PENCIL ERASERS,2652,593.29,0.30335849056603775,2009-12-02,2011-12-08,260,7,13.461928934010153,0.010502625656414103,3.598371777476255,2666.0,28.0,2638.0,737
16237,SLEEPING CAT ERASERS,10385,2233.15,0.2964957264957265,2009-12-01,2011-12-09,580,8,30.816023738872403,0.008319619674529164,14.05277401894452,10938.0,91.0,10847.0,739
16238,PARTY TIME PENCIL ERASERS,2447,559.54,0.30966244725738395,2009-12-01,2011-12-08,236,7,13.519337016574585,0.0,3.3157181571815717,2525.0,0.0,2525.0,738
16239,BALLERINA HEART DECORATION.,347,492.17,2.6557142857142857,2009-12-02,2010-03-02,21,2,21.6875,0.0,3.8131868131868134,340.0,0.0,340.0,91
16254,TRANSPARENT ACRYLIC TAPE DISPENSER,941,305.66,1.2665853658536586,2010-01-11,2011-11-30,40,2,29.40625,0.0,1.3657474600870827,893.0,0.0,893.0,689
16259,PIECE OF CAMO STATIONERY SET,5473,766.09,0.14618181818181816,2009-12-07,2011-11-13,55,4,107.31372549019608,0.058109280138768434,7.741159830268741,2306.0,134.0,2172.0,707
17001,HEAVENS SCENT FRAGRANCE OILS ASSTD,1211,299.34999999999997,0.27956521739130435,2009-12-04,2011-02-28,23,2,57.666666666666664,0.0031662269129287598,2.6792035398230087,1895.0,6.0,1889.0,452
17003,BROCADE RING PURSE ,70369,14766.42,0.3027272727272727,2009-12-01,2011-12-08,456,7,233.78405315614617,0.010358342665173572,95.3509485094851,71440.0,740.0,70700.0,738
17021,NAMASTE SWAGAT INCENSE,3720,984.24,0.2949397590361446,2010-01-22,2011-12-05,76,2,53.142857142857146,0.02270081490104773,5.446559297218156,3436.0,78.0,3358.0,683
17033,"BROCADE PURSE,SMALL ARCH BUTTON",3280,867.8399999999999,0.28536231884057967,2009-12-02,2010-10-19,69,1,58.57142857142857,0.03862660944206009,10.186335403726709,932.0,36.0,896.0,322
17038,PORCELAIN BUDAH INCENSE HOLDER,2559,254.51000000000002,0.4290909090909091,2009-12-14,2011-12-09,55,2,46.527272727272724,0.0,3.524793388429752,1259.0,0.0,1259.0,726
17039,INLAID WOOD INCENSE HOLDER,3707,837.88,0.3774418604651163,2009-12-02,2010-08-09,43,2,95.05128205128206,0.0,14.768924302788845,2480.0,0.0,2480.0,251
17061,ASSORTED SHAPED STENCIL FOR HENNA,52,2.08,0.04,2009-12-07,2009-12-07,1,1,52.0,-0.0,52.0,-1146.0,0.0,-1146.0,1
17096,ASSORTED LAQUERED INCENSE HOLDERS,6240,1117.0900000000001,0.3223684210526316,2009-12-02,2011-07-19,76,2,91.76470588235294,0.0,10.487394957983193,6195.0,0.0,6195.0,595
17174,ASSTD RASTA KEY-CHAINS,36,15.120000000000001,0.42,2010-02-01,2011-11-24,7,3,6.0,0.0,0.054380664652567974,36.0,0.0,36.0,662
17178,FLAT PALM T-LIGHT HOLDER,133,156.65,1.234,2009-12-08,2010-09-16,24,1,5.782608695652174,0.0,0.46996466431095407,129.0,0.0,129.0,283
17181,CIRCLE OF FRIENDS CANDLE HOLDER,353,642.66,3.771641791044776,2009-12-01,2010-08-05,65,3,7.51063829787234,0.0,1.4233870967741935,318.0,0.0,318.0,248
18007,ESSENTIAL BALM 3.5g TIN IN ENVELOPE,11396,1043.22,0.242972972972973,2009-12-02,2011-07-20,72,6,183.80645161290323,0.27939464493597205,19.120805369127517,8590.0,2400.0,6190.0,596
18010,ASSORTED FRAGRANCE BATH CONFETTI,64,30.16,0.5566666666666666,2009-12-01,2010-01-28,9,1,8.0,-0.0,1.0847457627118644,-708.0,0.0,-708.0,59
20615,BLUE SPOTTY PASSPORT COVER,637,1077.81,2.625306122448979,2009-12-01,2011-12-08,195,4,4.423611111111111,0.0,0.8631436314363143,652.0,0.0,652.0,738
20616,CHERRY BLOSSOM PASSPORT COVER,283,449.26,2.0985123966942147,2009-12-01,2011-12-08,121,2,2.8585858585858586,0.0,0.38346883468834686,287.0,0.0,287.0,738
20617,FIRST CLASS PASSPORT COVER ,498,992.99,2.3980952380952383,2009-12-02,2011-12-08,105,9,5.242105263157895,0.0,0.6757123473541384,466.0,0.0,466.0,737
20618,QUEEN OF THE SKIES PASSPORT COVER ,297,648.54,2.278905109489051,2009-12-01,2011-12-06,137,4,2.5384615384615383,0.0,0.40353260869565216,259.0,0.0,259.0,736
20619,TROPICAL PASSPORT COVER ,578,1014.42,2.341494845360825,2009-12-01,2011-12-05,194,6,3.6815286624203822,0.0,0.7863945578231293,584.0,0.0,584.0,735
20620,RED SPOTTY PASSPORT COVER,15,61.76,4.104285714285714,2009-12-02,2010-02-03,14,1,1.3636363636363635,-0.0,0.234375,-31.0,0.0,-31.0,64
20621,ECONOMY PASSPORT COVER ,207,451.67,2.3584848484848484,2009-12-02,2010-09-02,33,2,6.67741935483871,0.0,0.7527272727272727,372.0,0.0,372.0,275
20622,VIPPASSPORT COVER ,582,1127.59,2.634453125,2009-12-01,2011-12-05,128,6,5.388888888888889,0.0,0.7918367346938775,590.0,0.0,590.0,735
20652,BLUE SPOTTY LUGGAGE TAG ,1516,1027.29,1.410635838150289,2009-12-01,2011-12-08,172,8,11.572519083969466,0.0,2.05420054200542,1453.0,0.0,1453.0,738
20653,CHERRY BLOSSOM LUGGAGE TAG,2004,528.77,1.3807407407407408,2009-12-02,2011-12-05,81,5,28.62857142857143,0.0,2.7302452316076296,1992.0,0.0,1992.0,734
20654,FIRST CLASS LUGGAGE TAG ,398,505.41,1.3760330578512396,2009-12-01,2011-12-08,120,8,3.7196261682242993,0.0,0.5392953929539296,400.0,0.0,400.0,738
20655,QUEEN OF SKIES LUGGAGE TAG,414,608.48,1.70125,2009-12-01,2011-12-04,189,4,2.7972972972972974,0.0,0.5640326975476839,421.0,0.0,421.0,734
20657,TROPICAL LUGGAGE TAG,1877,726.47,1.3230508474576272,2009-12-01,2011-11-11,118,6,19.757894736842104,0.0,2.639943741209564,1867.0,0.0,1867.0,711
20658,RED SPOTTY LUGGAGE TAG,1584,2251.36,1.6826256983240224,2009-12-01,2011-09-26,353,9,6.6,0.02330097087378641,2.381954887218045,1545.0,36.0,1509.0,665
20659,ECONOMY LUGGAGE TAG,369,533.51,1.5739285714285713,2009-12-01,2011-12-09,138,4,3.3545454545454545,0.0,0.4993234100135318,307.0,0.0,307.0,739
20660,VIP LUGGAGE TAG ,71,88.75,1.25,2009-12-01,2010-08-01,26,2,3.736842105263158,0.0,0.29098360655737704,34.0,0.0,34.0,244
20661,BLUE SPOTTY PURSE ,898,980.0600000000001,3.006048387096774,2009-12-01,2011-12-01,123,7,8.017857142857142,0.3933333333333333,1.2284541723666211,900.0,354.0,546.0,731
20662,FIRST CLASS HOLIDAY PURSE ,728,471.33000000000004,2.718571428571429,2009-12-06,2011-10-24,49,6,16.177777777777777,0.410958904109589,1.058139534883721,730.0,300.0,430.0,688
20663,QUEEN OF THE SKIES HOLIDAY PURSE ,1074,369.41,2.5777272727272726,2009-12-10,2011-10-17,44,4,26.85,0.47542533081285443,1.586410635155096,1058.0,503.0,555.0,677
20664,TROPICAL HOLIDAY PURSE ,57,155.41,2.712903225806452,2009-12-15,2011-08-30,31,1,1.9,0.0,0.09134615384615384,66.0,0.0,66.0,624
20665,RED SPOTTY PURSE ,1335,4256.34,3.8144985673352436,2009-12-01,2011-12-09,348,17,5.318725099601593,0.024150943396226414,1.8064952638700946,1325.0,32.0,1293.0,739
20666,ECONOMY HOLIDAY PURSE,911,412.45000000000005,2.408478260869565,2009-12-08,2011-07-20,46,4,21.69047619047619,0.44692737430167595,1.5440677966101695,895.0,400.0,495.0,590
20667,CHERRY BLOSSOM PURSE,40,108.69,2.6437500000000003,2009-12-17,2011-08-30,24,1,1.6666666666666667,0.0,0.06430868167202572,40.0,0.0,40.0,622
20668,DISCO BALL CHRISTMAS DECORATION,20951,2454.88,0.16567204301075267,2009-12-02,2011-12-09,367,7,102.70098039215686,0.00014370569074535351,28.38888888888889,20876.0,3.0,20873.0,738
20669,RED HEART LUGGAGE TAG,797,1111.89,1.595590909090909,2009-12-02,2011-12-09,214,7,4.502824858757062,0.0,1.0799457994579946,759.0,0.0,759.0,738
20670,VIP HOLIDAY PURSE,694,378.85,2.8625000000000003,2009-12-08,2011-11-15,48,3,15.772727272727273,0.4635958395245171,0.980225988700565,673.0,312.0,361.0,708
20671,BLUE TEATIME PRINT BOWL ,786,1038.72,1.5767832167832168,2009-12-02,2010-12-09,143,5,6.390243902439025,0.0,2.1072386058981234,658.0,0.0,658.0,373
20672,PINK TEATIME PRINT BOWL,138,201.0,1.75,2009-12-02,2010-03-05,36,2,4.6,0.0,1.4680851063829787,61.0,0.0,61.0,94
20673,STRAWBERRIES PRINT BOWL,5,6.25,1.25,2009-12-01,2009-12-03,2,1,2.5,0.0,1.6666666666666667,11.0,0.0,11.0,3
20674,GREEN SPOTTY BOWL,3412,4348.52,1.5062017167381974,2009-12-01,2011-12-08,463,16,10.33939393939394,0.004332755632582322,4.623306233062331,3462.0,15.0,3447.0,738
20675,BLUE SPOTTY BOWL,6465,8067.83,1.507034383954155,2009-12-01,2011-12-08,693,22,16.122194513715712,0.00730260155180283,8.760162601626016,6573.0,48.0,6525.0,738
20676,RED SPOTTY BOWL,10475,13105.7,1.5504423868312758,2009-12-01,2011-12-08,966,23,22.006302521008404,0.013583138173302109,14.193766937669377,10675.0,145.0,10530.0,738
20677,PINK SPOTTY BOWL,7774,9798.06,1.5826007802340702,2009-12-01,2011-12-08,760,23,18.421800947867297,0.0017703591299949419,10.533875338753388,7908.0,14.0,7894.0,738
20678,LARGE BLACK DIAMANTE HAIRSLIDE,4,6.6,1.65,2011-09-23,2011-09-23,1,1,4.0,0.0,4.0,4.0,0.0,4.0,1
20679,EDWARDIAN PARASOL RED,6149,30020.97,6.662262569832403,2009-12-01,2011-12-09,715,16,15.971428571428572,0.0030986400413152006,8.320703653585927,5809.0,18.0,5791.0,739
20680,PINK FLOWERS CHILDS UMBRELLA,6,19.5,3.25,2009-12-10,2010-01-22,4,1,1.5,-0.0,0.13636363636363635,-20.0,0.0,-20.0,44
20681,PINK SPOTTY CHILDS UMBRELLA,1405,4757.15,3.8498250728862975,2009-12-01,2011-03-10,341,15,6.78743961352657,0.02419984387197502,3.021505376344086,1281.0,31.0,1250.0,465
20682,RED SPOTTY CHILDS UMBRELLA,3068,10171.31,3.8574704890387856,2009-12-01,2011-12-08,589,19,8.790830945558739,0.018170226330889386,4.157181571815718,3137.0,57.0,3080.0,738
20683,RAIN GIRL CHILDS UMBRELLA,1,3.25,3.25,2009-12-11,2009-12-11,1,1,1.0,-0.0,1.0,-42.0,0.0,-42.0,1
20684,STRAWBERRY DREAM CHILDS UMBRELLA,580,1910.06,3.5827683615819206,2009-12-01,2011-07-22,176,8,4.055944055944056,0.023032629558541268,0.9682804674457429,521.0,12.0,509.0,599
20685,RED SPOTTY COIR DOORMAT,9783,66417.47,8.403582175925926,2009-12-01,2011-12-09,1725,19,18.25186567164179,0.009217513275222924,13.238159675236806,9981.0,92.0,9889.0,739
20686,DOLLY MIXTURE CHILDREN'S UMBRELLA,590,2002.84,3.713978494623656,2009-12-02,2011-12-08,186,8,3.831168831168831,0.01568627450980392,0.8005427408412483,510.0,8.0,502.0,737
20688,BEAUTY SPEED EXPRESSO CUPS,464,332.9,6.004545454545454,2009-12-04,2010-03-17,11,2,46.4,0.0,4.461538461538462,370.0,0.0,370.0,104
20689,RETRO SISTERS EXPRESSO CUPS,429,614.1,6.176585365853659,2009-12-07,2010-07-14,41,7,12.617647058823529,0.02586206896551724,1.95,464.0,12.0,452.0,220
20692,FLORAL ELEPHANT SOFT TOY,908,3682.76,4.892127659574468,2009-12-01,2010-09-08,139,6,9.869565217391305,0.002355712603062426,3.219858156028369,849.0,2.0,847.0,282
20693,FLORAL DINOSAUR GREEN,33,161.89000000000001,5.207777777777778,2009-12-02,2010-03-14,18,2,2.0625,0.25,0.32038834951456313,4.0,1.0,3.0,103
20694,FLORAL PINK MONSTER,166,622.33,4.398363636363636,2009-12-01,2011-11-22,54,5,3.608695652173913,0.07017543859649122,0.2299168975069252,57.0,4.0,53.0,722
20695,FLORAL BLUE MONSTER,142,604.58,4.856393442622951,2009-12-01,2011-11-17,61,4,3.227272727272727,0.03125,0.19804741980474197,128.0,4.0,124.0,717
20696,FLORAL SOFT CAR TOY,151,617.9399999999999,4.625666666666667,2009-12-02,2011-11-11,60,7,2.6491228070175437,0.0,0.21267605633802816,153.0,0.0,153.0,710
20697,LITTLE GREEN MONSTER SOFT TOY,40,96.6,2.507142857142857,2009-12-13,2011-11-23,21,1,2.0,0.0,0.05625879043600562,44.0,0.0,44.0,711
20698,LITTLE PINK MONSTER SOFT TOY,47,114.44999999999999,2.509090909090909,2010-01-17,2011-11-23,21,2,2.35,0.0,0.0695266272189349,107.0,0.0,107.0,676
20699,MOUSEY LONG LEGS SOFT TOY,294,797.9599999999999,3.062134831460674,2009-12-04,2011-12-05,88,6,4.027397260273973,0.0,0.4016393442622951,285.0,0.0,285.0,732
20700,GREEN CAT FLORAL CUSHION COVER ,420,1125.05,5.4233980582524275,2009-12-07,2011-09-28,103,3,5.384615384615385,0.006666666666666667,0.6354009077155824,300.0,2.0,298.0,661
20701,PINK CAT FLORAL CUSHION COVER ,353,721.49,4.416,2009-12-02,2011-06-30,50,3,10.382352941176471,0.0,0.6128472222222222,323.0,0.0,323.0,576
20702,PINK PADDED MOBILE,782,3296.7,4.303225806451613,2009-12-03,2011-10-26,245,17,4.159574468085107,0.013513513513513514,1.1284271284271283,814.0,11.0,803.0,693
20703,BLUE PADDED SOFT MOBILE,471,1993.47,4.2601775147928995,2009-12-01,2011-04-14,169,15,3.623076923076923,0.07289293849658314,0.942,439.0,32.0,407.0,500
20704,MR ROBOT SOFT TOY,361,1371.42,6.370875,2009-12-06,2011-12-09,80,9,5.640625,0.0110803324099723,0.49182561307901906,361.0,4.0,357.0,734
20705,MRS ROBOT SOFT TOY,273,996.19,5.42622641509434,2009-12-07,2011-12-06,53,7,5.46,0.003663003663003663,0.37397260273972605,273.0,1.0,272.0,730
20707,CRAZY DAISY HEART DECORATION,1613,1243.68,1.22405,2009-12-04,2011-12-05,199,7,10.753333333333334,0.004331683168316832,2.203551912568306,1616.0,7.0,1609.0,732
20711,JUMBO BAG TOYS ,12643,25719.13,2.726691943127962,2009-12-01,2011-12-01,1052,14,27.725877192982455,0.0030334477528538356,17.29548563611491,12527.0,38.0,12489.0,731
20712,JUMBO BAG WOODLAND ANIMALS,17710,37499.37,2.738984593837535,2009-12-01,2011-12-09,1415,20,35.850202429149796,0.014166384467772887,23.964817320703652,17718.0,251.0,17467.0,739
20713,JUMBO BAG OWLS,20814,40667.05,2.5839698113207543,2009-12-01,2011-12-09,1314,16,46.98419864559819,0.013268046122255567,28.16508795669824,18993.0,252.0,18741.0,739
20714,POSY SHOPPER BAG,1580,649.8199999999999,0.9467857142857142,2009-12-01,2010-01-12,28,2,112.85714285714286,0.0,36.74418604651163,1150.0,0.0,1150.0,43
20715,LITTLE FLOWER SHOPPER BAG,400,424.0,1.06,2010-01-07,2010-01-07,1,1,400.0,-7.2727272727272725,400.0,-55.0,400.0,-455.0,1
20716,PARTY FOOD SHOPPER BAG,1533,1925.04,1.4443373493975904,2009-12-01,2011-06-29,246,8,8.286486486486487,0.007529089664613279,2.6614583333333335,1461.0,11.0,1450.0,576
20717,STRAWBERRY SHOPPER BAG,6296,7767.48,1.5932549019607842,2009-12-04,2011-12-09,757,14,14.574074074074074,0.019709870703248186,8.554347826086957,6342.0,125.0,6217.0,736
20718,RED SPOTTY SHOPPER BAG,13353,17457.35,1.655369458128079,2009-12-01,2011-12-09,1213,18,26.080078125,0.004299799836904144,18.069012178619758,13489.0,58.0,13431.0,739
20719,WOODLAND CHARLOTTE BAG,24479,27598.42,1.1526611883691529,2009-12-01,2011-12-09,1573,18,45.75514018691589,0.005411255411255411,33.12449255751015,24948.0,135.0,24813.0,739
20721,OWLS CHARLOTTE BAG,1,0.85,0.85,2009-12-07,2009-12-07,1,1,1.0,0.0,1.0,2.0,0.0,2.0,1
20723,STRAWBERRY CHARLOTTE BAG,18296,20401.05,1.1350252343186733,2009-12-01,2011-12-09,1379,15,35.04980842911878,0.010116310522044902,24.757780784844385,18485.0,187.0,18298.0,739
20724,RED SPOTTY CHARLOTTE BAG,32197,35190.21,1.1019629810034095,2009-12-01,2011-12-09,2035,19,56.88515901060071,0.009877834877065575,43.56833558863329,32497.0,321.0,32176.0,739
20725,LUNCH BAG RED SPOTTY,40317,71106.29,2.0539255663430422,2009-12-01,2011-12-09,3056,21,67.87373737373737,0.022739485125299205,54.55615696887686,40942.0,931.0,40011.0,739
20726,LUNCH BAG WOODLAND,22118,38506.74,2.1123128205128205,2009-12-01,2011-12-09,1926,20,38.80350877192983,0.045426065162907266,29.929634641407308,22344.0,1015.0,21329.0,739
20727,LUNCH BAG  BLACK SKULL.,26678,45655.27,2.023109908409659,2009-12-01,2011-12-09,2351,19,46.075993091537136,0.044643515446435154,36.10013531799729,27126.0,1211.0,25915.0,739
20728,LUNCH BAG CARS BLUE,24596,42270.3,1.9748732663797226,2009-12-01,2011-12-09,2067,23,43.0,0.0460717749757517,33.28281461434371,24744.0,1140.0,23604.0,739
20729,RED SPOTTY CANDY BAG,5262,1778.12,1.4020661157024794,2009-12-01,2010-06-16,121,7,73.08333333333333,0.0045351473922902496,26.575757575757574,4851.0,22.0,4829.0,198
20730,STRAWBERRY CANDY BAG,2218,1011.7,1.0862745098039215,2009-12-01,2010-09-05,102,5,36.36065573770492,0.0056179775280898875,7.949820788530466,1958.0,11.0,1947.0,279
20731,POSY CANDY BAG,4142,1252.92,1.4024657534246574,2009-12-07,2011-06-20,73,3,61.82089552238806,0.012944222169922335,7.383244206773618,4249.0,55.0,4194.0,561
20733,GOLD MINI TAPE MEASURE ,1927,1452.2,0.8517627118644067,2009-12-03,2011-12-09,294,6,9.53960396039604,0.1529831718510964,2.614654002713704,1961.0,300.0,1661.0,737
20734,SILVER MINI TAPE MEASURE ,1592,1470.62,1.3161016949152542,2009-12-01,2011-04-06,117,7,15.607843137254902,0.0005980861244019139,3.2357723577235773,1672.0,1.0,1671.0,492
20735,BLACK MINI TAPE MEASURE ,1515,1540.29,1.20519801980198,2009-12-02,2011-12-06,202,2,9.967105263157896,0.0,2.061224489795918,1074.0,0.0,1074.0,735
20736,PINK MINI TAPE MEASURE ,290,233.5,0.8431578947368421,2009-12-02,2010-03-14,19,1,20.714285714285715,0.0,2.8155339805825244,485.0,0.0,485.0,103
20737,RED MINI TAPE MEASURE ,1,1.7,1.7,2009-12-02,2009-12-02,1,1,1.0,0.0,1.0,2.0,0.0,2.0,1
20738,GREEN MINI TAPE MEASURE ,1610,1301.72,0.9545945945945946,2009-12-03,2010-11-29,74,5,25.555555555555557,0.0,4.447513812154696,1454.0,0.0,1454.0,362
20739,*USB Office Glitter Lamp,1,8.65,8.65,2009-12-01,2009-12-01,1,1,1.0,0.0,1.0,1.0,0.0,1.0,1
20747,PICCADILLY TEA SET,683,9224.92,15.723703703703702,2009-12-01,2010-05-16,108,6,10.507692307692308,0.004711425206124852,4.089820359281437,849.0,4.0,845.0,167
20748,KENSINGTON COFFEE SET,1600,14266.980000000001,12.383224043715847,2009-12-01,2011-11-28,183,6,12.5,0.0,2.197802197802198,1536.0,0.0,1536.0,728
20749,ASSORTED COLOUR MINI CASES,3062,22097.61,8.091415584415586,2009-12-01,2011-12-09,766,21,7.46829268292683,0.004119138149556401,4.143437077131258,3156.0,13.0,3143.0,739
20750, RED/WHITE DOT MINI CASES,3688,26866.629999999997,8.11246170678337,2009-12-01,2011-12-09,909,25,8.232142857142858,0.0052952078369075985,4.990527740189445,3777.0,20.0,3757.0,739
20751,FUNKY WASHING UP GLOVES ASSORTED,2839,6023.26,2.3205465587044536,2009-12-01,2011-12-04,471,13,9.04140127388535,0.0010323468685478321,3.8678474114441417,2906.0,3.0,2903.0,734
20752,RETRO BLUE SPOTTY WASHING UP GLOVES,1500,2868.2000000000003,2.377765363128492,2009-12-01,2011-11-27,358,11,6.0728744939271255,0.002018842530282638,2.063273727647868,1486.0,3.0,1483.0,727
20753,RETRO PINK SPOT WASHING UP GLOVES,218,509.00000000000006,2.6607142857142856,2009-12-01,2010-01-18,56,3,10.380952380952381,-0.043478260869565216,4.448979591836735,-46.0,2.0,-48.0,49
20754,RETRO RED SPOTTY WASHING UP GLOVES,5094,10444.82,2.488578088578089,2009-12-01,2011-11-20,852,16,12.274698795180722,0.006326687116564417,7.075,5216.0,33.0,5183.0,720
20755,BLUE PAISLEY POCKET BOOK,5145,1089.73,0.9081147540983606,2009-12-07,2011-12-07,122,5,53.04123711340206,0.0,7.038303693570452,5162.0,0.0,5162.0,731
20756,GREEN FERN POCKET BOOK,5728,851.5600000000001,0.8060937499999999,2009-12-01,2011-11-22,64,4,114.56,0.0,7.933518005540166,5575.0,0.0,5575.0,722
20757,RED DAISY POCKET BOOK ,5347,890.7,0.8440506329113923,2009-12-07,2011-11-27,78,2,83.546875,0.0,7.4160887656033285,5215.0,0.0,5215.0,721
20758,ABSTRACT CIRCLES POCKET BOOK,5425,953.42,0.8189690721649484,2009-12-01,2011-12-07,95,4,72.33333333333333,0.00019241870309794111,7.3609226594301225,5197.0,1.0,5196.0,737
20759,CHRYSANTHEMUM POCKET BOOK ,5777,891.13,0.7725396825396825,2009-12-17,2011-12-07,63,3,115.54,0.0,8.0124826629681,5600.0,0.0,5600.0,721
20760,GARDEN PATH POCKET BOOK,5550,1313.66,0.7926829268292683,2009-12-04,2011-11-24,81,5,88.0952380952381,0.0,7.697642163661581,5386.0,0.0,5386.0,721
20761,BLUE PAISLEY SKETCHBOOK,458,1422.46,4.008979591836735,2009-12-01,2011-12-07,146,5,3.578125,0.00851063829787234,0.621438263229308,470.0,4.0,466.0,737
20762,GREEN FERN SKETCHBOOK ,458,1343.79,3.836102941176471,2009-12-04,2011-12-06,136,4,4.017543859649122,0.008583690987124463,0.6248294679399727,466.0,4.0,462.0,733
20763,DAISY SKETCHBOOK ,267,702.86,3.805945945945946,2009-12-07,2011-12-06,74,2,4.107692307692307,0.01486988847583643,0.36575342465753424,269.0,4.0,265.0,730
20764,ABSTRACT CIRCLES SKETCHBOOK ,685,2134.76,4.1788659793814436,2009-12-02,2011-12-08,193,6,4.691780821917808,0.005780346820809248,0.9294436906377205,692.0,4.0,688.0,737
20765,CHRYSANTHEMUM SKETCHBOOK ,442,1265.06,3.9039455782312924,2009-12-01,2011-12-05,146,2,3.7457627118644066,0.011061946902654867,0.601360544217687,452.0,5.0,447.0,735
20766,GARDEN PATH SKETCHBOOK,518,1548.47,3.951910828025478,2009-12-04,2011-12-04,155,5,4.211382113821138,0.007619047619047619,0.7086183310533516,525.0,4.0,521.0,731
20767,BLUE PAISLEY JOURNAL ,812,1741.61,2.6804469273743012,2009-12-01,2011-12-06,179,5,5.205128205128205,0.008547008547008548,1.1032608695652173,819.0,7.0,812.0,736
20768,GREEN FERN JOURNAL ,767,1534.19,2.557046979865772,2009-12-01,2011-12-06,149,3,6.235772357723577,0.0,1.0421195652173914,771.0,0.0,771.0,736
20769,DAISY JOURNAL ,438,808.81,2.561625,2009-12-07,2011-12-06,79,5,6.3478260869565215,0.0,0.6,442.0,0.0,442.0,730
20770,ABSTRACT CIRCLE JOURNAL ,1045,2190.59,2.4737623762376235,2009-12-01,2011-11-27,201,6,6.490683229813665,0.00946969696969697,1.437414030261348,1056.0,10.0,1046.0,727
20771,CHRYSANTHEMUM  JOURNAL,606,1201.6799999999998,2.5679285714285713,2009-12-01,2011-12-06,140,5,5.224137931034483,0.009538950715421303,0.8233695652173914,629.0,6.0,623.0,736
20772,GARDEN PATH JOURNAL,970,1848.73,2.5111111111111106,2009-12-02,2011-12-08,161,6,7.698412698412699,0.15487179487179487,1.316146540027137,975.0,151.0,824.0,737
20773,BLUE PAISLEY NOTEBOOK,3339,963.9799999999999,1.7422499999999999,2009-12-01,2011-09-12,117,3,34.422680412371136,0.0003013863773357444,5.129032258064516,3318.0,1.0,3317.0,651
20774,GREEN FERN NOTEBOOK,3484,962.48,1.7389999999999999,2009-12-01,2011-10-04,119,4,36.291666666666664,0.0002852253280091272,5.176820208023774,3506.0,1.0,3505.0,673
20775,DAISY NOTEBOOK ,3604,926.54,1.7398230088495574,2009-12-06,2011-12-05,112,2,40.044444444444444,0.0,4.936986301369863,3527.0,0.0,3527.0,730
20776,ABSTRACT CIRCLES NOTEBOOK,3258,832.66,1.7828235294117647,2009-12-01,2010-09-17,84,5,57.1578947368421,0.0,11.195876288659793,3259.0,0.0,3259.0,291
20777,CHRYSANTHEMUM NOTEBOOK,3660,1262.7,1.7810588235294116,2009-12-01,2011-12-09,169,6,27.938931297709924,0.0008212428141253764,4.952638700947226,3653.0,3.0,3650.0,739
20778,GARDEN PATH NOTEBOOK ,3611,944.3599999999999,1.808021978021978,2009-12-02,2011-04-26,90,4,48.14666666666667,0.000832870627429206,7.066536203522505,3602.0,3.0,3599.0,511
20780,BLACK EAR MUFF HEADPHONES,231,1333.96,6.895445544554456,2009-12-01,2011-12-08,98,5,3.1216216216216215,0.004016064257028112,0.3130081300813008,249.0,1.0,248.0,738
20781,GOLD EAR MUFF HEADPHONES,103,579.93,6.378196721311475,2009-12-04,2011-12-07,61,4,1.8070175438596492,0.05454545454545454,0.14032697547683923,110.0,6.0,104.0,734
20782,CAMOUFLAGE EAR MUFF HEADPHONES,155,995.48,6.8659770114942535,2009-12-01,2011-12-09,87,4,2.3484848484848486,0.04093567251461988,0.20974289580514208,171.0,7.0,164.0,739
20783,HEART EAR MUFF HEADPHONES,165,1051.4,7.64509090909091,2009-12-01,2010-08-16,55,3,4.125,0.03076923076923077,0.637065637065637,130.0,4.0,126.0,259
20784,RED RETRO BAR STOOL,101,3570.87,36.42621621621622,2009-12-01,2010-10-21,37,1,2.9705882352941178,0.011111111111111112,0.31076923076923074,90.0,1.0,89.0,325
20785,FUSCHIA RETRO BAR STOOL,102,3672.35,37.55945945945946,2010-01-22,2011-04-06,36,2,3.090909090909091,0.007246376811594203,0.2318181818181818,138.0,1.0,137.0,440
20786,BLACK RETRO BAR STOOL,99,3533.9,36.876875,2010-01-22,2010-10-22,31,1,3.413793103448276,0.023529411764705882,0.3613138686131387,85.0,2.0,83.0,274
20787,BLUE RETRO BAR STOOL,69,2535.1,38.021875,2010-01-17,2010-09-22,30,1,2.6538461538461537,-0.0,0.27710843373493976,-1.0,0.0,-1.0,249
20791,BLUE TILED SET OF 3 DRAWERS,5,63.75,12.75,2010-01-14,2010-01-14,1,1,5.0,2.5,5.0,2.0,5.0,-3.0,1
20793,BLUE TILED TRAY,281,518.5,8.935,2009-12-02,2011-09-08,22,2,12.772727272727273,0.018726591760299626,0.43498452012383904,267.0,5.0,262.0,646
20794,BLUE  TILE HOOK,212,591.02,3.4424489795918363,2010-01-07,2011-12-06,48,3,4.416666666666667,0.08450704225352113,0.3032904148783977,213.0,18.0,195.0,699
20795,LARGE BLUE PROVENCAL CERAMIC BALL,135,308.7,2.956896551724138,2009-12-09,2011-12-05,29,3,4.821428571428571,0.05185185185185185,0.1856946354883081,135.0,7.0,128.0,727
20796,SMALL BLUE PROVENCAL CERAMIC BALL,99,182.15999999999997,2.3495454545454546,2009-12-09,2011-11-10,22,2,4.5,0.0,0.14102564102564102,99.0,0.0,99.0,702
20798,CLEAR MILKSHAKE GLASS,551,1308.15,3.106117647058823,2009-12-01,2011-01-25,83,4,7.25,0.18018018018018017,1.3087885985748218,444.0,80.0,364.0,421
20799,PINK MILKSHAKE GLASS,200,355.33,3.1257692307692304,2009-12-01,2010-06-21,26,3,8.0,0.043478260869565216,0.9852216748768473,184.0,8.0,176.0,203
20800,LARGE GLASS SUNDAE DISH CLEAR,1005,303.96,3.618,2010-01-11,2010-03-30,5,2,201.0,0.0,12.721518987341772,979.0,0.0,979.0,79
20801,LARGE PINK GLASS SUNDAE DISH,1092,1422.0,2.2076521739130435,2010-01-18,2011-05-25,111,4,13.317073170731707,0.029038112522686024,2.2150101419878294,1102.0,32.0,1070.0,493
20802,SMALL GLASS SUNDAE DISH CLEAR,1051,1596.81,2.104051724137931,2009-12-16,2011-11-28,116,2,10.20388349514563,0.04498594189315839,1.4740532959326789,1067.0,48.0,1019.0,713
20803,SMALL PINK GLASS SUNDAE DISH,1149,874.4599999999999,1.6960714285714285,2009-12-07,2011-05-01,84,4,15.527027027027026,0.06571936056838366,2.24853228962818,1126.0,74.0,1052.0,511
20804,GLASS CHICKEN BUTTER DISH,325,579.31,2.6788524590163934,2009-12-01,2010-07-01,61,1,10.15625,0.13186813186813187,1.5258215962441315,364.0,48.0,316.0,213
20812,EMBOSSED FLOWER TRELLIS PHOTO FRAME,5,12.75,2.55,2009-12-01,2010-01-28,3,1,1.6666666666666667,-0.0,0.0847457627118644,-7.0,0.0,-7.0,59
20814,SILVER FINCH DECORATION,189,208.89000000000001,1.2061538461538461,2009-12-01,2010-02-24,13,1,18.9,0.07471264367816093,2.197674418604651,174.0,13.0,161.0,86
20816,GOLD FLOWER CUSHION COVER ,24,123.6,5.378571428571428,2010-02-04,2011-04-28,7,2,4.0,0.38461538461538464,0.053452115812917596,13.0,5.0,8.0,449
20818,GOLD TEDDY BEAR,87,268.5,4.491666666666666,2009-12-02,2011-05-04,30,3,3.107142857142857,0.0,0.1676300578034682,57.0,0.0,57.0,519
20819,SILVER TEDDY BEAR,228,631.49,3.888,2009-12-02,2011-11-30,65,9,4.071428571428571,0.0,0.31275720164609055,229.0,0.0,229.0,729
20820,SILVER LOOKING MIRROR,11,54.45,4.95,2009-12-17,2011-03-01,8,1,1.375,-0.0,0.025,-132.0,0.0,-132.0,440
20821,GOLDIE LOOKING MIRROR,42,286.42,7.882000000000001,2009-12-14,2011-11-23,25,1,1.68,-0.09929078014184398,0.059154929577464786,-141.0,14.0,-155.0,710
20822,SILVER WINE GOBLET,2,9.3,4.65,2010-02-01,2010-02-01,1,1,2.0,-0.16666666666666666,2.0,-12.0,2.0,-14.0,1
20823,GOLD WINE GOBLET,253,533.71,3.6510526315789478,2009-12-01,2011-06-09,19,1,14.882352941176471,0.025157232704402517,0.4550359712230216,159.0,4.0,155.0,556
20825,GOLD WINE GLASS,361,1255.08,6.831428571428572,2009-12-01,2010-11-14,7,1,60.166666666666664,0.022988505747126436,1.0343839541547277,261.0,6.0,255.0,349
20826,SILVER APERITIF GLASS,355,290.72,1.3478571428571429,2009-12-01,2011-05-18,14,1,25.357142857142858,0.0,0.6647940074906367,186.0,0.0,186.0,534
20827,GOLD APERITIF GLASS,173,209.36,1.63375,2009-12-01,2011-04-21,8,1,21.625,0.0,0.34122287968441817,60.0,0.0,60.0,507
20828,GLITTER BUTTERFLY CLIPS,4423,10940.48,2.935849358974359,2009-12-01,2011-12-08,607,6,12.084699453551913,0.006694934166480696,5.993224932249323,4481.0,30.0,4451.0,738
20829,GLITTER HANGING BUTTERFLY STRING,4820,9825.02,2.4219755600814663,2009-12-01,2011-12-08,481,4,15.205047318611987,0.22577319587628866,6.531165311653116,4850.0,1095.0,3755.0,738
20830,SILVER PHOTO FRAME,407,964.61,2.990722891566265,2009-12-01,2011-10-02,82,3,5.5,0.04365079365079365,0.6065573770491803,252.0,11.0,241.0,671
20831,GOLD PHOTO FRAME,474,927.96,2.722625,2009-12-01,2011-12-09,79,5,6.493150684931507,0.0125,0.6414073071718539,480.0,6.0,474.0,739
20832,RED FLOCK LOVE HEART PHOTO FRAME,1681,1122.6499999999999,0.9326415094339622,2009-12-01,2011-12-09,158,2,13.448,0.0047789725209080045,2.2746955345060895,1674.0,8.0,1666.0,739
20833,SHAKER THROW  QUILTED,52,811.8,27.630000000000003,2009-12-06,2010-03-09,5,1,10.4,0.024390243902439025,0.5531914893617021,41.0,1.0,40.0,94
20835,FRENCH LATTICE CUSHION COVER ,80,87.02,2.87,2010-03-03,2011-11-10,10,2,8.0,0.0,0.12944983818770225,81.0,0.0,81.0,618
20836,FRENCH PAISLEY CUSHION COVER,224,250.0,1.1209090909090909,2010-03-02,2011-11-24,22,2,10.666666666666666,0.10714285714285714,0.353870458135861,224.0,24.0,200.0,633
20837,FRENCH FLORAL CUSHION COVER ,165,188.07,1.1844444444444444,2009-12-04,2011-11-20,18,3,10.3125,0.0,0.2301255230125523,165.0,0.0,165.0,717
20838,FRENCH LATTICE CUSHION COVER ,446,565.8,1.9461904761904762,2010-02-14,2011-12-05,63,4,8.10909090909091,0.026905829596412557,0.6757575757575758,446.0,12.0,434.0,660
20839,FRENCH PAISLEY CUSHION COVER ,633,1018.11,2.5029661016949154,2009-12-07,2011-12-08,118,5,6.956043956043956,0.0,0.8647540983606558,562.0,0.0,562.0,732
20840,FRENCH FLORAL CUSHION COVER ,885,1419.09,2.1470212765957446,2009-12-18,2011-12-08,93,6,11.493506493506494,0.2558411214953271,1.2274618585298196,856.0,219.0,637.0,721
20845,ZINC HEART LATTICE 2 WALL PLANTER,76,502.27,7.169583333333333,2009-12-02,2011-08-16,24,2,3.3043478260869565,0.0,0.12199036918138041,71.0,0.0,71.0,623
20846,ZINC HEART LATTICE T-LIGHT HOLDER,1453,1956.81,1.5538728323699422,2009-12-14,2011-12-07,169,7,10.762962962962963,0.0,2.0069060773480665,1471.0,0.0,1471.0,724
20847,ZINC HEART LATTICE CHARGER LARGE,80,334.35,4.747407407407407,2009-12-03,2011-11-25,27,3,3.076923076923077,0.012345679012345678,0.11065006915629322,81.0,1.0,80.0,723
20848,ZINC HEART LATTICE CHARGER SMALL,39,115.05000000000001,2.9500000000000006,2009-12-10,2011-11-06,12,1,3.25,0.0,0.05595408895265423,31.0,0.0,31.0,697
20849,ZINC HEART LATTICE DOUBLE PLANTER,674,593.03,4.047083333333333,2009-12-07,2010-11-21,24,2,32.095238095238095,0.0,1.9257142857142857,693.0,0.0,693.0,350
20850,ZINC HEART LATTICE PLANTER BOWL,820,713.8000000000001,2.8434782608695657,2010-01-06,2010-11-11,23,2,39.04761904761905,0.0,2.6451612903225805,817.0,0.0,817.0,310
20851,ZINC HEART LATTICE TRAY OVAL ,335,429.57,5.966206896551724,2009-12-08,2011-04-27,28,2,11.964285714285714,0.006535947712418301,0.6620553359683794,306.0,2.0,304.0,506
20854,BLUE PATCH PURSE PINK HEART,441,711.3699999999999,1.6635185185185184,2009-12-03,2011-02-20,107,4,4.793478260869565,0.039473684210526314,0.9910112359550561,380.0,15.0,365.0,445
20855,PINK PATCH PURSE BLUE HEART,142,234.29999999999998,1.65,2009-12-03,2010-09-15,47,3,3.227272727272727,0.01639344262295082,0.49477351916376305,61.0,1.0,60.0,287
20856,DENIM PATCH PURSE PINK BUTTERFLY,408,674.0899999999999,1.6599999999999997,2009-12-06,2011-08-09,122,6,3.8857142857142857,0.04680851063829787,0.6666666666666666,235.0,11.0,224.0,612
20857,BLUE ROSE PATCH PURSE PINK BUTTERFL,249,410.84999999999997,1.65,2009-12-06,2011-02-17,73,5,3.661764705882353,0.0761904761904762,0.5671981776765376,210.0,16.0,194.0,439
20858,SILVER PURSE GOLD PINK BUTTERFLY,4,6.6,1.65,2009-12-14,2009-12-14,1,1,4.0,-0.0,4.0,-24.0,0.0,-24.0,1
20860,GOLD COSMETICS BAG WITH BUTTERFLY,20,42.0,2.1,2010-04-08,2010-12-13,11,1,1.8181818181818181,-0.0,0.08,-5.0,0.0,-5.0,250
20861,GOLD COSMETIC BAG PINK STAR,46,96.60000000000001,2.1,2009-12-03,2010-12-10,16,2,2.875,0.0,0.12332439678284182,34.0,0.0,34.0,373
20862,PINK PATCH PENCIL CASE BLUE HEART,325,691.1400000000001,2.6216216216216215,2009-12-02,2010-06-30,37,4,10.483870967741936,0.002976190476190476,1.5402843601895735,336.0,1.0,335.0,211
20863,BLUE PATCH PENCIL CASE PINK HEART,293,601.53,2.4202,2009-12-01,2010-08-15,50,4,6.369565217391305,0.0041841004184100415,1.1356589147286822,239.0,1.0,238.0,258
20864,DENIM PATCH PENCIL CASE BUTTERFLY,252,498.14,2.2,2009-12-06,2010-10-24,29,4,9.333333333333334,0.00425531914893617,0.7801857585139319,235.0,1.0,234.0,323
20865,PATCHWORK PENCIL CASE BUTTERFLY ,251,500.49,2.196060606060606,2009-12-01,2010-06-30,33,4,8.366666666666667,0.36283185840707965,1.1839622641509433,226.0,82.0,144.0,212
20866,BLUE ROSE FABRIC MIRROR,1280,1368.91,1.4857591623036648,2009-12-01,2011-12-08,191,9,9.481481481481481,0.11352885525070956,1.7344173441734418,1057.0,120.0,937.0,738
20867,PINK ROSE FABRIC MIRROR,1098,1093.14,1.3800645161290321,2009-12-01,2011-12-06,153,9,9.547826086956523,0.0,1.4918478260869565,870.0,0.0,870.0,736
20868,SILVER FABRIC MIRROR,882,518.07,0.9214084507042254,2009-12-06,2011-12-08,71,4,15.206896551724139,0.0,1.2032742155525238,882.0,0.0,882.0,733
20869,GOLD FABRIC MIRROR,529,295.12,0.9422222222222223,2009-12-02,2011-12-08,53,4,11.25531914893617,0.0,0.7177747625508819,530.0,0.0,530.0,737
20870,OPULENT VELVET CANDLE IN BOX,29,52.2,2.9214285714285713,2009-12-01,2009-12-22,7,1,4.833333333333333,0.5,1.3181818181818181,2.0,1.0,1.0,22
20871,OPULENT VELVET SET/3 CANDLES,1273,1978.0500000000002,2.688372093023256,2009-12-02,2010-12-14,127,5,16.11392405063291,0.0019120458891013384,3.367724867724868,1046.0,2.0,1044.0,378
20877,MODERN CHRISTMAS BAUBLE CANDLE ,12,5.04,0.42000000000000004,2009-12-10,2009-12-18,5,1,2.4,-0.0,1.3333333333333333,-22.0,0.0,-22.0,9
20878,SET/9 CHRISTMAS T-LIGHTS SCENTED ,737,952.51,1.4786206896551723,2009-12-02,2010-12-05,85,2,13.4,0.0,1.997289972899729,710.0,0.0,710.0,369
20879,TREE OF NOAH FESTIVE SCENTED CANDLE,57,67.8,1.8027272727272725,2009-12-04,2009-12-22,11,1,7.125,2.4,3.0,40.0,96.0,-56.0,19
20881,MODERN CHRISTMAS TREE CANDLE,3,2.55,0.85,2009-12-10,2009-12-16,2,1,1.5,-0.0,0.42857142857142855,-10.0,0.0,-10.0,7
20882,MODERN CHRISTMAS TREE CANDLE,3,8.850000000000001,2.95,2009-12-13,2009-12-16,2,1,1.5,-0.0,0.75,-19.0,0.0,-19.0,4
20884,MODERN CHRISTMAS TREE CANDLE ,3,6.300000000000001,2.1,2009-12-10,2009-12-18,3,1,1.0,0.0,0.3333333333333333,8.0,0.0,8.0,9
20885,BOX OF 3 PEBBLE CANDLES,1,2.95,2.95,2009-12-22,2009-12-22,1,1,1.0,-0.05555555555555555,1.0,-18.0,1.0,-19.0,1
20886,BOX OF 9 PEBBLE CANDLES,1777,3540.22,2.387220447284345,2009-12-01,2011-11-07,308,8,7.692640692640692,0.0034522439585730723,2.5134370579915135,1738.0,6.0,1732.0,707
20887,BOX OF 6 PEBBLE CANDLES,18,118.39,5.615,2009-12-01,2009-12-22,8,1,3.6,0.0,0.8181818181818182,33.0,0.0,33.0,22
20888,SET 3 JARDIN DE FEMME SCENT CANDLES,367,547.74,3.8852631578947374,2009-12-01,2010-03-26,19,2,21.58823529411765,0.0,3.163793103448276,326.0,0.0,326.0,116
20889,JARDIN DE FEMME SCENTED CANDLE,657,398.03999999999996,2.3376923076923077,2009-12-02,2010-03-26,13,3,59.72727272727273,0.0,5.71304347826087,620.0,0.0,620.0,115
20890,SMALL GLASS ROSE SCENTED CANDLE,605,202.62,2.9925,2010-01-21,2010-04-19,4,1,151.25,0.0,6.797752808988764,575.0,0.0,575.0,89
20891,LARGE GLASS ROSE SCENTED CANDLE ,684,236.32999999999998,8.126666666666667,2010-01-12,2010-04-19,3,1,228.0,0.0,6.979591836734694,599.0,0.0,599.0,98
20892,SET/3 TALL GLASS CANDLE HOLDER PINK,102,1095.35,16.152894736842104,2009-12-01,2010-12-21,38,3,2.8333333333333335,0.525,0.26424870466321243,40.0,21.0,19.0,386
20893,HANGING BAUBLE T-LIGHT HOLDER SMALL,559,1308.5900000000001,2.886455696202532,2009-12-03,2011-12-04,76,3,7.763888888888889,0.3475177304964539,0.7636612021857924,423.0,147.0,276.0,732
20894,HANGING BAUBLE T-LIGHT HOLDER LARGE,267,827.3000000000001,3.453625,2009-12-01,2011-12-01,79,2,3.7083333333333335,0.02127659574468085,0.3652530779753762,282.0,6.0,276.0,731
20895,VINTAGE NOTEBOOK FRENCH LETTER ,16,47.20000000000001,2.95,2009-12-08,2010-02-02,4,1,4.0,-0.0,0.2807017543859649,-18.0,0.0,-18.0,57
20896,VINTAGE NOTEBOOK PINK FLOWER,39,115.05000000000001,2.95,2009-12-09,2010-08-18,14,2,2.7857142857142856,0.0,0.1541501976284585,20.0,0.0,20.0,253
20897,VINTAGE NOTEBOOK PARIS DAYS,351,848.7,3.8476,2009-12-01,2011-08-30,75,4,5.4,0.05625,0.5501567398119123,320.0,18.0,302.0,638
20898,VINTAGE NOTEBOOK TRAVELOGUE,327,693.9200000000001,3.1941818181818182,2009-12-04,2011-10-23,53,4,6.8125,0.020477815699658702,0.4746008708272859,293.0,6.0,287.0,689
20899,VINTAGE NOTEBOOK RED ROSE,44,129.8,2.95,2009-12-09,2010-05-16,12,1,4.0,0.0,0.27672955974842767,48.0,0.0,48.0,159
20901,VINTAGE KEEPSAKE BOX PINK FLOWER,91,806.58,9.474626865671642,2009-12-01,2011-11-14,67,3,1.5964912280701755,0.021739130434782608,0.12745098039215685,92.0,2.0,90.0,714
20902,VINTAGE KEEPSAKE BOX PARIS DAYS,206,1525.22,9.306034482758621,2009-12-03,2011-08-10,116,6,2.080808080808081,0.0,0.3344155844155844,209.0,0.0,209.0,616
20903,VINTAGE KEEPSAKE BOX TRAVELOGUE,187,919.8,7.181046511627907,2009-12-01,2011-10-23,86,4,2.493333333333333,0.00641025641025641,0.2702312138728324,156.0,1.0,155.0,692
20905,VINTAGE KEEPSAKE BOX BEAUTY GIRL,10,63.5,6.35,2009-12-02,2010-01-28,4,1,2.5,-0.0,0.1724137931034483,-2.0,0.0,-2.0,58
20906,VINTAGE NOTEBOOK BEAUTY GIRL,101,368.24,4.0925,2009-12-02,2011-04-03,47,2,2.8055555555555554,-0.0,0.2069672131147541,-4.0,0.0,-4.0,488
20910,VINTAGE PHOTO ALBUM PARIS DAYS,106,769.12,8.377872340425531,2009-12-03,2010-12-16,47,2,2.3043478260869565,0.0,0.2796833773087071,97.0,0.0,97.0,379
20913,SET/5 BLUE SPOTTY LID GLASS BOWLS,314,898.7199999999999,3.8030232558139536,2009-12-01,2010-01-17,43,2,15.7,0.0,6.541666666666667,163.0,0.0,163.0,48
20914,SET/5 RED SPOTTY LID GLASS BOWLS,18670,52508.560000000005,3.225493707647628,2009-12-01,2011-12-09,2030,19,32.92768959435626,0.02159336888231878,25.2638700947226,18941.0,409.0,18532.0,739
20931,BLUE POT PLANT CANDLE ,673,2238.07,4.795632911392405,2009-12-07,2011-12-09,157,6,5.2578125,0.03994082840236687,0.9181446111869032,676.0,27.0,649.0,733
20932,PINK POT PLANT CANDLE,333,1143.97,4.717530864197531,2009-12-10,2011-12-08,81,4,4.44,0.05089820359281437,0.4567901234567901,334.0,17.0,317.0,729
20933,YELLOW POT PLANT CANDLE,505,1329.4900000000002,4.1007547169811325,2009-12-02,2011-12-08,52,2,11.222222222222221,0.0,0.6852103120759837,497.0,0.0,497.0,737
20934,SET/3 POT PLANT CANDLES,197,1185.07,7.268000000000001,2009-12-02,2011-11-04,74,4,3.126984126984127,0.11904761904761904,0.2802275960170697,168.0,20.0,148.0,703
20935,ROUND CACTUS CANDLE,300,574.48,3.0772340425531914,2009-12-08,2011-11-16,46,1,6.976744186046512,0.022641509433962263,0.4231311706629055,265.0,6.0,259.0,709
20936,FORKED CACTUS CANDLE,333,843.3900000000001,3.6732894736842105,2009-12-06,2011-12-09,76,2,4.757142857142857,0.029239766081871343,0.4536784741144414,342.0,10.0,332.0,734
20939,ORANGE CANDLE,12,10.2,0.85,2009-12-11,2009-12-11,1,1,12.0,-0.0,12.0,-5.0,0.0,-5.0,1
20940,SET/6 GARDEN GNOME T-LIGHT CANDLES,118,342.75,3.475454545454546,2009-12-01,2009-12-13,22,2,11.8,0.4864864864864865,9.076923076923077,74.0,36.0,38.0,13
20941,FROG CANDLE,998,896.28,1.7728799999999998,2009-12-01,2011-07-06,124,5,10.288659793814434,0.04840370751802266,1.711835334476844,971.0,47.0,924.0,583
20942,SET/6 GINGERBREAD TREE T-LIGHTS,6,7.5,1.25,2009-12-01,2009-12-22,4,1,2.0,-0.5,0.2727272727272727,-2.0,1.0,-3.0,22
20943,SET/6 GINGERBREAD STAR T-LIGHTS,381,540.21,1.6716901408450704,2009-12-01,2010-10-22,71,5,8.466666666666667,0.002793296089385475,1.1687116564417177,358.0,1.0,357.0,326
20950,SET/6  ANGEL T-LIGHTS WHITE/GOLD,687,353.39,0.7546428571428571,2009-12-02,2010-11-28,83,3,10.904761904761905,0.0,1.8977900552486189,673.0,0.0,673.0,362
20952,PORCELAIN CHERUB BELL SMALL,329,150.72,0.6812499999999999,2009-12-10,2010-11-23,24,3,14.954545454545455,0.3784570596797671,0.9426934097421203,687.0,260.0,427.0,349
20953,PORCELAIN CHERUB BELL LARGE,33,54.449999999999996,1.65,2010-03-19,2010-11-29,9,2,3.6666666666666665,0.0,0.12890625,26.0,0.0,26.0,256
20954,*USB Office Mirror Ball,3,25.590000000000003,8.530000000000001,2009-12-02,2010-12-17,3,1,1.5,-0.0,0.007874015748031496,-1.0,0.0,-1.0,381
20956,PORCELAIN T-LIGHT HOLDERS ASSORTED,2338,3083.82,1.7566390041493773,2009-12-01,2011-12-06,236,2,13.834319526627219,0.021834061135371178,3.176630434782609,1374.0,30.0,1344.0,736
20957,PORCELAIN HANGING BELL SMALL,126,184.60999999999999,1.5773333333333333,2010-04-11,2010-11-29,15,3,8.4,0.011695906432748537,0.5407725321888412,171.0,2.0,169.0,233
20958,PORCELAIN HANGING BELL LARGE,38,70.5,1.92,2010-03-26,2010-11-29,10,1,3.8,-0.0,0.15261044176706828,-63.0,0.0,-63.0,249
20960,WATERMELON BATH SPONGE,1900,2550.84,1.6572018348623851,2009-12-01,2011-03-07,215,7,12.666666666666666,0.0,4.112554112554113,1790.0,0.0,1790.0,462
20961,STRAWBERRY BATH SPONGE ,3530,4687.65,1.7074903474903476,2009-12-01,2011-12-09,514,13,11.387096774193548,0.01927252985884908,4.776725304465494,3684.0,71.0,3613.0,739
20963,APPLE BATH SPONGE,3459,4676.15,1.7628349514563106,2009-12-01,2011-12-09,509,12,11.415841584158416,0.0027427317608337905,4.680649526387009,3646.0,10.0,3636.0,739
20964,POLYESTER FILLER PAD 60x40cm,20,50.99999999999999,2.55,2009-12-01,2011-05-06,6,2,3.3333333333333335,0.0,0.038314176245210725,22.0,0.0,22.0,522
20966,SANDWICH BATH SPONGE,3007,4265.24,1.7994339622641509,2009-12-01,2011-08-24,420,9,12.795744680851064,0.00035435861091424523,4.757911392405063,2822.0,1.0,2821.0,632
20967,GREY FLORAL FELTCRAFT SHOULDER BAG,1055,3997.34,3.9911999999999996,2009-12-01,2011-10-26,296,11,5.672043010752688,0.018726591760299626,1.5179856115107915,1068.0,20.0,1048.0,695
20968,GREEN FLORAL FELTCRAFT SHOULDER BAG,43,185.11,4.749499999999999,2009-12-01,2010-01-12,19,1,3.3076923076923075,-0.0,1.0,-72.0,0.0,-72.0,43
20969,RED FLORAL FELTCRAFT SHOULDER BAG,3237,12066.52,4.244845528455285,2009-12-01,2011-12-08,613,11,9.409883720930232,0.08773527625986642,4.3861788617886175,3294.0,289.0,3005.0,738
20970,PINK FLORAL FELTCRAFT SHOULDER BAG,2490,9387.29,4.142339688041595,2009-12-01,2011-12-09,574,12,7.661538461538462,0.001177856301531213,3.3694181326116373,2547.0,3.0,2544.0,739
20971,PINK BLUE FELT CRAFT TRINKET BOX,22260,28580.97,1.4093723129836628,2009-12-01,2011-12-09,1148,16,47.061310782241016,0.17088691502054884,30.121786197564276,22629.0,3867.0,18762.0,739
20972,PINK CREAM FELT CRAFT TRINKET BOX ,20496,24785.31,1.4045074415308292,2009-12-01,2011-12-09,1397,18,40.10958904109589,0.07210635325851356,27.734776725304467,20761.0,1497.0,19264.0,739
20973,12 PENCIL SMALL TUBE WOODLAND,9863,6773.950000000001,0.7815611192930781,2010-03-17,2011-12-09,658,14,33.320945945945944,0.0008925914906277894,15.581358609794629,10083.0,9.0,10074.0,633
20974,12 PENCILS SMALL TUBE SKULL,13219,8686.54,0.7466,2009-12-01,2011-12-09,822,12,31.776442307692307,0.04513607198170957,17.887686062246278,13559.0,612.0,12947.0,739
20975,12 PENCILS SMALL TUBE RED SPOTTY,18099,11848.710000000001,0.7395263724434876,2009-12-01,2011-12-08,902,17,46.289002557544755,0.08003669922823682,24.524390243902438,18529.0,1483.0,17046.0,738
20976,12 PENCILS SMALL TUBE POSY,549,376.34000000000003,0.748421052631579,2009-12-02,2010-10-04,76,3,8.318181818181818,0.0,1.788273615635179,538.0,0.0,538.0,307
20977,36 PENCILS TUBE WOODLAND,3792,5069.99,1.5680981595092023,2009-12-01,2011-11-07,485,17,12.514851485148515,0.0208105147864184,5.363507779349363,3652.0,76.0,3576.0,707
20978,36 PENCILS TUBE SKULLS,4117,5438.57,1.586796460176991,2009-12-01,2011-12-09,557,12,12.475757575757576,0.004323804948354552,5.571041948579161,4163.0,18.0,4145.0,739
20979,36 PENCILS TUBE RED SPOTTY,8156,10271.81,1.569535864978903,2009-12-01,2011-12-09,709,19,20.44110275689223,0.04745102810560895,11.036535859269282,8219.0,390.0,7829.0,739
20980,36 PENCILS TUBE POSY,233,282.31,1.4045762711864407,2009-12-01,2011-08-08,58,2,4.39622641509434,0.041474654377880185,0.3782467532467532,217.0,9.0,208.0,616
20981,12 PENCILS TALL TUBE WOODLAND,4718,4069.16,0.9629126213592233,2009-12-01,2011-12-09,513,19,14.606811145510836,0.016520284399832705,6.384303112313938,4782.0,79.0,4703.0,739
20982,12 PENCILS TALL TUBE SKULLS,4851,4243.8,0.9613333333333334,2009-12-01,2011-12-09,576,13,14.972222222222221,0.00588474025974026,6.564276048714479,4928.0,29.0,4899.0,739
20983,12 PENCILS TALL TUBE RED SPOTTY,6280,5469.08,0.9568348623853211,2009-12-01,2011-12-09,641,16,16.972972972972972,0.004888047934405551,8.497970230040595,6342.0,31.0,6311.0,739
20984,12 PENCILS TALL TUBE POSY,5867,1940.9599999999998,0.5354581673306773,2009-12-01,2011-10-17,245,14,36.440993788819874,0.03576751117734724,8.552478134110787,6039.0,216.0,5823.0,686
20985,HEART CALCULATOR,2370,3047.99,1.5422333333333333,2009-12-02,2011-12-09,291,12,10.871559633027523,0.01837160751565762,3.2113821138211383,2395.0,44.0,2351.0,738
20986,BLUE CALCULATOR RULER,1217,1530.95,1.554354066985646,2009-12-02,2011-12-09,204,5,7.902597402597403,0.0,1.6490514905149052,1251.0,0.0,1251.0,738
20987,GEISHA GIRL CHOPSTICKS SET/5,131,288.35,3.0181818181818185,2009-12-01,2009-12-22,22,1,14.555555555555555,0.0,5.954545454545454,11.0,0.0,11.0,22
20988,TRELLIS FLOWER CHOPSTICKS SET/5,24,46.8,1.9500000000000002,2009-12-02,2010-02-28,9,1,3.0,-0.0,0.2696629213483146,-2.0,0.0,-2.0,89
20989,URBAN CHIC CHOPSTICKS SET/5,407,782.18,2.269824561403509,2009-12-01,2010-03-17,57,2,10.435897435897436,0.0055248618784530384,3.803738317757009,362.0,2.0,360.0,107
20990,SPRING FLOWER CHOPSTICKS SET/5,895,1706.1399999999999,2.2476415094339623,2009-12-02,2010-06-13,103,3,12.094594594594595,0.001026694045174538,4.61340206185567,974.0,1.0,973.0,194
20991,JAZZ HEARTS MAGNETIC MEMO PAD,7084,884.5600000000002,0.9515625000000001,2009-12-01,2010-02-19,32,4,308.0,0.0,87.45679012345678,6950.0,0.0,6950.0,81
20992,JAZZ HEARTS PURSE NOTEBOOK,6151,3220.4,0.6853215077605321,2009-12-01,2011-12-08,433,6,22.44890510948905,0.0,8.33468834688347,6224.0,0.0,6224.0,738
20993,JAZZ HEARTS MEMO PAD,10967,1334.1100000000001,0.8425,2009-12-04,2010-03-09,32,3,421.8076923076923,0.0,114.23958333333333,10853.0,0.0,10853.0,96
20994,JAZZ HEARTS SPIRAL NOTEPAD,47,39.949999999999996,0.85,2009-12-01,2010-01-25,12,1,4.7,0.0,0.8392857142857143,21.0,0.0,21.0,56
20996,JAZZ HEARTS ADDRESS BOOK,6311,1686.79,0.37842261904761904,2009-12-02,2011-12-08,335,5,27.67982456140351,0.0022071574964527825,8.563093622795115,6343.0,14.0,6329.0,737
20997,ROSE DU SUD CUSHION COVER ,170,796.74,4.718433734939759,2009-12-08,2011-12-08,83,6,2.328767123287671,0.0,0.23255813953488372,170.0,0.0,170.0,731
20998,ROSE DU SUD OVEN GLOVE,324,942.2600000000001,2.9443307086614174,2009-12-02,2011-10-14,127,8,2.8672566371681416,0.0,0.4750733137829912,321.0,0.0,321.0,682
21000,ROSE DU SUD COSMETICS BAG,690,1744.98,3.76,2009-12-03,2011-12-09,94,9,8.214285714285714,0.0,0.9362279511533242,655.0,0.0,655.0,737
21001,ROSE DU SUD WASHBAG ,141,717.8000000000001,4.899222222222222,2009-12-16,2011-12-08,90,7,1.8076923076923077,0.0,0.1950207468879668,149.0,0.0,149.0,723
21002,ROSE DU SUD DRAWSTRING BAG,417,1507.22,3.536141304347826,2009-12-21,2011-10-23,184,9,3.0437956204379564,0.0,0.6205357142857143,429.0,0.0,429.0,672
21003,ROSE DU SUD CUSHION COVER,109,647.75,5.928125,2010-03-02,2011-12-08,64,4,2.056603773584906,0.0,0.16846986089644514,109.0,0.0,109.0,647
21004,ROSE DU SUD CHILDS APRON,137,625.07,4.793943661971831,2009-12-01,2010-11-05,70,4,2.283333333333333,0.0,0.40294117647058825,63.0,0.0,63.0,340
21007,ETCHED GLASS DROPLET DECORATION,1927,914.6700000000001,1.18,2009-12-02,2010-09-23,48,2,58.39393939393939,0.0,6.510135135135135,1811.0,0.0,1811.0,296
21008,ETCHED GLASS HEART TREE DECORATION,1,2.51,2.51,2010-02-01,2010-02-01,1,1,1.0,-0.0,1.0,-18.0,0.0,-18.0,1
21009,ETCHED GLASS STAR TREE DECORATION,1047,1494.99,1.4825714285714284,2009-12-02,2010-12-17,102,3,19.036363636363635,0.016129032258064516,2.748031496062992,930.0,15.0,915.0,381
21010,ETCHED GLASS BIRD TREE DECORATION,850,1114.76,1.478705882352941,2009-12-02,2010-10-24,83,4,15.178571428571429,0.015037593984962405,2.599388379204893,798.0,12.0,786.0,327
21011,GLITTER SNOW PEAR TREE DECORATION,1840,1373.8,1.2534920634920634,2009-12-02,2010-12-21,118,3,25.205479452054796,0.0016402405686167304,4.779220779220779,1829.0,3.0,1826.0,385
21012,ANTIQUE ALL GLASS CANDLESTICK,2297,4293.7,2.332857142857143,2009-12-01,2011-12-09,299,3,10.834905660377359,0.0021141649048625794,3.108254397834912,2365.0,5.0,2360.0,739
21014,SWISS CHALET TREE DECORATION ,1850,928.0899999999999,0.8054123711340206,2009-12-01,2011-11-23,189,5,15.163934426229508,0.0005305039787798408,2.5587828492392806,1885.0,1.0,1884.0,723
21015,DARK BIRD HOUSE TREE DECORATION,1700,771.7299999999999,0.7685106382978723,2009-12-01,2011-12-09,186,6,14.655172413793103,0.0023228803716608595,2.300405953991881,1722.0,4.0,1718.0,739
21016,LIGHT BIRD HOUSE TREE DECORATION,834,582.85,0.9679310344827585,2009-12-01,2010-11-26,82,4,15.735849056603774,0.00516795865633075,2.3102493074792245,774.0,4.0,770.0,361
21017,RED BIRD HOUSE TREE DECORATION,659,535.89,1.354942528735632,2009-12-01,2010-11-19,87,3,11.362068965517242,0.0,1.8615819209039548,494.0,0.0,494.0,354
21018,BIRD BOX CHRISTMAS TREE DECORATION,213,182.70999999999998,0.8877272727272728,2009-12-01,2010-12-17,42,2,5.916666666666667,0.0,0.5575916230366492,349.0,0.0,349.0,382
21025,SPACE FROG,300,396.12,1.520864197530864,2009-12-01,2011-12-06,81,4,4.477611940298507,0.0,0.4076086956521739,314.0,0.0,314.0,736
21026,SPACE OWL,549,716.73,1.63304,2009-12-02,2011-12-09,124,7,5.545454545454546,0.0,0.7439024390243902,558.0,0.0,558.0,738
21027,NINJA RABBIT PINK,355,433.61,1.2543037974683544,2009-12-04,2011-11-21,77,5,5.725806451612903,0.0,0.49442896935933145,197.0,0.0,197.0,718
21028,NINJA RABBIT BLACK,323,423.9,1.6121739130434782,2009-12-05,2011-12-08,92,2,4.0375,0.0,0.44005449591280654,324.0,0.0,324.0,734
21030,SPACE CADET RED,239,290.9,1.2030769230769232,2009-12-16,2011-11-21,51,5,4.78,0.0,0.3385269121813031,250.0,0.0,250.0,706
21031,SPACE CADET BLACK,144,176.7,1.294102564102564,2009-12-01,2011-11-16,39,2,3.789473684210526,0.006802721088435374,0.2011173184357542,147.0,1.0,146.0,716
21032,SPACE CADET WHITE,203,252.16,1.4007999999999998,2009-12-04,2011-11-30,50,3,4.06,0.013888888888888888,0.2792297111416781,216.0,3.0,213.0,727
21033,JUMBO BAG CHARLIE AND LOLA TOYS,4590,10132.11,3.3389703315881327,2009-12-01,2011-09-08,573,8,15.506756756756756,0.0026097271648873074,7.094281298299846,4215.0,11.0,4204.0,647
21034,REX CASH+CARRY JUMBO SHOPPER,4002,3801.8999999999996,0.95,2009-12-01,2011-12-08,1902,9,7.316270566727606,0.006600660066006601,5.4227642276422765,4242.0,28.0,4214.0,738
21035,SET/2 RED SPOTTY TEA TOWELS ,5994,18644.78,4.038792735042735,2009-12-01,2011-12-09,929,17,13.5,0.0339845673945165,8.110960757780784,6091.0,207.0,5884.0,739
21036,SET/2 TEA TOWELS MODERN VINTAGE,1,2.55,2.55,2009-12-14,2009-12-14,1,1,1.0,-0.0,1.0,-11.0,0.0,-11.0,1
21038,SET/4 MODERN VINTAGE COTTON NAPKINS,166,355.48,2.2201923076923076,2009-12-16,2011-05-04,52,3,3.608695652173913,0.013888888888888888,0.3287128712871287,144.0,2.0,142.0,505
21039,RED SPOTTY SHOPPING BAG,1313,3423.6499999999996,2.9853070175438594,2009-12-01,2011-12-06,228,12,7.335195530726257,0.012130401819560273,1.783967391304348,1319.0,16.0,1303.0,736
21040,MODERN VINTAGE COTTON SHOPPING BAG,894,1125.85,2.4344927536231884,2009-12-02,2011-03-15,68,6,17.192307692307693,0.0,1.9061833688699361,820.0,0.0,820.0,469
21041,RED SPOTTY OVEN GLOVE DOUBLE,2666,9049.29,4.075584905660377,2009-12-01,2011-11-23,525,9,9.659420289855072,0.005096040768326146,3.6874135546334714,2551.0,13.0,2538.0,723
21042,RED SPOTTY APRON ,1473,8717.31,6.910521091811415,2009-12-01,2011-12-08,399,10,5.622137404580153,0.011960132890365448,1.9959349593495934,1505.0,18.0,1487.0,738
21043,APRON MODERN VINTAGE COTTON,677,1921.03,4.285602836879432,2009-12-07,2011-06-07,141,4,6.838383838383838,0.0047694753577106515,1.2354014598540146,629.0,3.0,626.0,548
21051,RIBBONS PURSE ,754,1486.16,2.1744615384615384,2009-12-03,2011-12-08,127,10,7.25,0.008185538881309686,1.0244565217391304,733.0,6.0,727.0,736
21054,NURSE'S BAG SOFT TOY,382,3537.9999999999995,9.614863387978142,2009-12-03,2011-11-14,182,10,2.6527777777777777,0.005970149253731343,0.5365168539325843,335.0,2.0,333.0,712
21055,TOOL BOX SOFT TOY ,386,3839.0899999999997,10.465964125560538,2009-12-01,2011-12-08,222,14,2.23121387283237,0.0171990171990172,0.5230352303523035,407.0,7.0,400.0,738
21056,DOCTOR'S BAG SOFT TOY,545,4961.33,9.701076923076922,2009-12-03,2011-12-08,195,12,3.40625,0.14669051878354203,0.7404891304347826,559.0,82.0,477.0,736
21058,PARTY INVITES WOODLAND,2396,2055.5899999999997,0.9954838709677419,2009-12-01,2011-12-08,275,14,11.57487922705314,0.00495458298926507,3.2466124661246614,2422.0,12.0,2410.0,738
21059,PARTY INVITES DINOSAURS,1596,1348.56,0.9007692307692308,2009-12-06,2011-12-08,221,9,8.48936170212766,0.014805675508945095,2.1773533424283764,1621.0,24.0,1597.0,733
21060,PARTY INVITES BALLOON GIRL,1276,952.55,0.940794701986755,2009-12-08,2011-12-05,151,5,9.451851851851853,0.0,1.7527472527472527,1288.0,0.0,1288.0,728
21061,PARTY INVITES FOOTBALL,1396,1046.56,0.9699999999999999,2009-12-08,2011-12-04,163,9,9.561643835616438,0.00837404047452896,1.920220082530949,1433.0,12.0,1421.0,727
21062,PARTY INVITES SPACEMAN,1053,875.87,0.8674452554744526,2009-12-08,2011-12-02,136,11,8.560975609756097,0.0,1.4524137931034482,1078.0,0.0,1078.0,725
21063,PARTY INVITES JAZZ HEARTS,1456,1256.27,0.9412605042016806,2009-12-01,2011-12-06,238,8,7.583333333333333,0.002680965147453083,1.9782608695652173,1492.0,4.0,1488.0,736
21064,BOOM BOX SPEAKER BOYS,884,4432.92,5.502183908045977,2009-12-01,2011-12-09,171,8,7.072,0.009900990099009901,1.1962110960757781,909.0,9.0,900.0,739
21065,BOOM BOX SPEAKER GIRLS,608,1455.3600000000001,4.923114754098361,2009-12-02,2011-12-09,118,3,6.4,0.011419249592169658,0.8238482384823849,613.0,7.0,606.0,738
21066,VINTAGE RED MUG,2284,1494.67,1.2776335877862597,2009-12-01,2011-12-01,131,2,20.212389380530972,0.010466637592673354,3.124487004103967,2293.0,24.0,2269.0,731
21067,VINTAGE RED TEATIME MUG,4763,3830.67,1.505805243445693,2009-12-01,2011-10-04,266,9,24.551546391752577,0.007553503986571549,7.077265973254086,4766.0,36.0,4730.0,673
21068,VINTAGE BILLBOARD LOVE/HATE MUG,4066,4224.63,1.5829521276595744,2009-12-01,2011-12-08,373,8,16.134920634920636,0.020236471123237836,5.509485094850948,4398.0,89.0,4309.0,738
21069,VINTAGE BILLBOARD TEA MUG,5099,5404.360000000001,1.6897517730496454,2009-12-01,2011-08-17,279,5,24.39712918660287,0.14061592097617664,8.1584,5163.0,726.0,4437.0,625
21070,VINTAGE BILLBOARD MUG ,2034,2083.46,1.584655172413793,2009-12-01,2011-12-08,229,6,11.689655172413794,0.014541929229277752,2.7560975609756095,2063.0,30.0,2033.0,738
21071,VINTAGE BILLBOARD DRINK ME MUG,4269,4998.32,1.631194968553459,2009-12-01,2011-10-31,472,6,14.822916666666666,0.0027309968138370506,6.098571428571429,4394.0,12.0,4382.0,700
21076,SET/20 COLLAGE PAPER NAPKIN ,843,714.55,0.9846808510638299,2009-12-02,2010-03-16,92,5,14.53448275862069,0.0013297872340425532,8.028571428571428,752.0,1.0,751.0,105
21077,SET/20 WOODLAND PAPER NAPKINS ,2790,2058.1,0.9245641025641025,2009-12-02,2010-09-09,192,10,23.846153846153847,0.0,9.893617021276595,2898.0,0.0,2898.0,282
21078,SET/20 STRAWBERRY PAPER NAPKINS ,7211,6181.25,1.1088741721854303,2009-12-02,2011-10-13,741,14,19.127320954907162,0.0002881014116969173,10.588839941262849,6942.0,2.0,6940.0,681
21080,SET/20 RED SPOTTY PAPER NAPKINS ,31076,25416.93,1.0303246753246753,2009-12-01,2011-12-08,2123,22,53.21232876712329,0.0205184603299293,42.10840108401084,31825.0,653.0,31172.0,738
21081,SET/20 POSIES PAPER NAPKINS,4,3.4,0.85,2009-12-01,2010-01-31,4,1,1.0,-0.0,0.06451612903225806,-1.0,0.0,-1.0,62
21082,SET/20 FRUIT SALAD PAPER NAPKINS ,7183,1960.45,1.0707272727272727,2009-12-01,2011-06-28,163,6,55.68217054263566,0.43089430894308944,12.492173913043478,7134.0,3074.0,4060.0,575
21084,SET/6 COLLAGE PAPER CUPS,2929,1008.8100000000001,0.5650660792951542,2009-12-06,2011-12-07,223,9,18.656050955414013,0.008193922840559918,4.001366120218579,2929.0,24.0,2905.0,732
21085,SET/6 WOODLAND PAPER CUPS,13731,1872.68,0.7726470588235294,2009-12-01,2010-07-12,66,8,259.07547169811323,0.0,61.299107142857146,13713.0,0.0,13713.0,224
21086,SET/6 RED SPOTTY PAPER CUPS,16658,10781.810000000001,0.8944613583138173,2009-12-01,2011-12-06,843,18,40.432038834951456,0.04752190087603504,22.633152173913043,16666.0,792.0,15874.0,736
21087,SET/6 POSIES PAPER CUPS,260,168.08,0.7493939393939394,2010-01-25,2011-04-19,32,3,8.666666666666666,0.0,0.5777777777777777,247.0,0.0,247.0,450
21088,SET/6 FRUIT SALAD PAPER CUPS,16615,1816.73,0.47226277372262776,2009-12-15,2011-12-08,136,7,155.2803738317757,0.4297321697261511,22.94889502762431,16615.0,7140.0,9475.0,724
21089,SET/6 GREEN SPRING PAPER CUPS,323,112.54,0.49725,2010-01-15,2011-08-17,40,4,8.72972972972973,0.0,0.5568965517241379,318.0,0.0,318.0,580
21090,SET/6 COLLAGE PAPER PLATES,3107,1729.09,0.7291397849462365,2009-12-16,2011-12-07,278,10,16.015463917525775,0.012299282541851725,4.303324099722992,2927.0,36.0,2891.0,722
21091,SET/6 WOODLAND PAPER PLATES,13700,1868.7,1.0289583333333334,2009-12-01,2010-03-18,47,8,360.5263157894737,0.0,126.85185185185185,13688.0,0.0,13688.0,108
21092,SET/6 STRAWBERRY PAPER PLATES,12846,1571.5,1.1092857142857142,2009-12-07,2010-03-17,28,5,494.0769230769231,0.0018711991267737408,127.18811881188118,12826.0,24.0,12802.0,101
21094,SET/6 RED SPOTTY PAPER PLATES,19633,15334.029999999999,0.988060606060606,2009-12-01,2011-12-08,984,19,42.40388768898488,0.037795744258717325,26.602981029810298,20161.0,762.0,19399.0,738
21095,SET/6 POSIES PAPER PLATES,295,274.57,1.0065853658536585,2009-12-17,2011-06-16,40,3,7.7631578947368425,0.0,0.5393053016453382,498.0,0.0,498.0,547
21096,SET/6 FRUIT SALAD  PAPER PLATES,15919,2711.71,0.6567832167832168,2009-12-10,2011-12-08,143,8,148.77570093457945,0.4400904295403165,21.83676268861454,15924.0,7008.0,8916.0,729
21097,SET/6 GREEN SPRING  PAPER PLATE,32,27.2,0.85,2010-01-15,2010-06-21,7,1,4.571428571428571,0.0,0.20253164556962025,2.0,0.0,2.0,158
21098,CHRISTMAS TOILET ROLL,8537,13263.93,1.6363474025974025,2009-12-01,2011-12-09,596,11,43.33502538071066,0.02535602639805488,11.552097428958051,8637.0,219.0,8418.0,739
21099,SET/6 STRAWBERRY PAPER CUPS,13290,1516.64,0.755,2009-12-01,2010-05-07,33,5,443.0,0.009007656508031828,84.11392405063292,13322.0,120.0,13202.0,158
21100,CHARLIE AND LOLA CHARLOTTE BAG,2540,3795.0,2.230259259259259,2009-12-01,2011-03-22,269,8,14.68208092485549,0.0017308524448290783,5.3249475890985325,2311.0,4.0,2307.0,477
21102,"CANDLE IN JAR COLLAGE , VANILLA",82,221.07999999999998,3.0614999999999997,2009-12-02,2010-03-12,20,2,4.555555555555555,-0.6888888888888889,0.8118811881188119,-45.0,31.0,-76.0,101
21106,CREAM SLICE FLANNEL CHOCOLATE SPOT ,790,2419.6800000000003,3.7038823529411764,2009-12-02,2011-12-02,169,10,5.486111111111111,0.0,1.0807113543091655,801.0,0.0,801.0,731
21107,CREAM SLICE FLANNEL PINK SPOT ,2302,6624.77,3.6443492063492062,2009-12-02,2011-12-06,313,12,10.807511737089202,0.0,3.1319727891156464,2463.0,0.0,2463.0,735
21108,FAIRY CAKE FLANNEL ASSORTED COLOUR,12962,25407.27,3.001073170731707,2009-12-01,2011-12-09,613,17,39.39817629179331,0.24105303319343763,17.539918809201623,13105.0,3159.0,9946.0,739
21109,"LARGE CAKE TOWEL, CHOCOLATE SPOTS",1173,4476.49,6.663656387665199,2009-12-04,2011-12-09,223,8,7.768211920529802,0.001759014951627089,1.59375,1137.0,2.0,1135.0,736
21110,LARGE CAKE TOWEL PINK SPOTS,1640,7729.37,7.420120120120121,2009-12-01,2011-11-25,329,14,7.224669603524229,0.003997335109926716,2.2620689655172415,1501.0,6.0,1495.0,725
21111,"SWISS ROLL TOWEL, CHOCOLATE  SPOTS",1379,3187.1600000000003,3.501898148148148,2009-12-01,2011-12-09,214,11,8.460122699386503,0.0049680624556423,1.8660351826792962,1409.0,7.0,1402.0,739
21112,"SWISS ROLL TOWEL, PINK  SPOTS",2222,5484.26,3.3576315789473687,2009-12-01,2011-12-05,189,7,14.912751677852349,0.08863025962399283,3.0231292517006803,2234.0,198.0,2036.0,735
21114,LAVENDER SCENTED FABRIC HEART,5666,7306.14,1.8057029702970298,2009-12-01,2011-12-04,494,13,18.10223642172524,0.010375237765865467,7.7193460490463215,5783.0,60.0,5723.0,734
21115,ROSE CARAVAN DOORSTOP,1247,7955.84,7.740046189376444,2009-12-01,2011-12-09,431,13,4.285223367697594,0.000792393026941363,1.6874154262516914,1262.0,1.0,1261.0,739
21116,OWL DOORSTOP,1355,7900.01,6.772915887850468,2009-12-01,2011-12-05,534,10,4.208074534161491,0.000724112961622013,1.8435374149659864,1381.0,1.0,1380.0,735
21117,BLOND DOLL DOORSTOP,328,502.08,1.912692307692308,2009-12-10,2011-11-23,26,4,12.615384615384615,0.0,0.45938375350140054,334.0,0.0,334.0,714
21118,SHOPPING BAG DOORSTOP,69,104.25,2.5357142857142856,2009-12-02,2010-01-11,7,1,11.5,0.0,1.6829268292682926,47.0,0.0,47.0,41
21119,Glow In The Dark Shot Glasses ,3,41.01,13.67,2009-12-18,2010-09-27,3,1,1.0,0.0,0.01056338028169014,2.0,0.0,2.0,284
21120,*Boombox Ipod Classic,1,16.98,16.98,2010-12-09,2010-12-09,1,1,1.0,-0.0,1.0,-4.0,0.0,-4.0,1
21121,SET/10 RED SPOTTY PARTY CANDLES,15215,18442.7,1.3553514739229027,2009-12-01,2011-12-09,873,20,33.29321663019694,0.012224322621298047,20.588633288227335,15870.0,194.0,15676.0,739
21122,SET/10 PINK SPOTTY PARTY CANDLES,12209,14844.78,1.3422344322344322,2009-12-01,2011-12-09,807,21,27.74772727272727,0.005729534573424378,16.520974289580515,12741.0,73.0,12668.0,739
21123,SET/10 IVORY SPOTTY PARTY CANDLES,2751,3393.06,1.23875,2009-12-03,2011-12-09,252,15,14.18041237113402,0.017235188509874325,3.7327001356852105,2785.0,48.0,2737.0,737
21124,SET/10 BLUE SPOTTY PARTY CANDLES,10029,12172.79,1.2978627145085804,2009-12-01,2011-12-09,629,21,25.781491002570693,0.004854849895967502,13.571041948579161,10093.0,49.0,10044.0,739
21125,SET 6 FOOTBALL CELEBRATION CANDLES,2123,2211.38,1.3050592885375494,2009-12-01,2011-12-09,246,15,11.057291666666666,0.006915629322268326,2.8728010825439783,2169.0,15.0,2154.0,739
21126,SET OF 6 GIRLS CELEBRATION CANDLES,2325,2349.22,1.3368166089965396,2009-12-01,2011-12-09,285,14,10.568181818181818,0.00597524541186513,3.1461434370771313,2343.0,14.0,2329.0,739
21127,COLOURFUL FISHING GNOME,297,998.0300000000001,7.336600000000001,2009-12-03,2010-06-10,48,4,7.071428571428571,0.003703703703703704,1.563157894736842,270.0,1.0,269.0,190
21128,GOLD FISHING GNOME,126,841.63,9.536315789473685,2009-12-17,2011-12-07,57,4,2.25,0.0,0.17475728155339806,129.0,0.0,129.0,721
21129,SILVER FISHING GNOME ,124,949.44,9.0145,2009-12-02,2011-11-29,60,1,2.1379310344827585,0.03937007874015748,0.17032967032967034,127.0,5.0,122.0,728
21130,COLOURFUL STANDING GNOME,721,1200.93,3.9899999999999998,2009-12-04,2010-06-30,49,6,19.486486486486488,0.0014184397163120568,3.449760765550239,705.0,1.0,704.0,209
21131,GOLD STANDING GNOME,276,1098.86,5.765599999999999,2009-12-07,2011-12-06,49,5,5.75,0.0,0.3780821917808219,276.0,0.0,276.0,730
21132,SILVER STANDING GNOME   ,93,476.61,5.723191489361702,2009-12-14,2011-12-08,47,6,2.1136363636363638,0.0,0.12827586206896552,98.0,0.0,98.0,725
21133,PAINTED BIRD ASSORTED CHRISTMAS,410,712.91,2.1664285714285714,2009-12-01,2010-09-13,42,2,15.76923076923077,-0.0,1.4285714285714286,-4.0,0.0,-4.0,287
21134,VICTORIAN METAL POSTCARD CHRISTMAS,377,646.4399999999999,2.1581249999999996,2009-12-01,2010-11-16,46,3,11.424242424242424,-0.0,1.0740740740740742,-199.0,0.0,-199.0,351
21135,VICTORIAN  METAL POSTCARD SPRING,5985,8567.24,2.0081490384615384,2009-12-02,2011-12-08,405,13,20.426621160409557,0.07093425605536333,8.120759837177747,4624.0,328.0,4296.0,737
21136,PAINTED METAL PEARS ASSORTED,10496,17451.45,1.96908969210174,2009-12-01,2011-12-08,739,12,26.572151898734177,0.02167630057803468,14.222222222222221,10380.0,225.0,10155.0,738
21137,BLACK RECORD COVER FRAME,18739,65189.29,4.146305031446541,2009-12-01,2011-12-09,634,8,54.15895953757225,0.0011540970445080034,25.35723951285521,19929.0,23.0,19906.0,739
21143,ANTIQUE GLASS HEART DECORATION ,2088,4149.15,2.2852941176470587,2009-12-01,2011-08-22,182,4,18.0,0.008888888888888889,3.3142857142857145,2250.0,20.0,2230.0,630
21144,PINK POODLE HANGING DECORATION ,543,287.47,1.03672131147541,2009-12-02,2010-12-21,60,6,12.928571428571429,0.024896265560165973,1.4103896103896103,482.0,12.0,470.0,385
21145,ANTIQUE GLASS PLACE SETTING,869,1256.21,3.406734693877551,2009-12-01,2011-11-16,49,3,19.31111111111111,0.008953168044077135,1.2136871508379887,1452.0,13.0,1439.0,716
21146,ANTIQUE GLASS RIDGED HANGING BALL,789,1513.6699999999998,2.179655172413793,2009-12-02,2010-11-02,58,3,18.785714285714285,0.0026560424966799467,2.3482142857142856,753.0,2.0,751.0,336
21147,JINGLE BELLS TREE DECORATION,477,870.48,2.1231932773109246,2009-12-04,2011-12-05,118,2,5.482758620689655,0.004291845493562232,0.6516393442622951,466.0,2.0,464.0,732
21153,RED SPOTTY TABLECLOTH ,393,4294.6900000000005,11.799856115107914,2009-12-01,2010-09-22,139,8,4.010204081632653,0.006309148264984227,1.3277027027027026,317.0,2.0,315.0,296
21154,RED SPOTTY OVEN GLOVE ,8095,11694.95,1.7686319218241042,2009-12-01,2011-12-09,903,16,17.713347921225385,0.027254949890002444,10.953991880920162,8182.0,223.0,7959.0,739
21155,RED SPOTTY PEG BAG,6665,16343.09,2.8419774590163933,2009-12-01,2011-12-09,969,13,15.756501182033096,0.03953103862918984,9.01894451962111,6653.0,263.0,6390.0,739
21156,RED SPOTTY CHILDS APRON,9137,17002.28,2.240898395721925,2009-12-01,2011-12-08,930,23,20.718820861678005,0.007766783700393659,12.380758807588077,9399.0,73.0,9326.0,738
21157,RED SPOTTY WASHBAG,689,1616.95,2.8962146892655367,2009-12-01,2011-10-25,176,9,5.468253968253968,0.008583690987124463,0.9927953890489913,699.0,6.0,693.0,694
21158,MOODY GIRL DOOR HANGER ,2587,1792.6599999999999,1.2604672897196263,2009-12-02,2011-12-09,310,5,11.549107142857142,0.0371220818982013,3.505420054200542,2613.0,97.0,2516.0,738
21159,MOODY BOY  DOOR HANGER ,2105,1445.37,1.3357768924302789,2009-12-01,2011-12-09,250,4,10.850515463917526,0.0370548604427334,2.848443843031123,2078.0,77.0,2001.0,739
21160,KEEP OUT GIRLS DOOR HANGER ,794,557.49,1.5117241379310344,2009-12-01,2010-12-14,58,2,15.568627450980392,0.09893048128342247,2.094986807387863,748.0,74.0,674.0,379
21161,KEEP OUT BOYS DOOR HANGER ,2360,1806.05,1.675781990521327,2009-12-01,2011-06-08,206,5,15.128205128205128,0.04101096804959466,4.252252252252252,2097.0,86.0,2011.0,555
21162,TOXIC AREA  DOOR HANGER ,2402,1655.8799999999999,1.274808362369338,2009-12-01,2011-12-09,285,9,12.317948717948719,0.03489821354383049,3.250338294993234,2407.0,84.0,2323.0,739
21163,DO NOT TOUCH MY STUFF DOOR HANGER ,2800,1757.92,1.3365530303030302,2009-12-02,2011-10-28,253,4,14.814814814814815,0.030808263863718738,4.022988505747127,2759.0,85.0,2674.0,696
21164,HOME SWEET HOME METAL SIGN ,5981,16626.41,3.273665283540802,2009-12-01,2011-12-08,721,17,14.878109452736318,0.0036315615714757345,8.104336043360433,6058.0,22.0,6036.0,738
21165,BEWARE OF THE CAT METAL SIGN ,9360,15167.38,2.123363821138211,2009-12-01,2011-12-07,966,16,21.176470588235293,0.005530853486606659,12.700135685210313,9221.0,51.0,9170.0,737
21166,COOK WITH WINE METAL SIGN ,19932,38138.86,2.276118466898955,2009-12-01,2011-12-09,1425,12,42.956896551724135,0.027355028137998533,26.971583220568334,20435.0,559.0,19876.0,739
21167,WHITE SAGE INCENSE,2440,587.52,0.3299122807017544,2009-12-10,2011-12-08,114,1,25.15463917525773,0.02004008016032064,3.347050754458162,2495.0,50.0,2445.0,729
21169,YOU'RE CONFUSING ME METAL SIGN ,8856,14262.61,2.130267857142857,2009-12-08,2011-12-09,772,9,24.53185595567867,0.00374276964954066,12.098360655737705,8817.0,33.0,8784.0,732
21171,BATHROOM METAL SIGN ,1845,2578.27,1.6744444444444444,2009-12-02,2011-08-11,260,7,10.307262569832401,0.0,2.9854368932038833,1720.0,0.0,1720.0,618
21172,PARTY METAL SIGN ,7685,11382.16,1.912512664640324,2009-12-01,2011-12-09,971,11,17.585812356979407,0.010144927536231883,10.399188092016239,7590.0,77.0,7513.0,739
21173,LOO ROLL  METAL SIGN ,340,607.9599999999999,2.2123076923076925,2009-12-01,2010-04-01,77,3,6.538461538461538,0.045283018867924525,2.7868852459016393,265.0,12.0,253.0,122
21174,POTTERING IN THE SHED METAL SIGN,9696,19593.81,2.5139877835951134,2009-12-01,2011-12-09,1135,5,19.238095238095237,0.0004077887654195127,13.12043301759134,9809.0,4.0,9805.0,739
21175,GIN + TONIC DIET METAL SIGN,20676,43851.48,2.5605206463195693,2009-12-01,2011-12-09,1659,15,39.38285714285714,0.1008074503393273,27.978349120433016,20187.0,2035.0,18152.0,739
21179,NO JUNK MAIL METAL SIGN,4284,3517.9,1.328307392996109,2009-12-01,2011-09-12,505,8,15.3,0.002824858757062147,6.580645161290323,4248.0,12.0,4236.0,651
21181,PLEASE ONE PERSON  METAL SIGN,24732,50117.14000000001,2.366498905908096,2009-12-01,2011-12-09,1810,11,59.883777239709445,0.004513778904022807,33.46684709066306,25256.0,114.0,25142.0,739
21185, HOME SWEET HOME  BLACKBOARD,132,876.29,7.369318181818182,2009-12-01,2010-07-05,44,3,4.4,0.06086956521739131,0.6082949308755761,115.0,7.0,108.0,217
21186,WHITE DOVE HONEYCOMB PAPER GARLAND,5272,8532.17,2.0303733333333334,2009-12-01,2010-12-14,369,6,27.74736842105263,0.001885369532428356,13.910290237467018,5304.0,10.0,5294.0,379
21187,WHITE BELL HONEYCOMB PAPER GARLAND ,1344,2243.7799999999997,2.020945945945946,2009-12-01,2011-08-04,144,4,12.679245283018869,0.0,2.196078431372549,1349.0,0.0,1349.0,612
21188,3D HEARTS  HONEYCOMB PAPER GARLAND,912,2771.34,3.576212121212121,2009-12-03,2011-08-03,128,7,8.0,0.03812636165577342,1.4975369458128078,918.0,35.0,883.0,609
21189,WHITE HONEYCOMB PAPER GARLAND ,797,1698.8799999999999,2.4475000000000002,2009-12-01,2011-12-08,123,5,8.302083333333334,0.0,1.0799457994579946,814.0,0.0,814.0,738
21190,PINK HEARTS PAPER GARLAND,806,1337.59,1.9798260869565216,2009-12-13,2011-11-25,111,6,9.372093023255815,0.08690744920993228,1.1304347826086956,886.0,77.0,809.0,713
21191,LARGE WHITE HONEYCOMB PAPER BELL  ,1479,3408.61,2.8894554455445545,2009-12-01,2011-12-08,201,5,10.48936170212766,0.0,2.0040650406504064,1544.0,0.0,1544.0,738
21192,WHITE BELL HONEYCOMB PAPER ,2167,3885.64,2.3542792792792793,2009-12-01,2011-11-27,216,3,14.641891891891891,0.02263083451202263,2.9807427785419534,2121.0,48.0,2073.0,727
21193,WHITE HONEYCOMB PAPER FAN ,111,274.37,2.8434782608695657,2009-12-02,2010-04-07,22,1,6.166666666666667,0.0,0.8740157480314961,90.0,0.0,90.0,127
21194,PINK  HONEYCOMB PAPER FAN,578,751.5,2.028659793814433,2009-12-03,2011-12-09,95,8,6.72093023255814,0.01721170395869191,0.7842605156037992,581.0,10.0,571.0,737
21195,PINK  HONEYCOMB PAPER BALL ,997,2122.66,2.97841059602649,2009-12-02,2011-05-17,150,7,8.594827586206897,0.0,1.8740601503759398,986.0,0.0,986.0,532
21196,ROUND WHITE CONFETTI IN TUBE,178,306.89,1.9382608695652173,2010-02-08,2011-12-07,22,7,8.476190476190476,0.0,0.26646706586826346,179.0,0.0,179.0,668
21197,MULTICOLOUR  CONFETTI IN TUBE,453,661.81,1.6319565217391303,2010-03-03,2011-12-02,45,8,10.534883720930232,0.045064377682403435,0.7078125,466.0,21.0,445.0,640
21198,WHITE HEART CONFETTI IN TUBE,1282,1472.3,1.7450420168067227,2009-12-01,2011-12-07,118,6,11.981308411214954,0.05845674201091192,1.7394843962008142,1283.0,75.0,1208.0,737
21199,PINK  HEART CONFETTI IN TUBE,1305,1495.6999999999998,1.8689999999999998,2009-12-07,2011-12-02,149,9,10.038461538461538,0.0367816091954023,1.7975206611570247,1305.0,48.0,1257.0,726
21200,MULTICOLOUR HONEYCOMB PAPER GARLAND,1421,2065.16,2.0235433070866145,2009-12-01,2011-12-09,126,5,13.280373831775702,0.019649122807017545,1.922868741542625,1425.0,28.0,1397.0,739
21201,TROPICAL  HONEYCOMB PAPER GARLAND ,2741,6517.16,2.9802066115702477,2009-12-01,2011-12-09,235,7,14.202072538860104,0.005492184199408534,3.709066305818674,2367.0,13.0,2354.0,739
21202,DOLLY HONEYCOMB GARLAND,854,1103.48,1.780151515151515,2009-12-14,2011-11-17,66,6,13.555555555555555,0.059509918319719954,1.2130681818181819,857.0,51.0,806.0,704
21203,BUTTERFLIES  HONEYCOMB GARLAND,1539,2526.9999999999995,2.0413513513513513,2009-12-03,2010-08-17,145,5,14.941747572815533,0.033041132838840186,5.965116279069767,1483.0,49.0,1434.0,258
21204,DAISIES  HONEYCOMB GARLAND ,1608,2682.99,1.9919806763285024,2009-12-06,2011-12-07,205,7,9.514792899408285,0.030453697949036667,2.19672131147541,1609.0,49.0,1560.0,732
21205,MULTICOLOUR 3D BALLS GARLAND,669,1746.97,2.9221476510067115,2009-12-02,2011-12-02,144,5,5.395161290322581,0.03074670571010249,0.9151846785225718,683.0,21.0,662.0,731
21206,STRAWBERRY HONEYCOMB  GARLAND ,2155,3067.8999999999996,1.8592916666666666,2009-12-03,2011-11-23,238,8,10.994897959183673,0.005069124423963134,2.9889042995839112,2170.0,11.0,2159.0,721
21207,SKULL AND CROSSBONES  GARLAND ,3601,5597.419999999999,1.7603886925795054,2009-12-03,2011-12-05,282,16,16.22072072072072,0.1351575456053068,4.91268758526603,3618.0,489.0,3129.0,733
21208,PASTEL COLOUR HONEYCOMB FAN,1078,976.91,1.6396721311475408,2009-12-16,2011-12-09,120,10,10.169811320754716,0.03874538745387454,1.488950276243094,1084.0,42.0,1042.0,724
21209,MULTICOLOUR HONEYCOMB FAN,1476,1368.04,1.7460583941605838,2009-12-16,2011-12-09,137,10,11.808,0.025050778605280974,2.0386740331491713,1477.0,37.0,1440.0,724
21210,SET OF 72 RETRO SPOT PAPER  DOILIES,15118,21727.19,1.7664721030042918,2009-12-01,2011-12-08,1161,25,32.16595744680851,0.010814755838641188,20.48509485094851,15072.0,163.0,14909.0,738
21211,SET OF 72 SKULL PAPER  DOILIES,2405,3365.64,1.6702521008403362,2009-12-02,2011-11-28,237,11,13.287292817679559,0.00495458298926507,3.308115543328748,2422.0,12.0,2410.0,727
21212,PACK OF 72 RETRO SPOT CAKE CASES,94884,51825.15,0.7080572147123546,2009-12-01,2011-12-09,3118,26,159.73737373737373,0.011495443247721624,128.39512855209742,96560.0,1110.0,95450.0,739
21213,PACK OF 72 SKULL CAKE CASES,40263,21390.760000000002,0.7410299003322259,2009-12-01,2011-12-09,1481,21,74.83828996282529,0.002184960597058896,54.4830852503383,40733.0,89.0,40644.0,739
21214,SET OF 72 IVORY PAPER DOILIES,2006,2920.8199999999997,1.9927722772277228,2009-12-01,2010-10-08,199,9,16.578512396694215,0.0005382131324004305,6.42948717948718,1858.0,1.0,1857.0,312
21215, IVORY PAPER CUP CAKE CASES ,4349,2533.88,0.8702372881355933,2009-12-04,2011-12-08,291,9,18.745689655172413,0.009325044404973356,5.9170068027210885,4504.0,42.0,4462.0,735
21216,"SET 3 RED SPOT TIN TEA,COFFEE,SUGAR",3884,20169.0,6.912595797280593,2009-12-01,2011-12-09,802,19,9.590123456790124,0.005834601725012684,5.2557510148849795,3942.0,23.0,3919.0,739
21217,RED SPOTTY ROUND CAKE TINS,2904,29769.239999999998,11.6687311827957,2009-12-01,2011-12-09,928,18,6.496644295302014,0.018175582990397805,3.9296346414073073,2916.0,53.0,2863.0,739
21218,RED SPOTTY BISCUIT TIN,5256,20800.31,5.261407982261641,2009-12-01,2011-12-09,897,19,12.0,0.015457115928369463,7.112313937753721,5305.0,82.0,5223.0,739
21219,SET/4 BADGES BALLOON GIRL,1013,1303.27,1.5539325842696627,2009-12-04,2011-12-08,176,8,6.891156462585034,0.009633911368015413,1.3782312925170068,1038.0,10.0,1028.0,735
21220,SET/4 BADGES DOGS,659,888.68,1.6443749999999997,2009-12-02,2011-12-09,159,7,4.954887218045113,0.0,0.8929539295392954,684.0,0.0,684.0,738
21221,SET/4 BADGES CUTE CREATURES,535,709.66,1.4973831775700934,2009-12-01,2011-12-08,107,5,5.631578947368421,0.0,0.7249322493224932,557.0,0.0,557.0,738
21222,SET/4 BADGES BEETLES,621,804.65,1.5156716417910447,2009-12-07,2011-12-09,133,7,5.6454545454545455,0.0,0.8472032742155525,629.0,0.0,629.0,733
21223,SET/4 BADGES WOODLAND ANIMAL,492,587.08,1.4345454545454546,2009-12-01,2010-04-08,43,5,14.470588235294118,0.0,3.813953488372093,483.0,0.0,483.0,129
21224,SET/4 SKULL BADGES,2171,2691.91,1.2506645569620252,2009-12-03,2011-12-09,312,9,9.317596566523605,0.009914375844975214,2.9457259158751694,2219.0,22.0,2197.0,737
21225,POCKET MIRROR BUTTERFLY ,2,2.5,1.25,2009-12-11,2009-12-21,2,1,1.0,-0.0,0.18181818181818182,-15.0,0.0,-15.0,11
21226,POCKET MIRROR WOODLAND,213,230.54999999999998,1.073157894736842,2009-12-11,2011-11-25,37,3,6.264705882352941,0.0,0.29790209790209793,250.0,0.0,250.0,715
21228,"POCKET MIRROR ""GLAMOROUS""",97,122.57,1.29125,2009-12-09,2011-03-09,31,1,3.3448275862068964,0.0,0.21271929824561403,72.0,0.0,72.0,456
21231,SWEETHEART CERAMIC TRINKET BOX,19428,24128.86,1.4993377483443708,2009-12-01,2011-12-08,1482,19,41.2484076433121,0.0164159381988209,26.32520325203252,19676.0,323.0,19353.0,738
21232,STRAWBERRY CERAMIC TRINKET BOX,37997,49300.57,1.5333333333333332,2009-12-01,2011-12-09,2435,24,67.01410934744268,0.02436959700382218,51.41677943166441,38983.0,950.0,38033.0,739
21238,RED SPOTTY CUP,9477,8164.0,1.020328587075575,2009-12-01,2011-12-09,903,21,21.344594594594593,0.016372927312545624,12.824086603518268,9589.0,157.0,9432.0,739
21239,PINK  SPOTTY CUP,7369,6438.39,1.059009247027741,2009-12-01,2011-12-09,751,22,17.84261501210654,0.006973313665012739,9.971583220568336,7457.0,52.0,7405.0,739
21240,BLUE  SPOTTY CUP,7581,6535.74,1.0513082901554405,2009-12-01,2011-12-08,769,22,17.795774647887324,0.006934449823367788,10.272357723577235,7643.0,53.0,7590.0,738
21241,GREEN SPOTTY CUP,2213,1869.07,0.9817241379310345,2009-12-01,2010-10-12,260,12,13.660493827160494,0.00047036688617121356,7.003164556962025,2126.0,1.0,2125.0,316
21242,RED SPOTTY PLATE ,7085,11917.73,1.9941641337386016,2009-12-01,2011-12-09,657,22,18.073979591836736,0.007019514249613927,9.587280108254397,7123.0,50.0,7073.0,739
21243,PINK  SPOTTY PLATE ,5636,9287.699999999999,2.011964285714286,2009-12-01,2011-12-08,503,21,17.6125,0.0028228652081863093,7.636856368563685,5668.0,16.0,5652.0,738
21244,BLUE  SPOTTY PLATE ,5045,8279.07,1.9491759465478842,2009-12-01,2011-12-06,445,17,16.872909698996654,0.006089176978982518,6.854619565217392,5091.0,31.0,5060.0,736
21245,GREEN  SPOTTY PLATE ,2567,4268.36,1.9279545454545453,2009-12-01,2011-12-07,304,16,11.112554112554113,0.001544998068752414,3.4830393487109905,2589.0,4.0,2585.0,737
21246,RED SPOTTY BIG BOWL,749,3685.63,5.0873684210526315,2009-12-01,2011-09-04,209,16,4.595092024539877,0.0121765601217656,1.1648522550544322,657.0,8.0,649.0,643
21247,SET OF RED SALAD SERVERS ,422,664.73,1.8867901234567903,2009-12-01,2010-10-25,81,6,6.59375,0.0,1.2826747720364742,386.0,0.0,386.0,329
21248,DOOR HANGER  MUM + DADS ROOM,1043,1299.55,1.6889240506329115,2009-12-01,2011-12-09,158,8,7.45,0.07495069033530571,1.4113667117726658,1014.0,76.0,938.0,739
21249,WOODLAND  HEIGHT CHART STICKERS ,1661,4770.530000000001,3.6650579150579152,2009-12-01,2011-12-08,259,16,7.872037914691943,0.009489916963226572,2.2506775067750677,1686.0,16.0,1670.0,738
21250,SET OF SKULL WALL STICKERS,402,997.5500000000001,3.229,2009-12-03,2011-11-30,60,5,7.3090909090909095,0.0,0.5521978021978022,404.0,0.0,404.0,728
21251,DINOSAUR HEIGHT CHART STICKER SET,595,1683.93,3.519545454545455,2009-12-01,2011-11-30,132,11,5.129310344827586,0.0,0.815068493150685,599.0,0.0,599.0,730
21252,SET OF MEADOW  FLOWER STICKERS,168,408.66,3.3613636363636363,2009-12-01,2010-01-25,22,3,11.2,0.0,3.0,157.0,0.0,157.0,56
21253,SET OF PICTURE FRAME  STICKERS,332,1225.17,4.6036065573770495,2009-12-02,2011-12-08,122,4,3.074074074074074,0.0,0.45047489823609227,343.0,0.0,343.0,737
21255,"FRENCH BOTTLE , LAVENDER",476,860.0799999999999,2.3885416666666663,2009-12-01,2010-04-18,96,2,8.206896551724139,0.03307888040712468,3.4244604316546763,393.0,13.0,380.0,139
21256,"FRENCH BOTTLE, BRASSERIE DES ARTIST",326,588.64,2.422923076923077,2009-12-01,2010-02-18,65,1,8.35897435897436,0.0,4.075,242.0,0.0,242.0,80
21257,VICTORIAN SEWING BOX MEDIUM,1549,13968.48,10.49658536585366,2009-12-01,2011-12-09,532,9,4.840625,0.017892644135188866,2.096075778078484,1509.0,27.0,1482.0,739
21258,VICTORIAN SEWING BOX LARGE,1505,21386.559999999998,17.00918406072106,2009-12-01,2011-12-09,526,9,5.948616600790514,0.08004778972520908,2.0365358592692826,1674.0,134.0,1540.0,739
21259,VICTORIAN SEWING BOX SMALL ,2293,13843.92,6.926051829268292,2009-12-01,2011-12-09,655,10,6.180592991913747,0.01143099068585944,3.1028416779431662,2362.0,27.0,2335.0,739
21260,FIRST AID TIN,3512,11564.43,3.8146654275092935,2009-12-01,2011-12-08,534,19,10.873065015479876,0.016986911723753828,4.7588075880758804,3591.0,61.0,3530.0,738
21261,GREEN GOOSE FEATHER CHRISTMAS TREE ,283,1146.1200000000001,6.386233766233766,2009-12-04,2011-12-06,77,6,4.287878787878788,0.0,0.3860845839017735,292.0,0.0,292.0,733
21262,WHITE GOOSE FEATHER CHRISTMAS TREE ,606,2366.0200000000004,6.068484848484848,2009-12-02,2011-12-08,132,7,5.883495145631068,0.0171875,0.8222523744911805,640.0,11.0,629.0,737
21263,GREEN GOOSE FEATHER TREE 60CM,299,658.29,3.060175438596491,2010-09-13,2011-12-06,56,4,6.1020408163265305,0.006535947712418301,0.6644444444444444,306.0,2.0,304.0,450
21264,WHITE GOOSE FEATHER TREE 60CM ,391,917.8499999999999,3.4735294117647055,2009-12-08,2011-12-06,68,5,6.741379310344827,0.02030456852791878,0.5363511659807956,394.0,8.0,386.0,729
21265,PINK GOOSE FEATHER TREE 60CM,321,705.59,3.586470588235294,2009-12-06,2011-12-07,34,5,9.441176470588236,0.06191950464396285,0.4385245901639344,323.0,20.0,303.0,732
21266,VINTAGE SILVER TINSEL REEL,23,98.9,4.3,2009-12-01,2009-12-16,9,1,3.2857142857142856,0.0,1.4375,0.0,0.0,0.0,16
21267,VINTAGE PINK TINSEL REEL ,24,74.6,3.4200000000000004,2009-12-02,2009-12-18,10,1,3.4285714285714284,0.0,1.411764705882353,2.0,0.0,2.0,17
21268,VINTAGE BLUE TINSEL REEL,397,261.66,1.2884615384615385,2009-12-06,2010-12-02,49,5,9.925,0.0,1.0966850828729282,445.0,0.0,445.0,362
21269,ANTIQUE CREAM CUTLERY SHELF ,114,1036.84,9.41323076923077,2009-12-08,2011-11-22,65,6,1.78125,0.0,0.15944055944055943,109.0,0.0,109.0,715
21270,ANTIQUE CREAM CUTLERY CUPBOARD,76,874.43,12.022115384615384,2009-12-08,2011-12-05,51,4,1.7674418604651163,0.0,0.1043956043956044,78.0,0.0,78.0,728
21272,SALLE DE BAIN HOOK,2348,3109.83,1.6387209302325583,2009-12-01,2011-08-11,339,8,9.46774193548387,0.005936073059360731,3.7932148626817446,2190.0,13.0,2177.0,619
21274,EMBOSSED HEART 3 DRAWER SHELF,175,2420.69,14.656037735849056,2009-12-04,2010-11-05,105,4,2.108433734939759,0.006172839506172839,0.5192878338278932,162.0,1.0,161.0,337
21275,ZINC TOP  2 DOOR WOODEN SHELF ,249,1714.48,14.021454545454544,2009-12-08,2011-11-10,55,4,5.297872340425532,0.08465608465608465,0.3541963015647226,189.0,16.0,173.0,703
21276,TWO EMBOSSED HEART MINI DRAWERS,677,1558.94,4.253103448275862,2009-12-03,2010-04-08,29,4,33.85,0.02391629297458894,5.330708661417323,669.0,16.0,653.0,127
21277,FRENCH STYLE EMBOSSED HEART CABINET,54,1309.3899999999999,24.660208333333333,2009-12-08,2011-11-23,48,4,1.173913043478261,0.06896551724137931,0.07541899441340782,58.0,4.0,54.0,716
21278,VINTAGE KITCHEN PRINT PUDDINGS,2758,1654.4499999999998,3.509159663865546,2009-12-08,2011-07-15,118,8,27.858585858585858,0.43768115942028984,4.714529914529915,2760.0,1208.0,1552.0,585
21279,VINTAGE KITCHEN PRINT FRUITS,3527,1621.83,3.595346534653465,2009-12-02,2011-12-04,101,6,39.18888888888889,0.46247178329571104,4.811732605729877,3544.0,1639.0,1905.0,733
21280,VINTAGE KITCHEN PRINT VEGETABLES,3333,1800.44,2.9934285714285713,2009-12-04,2011-11-09,70,5,49.01470588235294,0.3738765727980827,4.720963172804533,3338.0,1248.0,2090.0,706
21281,VINTAGE KITCHEN PRINT SEAFOOD,3680,1716.8,3.4729850746268656,2009-12-02,2011-11-09,67,5,58.41269841269841,0.42116808335618316,5.19774011299435,3647.0,1536.0,2111.0,708
21282,NATURAL BARK CANDLE LARGE,356,1522.28,4.772028985507246,2009-12-02,2010-11-14,69,4,5.933333333333334,0.034482758620689655,1.0229885057471264,348.0,12.0,336.0,348
21283,NATURAL BARK CANDLE SMALL,512,1629.2,3.6758536585365857,2009-12-01,2010-11-24,81,5,7.013698630136986,0.023668639053254437,1.426183844011142,507.0,12.0,495.0,359
21284,RETRO SPOT CANDLE  SMALL,1547,1668.72,1.9638571428571427,2009-12-01,2011-12-08,140,8,13.570175438596491,0.03843689942344651,2.0962059620596207,1561.0,60.0,1501.0,738
21285,RETRO SPOT CANDLE  MEDIUM,1007,1362.6200000000001,2.315858585858586,2009-12-03,2011-12-08,99,7,13.426666666666666,0.04743083003952569,1.3682065217391304,1012.0,48.0,964.0,736
21286,RETRO SPOT CANDLE  LARGE,1006,1623.01,2.9126732673267326,2009-12-02,2011-12-08,101,9,12.575,0.011892963330029732,1.3649932157394844,1009.0,12.0,997.0,737
21287,SCENTED VELVET LOUNGE CANDLE ,4107,1860.0,0.8480645161290323,2009-12-04,2011-12-06,93,4,51.9873417721519,0.0,5.60300136425648,4134.0,0.0,4134.0,733
21288,STRIPEY CHOCOLATE NESTING BOXES,982,2557.4700000000003,3.34125,2009-12-03,2011-12-08,224,9,5.64367816091954,0.025746652935118436,1.3342391304347827,971.0,25.0,946.0,736
21289,LARGE STRIPES CHOCOLATE GIFT BAG,1413,1549.31,1.3087254901960785,2009-12-08,2011-12-08,102,7,15.358695652173912,0.013802622498274672,1.93296853625171,1449.0,20.0,1429.0,731
21290,LARGE SPOTTY CHOCOLATE GIFT BAG,2,2.5,1.25,2009-12-23,2009-12-23,1,1,2.0,-0.0,2.0,-15.0,0.0,-15.0,1
21291,SMALL SPOTTY CHOCOLATE GIFT BAG ,2411,2077.93,0.9722222222222222,2009-12-01,2011-11-28,153,8,19.134920634920636,0.02644041041831097,3.3118131868131866,2534.0,67.0,2467.0,728
21292,SMALL STRIPES CHOCOLATE GIFT BAG ,2449,1427.11,0.8146153846153845,2009-12-04,2011-12-06,91,8,31.0,0.006459426725878078,3.34106412005457,2477.0,16.0,2461.0,733
21293,MIRRORED DOVE WALL DECORATION,343,872.34,3.0056976744186046,2009-12-03,2011-12-05,85,3,5.119402985074627,0.0058309037900874635,0.4679399727148704,343.0,2.0,341.0,733
21294,ETCHED GLASS COASTER,2246,1653.75,1.1270921985815603,2009-12-02,2011-10-26,139,6,18.260162601626018,0.0,3.2363112391930837,2211.0,0.0,2211.0,694
21298,EDWARDIAN 2 DRAWER WALL CABINET ,52,755.8,19.37857142857143,2009-12-14,2010-03-03,14,1,6.5,0.20689655172413793,0.65,29.0,6.0,23.0,80
21299,EDWARDIAN TOILET ROLL UNIT ,166,966.35,11.016176470588235,2009-12-01,2010-03-12,34,2,7.217391304347826,0.02564102564102564,1.6274509803921569,156.0,4.0,152.0,102
21300,ANTIQUE EDWARDIAN DRESSER,53,841.7,23.479166666666668,2009-12-05,2010-03-05,12,3,8.833333333333334,0.35714285714285715,0.5824175824175825,28.0,10.0,18.0,91
21303,FILIGREE WALL MIRROR  ANTIQUE WHITE,96,985.54,15.434666666666667,2009-12-03,2010-03-10,30,3,4.173913043478261,0.1527777777777778,0.9795918367346939,72.0,11.0,61.0,98
21304,ARCHED GREY MIRROR,86,591.58,11.132222222222222,2009-12-02,2010-04-13,18,2,5.733333333333333,0.0,0.6466165413533834,79.0,0.0,79.0,133
21306,SET/4 DAISY MIRROR MAGNETS,681,342.8,1.3966176470588234,2009-12-03,2011-12-05,68,3,10.476923076923077,0.027737226277372264,0.9290586630286494,685.0,19.0,666.0,733
21307,SET/4 BUTTERFLY MIRROR MAGNETS,749,650.07,2.1256944444444446,2009-12-01,2011-07-13,72,2,12.483333333333333,0.00141643059490085,1.269491525423729,706.0,1.0,705.0,590
21308,LOUVRE VANITY MIRROR,132,705.9,12.158333333333333,2009-12-06,2010-01-12,6,1,22.0,0.016129032258064516,3.473684210526316,124.0,2.0,122.0,38
21309,LOUVRE CHALKBOARD,49,325.6,9.16,2009-12-08,2010-02-17,5,1,12.25,0.034482758620689655,0.6805555555555556,29.0,1.0,28.0,72
21310,CAPIZ CHANDELIER,6,179.7,29.95,2010-03-18,2011-05-24,4,1,1.5,0.16666666666666666,0.013856812933025405,6.0,1.0,5.0,433
21311,SET/4 BIRD MIRROR MAGNETS ,701,539.6700000000001,1.5697894736842104,2009-12-03,2011-12-04,94,2,8.151162790697674,0.037921348314606744,0.9576502732240437,712.0,27.0,685.0,732
21312,LARGE CHUNKY GLASS ROMAN BOWL,299,1179.17,6.8161538461538465,2009-12-02,2010-09-12,26,1,11.5,0.05078125,1.0491228070175438,256.0,13.0,243.0,285
21313,GLASS HEART T-LIGHT HOLDER ,6711,5771.11,1.1320383693045564,2009-12-01,2011-12-09,415,5,23.79787234042553,0.022935113949775005,9.081190798376184,6889.0,158.0,6731.0,739
21314,SMALL GLASS HEART TRINKET POT,11426,24641.390000000003,2.776856343283582,2009-12-01,2011-12-09,1066,10,24.00420168067227,0.09614183067791315,15.461434370771313,12804.0,1231.0,11573.0,739
21316,SMALL CHUNKY GLASS ROMAN  BOWL,693,1146.11,3.0117021276595746,2009-12-03,2011-04-10,47,1,16.5,0.002967359050445104,1.402834008097166,674.0,2.0,672.0,494
21317,GLASS SPHERE CANDLE STAND MEDIUM,357,1453.4,5.967763157894737,2009-12-13,2011-12-06,74,2,5.1,0.008333333333333333,0.4930939226519337,360.0,3.0,357.0,724
21318,GLASS CHALICE BLUE SMALL ,972,900.42,1.5972340425531912,2009-12-13,2011-05-09,93,7,13.315068493150685,0.03508771929824561,1.894736842105263,912.0,32.0,880.0,513
21319,GLASS CHALICE GREEN  SMALL ,508,743.6099999999999,1.9736923076923076,2009-12-07,2011-04-10,65,4,8.466666666666667,0.0819327731092437,1.036734693877551,476.0,39.0,437.0,490
21320,GLASS CHALICE GREEN  LARGE ,398,913.34,3.1577192982456137,2009-12-01,2011-04-07,56,3,7.803921568627451,0.07051282051282051,0.8073022312373225,312.0,22.0,290.0,493
21321,GLASS CHALICE BLUE  LARGE ,122,301.8,3.076111111111111,2009-12-01,2010-04-09,18,1,7.176470588235294,0.14285714285714285,0.9384615384615385,105.0,15.0,90.0,130
21322,GLASS SPHERE CANDLE STAND LARGE ,301,590.45,4.9678571428571425,2009-12-09,2010-01-11,14,2,25.083333333333332,0.0,8.852941176470589,286.0,0.0,286.0,34
21323,HANGING MEDINA LANTERN LARGE,740,2506.89,5.57325,2009-12-02,2010-07-23,80,3,12.131147540983607,0.00411522633744856,3.1623931623931623,729.0,3.0,726.0,234
21324,HANGING MEDINA LANTERN SMALL,1014,2845.71,3.7048022598870056,2009-12-03,2011-05-09,175,6,7.681818181818182,0.05389221556886228,1.9388145315487573,1002.0,54.0,948.0,523
21326,AGED GLASS SILVER T-LIGHT HOLDER,17770,11593.86,0.8101834862385321,2009-12-01,2011-12-09,643,7,48.68493150684932,0.005556766179995642,24.046008119079836,18356.0,102.0,18254.0,739
21327,SKULLS WRITING SET ,1926,3378.5099999999998,2.00214,2009-12-02,2011-12-09,495,6,6.15335463258786,0.0,2.6097560975609757,1967.0,0.0,1967.0,738
21328,BALLOONS  WRITING SET ,2441,4612.63,2.262357473035439,2009-12-01,2011-12-09,643,9,7.07536231884058,0.0,3.3031123139377536,2535.0,0.0,2535.0,739
21329,DINOSAURS  WRITING SET ,2082,3760.66,2.1119964349376112,2009-12-01,2011-12-09,555,6,6.5678233438485805,0.00940733772342427,2.817320703653586,2126.0,20.0,2106.0,739
21330,WOODLAND ANIMAL  WRITING SET ,1452,2454.0699999999997,2.2783251231527095,2009-12-01,2010-11-07,201,6,12.0,0.006716417910447761,4.245614035087719,1340.0,9.0,1331.0,342
21331,MOROCCAN BEATEN METAL DISH LARGE,110,946.6800000000001,14.569333333333333,2009-12-06,2011-11-16,30,6,4.074074074074074,0.02727272727272727,0.15471167369901548,110.0,3.0,107.0,711
21332,MOROCCAN BEATEN METAL MIRROR,270,1644.17,11.9834,2009-12-04,2011-08-15,50,3,6.0,0.08571428571428572,0.43548387096774194,245.0,21.0,224.0,620
21333,CLASSIC WHITE FRAME,1057,3192.09,3.225765765765766,2009-12-01,2011-04-05,222,8,6.60625,0.017126546146527116,2.1527494908350304,1051.0,18.0,1033.0,491
21335,LIBRARY LAMP,42,989.62,25.33285714285714,2009-12-01,2010-05-18,28,2,1.68,-0.6666666666666666,0.2485207100591716,-6.0,4.0,-10.0,169
21336,GOLD WASHBAG,1823,527.5600000000001,3.43906976744186,2009-12-04,2011-06-29,43,3,43.404761904761905,0.478693967902601,3.181500872600349,1807.0,865.0,942.0,573
21337,SILVER WASHBAG,33,103.53000000000002,3.465,2009-12-02,2010-11-30,12,1,3.0,0.0,0.09065934065934066,12.0,0.0,12.0,364
21338,MARAKESH LANTERN SMALL ,199,873.25,6.314285714285715,2009-12-05,2010-04-13,13,1,16.583333333333332,0.0,1.5307692307692307,199.0,0.0,199.0,130
21339,MARAKESH LANTERN LARGE,30,544.5,19.257692307692306,2009-12-08,2010-07-14,12,2,2.727272727272727,0.0,0.136986301369863,25.0,0.0,25.0,219
21340,CLASSIC METAL BIRDCAGE PLANT HOLDER,1758,19194.13,13.07895238095238,2009-12-02,2011-12-07,419,13,6.948616600790514,0.03490990990990991,2.3885869565217392,1776.0,62.0,1714.0,736
21341,KASBAH LANTERN WITH GLASS ,72,410.64000000000004,7.1865517241379315,2009-12-02,2010-10-01,29,3,3.4285714285714284,0.0,0.23684210526315788,57.0,0.0,57.0,304
21343,GOLD JEWELERY BOX,20,92.00000000000001,8.283333333333333,2009-12-09,2010-02-11,3,1,6.666666666666667,0.2857142857142857,0.3076923076923077,7.0,2.0,5.0,65
21344,MOROCCAN BEATEN METAL DISH,166,749.82,8.916153846153845,2009-12-01,2011-12-08,26,4,6.64,0.030120481927710843,0.22493224932249323,166.0,5.0,161.0,738
21347,GOTHIC CARRIAGE LANTERN,8,47.6,5.95,2009-12-02,2010-04-01,4,1,2.0,-0.0,0.06611570247933884,-10.0,0.0,-10.0,121
21348,PINK SPOTS CHOCOLATE NESTING BOXES ,842,2030.8400000000001,3.147611940298508,2009-12-01,2011-01-26,133,6,8.174757281553399,0.038366336633663366,1.995260663507109,808.0,31.0,777.0,422
21349,IVY HEART WREATH,553,4010.73,8.393837209302326,2009-12-01,2011-11-01,171,9,6.144444444444445,0.024742268041237112,0.7888730385164051,485.0,12.0,473.0,701
21350,GINGHAM HEART WREATH,225,647.7500000000001,2.940909090909091,2009-12-02,2010-11-05,42,3,7.03125,0.004395604395604396,0.6637168141592921,455.0,2.0,453.0,339
21351,CINAMMON & ORANGE WREATH,1099,3702.75,5.481508379888268,2009-12-01,2011-12-09,177,5,11.329896907216495,0.027412280701754384,1.4871447902571042,912.0,25.0,887.0,739
21352,EUCALYPTUS & PINECONE  WREATH,880,3110.28,5.293647798742139,2009-12-01,2011-11-15,158,3,8.54368932038835,0.012304250559284116,1.2307692307692308,894.0,11.0,883.0,715
21353,SILVER SLEIGHBELL  WREATH,19,160.45,8.994444444444445,2009-12-01,2009-12-22,9,1,3.1666666666666665,-0.0,0.8636363636363636,-116.0,0.0,-116.0,22
21354,TOAST ITS - BEST MUM,2476,2979.46,1.4986238532110092,2009-12-02,2011-12-01,217,9,15.378881987577639,0.0,3.3917808219178083,2534.0,0.0,2534.0,730
21355,TOAST ITS - I LOVE YOU ,3452,4218.05,1.455664739884393,2009-12-01,2011-12-09,341,11,17.17412935323383,0.01411764705882353,4.671177266576454,3400.0,48.0,3352.0,739
21356,TOAST ITS - FAIRY FLOWER,1592,2014.1599999999999,1.497909604519774,2009-12-01,2011-12-09,349,8,6.497959183673469,0.0006157635467980296,2.15426251691475,1624.0,1.0,1623.0,739
21357,TOAST ITS - DINOSAUR,1388,1827.76,1.5208796296296296,2009-12-01,2011-03-28,211,7,9.985611510791367,0.02527646129541864,2.8737060041407867,1899.0,48.0,1851.0,483
21358,TOAST ITS - HAPPY BIRTHDAY,1129,1398.71,1.2818918918918918,2009-12-02,2011-12-08,222,9,6.342696629213483,0.0008718395815170009,1.5318860244233379,1147.0,1.0,1146.0,737
21359,RELAX LARGE WOOD LETTERS,208,2116.48,14.575066666666665,2009-12-02,2011-08-11,73,3,3.2,0.02197802197802198,0.3365695792880259,182.0,4.0,178.0,618
21360,JOY LARGE WOOD LETTERS,441,2790.41,10.0931,2009-12-01,2011-06-06,100,3,5.25,0.004819277108433735,0.7974683544303798,415.0,2.0,413.0,553
21361,LOVE LARGE WOOD LETTERS ,556,7361.74,14.29027777777778,2010-02-11,2011-07-22,286,7,2.865979381443299,0.028070175438596492,1.0550284629981024,570.0,16.0,554.0,527
21363,HOME SMALL WOOD LETTERS,984,5296.4800000000005,5.966068796068797,2010-01-05,2011-09-25,401,5,3.7846153846153845,0.018962075848303395,1.5643879173290938,1002.0,19.0,983.0,629
21364,PEACE SMALL WOOD LETTERS,468,3407.7200000000003,7.620658682634731,2009-12-01,2011-10-13,167,2,4.0,0.004576659038901602,0.6862170087976539,437.0,2.0,435.0,682
21365,MIRRORED WALL ART STARS,469,707.9200000000001,2.5030379746835445,2009-12-07,2011-12-08,77,4,6.7,0.0,0.6407103825136612,476.0,0.0,476.0,732
21366,MIRRORED WALL ART PHOTO FRAMES,238,1140.0,6.046153846153847,2009-12-10,2011-12-07,77,2,3.5522388059701493,0.0,0.3269230769230769,247.0,0.0,247.0,728
21367,MIRRORED WALL ART GENTS,211,278.47999999999996,2.5669999999999997,2009-12-08,2011-12-05,60,1,3.981132075471698,0.0,0.28983516483516486,215.0,0.0,215.0,728
21368,MIRRORED WALL ART LADIES,201,212.04,1.8668085106382977,2009-12-08,2011-12-05,47,1,4.674418604651163,0.0,0.2760989010989011,203.0,0.0,203.0,728
21369,MIRRORED WALL ART SPLODGES,133,225.36,2.914090909090909,2009-12-23,2011-12-05,22,3,6.333333333333333,0.0,0.18653576437587657,135.0,0.0,135.0,713
21370,MIRRORED WALL ART FOXY,54,251.97,7.356363636363636,2009-12-06,2011-12-07,22,1,2.5714285714285716,0.0,0.07377049180327869,56.0,0.0,56.0,732
21371,MIRRORED WALL ART POPPIES,404,556.01,2.59578125,2009-12-01,2011-12-08,64,7,6.8474576271186445,0.0,0.5474254742547425,404.0,0.0,404.0,738
21372,MIRRORED WALL ART TABLE LAMP,156,267.01,2.5941176470588236,2009-12-02,2011-11-28,50,4,3.466666666666667,0.0,0.21458046767537828,158.0,0.0,158.0,727
21373,MIRRORED WALL ART SNOWFLAKES,636,548.89,1.2465573770491802,2009-12-04,2011-12-07,61,4,12.23076923076923,0.018867924528301886,0.8664850136239782,636.0,12.0,624.0,734
21374,MIRRORED WALL ART SKULLS,470,809.67,2.8980281690140846,2009-12-18,2011-12-01,71,4,7.230769230769231,0.0,0.6582633053221288,474.0,0.0,474.0,714
21375,LARGE CAMPHOR WOOD FIELD MUSHROOM ,134,817.6,8.058225806451611,2009-12-01,2011-12-04,61,3,2.3508771929824563,0.0,0.18256130790190736,139.0,0.0,139.0,734
21376,LARGE  TALL CAMPHOR WOOD TOADSTOOL ,183,849.91,5.996086956521739,2009-12-06,2011-12-04,46,2,4.159090909090909,0.0,0.25102880658436216,188.0,0.0,188.0,729
21377,SMALL CAMPHOR WOOD FIELD  MUSHROOM,518,742.56,2.524387755102041,2009-12-01,2011-12-08,98,3,5.630434782608695,0.04554079696394687,0.7018970189701897,527.0,24.0,503.0,738
21378,SMALL TALL CAMPHOR WOOD TOADSTOOL,560,728.9699999999999,2.1554545454545457,2009-12-07,2011-12-09,88,2,7.0,0.0,0.7639836289222374,561.0,0.0,561.0,733
21379, CAMPHOR WOOD PORTOBELLO MUSHROOM,641,705.46,1.9376,2009-12-01,2011-12-09,125,2,5.827272727272727,0.0,0.8673883626522327,656.0,0.0,656.0,739
21380,WOODEN HAPPY BIRTHDAY GARLAND,5031,14593.320000000002,3.406554878048781,2009-12-03,2011-12-02,651,18,13.274406332453825,0.11508799683606881,6.891780821917808,5057.0,582.0,4475.0,730
21381,MINI WOODEN HAPPY BIRTHDAY GARLAND,5104,8568.0,2.192467771639042,2009-12-03,2011-12-06,532,13,14.337078651685394,0.11711011846960574,6.953678474114441,5149.0,603.0,4546.0,734
21382,SET/4 SPRING FLOWER DECORATION,1238,1665.66,2.2237254901960783,2010-05-16,2011-12-01,152,3,10.672413793103448,0.0064516129032258064,2.191150442477876,1240.0,8.0,1232.0,565
21383,PACK OF 12 STICKY BUNNIES,2204,1590.43,0.9649240121580547,2009-12-09,2011-12-09,323,7,11.187817258883248,0.027765338110165697,3.015047879616963,2233.0,62.0,2171.0,731
21384,IVORY HANGING DECORATION  BUTTERFLY,1917,1810.1899999999998,1.048157894736842,2009-12-02,2010-05-19,150,2,22.821428571428573,0.0,11.34319526627219,1875.0,0.0,1875.0,169
21385,IVORY HANGING DECORATION  HEART,10832,9358.939999999999,1.0488716502115656,2009-12-01,2011-12-08,690,7,28.356020942408378,0.0005498029872628975,14.677506775067751,10913.0,6.0,10907.0,738
21386,IVORY HANGING DECORATION  EGG,1148,680.78,0.8370909090909091,2010-01-11,2011-12-04,105,3,13.505882352941176,0.0,1.6565656565656566,1196.0,0.0,1196.0,693
21387,IVORY HANGING DECORATION  RABBIT,25,21.25,0.85,2010-02-23,2010-03-01,4,1,8.333333333333334,0.0,3.5714285714285716,50.0,0.0,50.0,7
21388,IVORY HANGING DECORATION  CHICKEN,311,290.16999999999996,0.9158620689655173,2009-12-02,2010-03-29,29,1,12.958333333333334,0.0,2.635593220338983,196.0,0.0,196.0,118
21389,IVORY HANGING DECORATION  BIRD,2299,2008.09,0.9979850746268656,2009-12-03,2011-12-04,261,5,12.22872340425532,0.013020833333333334,3.140710382513661,2304.0,30.0,2274.0,732
21390,FILIGRIS HEART WITH BUTTERFLY,10937,13552.97,1.4604628099173553,2009-12-02,2011-12-08,588,9,31.518731988472624,0.006802721088435374,14.83989145183175,11025.0,75.0,10950.0,737
21391,FRENCH EMROIDR LAVENDER SCENT HEART,1417,1811.89,1.8737078651685393,2009-12-02,2011-11-21,175,5,9.97887323943662,0.002798507462686567,1.9680555555555554,1072.0,3.0,1069.0,720
21392,RED SPOTTY PUDDING BOWL,7545,1478.13,2.3816326530612244,2009-12-03,2011-03-17,48,8,164.02173913043478,0.4854368932038835,16.0531914893617,7519.0,3650.0,3869.0,470
21393,BLUE  SPOTTY PUDDING BOWL,5244,1172.8100000000002,2.1336363636363633,2010-01-08,2011-03-28,43,7,127.90243902439025,0.4771815925147985,11.784269662921348,5237.0,2499.0,2738.0,445
21394,RED SPOTTY BEAKER ,4005,1864.6299999999999,0.7890666666666667,2010-01-26,2011-11-13,150,12,36.08108108108108,0.00548218290555694,6.095890410958904,4013.0,22.0,3991.0,657
21395,BLUE SPOTTY BEAKER ,2968,1401.6,0.906695652173913,2009-12-07,2011-11-03,115,10,31.242105263157896,0.006798096532970768,4.258249641319942,2942.0,20.0,2922.0,697
21396,RED SPOTTY EGG CUP ,948,1205.25,1.7088461538461537,2009-12-01,2010-05-16,77,6,17.236363636363638,0.0057405281285878304,5.676646706586826,871.0,5.0,866.0,167
21397,BLUE  SPOTTY EGG CUP ,2157,2017.74,1.6506111111111113,2009-12-04,2011-05-09,180,5,15.977777777777778,0.005676442762535478,4.132183908045977,2114.0,12.0,2102.0,522
21398,RED  SPOTTY COFFEE  MUG,2295,2231.9,1.8902380952380953,2009-12-01,2011-04-19,126,8,22.95,0.0008733624454148472,4.544554455445544,2290.0,2.0,2288.0,505
21399,BLUE  SPOTTY  COFFEE MUG,2378,1550.44,1.5271186440677968,2009-12-04,2011-06-05,118,7,25.29787234042553,0.0492091388400703,4.331511839708561,2276.0,112.0,2164.0,549
21400,RED PUDDING SPOON,1078,213.07,0.3,2009-12-07,2011-12-08,91,5,13.308641975308642,0.011131725417439703,1.4726775956284153,1078.0,12.0,1066.0,732
21401,BLUE PUDDING SPOON,1437,315.7,0.3197540983606557,2009-12-07,2011-12-08,121,6,14.227722772277227,0.0,1.9631147540983607,1444.0,0.0,1444.0,732
21402,RED  EGG  SPOON,1698,333.42,0.3663815789473684,2009-12-03,2011-12-09,151,9,12.671641791044776,0.0006447453255963894,2.30393487109905,1551.0,1.0,1550.0,737
21403,BLUE EGG  SPOON,2319,523.0699999999999,0.33420382165605095,2009-12-03,2011-12-08,157,9,17.30597014925373,0.0,3.150815217391304,2326.0,0.0,2326.0,736
21406,SPOTTY CAT DOORSTOP ,1,8.65,8.65,2009-12-14,2009-12-14,1,1,1.0,-0.0,1.0,-7.0,0.0,-7.0,1
21407,BROWN CHECK CAT DOORSTOP ,1294,5883.33,5.250021978021978,2009-12-01,2011-11-22,453,7,4.431506849315069,0.0015408320493066256,1.7922437673130194,1298.0,2.0,1296.0,722
21408,SPOTTY PINK DUCK DOORSTOP,703,3045.31,5.908458333333333,2009-12-02,2011-12-09,240,8,3.7593582887700534,0.006954102920723227,0.9525745257452575,719.0,5.0,714.0,738
21409,SPOTTY COCKEREL DOORSTOP,1,4.25,4.25,2010-01-18,2010-01-18,1,1,1.0,0.0,1.0,2.0,0.0,2.0,1
21410,COUNTRY COTTAGE  DOORSTOP GREEN,312,1458.28,5.5142,2009-12-01,2010-12-07,150,6,2.8363636363636364,0.003257328990228013,0.8387096774193549,307.0,1.0,306.0,372
21411,GINGHAM HEART  DOORSTOP RED,2090,8352.94,4.870365659777424,2009-12-01,2011-12-09,624,9,5.870786516853933,0.003754106053496011,2.828146143437077,2131.0,8.0,2123.0,739
21412,VINTAGE GOLD TINSEL REEL,275,279.0,1.7285135135135135,2009-12-01,2010-11-21,67,4,5.978260869565218,0.03765690376569038,0.7724719101123596,239.0,9.0,230.0,356
21413,PERIWINKLE T-LIGHT HOLDER,3162,1131.14,1.6411538461538462,2009-12-08,2011-11-13,52,1,64.53061224489795,0.0,4.478753541076487,3174.0,0.0,3174.0,706
21414,SCALLOP SHELL SOAP DISH,1637,870.89,2.922972972972973,2009-12-07,2011-02-22,36,4,48.14705882352941,0.0006289308176100629,3.695259593679458,1590.0,1.0,1589.0,443
21415,CLAM SHELL SMALL ,348,726.1600000000001,2.6460975609756097,2009-12-09,2011-12-08,82,3,4.35,0.0,0.4767123287671233,361.0,0.0,361.0,730
21416,CLAM SHELL LARGE,751,603.0600000000001,4.120434782608696,2009-12-13,2011-03-22,22,3,35.76190476190476,0.0,1.6150537634408602,739.0,0.0,739.0,465
21417,COCKLE SHELL DISH,502,1023.9000000000001,3.0267796610169495,2009-12-01,2011-12-09,118,2,4.735849056603773,0.04950495049504951,0.6792963464140731,505.0,25.0,480.0,739
21418,STARFISH SOAP DISH,194,533.8399999999999,3.4825373134328355,2009-12-06,2011-12-07,66,2,3.0793650793650795,0.015384615384615385,0.2650273224043716,195.0,3.0,192.0,732
21419,CONCH SHELL,1259,577.6899999999999,4.353157894736842,2009-12-01,2010-07-14,19,2,74.05882352941177,0.0,5.570796460176991,1249.0,0.0,1249.0,226
21420,OYSTER TRINKET BOX,120,332.16,3.613125,2010-01-04,2011-12-07,31,2,4.0,0.0,0.17069701280227595,122.0,0.0,122.0,703
21421,PORCELAIN ROSE LARGE ,1792,2144.48,1.5691666666666666,2009-12-06,2011-05-24,105,4,21.333333333333332,0.0029296875,3.349532710280374,2048.0,6.0,2042.0,535
21422,PORCELAIN ROSE SMALL,3160,2619.17,1.0762837837837838,2009-12-03,2011-11-28,147,4,24.496124031007753,0.0012706480304955528,4.352617079889807,3148.0,4.0,3144.0,726
21424,WOODLAND STORAGE BOX LARGE ,955,2861.64,4.811619718309859,2009-12-01,2011-10-25,142,8,7.958333333333333,0.06448087431693988,1.3760806916426513,915.0,59.0,856.0,694
21425,SKULLS STORAGE BOX LARGE,505,1274.93,4.1706315789473685,2009-12-02,2011-12-06,95,2,5.674157303370786,0.061386138613861385,0.6870748299319728,505.0,31.0,474.0,735
21426,WOODLAND STORAGE BOX SMALL,1028,1647.0700000000002,3.2193069306930693,2009-12-01,2011-12-05,99,9,10.936170212765957,0.1010689990281827,1.398639455782313,1029.0,104.0,925.0,735
21427,SKULLS STORAGE BOX SMALL,507,999.0600000000001,3.0454166666666667,2009-12-03,2011-12-06,119,5,4.970588235294118,0.030947775628626693,0.6907356948228883,517.0,16.0,501.0,734
21428,SET3 BOOK BOX GREEN GINGHAM FLOWER ,2883,11762.93,5.06049356223176,2009-12-01,2011-12-06,465,19,9.873287671232877,0.014547973675095255,3.917119565217391,2887.0,42.0,2845.0,736
21429,RED GINGHAM ROSE JEWELLERY BOX,6359,11342.25,2.1040532544378694,2009-12-01,2011-12-08,997,18,16.559895833333332,0.010869565217391304,8.616531165311653,6440.0,70.0,6370.0,738
21430,SET/3 RED GINGHAM ROSE STORAGE BOX,4621,18044.97,4.762558139534884,2009-12-01,2011-12-09,814,19,13.127840909090908,0.013730959021669169,6.2530446549391066,4661.0,64.0,4597.0,739
21431,GREEN GINGHAM FLOWER JEWELLERY BOX,1483,2511.3599999999997,1.9398924731182796,2009-12-01,2010-11-16,278,11,9.098159509202453,0.0014738393515106854,4.2250712250712255,1357.0,2.0,1355.0,351
21432,SET OF 3 CASES WOODLAND DESIGN,942,5435.91,6.09857740585774,2009-12-01,2010-11-19,237,15,6.077419354838709,0.02569832402234637,2.6610169491525424,895.0,23.0,872.0,354
21437,24 HANGING EASTER EGGS FLORAL TUB,677,2350.92,3.9735964912280703,2009-12-08,2010-03-28,109,3,12.309090909090909,0.007961783439490446,6.099099099099099,628.0,5.0,623.0,111
21438,TUB 24 HANGING EASTER EGGS SPOTTY,373,1229.8200000000002,3.8329729729729727,2009-12-03,2010-03-18,36,3,16.217391304347824,0.011363636363636364,3.518867924528302,352.0,4.0,348.0,106
21439,BASKET OF TOADSTOOLS,2259,2837.54,1.5492181069958846,2009-12-01,2011-12-08,240,12,12.01595744680851,0.1782437745740498,3.0609756097560976,2289.0,408.0,1881.0,738
21440,12 MINI TOADSTOOL PEGS,472,597.56,1.32875,2009-12-01,2010-07-01,95,3,7.044776119402985,0.005,2.215962441314554,400.0,2.0,398.0,213
21441,BLUE BIRDHOUSE DECORATION,928,655.4599999999999,1.1006716417910447,2009-12-13,2011-12-08,133,10,7.798319327731092,0.0,1.278236914600551,941.0,0.0,941.0,726
21442,GREEN BIRDHOUSE DECORATION,973,704.9699999999999,1.1215441176470589,2009-12-15,2011-12-08,136,7,8.176470588235293,0.0,1.3439226519337018,978.0,0.0,978.0,724
21443,OLIVE CHALET BIRDFEEDER,257,727.9300000000001,4.631923076923077,2009-12-04,2010-03-30,26,1,12.85,0.023715415019762844,2.1965811965811968,253.0,6.0,247.0,117
21444,BLUE CHALET BIRDFEEDER,291,902.0300000000001,5.461944444444445,2009-12-01,2010-04-26,36,3,9.387096774193548,0.0035587188612099642,1.9795918367346939,281.0,1.0,280.0,147
21445,12 PINK ROSE PEG PLACE SETTINGS,1519,1887.23,1.5165068493150684,2009-12-01,2011-07-22,146,5,13.684684684684685,0.008281573498964804,2.5358931552587647,1449.0,12.0,1437.0,599
21446,12 RED ROSE PEG PLACE SETTINGS,1258,1669.83,1.4849166666666667,2009-12-03,2011-12-08,232,10,6.763440860215054,0.0,1.7092391304347827,1227.0,0.0,1227.0,736
21447,12 IVORY ROSE PEG PLACE SETTINGS,2776,3842.63,1.6250146627565982,2009-12-03,2011-09-21,336,9,11.193548387096774,0.0003729951510630362,4.218844984802431,2681.0,1.0,2680.0,658
21448,12 DAISY PEGS IN WOOD BOX,955,1640.1699999999998,1.8780465116279068,2009-12-02,2011-10-16,211,2,5.584795321637427,0.0,1.3961988304093567,930.0,0.0,930.0,684
21450,DISTRESSED CANDLE STICK WHITE,13,77.35,5.95,2009-12-03,2009-12-20,3,1,4.333333333333333,-0.5882352941176471,0.7222222222222222,-17.0,10.0,-27.0,18
21452,TOADSTOOL MONEY BOX,1875,5731.330000000001,3.4630382775119615,2010-03-18,2011-12-08,408,16,6.970260223048327,0.022529441884280594,2.971473851030111,1953.0,44.0,1909.0,631
21454,PAINTED PINK RABBIT ,937,807.5999999999999,0.9064974619289339,2010-01-11,2011-12-08,194,3,6.992537313432836,0.012779552715654952,1.3443328550932567,939.0,12.0,927.0,697
21455,PAINTED YELLOW WOODEN DAISY,901,797.27,0.9351461988304094,2010-01-28,2011-12-07,167,2,7.385245901639344,0.018867924528301886,1.3269513991163475,901.0,17.0,884.0,679
21456,2 PICTURE BOOK EGGS EASTER CHICKS,738,776.05,1.447878787878788,2009-12-04,2011-12-07,65,4,13.924528301886792,0.0013550135501355014,1.005449591280654,738.0,1.0,737.0,734
21457,2 PICTURE BOOK EGGS EASTER DUCKS,685,716.0,1.5447692307692307,2009-12-04,2011-11-09,65,4,12.924528301886792,0.0,0.9702549575070821,686.0,0.0,686.0,706
21458,2 PICTURE BOOK EGGS EASTER BUNNY,768,849.24,1.635,2009-12-04,2011-11-09,88,5,11.462686567164178,0.0,1.0878186968838528,768.0,0.0,768.0,706
21459,YELLOW EASTER EGG HUNT START POST,263,520.55,2.300909090909091,2010-01-28,2011-04-18,44,2,6.414634146341464,0.06844106463878327,0.5896860986547086,263.0,18.0,245.0,446
21460,GREEN EASTER EGG HUNT START POST,113,249.64999999999998,2.3655555555555554,2010-01-29,2011-03-23,27,2,4.346153846153846,0.07079646017699115,0.26968973747016706,113.0,8.0,105.0,419
21461,BLUE EASTER EGG HUNT START POST,82,171.04,2.336086956521739,2010-01-29,2011-04-06,23,2,3.727272727272727,0.060240963855421686,0.18937644341801385,83.0,5.0,78.0,433
21462,"NURSERY A,B,C PAINTED LETTERS",413,2425.41,6.878888888888889,2009-12-04,2011-12-09,171,8,2.8095238095238093,0.014150943396226415,0.561141304347826,424.0,6.0,418.0,736
21463,MIRRORED DISCO BALL ,1349,7484.81,6.5647350993377485,2009-12-01,2011-12-07,302,7,5.942731277533039,0.056704980842911874,1.830393487109905,1305.0,74.0,1231.0,737
21464,DISCO BALL ROTATOR BATTERY OPERATED,539,2286.75,4.2453917050691246,2009-12-02,2011-12-01,217,6,3.011173184357542,0.0375,0.7383561643835617,560.0,21.0,539.0,730
21465,PINK FLOWER CROCHET FOOD COVER,793,2875.6400000000003,4.030588235294117,2009-12-01,2011-12-01,187,3,5.183006535947713,0.002512562814070352,1.084815321477428,796.0,2.0,794.0,731
21466,RED FLOWER CROCHET FOOD COVER,927,3479.79,3.984782608695652,2009-12-01,2011-12-08,275,4,4.213636363636364,0.0,1.2560975609756098,937.0,0.0,937.0,738
21467,CHERRY CROCHET FOOD COVER,1025,3263.75,4.033984375,2009-12-01,2011-12-09,254,9,5.256410256410256,0.004849660523763337,1.3870094722598105,1031.0,5.0,1026.0,739
21468,BUTTERFLY CROCHET FOOD COVER,669,2361.39,4.018827586206896,2009-12-02,2011-11-29,142,3,5.395161290322581,0.002976190476190476,0.9189560439560439,672.0,2.0,670.0,728
21469,POLKA DOT RAFFIA FOOD COVER,1165,3482.01,3.972095238095238,2009-12-01,2011-12-07,210,4,6.812865497076023,0.042625745950554135,1.5807327001356852,1173.0,50.0,1123.0,737
21470,FLOWER VINE RAFFIA FOOD COVER,1102,4190.93,4.200248447204969,2009-12-01,2011-12-08,319,6,4.534979423868313,0.008028545941123996,1.4932249322493225,1121.0,9.0,1112.0,738
21471,STRAWBERRY RAFFIA FOOD COVER,1406,5095.63,3.9207523510971787,2009-12-01,2011-12-09,319,7,6.248888888888889,0.0028188865398167725,1.902571041948579,1419.0,4.0,1415.0,739
21472,LADYBIRD + BEE RAFFIA FOOD COVER,1056,4077.82,4.3950174216027875,2009-12-01,2011-07-15,285,6,5.528795811518324,0.0,1.7837837837837838,926.0,0.0,926.0,592
21473,SWEETHEART CREAM STEEL TABLE RECT,157,3212.16,20.839,2009-12-13,2011-11-20,90,3,2.1216216216216215,0.025477707006369428,0.22175141242937854,157.0,4.0,153.0,708
21474,SWEETHEART CREAM STEEL FOLDIN BENCH,210,4189.5,19.95,2010-01-21,2010-09-12,94,4,3.0,0.034653465346534656,0.8936170212765957,202.0,7.0,195.0,235
21475,SWEETHEART CREAM STEEL FOLDIN CHAIR,1,14.95,14.95,2009-12-16,2009-12-16,1,1,1.0,0.0,1.0,0.0,1.0,-1.0,1
21476,STEEL SWEETHEART ROUND TABLE CREAM,142,2219.5099999999998,16.436,2010-01-19,2011-10-19,85,4,1.9722222222222223,0.013888888888888888,0.2222222222222222,144.0,2.0,142.0,639
21477,STRING OF 20 ROSE LIGHTS,273,3248.94,14.872666666666666,2009-12-01,2010-03-31,45,2,12.409090909090908,0.0798611111111111,2.256198347107438,288.0,23.0,265.0,121
21478,SILVER SKULL HOT WATER BOTTLE ,204,854.23,4.4205376344086025,2009-12-01,2010-10-31,92,2,3.4,0.002386634844868735,0.608955223880597,419.0,1.0,418.0,335
21479,WHITE SKULL HOT WATER BOTTLE ,6219,31079.8,4.686652587117212,2009-12-01,2011-12-09,930,10,26.92207792207792,0.026008492569002124,8.415426251691475,7536.0,196.0,7340.0,739
21480,PINK STRIPE HOT WATER BOTTLE,285,899.5200000000001,3.835,2009-12-01,2009-12-22,57,1,16.764705882352942,0.022813688212927757,12.954545454545455,263.0,6.0,257.0,22
21481,FAWN BLUE HOT WATER BOTTLE,8174,25613.45,3.765328947368421,2009-12-01,2011-12-09,1050,18,23.09039548022599,0.09371348445898574,11.060893098782138,8558.0,802.0,7756.0,739
21482,MUSHROOM BLUE HOT WATER BOTTLE,740,2296.76,3.6295135135135137,2009-12-01,2010-10-17,184,9,7.628865979381444,0.00980392156862745,2.305295950155763,612.0,6.0,606.0,321
21484,CHICK GREY HOT WATER BOTTLE,4584,18171.14,4.573588571428571,2009-12-01,2011-12-09,864,13,13.642857142857142,0.012512413108242304,6.20297699594046,5035.0,63.0,4972.0,739
21485,RED SPOT HEART HOT WATER BOTTLE,7593,37078.67,5.467250177179306,2009-12-01,2011-12-09,1385,18,19.12594458438287,0.0049198940330515955,10.274695534506089,7927.0,39.0,7888.0,739
21486,PINK HEART DOTS HOT WATER BOTTLE,1116,3638.67,3.903737373737374,2009-12-01,2010-12-07,294,7,7.54054054054054,0.001,3.0,1000.0,1.0,999.0,372
21488,RED WHITE SCARF  HOT WATER BOTTLE,2384,9784.58,4.569120879120879,2009-12-01,2011-03-01,359,11,16.0,0.0,5.228070175438597,2364.0,0.0,2364.0,456
21489,BLUE WHITE SCARF HOT WATER BOTTLE,28,157.60000000000002,5.964285714285714,2009-12-01,2010-02-17,14,1,4.0,-0.0,0.35443037974683544,-3.0,0.0,-3.0,79
21490,SET OF THREE 50'S GIFT WRAPS ,637,1210.6,2.594642857142857,2009-12-01,2010-09-20,55,1,53.083333333333336,0.04878048780487805,2.1666666666666665,574.0,28.0,546.0,294
21491,SET OF THREE VINTAGE GIFT WRAPS,2878,5367.009999999999,2.124,2009-12-01,2010-12-16,248,9,32.70454545454545,0.01768990634755463,7.553805774278215,2883.0,51.0,2832.0,381
21493, VINTAGE DESIGN GIFT TAGS,272,252.45,1.0483333333333333,2009-12-01,2010-09-30,29,2,38.857142857142854,-0.0,0.8947368421052632,-437.0,0.0,-437.0,304
21494,ROTATING LEAVES T-LIGHT HOLDER,3833,6449.0,2.5810453648915184,2009-12-01,2011-12-09,501,8,14.518939393939394,0.001017293997965412,5.186738836265223,3932.0,4.0,3928.0,739
21495,SKULLS WRAP,12465,5119.3,0.4181382978723404,2009-12-01,2011-12-08,376,11,45.32727272727273,0.001997602876548142,16.890243902439025,12515.0,25.0,12490.0,738
21496,WOODLAND CREATURES  WRAP,25,10.5,0.42,2009-12-17,2009-12-17,1,1,25.0,-0.14285714285714285,25.0,-175.0,25.0,-200.0,1
21497,FANCY FONTS BIRTHDAY WRAP,17500,6978.0,0.4176907216494845,2009-12-01,2011-12-09,485,11,53.84615384615385,0.0,23.68064952638701,17625.0,0.0,17625.0,739
21498,RED SPOTS  WRAP ,26726,10851.92,0.41748129675810475,2009-12-01,2011-12-08,802,16,62.59016393442623,0.00372203818811181,36.21409214092141,26867.0,100.0,26767.0,738
21499,BLUE SPOTS  WRAP,15052,6059.84,0.4164782608695652,2009-12-01,2011-12-08,460,19,47.0375,0.014809451721187389,20.395663956639567,15193.0,225.0,14968.0,738
21500,PINK SPOTS  WRAP ,15950,6443.0,0.41638211382113816,2009-12-01,2011-12-05,492,19,47.470238095238095,0.0,21.700680272108844,16150.0,0.0,16150.0,735
21503,TOYBOX  WRAP ,1801,740.42,0.41875,2009-12-16,2011-11-30,64,8,31.051724137931036,0.0006341154090044388,2.518881118881119,1577.0,1.0,1576.0,715
21504,SKULLS GREETING CARD,4913,2005.02,0.46684848484848485,2009-12-02,2011-12-07,329,5,21.360869565217392,0.0024788266887006815,6.675271739130435,4841.0,12.0,4829.0,736
21506,"FANCY FONT BIRTHDAY CARD, ",10878,4534.49,0.4894152923538231,2009-12-01,2011-12-09,665,14,28.108527131782946,0.005308794903556893,14.719891745602165,11302.0,60.0,11242.0,739
21507,"ELEPHANT, BIRTHDAY CARD, ",8223,3455.41,0.5037948717948717,2009-12-02,2011-12-09,584,14,23.098314606741575,0.002883922134102379,11.142276422764228,8322.0,24.0,8298.0,738
21508,VINTAGE KID DOLLY CARD ,6716,2808.62,0.517097966728281,2009-12-01,2011-12-09,541,15,19.928783382789316,0.0017641870038224052,9.087956698240866,6802.0,12.0,6790.0,739
21509,COWBOYS AND INDIANS BIRTHDAY CARD ,8696,3587.22,0.5027344992050874,2009-12-03,2011-12-09,628,11,23.824657534246576,0.0027220142905750254,11.799185888738128,8817.0,24.0,8793.0,737
21511,VINTAGE COLLAGE  GREETING  CARD ,40,16.8,0.42,2010-04-13,2010-05-21,2,1,20.0,0.0,1.0256410256410255,31.0,0.0,31.0,39
21518,BANK ACCOUNT  GREETING  CARD ,1107,469.28,0.504862385321101,2009-12-02,2011-07-12,109,5,11.53125,0.0,1.8826530612244898,1100.0,0.0,1100.0,588
21519,GIN & TONIC DIET GREETING CARD ,7356,3149.93,0.5015342960288808,2009-12-01,2011-12-08,553,14,20.897727272727273,0.004863550391786004,9.967479674796747,7402.0,36.0,7366.0,738
21520,BOOZE & WOMEN GREETING CARD ,957,411.63,0.5285185185185185,2009-12-01,2011-12-05,108,5,9.666666666666666,0.0020100502512562816,1.3020408163265307,995.0,2.0,993.0,735
21523,FANCY FONT HOME SWEET HOME DOORMAT,6916,46083.71,8.905819964349377,2009-12-01,2011-12-09,1122,12,15.002169197396963,0.0008459044128013534,9.358592692828147,7093.0,6.0,7087.0,739
21524,SPOTTY  HOME SWEET HOME DOORMAT,5255,35955.44,8.468759757155247,2009-12-01,2011-12-08,1150,21,10.552208835341366,0.001309880239520958,7.12059620596206,5344.0,7.0,5337.0,738
21525,BEWARE OF THE CAT DOORMAT,2,13.5,6.75,2009-12-18,2009-12-18,2,1,2.0,0.0,2.0,0.0,2.0,-2.0,1
21527,RETRO SPOT TRADITIONAL TEAPOT ,3345,24968.47,8.89035756853397,2009-12-01,2011-05-15,831,15,10.453125,0.05649891941957394,6.299435028248587,3239.0,183.0,3056.0,531
21528,DAIRY MAID TRADITIONAL TEAPOT ,899,5680.15,7.654163424124514,2009-12-01,2011-12-09,257,5,4.181395348837209,0.035164835164835165,1.2165087956698242,910.0,32.0,878.0,739
21529,RETRO SPOT CERAMIC TOASTRACK,503,1790.44,4.022302631578947,2009-12-01,2010-09-13,152,5,4.836538461538462,0.017699115044247787,1.7526132404181185,452.0,8.0,444.0,287
21530,DAIRY MAID CERAMIC TOASTRACK,959,1361.5600000000002,2.2781818181818183,2009-12-01,2011-12-08,162,4,7.0,0.06611570247933884,1.2994579945799458,968.0,64.0,904.0,738
21531,RETRO SPOT SUGAR JAM BOWL,4073,10174.119999999999,3.038633461047254,2009-12-01,2011-12-07,776,15,9.861985472154963,0.009870004814636495,5.526458616010855,4154.0,41.0,4113.0,737
21532,DAIRY MAID SUGAR JAM BOWL,1387,1419.71,2.386413043478261,2009-12-01,2010-10-11,90,3,18.743243243243242,0.012003000750187547,4.4031746031746035,1333.0,16.0,1317.0,315
21533,RETRO SPOT LARGE MILK JUG,3343,16614.870000000003,5.453440748440748,2009-12-01,2011-12-09,954,17,7.158458244111349,0.02416302765647744,4.523680649526387,3435.0,83.0,3352.0,739
21534,DAIRY MAID LARGE MILK JUG,938,4768.64,5.3836811594202905,2009-12-01,2011-12-07,342,4,3.5801526717557253,0.030208333333333334,1.2727272727272727,960.0,29.0,931.0,737
21535,RETRO SPOT SMALL MILK JUG,6776,16837.0,2.864748455428067,2009-12-01,2011-12-08,1111,14,14.29535864978903,0.014203686914475672,9.181571815718158,6618.0,94.0,6524.0,738
21536,DAIRY MAID  SMALL  MILK JUG,221,474.74000000000007,2.2688888888888887,2009-12-03,2010-03-30,61,3,4.911111111111111,0.035,1.8728813559322033,200.0,7.0,193.0,118
21537,RETRO SPOTS PUDDING BOWL,1005,4338.71,4.705285171102662,2009-12-01,2011-12-07,256,12,5.317460317460317,0.06564102564102564,1.3636363636363635,975.0,64.0,911.0,737
21538,DAIRY MAID  PUDDING BOWL,1308,1924.51,4.00764705882353,2009-12-01,2010-12-09,51,1,31.902439024390244,0.0015082956259426848,3.4973262032085564,1326.0,2.0,1324.0,374
21539,RETRO SPOTS BUTTER DISH,2723,13551.640000000001,5.789149232914923,2009-12-01,2011-11-01,709,11,6.928753180661578,0.02609019754006709,3.884450784593438,2683.0,70.0,2613.0,701
21540,DAIRY MAID CERAMIC BUTTER DISH,1323,2394.95,4.735977011494254,2009-12-01,2010-09-09,87,2,18.633802816901408,0.015420200462606014,4.6749116607773855,1297.0,20.0,1277.0,283
21541,DINOSAURS WATER TRANSFER TATTOOS ,1907,1636.24,1.0449261083743842,2009-12-01,2010-11-15,201,8,14.338345864661655,0.010662177328843996,5.448571428571428,1782.0,19.0,1763.0,350
21542,WOODLAND WATER TRANSFER TATTOOS ,1877,1600.75,1.016020942408377,2009-12-01,2010-10-10,190,8,14.896825396825397,0.07625272331154684,5.977707006369426,918.0,70.0,848.0,314
21543,BUTTERFLY WATER TRANSFER TATTOOS ,284,215.0,1.1958333333333333,2009-12-01,2009-12-21,24,1,25.818181818181817,0.0,13.523809523809524,133.0,0.0,133.0,21
21544,SKULLS  WATER TRANSFER TATTOOS ,6064,5052.21,1.0451968503937008,2009-12-01,2011-12-09,503,13,18.95,0.00391453270265862,8.205683355886332,6131.0,24.0,6107.0,739
21545,CERAMIC BIRDHOUSE BUTTERFLY SMALL,697,1640.1200000000001,3.555542168674699,2009-12-01,2010-07-23,82,4,10.25,0.002976190476190476,2.9659574468085106,672.0,2.0,670.0,235
21547,CERAMIC BIRDHOUSE CRESTED TIT SMALL,719,1848.4700000000003,3.5872727272727274,2009-12-01,2011-03-22,119,6,7.336734693877551,0.002793296089385475,1.5073375262054507,716.0,2.0,714.0,477
21548,CERAMIC BIRDHOUSE FINCH BLUE ROOF,682,1776.1200000000001,3.7270370370370376,2009-12-01,2010-11-01,107,5,8.317073170731707,0.022658610271903322,2.0297619047619047,662.0,15.0,647.0,336
21549,CERAMIC BIRDHOUSE RED ROOF SMALL,547,1270.39,3.3067307692307697,2009-12-01,2010-04-13,51,3,14.394736842105264,0.01338432122370937,4.082089552238806,523.0,7.0,516.0,134
21550,CERAMIC BIRDHOUSE CRESTED TIT LARGE,295,1565.51,6.715223880597015,2009-12-02,2010-05-21,64,1,5.9,0.0034129692832764505,1.7251461988304093,293.0,1.0,292.0,171
21551,CERAMIC BIRDHOUSE BUTTERFLY LARGE,169,824.95,6.8,2009-12-02,2010-01-29,22,1,10.5625,0.0,2.864406779661017,160.0,0.0,160.0,59
21552,CERAMIC BIRDHOUSE BLACK ROSE  LARGE,165,837.6,6.259722222222222,2009-12-02,2010-06-03,35,2,6.875,0.01948051948051948,0.8967391304347826,154.0,3.0,151.0,184
21553,CERAMIC BIRDHOUSE FINCH BLUE  LARGE,90,581.27,7.881282051282051,2009-12-01,2010-04-06,39,2,3.4615384615384617,0.012658227848101266,0.7086614173228346,79.0,1.0,78.0,127
21554,CERAMIC BIRDHOUSE RED ROOF LARGE,167,767.75,6.479545454545455,2009-12-01,2010-01-21,22,2,10.4375,0.02040816326530612,3.2115384615384617,147.0,3.0,144.0,52
21555,CERAMIC STRAWBERRY TRINKET TRAY,425,1131.37,3.057462686567164,2009-12-02,2011-12-06,134,7,3.828828828828829,0.0015082956259426848,0.5782312925170068,663.0,1.0,662.0,735
21556,CERAMIC STRAWBERRY MONEY BOX,1607,4244.41,3.251346801346801,2009-12-01,2011-11-23,293,9,7.688995215311005,0.0024922118380062306,2.22268326417704,1605.0,4.0,1601.0,723
21557,SET OF 6 FUNKY BEAKERS,932,3169.3900000000003,4.149375,2009-12-01,2011-12-09,302,6,4.179372197309417,0.0010460251046025104,1.2611637347767253,956.0,1.0,955.0,739
21558,SKULL LUNCHBOX WITH CUTLERY ,4207,10810.66,3.2576030927835053,2009-12-01,2011-12-09,768,13,11.159151193633953,0.02683581361307636,5.692828146143437,4099.0,110.0,3989.0,739
21559,STRAWBERRY LUNCHBOX WITH CUTLERY,8227,20345.53,3.0474677419354834,2009-12-01,2011-12-09,1221,18,16.653846153846153,0.0040738078121255695,11.132611637347766,8346.0,34.0,8312.0,739
21560,TOADSTOOL  LUNCHBOX WITH CUTLERY,4,15.44,3.86,2009-12-01,2009-12-22,4,1,2.0,0.0,0.18181818181818182,43.0,0.0,43.0,22
21561,DINOSAUR LUNCHBOX WITH CUTLERY,2969,7303.91,2.8990285714285715,2009-12-01,2011-12-08,522,14,8.810089020771514,0.0010036801605888257,4.023035230352304,2989.0,3.0,2986.0,738
21562,HAWAIIAN GRASS SKIRT ,678,970.2800000000001,1.8506756756756755,2010-01-07,2011-11-21,73,6,9.826086956521738,0.0,0.9912280701754386,678.0,0.0,678.0,684
21563,RED HEART SHAPE LOVE BUCKET ,2786,6875.71,3.315123287671233,2009-12-02,2011-12-09,362,9,10.513207547169811,0.006780870806566738,3.7750677506775068,2802.0,19.0,2783.0,738
21564,PINK  HEART SHAPE LOVE BUCKET ,1951,4524.5,3.22935593220339,2009-12-03,2011-12-09,294,10,8.445887445887445,0.005589430894308943,2.6472184531886023,1968.0,11.0,1957.0,737
21576,LETS GO SHOPPING COTTON TOTE BAG,732,1686.19,2.513381642512077,2009-12-01,2011-12-08,205,13,4.6923076923076925,0.012113055181695828,0.991869918699187,743.0,9.0,734.0,738
21577,SAVE THE PLANET COTTON TOTE BAG,2556,5716.5199999999995,2.713261802575107,2009-12-01,2011-12-08,464,22,8.548494983277592,0.006170458927882761,3.4634146341463414,2593.0,16.0,2577.0,738
21578,WOODLAND DESIGN  COTTON TOTE BAG,2205,5062.86,2.6083854166666667,2009-12-01,2011-12-05,380,21,8.57976653696498,0.004633920296570899,3.0,2158.0,10.0,2148.0,735
21579,LOLITA  DESIGN  COTTON TOTE BAG,1029,1560.85,2.5860583941605837,2009-12-01,2011-12-06,136,13,9.106194690265486,0.016283524904214558,1.3980978260869565,1044.0,17.0,1027.0,736
21580,RABBIT  DESIGN  COTTON TOTE BAG,542,1329.6299999999999,2.855639534883721,2009-12-01,2011-12-08,172,7,4.106060606060606,0.010889292196007259,0.7344173441734417,551.0,6.0,545.0,738
21581,SKULLS  DESIGN  COTTON TOTE BAG,1172,1890.74,2.6458333333333335,2009-12-01,2011-12-08,203,8,7.865771812080537,0.016835016835016835,1.5880758807588076,1188.0,20.0,1168.0,738
21582,KINGS CHOICE SMALL TUBE MATCHES,117,193.04999999999998,1.65,2009-12-01,2010-02-21,16,1,11.7,0.0,1.4096385542168675,79.0,0.0,79.0,83
21584,RETRO SPOT SMALL TUBE MATCHES,3769,6070.05,1.647831978319783,2009-12-01,2011-12-07,352,9,15.836134453781513,0.00696594427244582,5.113975576662144,3876.0,27.0,3849.0,737
21585,SWALLOW SMALL TUBE MATCHES,1,1.65,1.65,2010-08-01,2010-08-01,1,1,1.0,-0.0,1.0,-41.0,0.0,-41.0,1
21586,KINGS CHOICE GIANT TUBE MATCHES,2583,6018.75,2.5149590163934423,2009-12-01,2011-11-07,238,5,15.560240963855422,0.018752391886720246,3.6534653465346536,2613.0,49.0,2564.0,707
21587,COSY HOUR GIANT TUBE MATCHES,2071,5173.05,2.5416974169741695,2009-12-01,2011-10-18,260,3,18.327433628318584,0.0027198549410698096,3.014556040756914,2206.0,6.0,2200.0,687
21588,RETRO SPOT GIANT  TUBE MATCHES,3351,7748.55,2.523529411764706,2009-12-01,2011-12-08,284,7,16.839195979899497,0.0073572689817539725,4.540650406504065,3398.0,25.0,3373.0,738
21589,SWALLOW GIANT TUBE MATCHES,1119,2583.4500000000003,2.5044943820224717,2009-12-01,2010-06-17,88,5,17.484375,0.011090573012939002,5.623115577889447,1082.0,12.0,1070.0,199
21590,KINGS CHOICE CIGAR BOX MATCHES ,3448,4141.28,1.246135593220339,2009-12-01,2010-11-10,286,3,20.402366863905325,0.007503607503607504,9.994202898550725,3465.0,26.0,3439.0,345
21591,COSY HOUR CIGAR BOX MATCHES ,3978,6003.08,1.262421052631579,2009-12-01,2011-12-09,365,7,20.936842105263157,0.014000518537723619,5.382949932341002,3857.0,54.0,3803.0,739
21592,RETRO SPOT  CIGAR BOX MATCHES ,5876,6552.46,1.1931211498973304,2009-12-01,2011-12-08,476,10,20.763250883392224,0.00400600901352028,7.9620596205962055,5991.0,24.0,5967.0,738
21593,SWALLOW CIGAR BOX MATCHES ,1391,1629.31,1.2480208333333334,2009-12-01,2010-05-23,94,2,21.075757575757574,0.019339242546333603,7.994252873563219,1241.0,24.0,1217.0,174
21594,Dr. Jam's Arouzer Stress Ball,5,21.06,4.212,2009-12-09,2011-01-14,5,1,1.0,0.0,0.012437810945273632,5.0,0.0,5.0,402
21595,Dad's Cab Electronic Meter,9,76.95,8.55,2009-12-02,2010-12-07,9,1,1.0,0.0,0.02425876010781671,13.0,0.0,13.0,371
21596,Hypochondriac Pill Stress Ball,10,42.64,4.26,2009-12-01,2010-11-04,9,1,1.6666666666666667,0.0,0.029498525073746312,10.0,0.0,10.0,339
21609,SET 12 LAVENDER  BOTANICAL T-LIGHTS,1499,4186.29,3.033287671232877,2009-12-02,2011-08-30,218,6,8.468926553672317,0.0,2.3532182103610677,1508.0,0.0,1508.0,637
21610,SET 12 PEAR BOTANICAL T-LIGHTS,542,1543.67,3.043571428571429,2009-12-02,2010-11-18,97,4,6.948717948717949,0.0,1.5397727272727273,518.0,0.0,518.0,352
21611,SET OF 12 LILY BOTANICAL T-LIGHTS,750,2182.19,3.1227814569536427,2009-12-01,2010-10-27,148,5,6.756756756756757,0.008426966292134831,2.2658610271903323,712.0,6.0,706.0,331
21612,SET 12 WILDFLOWER BOTANICAL T-LIGHT,698,2025.7700000000002,3.2462280701754387,2009-12-01,2010-09-29,113,4,7.931818181818182,0.009202453987730062,2.3036303630363038,652.0,6.0,646.0,303
21613,S/12 VANILLA  BOTANICAL T-LIGHTS,632,1861.4500000000003,3.078445945945946,2009-12-02,2011-10-27,145,5,4.7518796992481205,0.0,0.9093525179856116,589.0,0.0,589.0,695
21614,SET OF 12 ROSE BOTANICAL T-LIGHTS,1627,4538.17,3.0643147208121833,2009-12-02,2011-05-31,194,8,11.220689655172414,0.08161993769470405,2.97985347985348,1605.0,131.0,1474.0,546
21615,4 LAVENDER BOTANICAL DINNER CANDLES,1168,2308.67,2.350348837209302,2009-12-01,2011-12-09,169,8,10.336283185840708,0.0,1.580514208389716,1161.0,0.0,1161.0,739
21616,4 PEAR BOTANICAL DINNER CANDLES,1152,2458.58,2.465969387755102,2009-12-08,2011-12-09,191,6,9.520661157024794,0.0,1.5737704918032787,1164.0,0.0,1164.0,732
21617,4 LILY  BOTANICAL DINNER CANDLES,834,2135.01,2.94546511627907,2009-12-02,2011-11-21,169,3,6.177777777777778,0.0,1.1583333333333334,854.0,0.0,854.0,720
21618,4 WILDFLOWER BOTANICAL CANDLES,698,1823.74,2.9126027397260277,2009-12-01,2011-11-14,139,4,6.345454545454546,0.0,0.9775910364145658,648.0,0.0,648.0,714
21619,4 VANILLA BOTANICAL CANDLES,1131,2069.02,2.4028169014084506,2009-12-01,2011-12-08,212,7,8.8359375,0.0,1.532520325203252,1045.0,0.0,1045.0,738
21620,S/4 ROSE    BOTANICAL  CANDLE,1087,2206.73,2.531762114537445,2009-12-03,2011-12-09,222,5,7.820143884892087,-0.015463917525773196,1.474898236092266,-388.0,6.0,-394.0,737
21621,VINTAGE UNION JACK BUNTING,6900,60286.04,9.307857689364958,2009-12-01,2011-12-06,1292,10,13.96761133603239,0.009823484267075978,9.375,6515.0,64.0,6451.0,736
21622,VINTAGE UNION JACK CUSHION COVER,3699,19936.94,5.8373892405063295,2009-12-01,2011-12-07,626,13,12.127868852459017,0.014915254237288136,5.01899592944369,2950.0,44.0,2906.0,737
21623,VINTAGE UNION JACK MEMOBOARD,6165,45402.18,10.215838041431262,2010-02-28,2011-12-08,530,9,19.95145631067961,0.007738012988807517,9.499229583975346,7237.0,56.0,7181.0,649
21624,VINTAGE UNION JACK DOORSTOP,1771,10641.15,6.616987654320988,2009-12-01,2011-12-08,403,6,6.632958801498128,0.01566871852266368,2.399728997289973,1787.0,28.0,1759.0,738
21625,VINTAGE UNION JACK APRON,984,7037.62,8.184553571428571,2009-12-01,2011-12-07,334,9,3.9203187250996017,0.0,1.3351424694708276,825.0,0.0,825.0,737
21626,VINTAGE UNION JACK PENNANT,1496,3017.0699999999997,2.3283009708737863,2009-12-01,2011-11-21,204,2,9.777777777777779,0.039603960396039604,2.074895977808599,1515.0,60.0,1455.0,721
21627,ELEPHANT CARNIVAL POUFFE,195,3766.35,22.700782608695654,2009-12-04,2011-10-24,115,5,1.8224299065420562,0.03550295857988166,0.2826086956521739,169.0,6.0,163.0,690
21628,TRIANGULAR POUFFE VINTAGE ,164,3185.2799999999997,22.65022988505747,2009-12-02,2011-12-08,87,6,2.05,0.023952095808383235,0.2225237449118046,167.0,4.0,163.0,737
21629,SQUARE FLOOR CUSHION VINTAGE PINK ,177,1961.37,11.973333333333334,2009-12-03,2011-12-08,105,1,1.84375,0.0055248618784530384,0.24048913043478262,181.0,1.0,180.0,736
21630,FLOOR CUSHION ELEPHANT CARNIVAL,162,1973.3899999999999,13.734105263157895,2009-12-03,2011-12-07,95,5,1.8,0.029940119760479042,0.22040816326530613,167.0,5.0,162.0,735
21631,HIPPY CHIC DECORATIVE PARASOL,221,1571.75,10.77962962962963,2009-12-09,2011-11-17,54,1,4.510204081632653,0.0,0.31170662905500707,221.0,0.0,221.0,709
21632,VINTAGE PINK DECORATIVE PARASOL,132,1076.22,11.170377358490565,2009-12-02,2011-01-18,53,3,3.2195121951219514,0.009900990099009901,0.3196125907990315,101.0,1.0,100.0,413
21633,SUNFLOWER DECORATIVE PARASOL,175,1663.11,13.04888888888889,2009-12-04,2011-11-21,72,3,2.734375,0.011363636363636364,0.24373259052924792,176.0,2.0,174.0,718
21634,ASSORTED MINI MADRAS NOTEBOOK,1771,1507.74,1.363768115942029,2009-12-03,2011-10-16,69,3,27.671875,0.07543640897755612,2.5929721815519766,1604.0,121.0,1483.0,683
21635,MADRAS NOTEBOOK LARGE ,398,855.24,3.29046511627907,2009-12-04,2011-07-13,42,2,9.95,0.030303030303030304,0.6780238500851788,396.0,12.0,384.0,587
21636,MADRAS NOTEBOOK MEDIUM,1014,985.74,1.4927722772277225,2009-12-04,2011-12-05,98,4,12.071428571428571,0.023762376237623763,1.3852459016393444,1010.0,24.0,986.0,732
21637,ASSORTED SANSKRIT MINI NOTEBOOK,1358,1741.72,1.8408602150537634,2009-12-01,2011-10-10,93,7,18.106666666666666,0.014766201804757998,2.0,1219.0,18.0,1201.0,679
21638,ASSORTED TUTTI FRUTTI NOTEBOOK,1020,2220.94,2.437448275862069,2009-12-01,2011-12-08,142,6,8.360655737704919,0.007881773399014778,1.3821138211382114,1015.0,8.0,1007.0,738
21639,ASSORTED TUTTI FRUTTI KEYRING,259,228.64999999999998,0.9633333333333333,2009-12-01,2010-03-03,15,2,32.375,-0.1509433962264151,2.78494623655914,-53.0,8.0,-61.0,93
21640,ASSORTED TUTTI FRUTTI  FOB NOTEBOOK,2225,2049.4,1.0971962616822428,2009-12-01,2011-12-08,205,5,13.650306748466258,0.0,3.0149051490514904,2269.0,0.0,2269.0,738
21641,ASSORTED TUTTI FRUTTI KEYRING BALL,1666,946.31,1.2257657657657657,2009-12-02,2011-09-16,111,3,17.0,0.0,2.547400611620795,1625.0,0.0,1625.0,654
21642,ASSORTED TUTTI FRUTTI PEN,4413,2575.18,0.8806896551724137,2009-12-01,2011-12-09,251,5,24.516666666666666,0.062048052250991366,5.971583220568336,4287.0,266.0,4021.0,739
21643,ASSORTED TUTTI FRUTTI MIRROR,1521,2127.94,1.8602941176470589,2009-12-01,2011-11-15,204,5,9.876623376623376,0.0091683038637852,2.1272727272727274,1527.0,14.0,1513.0,715
21644,ASSORTED TUTTI FRUTTI HEART BOX,1087,1461.47,1.4383916083916084,2009-12-03,2011-11-27,137,3,9.290598290598291,0.026119402985074626,1.4993103448275862,1072.0,28.0,1044.0,725
21645,ASSORTED TUTTI FRUTTI ROUND BOX,969,1642.6499999999999,1.844148148148148,2009-12-02,2010-11-16,133,6,10.09375,0.030364372469635626,2.7685714285714287,988.0,30.0,958.0,350
21647,ASSORTED TUTTI FRUTTI LARGE PURSE,848,1899.2800000000002,2.5659459459459457,2009-12-01,2011-11-27,144,7,8.233009708737864,0.006060606060606061,1.1664374140302614,660.0,4.0,656.0,727
21648,ASSORTED TUTTI FRUTTI SMALL PURSE,2940,3956.48,1.8345493562231758,2009-12-01,2011-12-09,231,9,17.818181818181817,0.09353306540007307,3.9783491204330175,2737.0,256.0,2481.0,739
21649,ASSORTED TUTTI FRUTTI PHOTO FRAME,421,1162.89,3.3486206896551725,2009-12-01,2010-01-08,29,1,26.3125,0.009925558312655087,10.794871794871796,403.0,4.0,399.0,39
21650,ASSORTED TUTTI FRUTTI BRACELET,3204,1163.8,0.6638647342995169,2009-12-01,2011-12-09,197,6,21.36,0.008583690987124463,4.335588633288228,3262.0,28.0,3234.0,739
21651,HANGING GLASS ETCHED TEALIGHT,1361,2200.3599999999997,1.84456,2009-12-03,2011-02-21,124,7,13.343137254901961,0.0,3.0515695067264574,1480.0,0.0,1480.0,446
21652,GLASS ETCHED T-LIGHT HOLDER MEDIUM,896,1747.9399999999998,2.098860759493671,2009-12-06,2010-08-05,78,7,13.575757575757576,0.02494061757719715,3.6872427983539096,842.0,21.0,821.0,243
21653,GLASS ETCHED T-LIGHT HOLDER LARGE,1246,2565.67,2.266086956521739,2010-01-13,2010-11-22,111,5,13.397849462365592,0.0063119927862939585,3.968152866242038,1109.0,7.0,1102.0,314
21654,RIDGED GLASS FINGER BOWL,1183,820.21,1.2796385542168673,2009-12-03,2011-09-18,82,2,15.773333333333333,0.0,1.8061068702290077,1198.0,0.0,1198.0,655
21655,HANGING RIDGE GLASS T-LIGHT HOLDER,1396,2277.5,1.9567415730337079,2009-12-02,2011-02-11,89,6,20.529411764705884,0.09545115585384041,3.194508009153318,1341.0,128.0,1213.0,437
21656,RIDGED GLASS POSY VASE ,985,1614.54,2.0507142857142853,2009-12-03,2011-05-03,140,7,8.491379310344827,0.0020491803278688526,1.9052224371373307,976.0,2.0,974.0,517
21657,MILK BOTTLE WITH GLASS STOPPER ,257,1967.38,8.511949152542373,2009-12-03,2011-02-20,118,4,2.519607843137255,0.018726591760299626,0.5775280898876405,267.0,5.0,262.0,445
21658,GLASS  BEURRE DISH,2225,9271.89,5.327878787878788,2009-12-01,2011-08-11,519,9,7.491582491582491,0.040498442367601244,3.594507269789984,2247.0,91.0,2156.0,619
21659,GLASS CAKE STAND,120,1891.7,17.163636363636364,2009-12-02,2010-11-07,66,4,2.142857142857143,0.037383177570093455,0.3519061583577713,107.0,4.0,103.0,341
21661,VINTAGE GLASS TEA CADDY,239,1511.3100000000002,7.073838383838384,2009-12-04,2011-02-22,98,3,2.9875,0.02631578947368421,0.5358744394618834,228.0,6.0,222.0,446
21662,VINTAGE GLASS COFFEE CADDY,269,1735.0500000000002,7.421028037383177,2009-12-04,2011-08-15,106,2,3.0568181818181817,0.015444015444015444,0.4338709677419355,259.0,4.0,255.0,620
21663,VINTAGE GLASS SUGAR CADDY,76,488.16,7.245625,2009-12-02,2010-04-13,32,1,2.814814814814815,0.1076923076923077,0.5714285714285714,65.0,7.0,58.0,133
21664,RIDGED GLASS STORAGE JAR CREAM LID,258,1031.07,4.253970588235294,2009-12-03,2011-10-17,67,2,4.161290322580645,0.029914529914529916,0.37719298245614036,234.0,7.0,227.0,684
21665,TRIANGULAR RIDGED GLASS POSY HOLDER,879,638.8000000000001,1.088974358974359,2009-12-02,2010-05-26,75,3,16.27777777777778,0.0,4.994318181818182,851.0,0.0,851.0,176
21666, RIDGED GLASS T-LIGHT HOLDER,1760,1105.15,0.819186046511628,2009-12-02,2011-12-06,85,4,22.564102564102566,0.001697792869269949,2.3945578231292517,1767.0,3.0,1764.0,735
21667,GLASS CAKE COVER AND PLATE,354,6126.25,18.958098159509202,2009-12-03,2011-01-12,163,6,2.9747899159663866,0.078125,0.8719211822660099,320.0,25.0,295.0,406
21668,RED STRIPE CERAMIC DRAWER KNOB,10357,13912.17,1.6418127250900358,2009-12-01,2011-12-09,825,12,23.974537037037038,0.008352534562211982,14.0148849797023,10416.0,87.0,10329.0,739
21669,BLUE STRIPE CERAMIC DRAWER KNOB,10578,13839.18,1.5683516483516484,2009-12-01,2011-12-09,805,14,25.73722627737226,0.00987700335445397,14.313937753721245,10732.0,106.0,10626.0,739
21670,BLUE SPOT CERAMIC DRAWER KNOB,8845,12074.4,1.6382901554404146,2009-12-01,2011-12-09,767,11,20.427251732101617,0.008134674048130154,11.968876860622462,8851.0,72.0,8779.0,739
21671,RED SPOT CERAMIC DRAWER KNOB,9488,12339.32,1.6134520547945204,2009-12-01,2011-12-09,727,15,24.142493638676847,0.01799703578234173,12.838971583220568,9446.0,170.0,9276.0,739
21672,WHITE SPOT RED CERAMIC DRAWER KNOB,11120,14411.13,1.59683192261185,2009-12-01,2011-12-09,815,13,25.86046511627907,0.005570530098831986,15.047361299052774,11130.0,62.0,11068.0,739
21673,WHITE SPOT BLUE CERAMIC DRAWER KNOB,10050,13272.39,1.6327083333333334,2009-12-01,2011-12-09,763,14,23.75886524822695,0.010036051836694924,13.599458728010825,10263.0,103.0,10160.0,739
21674,RIDGED GLASS PENDANT LAMPSHADE,43,680.8499999999999,16.505555555555553,2009-12-07,2010-03-10,9,3,4.777777777777778,0.0,0.4574468085106383,36.0,0.0,36.0,94
21675,BUTTERFLIES STICKERS,1782,1576.84,1.0479553903345724,2009-12-02,2011-12-09,268,9,8.865671641791044,0.0065609622744669215,2.4146341463414633,1829.0,12.0,1817.0,738
21676,FLOWERS  STICKERS,1193,893.7199999999999,1.0138364779874214,2009-12-02,2011-12-05,159,5,8.902985074626866,0.0,1.625340599455041,1212.0,0.0,1212.0,734
21677,HEARTS  STICKERS,2125,1859.3799999999999,0.9985304659498206,2009-12-01,2011-12-09,279,6,10.167464114832535,0.016544117647058824,2.8755074424898512,2176.0,36.0,2140.0,739
21678,PAISLEY PATTERN  STICKERS,572,423.0,0.97425,2009-12-02,2011-12-09,80,6,7.835616438356165,0.0,0.7750677506775068,582.0,0.0,582.0,738
21679,SKULLS  STICKERS,4871,4034.5099999999998,1.0574932614555255,2009-12-01,2011-12-07,370,10,19.101960784313725,0.18163471241170534,6.609226594301221,4955.0,900.0,4055.0,737
21680,WOODLAND  STICKERS,2858,2483.68,1.141003717472119,2009-12-01,2011-12-09,268,9,14.434343434343434,0.010200612036722203,3.8673883626522327,2941.0,30.0,2911.0,739
21681,GIANT MEDINA STAMPED METAL BOWL ,233,2234.81,10.156375,2009-12-02,2011-02-22,79,4,3.426470588235294,0.01327433628318584,0.5200892857142857,226.0,3.0,223.0,448
21682,LARGE MEDINA STAMPED METAL BOWL ,559,2767.59,5.280526315789474,2009-12-03,2011-12-04,152,7,4.140740740740741,0.007054673721340388,0.7636612021857924,567.0,4.0,563.0,732
21683,MEDIUM MEDINA STAMPED METAL BOWL ,936,2757.4700000000003,3.308627450980392,2009-12-02,2011-12-05,152,6,6.8321167883211675,0.0010822510822510823,1.2752043596730245,924.0,1.0,923.0,734
21684,SMALL MEDINA STAMPED METAL BOWL ,1696,1357.61,1.1099999999999999,2009-12-01,2011-12-09,104,5,17.852631578947367,0.00771513353115727,2.294993234100135,1685.0,13.0,1672.0,739
21685,MEDINA STAMPED METAL TRAY ,3,44.849999999999994,14.95,2009-12-01,2009-12-02,2,1,1.5,-1.0,1.5,-1.0,1.0,-2.0,2
21686,MEDINA STAMPED METAL STOOL,65,2460.1400000000003,39.29515151515152,2009-12-11,2011-10-02,33,1,1.9696969696969697,0.11666666666666667,0.09833585476550681,60.0,7.0,53.0,661
21687,SILVER PLATE CANDLE BOWL LARGE,477,1871.23,4.647358490566038,2009-12-01,2010-09-14,101,2,6.194805194805195,0.002257336343115124,1.65625,443.0,1.0,442.0,288
21688,SILVER PLATE CANDLE BOWL SMALL,912,2845.6500000000005,3.6079577464788737,2009-12-01,2011-11-30,142,5,6.961832061068702,0.009523809523809525,1.2493150684931507,630.0,6.0,624.0,730
21689,SILVER VANILLA  FLOWER CANDLE POT,342,1268.12,4.104516129032258,2009-12-07,2011-12-06,60,3,6.218181818181818,0.0,0.4684931506849315,21.0,0.0,21.0,730
21690,SILVER  CANDLEPOT JARDIN ,258,990.84,3.9595454545454545,2009-12-03,2011-01-30,82,2,3.909090909090909,0.0,0.6084905660377359,318.0,0.0,318.0,424
21691,SILVER VANILLA FLOWER CANDLE POT,249,960.99,3.9889873417721518,2009-12-01,2010-10-29,72,2,4.293103448275862,0.0,0.7477477477477478,220.0,0.0,220.0,333
21692,SILVER LATTICE VANILLA CANDLE POT,502,1906.62,4.022333333333333,2009-12-01,2011-02-25,111,3,5.456521739130435,0.010723860589812333,1.1106194690265487,373.0,4.0,369.0,452
21693,SMALL HAMMERED SILVER CANDLEPOT ,871,2648.6200000000003,3.3857500000000003,2009-12-03,2011-12-06,120,6,8.216981132075471,0.0,1.1866485013623977,862.0,0.0,862.0,734
21694,SMALL REGAL  SILVER CANDLEPOT ,556,1593.16,3.2754285714285714,2009-12-01,2011-12-05,70,2,8.825396825396826,0.0,0.7564625850340136,580.0,0.0,580.0,735
21695,SMALL SILVER FLOWER CANDLE POT,630,1952.1800000000003,3.627549019607843,2009-12-02,2011-12-08,102,3,7.0,0.0015290519877675841,0.8548168249660787,654.0,1.0,653.0,737
21696,SMALL SILVER TRELLIS CANDLEPOT,749,2251.1400000000003,3.2544859813084113,2009-12-03,2011-11-23,107,5,7.88421052631579,0.189873417721519,1.0388349514563107,158.0,30.0,128.0,721
21697,SET 5 MINI DOUGHNUT FRIDGE MAGNET ,372,295.08000000000004,1.4914285714285713,2009-12-07,2010-02-15,7,6,62.0,-0.0,5.23943661971831,-127.0,0.0,-127.0,71
21698,MOCK LOBSTER FRIDGE MAGNET,530,399.01,1.2316964285714285,2009-12-08,2011-12-07,112,4,5.353535353535354,0.0,0.726027397260274,539.0,0.0,539.0,730
21699,SET 5 MINI CHOCOLATE FRIDGE MAGNETS,108,82.44,1.2266666666666666,2009-12-15,2010-02-15,3,2,36.0,-0.0,1.7142857142857142,-44.0,0.0,-44.0,63
21700,BIG DOUGHNUT FRIDGE MAGNETS,6335,7028.509999999999,3.2401704545454546,2009-12-01,2011-12-07,525,20,20.501618122977348,0.02335907335907336,8.595658073270014,5180.0,121.0,5059.0,737
21702,SET 5 MINI GATEAUX  FRIDGE MAGNETS,2636,918.6800000000001,1.3425,2009-12-15,2010-02-15,8,5,439.3333333333333,0.0,41.84126984126984,2259.0,0.0,2259.0,63
21703,BAG 125g SWIRLY MARBLES,14577,5646.47,0.49681109185441935,2009-12-02,2011-12-09,561,12,41.88793103448276,0.011556396566871662,19.752032520325205,14797.0,171.0,14626.0,738
21704,BAG 250g SWIRLY MARBLES,17175,13235.16,0.9764982578397212,2009-12-01,2011-12-09,568,13,53.1733746130031,0.04056865464632455,23.24086603518268,17304.0,702.0,16602.0,739
21705,BAG 500g SWIRLY MARBLES,2534,3145.7099999999996,1.8070175438596492,2009-12-01,2011-12-09,225,5,17.72027972027972,0.010184097140618879,3.428958051420839,2553.0,26.0,2527.0,739
21706,"FOLDING UMBRELLA , RED/WHITE SPOT",1348,5026.21,5.192204724409448,2009-12-01,2011-12-07,254,12,6.773869346733668,0.022058823529411766,1.8290366350067842,1360.0,30.0,1330.0,737
21707,"FOLDING UMBRELLA , BLACK/BLUE  SPOT",1005,4184.95,4.954418604651163,2009-12-01,2011-12-06,172,10,7.027972027972028,0.0,1.3654891304347827,1010.0,0.0,1010.0,736
21708,FOLDING UMBRELLA  CREAM/MULTI  SPOT,611,2336.48,4.722538461538462,2009-12-01,2011-12-05,129,7,5.605504587155964,0.006514657980456026,0.8312925170068027,614.0,4.0,610.0,735
21709,FOLDING UMBRELLA  CHOC/WHITE  SPOT,696,2876.7200000000003,5.148717948717948,2009-12-02,2011-12-04,117,5,6.757281553398058,0.0,0.9495225102319236,700.0,0.0,700.0,733
21710,FOLDING UMBRELLA  PINK/WHITE  SPOT,726,2235.0099999999998,4.934234234234235,2009-12-01,2011-11-25,110,9,7.5625,0.015047879616963064,1.0013793103448276,731.0,11.0,720.0,725
21711,FOLDING UMBRELLA  WHITE/RED  SPOT,382,1555.66,5.229154929577465,2009-12-01,2011-11-24,71,5,6.063492063492063,0.0,0.5276243093922652,385.0,0.0,385.0,724
21713,CITRONELLA CANDLE FLOWERPOT,2733,5145.4400000000005,2.3839393939393942,2009-12-08,2011-12-06,391,4,11.155102040816326,0.045993532159540065,3.748971193415638,2783.0,128.0,2655.0,729
21714,CITRONELLA CANDLE GARDEN POT,4283,6182.39,1.7584600760456273,2009-12-07,2011-12-09,522,5,15.35125448028674,0.016188714153561518,5.843110504774898,4324.0,70.0,4254.0,733
21715,GIRLS VINTAGE TIN SEASIDE BUCKET,3553,8987.24,3.257576374745417,2009-12-13,2011-12-08,487,15,11.6875,0.009259259259259259,4.893939393939394,3564.0,33.0,3531.0,726
21716,BOYS VINTAGE TIN SEASIDE BUCKET,3709,9397.07,3.3368737474949897,2009-12-13,2011-12-09,496,15,12.322259136212624,0.0026666666666666666,5.101788170563961,3750.0,10.0,3740.0,727
21717,EASTER TIN BUCKET,1554,4039.6299999999997,2.927272727272727,2009-12-02,2011-03-22,176,12,14.0,0.005901639344262295,3.264705882352941,1525.0,9.0,1516.0,476
21718,RED METAL BEACH SPADE ,4030,5250.3,1.6677659574468087,2009-12-14,2011-12-09,467,7,13.801369863013699,0.012849023968371634,5.550964187327824,4047.0,52.0,3995.0,726
21719,LOVELY BONBON STICKER SHEET,906,813.14,1.0726573426573425,2009-12-01,2011-12-05,141,8,7.743589743589744,0.0,1.2326530612244897,861.0,0.0,861.0,735
21720,CAKE SHOP  STICKER SHEET,1068,929.81,1.0295535714285715,2009-12-04,2011-07-26,112,10,11.483870967741936,0.011090573012939002,1.78,1082.0,12.0,1070.0,600
21721,CANDY SHOP  STICKER SHEET,1090,990.5,1.1454109589041095,2009-12-01,2011-12-02,144,9,9.159663865546218,0.0017543859649122807,1.489071038251366,1140.0,2.0,1138.0,732
21722,SWEET PUDDING STICKER SHEET,347,327.75,1.1548101265822783,2009-12-01,2011-12-08,79,5,4.957142857142857,0.008264462809917356,0.470189701897019,363.0,3.0,360.0,738
21723,ALPHABET HEARTS STICKER SHEET,866,769.13,1.0296323529411764,2009-12-02,2011-12-05,135,6,7.1570247933884295,0.0,1.1798365122615804,859.0,0.0,859.0,734
21724,PANDA AND BUNNIES STICKER SHEET,996,888.3399999999999,1.0143575418994413,2009-12-01,2011-12-09,178,5,6.916666666666667,0.002129925452609159,1.347767253044655,939.0,2.0,937.0,739
21725,SWEETIES  STICKERS,1135,1036.4299999999998,1.1497701149425288,2009-12-01,2011-11-17,173,6,8.107142857142858,0.001725625539257981,1.582984658298466,1159.0,2.0,1157.0,717
21726,MULTI HEARTS  STICKERS,1077,930.99,0.9734177215189872,2009-12-01,2011-12-07,155,7,8.4140625,0.0018796992481203006,1.4613297150610582,1064.0,2.0,1062.0,737
21728,METAL MEDINA LANTERN ,298,2773.11,13.710249999999998,2009-12-03,2010-07-23,40,1,8.277777777777779,0.00684931506849315,1.2789699570815452,292.0,2.0,290.0,233
21729,SMALL MARAKESH METAL  LANTERN ,124,422.9,4.051290322580646,2009-12-02,2010-01-18,30,1,6.526315789473684,0.0,2.5833333333333335,105.0,0.0,105.0,48
21730,GLASS STAR FROSTED T-LIGHT HOLDER,1115,5534.17,5.4511111111111115,2009-12-01,2011-12-07,293,7,6.126373626373627,0.029921259842519685,1.5128900949796473,1270.0,38.0,1232.0,737
21731,RED TOADSTOOL LED NIGHT LIGHT,28910,48315.84,2.237496782496782,2009-12-01,2011-12-09,1537,22,55.2772466539197,0.033155832412337986,39.12043301759134,29859.0,990.0,28869.0,739
21732,RED HANGING METAL STAR TLIGHT HLDR,925,3214.57,3.8156666666666665,2009-12-01,2010-09-28,58,2,19.270833333333332,0.003215434083601286,3.062913907284768,933.0,3.0,930.0,302
21733,RED HANGING HEART T-LIGHT HOLDER,17575,50346.490000000005,3.09675404350251,2009-12-01,2011-12-08,1760,21,33.86319845857418,0.023683181589677707,23.814363143631436,17903.0,424.0,17479.0,738
21734,SMALL MARAKESH LANTERN ON STICK,97,529.49,5.727666666666667,2009-12-02,2010-03-10,29,2,3.5925925925925926,0.08695652173913043,0.9797979797979798,69.0,6.0,63.0,99
21735,TWO DOOR CURIO CABINET,853,11112.85,15.352824427480916,2009-12-01,2011-09-16,262,5,4.561497326203209,0.35443037974683544,1.3022900763358778,632.0,224.0,408.0,655
21736,GOLD SCROLL GLASS T-LIGHT HOLDER,193,393.69000000000005,2.343571428571429,2009-12-04,2011-04-06,27,2,7.423076923076923,0.011904761904761904,0.3946830265848671,252.0,3.0,249.0,489
21737,SET 3 WICKER LOG BASKETS,398,7362.66,19.868048780487804,2009-12-01,2010-10-18,164,4,3.5535714285714284,0.0,1.236024844720497,397.0,0.0,397.0,322
21738,COSY SLIPPER SHOES SMALL  RED ,422,1322.63,3.5006617647058826,2009-12-01,2011-10-20,131,4,4.795454545454546,0.00929368029739777,0.6124818577648766,538.0,5.0,533.0,689
21739,COSY SLIPPER SHOES SMALL GREEN,494,1451.8500000000001,3.0525280898876406,2009-12-02,2011-12-09,177,7,4.116666666666666,0.0019569471624266144,0.6693766937669376,511.0,1.0,510.0,738
21740,COSY SLIPPER SHOES LARGE RED,201,698.0100000000001,3.687910447761194,2009-12-01,2010-05-30,66,3,9.136363636363637,0.0,1.1104972375690607,196.0,0.0,196.0,181
21741,COSY SLIPPER SHOES LARGE GREEN,701,2293.7500000000005,3.830260416666667,2009-12-01,2011-11-16,190,8,5.116788321167883,0.0013531799729364006,0.979050279329609,739.0,1.0,738.0,716
21742,LARGE ROUND WICKER PLATTER ,437,2647.28,6.052820512820513,2009-12-01,2011-12-08,193,3,2.8193548387096774,0.0,0.592140921409214,442.0,0.0,442.0,738
21743,STAR PORTABLE TABLE LIGHT ,1288,3767.0800000000004,3.553675675675676,2009-12-01,2011-09-13,182,3,10.915254237288135,0.04584304584304584,1.9754601226993864,1287.0,59.0,1228.0,652
21744,SNOWFLAKE PORTABLE TABLE LIGHT ,898,2697.1600000000003,3.179144144144144,2009-12-01,2011-11-24,217,6,7.241935483870968,0.006593406593406593,1.2403314917127073,910.0,6.0,904.0,724
21745,GAOLERS KEYS DECORATIVE GARDEN ,2699,9201.49,3.953394308943089,2009-12-01,2011-12-07,486,10,8.356037151702786,0.006941907197661673,3.662143826322931,2737.0,19.0,2718.0,737
21746,SMALL RED SPOT  WINDMILL,5965,7468.34,1.509516129032258,2009-12-01,2011-11-29,488,8,19.817275747508305,0.009715242881072027,8.182441700960219,5970.0,58.0,5912.0,729
21747,SMALL SKULL WINDMILL,2049,2452.35,1.4423376623376625,2009-12-01,2011-11-30,153,5,16.0078125,0.06146341463414634,2.8068493150684932,2050.0,126.0,1924.0,730
21749,LARGE RED SPOT WINDMILL,5657,10980.980000000001,2.5434615384615387,2009-12-09,2011-11-29,286,8,28.004950495049506,0.13020651032551628,7.846047156726768,5714.0,744.0,4970.0,721
21750, LARGE SKULL WINDMILL,309,663.85,2.428548387096774,2009-12-14,2011-11-08,62,3,5.421052631578948,0.003194888178913738,0.4446043165467626,313.0,1.0,312.0,695
21752,GLASS CAKE STAND MIRRORED BASE,77,1244.81,17.717027027027026,2009-12-02,2010-09-09,37,6,2.566666666666667,0.25,0.2730496453900709,28.0,7.0,21.0,282
21754,HOME BUILDING BLOCK WORD,7595,46516.990000000005,6.587843794920939,2009-12-01,2011-12-09,2066,16,13.277972027972028,0.004970052249267236,10.277401894451963,7847.0,39.0,7808.0,739
21755,LOVE BUILDING BLOCK WORD,5643,34836.020000000004,6.681397786837508,2009-12-01,2011-12-09,1696,14,10.297445255474452,0.008486317977138898,7.635994587280108,5774.0,49.0,5725.0,739
21756,BATH BUILDING BLOCK WORD,1612,9944.65,6.565616438356165,2009-12-01,2011-12-08,581,12,5.0062111801242235,0.0035949670461354103,2.1842818428184283,1669.0,6.0,1663.0,738
21757,LIGHTHOUSE PRINTED METAL SIGN,80,454.3,6.3058139534883715,2009-12-08,2011-02-17,42,1,2.1621621621621623,0.0,0.18306636155606407,74.0,0.0,74.0,437
21758,VINTAGE SHELLS PRINT,135,1069.76,9.013417721518987,2009-12-10,2011-12-01,79,2,1.8243243243243243,0.0,0.18698060941828254,129.0,0.0,129.0,722
21759,METAL WALL SHELF UNIT WITH HOOKS,30,1274.47,54.18692307692308,2010-01-13,2010-04-29,13,2,2.727272727272727,0.0,0.2803738317757009,23.0,0.0,23.0,107
21760,FRENCH STYLE WALL DRESSER,15,1740.0,116.92307692307692,2010-03-01,2010-09-09,12,2,1.25,0.2222222222222222,0.07772020725388601,9.0,2.0,7.0,193
21761,WOOD AND GLASS MEDICINE CABINET,65,1814.75,29.575,2009-12-01,2011-12-04,24,3,2.8260869565217392,0.01639344262295082,0.0885558583106267,61.0,1.0,60.0,734
21763,VINTAGE WOODEN BAR STOOL,43,1157.8999999999999,27.95294117647059,2010-01-31,2011-07-06,17,5,2.5294117647058822,0.1111111111111111,0.08237547892720307,27.0,3.0,24.0,522
21764,VINTAGE WOODEN PLATE RACK,17,659.1500000000001,39.49545454545455,2009-12-08,2010-03-12,11,4,1.8888888888888888,0.07142857142857142,0.17894736842105263,14.0,1.0,13.0,95
21765,HANGING METAL BIRD BATH,371,3076.39,9.029794520547947,2009-12-06,2010-11-15,143,7,3.533333333333333,0.0234375,1.0753623188405796,384.0,9.0,375.0,345
21767,FRENCH STYLE WIRE DOOR CABINET ,1,29.95,29.95,2009-12-01,2009-12-01,1,1,1.0,0.0,1.0,2.0,0.0,2.0,1
21768,WALL MOUNTED VINTAGE ORGANISER,497,6756.09,18.043353658536585,2009-12-01,2010-11-15,163,5,4.601851851851852,0.00398406374501992,1.42,502.0,2.0,500.0,350
21769,VINTAGE POST OFFICE CABINET,123,7954.87,77.62666666666667,2009-12-03,2010-12-07,48,3,2.9285714285714284,0.031007751937984496,0.3324324324324324,129.0,4.0,125.0,370
21770,OPEN CLOSED METAL SIGN,2991,14807.300000000001,5.4356748466257665,2009-12-01,2011-12-08,651,21,10.313793103448276,0.016210739614994935,4.0528455284552845,2961.0,48.0,2913.0,738
21772,VINTAGE METAL CAKE STAND CREAM ,1,12.75,12.75,2010-01-05,2010-01-05,1,1,1.0,-0.0,1.0,-6.0,0.0,-6.0,1
21773,DECORATIVE ROSE BATHROOM BOTTLE,1642,1899.4,1.9163870967741934,2009-12-01,2011-12-08,308,3,7.047210300429184,0.015015015015015015,2.2249322493224932,1665.0,25.0,1640.0,738
21774,DECORATIVE CATS BATHROOM BOTTLE,1711,2129.81,2.008216216216216,2009-12-03,2011-12-09,368,8,6.360594795539034,0.0005720823798627002,2.32157394843962,1748.0,1.0,1747.0,737
21775,DECORATIVE FLORE BATHROOM BOTTLE,874,1326.29,2.009496402877698,2009-12-02,2011-12-08,277,4,4.065116279069767,0.004530011325028313,1.185888738127544,883.0,4.0,879.0,737
21777,RECIPE BOX WITH METAL HEART,1126,9075.51,9.097527173913043,2009-12-01,2010-12-06,367,4,5.601990049751244,0.018083182640144666,3.035040431266846,1106.0,20.0,1086.0,371
21779,MA CAMPAGNE MINI WOODEN CHEST,301,1097.8000000000002,4.612272727272727,2009-12-04,2010-01-15,22,2,20.066666666666666,0.03333333333333333,7.0,300.0,10.0,290.0,43
21780,MA CAMPAGNE 4 DRAWER WALL SHELF,203,1745.85,10.9125,2009-12-08,2010-01-13,32,3,14.5,0.0,5.486486486486487,178.0,0.0,178.0,37
21781,MA CAMPAGNE CUTLERY BOX,655,10125.72,16.549700272479562,2009-12-01,2011-07-10,363,8,2.7291666666666665,0.07142857142857142,1.1158432708688246,630.0,45.0,585.0,587
21784,SHOE SHINE BOX ,290,3538.2799999999997,12.688595505617975,2009-12-01,2011-09-01,178,6,2.027972027972028,0.023890784982935155,0.453125,293.0,7.0,286.0,640
21785,RAIN PONCHO ,2005,1514.63,0.9908910891089109,2009-12-04,2011-02-15,100,6,24.753086419753085,0.0,4.567198177676538,1869.0,0.0,1869.0,439
21786,RAIN HAT WITH RED SPOTS,7471,3049.0299999999997,0.6250325379609544,2009-12-01,2011-12-09,450,9,25.673539518900345,0.00904860392967942,10.109607577807848,7736.0,70.0,7666.0,739
21787,RAIN PONCHO WITH RED SPOTS,15135,11926.08,1.0361134453781513,2010-03-25,2011-12-09,469,13,51.832191780821915,0.03474827245804541,24.216,15195.0,528.0,14667.0,625
21788,KIDS RAIN MAC BLUE,3375,2725.0899999999997,0.9104225352112676,2009-12-01,2011-12-06,206,15,19.508670520231213,0.02144535840188014,4.585597826086956,3404.0,73.0,3331.0,736
21789,KIDS RAIN MAC PINK,2920,2437.0699999999997,0.9376923076923076,2009-12-01,2011-12-02,218,16,16.40449438202247,0.031186440677966103,3.989071038251366,2950.0,92.0,2858.0,732
21790,VINTAGE SNAP CARDS,27244,23506.17,1.008572922111866,2009-12-01,2011-12-09,1888,16,48.65,0.0072650490301338485,36.8660351826793,27942.0,203.0,27739.0,739
21791,VINTAGE HEADS AND TAILS CARD GAME ,17604,22858.6,1.4899774436090225,2009-12-01,2011-12-09,1313,23,35.85336048879837,0.0579343733189887,23.821380243572396,18590.0,1077.0,17513.0,739
21792,CLASSIC FRENCH STYLE BASKET GREEN ,494,2517.88,5.968297872340425,2010-01-20,2011-08-03,141,2,4.371681415929204,0.026530612244897958,0.8805704099821747,490.0,13.0,477.0,561
21793,CLASSIC FRENCH STYLE BASKET BROWN,353,1627.3600000000001,5.173203883495146,2010-01-20,2011-12-01,102,2,4.152941176470589,0.0,0.5183553597650514,313.0,0.0,313.0,681
21794,CLASSIC FRENCH STYLE BASKET NATURAL,713,3552.09,6.00247191011236,2010-01-27,2011-10-25,178,3,4.7218543046357615,0.01790633608815427,1.119309262166405,726.0,13.0,713.0,637
21795,SET OF 3 BLUE STRIPE BASKET,441,3734.9400000000005,13.154124999999999,2009-12-01,2010-08-11,80,2,6.391304347826087,0.0022371364653243847,1.736220472440945,447.0,1.0,446.0,254
21796,SET OF 3 RED STRIPE BASKETS,324,2782.19,12.662089552238806,2009-12-01,2010-08-11,67,2,5.491525423728813,0.0,1.2755905511811023,352.0,0.0,352.0,254
21801,CHRISTMAS TREE DECORATION WITH BELL,3398,1467.6599999999999,0.45776061776061777,2009-12-02,2011-10-30,258,4,22.064935064935064,0.009682625067240451,4.868194842406877,3718.0,36.0,3682.0,698
21802,CHRISTMAS TREE HEART DECORATION,4377,1917.1999999999998,0.4897538461538461,2009-12-02,2011-11-21,323,6,23.28191489361702,0.00021105951878429716,6.079166666666667,4738.0,1.0,4737.0,720
21803,CHRISTMAS TREE STAR DECORATION,4463,1938.96,0.4677089783281734,2009-12-02,2011-12-09,322,5,24.124324324324323,0.0,6.047425474254743,4835.0,0.0,4835.0,738
21804,WHITE CHRISTMAS GARLAND STARS TREES,597,2240.9900000000002,3.843380281690141,2009-12-01,2011-12-02,137,2,6.351063829787234,0.0031746031746031746,0.8155737704918032,630.0,2.0,628.0,732
21805,WHITE CHRISTMAS TREE DECORATION ,2221,957.63,0.5065714285714286,2009-12-01,2010-11-21,103,3,33.65151515151515,0.0,6.23876404494382,2220.0,0.0,2220.0,356
21806,WHITE CHRISTMAS HEART DECORATION,2707,1179.4299999999998,0.4993939393939394,2009-12-01,2010-11-29,128,3,33.01219512195122,0.0,7.436813186813187,2774.0,0.0,2774.0,364
21807,WHITE CHRISTMAS STAR DECORATION,3225,1422.45,0.5124719101123596,2009-12-01,2011-11-22,172,4,29.587155963302752,0.0005991611743559018,4.466759002770083,3338.0,2.0,3336.0,722
21808,"CHRISTMAS GARLAND STARS,TREES",1001,2715.53,3.6015753424657535,2009-12-01,2011-12-09,144,5,10.11111111111111,0.04505386875612145,1.354533152909337,1021.0,46.0,975.0,739
21809,CHRISTMAS HANGING TREE WITH BELL,3015,2427.89,1.2378301886792453,2009-12-01,2011-12-09,207,6,22.84090909090909,0.0,4.079837618403247,2982.0,0.0,2982.0,739
21810,CHRISTMAS HANGING STAR WITH BELL,6959,4374.41,0.9649166666666666,2009-12-02,2011-12-09,344,6,46.39333333333333,0.008453933228256197,9.429539295392955,6979.0,59.0,6920.0,738
21811,CHRISTMAS HANGING HEART WITH BELL,6340,4577.18,1.1547989949748745,2009-12-01,2011-11-23,382,8,30.19047619047619,0.0076824583866837385,8.769017980636239,6248.0,48.0,6200.0,723
21812,GARLAND WITH HEARTS AND BELLS,805,3917.4900000000002,5.597766990291262,2009-12-01,2011-12-09,205,9,5.551724137931035,0.03804994054696789,1.0893098782138024,841.0,32.0,809.0,739
21813,GARLAND WITH STARS AND BELLS,815,3761.4100000000003,5.46010752688172,2009-12-01,2011-12-09,184,5,6.57258064516129,0.024764150943396228,1.1028416779431665,848.0,21.0,827.0,739
21814,HEART T-LIGHT HOLDER ,670,1016.53,1.8188888888888888,2009-12-01,2011-11-29,95,4,9.054054054054054,0.0,0.9190672153635117,631.0,0.0,631.0,729
21815, STAR  T-LIGHT HOLDER ,679,1060.24,1.8554255319148936,2009-12-01,2011-11-23,92,6,9.56338028169014,0.0049504950495049506,0.9391424619640387,404.0,2.0,402.0,723
21816,CHRISTMAS TREE T-LIGHT HOLDER,422,637.3399999999999,1.6994117647058824,2009-12-01,2011-11-27,50,4,11.105263157894736,0.002347417840375587,0.5804676753782668,426.0,1.0,425.0,727
21817,GLITTER CHRISTMAS TREE,1687,1077.19,0.733037037037037,2009-12-01,2011-11-09,130,3,19.61627906976744,0.0,2.379407616361072,1684.0,0.0,1684.0,709
21818,GLITTER CHRISTMAS HEART ,4196,2549.45,0.721,2009-12-01,2011-12-07,285,4,24.828402366863905,0.0,5.693351424694709,4304.0,0.0,4304.0,737
21819,GLITTER CHRISTMAS STAR ,3847,2247.14,0.7114396887159533,2009-12-01,2011-12-08,248,6,29.82170542635659,0.0,5.212737127371274,3924.0,0.0,3924.0,738
21820,GLITTER HEART GARLAND WITH BELLS ,795,3132.39,4.692065217391304,2009-12-01,2011-12-05,180,4,5.977443609022556,0.04792332268370607,1.0816326530612246,626.0,30.0,596.0,735
21821,GLITTER STAR GARLAND WITH BELLS ,713,2866.6,4.836602564102564,2009-12-01,2011-12-05,153,4,6.922330097087379,0.017663043478260868,0.9700680272108844,736.0,13.0,723.0,735
21822,GLITTER CHRISTMAS TREE WITH BELLS,1010,1343.7,1.58013698630137,2009-12-01,2011-12-09,142,4,10.978260869565217,0.007950530035335688,1.3667117726657645,1132.0,9.0,1123.0,739
21823,PAINTED METAL HEART WITH HOLLY BELL,2468,2447.72,1.3124778761061948,2009-12-02,2011-11-15,212,3,20.39669421487603,0.010012515644555695,3.4565826330532214,2397.0,24.0,2373.0,714
21824,PAINTED METAL STAR WITH HOLLY BELLS,2782,2351.46,1.1228636363636364,2009-12-02,2011-11-15,211,5,23.77777777777778,0.008888888888888889,3.896358543417367,2700.0,24.0,2676.0,714
21825,PAINTED METAL TREE WITH HOLLY BELLS,733,1053.1899999999998,1.546875,2009-12-01,2010-11-14,75,4,13.327272727272728,0.004392386530014641,2.1002865329512894,683.0,3.0,680.0,349
21826,EIGHT PIECE DINOSAUR SET,1800,2326.87,1.461726907630522,2009-12-01,2011-03-16,240,5,10.778443113772456,0.03362734288864388,3.821656050955414,1814.0,61.0,1753.0,471
21827,EIGHT PIECE CREEPY CRAWLIE SET,835,1068.89,1.3648251748251747,2009-12-01,2011-03-29,134,4,8.186274509803921,0.016229712858926344,1.725206611570248,801.0,13.0,788.0,484
21828,EIGHT PIECE SNAKE  SET,1105,1396.6200000000001,1.4790163934426228,2009-12-01,2011-12-09,180,5,7.416107382550336,0.0,1.4952638700947225,1118.0,0.0,1118.0,739
21829,DINOSAUR KEYRINGS ASSORTED,15035,3242.18,0.264126213592233,2009-12-01,2011-10-20,409,13,53.505338078291814,0.02231315626930204,21.821480406386065,12952.0,289.0,12663.0,689
21830,ASSORTED CREEPY CRAWLIES,7658,3185.6,0.46162790697674416,2009-12-04,2011-11-23,256,4,39.47422680412371,0.10372578241430701,10.636111111111111,6710.0,696.0,6014.0,720
21832,CHOCOLATE CALCULATOR,3338,5836.759999999999,2.2659482758620686,2009-12-01,2011-12-09,459,13,12.643939393939394,0.012212852573422507,4.516914749661705,3439.0,42.0,3397.0,739
21833,CAMOUFLAGE LED TORCH,6239,10681.67,2.048943820224719,2009-12-01,2011-12-09,444,8,23.632575757575758,0.02944366961103363,8.442489851150203,6453.0,190.0,6263.0,739
21836,GINGHAM OVEN GLOVE RED HEART ,249,1003.89,4.3678217821782175,2009-12-07,2011-01-20,100,6,3.0365853658536586,0.018018018018018018,0.6073170731707317,222.0,4.0,218.0,410
21837,CROSS STITCH ALPHABET CUSHION COVER,244,1622.64,7.640989010989012,2009-12-01,2010-05-18,91,4,3.8125,0.00881057268722467,1.4437869822485208,227.0,2.0,225.0,169
21838,DADDY MOUSE RED GINGHAM BOW TIE,1,5.45,5.45,2009-12-02,2009-12-02,1,1,1.0,-0.0,1.0,-20.0,0.0,-20.0,1
21839,MUMMY MOUSE RED GINGHAM RIBBON,201,1085.5900000000001,5.499036144578313,2009-12-01,2011-03-27,83,2,2.7162162162162162,0.013071895424836602,0.4170124481327801,153.0,2.0,151.0,482
21841,BABY MOUSE RED GINGHAM DRESS,437,1857.47,4.4216417910447765,2009-12-01,2011-11-29,132,7,4.08411214953271,0.0079155672823219,0.5994513031550068,379.0,3.0,376.0,729
21842,PINK HEART CANDY BUTTON CALCULATOR,551,1308.74,3.0110638297872336,2009-12-01,2010-03-04,47,4,20.40740740740741,0.0,5.861702127659575,531.0,0.0,531.0,94
21843,RETRO SPOT CAKE STAND,6128,64918.299999999996,12.239633747547416,2009-12-01,2011-12-09,1527,18,11.717017208413003,0.09704027171276079,8.292286874154263,6183.0,600.0,5583.0,739
21844,RETRO SPOT MUG,5374,15329.44,3.3079637096774195,2009-12-01,2011-12-06,494,13,16.284848484848485,0.008818666176740767,7.301630434782608,5443.0,48.0,5395.0,736
21845,DAIRY MAID STRIPE MUG,2521,3758.4100000000003,2.1685443037974683,2009-12-09,2011-11-28,158,5,19.244274809160306,0.025196850393700787,3.501388888888889,2540.0,64.0,2476.0,720
21846,PINK DIAMANTE PEN IN GIFT BOX,1601,3803.4,3.9122641509433964,2009-12-02,2011-12-08,264,5,8.561497326203208,0.01637355973317162,2.1723202170963365,1649.0,27.0,1622.0,737
21847,GREEN  DIAMANTE PEN IN GIFT BOX,347,675.37,3.2625,2009-12-08,2011-11-16,71,2,5.982758620689655,0.0,0.4894217207334274,348.0,0.0,348.0,709
21849,SILVER DIAMANTE PEN IN GIFT BOX,633,1483.51,3.7198529411764705,2009-12-02,2011-12-04,134,2,5.861111111111111,0.14545454545454545,0.8635743519781719,660.0,96.0,564.0,733
21850,BLUE  DIAMANTE PEN IN GIFT BOX,447,1072.98,3.891981132075472,2009-12-10,2011-12-06,106,3,5.518518518518518,0.0782608695652174,0.6148555708390646,460.0,36.0,424.0,727
21851,LILAC DIAMANTE PEN IN GIFT BOX,628,1473.56,3.9557718120805365,2009-12-02,2011-12-05,149,2,5.607142857142857,0.0,0.8555858310626703,645.0,0.0,645.0,734
21852,EMPIRE TEDDY,2,13.9,6.95,2009-12-04,2009-12-18,2,1,1.0,0.0,0.13333333333333333,6.0,0.0,6.0,15
21853,GUMBALL CUSTOM CARS TOP TRUMPS GAME,3,15.399999999999999,5.133333333333333,2009-12-02,2010-04-19,3,1,1.0,0.0,0.02158273381294964,0.0,0.0,0.0,139
21854,EURO FOOTBALL STARS TOP TRUMPS GAME,1,5.17,5.17,2009-12-04,2009-12-04,1,1,1.0,-0.0,1.0,-1.0,0.0,-1.0,1
21857,STAR WARS TOP TRUMPS GAME,2,10.23,5.115,2010-01-11,2010-01-20,2,1,1.0,0.0,0.2,1.0,0.0,1.0,10
21858,HIGH SCHOOL MUSICAL 3 TOP TRUMPS ,2,10.23,5.115,2009-12-10,2010-03-08,2,1,1.0,-0.0,0.02247191011235955,-14.0,0.0,-14.0,89
21860,DR WHO TOP TRUMPS GAME,1,5.17,5.17,2009-12-02,2009-12-02,1,1,1.0,0.0,1.0,1.0,0.0,1.0,1
21864,UNION JACK FLAG PASSPORT COVER ,1853,4431.54,2.754820143884892,2009-12-01,2011-12-09,411,5,6.762773722627737,0.020356234096692113,2.50744248985115,1965.0,40.0,1925.0,739
21865,PINK UNION JACK  PASSPORT COVER ,896,2085.6400000000003,2.605766666666667,2009-12-01,2011-12-08,297,3,3.878787878787879,0.0069124423963133645,1.2140921409214092,868.0,6.0,862.0,738
21866,UNION JACK FLAG LUGGAGE TAG,2168,3591.5,1.7704347826086957,2009-12-01,2011-12-08,453,6,7.016181229773463,0.01122586439155815,2.937669376693767,2227.0,25.0,2202.0,738
21867,PINK UNION JACK  LUGGAGE TAG,1144,1562.87,1.5381727574750832,2009-12-01,2011-12-08,288,3,5.2,0.0,1.5501355013550135,1182.0,0.0,1182.0,738
21868,POTTING SHED TEA MUG,9075,11163.64,1.6171621621621621,2009-12-01,2011-12-05,881,6,22.916666666666668,0.02230843840931135,12.346938775510203,9279.0,207.0,9072.0,735
21869,POTTING SHED COFFEE MUG,1264,1469.5800000000002,1.348125,2009-12-01,2010-05-23,111,2,19.75,0.014873140857392825,7.264367816091954,1143.0,17.0,1126.0,174
21870,I CAN ONLY PLEASE ONE PERSON MUG,6083,7627.49,1.5364826498422712,2009-12-01,2011-08-24,630,6,19.128930817610062,0.01522284996861268,9.625,6372.0,97.0,6275.0,632
21871,SAVE THE PLANET MUG,11492,13654.89,1.7336513994910943,2009-12-01,2011-12-09,779,13,29.16751269035533,0.06939547682517844,15.550744248985115,11629.0,807.0,10822.0,739
21872,GLAMOROUS  MUG,5092,5163.8,1.54105421686747,2009-12-02,2011-12-09,330,8,21.305439330543933,0.006829268292682927,6.899728997289973,5125.0,35.0,5090.0,738
21873,IF YOU CAN'T STAND THE HEAT MUG,2010,2360.0099999999998,1.6709547738693467,2009-12-02,2011-12-08,199,5,12.5625,0.04377104377104377,2.727272727272727,2079.0,91.0,1988.0,737
21874,GIN AND TONIC MUG,6332,8209.17,1.814602917341977,2009-12-02,2011-12-09,617,9,17.54016620498615,0.0044691015564801975,8.579945799457995,6489.0,29.0,6460.0,738
21875,KINGS CHOICE MUG,6818,7882.08,1.7020432692307692,2009-12-01,2011-12-09,414,5,24.007042253521128,0.010349854227405248,9.225981055480379,6860.0,71.0,6789.0,739
21876,POTTERING MUG,5663,7351.25,1.9827884615384614,2009-12-01,2011-12-09,623,3,15.997175141242938,0.014839385474860335,7.663058186738836,5728.0,85.0,5643.0,739
21877,HOME SWEET HOME MUG,14054,15954.75,1.5780845442536326,2009-12-01,2011-12-09,755,13,34.194647201946474,0.07758805458312495,19.017591339648174,13997.0,1086.0,12911.0,739
21878,PACK OF 6 SANDCASTLE FLAGS ASSORTED,5586,4586.48,1.0591707317073171,2010-03-25,2011-12-08,403,7,23.569620253164558,0.07523230879199429,8.951923076923077,5596.0,421.0,5175.0,624
21879,HEARTS GIFT TAPE,1567,664.84,0.7494771241830065,2009-12-04,2011-12-09,152,7,15.21359223300971,0.0,2.129076086956522,1579.0,0.0,1579.0,736
21880,RED AND WHITE SPOT TAPE,2483,1289.8300000000002,0.6523333333333333,2009-12-02,2011-12-07,329,14,10.61111111111111,0.009527590313616514,3.373641304347826,2519.0,24.0,2495.0,736
21881,CUTE CATS TAPE,1332,554.95,0.8329661016949151,2009-12-02,2011-12-08,118,7,13.875,0.0,1.807327001356852,1345.0,0.0,1345.0,737
21882,SKULLS TAPE,1052,499.44000000000005,0.7752892561983471,2009-12-02,2011-11-28,119,7,10.626262626262626,0.0,1.4470426409903714,1064.0,0.0,1064.0,727
21883,STARS GIFT TAPE ,2348,1199.48,0.7366371681415929,2009-12-01,2011-12-07,226,11,14.493827160493828,0.00041425020712510354,3.1858887381275443,2414.0,1.0,2413.0,737
21884,CAKES AND BOWS GIFT  TAPE,1448,663.61,0.9903105590062111,2009-12-02,2011-12-04,161,8,11.138461538461538,0.0,1.975443383356071,1455.0,0.0,1455.0,733
21888,BINGO SET,3520,13862.17,4.600822249093108,2009-12-01,2011-12-05,825,19,8.979591836734693,0.02857142857142857,4.789115646258503,3535.0,101.0,3434.0,735
21889,WOODEN BOX OF DOMINOES,12805,17095.66,1.5520577933450088,2009-12-01,2011-12-09,1123,16,28.970588235294116,0.011714026602176542,17.32746955345061,13232.0,155.0,13077.0,739
21890,S/6 WOODEN SKITTLES IN COTTON BAG,3489,10451.6,3.727256317689531,2009-12-01,2011-12-09,547,15,10.869158878504672,0.0035190615835777126,4.7212449255751014,3410.0,12.0,3398.0,739
21891,TRADITIONAL WOODEN SKIPPING ROPE,12142,15547.75,1.5365890570430734,2009-12-01,2011-12-08,835,18,31.868766404199476,0.007895386133728102,16.45257452574526,12159.0,96.0,12063.0,738
21892,TRADITIONAL WOODEN CATCH CUP GAME ,7826,10151.28,1.570631704410012,2009-12-01,2011-12-09,818,15,19.91348600508906,0.006842372022301064,10.589986468200271,7892.0,54.0,7838.0,739
21893,POTTING SHED SEED TIN,172,587.8,5.4975000000000005,2009-12-01,2010-02-15,20,2,11.466666666666667,0.0,2.2337662337662336,152.0,0.0,152.0,77
21894,POTTING SHED SEED ENVELOPES,1320,1836.14,1.7396787148594377,2009-12-02,2011-12-08,247,5,6.804123711340206,0.0,1.791044776119403,1312.0,0.0,1312.0,737
21895,POTTING SHED SOW 'N' GROW SET,555,1718.63,4.853139534883721,2009-12-01,2010-12-09,85,4,8.538461538461538,0.007518796992481203,1.4839572192513368,532.0,4.0,528.0,374
21896,POTTING SHED TWINE,2387,4944.04,2.4898293515358363,2009-12-01,2011-12-06,290,7,10.899543378995434,0.005897219882055603,3.2432065217391304,2374.0,14.0,2360.0,736
21897,POTTING SHED CANDLE CITRONELLA,866,2641.36,3.107037037037037,2009-12-01,2011-04-27,106,4,9.730337078651685,0.005494505494505495,1.6881091617933723,910.0,5.0,905.0,513
21898,POTTING SHED ROSE CANDLE,827,2538.81,3.0016239316239317,2009-12-01,2011-04-27,113,3,8.98913043478261,0.0,1.612085769980507,812.0,0.0,812.0,513
21899,"KEY FOB , GARAGE DESIGN",6676,4322.47,0.8102218700475435,2009-12-01,2011-12-08,622,6,17.70822281167109,0.009844255069056715,9.046070460704607,6806.0,67.0,6739.0,738
21900,"KEY FOB , SHED",8323,5529.14,0.8650058892815077,2009-12-01,2011-12-09,835,5,19.4009324009324,0.0007190106413574921,11.262516914749662,6954.0,5.0,6949.0,739
21901,"KEY FOB , BACK DOOR ",6158,4061.51,0.8094908062234796,2009-12-01,2011-12-09,688,4,15.871134020618557,0.024281860022218694,8.332882273342355,6301.0,153.0,6148.0,739
21902,"KEY FOB , FRONT  DOOR ",5359,3408.03,0.7798367346938776,2009-12-01,2011-12-09,474,6,17.62828947368421,0.011185243328100471,7.2516914749661705,5096.0,57.0,5039.0,739
21903,MAN FLU METAL SIGN,3436,6908.870000000001,2.436167076167076,2009-12-03,2011-12-08,407,7,11.726962457337883,0.004602991944764097,4.668478260869565,3476.0,16.0,3460.0,736
21904,HOUSE WRECKING METAL SIGN ,757,1201.52,2.090205479452055,2009-12-08,2011-05-25,145,2,6.154471544715447,0.13108108108108107,1.4176029962546817,740.0,97.0,643.0,534
21905,MORE BUTTER METAL SIGN ,1615,2141.07,1.688403041825095,2009-12-06,2011-12-09,263,5,7.764423076923077,0.0012315270935960591,2.2002724795640325,1624.0,2.0,1622.0,734
21906,PHARMACIE FIRST AID TIN,1786,12879.460000000001,8.386713615023474,2009-12-06,2011-12-09,424,19,6.288732394366197,0.02199010445299615,2.433242506811989,1819.0,40.0,1779.0,734
21907,I'M ON HOLIDAY METAL SIGN,5163,10866.220000000001,2.2837194337194338,2010-01-29,2011-12-07,771,15,12.716748768472906,0.004048582995951417,7.615044247787611,5187.0,21.0,5166.0,678
21908,CHOCOLATE THIS WAY METAL SIGN,9678,19125.980000000003,2.4602136317395726,2009-12-01,2011-12-09,974,16,19.91358024691358,0.0032437911809427267,13.096075778078484,9865.0,32.0,9833.0,739
21910,WAY OUT METAL SIGN ,1066,1398.1799999999998,1.7615315315315316,2009-12-03,2011-02-16,111,5,11.58695652173913,0.0,2.417233560090703,1039.0,0.0,1039.0,441
21911,GARDEN METAL SIGN ,2546,4080.8499999999995,2.044550724637681,2009-12-01,2011-04-15,344,7,12.419512195121952,0.0047169811320754715,5.081836327345309,2544.0,12.0,2532.0,501
21912,VINTAGE SNAKES & LADDERS,3734,14651.33,4.679349397590362,2009-12-01,2011-12-09,828,19,9.063106796116505,0.01998422298185643,5.05277401894452,3803.0,76.0,3727.0,739
21913,VINTAGE SEASIDE JIGSAW PUZZLES,1129,4302.48,4.348595317725753,2009-12-01,2011-12-08,298,14,4.908695652173913,0.003457216940363008,1.529810298102981,1157.0,4.0,1153.0,738
21914,BLUE HARMONICA IN BOX ,12957,17725.36,1.4485348360655736,2009-12-01,2011-12-09,963,17,34.83064516129032,0.010864644635581712,17.53315290933694,13254.0,144.0,13110.0,739
21915,RED  HARMONICA IN BOX ,36289,42664.54,1.399408341416101,2009-12-04,2011-12-07,1025,20,88.29440389294403,0.023350600857240528,49.440054495912804,38029.0,888.0,37141.0,734
21916,SET 12 RETRO WHITE CHALK STICKS,11011,4751.06,0.5174068965517241,2009-12-01,2011-12-09,713,8,27.054054054054053,0.02017213555675094,14.899864682002706,11154.0,225.0,10929.0,739
21917,SET 12 KIDS  WHITE CHALK STICKS,8010,3324.22,0.4968577494692144,2009-12-01,2011-12-08,467,15,26.091205211726383,0.0025983667409057165,10.853658536585366,8082.0,21.0,8061.0,738
21918,SET 12 KIDS COLOUR  CHALK STICKS,14598,6013.139999999999,0.5222893081761006,2009-12-01,2011-12-09,788,20,35.26086956521739,0.00298321076730956,19.753721244925575,14414.0,43.0,14371.0,739
21919,Electronic Talking Breath-A-Loser,6,30.47,5.081999999999999,2009-12-14,2010-10-07,5,1,1.2,0.0,0.020134228187919462,5.0,0.0,5.0,298
21922,UNION STRIPE WITH FRINGE  HAMMOCK,1443,11199.18,8.857429305912596,2010-04-11,2011-12-08,388,10,6.166666666666667,0.018569463548830812,2.3772652388797364,1454.0,27.0,1427.0,607
21923,RED/CREAM STRIPE FRINGE HAMMOCK,337,2662.64,8.58436974789916,2009-12-03,2010-08-03,119,5,4.493333333333333,0.005333333333333333,1.3811475409836065,375.0,2.0,373.0,244
21924,BLUE/CREAM STRIPE FRINGE HAMMOCK,315,2486.6600000000003,8.614596774193549,2009-12-02,2010-10-18,123,4,3.7951807228915664,0.029069767441860465,0.9813084112149533,344.0,10.0,334.0,321
21925,UNION STRIPE CUSHION COVER ,1201,1562.33,1.5775147928994084,2010-04-11,2011-12-06,167,2,9.764227642276422,0.014790468364831553,1.9851239669421488,1217.0,18.0,1199.0,605
21926,RED/CREAM STRIPE CUSHION COVER ,1009,1325.27,1.5961224489795918,2010-04-11,2011-12-08,147,4,8.773913043478261,0.025717111770524232,1.6622734761120264,1011.0,26.0,985.0,607
21927,BLUE/CREAM STRIPE CUSHION COVER ,1260,1728.24,1.6878238341968912,2010-04-11,2011-12-01,192,4,8.235294117647058,0.05030959752321981,2.1,1292.0,65.0,1227.0,600
21928,JUMBO BAG SCANDINAVIAN PAISLEY,24268,46202.52,2.476015473887814,2009-12-01,2011-12-09,1542,12,46.66923076923077,0.011902360298567682,32.83897158322057,24785.0,295.0,24490.0,739
21929,JUMBO BAG PINK VINTAGE PAISLEY,25608,49651.99,2.5029736358062538,2009-12-01,2011-12-09,1619,15,48.96367112810707,0.010674201397064594,34.65223274695534,25482.0,272.0,25210.0,739
21930,JUMBO STORAGE BAG SKULLS,13390,27368.08,2.5286163051608077,2009-12-01,2011-12-09,1321,11,26.05058365758755,0.00043933513948890676,18.119079837618404,13657.0,6.0,13651.0,739
21931,JUMBO STORAGE BAG SUKI,29182,61537.55,2.533375850340136,2009-12-01,2011-12-09,2329,17,50.4006908462867,0.013218098627351297,39.48849797023004,29505.0,390.0,29115.0,739
21932,SCANDINAVIAN PAISLEY PICNIC BAG,3871,8498.61,2.427794793261868,2009-12-02,2011-12-09,649,13,11.76595744680851,0.008742607354075598,5.245257452574526,3889.0,34.0,3855.0,738
21933,PINK VINTAGE PAISLEY PICNIC BAG,4116,9087.63,2.4375316455696203,2009-12-02,2011-12-08,625,13,12.984227129337539,0.00505902192242833,5.584803256445047,4151.0,21.0,4130.0,737
21934,SKULL SHOULDER BAG,4597,8275.22,2.1966574965612105,2009-12-01,2011-12-09,725,9,11.57934508816121,0.013123924268502582,6.220568335588633,4648.0,61.0,4587.0,739
21935,SUKI  SHOULDER BAG,7127,13103.21,2.310639913232104,2009-12-01,2011-12-09,921,16,16.535962877030162,0.018156618156618155,9.644113667117727,7215.0,131.0,7084.0,739
21936,RED/WHITE SPOT PICNIC BAG,7805,22741.309999999998,3.6311692015209127,2009-12-02,2011-12-09,1046,21,18.193473193473192,0.01825609600408528,10.575880758807589,7833.0,143.0,7690.0,738
21937,STRAWBERRY   PICNIC BAG,4100,12038.82,3.6050832072617247,2009-12-02,2011-12-04,657,13,14.186851211072664,0.01441351888667992,5.593451568894952,4024.0,58.0,3966.0,733
21942,SKULLS DESIGN FLANNEL,1672,1136.28,1.2536651583710408,2009-12-01,2011-12-09,221,4,11.221476510067115,0.014209591474245116,2.2625169147496615,1689.0,24.0,1665.0,739
21943,CAKES AND RABBITS DESIGN FLANNEL ,591,529.16,1.1034228187919464,2009-12-07,2011-12-08,149,7,5.008474576271187,0.0,0.8073770491803278,593.0,0.0,593.0,732
21944,KITTENS DESIGN FLANNEL,1789,1106.01,1.1505853658536584,2009-12-02,2011-12-08,204,7,12.598591549295774,0.0011123470522803114,2.4274084124830395,1798.0,2.0,1796.0,737
21945,STRAWBERRIES  DESIGN FLANNEL ,1862,1307.1,1.2565289256198346,2009-12-01,2011-12-09,240,7,11.149700598802395,0.0005254860746190226,2.519621109607578,1903.0,1.0,1902.0,739
21946,PARTY TIME DESIGN FLANNEL,625,358.96999999999997,0.9995522388059701,2009-12-07,2011-12-08,67,6,10.775862068965518,0.0,0.8538251366120219,625.0,0.0,625.0,732
21947,SET OF 6 HEART CHOPSTICKS,1675,2302.81,1.7194078947368419,2009-12-01,2011-12-09,298,12,7.827102803738318,0.0,2.266576454668471,1711.0,0.0,1711.0,739
21948,SET OF 6 CAKE CHOPSTICKS,2293,2921.36,1.8755762081784386,2009-12-01,2011-12-07,267,7,10.971291866028707,0.0,3.1112618724559025,2310.0,0.0,2310.0,737
21949,SET OF 6 STRAWBERRY CHOPSTICKS,2598,3164.18,1.7667777777777778,2009-12-01,2011-12-09,269,11,13.819148936170214,0.002276176024279211,3.5155615696887685,2636.0,6.0,2630.0,739
21950,SET OF 6 DOTS CHOPSTICKS,211,263.63,2.3994444444444443,2009-12-03,2010-04-01,18,1,14.066666666666666,0.9427083333333334,1.7583333333333333,192.0,181.0,11.0,120
21955,UNION JACK GUNS & ROSES  DOORMAT,3911,23734.4,8.588896457765667,2009-12-01,2011-12-09,729,9,10.513440860215054,0.007159294298133469,5.292286874154263,3911.0,28.0,3883.0,739
21967,PACK OF 12 SKULL TISSUES,15652,4401.44,0.41983471074380163,2009-12-01,2011-12-09,479,13,52.87837837837838,0.0,21.179972936400542,15410.0,0.0,15410.0,739
21972,SET OF 36 DINOSAUR PAPER DOILIES,1055,1560.82,1.644502923976608,2009-12-02,2011-12-01,171,11,7.644927536231884,0.001893939393939394,1.4452054794520548,1056.0,2.0,1054.0,730
21973,SET OF 36 MUSHROOM PAPER DOILIES,1670,2420.0299999999997,1.7956190476190474,2009-12-02,2011-11-28,210,17,10.308641975308642,0.007936507936507936,2.297111416781293,1638.0,13.0,1625.0,727
21974,SET OF 36 PAISLEY FLOWER DOILIES,7046,10622.15,1.989320987654321,2009-12-02,2011-12-08,808,18,16.657210401891252,0.01996007984031936,9.560379918588874,7014.0,140.0,6874.0,737
21975,PACK OF 60 DINOSAUR CAKE CASES,31332,15236.62,0.6300827689992475,2009-12-01,2011-12-08,1303,24,60.72093023255814,0.0037688044338875693,42.45528455284553,31575.0,119.0,31456.0,738
21976,PACK OF 60 MUSHROOM CAKE CASES,14570,7792.37,0.7703626943005181,2009-12-01,2011-12-09,950,24,30.673684210526314,0.0037117019840734243,19.715832205683355,14818.0,55.0,14763.0,739
21977,PACK OF 60 PINK PAISLEY CAKE CASES,56061,28081.73,0.7112444444444445,2009-12-01,2011-12-09,1993,24,99.22300884955752,0.0038560411311053984,75.86062246278755,56794.0,219.0,56575.0,739
21980,PACK OF 12 RED SPOTTY TISSUES ,31337,8650.14,0.38617647058823523,2009-12-01,2011-12-09,676,17,80.55784061696659,0.006846058762004374,42.40460081190798,31551.0,216.0,31335.0,739
21981,PACK OF 12 WOODLAND TISSUES ,26204,7129.46,0.4652304964539007,2009-12-02,2011-12-09,553,16,82.92405063291139,0.001176381299332119,35.50677506775068,26352.0,31.0,26321.0,738
21982,PACK OF 12 SUKI TISSUES ,32086,10395.88,0.45087431693989066,2009-12-07,2011-12-09,718,12,87.66666666666667,0.001147927525440556,43.77353342428376,32232.0,37.0,32195.0,733
21983,PACK OF 12 BLUE PAISLEY TISSUES ,6118,1875.0199999999998,0.4161162079510703,2009-12-02,2011-12-09,325,10,23.80544747081712,0.011474103585657371,8.289972899728998,6275.0,72.0,6203.0,738
21984,PACK OF 12 PINK PAISLEY TISSUES ,25351,7023.95,0.4113439635535307,2009-12-02,2011-12-09,432,13,83.11803278688525,0.006577659449512548,34.35094850948509,25541.0,168.0,25373.0,738
21985,PACK OF 12 HEARTS DESIGN TISSUES ,25523,8972.11,0.4081974248927039,2009-12-01,2011-12-08,919,13,57.484234234234236,0.004201026917690991,34.5840108401084,25708.0,108.0,25600.0,738
21986,PACK OF 12 PINK SPOT TISSUES ,13476,4786.13,0.41293868921775895,2009-12-01,2011-12-09,469,13,44.62251655629139,0.0017730496453900709,18.235453315290933,13536.0,24.0,13512.0,739
21987,PACK OF 6 SKULL PAPER CUPS,6417,3988.0600000000004,0.7309923664122138,2009-12-01,2011-12-09,385,15,22.28125,0.04675365020192607,8.683355886332881,6438.0,301.0,6137.0,739
21988,PACK OF 6 SKULL PAPER PLATES,7829,5820.099999999999,0.9512735849056603,2009-12-06,2011-12-06,416,16,26.903780068728523,0.07332908975175048,10.709986320109438,7855.0,576.0,7279.0,731
21989,PACK OF 20 SKULL PAPER NAPKINS,8552,6790.7,1.0801963746223564,2009-12-01,2011-12-09,654,17,22.04123711340206,0.07269338303821063,11.572395128552097,8584.0,624.0,7960.0,739
21990,MODERN FLORAL STATIONERY SET,2453,4530.54,2.26582,2009-12-01,2011-12-09,497,10,8.792114695340501,0.0048,3.3193504736129906,2500.0,12.0,2488.0,739
21991,BOHEMIAN COLLAGE STATIONERY SET,1103,1927.54,2.241917808219178,2009-12-02,2011-12-08,289,3,5.627551020408164,0.01073345259391771,1.496607869742198,1118.0,12.0,1106.0,737
21992,VINTAGE PAISLEY STATIONERY SET,3320,6744.8,2.4166012084592143,2009-12-02,2011-11-15,656,10,9.567723342939482,0.0017391304347826088,4.649859943977591,3450.0,6.0,3444.0,714
21993,FLORAL FOLK STATIONERY SET,2849,5216.88,2.2613275862068964,2009-12-01,2011-12-09,577,11,9.10223642172524,0.0041279669762641896,3.855209742895805,2907.0,12.0,2895.0,739
22016,Dotcomgiftshop Gift Voucher £100.00,1,83.33,83.33,2011-08-02,2011-08-02,1,1,1.0,0.0,1.0,12.0,0.0,12.0,1
22021,BLUE FELT EASTER EGG BASKET,1413,2430.31,1.7891176470588235,2009-12-14,2011-03-21,233,7,13.205607476635514,0.008456659619450317,3.0518358531317493,1419.0,12.0,1407.0,463
22023,EMPIRE BIRTHDAY CARD,4975,2076.77,0.5302320185614849,2009-12-01,2011-12-08,430,7,17.45614035087719,0.002347417840375587,6.7411924119241196,5112.0,12.0,5100.0,738
22024,RAINY LADIES BIRTHDAY CARD,5391,2257.0,0.5579271070615034,2009-12-01,2011-12-09,439,11,18.090604026845636,0.0066815144766146995,7.294993234100136,5388.0,36.0,5352.0,739
22025,RING OF ROSES BIRTHDAY CARD,3970,1641.6399999999999,0.5371280276816609,2009-12-01,2011-12-09,288,11,18.045454545454547,0.003014318010550113,5.37212449255751,3981.0,12.0,3969.0,739
22026,BANQUET BIRTHDAY  CARD  ,4029,1717.47,0.5348360655737705,2009-12-01,2011-12-09,366,10,15.146616541353383,0.002951303492375799,5.451962110960758,4066.0,12.0,4054.0,739
22027,TEA PARTY BIRTHDAY CARD,11297,4806.49,0.5224793388429751,2009-12-01,2011-12-09,845,19,25.386516853932584,0.019897024173139016,15.286874154262517,11459.0,228.0,11231.0,739
22028,PENNY FARTHING BIRTHDAY CARD,6344,2665.13,0.5311811023622047,2009-12-01,2011-12-09,507,17,19.76323987538941,0.003810733566211496,8.584573748308525,6298.0,24.0,6274.0,739
22029,SPACE BOY BIRTHDAY CARD,17602,7280.76,0.5082789855072464,2009-12-01,2011-12-09,1101,19,36.143737166324435,0.003352891869237217,23.818673883626523,17895.0,60.0,17835.0,739
22030,SWALLOWS GREETING CARD,12735,5197.84,0.4647330447330447,2009-12-01,2011-12-08,685,12,34.233870967741936,0.009658725048293626,17.25609756097561,12424.0,120.0,12304.0,738
22031,BOTANICAL LAVENDER BIRTHDAY CARD,1125,493.99,0.5171830985915493,2009-12-01,2011-12-09,142,3,9.533898305084746,0.010554089709762533,1.5223274695534506,1137.0,12.0,1125.0,739
22032,BOTANICAL LILY GREETING CARD,980,418.12,0.46522522522522525,2009-12-03,2011-11-25,111,7,10.76923076923077,0.0,1.355463347164592,980.0,0.0,980.0,723
22033,BOTANICAL ROSE GREETING CARD,1603,681.93,0.481640625,2009-12-03,2011-11-22,128,6,14.842592592592593,0.0,2.2263888888888888,1485.0,0.0,1485.0,720
22034,ROBIN CHRISTMAS CARD,1617,673.49,0.4511702127659574,2009-12-01,2011-11-25,94,9,26.508196721311474,0.020016680567139282,2.230344827586207,1199.0,24.0,1175.0,725
22035,VINTAGE CARAVAN GREETING CARD ,4083,1731.24,0.5541274238227146,2009-12-01,2011-10-31,360,8,16.0748031496063,0.012548015364916773,5.832857142857143,3905.0,49.0,3856.0,700
22036,DINOSAUR BIRTHDAY CARD,1649,695.11,0.49740740740740735,2009-12-01,2010-10-04,135,6,17.0,0.03992628992628992,5.353896103896104,1628.0,65.0,1563.0,308
22037,ROBOT BIRTHDAY CARD,7054,3035.7,0.521748031496063,2009-12-01,2011-12-09,634,14,20.50581395348837,0.001682085786375105,9.54533152909337,7134.0,12.0,7122.0,739
22038,BOTANICAL LAVENDER GIFT WRAP ,1150,481.0,0.4182222222222222,2009-12-22,2011-12-06,45,5,25.555555555555557,0.0,1.6083916083916083,1150.0,0.0,1150.0,715
22039,BOTANICAL LILY GIFT WRAP,850,353.0,0.41466666666666663,2009-12-22,2011-10-25,30,3,30.357142857142858,0.029411764705882353,1.263001485884101,850.0,25.0,825.0,673
22040,BOTANICAL ROSE GIFT WRAP,2815,1144.3,0.41659574468085103,2009-12-04,2011-11-17,94,6,32.73255813953488,0.0,3.942577030812325,2815.0,0.0,2815.0,714
22041,"RECORD FRAME 7"" SINGLE SIZE ",7540,18650.870000000003,3.5552499999999996,2009-12-01,2011-12-09,555,5,23.860759493670887,0.005342831700801425,10.20297699594046,7861.0,42.0,7819.0,739
22042,CHRISTMAS CARD SINGING ANGEL,1738,627.19,0.40689922480620155,2009-12-01,2011-12-06,128,8,19.977011494252874,0.014598540145985401,2.3614130434782608,1644.0,24.0,1620.0,736
22043,CHRISTMAS CARD SCREEN PRINT ,2197,619.25,0.3331746031746031,2009-12-06,2011-12-02,125,7,23.623655913978496,0.005476951163852123,3.0220082530949104,2191.0,12.0,2179.0,727
22044,CHRISTMAS CARD STACK OF PRESENTS,1940,550.28,0.3241573033707865,2009-12-01,2011-11-07,89,5,32.333333333333336,0.007361268403171008,2.743988684582744,1766.0,13.0,1753.0,707
22045,SPACE BOY GIFT WRAP,14542,5981.64,0.41890063424947144,2009-12-04,2011-12-08,473,19,46.60897435897436,0.007158928206177132,19.785034013605443,14667.0,105.0,14562.0,735
22046,TEA PARTY  WRAPPING PAPER ,6375,2613.5,0.41846153846153844,2009-12-02,2011-12-08,208,16,37.280701754385966,0.005333333333333333,8.649932157394844,6375.0,34.0,6341.0,737
22047,EMPIRE GIFT WRAP,8250,3351.0,0.4179310344827586,2009-12-02,2011-12-05,261,7,41.25,0.030120481927710843,11.239782016348775,8300.0,250.0,8050.0,734
22048,BIRTHDAY BANQUET GIFT WRAP,2815,1166.3,0.4192156862745098,2009-12-04,2011-12-05,102,9,30.934065934065934,0.008802816901408451,3.8456284153005464,2840.0,25.0,2815.0,732
22049,WRAP CHRISTMAS SCREEN PRINT,3500,1015.75,0.296,2009-12-02,2011-10-20,114,6,48.611111111111114,0.014184397163120567,5.087209302325581,3525.0,50.0,3475.0,688
22050,PINK PAISLEY ROSE GIFT WRAP,3300,1354.0,0.4186086956521739,2009-12-04,2011-12-05,115,12,32.35294117647059,0.015384615384615385,4.508196721311475,3250.0,50.0,3200.0,732
22051,BLUE SCANDINAVIAN PAISLEY WRAP,3175,1317.5,0.4193103448275862,2009-12-01,2011-11-24,116,10,29.672897196261683,0.0,4.3853591160221,2925.0,0.0,2925.0,724
22052,VINTAGE CARAVAN GIFT WRAP,3525,1460.5,0.41812499999999997,2009-12-04,2011-07-11,128,10,32.94392523364486,0.014285714285714285,6.0256410256410255,3500.0,50.0,3450.0,585
22053,EMPIRE DESIGN ROSETTE,4551,4020.8899999999994,1.508390804597701,2009-12-03,2011-11-08,87,4,60.68,0.0004392708104546453,6.446175637393767,4553.0,2.0,4551.0,706
22054,MINI CAKE STAND HANGING HEARTS,361,655.01,2.1535897435897433,2009-12-01,2010-03-08,74,4,7.8478260869565215,0.03943661971830986,3.683673469387755,355.0,14.0,341.0,98
22055,MINI CAKE STAND  HANGING STRAWBERY,4925,8179.19,2.162878179384203,2009-12-01,2011-12-08,724,13,13.567493112947659,0.010303030303030303,6.673441734417344,4950.0,51.0,4899.0,738
22056,CERAMIC PLATE LOVE HEART DESIGN,607,656.87,1.9435294117647057,2009-12-08,2010-07-27,34,3,20.233333333333334,0.0016863406408094434,2.6163793103448274,593.0,1.0,592.0,232
22057,CERAMIC PLATE STRAWBERRY DESIGN,3060,4011.73,2.046153846153846,2009-12-03,2011-12-08,260,7,16.813186813186814,0.026814911706998037,4.157608695652174,3058.0,82.0,2976.0,736
22058,CERAMIC LOVE HEARTS DESIGN MUG,520,795.72,1.663181818181818,2009-12-01,2010-11-21,103,3,6.842105263157895,0.015384615384615385,1.4606741573033708,520.0,8.0,512.0,356
22059,CERAMIC STRWBERRY DESIGN MUG,4940,6639.03,1.772914046121593,2009-12-03,2011-12-09,458,13,16.091205211726383,0.012785208497246263,6.702849389416554,5084.0,65.0,5019.0,737
22060,LARGE CAKE STAND HANGING HEARTS,733,5691.41,9.86751552795031,2009-12-04,2011-05-23,158,8,5.682170542635659,0.03611111111111111,1.367537313432836,720.0,26.0,694.0,536
22061,LARGE CAKE STAND  HANGING STRAWBERY,2171,19121.37,11.222917466410747,2009-12-02,2011-12-09,520,13,6.659509202453988,0.052535404294198264,2.9417344173441733,2189.0,115.0,2074.0,738
22062,CERAMIC BOWL WITH LOVE HEART DESIGN,761,1248.15,2.398106060606061,2009-12-01,2011-10-14,126,5,6.794642857142857,0.00831353919239905,1.1142020497803806,842.0,7.0,835.0,683
22063,CERAMIC BOWL WITH STRAWBERRY DESIGN,2303,6356.06,3.645095890410959,2009-12-01,2011-12-08,356,11,9.066929133858268,0.006875805758487323,3.1205962059620598,2327.0,16.0,2311.0,738
22064,PINK DOUGHNUT TRINKET POT ,6606,10592.66,2.1429320113314447,2009-12-01,2011-12-09,693,16,17.02577319587629,0.020560190703218118,8.939106901217862,6712.0,138.0,6574.0,739
22065,CHRISTMAS PUDDING TRINKET POT ,8640,6273.84,1.4237659574468085,2009-12-01,2011-12-09,456,10,42.772277227722775,0.0052278668030458,11.691474966170501,8799.0,46.0,8753.0,739
22066,LOVE HEART TRINKET POT,3435,2729.16,1.1550714285714285,2009-12-04,2011-12-06,273,9,16.674757281553397,0.003180109858340561,4.686221009549795,3459.0,11.0,3448.0,733
22067,CHOC TRUFFLE GOLD TRINKET POT ,1855,3019.3199999999997,2.096968503937008,2009-12-02,2011-12-08,252,10,9.321608040201005,0.010498687664041995,2.5169606512890095,1905.0,20.0,1885.0,737
22068, BLACK PIRATE TREASURE CHEST,1112,1979.82,2.2503597122302157,2009-12-01,2011-12-09,276,4,5.398058252427185,0.012291483757682178,1.5047361299052775,1139.0,14.0,1125.0,739
22069, BROWN  PIRATE TREASURE CHEST ,968,2164.63,2.9639405204460965,2009-12-01,2011-12-09,267,5,5.2896174863387975,0.0,1.3098782138024356,986.0,0.0,986.0,739
22070,SMALL RETRO SPOT MUG IN BOX  RED,1835,5701.49,4.0357716049382715,2009-12-01,2011-12-09,320,16,7.677824267782427,0.1829465731246627,2.483085250338295,1853.0,339.0,1514.0,739
22071,SMALL RETRO SPOT MUG IN BOX  WHITE,1530,4355.88,3.8623846153846153,2009-12-01,2011-12-09,256,15,7.65,0.19909793814432988,2.0703653585926927,1552.0,309.0,1243.0,739
22072,TEA CUP AND SAUCER RETRO SPOT,2405,9231.01,4.430304761904762,2009-12-01,2011-12-09,511,8,7.808441558441558,0.02016942315449778,3.2543978349120435,2479.0,50.0,2429.0,739
22073,RETRO SPOT STORAGE JAR,2124,8457.89,4.6206981519507195,2009-12-01,2011-05-04,474,16,7.585714285714285,0.02164705882352941,4.084615384615384,2125.0,46.0,2079.0,520
22074,6 RIBBONS SHIMMERING PINKS ,2156,2216.3399999999997,1.5195876288659793,2009-12-03,2011-12-09,287,8,11.056410256410256,0.005542725173210162,2.925373134328358,2165.0,12.0,2153.0,737
22075,6 RIBBONS ELEGANT CHRISTMAS ,3079,4660.69,1.8114325068870523,2009-12-01,2011-12-09,358,7,15.472361809045227,0.0035460992907801418,4.166441136671177,3384.0,12.0,3372.0,739
22076,6 RIBBONS EMPIRE  ,2353,3490.1899999999996,1.7291556728232191,2009-12-01,2011-12-09,375,10,9.374501992031872,0.0,3.1840324763193504,2392.0,0.0,2392.0,739
22077,6 RIBBONS RUSTIC CHARM,17238,31513.109999999997,2.110567415730337,2009-12-01,2011-12-09,1751,22,34.0,0.007099101162191561,23.32611637347767,17467.0,124.0,17343.0,739
22078,RIBBON REEL LACE DESIGN ,3984,8449.94,2.4969199178644765,2009-12-02,2011-12-09,480,12,12.56782334384858,0.009877826878086821,5.3983739837398375,3847.0,38.0,3809.0,738
22079,RIBBON REEL HEARTS DESIGN ,5028,8457.84,1.9348115942028985,2009-12-01,2011-12-07,684,11,13.196850393700787,0.012007874015748031,6.82225237449118,5080.0,61.0,5019.0,737
22080,RIBBON REEL SPOTS DESIGN ,3887,6512.44,1.921145038167939,2009-12-01,2011-12-09,519,13,13.266211604095563,0.011060156460749933,5.259810554803789,3707.0,41.0,3666.0,739
22081,RIBBON REEL FLORA + FAUNA ,1559,2761.04,2.1825986842105265,2009-12-01,2011-12-09,302,9,7.184331797235023,0.025883838383838384,2.1096075778078482,1584.0,41.0,1543.0,739
22082,RIBBON REEL STRIPES DESIGN ,7267,12192.05,1.8920799180327867,2009-12-01,2011-12-07,957,12,16.70574712643678,0.004128929142248269,9.860244233378562,7508.0,31.0,7477.0,737
22083,PAPER CHAIN KIT RETRO SPOT,13716,40412.82,3.6167849538679917,2009-12-01,2011-12-09,1401,18,26.076045627376427,0.03776413478012564,18.56021650879567,14008.0,529.0,13479.0,739
22084,PAPER CHAIN KIT EMPIRE,8803,25163.56,3.2735200974421437,2009-12-02,2011-12-08,811,7,26.838414634146343,0.012685714285714286,11.944369063772049,8750.0,111.0,8639.0,737
22085,PAPER CHAIN KIT SKULLS ,2538,6883.87,3.188311688311688,2009-12-01,2011-12-09,230,11,13.357894736842105,0.2297721916732129,3.4343707713125844,2546.0,585.0,1961.0,739
22086,PAPER CHAIN KIT 50'S CHRISTMAS ,35084,117760.29000000001,3.3699274661508705,2009-12-01,2011-12-09,2018,12,114.65359477124183,0.016319377892171628,47.47496617050068,36521.0,596.0,35925.0,739
22087,PAPER BUNTING WHITE LACE,8475,25389.100000000002,3.4823468208092487,2009-12-01,2011-12-09,847,13,26.238390092879257,0.01885002963841138,11.468200270635995,8435.0,159.0,8276.0,739
22088,PAPER BUNTING COLOURED LACE,4399,13076.880000000001,3.5205271565495204,2009-12-01,2011-07-06,619,15,13.789968652037617,0.017158544955387784,7.545454545454546,4371.0,75.0,4296.0,583
22089,PAPER BUNTING VINTAGE PAISLEY,3506,10303.35,3.3832620320855615,2009-12-01,2011-12-05,552,10,10.372781065088757,0.017231638418079096,4.770068027210884,3540.0,61.0,3479.0,735
22090,PAPER BUNTING RETRO SPOTS,16698,50431.9,3.674023255813954,2009-12-01,2011-12-08,1703,20,30.69485294117647,0.029527091254752853,22.6260162601626,16832.0,497.0,16335.0,738
22091,EMPIRE TISSUE BOX,3179,2485.86,1.2600925925925925,2009-12-01,2011-12-09,324,7,13.942982456140351,0.017176764522173642,4.301759133964818,3202.0,55.0,3147.0,739
22092,BLUE PAISLEY TISSUE BOX,933,592.91,0.8154285714285714,2009-12-18,2011-12-08,140,7,8.481818181818182,0.0,1.2940360610263524,964.0,0.0,964.0,721
22093,MOTORING TISSUE BOX,2346,1429.8700000000001,0.9597122302158274,2009-12-01,2011-12-06,275,9,12.612903225806452,0.020202020202020204,3.1875,2376.0,48.0,2328.0,736
22094,RED POLKA DOT TISSUE BOX,3557,2649.05,1.3080994152046783,2009-12-02,2011-12-08,339,13,14.945378151260504,0.02556976097832129,4.826322930800543,3598.0,92.0,3506.0,737
22095,LADS ONLY TISSUE BOX,2978,3123.03,1.3891780821917807,2009-12-02,2011-12-09,284,2,16.0972972972973,0.03166617342408997,4.035230352303523,3379.0,107.0,3272.0,738
22096,PINK PAISLEY SQUARE TISSUE BOX ,1667,938.86,0.9154594594594594,2009-12-02,2011-12-08,180,7,12.079710144927537,0.010714285714285714,2.2618724559023065,1680.0,18.0,1662.0,737
22097,SWALLOW SQUARE TISSUE BOX,2064,1281.75,0.98532,2009-12-02,2011-12-08,242,10,10.920634920634921,0.009047619047619047,2.8005427408412484,2100.0,19.0,2081.0,737
22098,BOUDOIR SQUARE TISSUE BOX,2865,1952.04,1.2482131661442006,2009-12-03,2011-12-08,309,11,12.733333333333333,0.02724137931034483,3.8926630434782608,2900.0,79.0,2821.0,736
22099,CARAVAN SQUARE TISSUE BOX,2123,1585.46,1.2789666666666666,2009-12-02,2011-12-09,291,11,9.92056074766355,0.011152416356877323,2.8766937669376693,2152.0,24.0,2128.0,738
22100,SKULLS SQUARE TISSUE BOX,1005,709.5,1.46125,2009-12-02,2011-12-06,127,6,9.220183486238533,0.0,1.3673469387755102,1021.0,0.0,1021.0,735
22101,MIRROR MOSAIC VOTIVE HOLDER,1909,2790.27,2.3282905982905984,2009-12-01,2011-12-08,116,2,19.68041237113402,0.16804550155118925,2.586720867208672,1934.0,325.0,1609.0,738
22102,MIRROR MOSAIC T-LIGHT HOLDER ,1842,1191.69,1.9952542372881357,2009-12-01,2011-11-28,59,3,34.111111111111114,0.3895191788222582,2.53021978021978,1851.0,721.0,1130.0,728
22103,MIRROR MOSAIC T-LIGHT HOLDER ROUND,1746,1760.6399999999999,2.047042253521127,2009-12-01,2011-10-24,71,4,27.28125,0.27380952380952384,2.5194805194805197,1764.0,483.0,1281.0,693
22104,MIRROR MOSAIC CANDLE PLATE,1187,968.0799999999999,1.5765656565656565,2009-12-08,2011-12-09,99,1,13.043956043956044,0.0,1.6215846994535519,1191.0,0.0,1191.0,732
22105,MIRROR MOSAIC GOBLET CANDLE HOLDER,692,1294.7,4.25,2009-12-07,2011-12-08,55,4,14.122448979591837,0.3477633477633478,0.9453551912568307,693.0,241.0,452.0,732
22106,MIRROR MOSAIC HURRICANE LAMP ,509,1589.98,5.470759493670886,2010-01-15,2011-12-09,79,3,7.3768115942028984,0.23495145631067962,0.7334293948126801,515.0,121.0,394.0,694
22107,PIZZA PLATE IN BOX,1240,4840.59,4.6385522788203755,2009-12-01,2011-12-09,369,9,5.511111111111111,0.07421875,1.6779431664411366,1280.0,95.0,1185.0,739
22108,PING! MICROWAVE PLATE,313,978.74,3.543515625,2009-12-01,2011-12-09,128,4,2.980952380952381,0.0125,0.42354533152909335,320.0,4.0,316.0,739
22109,FULL ENGLISH BREAKFAST PLATE,3338,13750.11,5.133204930662558,2009-12-01,2011-12-09,642,10,9.875739644970414,0.02268760907504363,4.516914749661705,3438.0,78.0,3360.0,739
22110,BIRD HOUSE HOT WATER BOTTLE,2609,8563.76,3.8439885496183206,2009-12-01,2011-12-09,512,9,9.808270676691729,0.001455604075691412,3.530446549391069,2748.0,4.0,2744.0,739
22111,SCOTTIE DOG HOT WATER BOTTLE,9776,49771.94,5.734759698899826,2009-12-01,2011-12-09,1689,16,24.01965601965602,0.021237032687414368,13.228687415426252,10218.0,217.0,10001.0,739
22112,CHOCOLATE HOT WATER BOTTLE,11065,57981.94,5.849994269340974,2009-12-01,2011-12-09,1721,16,25.26255707762557,0.013498312710911136,14.972936400541272,11557.0,156.0,11401.0,739
22113,GREY HEART HOT WATER BOTTLE,5759,22025.93,4.199551656920078,2009-12-01,2011-12-09,996,12,21.732075471698113,0.005366426295488848,7.792963464140731,5963.0,32.0,5931.0,739
22114,HOT WATER BOTTLE TEA AND SYMPATHY,11677,59189.14,4.774289292423294,2009-12-01,2011-12-09,1583,19,32.89295774647887,0.017555059048834983,15.80108254397835,12532.0,220.0,12312.0,739
22115,METAL SIGN EMPIRE TEA,2889,5695.1,3.2748111332007954,2009-12-01,2011-12-08,500,7,9.084905660377359,0.00034328870580157915,3.9146341463414633,2913.0,1.0,2912.0,738
22116,METAL SIGN HIS DINNER IS SERVED,823,1103.88,1.8223737373737372,2009-12-01,2011-12-09,198,4,5.208860759493671,0.02155688622754491,1.1136671177266577,835.0,18.0,817.0,739
22117,METAL SIGN HER DINNER IS SERVED ,1765,5207.7300000000005,3.060434782608696,2009-12-01,2011-12-06,230,11,9.915730337078651,0.0005120327700972862,2.3980978260869565,1953.0,1.0,1952.0,736
22118,JOY WOODEN BLOCK LETTERS,799,3842.07,5.403333333333333,2009-12-01,2011-12-09,271,5,4.565714285714286,0.002430133657351154,1.081190798376184,823.0,2.0,821.0,739
22119, PEACE WOODEN BLOCK LETTERS,896,5543.87,6.8107204610951015,2009-12-01,2011-12-09,340,7,4.45771144278607,0.007462686567164179,1.212449255751015,938.0,7.0,931.0,739
22120,WELCOME  WOODEN BLOCK LETTERS,1018,10314.189999999999,11.28659400544959,2009-12-01,2011-12-05,367,10,3.945736434108527,0.018446601941747572,1.3850340136054422,1030.0,19.0,1011.0,735
22121,NOEL WOODEN BLOCK LETTERS ,1481,9167.61,6.6425,2009-12-01,2011-12-09,438,7,7.962365591397849,0.005361930294906166,2.004059539918809,1492.0,8.0,1484.0,739
22122,SET OF 2 FANCY FONT TEA TOWELS,1095,3290.0800000000004,3.4707142857142856,2009-12-01,2010-08-20,191,6,8.830645161290322,0.0,4.163498098859316,1160.0,0.0,1160.0,263
22123,PING MICROWAVE APRON,655,1700.1399999999999,3.7334730538922156,2009-12-02,2011-12-09,166,5,4.851851851851852,0.036308623298033284,0.8875338753387534,661.0,24.0,637.0,738
22124,SET OF 2 TEA TOWELS PING MICROWAVE,298,751.9300000000001,2.7221969696969697,2009-12-07,2011-12-09,132,3,2.591304347826087,0.0,0.40654843110504774,303.0,0.0,303.0,733
22125,UNION JACK HOT WATER BOTTLE ,653,4089.09,6.847883597883598,2009-12-01,2011-11-23,183,4,10.53225806451613,0.09104046242774566,0.9031811894882434,692.0,63.0,629.0,723
22127,PARTY CONES CARNIVAL ASSORTED,3468,4153.11,1.8159119496855347,2009-12-01,2011-03-23,155,12,29.896551724137932,0.03566229985443959,7.2552301255230125,2748.0,98.0,2650.0,478
22128,PARTY CONES CANDY ASSORTED,3923,4759.59,1.5353299492385786,2009-12-01,2011-11-18,195,17,24.987261146496817,0.014038606166959138,5.463788300835654,3989.0,56.0,3933.0,718
22129,PARTY CONES CANDY TREE DECORATION,3246,3095.12,1.634,2009-12-02,2011-12-09,174,14,24.406015037593985,0.0055248618784530384,4.3983739837398375,3258.0,18.0,3240.0,738
22130,PARTY CONE CHRISTMAS DECORATION ,9737,10991.21,1.8005092592592593,2009-12-01,2011-12-08,424,14,50.45077720207254,0.03723525392849009,13.193766937669377,8782.0,327.0,8455.0,738
22131,FOOD CONTAINER SET 3 LOVE HEART ,5243,9914.89,2.551026722925457,2009-12-01,2011-12-08,692,13,13.54780361757106,0.0030092157231521536,7.1043360433604335,5317.0,16.0,5301.0,738
22132,RED LOVE HEART SHAPE CUP,3345,2989.81,1.149254498714653,2009-12-01,2011-12-08,388,14,12.767175572519085,0.0035703659625111574,4.532520325203252,3361.0,12.0,3349.0,738
22133,PINK LOVE HEART SHAPE CUP,2464,2258.61,1.233079268292683,2009-12-01,2011-12-08,327,12,10.57510729613734,0.004784688995215311,3.3387533875338753,2508.0,12.0,2496.0,738
22134,LADLE LOVE HEART RED ,2354,1043.58,0.6375919732441471,2009-12-01,2011-12-09,298,9,10.556053811659194,0.005054759898904802,3.185385656292287,2374.0,12.0,2362.0,739
22135,LADLE LOVE HEART PINK,1624,806.15,0.6760567823343848,2009-12-01,2011-12-09,317,6,7.2825112107623315,0.01444043321299639,2.1975642760487144,1662.0,24.0,1638.0,739
22136,LOVE HEART SOCK HANGER,1989,3322.22,2.0905555555555555,2009-12-01,2011-12-08,265,9,10.045454545454545,0.0015174506828528073,2.6951219512195124,1977.0,3.0,1974.0,738
22137,BATHROOM SET LOVE HEART DESIGN,606,1508.28,3.616046511627907,2009-12-14,2011-08-11,43,6,15.15,0.004942339373970346,1.0,607.0,3.0,604.0,606
22138,BAKING SET 9 PIECE RETROSPOT ,9366,45882.01,5.3669730010384225,2009-12-01,2011-12-09,1914,31,18.22178988326848,0.11878871300757055,12.673883626522327,7265.0,863.0,6402.0,739
22139,RETRO SPOT TEA SET CERAMIC 11 PC ,10609,52843.01,5.579728958630528,2009-12-01,2011-12-09,2093,28,20.054820415879018,0.044019316493313525,14.355886332882273,10768.0,474.0,10294.0,739
22141,CHRISTMAS CRAFT TREE TOP ANGEL,3663,8895.210000000001,2.595549828178694,2009-12-01,2011-12-09,572,12,25.26206896551724,0.006305832895428271,4.956698240866035,3806.0,24.0,3782.0,739
22142,CHRISTMAS CRAFT WHITE FAIRY ,4300,6445.389999999999,1.7261165048543687,2009-12-01,2011-12-09,503,11,29.054054054054053,0.0041331802525832375,5.818673883626523,4355.0,18.0,4337.0,739
22143,CHRISTMAS CRAFT HEART DECORATIONS,446,942.8800000000001,2.5798591549295775,2009-12-01,2010-10-27,70,2,9.291666666666666,0.030379746835443037,1.3474320241691844,395.0,12.0,383.0,331
22144,CHRISTMAS CRAFT LITTLE FRIENDS,5134,12382.470000000001,2.5934078212290506,2009-12-01,2011-12-09,704,13,30.023391812865498,0.008695652173913044,6.94722598105548,5405.0,47.0,5358.0,739
22145,CHRISTMAS CRAFT HEART STOCKING ,1306,2752.6600000000003,2.3686069651741297,2009-12-01,2010-12-08,197,10,14.674157303370787,0.0045351473922902496,3.5013404825737267,1323.0,6.0,1317.0,373
22146,EASTER CRAFT IVY WREATH WITH CHICK,1413,2633.13,2.0039449541284404,2009-12-04,2011-01-25,107,7,26.660377358490567,0.032280701754385965,3.3803827751196174,1425.0,46.0,1379.0,418
22147,FELTCRAFT BUTTERFLY HEARTS,12828,17893.579999999998,1.6181639624252775,2009-12-01,2011-12-01,1132,15,27.527896995708154,0.06903398243604429,17.548563611491108,13095.0,904.0,12191.0,731
22148,EASTER CRAFT 4 CHICKS ,3237,6480.29,2.3137377049180325,2009-12-02,2011-12-04,299,14,21.87162162162162,0.016204425054534122,4.416098226466576,3209.0,52.0,3157.0,733
22149,FELTCRAFT 6 FLOWER FRIENDS,12674,26218.97,2.382309879175551,2009-12-01,2011-11-10,1382,18,25.971311475409838,0.0514091049860638,17.850704225352114,12916.0,664.0,12252.0,710
22150, 3 STRIPEY MICE FELTCRAFT,7815,14486.55,2.1962277951933125,2009-12-01,2011-12-09,938,12,17.801822323462414,0.09587150207052328,10.575101488497971,7969.0,764.0,7205.0,739
22151,PLACE SETTING WHITE HEART,27562,11609.19,0.5367527173913044,2009-12-01,2011-12-09,716,12,69.07769423558898,0.032799225723196046,37.29634641407307,27897.0,915.0,26982.0,739
22152,PLACE SETTING WHITE STAR,6241,2642.2799999999997,0.5179919678714859,2009-12-01,2011-12-05,241,6,35.867816091954026,0.00178051149239236,8.491156462585034,6178.0,11.0,6167.0,735
22153,ANGEL DECORATION STARS ON DRESS,5705,2469.16,0.5477133105802048,2009-12-01,2011-12-09,283,6,34.16167664670659,0.02805001689760054,7.719891745602165,5918.0,166.0,5752.0,739
22154,ANGEL DECORATION 3 BUTTONS ,7114,3073.32,0.5343768996960486,2009-12-01,2011-12-09,317,5,43.644171779141104,0.025544703230653644,9.626522327469553,7986.0,204.0,7782.0,739
22155,STAR DECORATION RUSTIC,5925,2671.81,0.5615774647887324,2009-12-01,2011-12-09,340,4,33.66477272727273,0.008559431524547804,8.017591339648174,6192.0,53.0,6139.0,739
22156,HEART DECORATION WITH PEARLS ,6156,5537.57,1.0765151515151514,2009-12-01,2011-12-09,581,5,17.689655172413794,0.03445550813971866,8.330175913396483,6327.0,218.0,6109.0,739
22157,ANGEL DECORATION WITH LACE PADDED,1698,1451.3999999999999,0.894296875,2009-12-02,2011-08-31,124,3,22.051948051948052,0.053156146179401995,2.6614420062695925,1806.0,96.0,1710.0,638
22158,3 HEARTS HANGING DECORATION RUSTIC,8985,29198.280000000002,3.221857923497268,2009-12-03,2011-12-08,718,7,36.52439024390244,0.010646306054414453,12.20788043478261,9299.0,99.0,9200.0,736
22161,HEART DECORATION RUSTIC HANGING ,6726,2738.28,0.6999212598425197,2009-12-07,2011-12-09,489,9,23.193103448275863,0.012861736334405145,9.175989085948158,6842.0,88.0,6754.0,733
22162,HEART GARLAND RUSTIC PADDED,1218,3737.9,3.383735849056604,2009-12-01,2011-11-24,260,4,6.96,0.010723860589812333,1.6823204419889504,1119.0,12.0,1107.0,724
22163,HEART STRING MEMO HOLDER HANGING,1269,2235.1200000000003,2.3265841584158418,2009-12-01,2011-12-09,197,7,9.064285714285715,0.0659432387312187,1.7171853856562922,1198.0,79.0,1119.0,739
22164,STRING OF STARS CARD HOLDER,315,883.2200000000001,3.3463265306122447,2009-12-03,2011-11-28,49,4,7.0,0.0045662100456621,0.43388429752066116,219.0,1.0,218.0,726
22165,"DIAMANTE HEART SHAPED WALL MIRROR, ",976,7673.7300000000005,12.870218181818181,2009-12-01,2011-12-09,272,2,4.979591836734694,0.009183673469387756,1.320703653585927,980.0,9.0,971.0,739
22166,"WALL MIRROR , RECT DIAMANTE, PINK/",440,3528.75,12.14132075471698,2009-12-01,2011-12-08,159,1,3.4108527131782944,0.01762114537444934,0.5962059620596206,454.0,8.0,446.0,738
22167,"WALL MIRROR , DIAMANTE OVAL SHAPE",690,6056.33,11.313026315789473,2009-12-01,2011-12-09,303,3,3.026315789473684,0.0364963503649635,0.9336941813261164,685.0,25.0,660.0,739
22168,"ORGANISER WOOD, ANTIQUE WHITE ",659,5475.93,8.504903846153846,2009-12-08,2011-04-12,312,10,3.183574879227053,0.11961722488038277,1.3421588594704685,418.0,50.0,368.0,491
22169,FAMILY ALBUM WHITE PICTURE FRAME,2275,19507.6,9.794022824536377,2009-12-01,2011-12-08,701,11,5.659203980099503,0.04152249134948097,3.0826558265582658,2312.0,96.0,2216.0,738
22170,PICTURE FRAME WOOD TRIPLE PORTRAIT,2385,15645.27,7.42446956521739,2009-12-02,2011-12-09,575,9,6.853448275862069,0.037720033528918694,3.231707317073171,2386.0,90.0,2296.0,738
22171,3 HOOK PHOTO SHELF ANTIQUE WHITE,3141,23709.46,9.802632375189107,2009-12-01,2011-12-09,661,10,8.222513089005236,0.04538842013383765,4.2503382949932345,3437.0,156.0,3281.0,739
22172,METAL SHELF WITH RAIL ,378,3451.82,9.579301075268818,2009-12-01,2010-09-29,185,7,3.230769230769231,0.010723860589812333,1.2475247524752475,373.0,4.0,369.0,303
22173,METAL 4 HOOK HANGER FRENCH CHATEAU,5026,15411.9,3.7266401590457257,2009-12-01,2011-12-09,997,12,12.140096618357488,0.028649921507064365,6.8010825439783495,5096.0,146.0,4950.0,739
22174,PHOTO CUBE,5122,10374.33,2.52070796460177,2009-12-01,2011-12-09,557,9,16.73856209150327,0.008880666049953747,6.930987821380244,5405.0,48.0,5357.0,739
22175,PINK OWL SOFT TOY,1824,5278.31,3.418246575342466,2009-12-02,2011-12-09,363,11,7.042471042471043,0.004864864864864865,2.4715447154471546,1850.0,9.0,1841.0,738
22176,BLUE OWL SOFT TOY,1184,3542.7300000000005,3.3600384615384615,2009-12-02,2011-10-31,258,12,5.832512315270936,0.007666098807495741,1.693848354792561,1174.0,9.0,1165.0,699
22177,5 HOOK BLACKBOARD ORGANISER ,325,3101.46,11.89312,2009-12-01,2010-08-25,125,4,4.4520547945205475,0.07861635220125786,1.212686567164179,318.0,25.0,293.0,268
22178,VICTORIAN GLASS HANGING T-LIGHT,40081,52382.82,1.5693047256925585,2009-12-01,2011-12-09,1816,17,71.57321428571429,0.024786492588593306,54.23680649526387,40748.0,1010.0,39738.0,739
22179,SET 10 LIGHTS NIGHT OWL,2023,14418.61,8.44261862917399,2009-12-01,2011-12-09,566,11,5.730878186968838,0.017191977077363897,2.7374830852503385,2094.0,36.0,2058.0,739
22180,RETRO SPOT LAMP,975,10103.38,11.275756097560974,2009-12-01,2011-11-07,410,14,3.409090909090909,0.0511770726714432,1.379066478076379,977.0,50.0,927.0,707
22181,SNOWSTORM PHOTO FRAME FRIDGE MAGNET,1538,1291.3799999999999,1.0202142857142855,2009-12-02,2011-11-29,138,10,12.710743801652892,0.02847457627118644,2.1126373626373627,1475.0,42.0,1433.0,728
22182,CAKE STAND VICTORIAN FILIGREE SMALL,561,2156.45,4.562325581395349,2009-12-02,2011-12-09,172,5,4.065217391304348,0.0070052539404553416,0.7601626016260162,571.0,4.0,567.0,738
22183,CAKE STAND VICTORIAN FILIGREE MED,586,3297.25,6.313157894736842,2009-12-02,2011-11-13,209,3,3.9594594594594597,0.01468189233278956,0.8230337078651685,613.0,9.0,604.0,712
22184,CAKE STAND VICTORIAN FILIGREE LARGE,389,2887.07,9.19986301369863,2009-12-02,2011-01-27,146,6,3.536363636363636,0.04884318766066838,0.9218009478672986,389.0,19.0,370.0,422
22185,SLATE TILE NATURAL HANGING,3896,6224.719999999999,1.9247854077253217,2009-12-01,2011-12-09,462,5,13.296928327645052,0.0010080645161290322,5.2719891745602165,3968.0,4.0,3964.0,739
22186,RED STAR CARD HOLDER,2004,5431.400000000001,3.2433526011560696,2009-12-01,2011-12-09,345,8,11.386363636363637,0.057814796668299855,2.711772665764547,2041.0,118.0,1923.0,739
22187,GREEN CHRISTMAS TREE CARD HOLDER,2104,6820.7,4.355464480874317,2009-12-01,2011-12-09,364,7,12.9079754601227,0.023685457129322594,2.8470906630581867,2111.0,50.0,2061.0,739
22188,BLACK HEART CARD HOLDER,10353,28112.03,4.455873015873016,2009-12-14,2011-12-08,566,7,31.5640243902439,0.0003984381225595665,14.28,12549.0,5.0,12544.0,725
22189,CREAM HEART CARD HOLDER,16186,49300.94,4.4335582822085895,2009-12-01,2011-12-08,1299,12,33.932914046121596,0.002361988464707498,21.932249322493224,18205.0,43.0,18162.0,738
22190,LOCAL CAFE MUG,1400,2591.67,2.361469387755102,2009-12-01,2011-12-09,242,5,8.092485549132949,0.0007002801120448179,1.8944519621109608,1428.0,1.0,1427.0,739
22191,EAU DE NIL DINER WALL CLOCK,1967,16216.050000000001,8.726083467094703,2009-12-01,2011-12-08,620,13,5.6685878962536025,0.1757910597689603,2.665311653116531,1991.0,350.0,1641.0,738
22192,BLUE DINER WALL CLOCK,1426,12104.800000000001,8.901544117647058,2009-12-01,2011-12-08,543,15,4.470219435736677,0.023028611304954642,1.932249322493225,1433.0,33.0,1400.0,738
22193,RED DINER WALL CLOCK,1910,16117.980000000001,9.215218800648298,2009-12-01,2011-12-09,617,16,5.858895705521473,0.021199586349534644,2.584573748308525,1934.0,41.0,1893.0,739
22194,BLACK DINER WALL CLOCK,373,3212.1,9.188625,2009-12-01,2011-08-11,160,9,2.683453237410072,0.01639344262295082,0.6025848142164781,366.0,6.0,360.0,619
22195,HEART MEASURING SPOONS LARGE,5127,9144.24,2.247609223300971,2009-12-01,2011-12-09,811,17,13.045801526717558,0.0035991665088084867,6.937753721244926,5279.0,19.0,5260.0,739
22196,SMALL HEART MEASURING SPOONS,6586,6141.19,1.178548707753479,2009-12-01,2011-12-09,981,16,14.506607929515418,0.010246510246510247,8.912043301759134,6734.0,69.0,6665.0,739
22197,"POPCORN HOLDER , SMALL ",88499,79520.2,1.0331487743026204,2009-12-01,2011-12-09,2322,17,157.1918294849023,0.010090804769745047,119.75507442489851,80172.0,809.0,79363.0,739
22198,"POPCORN HOLDER , LARGE",7331,12759.609999999999,2.0664525993883793,2009-12-01,2011-02-21,646,13,26.853479853479854,0.028059236165237724,16.363839285714285,7698.0,216.0,7482.0,448
22199,FRYING PAN RED POLKADOT ,1827,7480.35,5.188128078817734,2009-12-01,2011-12-09,405,15,6.455830388692579,0.15182403433476394,2.472259810554804,1864.0,283.0,1581.0,739
22200,FRYING PAN PINK POLKADOT ,1296,5784.92,5.627877094972067,2009-12-01,2011-12-09,357,9,5.225806451612903,0.008339651250947688,1.753721244925575,1319.0,11.0,1308.0,739
22201,FRYING PAN BLUE POLKADOT ,509,2034.4,4.553674698795181,2009-12-01,2011-12-08,166,9,3.6357142857142857,0.0038910505836575876,0.6897018970189702,514.0,2.0,512.0,738
22202,MILK PAN PINK RETROSPOT,1074,4336.25,5.2496226415094345,2009-12-02,2011-05-05,264,9,6.0,0.03128153380423814,2.0653846153846156,991.0,31.0,960.0,520
22203,MILK PAN RED RETROSPOT,1402,5469.51,4.637994923857868,2009-12-01,2011-12-08,392,15,5.154411764705882,0.010578279266572637,1.899728997289973,1418.0,15.0,1403.0,738
22204,MILK PAN BLUE RETROSPOT,537,1974.29,4.206882352941176,2009-12-03,2011-12-08,169,11,4.037593984962406,0.026022304832713755,0.7296195652173914,538.0,14.0,524.0,736
22206,"MUG , DOTCOMGIFTSHOP.COM ",14,11.82,0.842,2010-06-07,2011-11-21,10,1,1.4,0.0,0.02626641651031895,14.0,0.0,14.0,533
22207,FRYING PAN UNION FLAG,3103,13298.57,5.545791666666667,2009-12-01,2011-12-09,480,7,10.483108108108109,0.026670850329463446,4.1989174560216505,3187.0,85.0,3102.0,739
22208,WOOD STAMP SET THANK YOU,2366,3036.95,1.5570748299319728,2009-12-01,2011-12-08,433,9,9.135135135135135,0.010395010395010396,3.205962059620596,2405.0,25.0,2380.0,738
22209,WOOD STAMP SET HAPPY BIRTHDAY,1415,1753.9399999999998,1.4162934362934363,2009-12-03,2011-12-09,257,8,7.293814432989691,0.019525801952580194,1.9199457259158752,1434.0,28.0,1406.0,737
22210,WOOD STAMP SET BEST WISHES,1586,1898.4199999999998,1.3789491525423727,2009-12-02,2011-12-08,287,10,8.091836734693878,0.009270704573547589,2.1519674355495253,1618.0,15.0,1603.0,737
22211,WOOD STAMP SET FLOWERS,1531,2022.35,1.5166329966329966,2009-12-01,2011-12-08,291,7,7.655,0.03185955786736021,2.0745257452574526,1538.0,49.0,1489.0,738
22212,FOUR HOOK  WHITE LOVEBIRDS,4024,8642.300000000001,2.6206428571428573,2009-12-01,2011-12-09,828,15,9.042696629213482,0.009722897423432183,5.445196211096076,4114.0,40.0,4074.0,739
22214,CANDLE PLATE LACE WHITE,549,1279.79,2.7232608695652174,2009-12-01,2011-12-06,92,7,7.32,0.0,0.7459239130434783,549.0,0.0,549.0,736
22215,CAKE STAND WHITE TWO TIER LACE,1085,8809.93,9.028802228412257,2009-12-01,2011-12-09,359,17,4.465020576131687,0.056466302367941715,1.4682002706359947,1098.0,62.0,1036.0,739
22216,T-LIGHT HOLDER WHITE LACE,1396,1215.83,1.0712396694214876,2009-12-02,2011-12-09,116,4,14.391752577319588,0.0021337126600284497,1.89159891598916,1406.0,3.0,1403.0,738
22217,T-LIGHT HOLDER HANGING LACE,2374,2814.81,1.405925925925926,2009-12-09,2011-12-09,214,4,14.475609756097562,0.025011165698972757,3.247606019151847,2239.0,56.0,2183.0,731
22218,CAKE STAND LACE WHITE,1232,5365.66,5.398560606060606,2009-12-01,2010-12-15,264,15,7.289940828402367,0.052461662631154156,3.2421052631578946,1239.0,65.0,1174.0,380
22219,LOVEBIRD HANGING DECORATION WHITE ,9771,9270.48,1.1349401709401707,2009-12-01,2011-12-09,1149,13,18.972815533980583,0.013107416879795396,13.22192151556157,9384.0,123.0,9261.0,739
22220,CAKE STAND LOVEBIRD 2 TIER WHITE,745,6885.44,10.384074074074073,2009-12-02,2011-12-09,270,11,3.6519607843137254,0.06961178045515395,1.0094850948509486,747.0,52.0,695.0,738
22221,CAKE STAND LOVEBIRD 2 TIER PINK,905,6702.33,10.578535031847133,2009-12-17,2011-12-08,156,12,6.908396946564886,0.013230429988974642,1.2534626038781163,907.0,12.0,895.0,722
22222,CAKE PLATE LOVEBIRD WHITE,1489,6160.84,5.630868486352358,2009-12-01,2011-12-08,403,15,5.356115107913669,0.00333555703802535,2.0176151761517613,1499.0,5.0,1494.0,738
22223,CAKE PLATE LOVEBIRD PINK,726,3359.6600000000003,5.410338983050847,2009-12-04,2011-12-06,175,10,4.905405405405405,0.0013736263736263737,0.990450204638472,728.0,1.0,727.0,733
22224,WHITE LOVEBIRD LANTERN,2373,7527.9400000000005,3.6157920792079206,2009-12-01,2011-12-09,401,9,8.66058394160584,0.009151414309484194,3.2110960757780784,2404.0,22.0,2382.0,739
22227,"DECORATION, HANGING HEART+MIRROR ",6021,4344.17,0.8913704819277108,2009-12-02,2011-12-09,643,5,15.55813953488372,0.005364981303853032,8.158536585365853,6151.0,33.0,6118.0,738
22228,BUNNY WOODEN PAINTED WITH BIRD ,1727,1456.6,1.0154676258992805,2009-12-03,2011-12-08,275,6,9.489010989010989,0.020242914979757085,2.3464673913043477,1729.0,35.0,1694.0,736
22229,BUNNY WOODEN PAINTED WITH FLOWER ,1007,845.3,1.0193650793650793,2009-12-04,2011-12-05,185,6,7.192857142857143,0.05163853028798411,1.3756830601092895,1007.0,52.0,955.0,732
22230,JIGSAW TREE WITH WATERING CAN,1657,1134.6399999999999,0.944795918367347,2009-12-02,2011-12-04,193,9,10.487341772151899,0.034358047016274866,2.260572987721692,1659.0,57.0,1602.0,733
22231,JIGSAW TREE WITH BIRDHOUSE,2135,2712.48,1.5546843853820598,2009-12-01,2011-12-08,297,14,10.118483412322275,0.04935424354243542,2.892953929539295,2168.0,107.0,2061.0,738
22232,3 PIECE JIGSAW TOADSTOOLS,1109,1318.99,1.5601898734177215,2009-12-01,2011-12-07,158,13,8.6640625,0.06672678088367899,1.5047489823609226,1109.0,74.0,1035.0,737
22233,JIGSAW RABBIT AND BIRDHOUSE,949,1210.11,1.5111377245508981,2009-12-09,2011-12-07,164,8,7.135338345864661,0.0776495278069255,1.3017832647462277,953.0,74.0,879.0,729
22236,CAKE STAND 3 TIER MAGIC GARDEN,1127,13965.519999999999,13.37624703087886,2009-12-10,2011-11-23,421,17,4.419607843137255,0.08903467666354264,1.5784313725490196,1067.0,95.0,972.0,714
22241,"GARLAND , WOODEN  "" HAPPY EASTER""",4349,5862.42,1.586346555323591,2009-12-01,2011-11-23,474,4,21.63681592039801,0.004110527517698105,6.01521438450899,4379.0,18.0,4361.0,723
22242,"HOOK, 5 HANGER , MAGIC TOADSTOOL",4756,7559.909999999999,1.915822102425876,2009-12-10,2011-02-16,368,18,21.91705069124424,0.01293823038397329,10.95852534562212,4792.0,62.0,4730.0,434
22243,"HOOK, 5 HANGER ,MAGIC TOADSTOOL RED",7678,11860.249999999998,1.904632911392405,2009-12-13,2011-11-30,388,17,31.4672131147541,0.011135569079373301,10.69359331476323,7723.0,86.0,7637.0,718
22244,"HOOK, 3 HANGER ,MAGIC GARDEN",4760,9101.96,2.691319444444445,2009-12-09,2011-09-28,431,17,18.03030303030303,0.013377926421404682,7.223065250379363,4784.0,64.0,4720.0,659
22245,"HOOK, 1 HANGER ,MAGIC GARDEN",4633,3988.85,1.1102870813397128,2009-12-09,2011-09-01,413,17,18.027237354085603,0.007221006564551422,7.330696202531645,4570.0,33.0,4537.0,632
22246,"GARLAND, MAGIC GARDEN 1.8M",1081,2287.95,2.6984656084656082,2009-12-01,2011-11-24,188,4,7.304054054054054,0.01079136690647482,1.4930939226519337,1112.0,12.0,1100.0,724
22247,BUNNY DECORATION MAGIC GARDEN,1184,1022.79,1.0458288770053477,2009-12-13,2011-11-25,182,3,9.178294573643411,0.0008403361344537816,1.6605890603085554,1190.0,1.0,1189.0,713
22248,DECORATION  PINK CHICK MAGIC GARDEN,1013,901.5,1.0708938547486033,2009-12-02,2011-12-05,173,4,7.616541353383458,0.02066929133858268,1.380108991825613,1016.0,21.0,995.0,734
22249,DECORATION WHITE CHICK MAGIC GARDEN,1636,1434.6599999999999,1.0390725806451613,2009-12-13,2011-12-08,243,5,10.623376623376624,0.0024183796856106408,2.253443526170799,1654.0,4.0,1650.0,726
22250,DECORATION  BUTTERFLY  MAGIC GARDEN,1521,1382.96,1.1350950570342204,2009-12-13,2011-12-08,257,4,8.133689839572192,0.002616088947024199,2.0950413223140494,1529.0,4.0,1525.0,726
22251,BIRDHOUSE DECORATION MAGIC GARDEN,1871,2317.64,1.5625913621262457,2009-12-17,2011-12-08,298,5,8.784037558685446,0.014830508474576272,2.5914127423822713,1888.0,28.0,1860.0,722
22252,BIRDCAGE DECORATION MAGIC GARDEN,956,1175.56,1.285,2009-12-10,2011-12-09,113,11,9.56,0.013251783893985729,1.3095890410958904,981.0,13.0,968.0,730
22253,6 CROCHET STRAWBERRIES,964,1158.28,1.4741573033707864,2009-12-01,2010-04-08,86,6,16.338983050847457,0.0,7.4728682170542635,908.0,0.0,908.0,129
22254,FELT TOADSTOOL LARGE,1398,1792.21,1.5208,2009-12-01,2011-12-07,148,11,11.553719008264462,0.05102763997165131,1.8968792401628223,1411.0,72.0,1339.0,737
22255,FELT TOADSTOOL  SMALL,1185,1127.11,1.1459310344827587,2009-12-01,2011-12-07,142,8,10.128205128205128,0.03694581280788178,1.6078697421981003,1218.0,45.0,1173.0,737
22256,FELT FARM ANIMAL CHICKEN,933,1200.07,1.5713934426229508,2009-12-07,2011-09-07,119,8,10.366666666666667,0.012725344644750796,1.4578125,943.0,12.0,931.0,640
22257,FELT FARM ANIMAL SHEEP,419,345.47999999999996,1.2447457627118643,2010-01-21,2011-10-30,57,3,8.551020408163266,0.02857142857142857,0.6466049382716049,420.0,12.0,408.0,648
22258,FELT FARM ANIMAL RABBIT,1342,1291.05,1.4597744360902256,2009-12-04,2011-11-25,131,5,14.911111111111111,0.040892193308550186,1.8587257617728532,1345.0,55.0,1290.0,722
22259,FELT FARM ANIMAL HEN,590,482.95,1.297162162162162,2010-01-24,2011-04-26,72,2,10.925925925925926,0.005067567567567568,1.2882096069868996,592.0,3.0,589.0,458
22260,FELT EGG COSY BLUE RABBIT ,1557,1594.77,1.2850813008130082,2009-12-02,2011-12-09,241,7,9.61111111111111,0.01015228426395939,2.1097560975609757,1576.0,16.0,1560.0,738
22261,FELT EGG COSY WHITE RABBIT ,2105,2024.35,1.1506299212598425,2009-12-01,2011-12-09,243,8,12.835365853658537,0.0018876828692779614,2.848443843031123,2119.0,4.0,2115.0,739
22262,FELT EGG COSY CHICKEN,2026,1947.82,1.1506583072100314,2009-12-01,2011-12-06,306,8,9.83495145631068,0.00826044703595724,2.7527173913043477,2058.0,17.0,2041.0,736
22263,FELT EGG COSY LADYBIRD ,836,627.38,1.1693457943925232,2009-12-06,2011-12-08,105,5,9.186813186813186,0.05819477434679335,1.140518417462483,842.0,49.0,793.0,733
22264,FELT FARM ANIMAL WHITE BUNNY ,2014,1152.22,1.0628235294117647,2009-12-14,2011-12-09,168,7,17.82300884955752,0.0,2.7741046831955924,2036.0,0.0,2036.0,726
22265,EASTER DECORATION NATURAL CHICK,1843,1207.8000000000002,0.764406779661017,2009-12-02,2011-11-29,168,4,15.10655737704918,0.0,2.5315934065934065,1853.0,0.0,1853.0,728
22266,EASTER DECORATION HANGING BUNNY,2542,1040.1100000000001,0.6852352941176472,2009-12-17,2011-12-07,161,3,20.5,0.0027494108405341712,3.5256588072122055,2546.0,7.0,2539.0,721
22267,EASTER DECORATION EGG BUNNY ,1472,1291.47,1.1747107438016529,2009-12-07,2011-12-05,117,4,15.659574468085106,0.002036659877800407,2.01920438957476,1473.0,3.0,1470.0,729
22268,EASTER DECORATION SITTING BUNNY,2554,1271.29,0.8324897959183672,2009-12-13,2011-11-10,236,4,15.202380952380953,0.021492295214922953,3.659025787965616,2466.0,53.0,2413.0,698
22269,EGG CUP NATURAL CHICKEN,1521,1357.7,1.2078155339805825,2009-12-02,2011-12-07,204,5,9.162650602409638,0.016404199475065617,2.066576086956522,1524.0,25.0,1499.0,736
22270,HAPPY EASTER HANGING DECORATION,685,2638.67,4.247405063291139,2009-12-03,2011-11-22,153,8,6.061946902654867,0.03757225433526012,0.9513888888888888,692.0,26.0,666.0,720
22271,FELTCRAFT DOLL ROSIE,4866,13921.730000000001,3.2711712846347605,2009-12-01,2011-11-25,787,16,12.318987341772152,0.06215497853199755,6.711724137931035,4891.0,304.0,4587.0,725
22272,FELTCRAFT DOLL MARIA,1371,3848.34,3.1599342105263157,2009-12-01,2011-05-22,300,13,6.959390862944162,0.000777000777000777,2.5483271375464684,1287.0,1.0,1286.0,538
22273,FELTCRAFT DOLL MOLLY,7355,20150.99,3.300158536585366,2009-12-01,2011-12-09,810,16,18.160493827160494,0.1988613257421716,9.952638700947226,7377.0,1467.0,5910.0,739
22274,FELTCRAFT DOLL EMILY,3773,10770.070000000002,3.2660060514372162,2009-12-01,2011-12-08,656,15,10.628169014084508,0.019300991131977047,5.112466124661246,3834.0,74.0,3760.0,738
22275,WEEKEND BAG VINTAGE ROSE PAISLEY,946,7875.33,8.88564263322884,2009-12-01,2010-12-02,313,11,5.5,0.005070993914807302,2.577656675749319,986.0,5.0,981.0,367
22276,WASH BAG VINTAGE ROSE PAISLEY,1889,4884.86,3.0158556149732623,2009-12-01,2011-12-08,373,20,7.710204081632653,0.008961518186610437,2.559620596205962,1897.0,17.0,1880.0,738
22277,COSMETIC BAG VINTAGE ROSE PAISLEY,1400,2927.4900000000002,2.475277777777778,2009-12-01,2011-12-09,250,14,6.965174129353234,0.001386001386001386,1.8944519621109608,1443.0,2.0,1441.0,739
22278,OVERNIGHT BAG VINTAGE ROSE PAISLEY,1016,5959.53,6.753556701030928,2009-12-02,2011-12-09,383,13,3.877862595419847,0.019699812382739212,1.3766937669376693,1066.0,21.0,1045.0,738
22279,POCKET BAG BLUE PAISLEY RED SPOT,1440,2104.62,1.625299539170507,2009-12-02,2011-12-09,214,9,9.0,0.025552486187845305,1.951219512195122,1448.0,37.0,1411.0,738
22280,POCKET BAG PINK PAISELY BROWN SPOT,877,1248.74,1.5551234567901235,2009-12-01,2011-12-09,158,6,6.8515625,0.0,1.1867388362652234,884.0,0.0,884.0,739
22281,EASTER TREE YELLOW BIRDS,511,3285.86,8.12261744966443,2009-12-01,2011-12-07,149,7,4.913461538461538,0.03125,0.6933514246947082,512.0,16.0,496.0,737
22282,12 EGG HOUSE PAINTED WOOD,561,7304.69,16.838657407407407,2009-12-01,2011-12-08,216,9,3.2057142857142855,0.0035398230088495575,0.7601626016260162,565.0,2.0,563.0,738
22283,6 EGG HOUSE PAINTED WOOD,1032,8533.09,9.60413612565445,2009-12-01,2011-12-08,382,9,3.7256317689530687,0.017142857142857144,1.3983739837398375,1050.0,18.0,1032.0,738
22284,HEN HOUSE DECORATION,2465,4017.74,1.9993770491803278,2009-12-03,2011-12-05,300,4,11.682464454976303,0.01036682615629984,3.3628922237380627,2508.0,26.0,2482.0,733
22285,"DECORATION HEN ON NEST, HANGING",2705,4248.009999999999,1.9323048327137544,2009-12-06,2011-12-05,261,6,14.701086956521738,0.004511278195488722,3.7054794520547945,2660.0,12.0,2648.0,730
22286,"DECORATION , WOBBLY RABBIT , METAL ",1937,2200.75,1.7414871794871793,2009-12-01,2011-12-01,195,3,13.835714285714285,0.0,2.649794801641587,1917.0,0.0,1917.0,731
22287,"DECORATION , WOBBLY CHICKEN, METAL ",1340,1435.7499999999998,1.677685950413223,2009-12-03,2011-12-01,121,3,13.4,0.008908685968819599,1.8381344307270233,1347.0,12.0,1335.0,729
22288,"DECORATION , HANGING METAL RABBIT",1310,1525.99,1.5634400000000002,2009-12-01,2011-12-06,119,4,14.086021505376344,0.0,1.7798913043478262,1316.0,0.0,1316.0,736
22289,"DECORATION , HANGING METAL CHICKEN",764,817.48,1.5467948717948716,2009-12-01,2011-11-22,76,3,10.914285714285715,0.0,1.0581717451523547,768.0,0.0,768.0,722
22290,STANDING METAL RABBIT WITH EGG,670,1223.02,2.35620253164557,2009-12-09,2010-03-31,78,1,13.958333333333334,0.0015060240963855422,5.929203539823009,664.0,1.0,663.0,113
22291,"SPRING DEC , HANGING CHICK CREAM",3193,4412.929999999999,1.6439776951672864,2009-12-03,2011-11-25,264,5,19.95625,0.014892956872479057,4.4163208852005535,3223.0,48.0,3175.0,723
22292,"SPRING DEC , HANGING CHICK  YELLOW",2779,3773.74,1.6012334801762116,2009-12-03,2011-11-25,222,5,17.47798742138365,0.008589835361488905,3.843706777316736,2794.0,24.0,2770.0,723
22293,"SPRING DEC , HANGING CHICK  GREEN",2034,2860.2,1.7955217391304346,2009-12-02,2011-11-22,225,5,12.179640718562874,0.011616650532429816,2.8210818307905687,2066.0,24.0,2042.0,721
22294,HEART FILIGREE DOVE  SMALL,16671,20629.38,1.4552125279642059,2009-12-01,2011-12-08,861,11,39.13380281690141,0.006247445553803935,22.589430894308943,17127.0,107.0,17020.0,738
22295,HEART FILIGREE DOVE LARGE,8411,13873.539999999999,1.8310082872928175,2009-12-01,2011-12-08,706,9,24.379710144927536,0.0068744271310724105,11.397018970189702,8728.0,60.0,8668.0,738
22296,HEART IVORY TRELLIS LARGE,9719,16027.559999999998,1.8147892271662762,2009-12-01,2011-12-08,833,10,24.056930693069308,0.0008036970062286518,13.169376693766937,9954.0,8.0,9946.0,738
22297,HEART IVORY TRELLIS SMALL,13715,17702.62,1.6488473205257836,2009-12-01,2011-12-08,969,9,31.099773242630384,0.01966955153422502,18.5840108401084,13981.0,275.0,13706.0,738
22299,PIG KEYRING WITH LIGHT & SOUND ,3912,4430.82,1.629207920792079,2009-12-03,2011-12-09,202,9,26.612244897959183,0.01537685908747164,5.308005427408412,3967.0,61.0,3906.0,737
22300,COFFEE MUG DOG + BALL DESIGN,4116,9891.4,3.0111320754716977,2009-12-01,2011-12-09,526,10,12.703703703703704,0.015632754342431762,5.569688768606224,4030.0,63.0,3967.0,739
22301,COFFEE MUG CAT + BIRD DESIGN,5009,12124.78,3.1771007751937983,2009-12-01,2011-12-09,643,12,13.798898071625345,0.015539858728557013,6.7780784844384305,4955.0,77.0,4878.0,739
22302,COFFEE MUG PEARS  DESIGN,4926,10492.449999999999,2.723233082706767,2009-12-01,2011-12-09,396,7,18.312267657992564,0.00793991416309013,6.665764546684709,4660.0,37.0,4623.0,739
22303,COFFEE MUG APPLES DESIGN,5439,12701.63,2.72731977818854,2009-12-01,2011-12-09,540,9,15.584527220630372,0.026602870813397128,7.359945872801083,5225.0,139.0,5086.0,739
22304,COFFEE MUG BLUE PAISLEY DESIGN,2380,4689.56,2.8558682634730537,2009-12-01,2011-12-09,167,9,16.52777777777778,0.00807899461400359,3.2205683355886334,2228.0,18.0,2210.0,739
22305,COFFEE MUG PINK PAISLEY DESIGN,2267,4711.53,2.7977083333333335,2009-12-01,2011-12-07,144,8,17.7109375,0.005255613951266125,3.0759837177747626,2093.0,11.0,2082.0,737
22306,SILVER MUG BONE CHINA TREE OF LIFE,1621,2316.2,2.025333333333333,2009-12-09,2011-12-06,163,9,14.603603603603604,0.011258278145695364,2.2266483516483517,1510.0,17.0,1493.0,728
22307,GOLD MUG BONE CHINA TREE OF LIFE,1199,1804.11,2.3484873949579828,2009-12-07,2011-12-09,118,7,13.322222222222223,0.03824626865671642,1.635743519781719,1072.0,41.0,1031.0,733
22308,TEA COSY BLUE STRIPE,677,2085.0499999999997,3.9256074766355136,2009-12-01,2011-12-09,214,8,4.179012345679013,0.03806734992679356,0.9161028416779432,683.0,26.0,657.0,739
22309,TEA COSY RED  STRIPE,1331,3459.08,3.446516853932584,2009-12-02,2011-12-09,266,10,6.589108910891089,0.019345238095238096,1.8035230352303524,1344.0,26.0,1318.0,738
22310,KNITTED MUG COSY IVORY COLOUR ,1739,3113.94,2.513451327433628,2009-12-03,2011-12-08,223,6,10.169590643274853,0.007214206437291898,2.3627717391304346,1802.0,13.0,1789.0,736
22311,OFFICE MUG WARMER BLACK+SILVER ,2116,6755.56,4.553046357615894,2009-12-01,2011-12-06,300,14,10.633165829145728,0.004642525533890436,2.875,2154.0,10.0,2144.0,736
22312,OFFICE MUG WARMER POLKADOT,1233,4254.05,4.289963235294118,2009-12-01,2011-12-08,269,15,6.258883248730965,0.02043906131718395,1.670731707317073,1321.0,27.0,1294.0,738
22313,OFFICE MUG WARMER PINK,985,3146.07,4.273453237410072,2009-12-02,2011-12-09,137,11,8.716814159292035,0.24633431085043989,1.334688346883469,1023.0,252.0,771.0,738
22314,OFFICE MUG WARMER CHOC+BLUE,1110,3888.4800000000005,4.341181102362205,2009-12-02,2011-12-09,249,13,6.132596685082873,0.0034393809114359416,1.5040650406504066,1163.0,4.0,1159.0,738
22315,200 RED + WHITE BENDY STRAWS,2136,2749.51,1.448560411311054,2009-12-01,2011-12-08,387,11,8.030075187969924,0.002271694684234439,2.894308943089431,2201.0,5.0,2196.0,738
22316,200 BENDY SKULL STRAWS,1257,1432.82,1.4029411764705881,2009-12-09,2011-12-06,119,7,11.63888888888889,0.0007855459544383347,1.7266483516483517,1273.0,1.0,1272.0,728
22317,FIVE CATS HANGING DECORATION,587,1827.64,3.675357142857143,2009-12-04,2011-11-29,167,15,4.163120567375887,0.0,0.8085399449035813,592.0,0.0,592.0,726
22318,FIVE HEART HANGING DECORATION,1583,4983.9800000000005,3.6787786259541986,2009-12-01,2011-12-05,389,15,5.756363636363637,0.012300123001230012,2.1537414965986397,1626.0,20.0,1606.0,735
22319,HAIRCLIPS FORTIES FABRIC ASSORTED,2987,1698.0400000000002,0.80816091954023,2009-12-01,2011-12-09,174,12,21.18439716312057,0.025370675453047775,4.041948579161028,3035.0,77.0,2958.0,739
22320,BIRDS MOBILE VINTAGE DESIGN,598,3545.02,6.202333333333334,2009-12-01,2011-12-08,180,19,3.9602649006622515,0.03820598006644518,0.8102981029810298,602.0,23.0,579.0,738
22321,BIRD DECORATION RED SPOT,2528,2339.95,1.2285573770491802,2009-12-01,2011-12-08,305,16,10.803418803418804,0.0003834355828220859,3.4254742547425474,2608.0,1.0,2607.0,738
22322,BIRD DECORATION GREEN  SPOT,1617,1528.2099999999998,1.2288970588235293,2009-12-02,2011-11-11,272,7,8.125628140703517,0.009179926560587515,2.277464788732394,1634.0,15.0,1619.0,710
22323,PINK POLKADOT KIDS BAG,635,1683.31,3.1910256410256412,2009-12-03,2011-01-12,116,7,6.614583333333333,0.019417475728155338,1.564039408866995,618.0,12.0,606.0,406
22324,BLUE POLKADOT KIDS BAG,664,1797.06,3.3223529411764705,2009-12-01,2011-12-09,152,7,5.107692307692307,0.011747430249632892,0.8985115020297699,681.0,8.0,673.0,739
22325,MOBILE VINTAGE HEARTS ,699,3139.9900000000002,5.006,2009-12-01,2011-11-29,224,16,4.39622641509434,0.06818181818181818,0.9588477366255144,704.0,48.0,656.0,729
22326,"ROUND SNACK BOXES ,SET4, WOODLAND ",15446,44257.740000000005,3.4294440484675697,2010-01-07,2011-12-09,1391,25,31.84742268041237,0.0036966220522625876,22.002849002849004,15690.0,58.0,15632.0,702
22327,ROUND SNACK BOXES SET OF 4 SKULLS,3065,9943.550000000001,3.8013030303030306,2010-01-10,2011-12-09,646,15,8.173333333333334,0.00833600512984931,4.38483547925608,3119.0,26.0,3093.0,699
22328,"ROUND SNACK BOXES ,SET 4, FRUITS ",12959,36170.31,3.1921746575342467,2010-01-07,2011-12-09,1159,19,26.941787941787943,0.048033438399342196,18.46011396011396,14594.0,701.0,13893.0,702
22329,ROUND CONTAINER SET OF 5 RETROSPOT,5159,8430.449999999999,2.079477977161501,2010-01-10,2011-12-09,610,19,14.330555555555556,0.006378044066486278,7.380543633762518,5174.0,33.0,5141.0,699
22330,72 ROUND PINK DOILIES,128,197.89999999999998,1.87,2009-12-01,2010-02-07,22,4,7.111111111111111,0.04780876494023904,1.855072463768116,251.0,12.0,239.0,69
22331,WOODLAND PARTY BAG + STICKER SET,3660,6011.57,1.9771655328798186,2009-12-02,2011-12-09,437,18,12.119205298013245,0.0077685507634610235,4.959349593495935,3733.0,29.0,3704.0,738
22332,SKULLS PARTY BAG + STICKER SET,4158,6520.549999999999,1.8224675324675323,2009-12-03,2011-12-05,381,14,14.903225806451612,0.10962182862613691,5.672578444747613,4178.0,458.0,3720.0,733
22333,RETRO SPORT PARTY BAG + STICKER SET,10030,15639.65,1.8606125356125354,2009-12-01,2011-12-07,697,22,24.40389294403893,0.13055446323240266,13.609226594301221,10172.0,1328.0,8844.0,737
22334,DINOSAUR PARTY BAG + STICKER SET,2230,3552.3599999999997,1.7397014925373133,2009-12-03,2011-12-07,264,10,10.518867924528301,0.008444444444444444,3.0340136054421767,2250.0,19.0,2231.0,735
22335,HEART DECORATION PAINTED ZINC ,8666,5644.77,0.8489312977099237,2009-12-01,2011-12-08,510,9,27.598726114649683,0.056532663316582916,11.742547425474255,8756.0,495.0,8261.0,738
22336,DOVE DECORATION PAINTED ZINC ,4661,2234.96,0.7334684684684685,2009-12-01,2011-10-14,214,10,34.27205882352941,0.005053834322127005,6.824304538799415,4551.0,23.0,4528.0,683
22337,ANGEL DECORATION PAINTED ZINC ,2473,1522.52,0.7340939597315437,2009-12-01,2011-12-02,146,10,25.760416666666668,0.0,3.378415300546448,2509.0,0.0,2509.0,732
22338,STAR DECORATION PAINTED ZINC ,6087,2151.9900000000002,0.5545387453874538,2009-12-01,2011-12-09,264,12,44.43065693430657,0.015437114072148195,8.23680649526387,6154.0,95.0,6059.0,739
22339,CHRISTMAS TREE PAINTED ZINC ,3521,1385.46,0.5729139072847682,2009-12-02,2011-11-20,145,9,37.06315789473684,0.03751431844215349,4.8970792767732965,3492.0,131.0,3361.0,719
22340,NOEL GARLAND PAINTED ZINC ,1799,1511.05,1.242391304347826,2009-12-01,2011-12-09,184,9,16.971698113207548,0.007123287671232876,2.4343707713125844,1825.0,13.0,1812.0,739
22341,LOVE GARLAND PAINTED ZINC ,3467,5698.889999999999,2.3590495867768593,2009-12-02,2011-12-08,240,7,18.24736842105263,0.34338214183175425,4.704206241519675,3483.0,1196.0,2287.0,737
22342,HOME GARLAND PAINTED ZINC ,1817,2521.2499999999995,2.0389565217391303,2009-12-02,2011-12-09,230,7,9.270408163265307,0.037940379403794036,2.462059620596206,1845.0,70.0,1775.0,738
22343,PARTY PIZZA DISH RED WHITE SPOT ,3297,1985.74,0.827659574468085,2009-12-02,2011-12-08,188,13,22.428571428571427,0.012681159420289856,4.473541383989145,3312.0,42.0,3270.0,737
22344,PARTY PIZZA DISH PINK+WHITE SPOT ,1580,807.3199999999999,0.8374436090225563,2009-12-02,2011-12-08,133,11,14.62962962962963,0.0,2.1438263229308006,1596.0,0.0,1596.0,737
22345,PARTY PIZZA DISH BLUE+WHITE SPOT ,1466,710.5999999999999,0.8035384615384615,2009-12-02,2011-12-08,128,10,14.372549019607844,0.012137559002022926,1.989145183175034,1483.0,18.0,1465.0,737
22346,PARTY PIZZA DISH GREEN+WHITE SPOT ,1300,612.61,0.8138461538461539,2009-12-02,2011-12-08,103,8,15.116279069767442,0.0,1.7639077340569878,1316.0,0.0,1316.0,737
22347,PIZZA SLICE DISH,2716,3119.18,1.6625217391304348,2009-12-01,2010-08-20,115,5,36.21333333333333,0.0,10.326996197718632,2700.0,0.0,2700.0,263
22348,TEA BAG PLATE RED SPOTTY ,12453,10583.119999999999,1.0709783728115345,2009-12-01,2011-12-09,961,22,27.796875,0.00796431984708506,16.851150202976996,12556.0,100.0,12456.0,739
22349,"DOG BOWL , CHASING BALL DESIGN",2571,10551.67,4.150815217391305,2009-12-01,2011-12-05,366,10,10.122047244094489,0.013888888888888888,3.4979591836734696,2592.0,36.0,2556.0,735
22350,CAT BOWL ,2840,7883.44,3.0777844311377245,2009-12-01,2011-12-08,331,9,11.639344262295081,0.0006980802792321117,3.848238482384824,2865.0,2.0,2863.0,738
22351,DOTCOMGIFTSHOP TEA TOWEL,15,29.809999999999995,2.766666666666667,2010-08-26,2011-06-29,3,1,5.0,-0.0,0.048701298701298704,-1385.0,0.0,-1385.0,308
22352,LUNCHBOX WITH CUTLERY RETROSPOT ,7090,17830.71,3.134055258467023,2009-12-01,2011-12-09,1117,16,14.863731656184486,0.009036563325455304,9.59404600811908,7193.0,65.0,7128.0,739
22353,LUNCHBOX WITH CUTLERY FAIRY CAKES ,3039,7917.889999999999,3.147369477911646,2009-12-01,2011-05-08,493,15,13.506666666666666,0.006495615459564794,5.799618320610687,3079.0,20.0,3059.0,524
22354,RETRO SPOT PADDED SEAT CUSHION,2228,8454.56,4.2496441281138795,2009-12-02,2011-12-06,280,11,10.76328502415459,0.00841452612931798,3.031292517006803,2258.0,19.0,2239.0,735
22355,"CHARLOTTE BAG , SUKI DESIGN",31956,45377.56,1.161101598173516,2009-12-01,2011-12-09,1742,16,57.57837837837838,0.005716731374766898,43.242219215155615,32711.0,187.0,32524.0,739
22356,"CHARLOTTE BAG , PINK/WHITE SPOTS",20015,20871.899999999998,1.1577360850531582,2009-12-01,2011-12-09,1584,18,37.13358070500928,0.02875067924714716,27.083897158322056,20243.0,582.0,19661.0,739
22357,KINGS CHOICE BISCUIT TIN,2073,9352.41,5.123658008658009,2010-01-07,2011-12-09,462,14,7.173010380622838,0.023222748815165877,2.952991452991453,2110.0,49.0,2061.0,702
22358,KINGS CHOICE TEA CADDY ,2651,8393.61,3.872950819672131,2010-01-06,2011-12-09,605,12,7.552706552706553,0.022642910170749816,3.7709815078236133,2694.0,61.0,2633.0,703
22359,GLASS JAR KINGS CHOICE,1278,4052.18,3.6243564356435645,2010-03-16,2011-12-06,202,7,8.08860759493671,0.027777777777777776,2.025356576862124,1404.0,39.0,1365.0,631
22360,"GLASS JAR, ENGLISH CONFECTIONERY",2503,7535.5,3.7777751756440283,2009-12-13,2011-12-08,425,8,9.168498168498168,0.0711312902005297,3.4476584022038566,2643.0,188.0,2455.0,726
22361,GLASS JAR DAISY FRESH COTTON WOOL,1845,6036.26,4.2679718875502015,2010-03-15,2011-12-09,496,13,6.069078947368421,0.041158536585365856,2.905511811023622,1968.0,81.0,1887.0,635
22362,GLASS JAR PEACOCK BATH SALTS,747,2410.53,3.8228853754940713,2010-03-15,2011-12-09,253,9,3.9523809523809526,0.05580865603644647,1.1763779527559055,878.0,49.0,829.0,635
22363,GLASS JAR MARMALADE ,781,2303.39,3.641860465116279,2010-03-15,2011-12-08,169,9,5.206666666666667,0.1713641488162345,1.2318611987381702,887.0,152.0,735.0,634
22364,GLASS JAR DIGESTIVE BISCUITS,2054,6498.610000000001,3.9219590643274853,2010-03-15,2011-12-08,340,12,8.558333333333334,0.05103448275862069,3.2397476340694005,2175.0,111.0,2064.0,634
22365,DOORMAT RESPECTABLE HOUSE,2329,15289.79,8.92313769751693,2010-01-04,2011-12-08,443,14,8.03103448275862,0.0012706480304955528,3.3082386363636362,2361.0,3.0,2358.0,704
22366,DOORMAT AIRMAIL ,2540,17242.3,9.055017605633802,2010-01-04,2011-12-08,568,20,7.36231884057971,0.011262135922330097,3.6079545454545454,2575.0,29.0,2546.0,704
22367,CHILDS APRON SPACEBOY DESIGN,8059,15778.67,2.2520757967269596,2010-01-10,2011-12-09,1156,23,16.685300207039337,0.00636085626911315,11.529327610872675,8175.0,52.0,8123.0,699
22371,AIRLINE BAG VINTAGE TOKYO 78,1828,8936.8,5.362751091703057,2010-02-12,2011-12-09,684,13,5.035812672176308,0.01003167898627244,2.744744744744745,1894.0,19.0,1875.0,666
22372,AIRLINE BAG VINTAGE WORLD CHAMPION ,604,3073.43,5.338298611111111,2010-02-11,2011-12-09,287,14,2.783410138248848,0.011164274322169059,0.9055472263868066,627.0,7.0,620.0,667
22374,AIRLINE BAG VINTAGE JET SET RED,1023,5099.84,5.329907407407408,2010-02-14,2011-12-09,430,13,3.602112676056338,0.004770992366412214,1.5406626506024097,1048.0,5.0,1043.0,664
22375,AIRLINE BAG VINTAGE JET SET BROWN,590,2969.29,5.488701754385965,2010-02-14,2011-12-08,284,9,2.669683257918552,0.00322061191626409,0.889894419306184,621.0,2.0,619.0,663
22376,AIRLINE BAG VINTAGE JET SET WHITE,529,2632.18,5.216546184738956,2010-02-14,2011-12-08,246,10,2.6989795918367347,0.0,0.7978883861236803,551.0,0.0,551.0,663
22377,BOTTLE BAG RETROSPOT ,3618,6920.11,2.4734174311926607,2010-01-26,2011-12-08,435,14,13.108695652173912,0.016560861164780567,5.3049853372434015,3623.0,60.0,3563.0,682
22378,WALL TIDY RETROSPOT ,3749,6826.51,2.864021937842779,2010-01-25,2011-12-09,546,17,11.395136778115502,0.003965107057890563,5.480994152046784,3783.0,15.0,3768.0,684
22379,RECYCLING BAG RETROSPOT ,15765,34640.84,2.8999178774478835,2010-01-25,2011-12-09,1570,16,30.851272015655578,0.00416796267496112,23.04824561403509,16075.0,67.0,16008.0,684
22380,TOY TIDY SPACEBOY  ,4964,10217.66,2.4647971014492756,2010-01-22,2011-12-09,688,20,13.272727272727273,0.009,7.225618631732169,5000.0,45.0,4955.0,687
22381,TOY TIDY PINK RETROSPOT  ,9265,19619.54,2.7275517551755173,2010-01-24,2011-12-09,1100,19,19.754797441364605,0.0031749391469996827,13.525547445255475,9449.0,30.0,9419.0,685
22382,LUNCHBAG SPACEBOY DESIGN ,20248,34071.97,1.895858260469397,2010-01-22,2011-12-08,2153,24,37.49629629629629,0.012366195806246639,29.516034985422742,20459.0,253.0,20206.0,686
22383,LUNCHBAG SUKI  DESIGN ,25058,43254.35,2.076506568144499,2010-01-22,2011-12-09,2398,17,46.14732965009208,0.007383551959783206,36.4745269286754,25462.0,188.0,25274.0,687
22384,LUNCHBAG PINK RETROSPOT,20783,34088.79,1.945049134300421,2010-01-25,2011-12-09,2106,23,38.20404411764706,0.013545627376425855,30.38450292397661,21040.0,285.0,20755.0,684
22385,JUMBO BAG SPACEBOY DESIGN,17057,32433.5,2.439888800635425,2010-01-29,2011-12-08,1248,17,37.0804347826087,0.02470997679814385,25.120765832106038,17240.0,426.0,16814.0,679
22386,JUMBO BAG PINK WITH WHITE SPOTS,39437,76324.62,2.4137373292199205,2010-01-29,2011-12-09,2245,17,73.43947858472998,0.012098393574297189,57.995588235294115,39840.0,482.0,39358.0,680
22389,PAPERWEIGHT SAVE THE PLANET,647,1245.52,2.5418478260869564,2010-03-30,2011-12-08,92,6,8.0875,0.15174506828528073,1.0452342487883683,659.0,100.0,559.0,619
22390,PAPERWEIGHT CHILDHOOD MEMORIES,813,1448.52,2.6522891566265057,2010-03-26,2011-12-08,83,9,10.84,0.0,1.304975922953451,836.0,0.0,836.0,623
22391,PAPERWEIGHT HOME SWEET HOME,323,635.1899999999999,2.8237878787878787,2010-03-30,2011-12-08,66,5,5.383333333333334,0.0,0.5218093699515347,327.0,0.0,327.0,619
22393,PAPERWEIGHT VINTAGE COLLAGE,834,1459.37,2.8713333333333333,2010-03-26,2011-12-08,120,6,8.872340425531915,0.06183115338882283,1.3386837881219904,841.0,52.0,789.0,623
22394,PAPERWEIGHT KINGS CHOICE ,346,544.29,2.540909090909091,2010-04-06,2011-12-09,55,3,6.92,0.017191977077363897,0.564437194127243,349.0,6.0,343.0,613
22395,PAPERWEIGHT VINTAGE PAISLEY,234,413.76,3.0911320754716978,2010-04-13,2011-12-08,53,5,5.2,0.0,0.3867768595041322,237.0,0.0,237.0,605
22396,MAGNETS PACK OF 4 RETRO PHOTO,1895,1427.08,0.9205945945945946,2010-03-26,2011-12-09,184,11,12.891156462585034,0.006259780907668232,3.0368589743589745,1917.0,12.0,1905.0,624
22398,MAGNETS PACK OF 4 SWALLOWS,4239,3687.48,1.0138812785388127,2010-03-26,2011-12-09,430,14,16.056818181818183,0.022145328719723183,6.793269230769231,4335.0,96.0,4239.0,624
22399,MAGNETS PACK OF 4 CHILDHOOD MEMORY,4040,4734.6,1.3057913669064747,2010-03-26,2011-12-02,277,15,20.09950248756219,0.005862237420615535,6.547811993517018,4094.0,24.0,4070.0,617
22400,MAGNETS PACK OF 4 HOME SWEET HOME,2450,2049.56,0.8937974683544304,2010-03-30,2011-12-07,234,10,14.080459770114942,0.010109179134654266,3.9644012944983817,2473.0,25.0,2448.0,618
22402,MAGNETS PACK OF 4 VINTAGE COLLAGE,3431,3012.78,0.9221259842519685,2010-03-26,2011-12-08,250,13,18.74863387978142,0.004057971014492754,5.507223113964687,3450.0,14.0,3436.0,623
22403,MAGNETS PACK OF 4 VINTAGE LABELS ,1715,1195.8899999999999,1.1050943396226416,2010-03-29,2011-12-07,212,9,10.393939393939394,0.0069124423963133645,2.7705977382875604,1736.0,12.0,1724.0,619
22405,MONEY BOX POCKET MONEY DESIGN,1642,1993.38,1.3497737556561087,2010-03-26,2011-12-08,217,14,10.2625,0.007765830346475508,2.635634028892456,1674.0,13.0,1661.0,623
22406,MONEY BOX KINGS CHOICE DESIGN,2487,3149.35,1.4647031963470318,2010-03-26,2011-12-08,217,8,15.072727272727272,0.019817677368212445,3.9919743178170144,2523.0,50.0,2473.0,623
22407,MONEY BOX FIRST ADE DESIGN,438,521.12,1.3886666666666665,2010-03-26,2011-12-07,75,6,6.4411764705882355,0.08200455580865604,0.7041800643086816,439.0,36.0,403.0,622
22408,MONEY BOX CONFECTIONERY DESIGN,650,798.67,1.4648958333333333,2010-03-26,2011-12-06,95,7,8.227848101265822,0.05572289156626506,1.0466988727858293,664.0,37.0,627.0,621
22409,MONEY BOX BISCUITS DESIGN,1686,2290.46,1.551818181818182,2010-03-26,2011-12-06,164,12,12.488888888888889,0.00823529411764706,2.714975845410628,1700.0,14.0,1686.0,621
22410,MONEY BOX HOUSEKEEPING DESIGN,1363,1667.46,1.393080808080808,2010-03-26,2011-12-08,198,10,8.908496732026144,0.008784773060029283,2.187800963081862,1366.0,12.0,1354.0,623
22411,JUMBO SHOPPER VINTAGE RED PAISLEY,27281,57318.71,2.4509913988229965,2010-01-29,2011-12-09,2192,19,50.52037037037037,0.01590163343309415,40.11911764705882,27733.0,441.0,27292.0,680
22412,METAL SIGN NEIGHBOURHOOD WITCH ,2401,5140.820000000001,2.5712315270935964,2010-01-29,2011-11-10,402,5,8.73090909090909,0.0008403361344537816,3.6881720430107525,2380.0,2.0,2378.0,651
22413,METAL SIGN TAKE IT OR LEAVE IT ,6976,19728.24,3.297567567567568,2010-01-29,2011-12-08,881,20,15.963386727688787,0.018407534246575343,10.273932253313697,7008.0,129.0,6879.0,679
22414,DOORMAT NEIGHBOURHOOD WITCH ,1187,7203.57,9.446954545454545,2010-01-10,2011-12-08,220,10,6.706214689265536,0.001670843776106934,1.7005730659025788,1197.0,2.0,1195.0,698
22415,WHITE TISSUE REAM,317,2520.15,7.95,2009-12-01,2011-01-26,204,4,2.2805755395683454,0.0,0.7511848341232228,295.0,0.0,295.0,422
22416,36 DOILIES SPACEBOY DESIGN ,1970,2763.3599999999997,1.5764772727272727,2010-02-03,2011-12-04,176,13,12.875816993464053,0.0030410542321338066,2.9402985074626864,1973.0,6.0,1967.0,670
22417,PACK OF 60 SPACEBOY CAKE CASES,21451,11159.9,0.7101066666666667,2010-01-31,2011-12-08,1103,23,45.44703389830509,0.0052677787532923615,31.685376661742986,21641.0,114.0,21527.0,677
22418,10 COLOUR SPACEBOY PEN,12314,10417.73,1.0154237288135595,2010-05-06,2011-12-09,586,18,39.21656050955414,0.017750549795790136,21.121783876500857,12732.0,226.0,12506.0,583
22419,LIPSTICK PEN RED,6847,3242.59,0.5990366088631984,2010-05-07,2011-12-09,509,11,24.98905109489051,0.0014150275930380643,11.764604810996564,7067.0,10.0,7057.0,582
22420,LIPSTICK PEN BABY PINK,2111,1014.75,0.5855416666666666,2010-05-07,2011-12-09,234,8,12.56547619047619,0.00047214353163361664,3.627147766323024,2118.0,1.0,2117.0,582
22421,LIPSTICK PEN FUSCHIA,4721,2351.86,0.5895913461538461,2010-05-06,2011-12-09,406,8,18.734126984126984,0.00933997509339975,8.097770154373928,4818.0,45.0,4773.0,583
22422,TOOTHPASTE TUBE PEN,2743,1760.94,0.9879944289693593,2010-05-07,2011-12-09,354,11,12.083700440528634,0.008611410118406888,4.713058419243986,2787.0,24.0,2763.0,582
22423,REGENCY CAKESTAND 3 TIER,26478,330590.32,14.190417721518987,2010-03-15,2011-12-09,3918,31,51.5136186770428,0.05390716803760282,41.69763779527559,27232.0,1468.0,25764.0,635
22424,ENAMEL BREAD BIN CREAM,1529,20886.89,15.385337837837838,2010-05-16,2011-12-09,739,10,4.200549450549451,0.030089628681177975,2.668411867364747,1562.0,47.0,1515.0,573
22425,ENAMEL COLLANDER CREAM,854,4321.52,5.60592715231788,2010-05-16,2011-12-08,301,8,4.125603864734299,0.028735632183908046,1.493006993006993,870.0,25.0,845.0,572
22426,ENAMEL WASH BOWL CREAM,1333,5133.3,4.713217158176944,2010-04-08,2011-12-08,372,9,5.353413654618474,0.027920646583394562,2.185245901639344,1361.0,38.0,1323.0,610
22427,ENAMEL FLOWER JUG CREAM,3210,19273.280000000002,6.529052369077307,2010-05-14,2011-11-28,798,11,10.255591054313099,0.015556938394523958,5.691489361702128,3214.0,50.0,3164.0,564
22428,ENAMEL FIRE BUCKET CREAM,459,3379.67,7.964375,2010-04-08,2011-12-08,191,3,3.0397350993377485,0.02982107355864811,0.7524590163934426,503.0,15.0,488.0,610
22429,ENAMEL MEASURING JUG CREAM,2280,9844.039999999999,4.822738853503185,2010-03-18,2011-12-09,625,9,6.909090909090909,0.01875532821824382,3.607594936708861,2346.0,44.0,2302.0,632
22430,ENAMEL WATERING CAN CREAM,1397,6761.38,5.599301675977654,2010-05-14,2011-12-08,356,11,6.073913043478261,0.026685393258426966,2.4337979094076654,1424.0,38.0,1386.0,574
22431,WATERING CAN BLUE ELEPHANT,3365,6771.5199999999995,2.3595826645264846,2010-02-22,2011-12-08,620,11,9.985163204747774,0.005269320843091335,5.137404580152672,3416.0,18.0,3398.0,655
22432,WATERING CAN PINK BUNNY,3532,6730.419999999999,2.2739691714836225,2010-02-18,2011-12-08,517,15,11.773333333333333,0.00231809401159047,5.359635811836116,7765.0,18.0,7747.0,659
22433,WATERING CAN GREEN DINOSAUR,2778,5186.28,2.264964705882353,2010-02-18,2011-12-08,422,14,10.522727272727273,-0.01085383502170767,4.215477996965099,-1382.0,15.0,-1397.0,659
22434,BALLOON PUMP WITH 10 BALLOONS,2547,4733.49,2.0394076655052262,2010-04-07,2011-12-08,281,12,12.54679802955665,0.006957866254348666,4.168576104746317,2587.0,18.0,2569.0,611
22435,SET OF 9 HEART SHAPED BALLOONS,4915,6185.22,1.4271297989031078,2010-04-08,2011-12-07,537,13,15.407523510971787,0.030250272034820457,8.070607553366173,4595.0,139.0,4456.0,609
22436,12 COLOURED PARTY BALLOONS,4215,2687.05,0.6843537414965987,2010-04-07,2011-12-07,289,9,20.36231884057971,0.006284916201117319,6.909836065573771,4296.0,27.0,4269.0,610
22437,SET OF 9 BLACK SKULL BALLOONS,6514,5457.97,0.9801552106430156,2010-04-07,2011-12-09,443,15,21.859060402684563,0.0024286581663630845,10.643790849673202,6588.0,16.0,6572.0,612
22438,BALLOON ART MAKE YOUR OWN FLOWERS,1459,1913.22,1.9240112994350282,2010-04-11,2011-12-08,170,6,11.3984375,0.0,2.4036243822075782,1502.0,0.0,1502.0,607
22439,6 ROCKET BALLOONS ,3891,2599.01,0.7315945945945946,2010-04-08,2011-12-08,363,9,15.626506024096386,0.018858436007040482,6.378688524590164,3977.0,75.0,3902.0,610
22440,BALLOON WATER BOMB PACK OF 35,8523,3399.41,0.4507333333333333,2010-04-11,2011-12-06,292,7,40.58571428571429,0.006224066390041493,14.087603305785123,8676.0,54.0,8622.0,605
22441,GROW YOUR OWN BASIL IN ENAMEL MUG,2644,5729.570000000001,2.4285924369747898,2010-03-23,2011-12-09,472,11,9.579710144927537,0.003667033370003667,4.216905901116427,2727.0,10.0,2717.0,627
22442,GROW YOUR OWN FLOWERS SET OF 3,866,4765.32,7.467803468208093,2010-03-23,2011-12-09,172,9,6.983870967741935,0.020524515393386546,1.3811802232854864,877.0,18.0,859.0,627
22443,GROW YOUR OWN HERBS SET OF 3,683,5393.43,8.465509433962264,2010-03-23,2011-08-05,264,10,3.773480662983425,0.0071633237822349575,1.3632734530938124,698.0,5.0,693.0,501
22444,GROW YOUR OWN PLANT IN A CAN ,10132,13856.6,1.578920704845815,2010-03-23,2011-05-19,453,17,48.018957345971565,0.010497489730716568,23.95271867612293,10955.0,115.0,10840.0,423
22445,PENCIL CASE LIFE IS BEAUTIFUL,1287,3948.8600000000006,3.4671228070175437,2010-03-17,2011-12-08,275,14,6.532994923857868,0.0,2.036392405063291,1259.0,0.0,1259.0,632
22446,PIN CUSHION RUSSIAN DOLL PINK,618,1751.93,3.052328042328042,2010-03-18,2011-12-09,186,10,4.414285714285715,0.009584664536741214,0.9778481012658228,626.0,6.0,620.0,632
22447,PIN CUSHION RUSSIAN DOLL BLUE,248,796.34,3.48609756097561,2010-03-23,2011-12-09,82,7,3.5942028985507246,0.023809523809523808,0.39553429027113235,252.0,6.0,246.0,627
22448,PIN CUSHION RUSSIAN DOLL RED,753,2426.73,3.6891803278688524,2010-03-18,2011-12-06,121,10,7.171428571428572,0.007926023778071334,1.1971383147853736,757.0,6.0,751.0,629
22449,SILK PURSE RUSSIAN DOLL PINK,1323,4374.45,3.465705128205128,2010-03-17,2011-11-24,308,19,6.5495049504950495,0.009607686148919135,2.1407766990291264,1249.0,12.0,1237.0,618
22450,SILK PURSE RUSSIAN DOLL BLUE,834,2798.28,3.5129347826086956,2010-03-17,2011-11-28,180,13,6.043478260869565,0.015306122448979591,1.3408360128617363,784.0,12.0,772.0,622
22451,SILK PURSE RUSSIAN DOLL RED,1339,4496.99,3.8200000000000003,2010-03-17,2011-05-13,238,12,8.638709677419355,0.006187161639597835,3.16548463356974,1293.0,8.0,1285.0,423
22452,MEASURING TAPE RUSSIAN DOLL PINK,1271,3358.1000000000004,2.6929961089494165,2010-03-21,2011-12-06,255,15,7.221590909090909,0.009938837920489297,2.0303514376996805,1308.0,13.0,1295.0,626
22453,MEASURING TAPE RUSSIAN DOLL BLUE,801,2212.92,2.8793793103448273,2010-03-21,2011-12-08,144,14,7.151785714285714,0.009345794392523364,1.2754777070063694,856.0,8.0,848.0,628
22454,MEASURING TAPE RUSSIAN DOLL RED,1405,3933.63,3.1449171270718232,2010-03-19,2011-11-16,179,13,10.407407407407407,0.014666666666666666,2.3108552631578947,1500.0,22.0,1478.0,608
22456,NATURAL SLATE CHALKBOARD LARGE ,4416,21583.2,6.306929510155317,2010-03-04,2011-12-09,835,7,11.26530612244898,0.022638223770134958,6.835913312693498,4594.0,104.0,4490.0,646
22457,NATURAL SLATE HEART CHALKBOARD ,15373,47288.23,3.5118406993686255,2010-03-04,2011-12-09,2046,15,33.13146551724138,0.007107500951897449,23.79721362229102,15758.0,112.0,15646.0,646
22458,CAST IRON HOOK GARDEN FORK,1523,3790.47,2.86393063583815,2010-03-04,2011-04-20,173,4,12.087301587301587,0.0,3.6876513317191284,1475.0,0.0,1475.0,413
22459,CAST IRON HOOK GARDEN TROWEL,1378,3389.74,2.887586206896551,2010-03-04,2011-04-27,172,6,10.682170542635658,0.0,3.280952380952381,1199.0,0.0,1199.0,420
22460,EMBOSSED GLASS TEALIGHT HOLDER,4771,6283.87,1.5209523809523808,2010-03-08,2011-12-09,376,5,18.932539682539684,0.005378568473314025,7.431464174454828,4834.0,26.0,4808.0,642
22461,SAVOY ART DECO CLOCK,410,3607.81,12.368561643835616,2010-03-07,2011-08-12,146,1,3.4745762711864407,0.18051575931232092,0.7824427480916031,349.0,63.0,286.0,524
22464,HANGING METAL HEART LANTERN,7847,12985.31,1.9095220125786163,2010-03-04,2011-12-09,784,11,19.185819070904646,0.031179845347967073,12.147058823529411,8018.0,250.0,7768.0,646
22465,HANGING METAL STAR LANTERN,4517,7284.239999999999,1.865506329113924,2010-03-04,2011-12-09,461,6,16.545787545787547,0.030910253677254317,6.992260061919505,4691.0,145.0,4546.0,646
22466,FAIRY TALE COTTAGE NIGHTLIGHT,5312,9857.18,2.3722670025188917,2010-03-05,2011-12-09,394,17,21.681632653061225,0.007144072121109032,8.235658914728683,5879.0,42.0,5837.0,645
22467,GUMBALL COAT RACK,11868,28059.48,2.8445724572457243,2010-03-04,2011-12-09,1095,19,31.396825396825395,0.027699265121537593,18.371517027863778,10614.0,294.0,10320.0,646
22468,BABUSHKA LIGHTS STRING OF 10,1736,11542.6,7.8801694915254235,2010-03-08,2011-12-08,413,14,6.728682170542636,0.03262092238470191,2.708268330733229,1778.0,58.0,1720.0,641
22469,HEART OF WICKER SMALL,27908,48935.10999999999,1.9215671981776765,2010-04-22,2011-12-09,2151,15,66.92565947242207,0.009765219198005402,46.74706867671692,28878.0,282.0,28596.0,597
22470,HEART OF WICKER LARGE,17773,53506.130000000005,3.2125426278836513,2010-04-22,2011-12-08,1952,10,42.016548463356976,0.02149137088896125,29.82046979865772,18426.0,396.0,18030.0,596
22471,TV DINNER TRAY AIR HOSTESS ,627,2568.76,5.779318181818182,2010-03-11,2011-12-09,176,13,4.576642335766423,0.004658385093167702,0.9812206572769953,644.0,3.0,641.0,639
22472,TV DINNER TRAY DOLLY GIRL,1099,5160.32,5.8658,2010-03-08,2011-12-08,250,14,6.139664804469274,0.004440497335701598,1.7145085803432136,1126.0,5.0,1121.0,641
22473,TV DINNER TRAY VINTAGE PAISLEY,811,3070.92,5.201387559808612,2010-03-11,2011-12-08,209,9,5.165605095541402,0.0,1.2711598746081505,836.0,0.0,836.0,638
22474,SPACEBOY TV DINNER TRAY,972,4746.530000000001,6.225859375,2010-03-08,2011-12-09,254,15,5.46067415730337,0.03232323232323232,1.514018691588785,990.0,32.0,958.0,642
22475,SKULL DESIGN TV DINNER TRAY,769,3856.8,6.003552123552124,2010-03-05,2011-12-08,256,8,3.9844559585492227,0.0076045627376425855,1.1940993788819876,789.0,6.0,783.0,644
22476,EMPIRE UNION JACK TV DINNER TRAY,1332,5218.61,6.592851851851852,2010-03-07,2011-12-09,269,8,6.795918367346939,0.007352941176470588,2.07153965785381,1360.0,10.0,1350.0,643
22477,WATERING CAN GARDEN MARKER,2414,3356.74,1.6487364620938627,2010-03-05,2011-12-08,276,9,11.833333333333334,0.00040933278755628325,3.748447204968944,2443.0,1.0,2442.0,644
22478,BIRDHOUSE GARDEN MARKER ,2772,3848.41,1.6139747634069401,2010-03-05,2011-12-09,317,11,12.542986425339366,0.0007183908045977011,4.297674418604651,2784.0,2.0,2782.0,645
22479,DAISY GARDEN MARKER,1939,2691.19,1.5787441860465117,2010-03-05,2011-12-08,214,5,11.751515151515152,0.0,3.010869565217391,1956.0,0.0,1956.0,644
22480,RED TEA TOWEL CLASSIC DESIGN,2368,2863.06,1.2736704119850186,2010-03-05,2011-08-28,263,9,13.155555555555555,0.0,4.369003690036901,2401.0,0.0,2401.0,542
22481,BLACK TEA TOWEL CLASSIC DESIGN,1272,1309.81,1.1607142857142858,2010-03-07,2011-12-09,219,4,7.709090909090909,0.0,1.9782270606531882,1017.0,0.0,1017.0,643
22482,BLUE TEA TOWEL CLASSIC DESIGN,2319,2739.43,1.2477064220183487,2010-03-05,2011-07-05,214,9,15.156862745098039,0.0,4.752049180327869,2306.0,0.0,2306.0,488
22483,RED GINGHAM TEDDY BEAR ,1877,5440.51,3.3145845272206302,2010-03-04,2011-12-08,349,17,7.820833333333334,0.008914525432616675,2.910077519379845,1907.0,17.0,1890.0,645
22485,SET OF 2 WOODEN MARKET CRATES,1101,14677.84,14.761428571428572,2010-03-05,2011-12-09,419,16,3.904255319148936,0.011722272317403066,1.7069767441860466,1109.0,13.0,1096.0,645
22486,PLASMATRONIC LAMP,104,856.4,9.821,2010-03-08,2011-12-09,40,2,2.810810810810811,0.1320754716981132,0.16199376947040497,106.0,14.0,92.0,642
22487,WHITE WOOD GARDEN PLANT LADDER,1632,16373.699999999999,10.688288888888888,2010-03-05,2011-12-08,898,17,4.0,0.043478260869565216,2.5341614906832297,1633.0,71.0,1562.0,644
22488,NATURAL SLATE RECTANGLE CHALKBOARD,6905,11788.06,1.9600369913686806,2010-03-05,2011-12-09,808,11,17.219451371571072,0.007046304285303422,10.705426356589147,6954.0,49.0,6905.0,645
22489,PACK OF 12 TRADITIONAL CRAYONS,17916,7548.67,0.511937106918239,2010-03-02,2011-12-09,785,20,48.2911051212938,0.01924140218953887,27.64814814814815,18086.0,348.0,17738.0,648
22491,PACK OF 12 COLOURED PENCILS,7423,5950.0,0.8962025316455696,2010-05-06,2011-12-09,390,15,29.3399209486166,0.023828435266084195,12.732418524871354,7554.0,180.0,7374.0,583
22492,MINI PAINT SET VINTAGE ,43546,27817.590000000004,0.7699180327868853,2010-05-06,2011-12-08,732,23,120.62603878116343,0.006153509252162488,74.8213058419244,45665.0,281.0,45384.0,582
22493,PAINT YOUR OWN CANVAS SET,4738,7608.119999999999,1.8342227378190255,2010-05-07,2011-12-08,418,9,18.223076923076924,0.05682289506428868,8.154905335628227,4822.0,274.0,4548.0,581
22494,EMERGENCY FIRST AID TIN ,2765,3730.92,1.7174734607218682,2010-01-29,2011-12-08,468,22,8.75,0.01783216783216783,4.072164948453608,2860.0,51.0,2809.0,679
22495,SET OF 2 ROUND TINS CAMEMBERT ,940,2682.32,3.4214644351464436,2010-01-29,2011-12-09,237,13,5.371428571428571,0.006276150627615063,1.3823529411764706,956.0,6.0,950.0,680
22496,SET OF 2 ROUND TINS DUTCH CHEESE,731,1996.0900000000001,3.1207216494845365,2010-01-29,2011-12-09,193,13,4.841059602649007,0.008152173913043478,1.075,736.0,6.0,730.0,680
22497,SET OF 2 TINS VINTAGE BATHROOM ,929,4239.07,5.253928571428571,2010-01-31,2011-12-05,279,13,4.509708737864078,0.005376344086021506,1.3783382789317506,930.0,5.0,925.0,674
22498,WOODEN REGATTA BUNTING,1135,6933.740000000001,6.845091383812011,2010-02-03,2011-12-09,381,7,4.3486590038314175,0.0,1.6814814814814816,1153.0,0.0,1153.0,675
22499,WOODEN UNION JACK BUNTING,3584,21826.52,6.621156812339332,2010-02-02,2011-12-07,774,8,10.011173184357542,0.0019982871824150727,5.317507418397626,3503.0,7.0,3496.0,674
22500,SET OF 2 TINS JARDIN DE PROVENCE,580,2647.31,5.186834170854271,2010-01-31,2011-12-09,198,8,3.717948717948718,0.006745362563237774,0.855457227138643,593.0,4.0,589.0,678
22501,PICNIC BASKET WICKER LARGE,2612,30339.36,13.588451443569554,2010-05-21,2011-11-06,762,10,9.006896551724138,0.04903036955726308,4.8822429906542055,2733.0,134.0,2599.0,535
22502,PICNIC BASKET WICKER SMALL,3766,60880.3,8.060515574650912,2010-05-23,2011-09-25,924,8,12.267100977198696,0.021271333168439276,7.670061099796334,4043.0,86.0,3957.0,491
22503,CABIN BAG VINTAGE PAISLEY,141,3178.02,25.080925925925925,2010-04-30,2011-11-27,54,10,2.764705882352941,0.1476510067114094,0.24436741767764297,149.0,22.0,127.0,577
22504,CABIN BAG VINTAGE RETROSPOT,366,7985.03,25.72113043478261,2010-05-04,2011-12-05,115,12,4.159090909090909,0.03208556149732621,0.6299483648881239,374.0,12.0,362.0,581
22505,MEMO BOARD COTTAGE DESIGN,3773,18034.63,5.474500665778962,2010-03-10,2011-12-09,744,23,9.902887139107612,0.004966021955044433,5.8953125,3826.0,19.0,3807.0,640
22507,MEMO BOARD RETROSPOT  DESIGN,5455,25603.46,5.941274944567628,2010-03-11,2011-12-09,900,15,13.304878048780488,0.004214963119072708,8.536776212832551,5694.0,24.0,5670.0,639
22508,DOORSTOP RETROSPOT HEART,2880,11561.95,4.388196022727272,2010-03-11,2011-12-08,697,13,7.868852459016393,0.010228435049437436,4.5141065830721,2933.0,30.0,2903.0,638
22509,SEWING BOX RETROSPOT DESIGN ,387,5130.36,15.858031914893617,2010-03-10,2011-12-08,187,11,2.8043478260869565,0.048223350253807105,0.6056338028169014,394.0,19.0,375.0,639
22510,DOORSTOP RUSSIAN DOLL GINGHAM,316,821.57,3.4143333333333334,2010-03-12,2011-12-08,90,7,4.051282051282051,0.0,0.49607535321821034,325.0,0.0,325.0,637
22511,DOORSTOP RUSSIAN DOLL RETROSPOT,397,1046.66,3.4247321428571427,2010-03-12,2011-12-08,111,8,4.268817204301075,0.0024449877750611247,0.6232339089481946,409.0,1.0,408.0,637
22512,DOORSTOP RACING CAR DESIGN,384,956.17,3.630985915492958,2010-03-12,2011-12-06,71,4,6.193548387096774,0.0,0.6047244094488189,391.0,0.0,391.0,635
22513,DOORSTOP FOOTBALL DESIGN,585,1894.7,4.337426900584796,2010-03-14,2011-12-09,170,6,4.2086330935251794,0.0,0.9198113207547169,595.0,0.0,595.0,636
22514,CHILDS GARDEN SPADE BLUE,1082,2202.92,2.351802575107296,2010-03-28,2011-12-08,233,7,6.557575757575758,0.001813236627379873,1.7423510466988728,1103.0,2.0,1101.0,621
22515,CHILDS GARDEN SPADE PINK,1046,2129.7400000000002,2.451238095238095,2010-03-28,2011-12-06,208,7,6.881578947368421,0.0037629350893697085,1.689822294022617,1063.0,4.0,1059.0,619
22516,CHILDS GARDEN RAKE BLUE,839,1700.6000000000001,2.4978048780487803,2010-03-28,2011-12-08,162,6,6.821138211382114,0.0035046728971962616,1.3510466988727858,856.0,3.0,853.0,621
22517,CHILDS GARDEN RAKE PINK,806,1589.41,2.3930263157894736,2010-03-26,2011-12-06,152,6,6.716666666666667,0.0,1.2979066022544283,815.0,0.0,815.0,621
22518,CHILDS GARDEN BRUSH BLUE,1398,2899.8,2.545430711610487,2010-03-25,2011-05-16,266,11,8.961538461538462,0.0,3.3444976076555024,1394.0,0.0,1394.0,418
22519,CHILDS GARDEN BRUSH PINK,1425,2968.7700000000004,2.477846153846154,2010-03-25,2011-06-07,258,10,9.628378378378379,0.009776536312849162,3.2386363636363638,1432.0,14.0,1418.0,440
22520,CHILDS GARDEN TROWEL BLUE ,2294,2011.28,0.9263829787234042,2010-03-25,2011-05-17,369,9,11.527638190954773,0.0009090909090909091,5.4749403341288785,2200.0,2.0,2198.0,419
22521,CHILDS GARDEN TROWEL PINK,2288,1987.9299999999998,0.935,2010-03-25,2011-05-05,370,10,12.301075268817204,0.0009070294784580499,5.621621621621622,2205.0,2.0,2203.0,407
22522,CHILDS GARDEN FORK BLUE ,2239,1905.81,0.9080530973451327,2010-03-25,2011-12-08,334,10,10.868932038834952,0.007072135785007072,3.5881410256410255,2121.0,15.0,2106.0,624
22523,CHILDS GARDEN FORK PINK,2183,1882.29,0.9272067039106145,2010-03-25,2011-12-08,352,11,10.597087378640778,0.007129277566539924,3.4983974358974357,2104.0,15.0,2089.0,624
22524,CHILDRENS GARDEN GLOVES BLUE,1925,2713.23,1.5784067796610168,2010-03-25,2011-05-24,293,11,11.0,0.007337526205450734,4.518779342723005,1908.0,14.0,1894.0,426
22525,CHILDRENS GARDEN GLOVES PINK,1946,2748.79,1.6535258358662615,2010-03-25,2011-04-18,328,13,10.932584269662922,0.00782472613458529,4.98974358974359,1917.0,15.0,1902.0,390
22526,WHEELBARROW FOR CHILDREN ,544,6689.67,13.60014423076923,2010-03-26,2011-12-09,207,6,3.675675675675676,0.021897810218978103,0.8717948717948718,548.0,12.0,536.0,624
22528,GARDENERS KNEELING PAD,5824,7623.41,1.4907692307692308,2010-03-26,2010-12-07,554,3,37.81818181818182,0.007677870670534039,22.66147859922179,5861.0,45.0,5816.0,257
22529,MAGIC DRAWING SLATE GO TO THE FAIR ,2437,984.03,0.45615384615384613,2010-03-28,2011-12-08,155,7,19.8130081300813,0.0,3.924315619967794,2470.0,0.0,2470.0,621
22530,MAGIC DRAWING SLATE DOLLY GIRL ,10065,4257.09,0.4945569620253164,2010-03-28,2011-12-08,468,15,38.26996197718631,0.0046719875413665565,16.207729468599034,10274.0,48.0,10226.0,621
22531,MAGIC DRAWING SLATE CIRCUS PARADE  ,8136,3507.76,0.4853771289537712,2010-03-31,2011-12-08,406,14,31.53488372093023,0.0,13.16504854368932,8314.0,0.0,8314.0,618
22532,MAGIC DRAWING SLATE LEAP FROG ,2862,1101.1000000000001,0.4546111111111111,2010-03-28,2011-12-08,175,9,21.044117647058822,0.0,4.608695652173913,2919.0,0.0,2919.0,621
22533,MAGIC DRAWING SLATE BAKE A CAKE ,4519,1783.36,0.4754237288135593,2010-03-28,2011-12-08,231,12,26.426900584795323,0.015450643776824034,7.276972624798712,4660.0,72.0,4588.0,621
22534,MAGIC DRAWING SLATE SPACEBOY ,12891,5514.79,0.49511666666666665,2010-03-28,2011-12-08,583,15,40.5377358490566,0.010666052793124617,20.758454106280194,13032.0,139.0,12893.0,621
22535,MAGIC DRAWING SLATE BUNNIES ,4454,1862.49,0.47039867109634553,2010-03-25,2011-12-02,298,10,21.311004784688997,0.02656630506973655,7.207119741100324,4517.0,120.0,4397.0,618
22536,MAGIC DRAWING SLATE PURDEY,9091,3586.24,0.4556417112299465,2010-03-28,2011-12-08,365,10,37.72199170124481,0.013898404619751394,14.639291465378422,10217.0,142.0,10075.0,621
22537,MAGIC DRAWING SLATE DINOSAUR,5861,2420.91,0.48832869080779945,2010-03-29,2011-12-05,350,10,24.420833333333334,0.008067226890756302,9.499189627228525,5950.0,48.0,5902.0,617
22538,MINI JIGSAW GO TO THE FAIR,1443,610.4300000000001,0.5362790697674419,2010-03-28,2011-12-05,86,7,18.0375,0.0,2.3349514563106797,1446.0,0.0,1446.0,618
22539,MINI JIGSAW DOLLY GIRL,5654,2268.13,0.5402811244979919,2010-03-26,2011-12-09,247,17,31.41111111111111,0.00017400382808421786,9.060897435897436,5747.0,1.0,5746.0,624
22540,MINI JIGSAW CIRCUS PARADE ,6162,2410.29,0.4966315789473684,2010-03-28,2011-12-09,189,14,42.205479452054796,0.0004772510340439071,9.906752411575562,6286.0,3.0,6283.0,622
22541,MINI JIGSAW LEAP FROG,1245,503.92,0.5591044776119403,2010-03-28,2011-12-06,66,8,21.46551724137931,0.0,2.011308562197092,1247.0,0.0,1247.0,619
22543,MINI JIGSAW BAKE A CAKE ,3247,1281.49,0.5087288135593221,2010-03-26,2011-12-08,118,10,32.7979797979798,0.0,5.211878009630818,3300.0,0.0,3300.0,623
22544,MINI JIGSAW SPACEBOY,9382,3756.52,0.5107894736842106,2010-03-25,2011-12-09,341,16,39.586497890295355,0.009533787323205867,15.0112,9545.0,91.0,9454.0,625
22545,MINI JIGSAW BUNNIES,3451,1421.06,0.5332972972972972,2010-03-26,2011-12-09,184,10,23.636986301369863,0.014064293915040185,5.530448717948718,3484.0,49.0,3435.0,624
22546,MINI JIGSAW FIDO,4375,1760.8,0.5167582417582417,2010-03-26,2011-12-08,181,10,30.381944444444443,0.0002281021897810219,7.022471910112359,4384.0,1.0,4383.0,623
22547,MINI JIGSAW DINOSAUR ,1980,846.82,0.5929687499999999,2010-03-26,2011-12-08,189,8,13.2,0.0009799118079372856,3.178170144462279,2041.0,2.0,2039.0,623
22548,HEADS AND TAILS SPORTING FUN,3526,4404.31,1.3872499999999999,2010-03-25,2011-11-13,428,11,13.881889763779528,0.0,5.886477462437395,3519.0,0.0,3519.0,599
22549,PICTURE DOMINOES,6521,9718.41,1.8593767313019391,2010-03-25,2011-12-09,711,18,18.792507204610953,0.00014952153110047846,10.4336,6688.0,1.0,6687.0,625
22550,HOLIDAY FUN LUDO,2058,7669.64,4.36481220657277,2010-03-25,2011-12-08,425,17,7.622222222222222,0.04200477326968974,3.298076923076923,2095.0,88.0,2007.0,624
22551,PLASTERS IN TIN SPACEBOY,15441,25912.87,1.811910197869102,2010-03-25,2011-12-09,1299,27,34.62107623318386,0.01818873185879967,24.7056,15779.0,287.0,15492.0,625
22553,PLASTERS IN TIN SKULLS,7794,13013.149999999998,1.9017960288808664,2010-03-25,2011-12-09,1090,23,18.645933014354068,0.01480019733596448,12.4704,8108.0,120.0,7988.0,625
22554,PLASTERS IN TIN WOODLAND ANIMALS,13588,22853.719999999998,1.8651470588235295,2010-03-25,2011-12-09,1275,25,30.53483146067416,0.011531766753698868,21.7408,13788.0,159.0,13629.0,625
22555,PLASTERS IN TIN STRONGMAN,11549,18680.32,1.805651731160896,2010-03-25,2011-12-09,967,24,28.16829268292683,0.0033599328013439733,18.4784,11905.0,40.0,11865.0,625
22556,PLASTERS IN TIN CIRCUS PARADE ,13585,22334.079999999998,1.7749835526315791,2010-03-25,2011-12-09,1196,24,31.015981735159816,0.008625063419583967,21.736,13797.0,119.0,13678.0,625
22557,PLASTERS IN TIN VINTAGE PAISLEY ,10369,17401.3,1.8292387543252595,2010-03-25,2011-12-09,1126,29,24.002314814814813,0.007532956685499058,16.5904,10620.0,80.0,10540.0,625
22558,CLOTHES PEGS RETROSPOT PACK 24 ,13809,19513.17,1.6692161716171616,2010-04-14,2011-12-09,1202,17,38.25207756232687,0.006404391582799634,22.824793388429754,14209.0,91.0,14118.0,605
22559,SEASIDE FRISBEE ,1583,1986.8700000000001,1.5008823529411766,2010-03-25,2011-12-05,202,8,10.695945945945946,0.0025173064820641915,2.5491143317230276,1589.0,4.0,1585.0,621
22560,TRADITIONAL MODELLING CLAY,14836,17861.71,1.3711405835543766,2010-03-25,2011-12-09,742,12,40.205962059620596,0.011493497964008932,23.7376,15226.0,175.0,15051.0,625
22561,WOODEN SCHOOL COLOURING SET,11642,19524.269999999997,1.7414208242950107,2010-03-25,2011-12-09,904,18,29.032418952618453,0.03582647083793191,18.6272,11779.0,422.0,11357.0,625
22562,MONSTERS STENCIL CRAFT,3978,4682.3,1.3233585858585857,2010-03-24,2011-12-08,393,10,16.37037037037037,0.0,6.3648,4013.0,0.0,4013.0,625
22563,HAPPY STENCIL CRAFT,5942,6923.85,1.317904411764706,2010-03-24,2011-12-08,533,8,19.61056105610561,0.000499001996007984,9.5072,6012.0,3.0,6009.0,625
22564,ALPHABET STENCIL CRAFT,4570,5221.400000000001,1.3229360465116278,2010-03-24,2011-12-08,343,6,20.493273542600896,0.14773218142548597,7.312,4630.0,684.0,3946.0,625
22565,FELTCRAFT HAIRBANDS PINK + WHITE ,2086,1902.1899999999998,1.0322695035460991,2010-03-10,2011-12-09,278,8,10.326732673267326,0.0004697040864255519,3.259375,2129.0,1.0,2128.0,640
22566,"FELTCRAFT HAIRBAND S/2, PINK/PURPLE",2836,2373.8199999999997,0.9882450331125827,2010-03-10,2011-12-09,297,7,13.634615384615385,0.0,4.43125,2896.0,0.0,2896.0,640
22567,20 DOLLY PEGS RETROSPOT,5561,6955.83,1.4558431372549019,2010-03-26,2011-12-09,506,17,18.475083056478404,0.008454106280193236,8.911858974358974,5796.0,49.0,5747.0,624
22568,FELTCRAFT CUSHION OWL,5479,20244.97,4.161740614334471,2010-03-10,2011-12-07,875,10,13.97704081632653,0.06437613019891501,8.587774294670846,5530.0,356.0,5174.0,638
22569,FELTCRAFT CUSHION BUTTERFLY,5521,20104.43,4.187288776796973,2010-03-10,2011-10-25,784,10,15.508426966292134,0.061094386399858334,9.278991596638656,5647.0,345.0,5302.0,595
22570,FELTCRAFT CUSHION RABBIT,5631,20901.1,4.310666666666666,2010-03-10,2011-11-18,807,13,15.641666666666667,0.07500870170553428,9.096930533117932,5746.0,431.0,5315.0,619
22571,ROCKING HORSE RED CHRISTMAS ,5780,5135.24,1.044126679462572,2010-07-23,2011-12-09,511,17,30.104166666666668,0.018059431948776884,11.445544554455445,6091.0,110.0,5981.0,505
22572,ROCKING HORSE GREEN CHRISTMAS ,3439,3087.18,1.0399731903485254,2010-07-22,2011-11-29,362,13,21.098159509202453,0.0008952551477170994,6.933467741935484,3351.0,3.0,3348.0,496
22573,STAR WOODEN CHRISTMAS DECORATION,4907,4403.83,1.0914669926650367,2010-07-18,2011-12-09,405,12,28.52906976744186,0.0,9.62156862745098,5127.0,0.0,5127.0,510
22574,HEART WOODEN CHRISTMAS DECORATION,5074,4629.17,1.0663095238095237,2010-07-18,2011-12-09,415,13,28.994285714285713,0.08911994058670628,9.949019607843137,5386.0,480.0,4906.0,510
22575,METAL MERRY CHRISTMAS WREATH,3113,6699.71,2.092623906705539,2010-07-18,2011-12-05,330,10,20.34640522875817,0.03258390355164549,6.1521739130434785,3069.0,100.0,2969.0,506
22576,SWALLOW WOODEN CHRISTMAS DECORATION,3132,2835.08,1.0617867435158501,2010-07-18,2011-12-09,330,13,19.94904458598726,0.001799640071985603,6.141176470588236,3334.0,6.0,3328.0,510
22577,WOODEN HEART CHRISTMAS SCANDINAVIAN,14023,7154.53,0.6502790697674419,2010-07-18,2011-12-09,832,13,63.166666666666664,0.007284529390551749,27.49607843137255,13865.0,101.0,13764.0,510
22578,WOODEN STAR CHRISTMAS SCANDINAVIAN,13302,6419.24,0.6219178082191781,2010-07-18,2011-12-09,768,12,71.9027027027027,0.013652152839486226,26.08235294117647,12379.0,169.0,12210.0,510
22579,WOODEN TREE CHRISTMAS SCANDINAVIAN,7152,3797.2799999999997,0.6905052264808362,2010-07-18,2011-11-28,553,11,44.148148148148145,0.013245033112582781,14.332665330661323,7248.0,96.0,7152.0,499
22580,ADVENT CALENDAR GINGHAM SACK,2322,13141.08,6.138709677419355,2010-07-20,2011-12-09,495,16,12.483870967741936,0.052409129332206254,4.570866141732283,2366.0,124.0,2242.0,508
22581,WOOD STOCKING CHRISTMAS SCANDISPOT,3565,2852.6299999999997,0.9357179487179488,2010-07-18,2011-12-09,380,10,22.006172839506174,0.0005474952094169176,6.990196078431373,3653.0,2.0,3651.0,510
22582,PACK OF 6 SWEETIE GIFT BOXES,2522,6324.7699999999995,2.8735430463576157,2010-03-10,2011-12-08,295,18,12.423645320197044,0.030660377358490566,3.94679186228482,2544.0,78.0,2466.0,639
22583,PACK OF 6 HANDBAG GIFT BOXES,1873,4955.75,2.978753462603878,2010-03-10,2011-12-08,349,16,8.399103139013453,0.05832895428271151,2.9311424100156493,1903.0,111.0,1792.0,639
22584,PACK OF 6 PANNETONE GIFT BOXES,5222,13287.78,2.86272268907563,2010-03-10,2011-12-08,589,17,16.525316455696203,0.03723303723303723,8.172143974960877,5291.0,197.0,5094.0,639
22585,PACK OF 6 BIRDY GIFT TAGS,17557,21977.3,1.381512455516014,2010-03-10,2011-12-09,1084,18,44.67430025445292,0.021488955549495502,27.4328125,18335.0,394.0,17941.0,640
22586,FELTCRAFT HAIRBAND PINK AND BLUE,2087,1815.1399999999999,1.0022666666666666,2010-03-10,2011-12-09,295,9,10.280788177339902,0.022900763358778626,3.2609375,2096.0,48.0,2048.0,640
22587,"FELTCRAFT HAIRBAND, S/2, RED/BLUE",2112,1841.1899999999998,1.0048734177215188,2010-03-10,2011-12-08,308,8,10.25242718446602,0.0,3.3051643192488265,2147.0,0.0,2147.0,639
22588,CARDHOLDER GINGHAM HEART,2849,7776.84,3.101122448979592,2010-07-16,2011-12-08,483,13,12.662222222222223,0.1340027700831025,5.575342465753424,2888.0,387.0,2501.0,511
22589,CARDHOLDER GINGHAM STAR,1317,3626.7799999999997,3.0943153526970955,2010-07-16,2011-12-09,238,9,9.902255639097744,0.012958963282937365,2.572265625,1389.0,18.0,1371.0,512
22591,CARDHOLDER GINGHAM CHRISTMAS TREE,1347,3854.15,3.4746411483253583,2010-07-16,2011-12-09,208,7,11.319327731092438,0.096,2.630859375,1375.0,132.0,1243.0,512
22592,CARDHOLDER HOLLY WREATH METAL,1980,7956.84,4.434281045751634,2010-07-27,2011-12-09,304,9,13.026315789473685,0.0009995002498750624,3.9520958083832336,2001.0,2.0,1999.0,501
22593,CHRISTMAS GINGHAM STAR,5420,4823.9,1.0660671462829736,2010-07-16,2011-12-09,415,16,29.456521739130434,0.04955264969029594,10.5859375,5812.0,288.0,5524.0,512
22594,CHRISTMAS GINGHAM TREE,4791,4377.33,1.1050847457627118,2010-07-18,2011-12-09,412,14,26.616666666666667,0.00019956096587507485,9.394117647058824,5011.0,1.0,5010.0,510
22595,CHRISTMAS GINGHAM HEART,12535,10544.32,1.0012779156327543,2010-07-16,2011-12-08,796,18,41.64451827242525,0.022249690976514216,24.53033268101761,12944.0,288.0,12656.0,511
22596,CHRISTMAS STAR WISH LIST CHALKBOARD,6331,6471.2,1.123573033707865,2010-07-16,2011-12-09,438,11,38.603658536585364,0.004559748427672956,12.365234375,6360.0,29.0,6331.0,512
22597,CHRISTMAS MUSICAL ZINC HEART ,4613,2766.08,0.7843097643097643,2010-07-25,2011-12-09,291,10,29.57051282051282,0.007300837449001503,9.170974155069583,4657.0,34.0,4623.0,503
22598,CHRISTMAS MUSICAL ZINC TREE,1790,1131.85,0.7666438356164383,2010-07-26,2011-12-09,144,5,19.456521739130434,0.0033351862145636463,3.5657370517928286,1799.0,6.0,1793.0,502
22599,CHRISTMAS MUSICAL ZINC STAR,3119,1976.8799999999999,0.7351832460732983,2010-07-25,2011-12-09,189,7,28.354545454545455,0.007655502392344498,6.20079522862823,3135.0,24.0,3111.0,503
22600,CHRISTMAS RETROSPOT STAR WOOD,4860,4209.9,1.0088532110091744,2010-07-16,2011-12-09,429,15,26.27027027027027,0.0056440233823825845,9.4921875,4961.0,28.0,4933.0,512
22601,CHRISTMAS RETROSPOT ANGEL WOOD,5250,4547.19,1.0235071090047392,2010-07-18,2011-12-09,417,15,27.925531914893618,0.0007400555041628122,10.294117647058824,5405.0,4.0,5401.0,510
22602,CHRISTMAS RETROSPOT HEART WOOD,6383,5415.589999999999,1.0310564663023678,2010-07-16,2011-12-09,535,16,25.634538152610443,0.007827788649706457,12.466796875,6643.0,52.0,6591.0,512
22603,CHRISTMAS RETROSPOT TREE WOOD,4143,3552.0899999999997,1.0315656565656566,2010-07-16,2011-12-08,388,14,24.228070175438596,0.003076923076923077,8.107632093933464,4225.0,13.0,4212.0,511
22604,SET OF 4 NAPKIN CHARMS CUTLERY,2017,4957.62,2.7513147410358565,2010-07-23,2011-12-08,247,9,11.7953216374269,0.0117359413202934,4.001984126984127,2045.0,24.0,2021.0,504
22605,WOODEN CROQUET GARDEN SET,1827,23426.82,14.766438569206843,2010-04-08,2011-12-08,642,14,5.8,0.007579859231185706,2.995081967213115,1847.0,14.0,1833.0,610
22606,WOODEN SKITTLES GARDEN SET,1069,14881.94,16.358620689655172,2010-04-08,2011-12-08,374,9,4.730088495575221,0.03275529865125241,1.7524590163934426,1038.0,34.0,1004.0,610
22607,WOODEN ROUNDERS GARDEN SET ,2533,22906.54,10.02461847389558,2010-04-08,2011-12-08,744,8,8.674657534246576,0.006387225548902195,4.1524590163934425,2505.0,16.0,2489.0,610
22608,PENS ASSORTED FUNKY JEWELED ,5735,1573.81,0.462235294117647,2010-02-26,2011-12-09,170,5,46.25,0.00744975744975745,8.79601226993865,5772.0,43.0,5729.0,652
22609,PENS ASSORTED SPACEBALL,7087,2414.54,0.565,2010-02-23,2011-12-08,201,6,47.24666666666667,0.020097697138869504,10.836391437308869,7165.0,144.0,7021.0,654
22610,PENS ASSORTED FUNNY FACE,12680,5107.54,0.5563194444444445,2010-02-25,2011-12-07,287,6,63.08457711442786,0.002821980089362703,19.477726574500767,12757.0,36.0,12721.0,651
22611,VINTAGE UNION JACK SHOPPING BAG,907,4338.63,5.167050000000001,2010-03-28,2011-11-25,195,8,6.718518518518518,0.0044004400440044,1.4917763157894737,909.0,4.0,905.0,608
22612,TEA COSY VINTAGE UNION JACK,1001,3984.99,4.2005405405405405,2010-03-28,2010-09-28,109,4,13.527027027027026,0.004008016032064128,5.410810810810811,998.0,4.0,994.0,185
22613,PACK OF 20 SPACEBOY NAPKINS,3051,2419.7599999999998,0.9653571428571429,2010-05-06,2011-12-09,273,14,15.029556650246306,0.0032626427406199023,5.233276157804459,3065.0,10.0,3055.0,583
22614,PACK OF 12 SPACEBOY TISSUES,5726,1954.2999999999997,0.41798927613941017,2010-05-06,2011-12-09,368,13,24.78787878787879,0.02260751317355091,9.821612349914236,5883.0,133.0,5750.0,583
22615,PACK OF 12 CIRCUS PARADE TISSUES ,3718,1145.8799999999999,0.45116402116402116,2010-05-06,2011-12-09,188,10,24.142857142857142,0.0031039834454216243,6.377358490566038,3866.0,12.0,3854.0,583
22616,PACK OF 12 LONDON TISSUES ,39147,12460.16,0.4251605231866825,2010-05-06,2011-12-09,825,10,105.51752021563343,0.0017836351475214902,67.14751286449399,40367.0,72.0,40295.0,583
22617,BAKING SET SPACEBOY DESIGN,4251,20546.99,5.301244725738396,2010-03-14,2011-12-09,942,24,10.707808564231739,0.13631284916201117,6.683962264150943,1790.0,244.0,1546.0,636
22618,COOKING SET RETROSPOT,718,6984.349999999999,10.469341563786006,2010-03-14,2011-05-06,242,15,4.818791946308725,-0.1395101171458999,1.7136038186157518,-939.0,131.0,-1070.0,419
22619,SET OF 6 SOLDIER SKITTLES,4008,15620.09,4.446620111731844,2010-05-07,2011-12-09,708,25,12.294478527607362,0.002352387673488591,6.88659793814433,4251.0,10.0,4241.0,582
22620,4 TRADITIONAL SPINNING TOPS,8181,11073.449999999999,1.572578763127188,2010-05-09,2011-12-09,841,21,22.915966386554622,0.002869783570489059,14.105172413793104,8363.0,24.0,8339.0,580
22621,TRADITIONAL KNITTING NANCY,8726,13784.319999999998,1.8153475336322868,2010-05-06,2011-12-09,875,16,25.74041297935103,0.0097020888026481,14.967409948542024,8761.0,85.0,8676.0,583
22622,BOX OF VINTAGE ALPHABET BLOCKS,2945,29450.109999999997,11.393466898954703,2010-05-07,2011-12-09,571,17,9.816666666666666,0.01881554595928439,5.060137457044673,3242.0,61.0,3181.0,582
22623,BOX OF VINTAGE JIGSAW BLOCKS ,2312,12432.28,5.667882136279926,2010-05-06,2011-12-07,541,14,8.169611307420494,0.033502968617472435,3.9793459552495696,2358.0,79.0,2279.0,581
22624,IVORY KITCHEN SCALES,3152,27282.73,9.3401638001638,2010-05-04,2011-12-09,1219,19,7.68780487804878,0.009107468123861567,5.388034188034188,3294.0,30.0,3264.0,585
22625,RED KITCHEN SCALES,2627,22911.55,9.727957894736841,2010-05-04,2011-12-09,950,20,6.931398416886544,0.013430127041742287,4.490598290598291,2755.0,37.0,2718.0,585
22626,BLACK KITCHEN SCALES,837,7167.4800000000005,9.225457227138643,2010-04-30,2011-12-08,339,18,3.6233766233766236,0.014891179839633447,1.4234693877551021,873.0,13.0,860.0,588
22627,MINT KITCHEN SCALES,1600,14016.800000000001,9.471406727828747,2010-05-04,2011-12-09,653,18,4.953560371517028,0.01033434650455927,2.735042735042735,1645.0,17.0,1628.0,585
22628,PICNIC BOXES SET OF 3 RETROSPOT ,1744,8367.8,5.627806267806268,2010-07-01,2011-12-09,350,16,7.785714285714286,0.015410958904109588,3.3092979127134723,1752.0,27.0,1725.0,527
22629,SPACEBOY LUNCH BOX ,20807,37955.5,2.1693473531544596,2010-07-01,2011-12-09,1368,21,51.37530864197531,0.003345427130942845,39.48197343453511,21223.0,71.0,21152.0,527
22630,DOLLY GIRL LUNCH BOX,18058,33380.83,2.3025796886582652,2010-07-01,2011-12-09,1333,24,44.477832512315274,0.018342649373202367,34.26565464895636,18427.0,338.0,18089.0,527
22631,CIRCUS PARADE LUNCHBOX ,6272,12241.849999999999,2.4969093610698367,2010-03-14,2011-12-09,663,19,19.23926380368098,0.005838724948713903,9.861635220125786,6337.0,37.0,6300.0,636
22632,HAND WARMER RED POLKA DOT,10290,20540.33,2.2049190535491903,2010-09-20,2011-12-09,779,10,68.1456953642384,0.0032400324003240034,23.071748878923767,11111.0,36.0,11075.0,446
22633,HAND WARMER UNION JACK,8541,17576.670000000002,2.213322222222222,2010-10-07,2011-12-09,858,7,55.8235294117647,0.0046359709198187755,19.90909090909091,9491.0,44.0,9447.0,429
22634,CHILDS BREAKFAST SET SPACEBOY ,1688,15946.55,10.162814371257484,2010-05-20,2011-12-09,499,20,5.9020979020979025,0.055619930475086905,2.9666080843585236,1726.0,96.0,1630.0,569
22635,CHILDS BREAKFAST SET DOLLY GIRL ,1660,15795.01,10.30381930184805,2010-05-20,2011-12-07,485,21,6.311787072243346,0.07324276432368576,2.927689594356261,1693.0,124.0,1569.0,567
22636,CHILDS BREAKFAST SET CIRCUS PARADE,1618,13437.03,8.807667342799189,2010-05-20,2011-12-08,489,18,5.820143884892087,0.02942942942942943,2.8485915492957745,1665.0,49.0,1616.0,568
22637,PIGGY BANK RETROSPOT ,4478,11492.82,3.0163272120200335,2010-05-20,2011-11-27,598,15,13.906832298136646,0.01644376233282175,8.039497307001795,4561.0,75.0,4486.0,557
22638,SET OF 4 NAPKIN CHARMS CROWNS ,405,735.23,2.3525675675675677,2010-07-23,2011-12-08,74,5,6.864406779661017,0.0024096385542168677,0.8035714285714286,415.0,1.0,414.0,504
22639,SET OF 4 NAPKIN CHARMS HEARTS,1651,4021.12,2.7065124555160143,2010-07-18,2011-12-08,275,6,9.121546961325967,0.00357355568790947,3.243614931237721,1679.0,6.0,1673.0,509
22640,SET OF 4 NAPKIN CHARMS 3 KEYS ,357,765.39,2.561818181818182,2010-06-24,2011-12-08,87,4,4.697368421052632,0.0,0.6697936210131332,367.0,0.0,367.0,533
22641,SET OF 4 NAPKIN CHARMS INSTRUMENT,300,704.9,2.6027536231884056,2010-07-21,2011-12-07,69,3,4.761904761904762,0.0,0.594059405940594,303.0,0.0,303.0,505
22642,SET OF 4 NAPKIN CHARMS STARS   ,989,2348.47,2.5832876712328763,2010-07-18,2011-12-08,141,6,9.792079207920793,0.0,1.9430255402750491,1000.0,0.0,1000.0,509
22643,SET OF 4 NAPKIN CHARMS LEAVES   ,464,1006.2399999999999,2.395208333333333,2010-07-18,2011-12-08,96,2,5.948717948717949,0.0,0.9115913555992141,474.0,0.0,474.0,509
22644,CERAMIC CHERRY CAKE MONEY BANK,4857,7069.879999999999,1.9670195439739413,2010-05-14,2011-12-09,610,11,15.617363344051446,0.020996860282574567,8.44695652173913,5096.0,107.0,4989.0,575
22645,CERAMIC HEART FAIRY CAKE MONEY BANK,5560,9925.13,2.0187282463186076,2010-05-14,2011-12-09,741,11,16.696696696696698,0.01478585995921142,9.669565217391304,5884.0,87.0,5797.0,575
22646,CERAMIC STRAWBERRY CAKE MONEY BANK,8913,12654.71,1.8726793721973094,2010-05-14,2011-12-09,880,16,24.286103542234333,0.011702812969722998,15.500869565217391,9314.0,109.0,9205.0,575
22647,CERAMIC LOVE HEART MONEY BANK,1058,919.63,1.536951219512195,2010-05-14,2011-12-08,82,4,14.493150684931507,0.02247191011235955,1.843205574912892,1068.0,24.0,1044.0,574
22649,STRAWBERRY FAIRY CAKE TEAPOT,2302,11541.78,5.761379310344828,2010-05-14,2011-12-05,486,17,8.557620817843866,0.030690537084398978,4.031523642732049,2346.0,72.0,2274.0,571
22650,CERAMIC PIRATE CHEST MONEY BANK,1786,2717.8799999999997,1.8469473684210527,2010-05-14,2011-12-09,282,12,9.065989847715736,0.019967620075553156,3.106086956521739,1853.0,37.0,1816.0,575
22651,GENTLEMAN SHIRT REPAIR KIT ,3175,2720.8599999999997,1.1600367647058822,2010-07-20,2011-12-09,270,10,17.837078651685392,0.0,6.25,3253.0,0.0,3253.0,508
22652,TRAVEL SEWING KIT,9910,16794.05,1.9061255924170617,2010-07-18,2011-11-15,830,26,30.58641975308642,0.005569922418937737,20.390946502057613,10054.0,56.0,9998.0,486
22653,BUTTON BOX ,3031,5618.21,2.042291666666667,2010-07-19,2011-12-09,381,8,13.178260869565218,0.02079272254710851,5.954813359528488,3078.0,64.0,3014.0,509
22654,DELUXE SEWING KIT ,2534,16971.27,7.357757475083056,2010-07-19,2011-12-09,597,14,9.214545454545455,0.02008181480104128,4.9783889980353635,2689.0,54.0,2635.0,509
22655,VINTAGE RED KITCHEN CABINET,76,12845.0,186.32075471698113,2010-07-12,2011-11-01,53,3,1.6888888888888889,0.14457831325301204,0.1589958158995816,83.0,12.0,71.0,478
22656,VINTAGE BLUE KITCHEN CABINET,45,9290.0,214.86486486486487,2010-07-12,2011-10-12,37,3,1.3636363636363635,0.2708333333333333,0.0982532751091703,48.0,13.0,35.0,458
22657,HEN & 2 CHICKS IN BASKET,59,50.15,0.85,2010-01-31,2010-03-21,7,1,8.428571428571429,0.0,1.18,130.0,0.0,130.0,50
22659,LUNCHBOX I LOVE LONDON,15942,29563.809999999998,2.3333697632058286,2010-03-14,2011-12-09,1075,18,40.66836734693877,0.020214594818898573,25.066037735849058,16869.0,341.0,16528.0,636
22660,DOORMAT I LOVE LONDON,881,5839.41,9.09840206185567,2010-06-28,2011-12-07,194,14,6.160839160839161,0.006734006734006734,1.668560606060606,891.0,6.0,885.0,528
22661,CHARLOTTE BAG DOLLY GIRL DESIGN,8199,6620.45,0.9583385579937304,2010-07-19,2011-12-08,631,15,26.62012987012987,0.0019233080899146533,16.13976377952756,8319.0,16.0,8303.0,508
22662,LUNCH BAG DOLLY GIRL DESIGN,9951,16213.61,1.9189353233830846,2010-07-19,2011-12-09,994,17,26.894594594594594,0.006753401529446817,19.55009823182711,10069.0,68.0,10001.0,509
22663,JUMBO BAG DOLLY GIRL DESIGN,5764,11465.29,2.4382778581765554,2010-07-19,2011-12-09,688,12,17.956386292834893,0.005869152425340929,11.324165029469548,5793.0,34.0,5759.0,509
22664,TOY TIDY DOLLY GIRL DESIGN,1429,2954.19,2.761428571428571,2010-07-22,2011-12-09,266,11,7.724324324324324,0.008298755186721992,2.824110671936759,1446.0,12.0,1434.0,506
22665,RECIPE BOX BLUE SKETCHBOOK DESIGN,2955,9589.84,3.7711456859971717,2010-07-11,2011-11-25,703,14,9.78476821192053,0.015282392026578074,5.8747514910536776,3010.0,46.0,2964.0,503
22666,RECIPE BOX PANTRY YELLOW DESIGN,10706,33682.62,3.6011011370436865,2010-07-09,2011-12-09,1657,23,25.85990338164251,0.021598468969288253,20.628131021194605,10973.0,237.0,10736.0,519
22667,RECIPE BOX RETRO SPOT DESIGN,4845,13586.35,2.990979020979021,2010-07-09,2011-12-09,848,18,15.046583850931677,0.030102347983142687,9.335260115606937,4983.0,150.0,4833.0,519
22668,PINK BABY BUNTING,3587,10898.05,3.9153886010362697,2010-07-07,2011-12-08,579,18,11.87748344370861,0.018590455049944506,6.898076923076923,3604.0,67.0,3537.0,520
22669,RED BABY BUNTING ,2386,7613.94,3.627551020408163,2010-07-06,2011-12-08,438,12,9.738775510204082,0.022550225502255022,4.5796545105566215,2439.0,55.0,2384.0,521
22670,FRENCH WC SIGN BLUE METAL,4432,5510.57,1.5685416666666667,2010-08-17,2011-12-09,425,10,17.870967741935484,0.25823686553873554,9.233333333333333,4492.0,1160.0,3332.0,480
22671,FRENCH LAUNDRY SIGN BLUE METAL,1688,2811.3399999999997,2.044412955465587,2010-08-17,2011-12-08,246,5,9.377777777777778,0.002325581395348837,3.5240083507306887,1720.0,4.0,1716.0,479
22672,FRENCH BATHROOM SIGN BLUE METAL,2850,4736.11,1.946595744680851,2010-08-17,2011-12-08,370,9,12.837837837837839,0.005923344947735192,5.949895615866389,2870.0,17.0,2853.0,479
22673,FRENCH GARDEN SIGN BLUE METAL,1320,1667.5,1.4474999999999998,2010-08-17,2011-12-08,195,6,9.166666666666666,0.08074074074074074,2.755741127348643,1350.0,109.0,1241.0,479
22674,FRENCH TOILET SIGN BLUE METAL,2377,2956.33,1.4519666666666666,2010-08-17,2011-12-08,297,9,11.70935960591133,0.005835764902042517,4.9624217118997915,2399.0,14.0,2385.0,479
22675,FRENCH KITCHEN SIGN BLUE METAL,2227,2754.95,1.4426373626373625,2010-08-17,2011-12-08,270,9,12.798850574712644,0.012511170688114389,4.649269311064718,2238.0,28.0,2210.0,479
22676,"FRENCH BLUE METAL DOOR SIGN, 1",1830,2464.98,1.5949185667752444,2010-08-17,2011-12-09,305,7,9.104477611940299,0.005863539445628998,3.8125,1876.0,11.0,1865.0,480
22677,"FRENCH BLUE METAL DOOR SIGN, 2",1583,2143.03,1.6429893238434163,2010-08-17,2011-12-02,280,8,8.556756756756757,0.00684931506849315,3.346723044397463,1606.0,11.0,1595.0,473
22678,"FRENCH BLUE METAL DOOR SIGN, 3",1400,1875.53,1.6131451612903225,2010-08-17,2011-12-08,248,7,7.777777777777778,0.007681564245810056,2.922755741127349,1432.0,11.0,1421.0,479
22679,"FRENCH BLUE METAL DOOR SIGN, 4",1263,1695.68,1.6347826086956523,2010-08-17,2011-12-08,230,8,7.385964912280702,0.007704160246533128,2.636743215031315,1298.0,10.0,1288.0,479
22680,"FRENCH BLUE METAL DOOR SIGN, 5",1356,1820.45,1.589094827586207,2010-08-17,2011-12-08,230,8,8.119760479041917,0.02148997134670487,2.8308977035490606,1396.0,30.0,1366.0,479
22681,"FRENCH BLUE METAL DOOR SIGN, 6",1167,1559.52,1.6158854166666667,2010-08-17,2011-12-05,189,7,7.627450980392157,0.010075566750629723,2.4516806722689077,1191.0,12.0,1179.0,476
22682,"FRENCH BLUE METAL DOOR SIGN, 7",1166,1521.86,1.533879781420765,2010-08-17,2011-12-06,182,6,8.32857142857143,0.009314140558848433,2.4444444444444446,1181.0,11.0,1170.0,477
22683,"FRENCH BLUE METAL DOOR SIGN, 8",1131,1501.66,1.5911979166666665,2010-08-17,2011-12-02,190,7,7.440789473684211,0.010371650821089023,2.3911205073995774,1157.0,12.0,1145.0,473
22684,"FRENCH BLUE METAL DOOR SIGN, 9",1012,1342.44,1.593878787878788,2010-08-17,2011-12-09,162,7,7.7251908396946565,0.012633624878522837,2.1083333333333334,1029.0,13.0,1016.0,480
22685,"FRENCH BLUE METAL DOOR SIGN, 0",1082,1395.84,1.4646583850931678,2010-08-17,2011-12-08,160,6,8.453125,0.009124087591240875,2.258872651356994,1096.0,10.0,1086.0,479
22686,"FRENCH BLUE METAL DOOR SIGN, No",1406,1857.39,1.8236199095022623,2010-08-17,2011-12-08,221,6,8.319526627218934,0.016689847009735744,2.9352818371607516,1438.0,24.0,1414.0,479
22687,DOORMAT CHRISTMAS VILLAGE,895,5784.67,9.817046979865772,2010-06-28,2011-12-08,149,7,10.783132530120483,0.0,1.6918714555765595,899.0,0.0,899.0,529
22688,DOORMAT PEACE ON EARTH BLUE,865,4756.7,8.462688172043011,2010-06-28,2011-12-08,93,7,12.01388888888889,0.0,1.6351606805293006,874.0,0.0,874.0,529
22689,DOORMAT MERRY CHRISTMAS RED ,1092,8366.72,9.377509433962263,2010-06-28,2011-11-28,264,9,7.8,0.09156193895870736,2.1040462427745665,1114.0,102.0,1012.0,519
22690,DOORMAT HOME SWEET HOME BLUE ,2530,15836.35,8.210570776255707,2010-06-28,2011-12-08,437,16,9.960629921259843,0.0023455824863174357,4.782608695652174,2558.0,6.0,2552.0,529
22691,DOORMAT WELCOME SUNRISE,758,5198.6,8.919128440366974,2010-06-28,2011-12-08,218,8,4.621951219512195,0.18766404199475065,1.4328922495274101,762.0,143.0,619.0,529
22692,DOORMAT WELCOME TO OUR HOME,2135,15965.95,9.478828382838284,2010-06-28,2011-12-08,606,16,6.931818181818182,0.06620370370370371,4.0359168241965975,2160.0,143.0,2017.0,529
22693,GROW A FLYTRAP OR SUNFLOWER IN TIN,17875,20469.08,1.463076923076923,2010-08-05,2011-12-09,350,12,87.1951219512195,0.004022571093357171,36.33130081300813,17899.0,72.0,17827.0,492
22694,WICKER STAR ,4893,10958.6,2.4002183908045978,2010-07-29,2011-12-09,858,6,17.857664233576642,0.035046728971962614,9.80561122244489,5136.0,180.0,4956.0,499
22695,WICKER WREATH SMALL,1457,2070.15,1.709304347826087,2010-07-29,2011-12-09,225,4,10.118055555555555,0.0,2.9198396793587174,1501.0,0.0,1501.0,499
22696,WICKER WREATH LARGE,1415,2790.83,2.258406779661017,2010-07-29,2011-12-07,288,4,8.085714285714285,0.0,2.847082494969819,1486.0,0.0,1486.0,497
22697,GREEN REGENCY TEACUP AND SAUCER,9795,30425.050000000003,3.782205128205128,2010-08-11,2011-12-09,1353,21,25.641361256544503,0.018977957892655925,20.15432098765432,10117.0,192.0,9925.0,486
22698,PINK REGENCY TEACUP AND SAUCER,8193,24374.620000000003,3.6914051973051007,2010-08-11,2011-12-09,1033,18,25.36532507739938,0.02794878108840187,16.858024691358025,8122.0,227.0,7895.0,486
22699,ROSES REGENCY TEACUP AND SAUCER ,13070,38249.5,3.6140570633263747,2010-08-11,2011-12-09,1424,21,34.6684350132626,0.03733133433283358,26.893004115226336,13340.0,498.0,12842.0,486
22700,BLACK AND WHITE DOG BOWL,1384,3155.4,2.8379591836734694,2010-07-01,2011-10-07,98,8,17.08641975308642,0.01634472511144131,2.9827586206896552,1346.0,22.0,1324.0,464
22701,PINK DOG BOWL,675,1320.5700000000002,2.842075471698113,2010-06-22,2011-12-09,158,4,5.578512396694215,0.023633677991137372,1.2593283582089552,677.0,16.0,661.0,536
22702,BLACK AND WHITE CAT BOWL,1589,3156.3199999999997,2.176842105263158,2010-06-23,2011-12-02,94,8,19.14457831325301,0.0012554927809165098,3.009469696969697,1593.0,2.0,1591.0,528
22703,PINK CAT BOWL,513,921.8100000000001,1.9321818181818182,2010-06-23,2011-12-09,165,4,4.204918032786885,0.0,0.9588785046728971,515.0,0.0,515.0,535
22704,WRAP RED APPLES ,8678,3564.76,0.41891525423728815,2010-05-27,2011-12-09,295,14,41.52153110047847,0.005647803004631198,15.441281138790035,8853.0,50.0,8803.0,562
22705,WRAP GREEN PEARS ,3733,1567.86,0.42,2010-05-27,2011-12-06,151,10,29.626984126984127,0.006438320885912954,6.677996422182469,3883.0,25.0,3858.0,559
22706,WRAP COWBOYS  ,4222,1693.24,0.41744,2010-06-02,2011-12-07,125,12,40.59615384615385,0.011704119850187267,7.620938628158845,4272.0,50.0,4222.0,554
22707,WRAP MONSTER FUN ,2157,905.94,0.42,2010-05-27,2011-12-02,83,8,28.01298701298701,0.0,3.8864864864864863,2157.0,0.0,2157.0,555
22708,WRAP DOLLY GIRL,5325,2140.5,0.4184905660377358,2010-06-02,2011-12-08,159,14,41.6015625,0.004651162790697674,9.594594594594595,5375.0,25.0,5350.0,555
22709,WRAP WEDDING DAY,2799,1099.58,0.415064935064935,2010-06-02,2011-12-08,77,10,43.06153846153846,0.008931761343336906,5.043243243243243,2799.0,25.0,2774.0,555
22710,WRAP I LOVE LONDON ,7184,2821.28,0.4159537572254335,2010-05-27,2011-12-06,173,10,51.31428571428572,0.017339436815092247,12.851520572450806,7209.0,125.0,7084.0,559
22711,WRAP CIRCUS PARADE,5377,2210.34,0.41911602209944754,2010-05-27,2011-12-09,181,10,37.08275862068965,0.009255831173639394,9.567615658362989,5402.0,50.0,5352.0,562
22712,CARD DOLLY GIRL ,7295,3002.42,0.5518664047151277,2010-05-28,2011-12-09,508,18,25.596491228070175,0.004995274740110706,13.003565062388592,7407.0,37.0,7370.0,561
22713,CARD I LOVE LONDON ,6084,2616.12,0.5608648648648649,2010-05-27,2011-12-09,368,5,25.456066945606693,0.00319642000958926,10.825622775800712,6257.0,20.0,6237.0,562
22714,CARD BIRTHDAY COWBOY,5277,2157.91,0.5378830083565459,2010-05-28,2011-12-09,359,15,21.62704918032787,0.020319849482596426,9.406417112299465,5315.0,108.0,5207.0,561
22715,CARD WEDDING DAY,2717,1133.93,0.5086697247706422,2010-06-01,2011-11-27,218,12,16.567073170731707,0.0,4.985321100917432,2731.0,0.0,2731.0,545
22716,CARD CIRCUS PARADE,5218,2211.41,0.5158836689038031,2010-06-01,2011-12-09,447,17,18.769784172661872,0.00225140712945591,9.368043087971275,5330.0,12.0,5318.0,557
22717,CARD DOG AND BALL ,2405,1018.42,0.5398139534883721,2010-06-02,2011-12-09,215,10,14.487951807228916,0.004909983633387889,4.325539568345324,2444.0,12.0,2432.0,556
22718,CARD CAT AND TREE ,2605,1141.36,0.5665530303030303,2010-06-01,2011-12-07,264,11,13.49740932642487,0.013377926421404682,4.693693693693693,2691.0,36.0,2655.0,555
22719,"GUMBALL COATHOOK., BLACK & WHITE ",1467,1987.83,1.880924369747899,2010-04-25,2011-05-10,235,5,10.404255319148936,0.01039222259470332,3.8503937007874014,2983.0,31.0,2952.0,381
22720,SET OF 3 CAKE TINS PANTRY DESIGN ,7483,38108.89,5.83371408045977,2010-12-13,2011-12-09,1385,22,28.561068702290076,0.021093645035603924,20.671270718232044,7443.0,157.0,7286.0,362
22721,SET OF 3 CAKE TINS SKETCHBOOK,1020,4671.81,5.396275167785235,2010-12-14,2011-12-09,297,12,5.862068965517241,0.0,2.8254847645429364,1022.0,0.0,1022.0,361
22722,SET OF 6 SPICE TINS PANTRY DESIGN,5972,24459.960000000003,4.675660377358491,2010-11-11,2011-12-09,835,20,29.564356435643564,0.006036217303822937,15.157360406091371,5964.0,36.0,5928.0,394
22723,SET OF 6 HERB TINS SKETCHBOOK,1164,4262.820000000001,4.301208053691275,2010-12-13,2011-12-09,295,10,6.576271186440678,0.001710863986313088,3.2154696132596685,1169.0,2.0,1167.0,362
22725,ALARM CLOCK BAKELIKE CHOCOLATE,2518,10324.92,4.72523381294964,2010-09-24,2011-12-09,549,12,9.430711610486892,0.02431493631802393,5.6968325791855206,2591.0,63.0,2528.0,442
22726,ALARM CLOCK BAKELIKE GREEN,7671,32609.32,4.472062256809338,2010-09-24,2011-12-09,1273,17,24.905844155844157,0.008553459119496854,17.355203619909503,7950.0,68.0,7882.0,442
22727,ALARM CLOCK BAKELIKE RED ,9234,36543.77,4.37068115942029,2010-09-24,2011-12-09,1363,22,26.53448275862069,0.009900990099009901,20.891402714932127,9595.0,95.0,9500.0,442
22728,ALARM CLOCK BAKELIKE PINK,6215,24257.31,4.525836734693877,2010-09-24,2011-12-09,969,17,18.49702380952381,0.010197678067147787,14.061085972850679,6374.0,65.0,6309.0,442
22729,ALARM CLOCK BAKELIKE ORANGE,2999,11864.0,4.47391935483871,2010-09-24,2011-12-04,612,12,10.672597864768683,0.011272141706924315,6.862700228832952,3105.0,35.0,3070.0,437
22730,ALARM CLOCK BAKELIKE IVORY,3702,14867.27,4.39781041388518,2010-09-24,2011-12-09,746,12,12.591836734693878,0.0157338148052618,8.375565610859729,3877.0,61.0,3816.0,442
22731,3D CHRISTMAS STAMPS STICKERS ,2958,3965.62,1.5044981412639404,2010-09-16,2011-12-07,266,7,21.280575539568346,0.01110748121528912,6.602678571428571,3061.0,34.0,3027.0,448
22732,3D VINTAGE CHRISTMAS STICKERS ,3773,5001.84,1.539970760233918,2010-09-15,2011-12-07,337,11,23.879746835443036,0.0,8.403118040089087,3856.0,0.0,3856.0,449
22733,3D STICKERS TRADITIONAL CHRISTMAS ,3441,4425.49,1.5101162790697675,2010-09-17,2011-12-09,338,12,23.408163265306122,0.005672149744753261,7.66369710467706,3526.0,20.0,3506.0,449
22734,SET OF 6 RIBBONS VINTAGE CHRISTMAS,9772,26763.75,3.2632945736434107,2010-09-16,2011-12-09,756,17,53.39890710382514,0.0032144005143040825,21.715555555555557,9333.0,30.0,9303.0,450
22735,RIBBON REEL SOCKS AND MITTENS,1434,2541.38,2.3392340425531915,2010-09-16,2011-12-09,231,10,11.754098360655737,0.0,3.1866666666666665,1499.0,0.0,1499.0,450
22736,"RIBBON REEL, MAKING SNOWMEN ",2527,4538.28,2.221400966183575,2010-09-16,2011-12-09,408,12,15.22289156626506,0.008735282947208508,5.615555555555556,2633.0,23.0,2610.0,450
22737,RIBBON REEL CHRISTMAS PRESENT ,3266,5840.43,2.1432803180914513,2010-09-16,2011-12-08,493,11,18.770114942528735,0.011723329425556858,7.273942093541202,3412.0,40.0,3372.0,449
22738,RIBBON REEL SNOWY VILLAGE,4447,8012.57,2.1882599999999996,2010-09-16,2011-12-09,498,11,25.705202312138727,0.030198446937014668,9.882222222222222,4636.0,140.0,4496.0,450
22739,"RIBBON REEL, XMAS SOCK/BAUBLE",4021,7357.44,2.2061943986820425,2010-09-16,2011-12-08,601,15,21.275132275132275,0.030959752321981424,8.955456570155903,4199.0,130.0,4069.0,449
22740,POLKA DOT PEN,13345,11395.31,1.0864784053156145,2010-09-30,2011-09-26,300,11,88.37748344370861,0.0,36.8646408839779,12669.0,0.0,12669.0,362
22741,FUNKY DIVA PEN,10652,9173.029999999999,1.0997610921501706,2010-09-30,2011-12-09,292,10,54.90721649484536,0.004757018934800858,24.431192660550458,10721.0,51.0,10670.0,436
22742,MAKE YOUR OWN PLAYTIME CARD KIT,1002,2475.3,3.091758241758242,2010-08-10,2011-12-08,180,10,7.1063829787234045,0.0019665683382497543,2.0617283950617282,1017.0,2.0,1015.0,486
22743,MAKE YOUR OWN FLOWERPOWER CARD KIT,1502,4542.5,3.5751396648044693,2010-08-10,2011-12-08,351,10,7.624365482233503,0.003898635477582846,3.090534979423868,1539.0,6.0,1533.0,486
22744,MAKE YOUR OWN MONSOON CARD KIT,1515,4245.17,3.216754098360656,2010-08-10,2011-12-08,300,10,8.14516129032258,0.03961661341853035,3.117283950617284,1565.0,62.0,1503.0,486
22745,POPPY'S PLAYHOUSE BEDROOM ,3976,9764.640000000001,2.482682584269663,2010-09-24,2011-12-09,703,17,15.17557251908397,0.003173053453746644,8.995475113122172,4097.0,13.0,4084.0,442
22746,POPPY'S PLAYHOUSE LIVINGROOM ,2910,6699.25,2.4317162872154117,2010-09-24,2011-12-08,564,17,11.781376518218623,0.004028197381671702,6.598639455782313,2979.0,12.0,2967.0,441
22747,POPPY'S PLAYHOUSE BATHROOM,2035,4487.2,2.4089655172413793,2010-09-24,2011-12-09,402,15,9.97549019607843,0.005747126436781609,4.604072398190045,2088.0,12.0,2076.0,442
22748,POPPY'S PLAYHOUSE KITCHEN,4142,10161.4,2.4121276595744683,2010-09-24,2011-12-09,742,17,14.953068592057761,0.0049261083743842365,9.371040723981901,4263.0,21.0,4242.0,442
22749,FELTCRAFT PRINCESS CHARLOTTE DOLL,3759,15354.35,4.075775862068965,2010-09-08,2011-12-09,685,15,13.143356643356643,0.00025799793601651185,8.207423580786026,3876.0,1.0,3875.0,458
22750,FELTCRAFT PRINCESS LOLA DOLL,3125,11697.6,4.025092024539878,2010-09-06,2011-12-08,647,17,11.617100371747211,0.0030892801977139327,6.808278867102397,3237.0,10.0,3227.0,459
22751,FELTCRAFT PRINCESS OLIVIA DOLL,2264,8445.97,4.140936170212766,2010-09-05,2011-12-09,466,16,9.716738197424892,0.002572898799313894,4.911062906724512,2332.0,6.0,2326.0,461
22752,SET 7 BABUSHKA NESTING BOXES,3459,28139.45,9.46467142857143,2010-08-06,2011-12-08,692,17,11.96885813148789,0.05977254694525258,7.059183673469388,3781.0,226.0,3555.0,490
22753,SMALL YELLOW BABUSHKA NOTEBOOK ,2332,1915.2099999999998,0.9516585365853659,2010-08-08,2011-12-09,404,11,10.746543778801843,0.005037783375314861,4.768916155419223,2382.0,12.0,2370.0,489
22754,SMALL RED BABUSHKA NOTEBOOK ,3924,3044.8599999999997,0.994507042253521,2010-08-08,2011-12-09,492,14,16.627118644067796,0.0030105368790767687,8.024539877300613,3986.0,12.0,3974.0,489
22755,SMALL PURPLE BABUSHKA NOTEBOOK ,3776,2997.6299999999997,0.9772189349112426,2010-08-06,2011-12-09,499,12,15.603305785123966,0.0031307070180015655,7.6904276985743385,3833.0,12.0,3821.0,491
22756,LARGE YELLOW BABUSHKA NOTEBOOK ,1204,1393.45,1.4032870370370372,2010-08-08,2011-12-08,215,7,8.6,0.009860312243221035,2.4672131147540983,1217.0,12.0,1205.0,488
22757,LARGE RED BABUSHKA NOTEBOOK ,2696,3070.18,1.519105431309904,2010-08-08,2011-12-09,308,10,15.583815028901734,0.0003675119441381845,5.513292433537832,2721.0,1.0,2720.0,489
22758,LARGE PURPLE BABUSHKA NOTEBOOK  ,2437,2618.35,1.5309119496855346,2010-08-06,2011-12-09,314,11,12.561855670103093,0.012116316639741519,4.963340122199592,2476.0,30.0,2446.0,491
22759,SET OF 3 NOTEBOOKS IN PARCEL,9380,15866.559999999998,1.9730541871921181,2010-08-08,2011-11-30,795,20,30.064102564102566,0.0027876058754154605,19.541666666666668,9327.0,26.0,9301.0,480
22760,"TRAY, BREAKFAST IN BED",356,4506.889999999999,14.2095,2010-10-10,2011-09-05,120,9,3.7083333333333335,0.027700831024930747,1.0755287009063443,361.0,10.0,351.0,331
22761,CHEST 7 DRAWER MA CAMPAGNE,48,1182.78,25.308235294117647,2010-10-13,2011-12-02,34,5,1.411764705882353,0.09259259259259259,0.11538461538461539,54.0,5.0,49.0,416
22762,CUPBOARD 3 DRAWER MA CAMPAGNE,204,3276.62,17.33932330827068,2010-10-10,2011-12-07,133,8,1.9065420560747663,0.09722222222222222,0.4811320754716981,216.0,21.0,195.0,424
22763,KEY CABINET MA CAMPAGNE,662,5430.59,11.09311111111111,2010-10-10,2011-12-09,135,6,6.186915887850467,0.0103397341211226,1.5539906103286385,677.0,7.0,670.0,426
22764,"RUSTIC WOODEN CABINET, GLASS DOORS",183,3462.49,24.5848,2010-10-12,2011-03-25,25,3,10.764705882352942,0.021505376344086023,1.1090909090909091,186.0,4.0,182.0,165
22765,NEWSPAPER STAND,311,3508.3,17.09075471698113,2010-10-10,2010-12-09,53,4,8.405405405405405,0.002967359050445104,5.098360655737705,337.0,1.0,336.0,61
22766,PHOTO FRAME CORNICE,4367,12864.25,3.1835038759689924,2010-10-10,2011-12-08,640,9,15.163194444444445,0.014078212290502793,10.275294117647059,4475.0,63.0,4412.0,425
22767,TRIPLE PHOTO FRAME CORNICE ,1004,9478.23,10.317710437710437,2010-10-10,2011-12-08,295,7,5.427027027027027,0.0410958904109589,2.3623529411764705,1022.0,42.0,980.0,425
22768,FAMILY PHOTO FRAME CORNICE,1158,11064.72,10.684241573033708,2010-10-10,2011-12-09,354,9,5.386046511627907,0.031746031746031744,2.7183098591549295,1197.0,38.0,1159.0,426
22769,CHALKBOARD KITCHEN ORGANISER,174,3656.86,29.071555555555555,2010-10-10,2011-01-04,45,3,5.612903225806452,0.14450867052023122,2.0,173.0,25.0,148.0,87
22770,MIRROR CORNICE,112,1799.62,16.329718309859153,2010-10-12,2011-12-04,71,7,1.75,0.06140350877192982,0.26730310262529833,114.0,7.0,107.0,419
22771,CLEAR DRAWER KNOB ACRYLIC EDWARDIAN,7489,10147.08,1.5403846153846155,2010-10-17,2011-12-08,512,11,27.840148698884757,0.0038649832517392425,17.916267942583733,7762.0,30.0,7732.0,418
22772,PINK DRAWER KNOB ACRYLIC EDWARDIAN,4377,5914.92,1.6546835443037975,2010-10-17,2011-12-08,314,8,21.351219512195122,0.0032751091703056767,10.471291866028707,4580.0,15.0,4565.0,418
22773,GREEN DRAWER KNOB ACRYLIC EDWARDIAN,2392,3171.11,1.5372294372294373,2010-10-17,2011-12-07,227,7,14.765432098765432,0.004809619238476954,5.73621103117506,2495.0,12.0,2483.0,417
22774,RED DRAWER KNOB ACRYLIC EDWARDIAN,2791,3591.06,1.5565405405405404,2010-10-17,2011-12-07,184,8,21.46923076923077,0.009392821200939282,6.693045563549161,2981.0,28.0,2953.0,417
22775,PURPLE DRAWERKNOB ACRYLIC EDWARDIAN,3633,5190.03,1.7003436426116838,2010-10-17,2011-12-08,284,10,18.441624365482234,0.01812063163344551,8.691387559808613,3863.0,70.0,3793.0,418
22776,SWEETHEART CAKESTAND 3 TIER,1708,17530.46,11.166950867052023,2010-10-17,2011-12-09,691,13,6.210909090909091,0.07657402155416904,4.076372315035799,1763.0,135.0,1628.0,419
22777,GLASS CLOCHE LARGE,455,3838.82,10.1677,2010-10-22,2011-07-21,100,3,7.459016393442623,0.013392857142857142,1.6666666666666667,448.0,6.0,442.0,273
22778,GLASS CLOCHE SMALL,972,3844.46,4.914676616915423,2010-10-18,2011-11-24,194,7,7.043478260869565,0.06943105110896818,2.411910669975186,1037.0,72.0,965.0,403
22779,WOODEN OWLS LIGHT GARLAND ,1735,6631.35,4.198775510204082,2010-10-24,2011-12-08,193,12,12.304964539007091,0.012845849802371542,4.221411192214112,2024.0,26.0,1998.0,411
22780,LIGHT GARLAND BUTTERFILES PINK,1623,6167.59,4.196629834254144,2010-10-22,2011-12-08,179,8,12.111940298507463,0.01783783783783784,3.929782082324455,1850.0,33.0,1817.0,413
22781,GUMBALL MAGAZINE RACK,867,7060.58,9.49896103896104,2010-10-17,2011-12-08,307,9,4.515625,0.05730337078651685,2.074162679425837,890.0,51.0,839.0,418
22782,SET 3 WICKER STORAGE BASKETS ,254,3712.2999999999997,19.985714285714284,2010-10-27,2011-12-07,84,6,3.8484848484848486,0.0,0.6240786240786241,254.0,0.0,254.0,407
22783,SET 3 WICKER OVAL BASKETS W LIDS,482,6316.3,15.91088888888889,2010-10-26,2011-06-14,45,6,13.771428571428572,0.0,2.0775862068965516,491.0,0.0,491.0,232
22784,LANTERN CREAM GAZEBO ,1551,7727.14,5.620080428954424,2010-10-22,2011-12-08,369,10,7.421052631578948,0.06436233611442194,3.7554479418886197,839.0,54.0,785.0,413
22785,CUSHION COVER PINK UNION FLAG,412,2207.11,7.328934426229508,2010-10-17,2011-12-09,122,5,4.629213483146067,0.0,0.9832935560859188,418.0,0.0,418.0,419
22786,PILLOWCUSHION COVER PINK UNION JACK,248,1549.1000000000001,7.11,2010-10-17,2011-12-07,92,4,3.701492537313433,0.0,0.5947242206235012,245.0,0.0,245.0,417
22788,BROCANTE COAT RACK,476,3942.62,11.650238095238095,2010-10-17,2011-06-15,84,7,7.323076923076923,0.018518518518518517,1.9669421487603307,486.0,9.0,477.0,242
22789,T-LIGHT HOLDER SWEETHEART HANGING,1238,2419.54,2.1268000000000002,2010-10-17,2011-12-08,196,2,9.378787878787879,0.0007836990595611285,2.9617224880382773,1276.0,1.0,1275.0,418
22790,"MIRROR, ARCHED GEORGIAN",200,3884.0000000000005,19.42,2010-10-14,2010-10-14,1,1,200.0,0.0,200.0,200.0,0.0,200.0,1
22791,T-LIGHT GLASS FLUTED ANTIQUE,9458,11728.69,1.5024827586206897,2010-10-22,2011-12-09,434,8,47.29,0.01923855812069664,22.845410628019323,9876.0,190.0,9686.0,414
22792,FLUTED ANTIQUE CANDLE HOLDER,3489,3241.1299999999997,1.124885496183206,2010-10-22,2011-12-08,262,3,21.145454545454545,0.0033717336330429896,8.447941888619855,3559.0,12.0,3547.0,413
22794,SWEETHEART WIRE MAGAZINE RACK,389,3271.35,8.881196172248805,2010-10-17,2011-12-09,209,6,2.4161490683229814,0.012437810945273632,0.9284009546539379,402.0,5.0,397.0,419
22795,SWEETHEART RECIPE BOOK STAND,1597,11175.81,7.921394422310757,2010-10-17,2011-12-09,498,9,7.462616822429907,0.013830426939266387,3.81145584725537,1663.0,23.0,1640.0,419
22796,PHOTO FRAME 3 CLASSIC HANGING,806,8020.45,10.424025157232704,2010-10-10,2011-12-08,316,10,4.091370558375634,0.12742980561555076,1.8964705882352941,463.0,59.0,404.0,425
22797,CHEST OF DRAWERS GINGHAM HEART ,242,4205.5599999999995,18.55292857142857,2010-10-17,2011-12-07,140,7,2.372549019607843,0.11210762331838565,0.580335731414868,223.0,25.0,198.0,417
22798,ANTIQUE GLASS DRESSING TABLE POT,2367,7336.09,3.730337078651685,2010-10-22,2011-12-09,356,5,11.602941176470589,0.02288237655560016,5.717391304347826,2491.0,57.0,2434.0,414
22799,SWEETHEART WIRE FRUIT BOWL,253,2020.84,8.828148148148149,2010-10-18,2011-12-06,108,6,2.941860465116279,0.00392156862745098,0.6096385542168675,255.0,1.0,254.0,415
22800,ANTIQUE TALL SWIRLGLASS TRINKET POT,1127,4586.4,4.836455223880598,2010-10-22,2011-12-09,268,4,6.367231638418079,0.013212221304706853,2.7222222222222223,1211.0,16.0,1195.0,414
22801,ANTIQUE GLASS PEDESTAL BOWL,1300,5277.95,4.593202614379085,2010-10-22,2011-12-08,299,7,7.303370786516854,0.027046783625730993,3.1476997578692494,1368.0,37.0,1331.0,413
22802,FAUX FUR CHOCOLATE THROW,110,1933.59,18.994032258064514,2010-10-28,2011-12-07,62,2,2.2448979591836733,0.0,0.270935960591133,121.0,0.0,121.0,406
22803,IVORY EMBROIDERED QUILT ,59,2237.84,39.10861111111112,2010-10-22,2011-11-13,36,5,2.36,0.0,0.15206185567010308,78.0,0.0,78.0,388
22804,CANDLEHOLDER PINK HANGING HEART,5261,14075.800000000001,3.152126099706745,2010-09-23,2011-12-08,670,10,17.77364864864865,0.09811173836869769,11.902714932126697,5137.0,504.0,4633.0,442
22805,BLUE DRAWER KNOB ACRYLIC EDWARDIAN,2207,3008.82,1.664025974025974,2010-10-17,2011-12-09,231,9,13.059171597633137,0.005579399141630901,5.2673031026252985,2330.0,13.0,2317.0,419
22806,SET OF 6 T-LIGHTS WEDDING CAKE ,430,1149.02,3.376551724137931,2010-09-20,2011-12-08,57,4,8.26923076923077,0.11764705882352941,0.9662921348314607,442.0,52.0,390.0,445
22807,SET OF 6 T-LIGHTS TOADSTOOLS,1375,4086.5600000000004,3.702675585284281,2010-09-20,2011-12-09,294,9,7.4728260869565215,0.013370865587614356,3.0829596412556053,1421.0,19.0,1402.0,446
22808,SET OF 6 T-LIGHTS EASTER CHICKS,420,1243.88,3.5695180722891573,2010-09-20,2011-12-09,83,4,6.774193548387097,0.04215456674473068,0.9417040358744395,427.0,18.0,409.0,446
22809,SET OF 6 T-LIGHTS SANTA,2568,7664.72,3.3670680628272254,2010-09-20,2011-12-09,379,9,17.71034482758621,0.018031555221637866,5.757847533632287,2662.0,48.0,2614.0,446
22810,SET OF 6 T-LIGHTS SNOWMEN,2199,6729.13,3.41,2010-09-20,2011-12-05,328,7,15.595744680851064,0.027586206896551724,4.975113122171946,2320.0,64.0,2256.0,442
22811,SET OF 6 T-LIGHTS CACTI ,1021,2884.13,4.010921985815602,2010-09-21,2011-12-09,140,4,9.912621359223301,0.0009615384615384616,2.2943820224719103,1040.0,1.0,1039.0,445
22812,PACK 3 BOXES CHRISTMAS PANNETONE,4879,10734.43,2.5486680761099367,2010-09-15,2011-12-05,462,13,32.96621621621622,0.009603596240294238,10.914988814317674,4894.0,47.0,4847.0,447
22813,PACK 3 BOXES BIRD PANNETONE ,3945,7663.83,2.4442328042328043,2010-09-16,2011-12-09,373,11,19.33823529411765,0.0002475860361475613,8.766666666666667,4039.0,1.0,4038.0,450
22814,CARD PARTY GAMES ,2728,1147.77,0.504135593220339,2010-09-21,2011-12-09,295,13,13.98974358974359,0.0,6.130337078651685,2783.0,0.0,2783.0,445
22815,CARD PSYCHEDELIC APPLES,3433,1468.53,0.5004117647058823,2010-09-16,2011-12-09,340,9,15.893518518518519,0.0,7.628888888888889,3532.0,0.0,3532.0,450
22816,CARD MOTORBIKE SANTA,6856,2950.93,0.4823006833712984,2010-09-16,2011-12-09,436,13,41.80487804878049,0.0064672594987873885,15.235555555555555,7422.0,48.0,7374.0,450
22817,CARD SUKI BIRTHDAY,3392,1434.9,0.49591549295774645,2010-09-16,2011-12-09,355,8,16.0,0.0,7.5377777777777775,3419.0,0.0,3419.0,450
22818,CARD CHRISTMAS VILLAGE,6290,2720.86,0.47586633663366334,2010-09-16,2011-12-09,404,13,38.58895705521472,0.02158920539730135,13.977777777777778,6670.0,144.0,6526.0,450
22819,"BIRTHDAY CARD, RETRO SPOT",3351,1418.12,0.4827190332326284,2010-09-20,2011-12-09,331,13,16.507389162561577,0.0,7.513452914798206,3379.0,0.0,3379.0,446
22820,GIFT BAG BIRTHDAY,1353,845.1300000000001,0.6358558558558558,2010-09-15,2011-12-02,110,8,16.107142857142858,0.0014652014652014652,3.0472972972972974,1365.0,2.0,1363.0,444
22821,GIFT BAG PSYCHEDELIC APPLES,1660,1047.45,0.7250537634408603,2010-09-15,2011-12-09,186,5,12.205882352941176,0.009351256575102279,3.680709534368071,1711.0,16.0,1695.0,451
22822,CREAM WALL PLANTER HEART SHAPED,581,3367.35,6.362445652173913,2010-11-07,2011-12-08,183,5,4.574803149606299,0.003289473684210526,1.4634760705289673,608.0,2.0,606.0,397
22823,CHEST NATURAL WOOD 20 DRAWERS,32,3655.0,117.5,2010-10-26,2011-11-15,18,3,1.7777777777777777,0.0,0.08290155440414508,32.0,0.0,32.0,386
22824,3 TIER SWEETHEART GARDEN SHELF,61,2153.9500000000003,35.7,2010-11-07,2011-11-23,48,4,1.3863636363636365,0.015873015873015872,0.15968586387434555,63.0,1.0,62.0,382
22825,DECORATIVE PLANT POT WITH FRIEZE,100,799.02,8.34,2010-10-22,2011-11-27,38,1,2.857142857142857,0.06796116504854369,0.24875621890547264,103.0,7.0,96.0,402
22826,LOVE SEAT ANTIQUE WHITE METAL,58,6210.0,114.02439024390245,2010-12-10,2011-11-23,41,3,1.6111111111111112,0.06896551724137931,0.166189111747851,58.0,4.0,54.0,349
22827,GIANT SEVENTEEN DRAWER SIDEBOARD,46,7150.0,158.71428571428572,2010-10-21,2011-11-17,35,3,1.4838709677419355,0.08888888888888889,0.11704834605597965,45.0,4.0,41.0,393
22828,REGENCY MIRROR WITH SHUTTERS,17,2565.0,154.0909090909091,2010-10-21,2011-11-16,11,2,1.7,0.1111111111111111,0.04336734693877551,18.0,2.0,16.0,392
22829,BROCANTE SHELF WITH HOOKS,241,2468.5699999999997,10.993559322033898,2010-11-10,2011-11-11,118,6,2.6777777777777776,0.0390625,0.6566757493188011,256.0,10.0,246.0,367
22830,UTILTY CABINET WITH HOOKS,181,3760.71,26.23611111111111,2010-10-22,2011-01-16,18,2,11.3125,0.0,2.0804597701149423,310.0,0.0,310.0,87
22831,WHITE BROCANTE SOAP DISH,776,2286.28,3.337714285714286,2010-11-07,2011-12-01,138,10,7.390476190476191,0.0,1.9897435897435898,782.0,0.0,782.0,390
22832,SWEETHEART WIRE WALL TIDY,185,2033.15,11.564117647058824,2010-11-09,2011-11-29,85,8,2.5694444444444446,0.041884816753926704,0.4792746113989637,191.0,8.0,183.0,386
22833,HALL CABINET WITH 3 DRAWERS,120,4163.54,48.14846153846155,2010-11-04,2011-02-03,13,2,10.0,0.0,1.3043478260869565,192.0,0.0,192.0,92
22834,HAND WARMER BABUSHKA DESIGN,6900,11287.630000000001,2.289543230016313,2010-09-12,2011-12-09,597,8,36.31578947368421,0.0373892652423137,15.198237885462555,7676.0,287.0,7389.0,454
22835,HOT WATER BOTTLE I AM SO POORLY,5302,27082.84,5.639597249508841,2010-09-12,2011-12-09,1011,10,19.71003717472119,0.07330219187926698,11.678414096916299,5566.0,408.0,5158.0,454
22837,HOT WATER BOTTLE BABUSHKA ,3534,16455.18,5.290560344827586,2010-10-06,2011-09-25,450,9,34.64705882352941,0.009424350483953133,9.954929577464789,3926.0,37.0,3889.0,355
22838,3 TIER CAKE TIN RED AND CREAM,922,13220.86,16.809335793357935,2010-10-14,2011-12-09,271,13,5.726708074534161,0.14759358288770053,2.184834123222749,935.0,138.0,797.0,422
22839,"CAKE TIN, 3 TIER MINT/IVORY",579,8971.17,18.024789272030652,2010-10-14,2011-12-08,260,10,3.1297297297297297,0.028428093645484948,1.3752969121140142,598.0,17.0,581.0,421
22840,ROUND CAKE TIN VINTAGE RED,1323,10023.65,8.243781094527364,2010-10-13,2011-12-08,402,14,6.270142180094787,0.022156573116691284,3.1350710900473935,1354.0,30.0,1324.0,422
22841,ROUND CAKE TIN VINTAGE GREEN,772,6002.52,8.409477124183008,2010-10-13,2011-12-08,306,12,4.128342245989304,0.024173027989821884,1.8293838862559242,786.0,19.0,767.0,422
22842,BISCUIT TIN VINTAGE RED,818,5308.58,7.0783193277310925,2010-10-13,2011-12-05,237,14,5.34640522875817,0.023668639053254437,1.9522673031026252,845.0,20.0,825.0,419
22843,BISCUIT TIN VINTAGE GREEN,595,3858.51,7.178826815642458,2010-10-15,2011-12-05,177,9,4.612403100775194,0.026446280991735537,1.4268585131894485,605.0,16.0,589.0,417
22844,VINTAGE CREAM DOG FOOD CONTAINER,1227,11593.28,10.571477045908182,2010-10-17,2011-12-09,498,14,4.830708661417323,0.0231629392971246,2.928400954653938,1252.0,29.0,1223.0,419
22845,VINTAGE CREAM CAT FOOD CONTAINER,999,6764.599999999999,7.8148484848484845,2010-10-15,2011-12-09,394,15,4.400881057268722,0.013631937682570594,2.3729216152019004,1027.0,14.0,1013.0,421
22846,BREAD BIN DINER STYLE RED ,825,13264.82,17.639450867052023,2010-10-14,2011-12-08,346,20,4.274611398963731,0.03267211201866978,1.9596199524940618,857.0,28.0,829.0,421
22847,"BREAD BIN, DINER STYLE, IVORY",1157,18352.739999999998,17.174958506224066,2010-10-14,2011-12-08,482,19,5.406542056074766,0.04991539763113367,2.7482185273159145,1182.0,59.0,1123.0,421
22848,BREAD BIN DINER STYLE PINK,381,6128.599999999999,18.013509933774834,2010-10-14,2011-10-30,151,12,3.2564102564102564,0.03367875647668394,0.9973821989528796,386.0,13.0,373.0,382
22849,"BREAD BIN, DINER STYLE, MINT",403,6287.73,16.78827160493827,2010-10-14,2011-10-20,162,11,3.8380952380952382,0.057279236276849645,1.0833333333333333,419.0,24.0,395.0,372
22850,BREAD BIN DINER STYLE BLACK,8,123.6,15.95,2010-10-17,2010-10-17,1,1,8.0,1.0,8.0,8.0,8.0,0.0,1
22851,SET 20 NAPKINS FAIRY CAKES DESIGN ,5167,4193.679999999999,0.9530827067669172,2010-08-19,2011-12-07,523,10,18.257950530035334,0.014939666730511397,10.855042016806722,5221.0,78.0,5143.0,476
22852,ENAMEL DOG BOWL CREAM,565,2467.11,4.54825,2010-10-15,2011-12-08,160,9,4.631147540983607,0.008849557522123894,1.3452380952380953,565.0,5.0,560.0,420
22853,ENAMEL CAT BOWL CREAM,645,2205.57,3.593561643835616,2010-10-15,2011-12-08,146,8,5.863636363636363,0.009287925696594427,1.5357142857142858,646.0,6.0,640.0,420
22854,CREAM SWEETHEART EGG HOLDER,1160,5624.5,5.4540650406504065,2010-09-16,2011-09-22,244,5,7.483870967741935,0.00617828773168579,3.118279569892473,1133.0,7.0,1126.0,372
22855,FINE WICKER HEART ,4795,5979.24,1.468498845265589,2010-09-15,2011-08-30,427,7,26.787709497206706,0.0023923444976076554,13.7,5016.0,12.0,5004.0,350
22856,ASSORTED EASTER DECORATIONS  BELLS,877,1059.8500000000001,3.520625,2010-10-17,2011-11-20,32,5,32.48148148148148,0.0246189917936694,2.1925,853.0,21.0,832.0,400
22857,ASSORTED EASTER GIFT TAGS,1230,1048.28,1.4554545454545456,2010-10-05,2011-10-24,66,10,24.6,0.0,3.1948051948051948,1196.0,0.0,1196.0,385
22858,EASTER TIN KEEPSAKE,1135,1877.34,1.9493571428571426,2010-11-08,2011-10-06,139,13,14.93421052631579,0.008787346221441126,3.4084084084084085,1138.0,10.0,1128.0,333
22859,EASTER TIN BUNNY BOUQUET,1250,2085.75,1.93251497005988,2010-10-05,2011-11-15,165,13,13.440860215053764,0.030015797788309637,3.0712530712530715,1266.0,38.0,1228.0,407
22860,EASTER TIN CHICKS PINK DAISY,612,1060.85,1.9756756756756755,2010-10-05,2011-11-18,111,10,9.870967741935484,0.033707865168539325,1.4926829268292683,623.0,21.0,602.0,410
22861,EASTER TIN CHICKS IN GARDEN,305,522.93,2.0107999999999997,2010-12-12,2011-04-21,50,7,7.82051282051282,0.0,2.3282442748091605,305.0,0.0,305.0,131
22862,LOVE HEART NAPKIN BOX ,758,3373.22,4.877876106194691,2010-09-16,2011-01-25,221,6,8.613636363636363,0.005284015852047556,5.742424242424242,757.0,4.0,753.0,132
22863,SOAP DISH BROCANTE,1107,3166.61,3.2187058823529417,2010-09-23,2011-12-06,169,13,8.323308270676693,0.011314186248912098,2.515909090909091,1149.0,13.0,1136.0,440
22864,MUG AND COASTER SET RED CIRCLES,378,158.76,0.42,2010-06-02,2010-06-29,2,1,189.0,0.0,13.5,756.0,0.0,756.0,28
22865,HAND WARMER OWL DESIGN,14537,31416.040000000005,2.3551353503184713,2010-09-10,2011-12-09,1212,12,74.54871794871795,0.011126833033187549,31.87938596491228,15548.0,173.0,15375.0,456
22866,HAND WARMER SCOTTY DOG DESIGN,12778,28266.870000000003,2.3251018600531443,2010-09-10,2011-12-09,1083,10,72.19209039548022,0.00984251968503937,28.021929824561404,13716.0,135.0,13581.0,456
22867,HAND WARMER BIRD DESIGN,11872,26117.63,2.3753406998158377,2010-09-10,2011-12-09,1054,10,64.8743169398907,0.0061391030920116794,26.035087719298247,13357.0,82.0,13275.0,456
22868,"NUMBER TILE COTTAGE GARDEN, 0 ",124,270.38,3.008518518518519,2010-10-18,2011-11-21,27,3,4.769230769230769,0.0,0.31,125.0,0.0,125.0,400
22869,"NUMBER TILE COTTAGE GARDEN, 1",167,393.63,3.066140350877193,2010-10-17,2011-11-29,57,3,3.2745098039215685,0.011976047904191617,0.4083129584352078,167.0,2.0,165.0,409
22870,"NUMBER TILE COTTAGE GARDEN, 2",155,367.96999999999997,3.2091489361702124,2010-10-18,2011-11-29,46,3,3.522727272727273,0.0,0.3799019607843137,157.0,0.0,157.0,408
22871,"NUMBER TILE COTTAGE GARDEN, 3 ",127,289.39,3.266,2010-10-18,2011-11-16,30,3,4.379310344827586,0.0,0.32151898734177214,127.0,0.0,127.0,395
22872,"NUMBER TILE COTTAGE GARDEN, 4",136,311.3,3.132051282051282,2010-10-18,2011-12-08,39,3,3.5789473684210527,0.0,0.3261390887290168,136.0,0.0,136.0,417
22873,"NUMBER TILE COTTAGE GARDEN, 5",120,262.5,2.8693548387096777,2010-10-17,2011-11-25,31,4,3.870967741935484,0.0,0.2962962962962963,121.0,0.0,121.0,405
22874,"NUMBER TILE COTTAGE GARDEN, 6",126,272.02,2.7824137931034483,2010-10-18,2011-11-09,28,3,4.846153846153846,0.0,0.3247422680412371,126.0,0.0,126.0,388
22875,"NUMBER TILE COTTAGE GARDEN, 7",123,268.34999999999997,2.8273333333333333,2010-10-18,2011-12-08,30,3,4.392857142857143,0.0,0.2949640287769784,124.0,0.0,124.0,417
22876,"NUMBER TILE COTTAGE GARDEN, 8",118,252.22,2.9117391304347824,2010-10-18,2011-09-27,23,3,5.363636363636363,0.0,0.34202898550724636,121.0,0.0,121.0,345
22877,"NUMBER TILE COTTAGE GARDEN, 9",128,271.64,2.5785714285714287,2010-10-18,2011-10-04,28,3,4.7407407407407405,0.0234375,0.36363636363636365,128.0,3.0,125.0,352
22878,"NUMBER TILE COTTAGE GARDEN, No",128,330.26000000000005,3.420666666666667,2010-10-18,2011-11-16,45,2,3.1219512195121952,0.015625,0.3240506329113924,128.0,2.0,126.0,395
22879,NUMBER TILE VINTAGE FONT 0,82,134.4,2.9823809523809524,2010-10-19,2011-10-04,21,1,4.1,0.0,0.2336182336182336,82.0,0.0,82.0,351
22880,"NUMBER TILE VINTAGE FONT, 1",111,230.26999999999998,3.1840540540540543,2010-10-25,2011-11-15,37,1,3.1714285714285713,0.0,0.2868217054263566,114.0,0.0,114.0,387
22881,"NUMBER TILE VINTAGE FONT, 2",112,218.82,3.151111111111111,2010-10-25,2011-12-09,36,1,3.393939393939394,0.0,0.2725060827250608,112.0,0.0,112.0,411
22882,NUMBER TILE VINTAGE FONT 3,126,255.07999999999998,2.9504,2010-10-19,2011-12-05,50,1,2.8636363636363638,0.007874015748031496,0.3050847457627119,127.0,1.0,126.0,413
22883,NUMBER TILE VINTAGE FONT 4,109,213.04999999999998,3.288235294117647,2010-10-18,2011-12-05,34,1,3.40625,0.00909090909090909,0.2632850241545894,110.0,1.0,109.0,414
22884,NUMBER TILE VINTAGE FONT 5,110,217.26,3.0048717948717947,2010-10-21,2011-11-30,39,1,2.972972972972973,0.0,0.270935960591133,113.0,0.0,113.0,406
22885,NUMBER TILE VINTAGE FONT 6 ,112,210.26,3.003142857142857,2010-10-20,2011-12-09,35,1,3.5,0.008849557522123894,0.2692307692307692,113.0,1.0,112.0,416
22886,"NUMBER TILE VINTAGE FONT, 7",98,174.16,2.917586206896552,2010-10-25,2011-12-01,29,1,3.5,0.0,0.24317617866004962,98.0,0.0,98.0,403
22887,NUMBER TILE VINTAGE FONT 8,92,160.35999999999999,2.9549999999999996,2010-10-18,2011-12-05,28,1,3.5384615384615383,0.0,0.2222222222222222,92.0,0.0,92.0,414
22888,NUMBER TILE VINTAGE FONT 9 ,79,130.82999999999998,3.058695652173913,2010-11-04,2011-12-09,23,1,3.761904761904762,0.0,0.1970074812967581,79.0,0.0,79.0,401
22889,"NUMBER TILE VINTAGE FONT, No ",196,327.12,3.47275,2010-10-25,2011-12-05,39,1,5.9393939393939394,0.06467661691542288,0.48157248157248156,201.0,13.0,188.0,407
22890,NOVELTY BISCUITS CAKE STAND 3 TIER,800,7821.96,11.051226053639846,2010-10-14,2011-12-09,260,11,4.938271604938271,0.060786650774731825,1.8957345971563981,839.0,51.0,788.0,422
22891,TEA FOR ONE POLKADOT,644,3103.7,5.596608695652174,2010-10-15,2011-12-09,230,7,4.535211267605634,0.05346820809248555,1.5296912114014252,692.0,37.0,655.0,421
22892,SALT AND PEPPER SHAKERS TOADSTOOLS,3520,4322.06,1.317457627118644,2010-10-15,2011-11-22,295,10,20.114285714285714,0.03514285714285714,8.712871287128714,3500.0,123.0,3377.0,404
22893,MINI CAKE STAND T-LIGHT HOLDER,2721,1306.09,0.6159016393442622,2010-10-15,2011-12-08,182,8,21.093023255813954,0.0076866764275256225,6.478571428571429,2732.0,21.0,2711.0,420
22894,TABLECLOTH RED APPLES DESIGN ,561,5160.78,9.770309278350515,2010-09-24,2011-12-09,192,10,4.155555555555556,0.0035149384885764497,1.2692307692307692,569.0,2.0,567.0,442
22895,SET OF 2 TEA TOWELS APPLE AND PEARS,2847,8648.49,3.46310843373494,2010-09-24,2011-12-09,411,13,12.063559322033898,0.002070393374741201,6.4411764705882355,2898.0,6.0,2892.0,442
22896,PEG BAG APPLE DESIGN,2076,5230.55,3.1132249322493224,2010-09-26,2011-12-09,367,10,8.759493670886076,0.008587786259541985,4.718181818181818,2096.0,18.0,2078.0,440
22897,OVEN MITT APPLE DESIGN,1956,2894.75,1.7584615384615383,2010-09-26,2011-12-08,298,9,10.1875,0.02127659574468085,4.455580865603645,1974.0,42.0,1932.0,439
22898,CHILDRENS APRON APPLE DESIGN,3168,6604.16,2.4603805496828755,2010-09-26,2011-12-09,471,12,12.231660231660232,0.00030646644192460924,7.2,3263.0,1.0,3262.0,440
22899,CHILDRENS APRON DOLLY GIRL ,2773,5769.76,2.4120518867924527,2010-09-26,2011-12-09,421,16,11.411522633744855,0.0024630541871921183,6.302272727272728,2842.0,7.0,2835.0,440
22900, SET 2 TEA TOWELS I LOVE LONDON ,6156,19834.04,3.684245283018868,2010-09-24,2011-12-09,723,11,21.22758620689655,0.03387172651717108,13.927601809954751,6377.0,216.0,6161.0,442
22902,TOTE BAG I LOVE LONDON,1716,3506.56,2.593283582089552,2010-09-26,2011-12-08,199,9,12.170212765957446,0.01335559265442404,3.908883826879271,1797.0,24.0,1773.0,439
22903,CALENDAR FAMILY FAVORITES,745,2053.96,3.0365853658536586,2010-09-26,2011-12-08,82,5,10.642857142857142,0.428380187416332,1.6970387243735763,747.0,320.0,427.0,439
22904,CALENDAR PAPER CUT DESIGN,3467,10755.050000000001,3.3329550321199144,2010-09-19,2011-11-17,463,15,15.273127753303966,0.0911664779161948,8.15764705882353,3532.0,322.0,3210.0,425
22905,CALENDAR IN SEASON DESIGN,1077,2957.17,2.9630769230769234,2010-09-19,2011-12-09,194,6,8.037313432835822,0.0,2.4093959731543624,1090.0,0.0,1090.0,447
22906,12 MESSAGE CARDS WITH ENVELOPES,3370,6214.83,1.993505376344086,2010-09-19,2011-12-09,445,7,15.38812785388128,0.017584318247333527,7.539149888143177,3469.0,61.0,3408.0,447
22907,PACK OF 20 NAPKINS PANTRY DESIGN,8686,7279.03,0.9729777256740914,2010-09-16,2011-12-09,829,19,26.726153846153846,0.027901658090337334,19.302222222222223,8745.0,244.0,8501.0,450
22908,PACK OF 20 NAPKINS RED APPLES,5610,4524.0,0.955668016194332,2010-09-20,2011-12-09,485,14,21.25,0.0012336975678533663,12.57847533632287,5674.0,7.0,5667.0,446
22909,SET OF 20 VINTAGE CHRISTMAS NAPKINS,17144,15275.82,0.9761738351254479,2010-09-16,2011-12-09,1086,18,83.22330097087378,0.026544674121766632,38.09777777777778,17706.0,470.0,17236.0,450
22910,PAPER CHAIN KIT VINTAGE CHRISTMAS,18634,58652.700000000004,3.300415224913495,2010-09-19,2011-12-09,1427,12,87.89622641509433,0.02289531385446943,41.686800894854585,19611.0,449.0,19162.0,447
22911,PAPER CHAIN KIT LONDON,853,2454.3500000000004,3.219818181818182,2010-09-19,2011-12-05,164,7,6.879032258064516,0.016018306636155607,1.925507900677201,874.0,14.0,860.0,443
22912,YELLOW COAT RACK PARIS FASHION,313,1471.0900000000001,5.261192660550459,2010-11-19,2011-11-28,108,9,3.4395604395604398,0.01775147928994083,0.8346666666666667,338.0,6.0,332.0,375
22913,RED COAT RACK PARIS FASHION,450,2107.85,5.491229508196722,2010-11-19,2011-12-05,122,12,4.591836734693878,0.008658008658008658,1.1780104712041886,462.0,4.0,458.0,382
22914,BLUE COAT RACK PARIS FASHION,570,2720.6600000000003,5.446140350877193,2010-11-19,2011-12-09,170,14,4.285714285714286,0.008333333333333333,1.4766839378238341,600.0,5.0,595.0,386
22915,ASSORTED BOTTLE TOP  MAGNETS ,3281,1474.52,1.1767692307692308,2010-11-19,2011-12-09,194,14,24.669172932330827,0.0276327909118821,8.5,3257.0,90.0,3167.0,386
22916,HERB MARKER THYME,1962,1363.38,0.8606299212598425,2010-11-21,2011-12-08,249,7,12.186335403726709,0.005982053838484547,5.122715404699739,2006.0,12.0,1994.0,383
22917,HERB MARKER ROSEMARY,1996,1386.65,0.8575889328063241,2010-11-21,2011-12-08,252,7,12.713375796178344,0.005876591576885406,5.211488250652741,2042.0,12.0,2030.0,383
22918,HERB MARKER PARSLEY,1925,1322.8600000000001,0.8578968253968254,2010-11-21,2011-12-08,249,8,12.33974358974359,0.0060759493670886075,5.026109660574413,1975.0,12.0,1963.0,383
22919,HERB MARKER MINT,1800,1255.44,0.8432669322709163,2010-11-22,2011-12-08,248,7,11.842105263157896,0.006546644844517185,4.712041884816754,1833.0,12.0,1821.0,382
22920,HERB MARKER BASIL,3478,2199.19,0.8639763779527558,2010-11-21,2011-12-08,252,8,22.73202614379085,0.4330686330119115,9.08093994778068,3526.0,1527.0,1999.0,383
22921,HERB MARKER CHIVES ,1771,1226.72,0.8519004524886878,2010-11-21,2011-12-08,220,6,12.833333333333334,0.006644518272425249,4.624020887728459,1806.0,12.0,1794.0,383
22922,FRIDGE MAGNETS US DINER ASSORTED,2073,1789.1999999999998,1.6745132743362832,2010-11-19,2011-12-09,113,12,23.292134831460675,0.11320754716981132,5.370466321243524,2067.0,234.0,1833.0,386
22923,FRIDGE MAGNETS LES ENFANTS ASSORTED,1583,1314.8899999999999,1.0913333333333333,2010-11-19,2011-12-08,90,10,22.295774647887324,0.10551558752997602,4.111688311688312,1668.0,176.0,1492.0,385
22924,FRIDGE MAGNETS LA VIE EN ROSE,1500,1323.4199999999998,1.4349999999999998,2010-11-19,2011-12-09,95,7,18.51851851851852,0.19406834300451323,3.8860103626943006,1551.0,301.0,1250.0,386
22925,BLUE GIANT GARDEN THERMOMETER,488,2989.52,6.48421875,2010-11-22,2011-10-28,191,8,3.588235294117647,0.01639344262295082,1.4310850439882699,488.0,8.0,480.0,341
22926,IVORY GIANT GARDEN THERMOMETER,680,4150.31,6.306635944700461,2010-11-21,2011-05-10,216,8,6.666666666666667,0.03221288515406162,3.9766081871345027,714.0,23.0,691.0,171
22927,GREEN GIANT GARDEN THERMOMETER,468,2948.57,6.695493827160495,2010-11-21,2011-12-05,162,6,4.069565217391304,0.048034934497816595,1.231578947368421,458.0,22.0,436.0,380
22928,YELLOW GIANT GARDEN THERMOMETER,296,2041.3500000000001,7.738050847457627,2010-11-22,2011-12-09,118,5,3.182795698924731,0.019933554817275746,0.7728459530026109,301.0,6.0,295.0,383
22929,SCHOOL DESK AND CHAIR ,23,1459.75,64.17058823529412,2010-11-24,2011-10-26,17,8,1.4375,0.13043478260869565,0.06824925816023739,23.0,3.0,20.0,337
22930,BAKING MOULD HEART MILK CHOCOLATE,1108,2846.8,3.073350785340314,2010-12-08,2011-12-08,189,9,8.935483870967742,0.08,3.0273224043715845,1200.0,96.0,1104.0,366
22931,BAKING MOULD HEART WHITE CHOCOLATE,813,1963.3,2.8299999999999996,2010-12-08,2011-12-08,129,11,8.934065934065934,0.0,2.221311475409836,902.0,0.0,902.0,366
22932,BAKING MOULD TOFFEE CUP CHOCOLATE,884,2000.88,2.708472222222222,2010-12-08,2011-12-08,72,7,14.983050847457626,0.12461059190031153,2.4153005464480874,963.0,120.0,843.0,366
22933,BAKING MOULD EASTER EGG MILK CHOC,940,2585.92,3.48869918699187,2010-12-09,2011-12-05,122,6,12.368421052631579,0.1638655462184874,2.596685082872928,952.0,156.0,796.0,362
22934,BAKING MOULD EASTER EGG WHITE CHOC,589,1707.47,3.2253846153846157,2010-12-10,2011-11-11,78,7,9.816666666666666,0.0050933786078098476,1.7477744807121662,589.0,3.0,586.0,337
22935,BAKING MOULD ROSE MILK CHOCOLATE,690,2066.82,3.8047692307692307,2010-12-08,2011-12-08,65,5,12.777777777777779,0.0933852140077821,1.8852459016393444,771.0,72.0,699.0,366
22936,BAKING MOULD ROSE WHITE CHOCOLATE,279,895.97,4.326153846153846,2010-12-08,2011-12-08,50,5,6.065217391304348,0.25,0.7622950819672131,288.0,72.0,216.0,366
22937,BAKING MOULD CHOCOLATE CUPCAKES,972,2563.24,2.9215853658536584,2010-12-08,2011-12-07,160,11,9.436893203883495,0.0126953125,2.663013698630137,1024.0,13.0,1011.0,365
22938,CUPCAKE LACE PAPER SET 6,3687,6891.249999999999,2.076981818181818,2010-09-20,2011-12-08,273,15,20.147540983606557,0.01601708489054992,8.285393258426966,3746.0,60.0,3686.0,445
22939,APRON APPLE DELIGHT,700,3502.54,5.883149171270718,2010-09-26,2011-12-06,181,11,4.929577464788732,0.01977401129943503,1.6018306636155606,708.0,14.0,694.0,437
22940,FELTCRAFT CHRISTMAS FAIRY,3491,15282.81,4.533444816053512,2010-09-06,2011-12-09,586,15,17.99484536082474,0.012254901960784314,7.589130434782609,3672.0,45.0,3627.0,460
22941,CHRISTMAS LIGHTS 10 REINDEER,2615,21727.58,9.705392561983471,2010-10-21,2011-12-09,483,15,19.37037037037037,0.028044280442804426,6.301204819277109,2710.0,76.0,2634.0,415
22942,CHRISTMAS LIGHTS 10 SANTAS ,1221,9466.41,8.545263157894736,2010-10-21,2011-12-09,246,9,11.1,0.09819324430479183,2.942168674698795,1273.0,125.0,1148.0,415
22943,CHRISTMAS LIGHTS 10 VINTAGE BAUBLES,2381,11696.640000000001,5.995530726256984,2010-10-21,2011-12-09,356,9,18.17557251908397,0.017321016166281754,5.7373493975903616,2598.0,45.0,2553.0,415
22944,CHRISTMAS METAL POSTCARD WITH BELLS,4870,3577.9900000000002,1.3859509202453988,2010-09-19,2011-12-08,158,9,51.808510638297875,0.06199958940669267,10.919282511210762,4871.0,302.0,4569.0,446
22945,CHRISTMAS METAL TAGS ASSORTED ,7641,7365.7,2.2110693641618497,2010-09-19,2011-12-08,338,12,49.29677419354839,0.03729796933278077,17.132286995515695,7239.0,270.0,6969.0,446
22946,WOODEN ADVENT CALENDAR CREAM,976,15060.57,18.37695652173913,2010-09-16,2011-12-08,275,12,6.684931506849315,0.026776519052523172,2.173719376391982,971.0,26.0,945.0,449
22947,WOODEN ADVENT CALENDAR RED,1011,12704.15,14.754761904761905,2010-09-16,2011-11-30,209,12,9.190909090909091,0.014548981571290009,2.292517006802721,1031.0,15.0,1016.0,441
22948,METAL DECORATION NAUGHTY CHILDREN ,2155,2164.69,1.8312903225806452,2010-09-16,2011-12-09,180,7,15.615942028985508,0.005615348619560131,4.788888888888889,2137.0,12.0,2125.0,450
22949,36 DOILIES DOLLY GIRL,2010,2858.19,1.737231638418079,2010-09-19,2011-12-06,177,14,15.703125,0.008875739644970414,4.527027027027027,2028.0,18.0,2010.0,444
22950,36 DOILIES VINTAGE CHRISTMAS,8333,11452.64,1.5710393258426965,2010-09-19,2011-11-07,352,12,73.7433628318584,0.07394451145958987,20.079518072289158,8290.0,613.0,7677.0,415
22951,72 CAKE CASES DOLLY GIRL DESIGN,10993,5785.97,0.6723017107309487,2010-09-19,2011-12-09,634,22,38.84452296819788,0.021367521367521368,24.59284116331096,11232.0,240.0,10992.0,447
22952,72 CAKE CASES VINTAGE CHRISTMAS,32988,19240.05,0.7211177474402731,2010-09-17,2011-12-09,1144,19,153.43255813953488,0.01633812821878885,73.46993318485524,33786.0,552.0,33234.0,449
22953,BIRTHDAY PARTY CORDON BARRIER TAPE,760,948.55,1.3815833333333332,2010-11-04,2011-12-08,119,6,7.6767676767676765,0.0,1.9,842.0,0.0,842.0,400
22954,HEN PARTY CORDON BARRIER TAPE,238,293.89,1.3878,2010-11-05,2011-11-24,50,2,4.958333333333333,0.00411522633744856,0.6181818181818182,243.0,1.0,242.0,385
22955,36 FOIL STAR CAKE CASES ,1448,2885.26,2.2595312499999998,2010-11-04,2011-12-09,185,15,12.066666666666666,0.0,3.6109725685785534,1634.0,0.0,1634.0,401
22956,36 FOIL HEART CAKE CASES,2494,4878.900000000001,2.200530303030303,2010-11-04,2011-12-09,256,15,15.987179487179487,0.0588460068781047,6.219451371571072,2617.0,154.0,2463.0,401
22957,SET 3 PAPER VINTAGE CHICK PAPER EGG,1775,5014.650000000001,3.115555555555556,2011-01-14,2011-09-29,214,14,22.1875,0.014623172103487065,6.853281853281853,1778.0,26.0,1752.0,259
22959,WRAP CHRISTMAS VILLAGE,9738,3981.96,0.4181052631578947,2010-09-06,2011-12-08,284,13,78.53225806451613,0.036454535985834806,21.215686274509803,9601.0,350.0,9251.0,459
22960,JAM MAKING SET WITH JARS,9019,38380.11,5.059025862068966,2010-11-28,2011-12-09,1159,26,30.26510067114094,0.02748845699559755,23.923076923076923,9313.0,256.0,9057.0,377
22961,JAM MAKING SET PRINTED,17252,26888.43,1.8915876974231087,2010-07-23,2011-12-09,1200,26,59.2852233676976,0.019019185050035938,34.16237623762376,18087.0,344.0,17743.0,505
22962,JAM JAR WITH PINK LID,4366,3640.93,1.051380281690141,2010-11-28,2011-12-09,354,19,22.38974358974359,0.018542475204829666,11.580901856763926,4638.0,86.0,4552.0,377
22963,JAM JAR WITH BLUE LID,3696,3079.41,1.071832298136646,2010-07-23,2011-12-09,319,15,20.08695652173913,0.029062421026029822,7.318811881188119,3957.0,115.0,3842.0,505
22964,3 PIECE SPACEBOY COOKIE CUTTER SET,2761,5768.830000000001,2.513543689320388,2010-11-21,2011-12-09,408,14,13.023584905660377,0.004907115317209955,7.190104166666667,2853.0,14.0,2839.0,384
22965,3 TRADITIONAl BISCUIT CUTTERS  SET,1842,3834.0400000000004,2.3317175572519084,2010-11-21,2011-12-09,260,13,10.525714285714285,0.020105820105820106,4.796875,1890.0,38.0,1852.0,384
22966,GINGERBREAD MAN COOKIE CUTTER,8219,10131.26,1.440776439089692,2010-11-09,2011-12-09,732,15,34.53361344537815,0.0005922767116796967,20.755050505050505,8442.0,5.0,8437.0,396
22967,SET 3 SONG BIRD PAPER EGGS ASSORTED,1171,3271.4100000000003,3.0120289855072464,2011-01-14,2011-12-07,138,11,16.971014492753625,0.01875532821824382,3.5701219512195124,1173.0,22.0,1151.0,328
22968,ROSE COTTAGE KEEPSAKE BOX ,1127,11184.82,11.719281045751634,2010-10-29,2011-12-08,306,13,7.826388888888889,0.0237892948173322,2.7758620689655173,1177.0,28.0,1149.0,406
22969,HOMEMADE JAM SCENTED CANDLES,14461,21501.989999999998,1.7717207334273626,2010-11-21,2011-12-09,709,20,53.361623616236166,0.009279512162789156,37.658854166666664,15087.0,140.0,14947.0,384
22970,LONDON BUS COFFEE MUG,4334,10140.6,2.730219435736677,2010-12-15,2011-12-08,317,7,24.908045977011493,0.0036638424547744447,12.072423398328691,4367.0,16.0,4351.0,359
22971,QUEENS GUARD COFFEE MUG,2431,5849.29,2.7821167883211677,2010-12-16,2011-12-08,272,6,14.384615384615385,0.00658165364047717,6.790502793296089,2431.0,16.0,2415.0,358
22972,CHILDREN'S SPACEBOY MUG,1882,3219.74,1.988688524590164,2010-11-24,2011-12-08,243,10,12.141935483870968,0.01699150424787606,4.9526315789473685,2001.0,34.0,1967.0,380
22973,CHILDRENS CIRCUS PARADE MUG,1361,2314.33,2.0173076923076922,2010-11-23,2011-12-07,155,8,11.341666666666667,0.01680672268907563,3.581578947368421,1428.0,24.0,1404.0,380
22974,CHILDRENS DOLLY GIRL MUG,1636,2795.8099999999995,2.039433962264151,2010-11-24,2011-12-08,211,9,10.906666666666666,0.011441647597254004,4.3052631578947365,1748.0,20.0,1728.0,380
22975,SPACEBOY CHILDRENS EGG CUP,1245,1679.66,1.5469743589743588,2010-11-24,2011-12-09,193,7,9.222222222222221,0.0007564296520423601,3.267716535433071,1322.0,1.0,1321.0,381
22976,CIRCUS PARADE CHILDRENS EGG CUP ,1127,1465.26,1.5033999999999998,2010-11-24,2011-12-09,149,5,9.470588235294118,0.029959514170040485,2.958005249343832,1235.0,37.0,1198.0,381
22977,DOLLY GIRL CHILDRENS EGG CUP,999,1313.86,1.4704964539007093,2010-11-24,2011-12-09,140,5,9.1651376146789,0.000942507068803016,2.622047244094488,1061.0,1.0,1060.0,381
22978,PANTRY ROLLING PIN,2464,9564.98,4.3442436974789915,2011-02-17,2011-12-08,238,10,16.876712328767123,0.030425963488843813,8.352542372881356,2465.0,75.0,2390.0,295
22979,PANTRY WASHING UP BRUSH,4090,6391.82,1.8184334203655352,2011-03-02,2011-12-09,381,15,21.64021164021164,0.022211374176226508,14.452296819787986,4097.0,91.0,4006.0,283
22980,PANTRY SCRUBBING BRUSH,2363,3910.0099999999998,1.9236734693877549,2011-02-16,2011-12-09,291,11,15.050955414012739,0.03423499577345731,7.956228956228956,2366.0,81.0,2285.0,297
22981,PANTRY APPLE CORER,471,704.13,1.8700925925925926,2011-03-03,2011-12-07,105,7,5.7439024390243905,0.012711864406779662,1.6821428571428572,472.0,6.0,466.0,280
22982,PANTRY PASTRY BRUSH,1154,1543.77,1.6372169811320754,2011-03-02,2011-12-09,212,11,8.945736434108527,0.02077922077922078,4.07773851590106,1155.0,24.0,1131.0,283
22983,"CARD, BILLBOARD FONT",6695,2843.55,0.5280615942028986,2010-09-14,2011-12-09,551,15,23.910714285714285,0.026171197223828803,14.811946902654867,6916.0,181.0,6735.0,452
22984,"CARD, GINGHAM ROSE ",3349,1370.73,0.4750467289719626,2010-09-12,2011-12-09,214,12,21.062893081761008,0.0,7.3766519823788546,3410.0,0.0,3410.0,454
22985,"WRAP, BILLBOARD FONTS DESIGN",4722,1895.24,0.4188235294117647,2010-09-07,2011-12-09,136,6,42.54054054054054,0.0,10.287581699346406,4772.0,0.0,4772.0,459
22986,GINGHAM ROSE WRAP,5795,2389.9,0.419313725490196,2010-09-07,2011-12-08,204,15,38.37748344370861,0.00427715996578272,12.652838427947598,5845.0,25.0,5820.0,458
22987,"WRAP , SUMMER ROSE DESIGN",252,105.84,0.42,2010-09-07,2011-10-10,11,1,22.90909090909091,0.0,0.631578947368421,252.0,0.0,252.0,399
22988,SOLDIERS EGG CUP ,9363,11238.45,1.4986474501108646,2010-11-23,2011-12-09,446,4,50.06951871657754,0.011665451515467138,24.51047120418848,9601.0,112.0,9489.0,382
22989,SET 2 PANTRY DESIGN TEA TOWELS,2811,8999.27,3.6862698412698416,2011-02-03,2011-12-09,372,18,14.717277486910994,0.00852575488454707,9.067741935483872,2815.0,24.0,2791.0,310
22990,COTTON APRON PANTRY DESIGN,633,2917.4300000000003,5.315301204819277,2011-02-06,2011-12-08,164,10,5.275,0.1974921630094044,2.0686274509803924,638.0,126.0,512.0,306
22991,GIRAFFE WOODEN RULER,3887,7604.889999999999,2.273655913978495,2011-02-17,2011-12-09,274,10,24.446540880503143,0.18359475443558756,13.131756756756756,3889.0,714.0,3175.0,296
22992,REVOLVER WOODEN RULER ,5233,10373.99,2.2714044943820224,2011-02-17,2011-12-09,348,13,32.30246913580247,0.13674560733384264,17.679054054054053,5236.0,716.0,4520.0,296
22993,SET OF 4 PANTRY JELLY MOULDS,12649,16478.48,1.497788990825688,2011-02-16,2011-12-09,1073,19,51.84016393442623,0.005366161616161616,42.58922558922559,12672.0,68.0,12604.0,297
22994,TRAVEL CARD WALLET RETROSPOT,2194,956.94,0.5283105022831049,2011-02-16,2011-12-09,218,7,16.251851851851853,0.013654984069185253,7.3872053872053876,2197.0,30.0,2167.0,297
22995,TRAVEL CARD WALLET SUKI,2381,1058.64,0.5419402985074626,2011-02-17,2011-12-09,266,3,15.979865771812081,0.020510673922143157,8.04391891891892,2389.0,49.0,2340.0,296
22996,TRAVEL CARD WALLET VINTAGE TICKET,4801,2094.93,0.5296385542168675,2011-02-17,2011-12-09,408,4,25.13612565445026,0.0054020361520880945,16.219594594594593,4813.0,26.0,4787.0,296
22997,TRAVEL CARD WALLET UNION JACK,2545,1094.93,0.49327354260089684,2011-02-17,2011-12-09,222,3,18.442028985507246,0.03005780346820809,8.597972972972974,2595.0,78.0,2517.0,296
22998,TRAVEL CARD WALLET KEEP CALM,12366,5262.82,0.49730483271375464,2011-02-16,2011-12-09,534,6,57.51627906976744,0.014171337069655725,41.63636363636363,12490.0,177.0,12313.0,297
22999,TRAVEL CARD WALLET RETRO PETALS,2894,1252.59,0.48244444444444445,2011-02-17,2011-12-09,222,8,19.82191780821918,0.0010135135135135136,9.777027027027026,2960.0,3.0,2957.0,296
23000,TRAVEL CARD WALLET TRANSPORT,3169,1368.28,0.5197132616487455,2011-02-16,2011-12-09,278,9,19.09036144578313,0.01229895931882687,10.67003367003367,3171.0,39.0,3132.0,297
23002,TRAVEL CARD WALLET SKULLS,2119,914.37,0.5232474226804124,2011-02-16,2011-12-09,192,2,16.3,0.059673659673659674,7.134680134680135,2145.0,128.0,2017.0,297
23003,TRAVEL CARD WALLET VINTAGE ROSE ,542,226.2,0.41888888888888887,2011-02-16,2011-06-12,53,3,12.604651162790697,-0.0,4.632478632478633,-8516.0,0.0,-8516.0,117
23004,TRAVEL CARD WALLET PANTRY,2002,903.16,0.6030357142857142,2011-02-16,2011-12-09,221,7,14.198581560283689,0.09149676777722526,6.7407407407407405,2011.0,184.0,1827.0,297
23005,TRAVEL CARD WALLET I LOVE LONDON,4733,2126.55,0.5217213114754098,2011-02-17,2011-12-09,241,3,38.479674796747965,-6.93625580911424e-05,15.989864864864865,-14417.0,1.0,-14418.0,296
23006,TRAVEL CARD WALLET FLOWER MEADOW,1758,762.75,0.5191907514450866,2011-02-16,2011-12-08,173,5,14.77310924369748,0.04421768707482993,5.9391891891891895,1764.0,78.0,1686.0,296
23007, SPACEBOY BABY GIFT SET,498,7741.749999999999,15.913423913043477,2011-03-09,2011-12-09,184,13,3.86046511627907,0.012024048096192385,1.8043478260869565,499.0,6.0,493.0,276
23008,DOLLY GIRL BABY GIFT SET,433,6719.61,16.12609022556391,2011-03-09,2011-12-08,133,15,4.373737373737374,0.016091954022988506,1.5745454545454545,435.0,7.0,428.0,275
23009,I LOVE LONDON BABY GIFT SET,263,4082.5199999999995,15.988252427184465,2011-03-09,2011-12-09,103,8,3.329113924050633,0.0,0.9528985507246377,263.0,0.0,263.0,276
23010,CIRCUS PARADE BABY GIFT SET,315,4879.599999999999,16.296576576576577,2011-03-09,2011-12-04,111,11,3.7058823529411766,0.00949367088607595,1.1623616236162362,316.0,3.0,313.0,271
23012,GLASS APOTHECARY BOTTLE PERFUME,1071,4197.110000000001,4.62991935483871,2011-06-14,2011-12-09,246,11,8.778688524590164,0.0074487895716946,5.983240223463687,1074.0,8.0,1066.0,179
23013,GLASS APOTHECARY BOTTLE TONIC,924,3674.1600000000003,4.672946428571429,2011-06-14,2011-12-09,223,8,7.830508474576271,0.006486486486486486,5.162011173184357,925.0,6.0,919.0,179
23014,GLASS APOTHECARY BOTTLE ELIXIR,856,3419.5800000000004,4.863838862559241,2011-06-14,2011-12-09,209,9,7.575221238938053,0.01048951048951049,4.782122905027933,858.0,9.0,849.0,179
23015,CORDIAL GLASS JUG,40,338.38,8.691052631578946,2011-06-17,2011-11-24,18,4,2.2222222222222223,0.17073170731707318,0.2484472049689441,41.0,7.0,34.0,161
23016,GLASS TWIST BON BON JAR,74,575.25,8.714583333333332,2011-06-16,2011-12-06,24,1,3.217391304347826,0.04054054054054054,0.42528735632183906,74.0,3.0,71.0,174
23017,APOTHECARY MEASURING JAR,67,826.28,12.759545454545453,2011-06-26,2011-12-08,22,5,3.1904761904761907,0.014925373134328358,0.4036144578313253,67.0,1.0,66.0,166
23018,LARGE APOTHECARY MEASURING JAR ,51,612.1600000000001,12.900476190476192,2011-06-26,2011-11-16,21,3,3.1875,0.0,0.3541666666666667,51.0,0.0,51.0,144
23019,SMALL APOTHECARY MEASURING JAR ,81,629.0500000000001,8.078571428571427,2011-06-21,2011-12-08,28,5,3.24,0.0,0.47368421052631576,81.0,0.0,81.0,171
23020,GLASS  SONGBIRD STORAGE JAR,180,2191.84,12.99592105263158,2011-06-14,2011-12-06,76,12,3.1578947368421053,0.03409090909090909,1.0227272727272727,176.0,6.0,170.0,176
23021,GLASS BONNE JAM JAR,120,500.82000000000005,4.441851851851852,2011-06-20,2011-12-06,27,6,5.0,0.0,0.7058823529411765,121.0,0.0,121.0,170
23022,SMALL BONNE JAM JAR  T-LIGHT HOLDER,422,808.16,2.0316666666666667,2011-06-15,2011-12-05,22,2,20.095238095238095,0.07109004739336493,2.425287356321839,422.0,30.0,392.0,174
23023,RIDGED BONNE JAM JAR T-LIGHT HOLDER,274,437.81999999999994,1.7651999999999999,2011-06-20,2011-12-05,25,2,11.416666666666666,0.006993006993006993,1.621301775147929,286.0,2.0,284.0,169
23024,LARGE BONNE JAM JAR  T-LIGHT HOLDER,255,667.8500000000001,3.0081818181818183,2011-06-22,2011-11-14,11,3,25.5,0.00784313725490196,1.7465753424657535,255.0,2.0,253.0,146
23025,DRAWER KNOB VINTAGE GLASS BALL,350,760.8000000000001,2.269814814814815,2011-06-27,2011-12-02,54,4,8.536585365853659,0.017142857142857144,2.20125786163522,350.0,6.0,344.0,159
23026,DRAWER KNOB VINTAGE GLASS STAR,556,1198.96,2.3271875,2011-06-16,2011-12-07,62,5,10.692307692307692,0.025134649910233394,3.177142857142857,557.0,14.0,543.0,175
23027,DRAWER KNOB VINTAGE GLASS HEXAGON,295,627.95,2.216666666666667,2011-06-22,2011-12-02,30,4,11.346153846153847,0.0,1.798780487804878,295.0,0.0,295.0,164
23028,DRAWER KNOB CRACKLE GLAZE BLUE,1369,2377.1299999999997,1.9253623188405797,2011-06-14,2011-11-02,137,13,19.840579710144926,0.005279034690799397,9.640845070422536,1326.0,7.0,1319.0,142
23029,DRAWER KNOB CRACKLE GLAZE GREEN,1352,2303.9199999999996,1.8366666666666664,2011-06-14,2011-12-08,156,13,14.53763440860215,0.021021021021021023,7.595505617977528,1332.0,28.0,1304.0,178
23031,DRAWER KNOB CRACKLE GLAZE PINK,1278,2152.2999999999997,1.827290322580645,2011-06-14,2011-12-07,155,9,13.175257731958762,0.015432098765432098,7.220338983050848,1296.0,20.0,1276.0,177
23032,DRAWER KNOB CRACKLE GLAZE IVORY,2328,3853.68,1.7743349753694582,2011-06-14,2011-11-27,199,10,22.384615384615383,0.020157756354075372,13.940119760479043,2282.0,46.0,2236.0,167
23033,DRAWER KNOB CERAMIC RED,714,1058.8999999999999,1.814864864864865,2011-06-14,2011-12-09,74,6,11.333333333333334,0.0,3.988826815642458,720.0,0.0,720.0,179
23034,DRAWER KNOB CERAMIC BLACK,979,1448.6699999999998,1.6273333333333335,2011-06-14,2011-12-09,88,8,14.18840579710145,0.006054490413723511,5.4692737430167595,991.0,6.0,985.0,179
23035,DRAWER KNOB CERAMIC IVORY,2191,3199.99,1.6449999999999998,2011-06-14,2011-12-08,191,8,19.918181818181818,0.004195804195804196,12.308988764044944,2145.0,9.0,2136.0,178
23036,T-LIGHT HOLDER SILVER PETIT FOUR ,184,232.42000000000002,1.325625,2011-06-22,2011-12-06,16,1,11.5,0.0,1.0952380952380953,185.0,0.0,185.0,168
23037,CANDLE HOLDER SILVER MADELINE,196,325.15999999999997,1.886,2011-06-24,2011-12-09,20,2,10.31578947368421,0.0,1.1597633136094674,196.0,0.0,196.0,169
23038,T-LIGHT HOLDER SILVER SAUCER,44,42.919999999999995,1.3299999999999998,2011-07-11,2011-12-05,8,1,5.5,0.0,0.2972972972972973,44.0,0.0,44.0,148
23039,T-LIGHT HOLDER SILVER HEART HANDLE,199,399.71,2.3906896551724137,2011-06-19,2011-12-05,28,2,7.37037037037037,0.03015075376884422,1.1705882352941177,199.0,6.0,193.0,170
23040,PAPER LANTERN 9 POINT SNOW STAR ,253,1394.03,6.278372093023257,2011-04-28,2011-12-09,41,6,6.657894736842105,0.0,1.1194690265486726,253.0,0.0,253.0,226
23041,PAPER LANTERN 9 POINT SNOW STAR,272,1178.48,4.61,2011-04-28,2011-12-09,54,1,5.913043478260869,0.08823529411764706,1.2035398230088497,272.0,24.0,248.0,226
23042,PAPER LANTERN 7 POINT SNOW STAR,103,711.51,7.361428571428571,2011-04-28,2011-12-05,28,1,3.9615384615384617,0.0970873786407767,0.46396396396396394,103.0,10.0,93.0,222
23043,PAPER LANTERN 9 POINT HOLLY STAR 40,81,543.51,7.33,2011-05-05,2011-12-05,23,1,4.05,0.0,0.3767441860465116,81.0,0.0,81.0,215
23044,PAPER LANTERN 9 POINT HOLLY STAR S,101,423.29,4.309230769230769,2011-05-08,2011-12-01,25,2,4.391304347826087,0.0,0.4855769230769231,104.0,0.0,104.0,208
23045,PAPER LANTERN 5 POINT STAR MOON 30,118,497.9800000000001,4.4812,2011-05-05,2011-12-07,25,3,5.130434782608695,0.1694915254237288,0.543778801843318,118.0,20.0,98.0,217
23046,PAPER LANTERN 9 POINT DELUXE STAR,349,2111.4900000000002,6.809444444444445,2011-05-08,2011-12-05,36,3,11.633333333333333,0.0,1.6462264150943395,349.0,0.0,349.0,212
23047,PAPER LANTERN 5 POINT SEQUIN STAR,58,333.5,5.75,2011-05-08,2011-11-24,25,1,2.5217391304347827,0.0,0.2885572139303483,58.0,0.0,58.0,201
23048,SET OF 10 LANTERNS FAIRY LIGHT STAR,577,2368.37,4.6737254901960785,2011-04-28,2011-12-08,99,8,8.126760563380282,0.05679862306368331,2.5644444444444443,581.0,33.0,548.0,225
23049,RECYCLED ACAPULCO MAT RED,456,3896.84,8.921505376344086,2011-03-04,2011-12-01,186,12,4.035398230088496,0.006578947368421052,1.6703296703296704,456.0,3.0,453.0,273
23050,RECYCLED ACAPULCO MAT GREEN,497,4286.55,9.223268292682926,2011-03-04,2011-12-09,205,12,4.211864406779661,0.002012072434607646,1.7686832740213523,497.0,1.0,496.0,281
23051,RECYCLED ACAPULCO MAT BLUE,365,3223.49,9.636790123456791,2011-03-04,2011-12-09,162,11,3.5096153846153846,0.005479452054794521,1.298932384341637,365.0,2.0,363.0,281
23052,RECYCLED ACAPULCO MAT TURQUOISE,654,5949.34,9.784460431654676,2011-03-04,2011-12-09,278,15,4.8088235294117645,0.0015290519877675841,2.3274021352313166,654.0,1.0,653.0,281
23053,RECYCLED ACAPULCO MAT PINK,364,3254.32,9.819390243902438,2011-03-04,2011-12-09,164,15,3.7142857142857144,0.0027397260273972603,1.295373665480427,365.0,1.0,364.0,281
23054,RECYCLED ACAPULCO MAT LAVENDER,295,2604.93,9.533076923076923,2011-03-04,2011-12-09,130,12,3.241758241758242,0.003367003367003367,1.0498220640569396,297.0,1.0,296.0,281
23055,IVORY CHANDELIER T-LIGHT HOLDER,657,1395.18,5.62125,2011-04-19,2011-11-18,38,4,19.90909090909091,1.6615384615384616,3.0700934579439254,260.0,432.0,-172.0,214
23056,FLOWERS CHANDELIER T-LIGHT HOLDER,963,2898.12,6.1842500000000005,2011-04-19,2011-11-23,39,4,28.323529411764707,0.7658730158730159,4.397260273972603,756.0,579.0,177.0,219
23057,GEMSTONE CHANDELIER T-LIGHT HOLDER,773,1768.67,4.781555555555556,2011-04-18,2011-11-18,45,4,20.342105263157894,0.8729838709677419,3.5953488372093023,496.0,433.0,63.0,215
23058,CHRISTMAS HANGING SNOWFLAKE,490,430.86,1.2252083333333335,2011-09-14,2011-12-07,48,4,15.806451612903226,0.0,5.764705882352941,490.0,0.0,490.0,85
23060,HEART BEADED TRELLIS DECORATION,249,528.1700000000001,2.2197727272727272,2011-04-18,2011-12-07,42,2,6.384615384615385,0.0,1.064102564102564,249.0,0.0,249.0,234
23061,VINTAGE EMBOSSED HEART,1015,1332.68,1.5377777777777777,2011-04-19,2011-12-08,117,4,11.534090909090908,0.002904162633107454,4.337606837606837,1033.0,3.0,1030.0,234
23064,CINDERELLA CHANDELIER ,221,3717.56,45.48739130434783,2011-04-28,2011-11-03,23,4,11.631578947368421,0.3333333333333333,1.1631578947368422,213.0,71.0,142.0,190
23065,LARGE DECO JEWELLERY STAND,273,3427.44,12.976161616161617,2011-04-15,2011-10-20,99,6,4.014705882352941,0.0038314176245210726,1.4444444444444444,261.0,1.0,260.0,189
23066,SMALL DECO JEWELLERY STAND,259,2137.81,8.921294117647058,2011-04-18,2011-10-13,85,5,4.111111111111111,0.0040650406504065045,1.446927374301676,246.0,1.0,245.0,179
23067,HANGING ENGRAVED METAL HEART,294,1236.66,4.351951219512196,2011-04-26,2011-12-07,78,3,4.59375,0.0,1.3008849557522124,297.0,0.0,297.0,226
23068,ALUMINIUM STAMPED HEART,809,1966.93,2.5855072463768116,2011-04-18,2011-12-06,136,6,8.427083333333334,0.0,3.4721030042918457,813.0,0.0,813.0,233
23069,EDWARDIAN PHOTO FRAME,88,556.21,6.4440625,2011-04-26,2011-12-04,32,3,2.933333333333333,0.0,0.39461883408071746,90.0,0.0,90.0,223
23070,EDWARDIAN HEART PHOTO FRAME,160,709.5400000000001,5.090909090909091,2011-05-04,2011-12-06,44,2,3.7209302325581395,0.0,0.7373271889400922,160.0,0.0,160.0,217
23071,MARIE ANTOIENETT TRINKET BOX GOLD,315,1205.1,10.5325,2011-04-20,2011-10-26,19,5,17.5,0.2992125984251969,1.6578947368421053,254.0,76.0,178.0,190
23072,MARIE ANTOINETTE TRINKET BOX SILVER,334,1273.76,13.725333333333333,2011-05-08,2011-10-26,30,4,11.928571428571429,0.2535211267605634,1.941860465116279,284.0,72.0,212.0,172
23073,GEORGIAN TRINKET BOX,143,1706.5,12.411475409836067,2011-04-19,2011-12-01,61,4,2.803921568627451,0.006944444444444444,0.6299559471365639,144.0,1.0,143.0,227
23074,EMBOSSED HEART TRINKET BOX,246,547.27,2.623125,2011-09-11,2011-12-09,48,3,6.15,0.024,2.7333333333333334,250.0,6.0,244.0,90
23075,DOUBLE CERAMIC PARLOUR HOOK,472,1960.3000000000002,4.248500000000001,2011-04-18,2011-12-08,80,6,7.151515151515151,0.07127882599580712,2.008510638297872,477.0,34.0,443.0,235
23076,ICE CREAM SUNDAE LIP GLOSS,8076,9935.76,1.35028880866426,2011-03-24,2011-12-09,277,16,53.84,0.0034567901234567903,30.942528735632184,8100.0,28.0,8072.0,261
23077,DOUGHNUT LIP GLOSS ,10395,13695.77,1.345436046511628,2011-03-24,2011-12-09,344,15,66.21019108280255,0.005760921747479597,39.827586206896555,10415.0,60.0,10355.0,261
23078,ICE CREAM PEN LIP GLOSS ,6831,8553.34,1.4267315175097277,2011-03-24,2011-12-07,257,12,46.78767123287671,0.007026789635485288,26.374517374517374,6831.0,48.0,6783.0,259
23079,TOADSTOOL BEDSIDE LIGHT ,251,2225.45,8.936915887850466,2011-05-11,2011-12-07,106,8,3.25974025974026,0.05533596837944664,1.1895734597156398,253.0,14.0,239.0,211
23080,RED METAL BOX TOP SECRET,1074,9117.62,9.339272030651342,2011-05-11,2011-12-09,257,13,8.261538461538462,0.010194624652455977,5.042253521126761,1079.0,11.0,1068.0,213
23081,GREEN METAL BOX ARMY SUPPLIES,483,4038.25,9.407194244604316,2011-05-10,2011-12-08,139,9,5.193548387096774,0.012396694214876033,2.267605633802817,484.0,6.0,478.0,213
23082,SET 6 PAPER TABLE LANTERN HEARTS ,2328,8558.76,4.093564356435643,2011-05-11,2011-12-09,297,9,17.244444444444444,0.012001714530647235,10.929577464788732,2333.0,28.0,2305.0,213
23083,SET 6 PAPER TABLE LANTERN STARS ,1932,7250.900000000001,4.236586345381526,2011-05-15,2011-12-09,246,7,18.941176470588236,0.032591826176927054,9.24401913875598,1933.0,63.0,1870.0,209
23084,RABBIT NIGHT LIGHT,30739,66870.03,2.386401179941003,2011-05-10,2011-12-09,994,20,226.02205882352942,0.0035117383104636794,143.64018691588785,30754.0,108.0,30646.0,214
23085,ANTIQUE SILVER BAUBLE LAMP  ,376,3583.23,10.834999999999999,2011-05-16,2011-12-08,78,4,6.482758620689655,0.03412073490813648,1.816425120772947,381.0,13.0,368.0,207
23086,ZINC  STAR T-LIGHT HOLDER ,1225,1451.43,1.5197872340425533,2011-05-16,2011-12-08,47,5,32.23684210526316,0.013029315960912053,5.917874396135265,1228.0,16.0,1212.0,207
23087,ZINC  HEART T-LIGHT HOLDER,868,1090.66,1.5915942028985506,2011-05-13,2011-12-08,69,3,16.37735849056604,0.01728110599078341,4.133333333333334,868.0,15.0,853.0,210
23088,ZINC HEART FLOWER T-LIGHT HOLDER,795,1033.28,1.627594936708861,2011-05-12,2011-12-09,79,3,13.706896551724139,0.0,3.75,795.0,0.0,795.0,212
23089,GLASS BON BON JAR,2354,4215.78,2.380175438596491,2011-05-12,2011-12-09,225,6,18.53543307086614,0.006369426751592357,11.10377358490566,2355.0,15.0,2340.0,212
23090,VINTAGE GLASS T-LIGHT HOLDER,2237,1870.0299999999997,0.9790131578947369,2011-05-16,2011-12-07,149,6,26.951807228915662,0.004736842105263158,10.859223300970873,1900.0,9.0,1891.0,206
23091,ZINC HERB GARDEN CONTAINER,580,3656.32,6.728142857142857,2011-05-11,2011-11-10,209,4,5.523809523809524,0.012110726643598616,3.152173913043478,578.0,7.0,571.0,184
23092,LARGE ANTIQUE WHITE PHOTO FRAME,523,3757.78,8.100962962962964,2011-05-16,2011-12-08,135,5,6.226190476190476,0.01904761904761905,2.526570048309179,525.0,10.0,515.0,207
23093,SMALL PARISIENNE HEART PHOTO FRAME ,939,2239.2400000000002,2.7882394366197185,2011-05-11,2011-12-09,142,3,9.581632653061224,0.003188097768331562,4.408450704225352,941.0,3.0,938.0,213
23094,LE GRAND TRAY CHIC SET,152,1924.92,12.815443037974683,2011-05-11,2011-11-28,79,8,2.235294117647059,0.013157894736842105,0.7524752475247525,152.0,2.0,150.0,202
23096,PETIT TRAY CHIC,1033,1736.6899999999998,2.027808219178082,2011-05-10,2011-12-08,146,4,11.228260869565217,0.0,4.849765258215962,1047.0,0.0,1047.0,213
23099,FRENCH CARRIAGE LANTERN,137,925.35,7.039152542372881,2011-05-16,2011-12-07,58,2,2.795918367346939,0.058394160583941604,0.6650485436893204,137.0,8.0,129.0,206
23100,SILVER BELLS TABLE DECORATION,2166,2739.38,1.426235741444867,2011-05-11,2011-12-08,257,9,20.242990654205606,0.0004610419548178884,10.216981132075471,2169.0,1.0,2168.0,212
23101,SILVER STARS TABLE DECORATION,2031,1739.6299999999999,0.9744859813084111,2011-05-12,2011-12-08,213,10,20.724489795918366,0.0,9.625592417061611,2037.0,0.0,2037.0,211
23102,SILVER HEARTS TABLE DECORATION,1274,1075.03,0.970754716981132,2011-05-11,2011-12-04,157,7,14.0,0.0,6.125,1288.0,0.0,1288.0,208
23103,BELL HEART DECORATION,4072,6846.159999999999,1.8441489361702128,2011-05-11,2011-12-09,365,6,30.616541353383457,0.006862745098039216,19.11737089201878,4080.0,28.0,4052.0,213
23104,IVORY PANTRY HANGING LAMP ,118,1405.42,12.859130434782609,2011-05-11,2011-12-07,46,4,3.0256410256410255,0.0,0.5592417061611374,118.0,0.0,118.0,211
23106,ZINC HEARTS PLANT POT HOLDER,291,815.59,2.9428301886792454,2011-05-13,2011-12-08,53,1,6.326086956521739,0.041237113402061855,1.3857142857142857,291.0,12.0,279.0,210
23107,WHITE WIRE PLANT POT HOLDER,359,1009.51,3.2009589041095894,2011-05-12,2011-12-08,73,4,6.648148148148148,0.0,1.7014218009478672,359.0,0.0,359.0,211
23108,SET OF 10 LED DOLLY LIGHTS,2219,13290.519999999999,6.469919571045577,2011-05-11,2011-12-08,372,19,15.095238095238095,0.028815848716794237,10.466981132075471,2221.0,64.0,2157.0,212
23109,LED TEA LIGHTS,2386,6835.02,3.264963235294118,2011-05-11,2011-12-08,268,8,19.71900826446281,0.03998334027488547,11.254716981132075,2401.0,96.0,2305.0,212
23110,PARISIENNE KEY CABINET ,700,4147.18,6.66234375,2011-05-11,2011-12-09,255,12,5.511811023622047,0.07264957264957266,3.2863849765258215,702.0,51.0,651.0,213
23111,PARISIENNE SEWING BOX,312,3839.2400000000002,13.468920863309354,2011-05-11,2011-12-09,138,9,3.4285714285714284,0.07692307692307693,1.4647887323943662,312.0,24.0,288.0,213
23112,PARISIENNE CURIO CABINET,546,4507.08,9.16721991701245,2011-05-11,2011-12-09,241,12,4.232558139534884,0.0603290676416819,2.563380281690141,547.0,33.0,514.0,213
23113,PANTRY CHOPPING BOARD,1154,5868.5,6.361754385964912,2011-09-16,2011-12-08,57,10,29.58974358974359,-3.3076923076923075,13.738095238095237,-286.0,946.0,-1232.0,84
23114,VINTAGE LEAF CHOPPING BOARD  ,149,737.95,5.451333333333333,2011-09-30,2011-12-07,45,10,5.321428571428571,-0.0023237800154918666,2.1594202898550723,-1291.0,3.0,-1294.0,69
23115,RED APPLES CHOPPING BOARD   ,152,770.32,5.8406666666666665,2011-09-30,2011-12-08,45,5,4.470588235294118,-0.0,2.1714285714285713,-1285.0,0.0,-1285.0,70
23116,VEGETABLE GARDEN CHOPPING BOARD,76,382.44,6.240909090909091,2011-09-30,2011-12-05,22,3,3.619047619047619,-0.0,1.1343283582089552,-1362.0,0.0,-1362.0,67
23117,POPPY FIELDS CHOPPING BOARD,93,501.23,5.598888888888888,2011-09-30,2011-12-06,45,5,2.90625,-0.0007423904974016332,1.3676470588235294,-1347.0,1.0,-1348.0,68
23118,PARISIENNE JEWELLERY DRAWER ,813,6102.18,8.39046511627907,2011-05-10,2011-12-09,258,9,6.556451612903226,0.030495552731893267,3.7990654205607477,787.0,24.0,763.0,214
23119,PACK OF 6 LARGE FRUIT STRAWS ,2282,1401.7,0.7791390728476821,2011-06-17,2011-12-08,151,10,25.355555555555554,0.01576872536136662,13.04,2283.0,36.0,2247.0,175
23120,PACK OF 6 SMALL FRUIT STRAWS,1685,682.39,0.46819047619047616,2011-06-17,2011-12-08,100,5,23.732394366197184,0.04195804195804196,9.628571428571428,1716.0,72.0,1644.0,175
23121,PACK OF 6 COCKTAIL PARASOL STRAWS,2501,1000.4399999999999,0.5528448275862069,2011-06-17,2011-12-06,111,6,33.346666666666664,0.0,14.45664739884393,2506.0,0.0,2506.0,173
23122,PARTY CHARMS 50 PIECES,2251,1726.09,1.0386029411764706,2011-06-17,2011-12-09,133,9,26.797619047619047,0.0013315579227696406,12.789772727272727,2253.0,3.0,2250.0,176
23123,COCKTAIL SWORDS 50 PIECES,935,759.5699999999999,1.014421052631579,2011-06-17,2011-12-08,95,5,14.384615384615385,0.00641025641025641,5.3428571428571425,936.0,6.0,930.0,175
23124,18PC WOODEN CUTLERY SET DISPOSABLE,567,751.38,1.751627906976744,2011-06-17,2011-11-03,43,4,16.2,0.0,4.05,567.0,0.0,567.0,140
23125,6PC WOOD PLATE SET DISPOSABLE,459,574.88,1.9131578947368422,2011-06-17,2011-11-29,38,3,16.392857142857142,0.0,2.7650602409638556,459.0,0.0,459.0,166
23126,DOLLCRAFT GIRL AMELIE KIT,1109,5532.04,5.375153583617748,2011-03-02,2011-12-09,291,11,7.3933333333333335,0.01436265709156194,3.918727915194346,1114.0,16.0,1098.0,283
23127,DOLLCRAFT GIRL NICOLE,736,3759.0,5.259591836734694,2011-03-02,2011-12-09,194,10,5.888,0.017639077340569877,2.6007067137809186,737.0,13.0,724.0,283
23128,FELTCRAFT BOY JEAN-PAUL KIT,448,2258.6600000000003,5.266906474820144,2011-03-03,2011-12-08,139,11,4.48,0.01545253863134658,1.594306049822064,453.0,7.0,446.0,281
23129,HEART SHAPED HOLLY WREATH,950,3999.5000000000005,4.576279069767442,2011-05-18,2011-12-05,172,10,11.44578313253012,0.0010526315789473684,4.702970297029703,950.0,1.0,949.0,202
23130,MISTLETOE HEART WREATH GREEN,962,3988.98,4.519456521739131,2011-05-01,2011-12-04,184,5,10.126315789473685,0.009355509355509356,4.412844036697248,962.0,9.0,953.0,218
23131,MISTLETOE HEART WREATH CREAM,942,3835.9800000000005,4.2041379310344835,2011-04-26,2011-12-08,115,5,11.214285714285714,0.0064516129032258064,4.149779735682819,930.0,6.0,924.0,227
23132,SMALL IVORY HEART WALL ORGANISER,1020,5138.6,6.2221710526315785,2011-04-19,2011-12-08,152,4,9.714285714285714,0.0038684719535783366,4.358974358974359,1034.0,4.0,1030.0,234
23133,LARGE IVORY HEART WALL ORGANISER,782,5525.4,9.162451612903226,2011-04-20,2011-12-08,155,4,7.308411214953271,0.0012787723785166241,3.356223175965665,782.0,1.0,781.0,233
23134,LARGE ZINC HEART WALL ORGANISER,1065,6431.110000000001,7.9068421052631574,2011-04-20,2011-09-18,38,2,30.428571428571427,0.0,7.006578947368421,1173.0,0.0,1173.0,152
23135,SMALL ZINC HEART WALL ORGANISER,1541,5416.18,5.675777777777777,2011-04-19,2011-12-08,45,1,40.55263157894737,0.0,6.585470085470085,1642.0,0.0,1642.0,234
23136,IVORY WIRE SWEETHEART LETTER TRAY,135,511.89,4.034081632653061,2011-04-21,2011-12-06,49,3,3.2142857142857144,0.0,0.5869565217391305,135.0,0.0,135.0,230
23137,ZINC WIRE SWEETHEART LETTER TRAY,83,275.62,3.9765217391304346,2011-04-21,2011-12-07,23,2,3.9523809523809526,0.0,0.3593073593073593,83.0,0.0,83.0,231
23138,SINGLE WIRE HOOK IVORY HEART,879,1231.51,1.5985714285714285,2011-04-21,2011-12-05,82,3,14.40983606557377,0.013574660633484163,3.8384279475982535,884.0,12.0,872.0,229
23139,SINGLE WIRE HOOK PINK HEART,414,528.6999999999999,1.6128571428571428,2011-04-21,2011-12-07,27,2,15.923076923076923,0.02891566265060241,1.7922077922077921,415.0,12.0,403.0,231
23140,TRIPLE WIRE HOOK IVORY HEART,182,766.1,4.535769230769231,2011-04-19,2011-11-13,52,2,4.136363636363637,0.06593406593406594,0.8708133971291866,182.0,12.0,170.0,209
23141,TRIPLE WIRE HOOK PINK HEART,79,272.91,4.2404,2011-04-19,2011-12-09,25,2,3.2916666666666665,0.0,0.33617021276595743,79.0,0.0,79.0,235
23142,IVORY WIRE KITCHEN ORGANISER,121,1220.8200000000002,11.11675,2011-04-21,2011-11-27,40,5,4.033333333333333,0.01652892561983471,0.5475113122171946,121.0,2.0,119.0,221
23143,ZINC WIRE KITCHEN ORGANISER,30,239.97,9.929375,2011-05-04,2011-12-09,16,3,2.142857142857143,0.0,0.13636363636363635,30.0,0.0,30.0,220
23144,ZINC T-LIGHT HOLDER STARS SMALL,5089,4197.83,0.9436727272727272,2011-04-21,2011-12-08,274,10,35.58741258741259,0.008646099430143446,21.935344827586206,5089.0,44.0,5045.0,232
23145,ZINC T-LIGHT HOLDER STAR LARGE,2084,1979.4799999999998,1.0791764705882354,2011-04-21,2011-12-09,169,10,18.607142857142858,0.00527831094049904,8.944206008583691,2084.0,11.0,2073.0,233
23146,TRIPLE HOOK ANTIQUE IVORY ROSE,798,2645.26,3.5144155844155844,2011-04-19,2011-12-05,227,8,6.435483870967742,0.062421972534332085,3.4545454545454546,801.0,50.0,751.0,231
23147,SINGLE ANTIQUE ROSE HOOK IVORY,1868,2752.2,1.5256226415094338,2011-04-21,2011-12-08,261,9,13.43884892086331,0.008021390374331552,8.051724137931034,1870.0,15.0,1855.0,232
23148,MINIATURE ANTIQUE ROSE HOOK IVORY,2139,1816.31,0.9133858267716536,2011-04-21,2011-12-08,247,10,16.453846153846154,0.006063432835820896,9.219827586206897,2144.0,13.0,2131.0,232
23149,ANTIQUE IVORY WIRE BOWL SMALL,99,251.45000000000002,2.7252380952380952,2011-05-03,2011-11-29,21,2,5.2105263157894735,0.1111111111111111,0.46919431279620855,99.0,11.0,88.0,211
23150,IVORY SWEETHEART SOAP DISH,148,390.75000000000006,2.9436734693877553,2011-04-21,2011-12-05,49,5,3.441860465116279,0.006756756756756757,0.6462882096069869,148.0,1.0,147.0,229
23151,ZINC SWEETHEART SOAP DISH,61,114.33000000000001,2.2395238095238095,2011-05-05,2011-12-09,21,1,3.210526315789474,0.0,0.2785388127853881,62.0,0.0,62.0,219
23152,IVORY SWEETHEART WIRE LETTER RACK ,554,2080.65,3.9519374999999997,2011-04-20,2011-12-04,159,4,4.990990990990991,0.013084112149532711,2.4192139737991267,535.0,7.0,528.0,229
23153,ZINC SWEETHEART WIRE LETTER RACK,263,1020.69,4.236666666666666,2011-04-18,2011-12-08,90,2,3.704225352112676,0.015209125475285171,1.1191489361702127,263.0,4.0,259.0,235
23154,SET OF 4 JAM JAR MAGNETS,2701,5842.88,2.2075000000000005,2011-03-25,2011-12-07,235,16,18.627586206896552,0.02232796486090776,10.468992248062015,2732.0,61.0,2671.0,258
23155,KNICKERBOCKERGLORY MAGNET ASSORTED ,2221,1904.77,1.472074074074074,2011-03-25,2011-12-08,135,12,24.406593406593405,0.07864122847836202,8.575289575289576,2149.0,169.0,1980.0,259
23156,SET OF 5 MINI GROCERY MAGNETS,1665,3423.29,2.261497584541063,2011-03-25,2011-12-08,205,13,13.0078125,0.014354066985645933,6.428571428571429,1672.0,24.0,1648.0,259
23157,SET OF 6 NATIVITY MAGNETS ,2557,5143.06,2.361597633136095,2011-03-31,2011-12-05,163,11,30.80722891566265,0.07941760423560557,10.228,3022.0,240.0,2782.0,250
23158,SET OF 5 LUCKY CAT MAGNETS ,2633,5513.83,2.674823529411765,2011-03-25,2011-12-09,255,11,18.807142857142857,0.022770398481973434,10.126923076923077,2635.0,60.0,2575.0,260
23159,SET OF 5 PANCAKE DAY MAGNETS,2293,4713.52,2.3199107142857143,2011-03-25,2011-11-28,223,19,16.73722627737226,0.011251125112511251,9.208835341365463,2222.0,25.0,2197.0,249
23160,REGENCY TEA SPOON,1450,1794.48,1.4881578947368421,2011-05-03,2011-12-08,76,8,22.65625,0.004103967168262654,6.590909090909091,1462.0,6.0,1456.0,220
23161,REGENCY CAKE FORK,1715,2145.3,1.593061224489796,2011-05-03,2011-12-08,98,7,22.56578947368421,0.006997084548104956,7.795454545454546,1715.0,12.0,1703.0,220
23162,REGENCY TEA STRAINER,1412,5143.6900000000005,4.422272727272728,2011-04-27,2011-12-08,176,9,13.19626168224299,0.0,6.247787610619469,1412.0,0.0,1412.0,226
23163,REGENCY SUGAR TONGS,1832,4515.22,3.329234449760766,2011-04-27,2011-12-08,209,7,13.878787878787879,0.030021834061135372,8.106194690265486,1832.0,55.0,1777.0,226
23164,REGENCY CAKE SLICE,578,2718.65,5.579673913043479,2011-05-03,2011-12-08,92,8,8.027777777777779,0.0017301038062283738,2.6272727272727274,578.0,1.0,577.0,220
23165,LARGE CERAMIC TOP STORAGE JAR,3114,5141.0599999999995,1.9777738515901062,2011-05-12,2011-12-09,280,9,23.770992366412212,0.0327132777421424,14.68867924528302,3118.0,102.0,3016.0,212
23166,MEDIUM CERAMIC TOP STORAGE JAR,78033,81700.92000000001,1.46848,2011-01-18,2011-12-09,247,10,624.264,0.9546473927697257,239.36503067484662,78033.0,74494.0,3539.0,326
23167,SMALL CERAMIC TOP STORAGE JAR ,5847,4476.009999999999,1.0025210084033613,2011-05-11,2011-12-09,231,11,46.039370078740156,0.08978963571062083,27.450704225352112,5847.0,525.0,5322.0,213
23168,CLASSIC SUGAR DISPENSER,3291,4558.67,1.777485380116959,2011-05-12,2011-12-09,337,8,22.541095890410958,0.016403402187120292,15.523584905660377,3292.0,54.0,3238.0,212
23169,CLASSIC GLASS SWEET JAR,1556,6662.84,4.724095238095239,2011-05-12,2011-12-06,314,9,10.585034013605442,0.06997742663656885,7.444976076555024,1329.0,93.0,1236.0,209
23170,REGENCY TEA PLATE ROSES ,6857,11097.249999999998,2.075707865168539,2011-05-10,2011-12-09,445,15,43.39873417721519,0.10452758771291308,32.04205607476636,6869.0,718.0,6151.0,214
23171,REGENCY TEA PLATE GREEN ,6247,10051.99,2.128433420365535,2011-05-10,2011-12-09,381,14,40.564935064935064,0.015527453177525212,29.19158878504673,6247.0,97.0,6150.0,214
23172,REGENCY TEA PLATE PINK,3861,6344.409999999999,2.06783606557377,2011-05-10,2011-12-09,305,14,27.776978417266186,0.02634978041849651,18.042056074766354,3871.0,102.0,3769.0,214
23173,REGENCY TEAPOT ROSES ,2766,24879.13,11.119714964370546,2011-05-10,2011-12-09,416,17,17.074074074074073,0.018772563176895306,12.925233644859814,2770.0,52.0,2718.0,214
23174,REGENCY SUGAR BOWL GREEN,3055,12342.43,4.795123456790124,2011-05-10,2011-12-08,322,18,21.363636363636363,0.028786391887471376,14.342723004694836,3057.0,88.0,2969.0,213
23175,REGENCY MILK JUG PINK ,3160,9587.15,3.8787915407854987,2011-05-10,2011-12-09,329,15,23.40740740740741,0.025624599615631006,14.766355140186915,3122.0,80.0,3042.0,214
23176,ABC TREASURE BOOK BOX ,2165,4693.08,2.663215859030837,2011-03-02,2011-12-08,226,17,15.246478873239436,0.02076603599446239,7.677304964539007,2167.0,45.0,2122.0,282
23177,TREASURE ISLAND BOOK BOX,2532,5521.29,2.702074074074074,2011-03-02,2011-12-09,267,16,16.441558441558442,0.007889546351084813,8.946996466431095,2535.0,20.0,2515.0,283
23178,JAM CLOCK MAGNET,327,936.89,3.360294117647059,2011-03-03,2011-12-09,68,9,5.5423728813559325,0.015151515151515152,1.1595744680851063,330.0,5.0,325.0,282
23179,CLOCK MAGNET MUM'S KITCHEN,324,930.48,3.5243396226415094,2011-03-03,2011-12-08,53,8,7.2,0.0,1.1530249110320285,324.0,0.0,324.0,281
23180,MUM'S KITCHEN CLOCK,122,621.09,5.939387755102041,2011-03-04,2011-12-08,49,5,2.7111111111111112,0.00819672131147541,0.4357142857142857,122.0,1.0,121.0,280
23181,BULL DOG BOTTLE TOP WALL CLOCK,201,1733.57,9.421463414634145,2011-03-08,2011-12-09,82,5,2.9558823529411766,0.01990049751243781,0.7256317689530686,201.0,4.0,197.0,277
23182,TOILET SIGN OCCUPIED OR VACANT,3741,3688.2099999999996,1.5304347826086955,2011-03-01,2011-12-09,433,5,19.793650793650794,0.003706645485835319,13.172535211267606,3777.0,14.0,3763.0,284
23183,MOTHER'S KITCHEN SPOON REST ,226,967.17,4.879411764705883,2011-03-03,2011-12-09,84,7,3.373134328358209,0.035398230088495575,0.8014184397163121,226.0,8.0,218.0,282
23184,BULL DOG BOTTLE OPENER,874,4764.5,6.4533082706766915,2011-03-06,2011-12-09,264,9,5.712418300653595,0.014874141876430207,3.132616487455197,874.0,13.0,861.0,279
23185,FRENCH STYLE STORAGE JAR JAM,317,114.85,0.3516129032258064,2011-03-04,2011-12-06,30,2,11.321428571428571,0.0030959752321981426,1.1402877697841727,323.0,1.0,322.0,278
23186,FRENCH STYLE STORAGE JAR CAFE ,1982,819.4599999999999,0.3409859154929577,2011-03-08,2011-12-07,70,5,36.03636363636364,0.006054490413723511,7.207272727272727,1982.0,12.0,1970.0,275
23187,FRENCH STYLE STORAGE JAR BONBONS,2338,695.06,0.3154666666666667,2011-03-08,2011-11-03,74,7,43.2962962962963,0.01625659050966608,9.701244813278008,2276.0,37.0,2239.0,241
23188,VINTAGE  2 METER FOLDING RULER,3471,6447.7699999999995,1.934985163204748,2011-06-14,2011-12-09,333,7,27.330708661417322,0.004031097034264325,19.391061452513966,3473.0,14.0,3459.0,179
23189,SET OF 12 FORK CANDLES,1249,3507.51,3.3956338028169015,2011-08-03,2011-12-08,141,8,15.810126582278482,0.0008006405124099279,9.7578125,1249.0,1.0,1248.0,128
23190,BUNDLE OF 3 SCHOOL EXERCISE BOOKS  ,1702,2761.8999999999996,1.7966009852216749,2011-05-09,2011-12-09,202,8,14.183333333333334,0.0011750881316098707,7.916279069767442,1702.0,2.0,1700.0,215
23191,BUNDLE OF 3 RETRO NOTE BOOKS,2201,3628.8899999999994,1.8722996515679444,2011-05-10,2011-12-09,281,9,15.391608391608392,0.001352569882777277,10.285046728971963,2218.0,3.0,2215.0,214
23192,BUNDLE OF 3 ALPHABET EXERCISE BOOKS,3516,6114.24,1.7743304843304841,2011-05-10,2011-12-08,345,11,23.13157894736842,0.0008491367110104727,16.507042253521128,3533.0,3.0,3530.0,213
23193,BUFFALO BILL TREASURE BOOK BOX,1922,4079.28,2.730571428571429,2011-03-02,2011-12-09,175,11,15.884297520661157,0.010362694300518135,6.791519434628976,1930.0,20.0,1910.0,283
23194,GYMKHANNA TREASURE BOOK BOX,1835,4077.37,2.71331797235023,2011-03-02,2011-12-09,214,12,14.007633587786259,0.02011963023382273,6.4840989399293285,1839.0,37.0,1802.0,283
23196,RETRO LEAVES MAGNETIC NOTEPAD,1872,2842.24,1.7964473684210527,2011-06-23,2011-12-09,298,11,15.864406779661017,0.006885593220338983,11.011764705882353,1888.0,13.0,1875.0,170
23197,SKETCHBOOK MAGNETIC SHOPPING LIST,1478,2303.5,1.95224,2011-06-23,2011-12-09,249,9,12.964912280701755,0.01675603217158177,8.694117647058823,1492.0,25.0,1467.0,170
23198,PANTRY MAGNETIC  SHOPPING LIST,3342,5062.599999999999,1.7995876288659793,2011-06-22,2011-12-09,475,15,23.87142857142857,0.019127316198445904,19.54385964912281,3346.0,64.0,3282.0,171
23199,JUMBO BAG APPLES,14908,30450.690000000002,2.5699290060851925,2011-04-11,2011-12-09,978,15,75.29292929292929,0.04845844504021448,61.349794238683124,14920.0,723.0,14197.0,243
23200,JUMBO BAG PEARS,7067,14188.960000000001,2.4302508361204014,2011-05-06,2011-12-09,595,13,39.26111111111111,0.018686375679821503,32.41743119266055,7171.0,134.0,7037.0,218
23201,JUMBO BAG ALPHABET,13366,27850.83,2.3900109769484086,2011-04-11,2011-12-09,906,17,67.5050505050505,0.04439793706555049,55.00411522633745,13379.0,594.0,12785.0,243
23202,JUMBO BAG VINTAGE LEAF,10941,21810.43,2.2962302483069976,2011-05-06,2011-12-09,879,11,59.46195652173913,0.021876694991864037,50.18807339449541,11062.0,242.0,10820.0,218
23203,JUMBO BAG DOILEY PATTERNS,20485,42030.340000000004,2.275764895330113,2011-05-06,2011-12-09,1231,15,111.93989071038251,0.028636606319468037,93.96788990825688,20603.0,590.0,20013.0,218
23204,CHARLOTTE BAG APPLES DESIGN,7976,7741.94,1.1219453924914675,2011-04-11,2011-12-09,583,11,42.88172043010753,0.02331995987963892,32.82304526748971,7976.0,186.0,7790.0,243
23205,CHARLOTTE BAG VINTAGE ALPHABET ,5857,5726.38,1.1491063829787236,2011-04-11,2011-12-09,467,10,33.27840909090909,0.03259941969619389,24.102880658436213,5859.0,191.0,5668.0,243
23206,LUNCH BAG APPLE DESIGN,12147,20852.579999999998,2.0589553656220323,2011-04-11,2011-12-09,1036,18,61.34848484848485,0.004842813756874333,49.98765432098765,12183.0,59.0,12124.0,243
23207,LUNCH BAG ALPHABET DESIGN,7830,13325.55,1.9909656084656082,2011-04-11,2011-12-09,740,13,39.94897959183673,0.05706279454846516,32.22222222222222,7851.0,448.0,7403.0,243
23208,LUNCH BAG VINTAGE LEAF DESIGN,6308,10441.91,1.9362038404726736,2011-04-12,2011-12-09,668,13,33.2,0.01151056449069694,26.06611570247934,6342.0,73.0,6269.0,242
23209,LUNCH BAG DOILEY PATTERN ,13170,21418.82,1.8247576301615798,2011-05-08,2011-12-08,1098,16,72.76243093922652,0.0030100082775227632,61.25581395348837,13289.0,40.0,13249.0,215
23210,WHITE ROCKING HORSE HAND PAINTED,2849,3551.53,1.4668316831683168,2011-06-02,2011-12-09,192,13,32.747126436781606,0.06891798759476224,14.916230366492147,2902.0,200.0,2702.0,191
23211,RED ROCKING HORSE HAND PAINTED,2329,2930.57,1.5651851851851852,2011-06-02,2011-12-08,160,10,28.402439024390244,0.010296010296010296,12.257894736842106,2331.0,24.0,2307.0,190
23212,HEART WREATH DECORATION WITH BELL,2296,2860.89,1.4950261780104712,2011-06-02,2011-12-09,186,7,25.797752808988765,0.02608695652173913,12.020942408376964,2300.0,60.0,2240.0,191
23213,STAR WREATH DECORATION WITH BELL,1682,2138.42,1.4865806451612902,2011-06-02,2011-12-09,152,8,21.844155844155843,0.0071301247771836,8.806282722513089,1683.0,12.0,1671.0,191
23214,JINGLE BELL HEART ANTIQUE GOLD,789,1695.04,2.3925961538461538,2011-06-01,2011-12-08,103,6,11.954545454545455,0.0,4.130890052356021,794.0,0.0,794.0,191
23215,JINGLE BELL HEART ANTIQUE SILVER,3564,7038.400000000001,2.2615962441314554,2011-06-01,2011-12-09,210,4,38.32258064516129,0.0336417157275021,18.5625,3567.0,120.0,3447.0,192
23216,LAUREL HEART ANTIQUE GOLD,525,630.73,1.446888888888889,2011-06-02,2011-12-08,44,2,13.461538461538462,0.0,2.763157894736842,525.0,0.0,525.0,190
23217,LAUREL HEART ANTIQUE SILVER,1309,1613.82,1.5415151515151517,2011-06-02,2011-12-06,97,1,19.833333333333332,0.0,6.962765957446808,1309.0,0.0,1309.0,188
23218,LAUREL STAR ANTIQUE GOLD,379,483.03,1.57225,2011-07-18,2011-12-08,40,3,11.484848484848484,0.0,2.6319444444444446,379.0,0.0,379.0,144
23219,LAUREL STAR ANTIQUE SILVER ,430,568.6,1.52765625,2011-06-02,2011-12-08,61,3,9.772727272727273,0.0,2.263157894736842,430.0,0.0,430.0,190
23220,REINDEER HEART DECORATION GOLD,993,869.15,1.0827884615384615,2011-06-09,2011-12-09,103,4,16.55,0.012072434607645875,5.396739130434782,994.0,12.0,982.0,184
23221,REINDEER HEART DECORATION SILVER,1536,1363.04,1.0762416107382549,2011-05-31,2011-12-08,145,8,19.948051948051948,0.03773584905660377,8.0,1537.0,58.0,1479.0,192
23222,CHRISTMAS TREE HANGING GOLD,799,718.53,1.0467532467532468,2011-06-23,2011-12-08,75,4,15.666666666666666,0.030037546933667083,4.727810650887574,799.0,24.0,775.0,169
23223,CHRISTMAS TREE HANGING SILVER ,801,750.1899999999999,1.089438202247191,2011-06-23,2011-12-08,88,2,14.052631578947368,0.014943960149439602,4.739644970414201,803.0,12.0,791.0,169
23224,CHERUB HEART DECORATION GOLD,738,649.02,1.0394366197183098,2011-06-02,2011-12-09,71,4,15.375,0.018970189701897018,3.863874345549738,738.0,14.0,724.0,191
23225,CHERUB HEART DECORATION SILVER ,1355,1176.1699999999998,1.0939772727272727,2011-06-02,2011-12-08,88,5,22.21311475409836,0.061946902654867256,7.131578947368421,1356.0,84.0,1272.0,190
23226,FILIGREE HEART DAISY WHITE,1247,1596.67,1.5736363636363635,2011-05-31,2011-12-05,98,6,17.08219178082192,0.038492381716118684,6.597883597883598,1247.0,48.0,1199.0,189
23227,FILIGREE HEART BUTTERFLY WHITE ,1642,2070.06,1.5737606837606837,2011-05-26,2011-12-08,117,4,18.65909090909091,0.0036540803897685747,8.33502538071066,1642.0,6.0,1636.0,197
23228,FILIGREE HEART BIRD WHITE ,1492,1960.0,1.7907142857142857,2011-05-26,2011-12-08,125,4,17.97590361445783,0.09651474530831099,7.573604060913706,1492.0,144.0,1348.0,197
23229,VINTAGE DONKEY TAIL GAME ,1869,6739.71,4.2430078125,2011-06-14,2011-12-09,256,14,16.252173913043478,0.005885500267522739,10.441340782122905,1869.0,11.0,1858.0,179
23230,WRAP ALPHABET DESIGN,7976,3217.92,0.41736170212765955,2011-01-13,2011-12-08,235,12,52.473684210526315,0.009373828271466067,24.169696969696968,8001.0,75.0,7926.0,330
23231,WRAP DOILEY DESIGN,7277,3008.34,0.41907692307692307,2011-01-12,2011-12-08,260,19,43.83734939759036,0.0,21.98489425981873,7277.0,0.0,7277.0,331
23232,WRAP VINTAGE PETALS  DESIGN,8526,3436.92,0.417489539748954,2011-01-17,2011-12-08,238,8,55.36363636363637,0.005912357987479713,26.153374233128833,8626.0,51.0,8575.0,326
23233,WRAP POPPIES  DESIGN,5175,2105.5,0.41861635220125787,2011-01-16,2011-12-08,158,6,46.62162162162162,0.004830917874396135,15.825688073394495,5175.0,25.0,5150.0,327
23234,BISCUIT TIN VINTAGE CHRISTMAS,1722,5079.78,3.3792086330935254,2011-06-14,2011-12-09,277,12,15.79816513761468,0.00824317362184441,9.620111731843576,1941.0,16.0,1925.0,179
23235,STORAGE TIN VINTAGE LEAF,736,1950.66,2.9825714285714287,2011-06-08,2011-12-09,105,9,10.366197183098592,0.018944519621109608,3.9783783783783786,739.0,14.0,725.0,185
23236,DOILEY STORAGE TIN,2493,7059.97,3.2796969696969698,2011-06-08,2011-12-08,327,20,19.944,0.01315265045834994,13.548913043478262,2509.0,33.0,2476.0,184
23237,SET OF 4 KNICK KNACK TINS LEAVES ,1053,4274.39,4.251129943502825,2011-06-08,2011-12-09,177,12,10.223300970873787,0.016129032258064516,5.691891891891892,1054.0,17.0,1037.0,185
23238,SET OF 4 KNICK KNACK TINS LONDON ,1849,7771.610000000001,4.752158273381295,2011-06-07,2011-12-09,274,13,14.007575757575758,0.008592910848549946,9.940860215053764,1862.0,16.0,1846.0,186
23239,SET OF 4 KNICK KNACK TINS POPPIES,842,3353.84,4.393646408839779,2011-06-08,2011-12-09,178,11,8.505050505050505,0.032825322391559206,4.551351351351351,853.0,28.0,825.0,185
23240,SET OF 4 KNICK KNACK TINS DOILEY ,4177,17000.170000000002,4.445494505494506,2011-06-07,2011-12-09,536,24,27.123376623376622,0.011944577161968466,22.456989247311828,4186.0,50.0,4136.0,186
23241,TREASURE TIN GYMKHANA DESIGN,2165,4669.55,2.4851092896174864,2011-06-08,2011-12-09,363,16,15.246478873239436,0.003205128205128205,11.702702702702704,2184.0,7.0,2177.0,185
23242,TREASURE TIN BUFFALO BILL ,1470,3024.63,2.2825345622119815,2011-06-08,2011-12-08,214,13,12.894736842105264,0.018292682926829267,7.989130434782608,1476.0,27.0,1449.0,184
23243,SET OF TEA COFFEE SUGAR TINS PANTRY,4800,23489.420000000002,5.866072186836518,2011-06-08,2011-12-09,470,20,32.0,0.024349635796045786,25.945945945945947,4805.0,117.0,4688.0,185
23244,ROUND STORAGE TIN VINTAGE LEAF,936,1733.9799999999998,2.089642857142857,2011-06-08,2011-12-08,112,11,11.555555555555555,0.009615384615384616,5.086956521739131,936.0,9.0,927.0,184
23245,SET OF 3 REGENCY CAKE TINS,6345,31118.550000000003,5.883424657534246,2011-06-08,2011-12-09,873,24,40.67307692307692,0.014157621519584709,34.2972972972973,6357.0,90.0,6267.0,185
23247,BISCUIT TIN 50'S CHRISTMAS,2194,6681.25,3.2880906148867313,2011-06-08,2011-12-09,309,13,20.895238095238096,0.02085222121486854,11.85945945945946,2206.0,46.0,2160.0,185
23249,VINTAGE RED ENAMEL TRIM PLATE,842,1426.1,1.8880246913580248,2011-06-14,2011-12-07,81,7,14.517241379310345,0.06440281030444965,4.757062146892656,854.0,55.0,799.0,177
23250,VINTAGE RED TRIM ENAMEL BOWL ,1179,1531.03,1.4680909090909091,2011-06-14,2011-12-08,110,9,15.513157894736842,0.10262934690415607,6.623595505617978,1179.0,121.0,1058.0,178
23251,VINTAGE RED ENAMEL TRIM MUG ,1712,2105.75,1.4126666666666667,2011-06-14,2011-12-09,120,6,20.38095238095238,0.033858727378867484,9.564245810055866,1713.0,58.0,1655.0,179
23252,VINTAGE RED ENAMEL TRIM JUG ,603,2261.61,4.0390579710144925,2011-06-12,2011-12-08,138,8,6.7,0.054365733113673806,3.35,607.0,33.0,574.0,180
23253,16 PIECE CUTLERY SET PANTRY DESIGN,258,3848.8599999999997,17.148857142857143,2011-04-18,2011-12-08,70,9,4.607142857142857,0.007751937984496124,1.097872340425532,258.0,2.0,256.0,235
23254,CHILDRENS CUTLERY DOLLY GIRL ,1703,6903.110000000001,4.267142857142858,2011-04-07,2011-12-09,299,22,11.353333333333333,0.011695906432748537,6.894736842105263,1710.0,20.0,1690.0,247
23255,CHILDRENS CUTLERY CIRCUS PARADE,1014,4097.22,4.346962025316456,2011-04-10,2011-12-09,158,17,9.657142857142857,0.008866995073891626,4.155737704918033,1015.0,9.0,1006.0,244
23256,CHILDRENS CUTLERY SPACEBOY ,2113,8667.07,4.463064516129032,2011-04-07,2011-12-09,368,20,12.284883720930232,0.04160756501182033,8.554655870445345,2115.0,88.0,2027.0,247
23263,SET OF 3 WOODEN HEART DECORATIONS,3863,5147.19,1.4479957805907173,2011-06-02,2011-12-08,445,11,28.404411764705884,0.012072951451322887,20.33157894736842,3893.0,47.0,3846.0,190
23264,SET OF 3 WOODEN SLEIGH DECORATIONS,1963,2690.81,1.496592356687898,2011-06-09,2011-12-09,299,12,18.875,0.000508646998982706,10.668478260869565,1966.0,1.0,1965.0,184
23265,SET OF 3 WOODEN TREE DECORATIONS,1769,2404.79,1.4839016393442621,2011-06-09,2011-12-09,293,9,17.174757281553397,0.008408071748878924,9.61413043478261,1784.0,15.0,1769.0,184
23266,SET OF 3 WOODEN STOCKING DECORATION,2053,2743.82,1.454005934718101,2011-06-09,2011-12-09,319,9,19.00925925925926,0.005813953488372093,11.157608695652174,2064.0,12.0,2052.0,184
23267,SET OF 4 SANTA PLACE SETTINGS,1202,1531.95,1.4116216216216215,2011-06-23,2011-12-08,108,10,16.929577464788732,0.03993344425956739,7.112426035502959,1202.0,48.0,1154.0,169
23268,SET OF 2 CERAMIC CHRISTMAS REINDEER,1447,2018.1399999999999,1.6910112359550562,2011-06-12,2011-11-20,89,11,27.826923076923077,0.03,8.932098765432098,400.0,12.0,388.0,162
23269,SET OF 2 CERAMIC CHRISTMAS TREES,779,1152.98,1.7109473684210526,2011-06-12,2011-12-08,94,6,13.203389830508474,-0.0,4.3277777777777775,-654.0,0.0,-654.0,180
23270,SET OF 2 CERAMIC PAINTED HEARTS ,1174,1646.32,1.501171875,2011-06-02,2011-12-09,125,9,14.317073170731707,-0.0037476577139287947,6.146596858638744,-1601.0,6.0,-1607.0,191
23271,CHRISTMAS TABLE CANDLE SILVER SPIKE,1731,1496.8899999999999,1.0537735849056602,2011-06-13,2011-12-08,104,8,29.338983050847457,0.0,9.670391061452515,1734.0,0.0,1734.0,179
23272,TREE T-LIGHT HOLDER WILLIE WINKIE,364,562.2199999999999,1.916818181818182,2011-06-22,2011-12-09,44,4,11.030303030303031,0.0,2.128654970760234,364.0,0.0,364.0,171
23273,HEART T-LIGHT HOLDER WILLIE WINKIE,969,1649.0499999999997,1.8786725663716815,2011-06-05,2011-12-08,112,8,13.094594594594595,0.0041279669762641896,5.181818181818182,969.0,4.0,965.0,187
23274,STAR T-LIGHT HOLDER WILLIE WINKIE,1180,2004.9999999999998,2.0156666666666667,2011-06-05,2011-12-09,119,6,16.857142857142858,0.00253592561284869,6.276595744680851,1183.0,3.0,1180.0,188
23275,SET OF 3 HANGING OWLS OLLIE BEAK,3720,4521.72,1.4738323353293412,2011-06-02,2011-12-09,325,11,30.0,0.020538810349426513,19.476439790575917,3749.0,77.0,3672.0,191
23280,FOLDING BUTTERFLY MIRROR HOT PINK ,2023,1614.16,1.0603164556962026,2011-05-09,2011-12-09,157,10,18.73148148148148,0.0009881422924901185,9.409302325581395,2024.0,2.0,2022.0,215
23281,FOLDING BUTTERFLY MIRROR RED  ,1280,1000.82,0.9803846153846153,2011-05-10,2011-12-08,101,9,16.0,0.0,6.009389671361502,1280.0,0.0,1280.0,213
23282,FOLDING BUTTERFLY MIRROR IVORY ,812,757.86,1.255912408759124,2011-05-09,2011-12-05,135,6,8.923076923076923,0.0,3.8483412322274884,812.0,0.0,812.0,211
23283,DOORMAT VINTAGE LEAVES DESIGN ,994,7003.38,8.65824034334764,2011-04-27,2011-12-08,233,9,9.119266055045872,0.006923837784371909,4.398230088495575,1011.0,7.0,1004.0,226
23284,DOORMAT KEEP CALM AND COME IN,5487,38133.64,8.776284153005465,2011-04-27,2011-12-09,728,15,38.104166666666664,0.04099107305520131,24.17180616740088,5489.0,225.0,5264.0,227
23285,PINK VINTAGE SPOT BEAKER,4807,4572.41,1.06703125,2011-06-12,2011-12-09,191,14,45.34905660377358,0.00041605991262741833,26.558011049723756,4807.0,2.0,4805.0,181
23286,BLUE VINTAGE SPOT BEAKER,5048,4747.62,1.03009009009009,2011-06-12,2011-12-08,222,14,43.14529914529915,0.009706814580031696,28.044444444444444,5048.0,49.0,4999.0,180
23287,RED VINTAGE SPOT BEAKER,1879,1603.3899999999999,1.03395,2011-06-13,2011-12-09,198,13,17.560747663551403,0.026969857218402962,10.438888888888888,1891.0,51.0,1840.0,180
23288,GREEN VINTAGE SPOT BEAKER,4625,4444.2300000000005,1.0418817204301074,2011-06-12,2011-12-08,185,12,42.43119266055046,0.00394563787812363,25.694444444444443,4562.0,18.0,4544.0,180
23289,DOLLY GIRL CHILDRENS BOWL,1622,2013.7,1.5367708333333334,2011-06-13,2011-12-08,191,14,15.158878504672897,0.007398273736128237,9.061452513966481,1622.0,12.0,1610.0,179
23290,SPACEBOY CHILDRENS BOWL,2430,2890.3500000000004,1.4357009345794394,2011-06-13,2011-12-09,214,14,20.593220338983052,0.004103405826836274,13.5,2437.0,10.0,2427.0,180
23291,DOLLY GIRL CHILDRENS CUP,1634,2059.03,1.5237244897959183,2011-06-13,2011-12-08,195,15,15.12962962962963,0.0061162079510703364,9.128491620111731,1635.0,10.0,1625.0,179
23292,SPACE BOY CHILDRENS CUP,2181,2703.33,1.5313004484304933,2011-06-13,2011-12-09,222,15,18.483050847457626,0.009624197983501375,12.116666666666667,2182.0,21.0,2161.0,180
23293,SET OF 12 FAIRY CAKE BAKING CASES,8471,6989.54,1.0651805054151624,2011-07-12,2011-12-09,552,18,66.1796875,0.0037709168041480086,56.09933774834437,8486.0,32.0,8454.0,151
23294,SET OF 6 SNACK LOAF BAKING CASES,4392,3607.81,1.089776536312849,2011-07-12,2011-12-09,354,15,37.220338983050844,0.0029411764705882353,29.08609271523179,4420.0,13.0,4407.0,151
23295,SET OF 12 MINI LOAF BAKING CASES,6134,5073.45,1.1117555555555554,2011-07-12,2011-12-09,444,15,48.2992125984252,0.0021172638436482085,40.62251655629139,6140.0,13.0,6127.0,151
23296,SET OF 6 TEA TIME BAKING CASES,4979,5985.55,1.524240837696335,2011-07-12,2011-12-08,378,16,41.14876033057851,0.005420598273439069,33.193333333333335,4981.0,27.0,4954.0,150
23297,SET 40 HEART SHAPE PETIT FOUR CASES,4303,6792.23,1.8389570552147239,2011-07-12,2011-11-22,161,14,74.1896551724138,0.006042296072507553,32.11194029850746,4303.0,26.0,4277.0,134
23298,SPOTTY BUNTING,8466,43148.18,5.519121447028423,2011-05-04,2011-12-09,1146,16,45.76216216216216,0.012725590004627488,38.481818181818184,8644.0,110.0,8534.0,220
23299,FOOD COVER WITH BEADS SET 2 ,1012,3772.88,4.370479452054795,2011-05-04,2011-12-09,146,9,10.881720430107526,0.007881773399014778,4.6,1015.0,8.0,1007.0,220
23300,GARDENERS KNEELING PAD CUP OF TEA ,6809,11785.99,1.9087597911227152,2011-05-15,2011-12-09,758,6,39.132183908045974,0.022264537864362093,32.578947368421055,6827.0,152.0,6675.0,209
23301,GARDENERS KNEELING PAD KEEP CALM ,8807,16327.349999999999,1.9439673913043478,2011-05-15,2011-12-09,913,9,50.61494252873563,0.012917847025495751,42.13875598086124,8825.0,114.0,8711.0,209
23302,KNEELING MAT HOUSEWORK  DESIGN,1536,2181.4199999999996,1.8876394849785407,2011-05-15,2011-12-09,230,5,12.907563025210084,0.023316062176165803,7.349282296650718,1544.0,36.0,1508.0,209
23303,SET 4 PICNIC CUTLERY FONDANT,65,126.75,1.95,2011-10-26,2011-12-05,6,3,10.833333333333334,0.0,1.5853658536585367,65.0,0.0,65.0,41
23304,SET 4 PICNIC CUTLERY CHERRY ,71,138.45,1.9500000000000002,2011-10-30,2011-12-06,9,3,11.833333333333334,0.0,1.868421052631579,71.0,0.0,71.0,38
23305,SET 4 PICNIC CUTLERY BLUEBERRY,82,159.9,1.9500000000000002,2011-10-23,2011-12-06,9,3,10.25,0.0,1.8222222222222222,82.0,0.0,82.0,45
23306,SET OF 36 DOILIES PANTRY DESIGN,2808,4123.38,1.8061290322580643,2011-06-05,2011-12-05,277,13,22.829268292682926,0.002543604651162791,15.26086956521739,2752.0,7.0,2745.0,184
23307,SET OF 60 PANTRY DESIGN CAKE CASES ,12049,6371.89,0.6839469578783152,2011-06-03,2011-12-09,629,19,76.7452229299363,0.007295034402719058,63.415789473684214,12063.0,88.0,11975.0,190
23308,SET OF 60 VINTAGE LEAF CAKE CASES ,6139,3272.61,0.6942159383033419,2011-06-05,2011-12-09,382,13,40.92666666666667,0.0,32.65425531914894,6151.0,0.0,6151.0,188
23309,SET OF 60 I LOVE LONDON CAKE CASES ,8275,4495.85,0.7424170616113744,2011-06-02,2011-12-09,407,8,54.44078947368421,0.01056168987037926,43.324607329842934,8332.0,88.0,8244.0,191
23310,BUBBLEGUM RING ASSORTED,12050,4997.28,0.47804878048780486,2011-06-09,2011-12-09,245,10,97.96747967479675,0.0,65.48913043478261,12050.0,0.0,12050.0,184
23311,VINTAGE CHRISTMAS STOCKING ,2390,6488.2,2.9656772334293944,2011-07-14,2011-12-09,344,12,24.141414141414142,0.006276150627615063,16.040268456375838,2390.0,15.0,2375.0,149
23312,VINTAGE CHRISTMAS GIFT SACK,1423,5964.150000000001,4.452293577981651,2011-07-17,2011-12-09,214,7,15.467391304347826,0.0007022471910112359,9.746575342465754,1424.0,1.0,1423.0,146
23313,VINTAGE CHRISTMAS BUNTING,2990,15798.66,5.548627450980392,2011-07-12,2011-12-09,401,9,28.75,0.004337671004337671,19.801324503311257,2997.0,13.0,2984.0,151
23314,VINTAGE CHRISTMAS TABLECLOTH,407,5012.96,13.607881355932204,2011-07-15,2011-12-09,117,5,5.575342465753424,0.012224938875305624,2.75,409.0,5.0,404.0,148
23315,IVORY REFECTORY CLOCK,213,2094.24,10.776511627906977,2011-06-23,2011-12-08,86,6,3.328125,0.056338028169014086,1.2603550295857988,213.0,12.0,201.0,169
23316,RED REFECTORY CLOCK ,250,2501.64,11.109454545454545,2011-06-23,2011-12-08,110,10,3.125,0.00398406374501992,1.4792899408284024,251.0,1.0,250.0,169
23317,BLUE REFECTORY CLOCK ,173,1777.46,11.226951219512195,2011-06-26,2011-12-09,82,7,2.9322033898305087,0.0,1.035928143712575,174.0,0.0,174.0,167
23318,BOX OF 6 MINI VINTAGE CRACKERS,3809,9162.41,2.7416492146596863,2011-07-04,2011-12-09,376,12,38.86734693877551,0.04408291786932564,23.955974842767297,3811.0,168.0,3643.0,159
23319,BOX OF 6 MINI 50'S CRACKERS,3720,9219.53,2.651167883211679,2011-07-07,2011-12-09,403,15,35.76923076923077,0.03102433805830436,23.846153846153847,3739.0,116.0,3623.0,156
23320,GIANT 50'S CHRISTMAS CRACKER,2661,7053.57,2.805680473372781,2011-07-05,2011-12-09,333,9,27.153061224489797,0.004872563718140929,16.841772151898734,2668.0,13.0,2655.0,158
23321,SMALL WHITE HEART OF WICKER,4716,8438.539999999999,1.7480124223602485,2011-06-09,2011-12-08,629,9,31.026315789473685,0.008233058898036731,25.770491803278688,4737.0,39.0,4698.0,183
23322,LARGE WHITE HEART OF WICKER,3069,8878.210000000001,3.1351398601398603,2011-06-12,2011-12-09,562,6,20.736486486486488,0.020689655172413793,16.955801104972377,3045.0,63.0,2982.0,181
23323,WHITE WICKER STAR ,1469,3146.78,2.251291390728477,2011-06-23,2011-12-09,294,5,12.773913043478261,0.002036659877800407,8.641176470588235,1473.0,3.0,1470.0,170
23324,RUSTIC STRAWBERRY JAMPOT LARGE ,399,816.0400000000001,2.209318181818182,2011-08-05,2011-12-05,44,4,10.783783783783784,0.08771929824561403,3.2439024390243905,399.0,35.0,364.0,123
23325,RUSTIC STRAWBERRY JAMPOT SMALL,462,740.9399999999999,1.8145714285714285,2011-08-11,2011-11-27,35,4,15.4,0.03896103896103896,4.238532110091743,462.0,18.0,444.0,109
23326,HANGING MINI COLOURED BOTTLES,3442,2237.08,2.638026315789473,2011-08-11,2011-12-09,76,7,68.84,0.0,28.446280991735538,3443.0,0.0,3443.0,121
23327,HANGING CLEAR MINI BOTTLE,1734,1051.14,0.7871428571428571,2011-08-10,2011-12-05,41,3,59.793103448275865,0.00461361014994233,14.694915254237289,1734.0,8.0,1726.0,118
23328,SET 6 SCHOOL MILK BOTTLES IN CRATE,2841,13269.49,4.845672371638142,2011-08-08,2011-12-09,405,9,27.057142857142857,0.00281195079086116,22.911290322580644,2845.0,8.0,2837.0,124
23329,DECORATIVE WICKER HEART LARGE,1767,3038.1899999999996,1.7691199999999998,2011-08-07,2011-12-08,233,4,19.0,0.001687289088863892,14.25,1778.0,3.0,1775.0,124
23330,DECORATIVE WICKER HEART MEDIUM,1794,2286.97,1.3630044843049327,2011-08-08,2011-12-08,216,4,19.714285714285715,0.0033259423503325942,14.585365853658537,1804.0,6.0,1798.0,123
23331,DECORATIVE WICKER HEART SMALL,1596,1062.28,0.781578947368421,2011-08-10,2011-12-08,109,2,24.181818181818183,0.0,13.190082644628099,1596.0,0.0,1596.0,121
23332,IVORY WICKER HEART LARGE,2059,3542.7099999999996,1.7616891891891888,2011-08-07,2011-12-09,287,5,21.904255319148938,0.0009633911368015414,16.472,2076.0,2.0,2074.0,125
23333,IVORY WICKER HEART MEDIUM,2089,2695.45,1.3329218106995884,2011-08-08,2011-12-07,233,6,22.956043956043956,0.005687203791469194,17.12295081967213,2110.0,12.0,2098.0,122
23334,IVORY WICKER HEART SMALL,2271,1491.75,0.7883823529411764,2011-08-08,2011-12-09,130,3,31.10958904109589,0.0,18.31451612903226,2271.0,0.0,2271.0,124
23335,EGG FRYING PAN IVORY ,377,790.7800000000001,2.3288659793814435,2011-06-13,2011-12-08,96,5,5.385714285714286,0.031746031746031744,2.106145251396648,378.0,12.0,366.0,179
23336,EGG FRYING PAN PINK ,225,519.25,2.604418604651163,2011-06-13,2011-12-09,85,4,3.6885245901639343,0.0,1.25,226.0,0.0,226.0,180
23337,EGG FRYING PAN MINT ,180,388.75,2.287971014492754,2011-06-13,2011-12-08,69,3,3.5294117647058822,0.0,1.005586592178771,180.0,0.0,180.0,179
23338,EGG FRYING PAN RED ,431,915.4000000000001,2.3390825688073393,2011-06-12,2011-12-09,109,4,6.246376811594203,0.013921113689095127,2.3812154696132595,431.0,6.0,425.0,181
23339,EGG FRYING PAN BLUE ,173,400.84000000000003,2.511578947368421,2011-06-13,2011-12-08,76,4,3.392156862745098,0.0,0.9664804469273743,175.0,0.0,175.0,179
23340,VINTAGE CHRISTMAS CAKE FRILL,2500,4034.08,1.9589473684210525,2011-07-31,2011-12-09,151,3,33.333333333333336,0.0,18.939393939393938,2512.0,0.0,2512.0,132
23341,PINK DINER WALL CLOCK,307,2741.35,9.943057851239669,2011-06-24,2011-12-08,121,11,3.8860759493670884,0.0,1.8273809523809523,308.0,0.0,308.0,168
23342,MINT DINER WALL CLOCK,373,3176.41,8.833496932515336,2011-06-24,2011-12-07,163,10,3.73,0.0026666666666666666,2.2335329341317367,375.0,1.0,374.0,167
23343,JUMBO BAG VINTAGE CHRISTMAS ,6078,13972.710000000001,2.417366255144033,2011-06-13,2011-12-09,476,11,50.65,0.03233504355088892,33.766666666666666,8381.0,271.0,8110.0,180
23344,JUMBO BAG 50'S CHRISTMAS ,10285,23772.07,2.4177423822714683,2011-06-15,2011-12-09,716,12,75.625,0.025422084222782845,57.78089887640449,10306.0,262.0,10044.0,178
23345, DOLLY GIRL BEAKER,2451,2886.25,1.5064204545454545,2011-07-24,2011-12-09,174,11,25.2680412371134,0.0028513238289205704,17.633093525179856,2455.0,7.0,2448.0,139
23346,SPACEBOY BEAKER,2628,3112.34,1.5186559139784948,2011-07-24,2011-12-08,184,12,27.375,0.0022796352583586625,19.043478260869566,2632.0,6.0,2626.0,138
23347,I LOVE LONDON BEAKER,860,1077.3,1.5569387755102042,2011-07-24,2011-12-09,97,7,11.025641025641026,0.03953488372093023,6.18705035971223,860.0,34.0,826.0,139
23348,CHILDRENS TOY COOKING UTENSIL SET,746,1633.81,2.5796470588235296,2011-04-18,2011-11-23,168,8,9.325,0.015415549597855228,3.390909090909091,1492.0,23.0,1469.0,220
23349,ROLL WRAP VINTAGE CHRISTMAS,3221,4342.6,1.5426530612244898,2011-08-04,2011-12-09,337,8,35.395604395604394,0.007428040854224698,25.1640625,3231.0,24.0,3207.0,128
23350,ROLL WRAP VINTAGE SPOT ,2712,3445.08,1.4612861736334404,2011-08-04,2011-12-09,305,8,28.54736842105263,0.008820286659316428,21.1875,2721.0,24.0,2697.0,128
23351,ROLL WRAP 50'S CHRISTMAS,3535,4875.65,1.5103072625698326,2011-08-04,2011-12-09,354,10,39.27777777777778,0.027126306866346424,27.6171875,3539.0,96.0,3443.0,128
23352,ROLL WRAP 50'S RED CHRISTMAS ,1800,2459.2,1.511643192488263,2011-08-04,2011-12-09,212,6,23.376623376623378,0.0066555740432612314,14.0625,1803.0,12.0,1791.0,128
23353,6 GIFT TAGS VINTAGE CHRISTMAS ,4007,3510.0499999999997,0.9988519637462235,2011-08-02,2011-12-09,327,11,42.62765957446808,0.00597609561752988,30.823076923076922,4016.0,24.0,3992.0,130
23354,6 GIFT TAGS 50'S CHRISTMAS ,3740,3429.3999999999996,0.9722121212121212,2011-08-02,2011-12-09,322,10,39.36842105263158,0.016029922522041145,28.76923076923077,3743.0,60.0,3683.0,130
23355,HOT WATER BOTTLE KEEP CALM,5816,28718.800000000003,5.271557788944723,2011-08-22,2011-12-09,782,13,61.87234042553192,0.016435541859270673,52.872727272727275,5841.0,96.0,5745.0,110
23356,LOVE HOT WATER BOTTLE,2359,13334.320000000002,6.205617283950618,2011-08-22,2011-12-09,476,10,25.641304347826086,0.0037720033528918693,21.445454545454545,2386.0,9.0,2377.0,110
23357,HOT WATER BOTTLE SEX BOMB,450,1982.0500000000002,5.005242718446602,2011-08-21,2011-12-09,102,7,7.5,0.0,4.054054054054054,453.0,0.0,453.0,111
23358,HOT STUFF HOT WATER BOTTLE,594,2008.38,4.198539325842697,2011-08-21,2011-12-09,89,8,10.607142857142858,0.06386554621848739,5.351351351351352,595.0,38.0,557.0,111
23359,SET OF 12 T-LIGHTS VINTAGE DOILEY,990,1866.4599999999998,1.9862025316455696,2011-08-02,2011-12-08,79,4,16.5,0.0,7.674418604651163,993.0,0.0,993.0,129
23360,SET 8 CANDLES VINTAGE DOILEY,1182,2286.4,2.0620689655172413,2011-08-02,2011-12-08,114,6,16.64788732394366,0.0,9.162790697674419,1187.0,0.0,1187.0,129
23365,SET 12 COLOUR PENCILS LOVE LONDON,1857,1463.0800000000002,0.7943930635838151,2011-09-22,2011-12-09,169,6,33.160714285714285,0.0,23.50632911392405,1859.0,0.0,1859.0,79
23366,SET 12 COLOURING PENCILS DOILY,2249,1667.95,0.8156565656565656,2011-09-22,2011-12-09,195,10,35.140625,0.0,28.468354430379748,2253.0,0.0,2253.0,79
23367,SET 12 COLOUR PENCILS SPACEBOY ,3278,2491.2000000000003,0.7566666666666667,2011-09-22,2011-12-09,282,12,48.205882352941174,0.004870624048706241,41.49367088607595,3285.0,16.0,3269.0,79
23368,SET 12 COLOUR PENCILS DOLLY GIRL ,2379,1679.5500000000002,0.784322033898305,2011-09-22,2011-12-09,232,11,36.04545454545455,0.0025188916876574307,30.11392405063291,2382.0,6.0,2376.0,79
23369,SET 36 COLOUR PENCILS LOVE LONDON,1105,1581.06,1.4970542635658914,2011-09-22,2011-12-09,126,7,19.051724137931036,0.0,13.987341772151899,1105.0,0.0,1105.0,79
23370,SET 36 COLOUR PENCILS DOILEY,1550,2151.6,1.538627450980392,2011-09-22,2011-12-09,151,9,25.0,0.0006430868167202572,19.620253164556964,1555.0,1.0,1554.0,79
23371,SET 36 COLOUR PENCILS SPACEBOY ,1705,2304.78,1.5179032258064515,2011-09-22,2011-12-09,185,11,26.23076923076923,0.0,21.582278481012658,1712.0,0.0,1712.0,79
23372,SET 36 COLOUR PENCILS DOLLY GIRL,1389,1750.29,1.6135761589403974,2011-09-22,2011-12-09,147,10,22.770491803278688,0.011502516175413372,17.582278481012658,1391.0,16.0,1375.0,79
23373,VINTAGE CHRISTMAS PAPER GIFT BAG,1608,1313.3899999999999,0.9070999999999999,2011-08-02,2011-12-06,100,5,27.25423728813559,0.0,12.661417322834646,1608.0,0.0,1608.0,127
23374,RED SPOT PAPER GIFT BAG,2456,1962.83,0.867175572519084,2011-08-02,2011-12-08,131,7,35.594202898550726,0.006514657980456026,19.03875968992248,2456.0,16.0,2440.0,129
23375,50'S CHRISTMAS PAPER GIFT BAG,1342,1100.6899999999998,0.9369902912621358,2011-08-22,2011-12-09,103,3,20.646153846153847,0.0007396449704142012,12.2,1352.0,1.0,1351.0,110
23376,PACK OF 12 VINTAGE CHRISTMAS TISSUE,3039,1384.9099999999999,0.5079245283018868,2011-09-01,2011-12-09,155,3,42.80281690140845,0.007866273352999017,30.39,3051.0,24.0,3027.0,100
23377,PACK OF 12 DOLLY GIRL TISSUES,1351,592.4499999999999,0.5607462686567164,2011-09-04,2011-12-09,133,6,20.784615384615385,0.005908419497784343,13.927835051546392,1354.0,8.0,1346.0,97
23378,PACK OF 12 50'S CHRISTMAS TISSUES,3997,1840.08,0.46322404371584697,2011-09-01,2011-12-09,176,6,54.013513513513516,0.0,39.97,4003.0,0.0,4003.0,100
23379,PACK OF 12 RED APPLE TISSUES,1220,465.36,0.5376623376623376,2011-09-05,2011-12-09,76,5,23.0188679245283,0.0,12.708333333333334,1220.0,0.0,1220.0,96
23380,PACK OF 12 VINTAGE DOILY TISSUES,2344,983.5,0.48520325203252035,2011-09-05,2011-12-09,121,8,39.728813559322035,0.015358361774744027,24.416666666666668,2344.0,36.0,2308.0,96
23381,PACK OF 12 VINTAGE LEAF TISSUES ,1496,562.88,0.4760493827160494,2011-09-05,2011-12-09,80,4,29.333333333333332,0.0,15.583333333333334,1509.0,0.0,1509.0,96
23382,BOX OF 6 CHRISTMAS CAKE DECORATIONS,1875,7356.18,4.660950226244344,2011-10-13,2011-12-09,220,12,39.0625,0.009066666666666667,32.327586206896555,1875.0,17.0,1858.0,58
23388,WOODLAND MINI BACKPACK,821,3432.09,4.634285714285714,2011-09-11,2011-12-09,154,11,13.031746031746032,0.0,9.122222222222222,825.0,0.0,825.0,90
23389,SPACEBOY MINI BACKPACK,1115,4751.49,4.531338912133891,2011-09-11,2011-12-09,237,13,15.067567567567568,0.0017825311942959,12.38888888888889,1122.0,2.0,1120.0,90
23390,DOLLY GIRL MINI BACKPACK,747,3025.59,4.389759036144579,2011-09-11,2011-12-09,163,13,10.826086956521738,0.0013315579227696406,8.3,751.0,1.0,750.0,90
23391, I LOVE LONDON MINI BACKPACK,389,1628.17,4.611363636363636,2011-09-11,2011-12-09,87,9,7.339622641509434,0.0,4.322222222222222,390.0,0.0,390.0,90
23392,SPACEBOY ROCKET LOLLY MAKERS,662,1475.03,2.7042982456140354,2011-09-06,2011-12-09,113,10,11.220338983050848,0.035982008995502246,6.968421052631579,667.0,24.0,643.0,95
23393,HOME SWEET HOME CUSHION COVER ,801,3207.91,4.481428571428571,2011-09-04,2011-12-08,229,9,10.539473684210526,0.026022304832713755,8.34375,807.0,21.0,786.0,96
23394,POSTE FRANCE CUSHION COVER,435,1877.65,4.954210526315789,2011-09-04,2011-12-08,150,5,6.397058823529412,0.0,4.53125,438.0,0.0,438.0,96
23395,BELLE JARDINIERE CUSHION COVER,748,3257.08,4.915592417061611,2011-09-04,2011-12-08,210,10,9.842105263157896,0.009523809523809525,7.791666666666667,735.0,7.0,728.0,96
23396,BUTTERFLY CUSHION COVER,654,2750.5299999999997,4.802587064676617,2011-09-04,2011-12-08,196,7,8.72,0.006042296072507553,6.8125,662.0,4.0,658.0,96
23397,FOOT STOOL HOME SWEET HOME ,489,5097.65,11.573870967741934,2011-09-04,2011-12-08,217,7,6.698630136986301,0.0125,5.09375,480.0,6.0,474.0,96
23398,HANGING HEART BONHEUR,606,535.35,1.0450666666666666,2011-09-04,2011-12-08,69,6,12.893617021276595,0.001639344262295082,6.3125,610.0,1.0,609.0,96
23399,HOME SWEET HOME HANGING HEART,1914,1745.55,1.1070085470085471,2011-09-04,2011-12-09,225,4,23.62962962962963,0.0,19.7319587628866,1922.0,0.0,1922.0,97
23400,SHELF WITH 4 HOOKS HOME SWEET HOME,461,2409.34,6.854074074074074,2011-09-06,2011-12-08,107,4,8.232142857142858,0.004514672686230248,4.904255319148936,443.0,2.0,441.0,94
23401,RUSTIC MIRROR WITH LACE HEART,459,2354.87,7.090361445783133,2011-09-07,2011-12-08,83,3,9.5625,0.006535947712418301,4.935483870967742,459.0,3.0,456.0,93
23402,HOME SWEEET HOME 3 PEG HANGER ,296,1147.28,4.4525,2011-09-05,2011-12-08,68,3,6.297872340425532,0.0,3.1157894736842104,297.0,0.0,297.0,95
23403,LETTER HOLDER HOME SWEET HOME,625,2204.11,4.374,2011-09-05,2011-12-08,134,3,9.057971014492754,0.004792332268370607,6.578947368421052,626.0,3.0,623.0,95
23404,HOME SWEET HOME BLACKBOARD,1011,4561.76,6.0208875739644965,2011-09-05,2011-12-09,169,7,13.48,0.027566539923954372,10.53125,1052.0,29.0,1023.0,96
23405,HOME SWEET HOME 2 DRAWER CABINET,252,1311.48,5.985492957746479,2011-09-05,2011-12-09,70,3,5.361702127659575,0.003937007874015748,2.625,254.0,1.0,253.0,96
23406,HOME SWEET HOME KEY HOLDER,456,2422.6600000000003,7.10990990990991,2011-09-05,2011-12-06,111,3,7.354838709677419,0.0066518847006651885,4.903225806451613,451.0,3.0,448.0,93
23407,SET OF 2 TRAYS HOME SWEET HOME,265,2709.43,10.68142857142857,2011-09-04,2011-12-08,133,7,4.015151515151516,0.022304832713754646,2.7604166666666665,269.0,6.0,263.0,96
23408,PHOTO FRAME LINEN AND LACE SMALL,310,644.8000000000001,2.08,2011-09-07,2011-12-07,59,3,6.888888888888889,0.04516129032258064,3.369565217391304,310.0,14.0,296.0,92
23409,PHOTO FRAME LINEN AND LACE LARGE,215,801.6800000000001,3.8148837209302324,2011-09-07,2011-12-05,43,3,7.678571428571429,0.03255813953488372,2.388888888888889,215.0,7.0,208.0,90
23410,CURIO CABINET LINEN AND LACE ,36,290.1,8.027777777777779,2011-09-08,2011-11-25,18,2,2.25,0.027777777777777776,0.45569620253164556,36.0,1.0,35.0,79
23411, TRELLIS COAT RACK,227,1118.6100000000001,5.844035087719298,2011-09-04,2011-12-02,56,3,5.404761904761905,0.004405286343612335,2.522222222222222,227.0,1.0,226.0,90
23412,HEART MIRROR ANTIQUE WHITE,358,2354.8,7.724415584415584,2011-09-06,2011-10-10,76,1,12.785714285714286,0.006024096385542169,10.228571428571428,332.0,2.0,330.0,35
23413,VINTAGE COFFEE GRINDER BOX,173,909.3100000000001,6.318275862068965,2011-09-07,2011-12-08,58,4,4.942857142857143,0.06779661016949153,1.8602150537634408,177.0,12.0,165.0,93
23414,ZINC BOX SIGN HOME,141,1378.75,10.073749999999999,2011-09-04,2011-11-30,64,5,3.4390243902439024,0.028368794326241134,1.6022727272727273,141.0,4.0,137.0,88
23415,HOME SWEET HOME HOOK,328,412.17999999999995,1.4517021276595745,2011-09-07,2011-12-08,47,5,9.93939393939394,0.01524390243902439,3.5268817204301075,328.0,5.0,323.0,93
23416,CHAMBRE HOOK,132,184.67999999999998,1.7564,2011-09-12,2011-12-08,25,2,7.333333333333333,0.0,1.5,132.0,0.0,132.0,88
23417,BATHROOM HOOK,146,157.5,1.5964285714285713,2011-09-07,2011-12-08,27,2,6.9523809523809526,0.0,1.5698924731182795,146.0,0.0,146.0,93
23418,LAVENDER TOILETTE BOTTLE,557,1166.0,2.562025316455696,2011-09-11,2011-12-09,79,4,11.604166666666666,0.0,6.188888888888889,558.0,0.0,558.0,90
23419,HOME SWEET HOME BOTTLE ,473,1043.72,2.6725581395348836,2011-09-11,2011-12-08,86,4,8.298245614035087,0.002109704641350211,5.314606741573034,474.0,1.0,473.0,89
23420,PANTRY HOOK TEA STRAINER ,164,351.37,2.33625,2011-09-15,2011-12-04,32,3,6.56,0.0,2.0246913580246915,165.0,0.0,165.0,81
23421,PANTRY HOOK SPATULA,160,349.2,2.5148484848484847,2011-09-08,2011-12-04,33,4,5.925925925925926,0.0,1.8181818181818181,162.0,0.0,162.0,88
23422,PANTRY HOOK BALLOON WHISK ,213,477.89,2.777872340425532,2011-09-07,2011-12-08,47,5,6.264705882352941,0.0,2.2903225806451615,213.0,0.0,213.0,93
23423,PANTRY 3 HOOK ROLLING PIN HANGER,219,876.9,4.536969696969697,2011-09-08,2011-12-08,66,6,5.093023255813954,0.0228310502283105,2.380434782608696,219.0,5.0,214.0,92
23424,GINGHAM RECIPE BOOK BOX,462,2509.62,6.186740740740741,2011-09-04,2011-12-09,135,7,6.695652173913044,0.002145922746781116,4.762886597938144,466.0,1.0,465.0,97
23425,STORAGE TIN HOME SWEET HOME,275,621.44,3.0989285714285715,2011-09-04,2011-12-09,56,5,7.051282051282051,0.025454545454545455,2.8350515463917527,275.0,7.0,268.0,97
23426,METAL SIGN DROP YOUR PANTS,1275,3444.4300000000003,3.3344711538461542,2011-09-05,2011-12-09,206,7,16.776315789473685,0.004698512137823023,13.28125,1277.0,6.0,1271.0,96
23427,STOOL HOME SWEET HOME ,237,2860.58,12.967478260869566,2011-09-04,2011-12-08,114,5,4.5576923076923075,0.00847457627118644,2.46875,236.0,2.0,234.0,96
23428,IVORY RETRO KITCHEN WALL CLOCK,77,675.91,9.915454545454546,2011-11-17,2011-12-09,33,4,4.529411764705882,0.025974025974025976,3.347826086956522,77.0,2.0,75.0,23
23429,RED RETRO KITCHEN WALL CLOCK,47,400.01,8.887391304347826,2011-11-21,2011-12-09,23,4,3.9166666666666665,0.0,2.473684210526316,47.0,0.0,47.0,19
23430,BLUE RETRO KITCHEN WALL CLOCK,36,301.88,8.621111111111112,2011-11-20,2011-12-09,18,4,2.5714285714285716,0.0,1.8,36.0,0.0,36.0,20
23431,NATURAL HANGING QUILTED HEARTS ,1449,1171.23,1.363918918918919,2011-08-26,2011-12-01,72,8,30.1875,0.011004126547455296,14.785714285714286,1454.0,16.0,1438.0,98
23432,PRETTY HANGING QUILTED HEARTS,1276,1088.36,1.3654054054054052,2011-08-31,2011-12-06,74,9,28.355555555555554,0.0,13.020408163265307,1278.0,0.0,1278.0,98
23433,HANGING QUILTED PATCHWORK APPLES,1258,1108.58,1.5002247191011233,2011-08-26,2011-12-04,89,10,21.689655172413794,0.037360890302066775,12.455445544554456,1258.0,47.0,1211.0,101
23434,3 RAFFIA RIBBONS 50'S CHRISTMAS ,2095,1884.17,0.8802,2011-09-11,2011-12-09,199,8,29.507042253521128,0.004750593824228029,23.27777777777778,2105.0,10.0,2095.0,90
23435,3 RAFFIA RIBBONS VINTAGE CHRISTMAS,824,732.4200000000001,0.8976767676767677,2011-09-09,2011-12-09,99,4,15.846153846153847,0.0,8.956521739130435,827.0,0.0,827.0,92
23436,GIFT BAG LARGE VINTAGE CHRISTMAS,1979,2367.39,1.4442982456140352,2011-08-02,2011-12-08,114,6,29.102941176470587,0.007579585649317837,15.34108527131783,1979.0,15.0,1964.0,129
23437, 50'S CHRISTMAS GIFT BAG LARGE,1939,2373.63,1.4238931297709925,2011-08-22,2011-12-09,131,6,29.37878787878788,0.0010314595152140279,17.62727272727273,1939.0,2.0,1937.0,110
23438, RED SPOT GIFT BAG LARGE,1809,2209.92,1.370183486238532,2011-08-03,2011-12-09,109,6,27.83076923076923,0.0,14.023255813953488,1823.0,0.0,1823.0,129
23439,HAND WARMER RED LOVE HEART,3986,8855.51,2.2266262135922332,2011-08-24,2011-12-09,397,8,46.348837209302324,0.0,36.907407407407405,4027.0,0.0,4027.0,108
23440,PAINT YOUR OWN EGGS IN CRATE,164,299.36,2.022,2011-11-24,2011-12-07,5,2,32.8,0.0,11.714285714285714,164.0,0.0,164.0,14
23441,HAND PAINTED HANGING EASTER EGG,22,9.24,0.42,2011-11-23,2011-12-07,3,1,7.333333333333333,0.0,1.4666666666666666,22.0,0.0,22.0,15
23442,12 HANGING EGGS HAND PAINTED,40,83.2,2.08,2011-11-15,2011-12-07,7,1,6.666666666666667,0.0,1.7391304347826086,42.0,0.0,42.0,23
23444,Next Day Carriage,79,1200.0,15.189873417721518,2011-05-26,2011-12-08,79,1,1.3859649122807018,0.0035842293906810036,0.4010152284263959,279.0,1.0,278.0,197
23445,ICE CREAM BUBBLES,2668,2161.24,0.8659803921568627,2011-08-24,2011-12-09,101,9,41.6875,0.00744047619047619,24.703703703703702,2688.0,20.0,2668.0,108
23446,BLUE BUNNY EASTER EGG BASKET,157,230.24999999999997,1.5833333333333333,2011-10-10,2011-12-07,3,2,52.333333333333336,0.0,2.6610169491525424,157.0,0.0,157.0,59
23447,PINK BUNNY EASTER EGG BASKET,158,231.89999999999998,1.5999999999999999,2011-10-10,2011-12-07,4,2,39.5,0.0,2.6779661016949152,158.0,0.0,158.0,59
23448,CREAM BUNNY EASTER EGG BASKET,25,41.24999999999999,1.6499999999999997,2011-10-10,2011-11-30,3,1,8.333333333333334,0.0,0.4807692307692308,25.0,0.0,25.0,52
23449,SET OF 6 EASTER RAINBOW CHICKS,12,15.0,1.25,2011-11-15,2011-11-15,1,1,12.0,0.0,12.0,12.0,0.0,12.0,1
23451,SQUARE MINI PORTRAIT FRAME,277,556.17,2.273396226415094,2011-10-14,2011-12-09,52,3,7.2894736842105265,0.0,4.859649122807017,278.0,0.0,278.0,57
23452,HEART MINI PORTRAIT FRAME,518,1021.76,2.07183908045977,2011-10-14,2011-12-08,87,4,12.95,0.0019305019305019305,9.25,518.0,1.0,517.0,56
23453,OVAL  MINI PORTRAIT FRAME,316,615.98,1.9883673469387753,2011-10-14,2011-12-08,47,5,10.89655172413793,0.0,5.642857142857143,324.0,0.0,324.0,56
23454,SET OF 3 MINI HANGING PORTRAITS,174,733.2,4.5190909090909095,2011-10-21,2011-12-08,52,3,5.2727272727272725,0.0111731843575419,3.5510204081632653,179.0,2.0,177.0,49
23455,SMALL PARLOUR PICTURE FRAME,207,569.4300000000001,2.867777777777778,2011-10-16,2011-12-08,35,4,9.0,0.0,3.8333333333333335,207.0,0.0,207.0,54
23456,MEDIUM PARLOUR PICTURE FRAME ,158,634.1,4.116666666666667,2011-10-16,2011-12-04,36,2,6.869565217391305,0.012658227848101266,3.16,158.0,2.0,156.0,50
23457,LARGE PARLOUR PICTURE FRAME,112,549.88,5.109354838709678,2011-10-16,2011-12-08,31,2,4.869565217391305,0.0,2.074074074074074,113.0,0.0,113.0,54
23458,DOLLY CABINET 3 DRAWERS ,51,762.4499999999999,14.95,2011-10-17,2011-12-08,30,4,2.3181818181818183,0.09803921568627451,0.9622641509433962,51.0,5.0,46.0,53
23459,DOLLY CABINET 2 DRAWERS ,33,412.5,12.5,2011-10-16,2011-12-08,19,2,1.9411764705882353,0.09090909090909091,0.6111111111111112,33.0,3.0,30.0,54
23460,SWEETHEART WALL TIDY ,108,1007.0799999999999,9.900930232558139,2011-10-20,2011-12-05,43,3,3.6,0.046296296296296294,2.297872340425532,108.0,5.0,103.0,47
23461,SWEETHEART BIRD HOUSE,847,3041.21,4.551500000000001,2011-09-29,2011-12-07,94,2,17.645833333333332,0.004667444574095682,12.1,857.0,4.0,853.0,70
23462,ROCOCO WALL MIRROR WHITE,80,1607.04,20.69695652173913,2011-10-20,2011-12-08,46,3,3.076923076923077,0.391304347826087,1.6,46.0,18.0,28.0,50
23463,VINTAGE ZINC WATERING CAN,13,139.39999999999998,11.206249999999999,2011-10-16,2011-12-09,8,2,1.625,0.0,0.23636363636363636,13.0,0.0,13.0,55
23464,VINTAGE ZINC WATERING CAN SMALL,18,99.2,6.2125,2011-10-16,2011-12-09,8,1,2.25,0.0,0.32727272727272727,18.0,0.0,18.0,55
23465,TUSCAN VILLA FEEDING STATION,29,247.63,8.77375,2011-10-04,2011-12-08,16,2,1.9333333333333333,0.0,0.4393939393939394,29.0,0.0,29.0,66
23466,TUSCAN VILLA DOVECOTE,55,498.03,10.084444444444443,2011-09-30,2011-12-08,27,2,2.391304347826087,0.01818181818181818,0.7857142857142857,55.0,1.0,54.0,70
23467,VINTAGE ZINC PLANTER  ,32,120.08000000000001,4.366363636363636,2011-10-17,2011-12-09,11,2,3.5555555555555554,0.0,0.5925925925925926,32.0,0.0,32.0,54
23468,TUSCAN VILLA BIRD TABLE ,19,156.75,8.25,2011-10-06,2011-11-23,11,2,2.111111111111111,0.0,0.3877551020408163,19.0,0.0,19.0,49
23469,CARD HOLDER LOVE BIRD SMALL,332,1355.24,4.643611111111111,2011-09-30,2011-12-09,72,7,8.097560975609756,0.012048192771084338,4.676056338028169,332.0,4.0,328.0,71
23470,CARD HOLDER LOVE BIRD LARGE ,232,1460.5,6.810714285714286,2011-10-02,2011-12-05,84,4,5.523809523809524,0.05172413793103448,3.5692307692307694,232.0,12.0,220.0,65
23471,SIX DRAWER OFFICE TIDY,65,616.79,10.162592592592592,2011-09-30,2011-12-02,27,2,2.9545454545454546,0.0,1.015625,66.0,0.0,66.0,64
23472, NINE DRAWER OFFICE TIDY,58,894.42,16.09060606060606,2011-10-02,2011-12-07,33,6,2.230769230769231,0.0,0.8656716417910447,59.0,0.0,59.0,67
23473,WOODLAND SMALL RED FELT HEART,678,552.02,0.9533333333333333,2011-10-20,2011-12-07,51,8,20.545454545454547,0.0,13.83673469387755,679.0,0.0,679.0,49
23474,WOODLAND SMALL BLUE FELT HEART,312,270.96,1.0405263157894737,2011-10-24,2011-12-08,37,6,11.555555555555555,0.0,6.782608695652174,312.0,0.0,312.0,46
23475,WOODLAND SMALL PINK FELT HEART,286,242.17999999999998,0.959032258064516,2011-10-27,2011-12-07,31,5,13.619047619047619,0.0,6.809523809523809,286.0,0.0,286.0,42
23476,WOODLAND LARGE RED FELT HEART,205,264.72,1.4700000000000002,2011-10-20,2011-11-30,22,6,13.666666666666666,0.0,4.880952380952381,205.0,0.0,205.0,42
23477,WOODLAND LARGE BLUE FELT HEART,92,123.47,1.7153846153846155,2011-10-20,2011-11-30,13,4,7.666666666666667,0.0,2.1904761904761907,92.0,0.0,92.0,42
23478,WOODLAND LARGE PINK FELT HEART,285,324.40000000000003,1.5130769230769232,2011-10-20,2011-12-01,13,3,28.5,0.0,6.627906976744186,285.0,0.0,285.0,43
23479,WIRE EGG BASKET ,113,872.38,8.26659090909091,2011-10-17,2011-12-08,44,4,3.7666666666666666,0.0,2.1320754716981134,114.0,0.0,114.0,53
23480,MINI LIGHTS WOODLAND MUSHROOMS,1798,6719.14,4.428761467889909,2011-10-19,2011-12-09,215,16,40.86363636363637,0.01110494169905608,34.57692307692308,1801.0,20.0,1781.0,52
23481,PEARLISED IVORY HEART SMALL ,228,281.17,1.28125,2011-10-17,2011-12-06,29,2,11.4,0.0,4.470588235294118,228.0,0.0,228.0,51
23482,PEARLISED IVORY HEART LARGE ,418,661.02,1.765897435897436,2011-10-14,2011-12-06,39,3,18.17391304347826,0.0,7.7407407407407405,418.0,0.0,418.0,54
23483,HANGING  BUTTERFLY T-LIGHT HOLDER,1328,1636.36,2.409054054054054,2011-10-03,2011-12-08,73,4,31.61904761904762,0.016417910447761194,19.82089552238806,1340.0,22.0,1318.0,67
23484,HEART TRELLISTRIPLE T-LIGHT HOLDER,185,547.35,3.673333333333334,2011-09-30,2011-12-08,35,1,6.607142857142857,0.0,2.642857142857143,185.0,0.0,185.0,70
23485,BOTANICAL GARDENS WALL CLOCK ,262,5843.92,24.791807228915662,2011-10-20,2011-12-08,83,5,7.9393939393939394,0.06870229007633588,5.24,262.0,18.0,244.0,50
23486,ANTIQUE HEART SHELF UNIT,275,4145.47,17.8127027027027,2011-10-20,2011-12-08,74,4,7.4324324324324325,0.04727272727272727,5.5,275.0,13.0,262.0,50
23487,SWEET HEART CAKE CARRIER,80,795.5799999999999,10.365454545454545,2011-10-14,2011-12-08,44,4,2.857142857142857,0.1125,1.4285714285714286,80.0,9.0,71.0,56
23489,"GARLAND, VINTAGE BELLS",913,2709.23,3.221454545454545,2011-10-20,2011-12-09,159,4,21.738095238095237,0.0,17.901960784313726,913.0,0.0,913.0,51
23490,T-LIGHT HOLDER HANGING LOVE BIRD,542,2032.77,3.961287128712871,2011-10-14,2011-12-08,101,3,12.318181818181818,0.005474452554744526,9.678571428571429,548.0,3.0,545.0,56
23491,VINTAGE JINGLE BELLS HEART,228,1897.76,8.462151898734177,2011-10-20,2011-12-07,78,3,6.0,0.0043859649122807015,4.653061224489796,228.0,1.0,227.0,49
23492,VINTAGE JINGLE BELLS WREATH,76,635.38,8.549285714285714,2011-10-20,2011-12-05,28,2,4.0,0.0,1.6170212765957446,76.0,0.0,76.0,47
23493,VINTAGE DOILY TRAVEL SEWING KIT,3964,8497.98,2.156320754716981,2011-09-22,2011-12-09,415,14,58.294117647058826,0.0015113350125944584,50.177215189873415,3970.0,6.0,3964.0,79
23494,VINTAGE DOILY DELUXE SEWING KIT ,809,5354.01,6.812864077669903,2011-09-25,2011-12-09,205,13,13.711864406779661,0.07995079950799508,10.644736842105264,813.0,65.0,748.0,76
23495,SET OF 3 PANTRY WOODEN SPOONS,225,306.66,1.7221951219512195,2011-10-30,2011-12-09,41,2,8.333333333333334,0.0,5.487804878048781,225.0,0.0,225.0,41
23496,PANTRY KITCHEN THERMOMETER ,112,154.52,1.562258064516129,2011-10-30,2011-12-08,31,2,6.222222222222222,0.0,2.8,112.0,0.0,112.0,40
23497,CLASSIC CHROME BICYCLE BELL ,2558,3656.02,1.62365,2011-10-28,2011-12-09,195,12,69.13513513513513,0.004685669660288949,59.48837209302326,2561.0,12.0,2549.0,43
23498,CLASSIC BICYCLE CLIPS ,1640,2372.68,1.657941176470588,2011-11-25,2011-12-09,99,4,126.15384615384616,0.0,109.33333333333333,1644.0,0.0,1644.0,15
23499,SET 12 VINTAGE DOILY CHALK ,1312,586.23,0.4831858407079646,2011-10-20,2011-12-08,110,5,32.8,0.0,26.24,1315.0,0.0,1315.0,50
23500,KEY RING BASEBALL BOOT ASSORTED ,1626,2038.33,1.3861764705882351,2011-10-04,2011-12-08,98,6,37.81395348837209,0.0,24.636363636363637,1631.0,0.0,1631.0,66
23501,KEY RING BASEBALL BOOT UNION JACK,1821,2217.87,1.4955263157894738,2011-10-05,2011-12-09,112,4,39.58695652173913,0.0,27.59090909090909,1823.0,0.0,1823.0,66
23502,PLAYING CARDS VINTAGE DOILEY ,714,896.41,1.3016842105263158,2011-09-22,2011-12-07,94,9,14.571428571428571,0.0,9.272727272727273,714.0,0.0,714.0,77
23503,PLAYING CARDS KEEP CALM & CARRY ON,3643,4860.55,1.279298245614035,2011-09-22,2011-12-09,335,8,53.5735294117647,0.0005485463521667581,46.11392405063291,3646.0,2.0,3644.0,79
23504,PLAYING CARDS JUBILEE UNION JACK,1927,2848.89,1.3483410138248846,2011-09-22,2011-12-08,208,4,30.58730158730159,0.0,24.705128205128204,1934.0,0.0,1934.0,78
23505,PLAYING CARDS I LOVE LONDON ,1200,1651.29,1.3546153846153848,2011-09-22,2011-12-08,115,7,21.428571428571427,0.0,15.384615384615385,1207.0,0.0,1207.0,78
23506,MINI PLAYING CARDS SPACEBOY ,2723,1129.1200000000001,0.46264900662251657,2011-09-22,2011-12-09,146,10,46.94827586206897,0.0,34.46835443037975,2747.0,0.0,2747.0,79
23507,MINI PLAYING CARDS BUFFALO BILL ,2882,1155.67,0.4734645669291338,2011-09-22,2011-12-08,119,10,51.464285714285715,0.0,36.94871794871795,2884.0,0.0,2884.0,78
23508,MINI PLAYING CARDS DOLLY GIRL ,2627,1163.45,0.4665625,2011-09-22,2011-12-09,120,10,43.78333333333333,0.0007601672367920942,33.25316455696203,2631.0,2.0,2629.0,79
23509,MINI PLAYING CARDS FUN FAIR ,1062,451.46000000000004,0.4865151515151515,2011-09-22,2011-12-08,65,5,23.6,0.0,13.615384615384615,1065.0,0.0,1065.0,78
23510,MINI PLAYING CARDS GYMKHANA,2521,1118.8,0.4972,2011-09-22,2011-12-09,120,9,42.728813559322035,0.0,31.911392405063292,2522.0,0.0,2522.0,79
23511,EMBROIDERED RIBBON REEL EMILY ,571,1252.01,2.3309090909090906,2011-09-22,2011-12-08,98,11,10.98076923076923,0.008726003490401396,7.32051282051282,573.0,5.0,568.0,78
23512,EMBROIDERED RIBBON REEL ROSIE,500,975.24,2.3164912280701753,2011-09-22,2011-12-08,57,12,12.195121951219512,0.0,6.410256410256411,501.0,0.0,501.0,78
23513,EMBROIDERED RIBBON REEL SUSIE ,566,1114.26,2.306,2011-09-22,2011-12-05,70,10,13.476190476190476,0.01060070671378092,7.546666666666667,566.0,6.0,560.0,75
23514,EMBROIDERED RIBBON REEL SALLY ,478,977.39,2.349189189189189,2011-09-22,2011-12-04,74,11,9.755102040816327,0.012552301255230125,6.45945945945946,478.0,6.0,472.0,74
23515,EMBROIDERED RIBBON REEL DAISY ,579,1164.98,2.3925,2011-09-22,2011-12-09,71,12,12.58695652173913,0.0,7.329113924050633,579.0,0.0,579.0,79
23516,EMBROIDERED RIBBON REEL SOPHIE  ,296,1058.6,3.848181818181818,2011-09-25,2011-12-05,42,7,10.206896551724139,0.0,4.111111111111111,297.0,0.0,297.0,72
23517,EMBROIDERED RIBBON REEL REBECCA ,334,996.38,3.4480952380952385,2011-09-22,2011-12-06,63,8,8.35,0.0,4.394736842105263,334.0,0.0,334.0,76
23518,EMBROIDERED RIBBON REEL RACHEL ,361,980.41,3.0959090909090907,2011-09-22,2011-12-02,44,8,11.28125,0.016574585635359115,5.013888888888889,362.0,6.0,356.0,72
23519,EMBROIDERED RIBBON REEL CLAIRE,224,792.31,4.484583333333333,2011-09-25,2011-11-24,24,6,11.2,0.0,3.6721311475409837,224.0,0.0,224.0,61
23520,EMBROIDERED RIBBON REEL RUBY ,167,600.55,3.9675,2011-09-22,2011-12-05,32,5,6.68,0.0,2.2266666666666666,168.0,0.0,168.0,75
23521,CAT AND BIRD WALL ART,413,793.37,4.204090909090909,2011-10-03,2011-12-09,44,2,13.766666666666667,0.0,6.073529411764706,413.0,0.0,413.0,68
23522,DOG AND BALL WALL ART,354,727.4399999999999,3.680625,2011-10-03,2011-12-08,32,2,13.11111111111111,0.0,5.2835820895522385,354.0,0.0,354.0,67
23523,TREASURE AHOY WALL ART,360,1173.8100000000002,3.9346341463414634,2011-10-03,2011-12-08,41,2,12.857142857142858,0.016666666666666666,5.373134328358209,360.0,6.0,354.0,67
23524,HORSE & PONY WALL ART,481,1557.63,4.323968253968254,2011-10-02,2011-12-09,63,3,12.025,0.012474012474012475,6.971014492753623,481.0,6.0,475.0,69
23525,BUFFALO BILL WALL ART ,582,1863.8200000000002,4.1639622641509435,2011-10-02,2011-12-09,53,2,16.62857142857143,0.010291595197255575,8.434782608695652,583.0,6.0,577.0,69
23526,DOG LICENCE WALL ART,1012,6021.4,8.24888888888889,2011-10-03,2011-12-09,143,5,19.09433962264151,0.015810276679841896,14.882352941176471,1012.0,16.0,996.0,68
23527,ANIMALS AND NATURE WALL ART,420,1428.56,3.998125,2011-10-03,2011-12-09,48,2,14.0,0.0166270783847981,6.176470588235294,421.0,7.0,414.0,68
23528,SPACEBOY WALL ART,479,1504.49,4.7792,2011-10-03,2011-12-08,50,4,13.685714285714285,0.0,7.149253731343284,479.0,0.0,479.0,67
23529,DOLLY GIRL WALL ART,637,2011.9900000000002,4.338648648648649,2011-10-03,2011-12-08,37,3,22.75,0.0,9.507462686567164,637.0,0.0,637.0,67
23530,WALL ART ONLY ONE PERSON ,1056,4436.27,5.577586206896552,2011-10-03,2011-12-09,87,5,23.466666666666665,0.0,15.529411764705882,1062.0,0.0,1062.0,68
23531,WALL ART BIG LOVE ,976,5538.26,7.661681415929204,2011-10-03,2011-12-08,112,4,19.918367346938776,0.0,14.567164179104477,979.0,0.0,979.0,67
23532,WALL ART WORK REST AND PLAY  ,210,901.58,5.301612903225807,2011-10-02,2011-12-08,31,3,9.545454545454545,0.0,3.088235294117647,210.0,0.0,210.0,68
23533,WALL ART GARDEN HAVEN ,215,998.64,6.166944444444445,2011-10-03,2011-12-09,36,2,7.678571428571429,0.0,3.161764705882353,215.0,0.0,215.0,68
23534,STOP FOR TEA WALL ART,1387,8608.9,7.53896551724138,2011-10-02,2011-12-09,260,9,23.913793103448278,0.005043227665706052,20.10144927536232,1388.0,7.0,1381.0,69
23535,BICYCLE SAFTEY WALL ART,1324,8440.24,7.446898148148148,2011-10-02,2011-12-09,215,8,23.228070175438596,0.0007524454477050414,19.18840579710145,1329.0,1.0,1328.0,69
23536,VILLAGE SHOW WALL ART,626,3442.13,6.794705882352942,2011-10-03,2011-12-09,85,5,14.904761904761905,0.006389776357827476,9.205882352941176,626.0,4.0,622.0,68
23537,I LOVE LONDON WALL ART,111,581.13,6.9405882352941175,2011-10-03,2011-12-09,34,2,4.269230769230769,0.0,1.6323529411764706,111.0,0.0,111.0,68
23538,WALL ART VINTAGE HEART,331,1329.54,5.7790625,2011-10-03,2011-12-09,32,1,13.24,0.0,4.867647058823529,332.0,0.0,332.0,68
23539,WALL ART LOVES' SECRET ,247,1227.95,6.594047619047619,2011-10-02,2011-12-05,41,1,9.148148148148149,0.0,3.8,247.0,0.0,247.0,65
23540,WALL ART THE MAGIC FOREST ,150,947.0600000000001,8.424285714285714,2011-10-03,2011-12-06,14,2,12.5,0.0,2.3076923076923075,150.0,0.0,150.0,65
23541,WALL ART CLASSIC PUDDINGS ,872,6823.91,9.71203947368421,2011-10-02,2011-12-06,152,4,17.44,0.002242152466367713,13.212121212121213,892.0,2.0,890.0,66
23542,70'S ALPHABET WALL ART,506,3800.16,9.784157303370787,2011-10-03,2011-12-08,89,7,12.047619047619047,0.011857707509881422,7.552238805970149,506.0,6.0,500.0,67
23543,KEEP CALM WALL ART ,1236,7010.76,8.530952380952382,2011-10-03,2011-12-08,103,7,29.428571428571427,0.0,18.44776119402985,1237.0,0.0,1237.0,67
23544,WALL ART MID CENTURY MODERN ,164,1015.78,7.523000000000001,2011-10-03,2011-12-06,20,1,10.25,0.006097560975609756,2.523076923076923,164.0,1.0,163.0,65
23545,WRAP RED DOILEY,2480,1025.6,0.41905882352941176,2011-07-20,2011-12-08,84,13,40.0,0.0,17.464788732394368,2480.0,0.0,2480.0,142
23546,WRAP PAISLEY PARK ,3250,1365.0,0.42,2011-07-19,2011-12-08,120,14,40.123456790123456,0.0,22.727272727272727,3275.0,0.0,3275.0,143
23547,WRAP FLOWER SHOP  ,1575,661.5,0.42,2011-07-20,2011-12-06,62,5,32.8125,0.0,11.25,1575.0,0.0,1575.0,140
23548,WRAP MAGIC FOREST ,1075,451.5,0.42,2011-07-20,2011-12-08,43,5,32.57575757575758,0.0,7.570422535211268,1075.0,0.0,1075.0,142
23549,WRAP BIRD GARDEN ,1305,548.1,0.42,2011-07-19,2011-12-01,52,6,31.829268292682926,0.0,9.595588235294118,1305.0,0.0,1305.0,136
23550,WRAP ALPHABET POSTER  ,1855,763.1,0.41875,2011-07-18,2011-12-09,64,5,38.645833333333336,0.0,12.793103448275861,1855.0,0.0,1855.0,145
23551,PACK OF 12 PAISLEY PARK TISSUES ,1840,839.8399999999999,0.5168115942028985,2011-09-01,2011-12-09,136,7,26.285714285714285,0.0,18.4,1843.0,0.0,1843.0,100
23552,BICYCLE PUNCTURE REPAIR KIT ,1863,3881.91,2.2640650406504066,2011-11-25,2011-12-09,116,6,143.30769230769232,0.0,124.2,1864.0,0.0,1864.0,15
23553,LANDMARK FRAME CAMDEN TOWN ,568,6444.65,13.30220588235294,2011-10-20,2011-12-08,68,1,16.228571428571428,0.0,11.36,569.0,0.0,569.0,50
23554,LANDMARK FRAME OXFORD STREET,422,4805.53,13.047017543859647,2011-10-19,2011-12-08,57,2,12.411764705882353,0.0,8.27450980392157,424.0,0.0,424.0,51
23555,LANDMARK FRAME NOTTING HILL ,421,4780.57,12.897450980392156,2011-10-19,2011-12-09,50,2,15.035714285714286,0.0,8.096153846153847,424.0,0.0,424.0,52
23556,LANDMARK FRAME COVENT GARDEN ,436,4937.01,12.61811320754717,2011-10-19,2011-12-08,53,2,15.03448275862069,0.002277904328018223,8.549019607843137,439.0,1.0,438.0,51
23557,LANDMARK FRAME BAKER STREET ,350,3930.27,13.181875,2011-10-19,2011-12-08,32,1,15.217391304347826,0.0,6.862745098039215,350.0,0.0,350.0,51
23558,LANDMARK FRAME LONDON BRIDGE ,415,4703.87,13.125384615384615,2011-10-19,2011-12-08,52,2,13.387096774193548,0.0,8.137254901960784,418.0,0.0,418.0,51
23559,WOODLAND BUNNIES LOLLY MAKERS,649,1482.41,2.8688709677419357,2011-09-08,2011-12-09,124,10,9.833333333333334,0.0,6.978494623655914,652.0,0.0,652.0,93
23560,SET OF 6 RIBBONS COUNTRY STYLE,172,499.18,3.543846153846154,2011-11-27,2011-12-08,26,4,19.11111111111111,0.0,14.333333333333334,173.0,0.0,173.0,12
23561,SET OF 6 RIBBONS PARTY,170,476.0,3.40875,2011-11-27,2011-12-09,16,3,21.25,0.0,13.076923076923077,170.0,0.0,170.0,13
23562,SET OF 6 RIBBONS PERFECTLY PRETTY  ,251,724.59,3.2853488372093027,2011-11-27,2011-12-09,43,5,20.916666666666668,0.0,19.307692307692307,253.0,0.0,253.0,13
23564,EGG CUP MILKMAID INGRID,644,841.31,1.7567105263157894,2011-10-13,2011-12-09,76,5,17.88888888888889,0.0,11.10344827586207,644.0,0.0,644.0,58
23565,EGG CUP MILKMAID HELGA ,410,586.31,1.8453968253968254,2011-10-16,2011-12-09,63,5,12.058823529411764,0.012195121951219513,7.454545454545454,410.0,5.0,405.0,55
23566,EGG CUP MILKMAID HEIDI,881,1156.93,1.769759036144578,2011-10-17,2011-12-08,83,6,22.58974358974359,0.004530011325028313,16.62264150943396,883.0,4.0,879.0,53
23567,EGG CUP HENRIETTA HEN PINK,211,291.58,1.823157894736842,2011-10-14,2011-12-09,37,2,8.44,0.004739336492890996,3.7017543859649122,211.0,1.0,210.0,57
23568,EGG CUP HENRIETTA HEN CREAM ,630,787.52,1.7454166666666666,2011-10-16,2011-12-08,48,3,22.5,0.0015873015873015873,11.666666666666666,630.0,1.0,629.0,54
23569,TRADTIONAL ALPHABET STAMP SET,954,4717.66,5.3034693877551025,2011-10-21,2011-12-09,192,11,23.26829268292683,0.002081165452653486,19.08,961.0,2.0,959.0,50
23570,TRADITIONAL PICK UP STICKS GAME ,2772,4931.87,1.431118881118881,2011-10-21,2011-12-09,276,8,64.46511627906976,0.0,55.44,2782.0,0.0,2782.0,50
23571,TRADITIONAL NAUGHTS & CROSSES,2841,6406.91,1.8921374045801527,2011-10-21,2011-12-09,257,9,66.06976744186046,0.0,56.82,2859.0,0.0,2859.0,50
23574,PACKING CHARGE,14,105.0,7.5,2011-07-06,2011-12-07,14,3,1.1666666666666667,0.017543859649122806,0.09032258064516129,114.0,2.0,112.0,155
23575,SNACK TRAY PAISLEY PARK,179,367.34999999999997,2.5823529411764703,2011-11-27,2011-12-09,32,3,17.9,0.0,13.76923076923077,179.0,0.0,179.0,13
23576,SNACK TRAY RED VINTAGE DOILY,198,400.03999999999996,2.4010526315789473,2011-11-27,2011-12-08,37,4,19.8,0.0,16.5,198.0,0.0,198.0,12
23578,SNACK TRAY RED GINGHAM,60,125.72,2.417142857142857,2011-11-27,2011-12-08,14,3,6.666666666666667,0.0,5.0,60.0,0.0,60.0,12
23579,SNACK TRAY I LOVE LONDON,169,358.75,2.6265714285714283,2011-10-18,2011-12-09,35,4,10.5625,0.0,3.188679245283019,179.0,0.0,179.0,53
23580,SNACK TRAY HAPPY FOREST  ,116,234.92,2.2116,2011-11-27,2011-12-07,25,3,11.6,0.0,10.545454545454545,117.0,0.0,117.0,11
23581,JUMBO BAG PAISLEY PARK,5020,11581.83,2.256289855072464,2011-10-25,2011-12-09,338,8,125.5,0.02423038728897716,109.1304347826087,5035.0,122.0,4913.0,46
23582,VINTAGE DOILY JUMBO BAG RED ,4802,10206.41,2.2147709923664123,2011-10-25,2011-12-08,259,10,123.12820512820512,0.025129802699896158,106.71111111111111,4815.0,121.0,4694.0,45
23583,LUNCH BAG PAISLEY PARK  ,3385,5497.33,1.8020481927710843,2011-10-25,2011-12-09,325,8,84.625,0.0029455081001472753,73.58695652173913,3395.0,10.0,3385.0,46
23597,PAPER BUNTING PAISLEY PARK,249,679.07,3.186129032258065,2011-11-10,2011-12-08,31,5,12.45,0.02390438247011952,8.586206896551724,251.0,6.0,245.0,29
23598,PAPER BUNTING VINTAGE PARTY,427,1215.53,3.2351063829787234,2011-11-10,2011-12-09,47,5,18.565217391304348,0.0,14.233333333333333,428.0,0.0,428.0,30
23601,SET 10 CARDS SNOWY SNOWDROPS  17100,8,19.92,2.49,2011-09-23,2011-11-28,4,1,2.0,0.0,0.11940298507462686,8.0,0.0,8.0,67
23602,SET 10 CARDS 3 WISE MEN 17107,1,2.91,2.91,2011-11-11,2011-11-11,1,1,1.0,0.0,1.0,1.0,0.0,1.0,1
23603,SET 10 CARD KRAFT REINDEER 17084,20,49.800000000000004,2.4899999999999998,2011-10-14,2011-12-08,14,1,1.6666666666666667,0.0,0.35714285714285715,20.0,0.0,20.0,56
23604,SET 10 MINI SANTA & SNOWMAN  17087,4,6.64,1.66,2011-10-03,2011-10-17,2,1,2.0,0.0,0.26666666666666666,4.0,0.0,4.0,15
23605,SET 10 CARDS 12 DAYS OF XMAS 17059,4,11.64,2.91,2011-10-05,2011-10-05,1,1,4.0,0.0,4.0,4.0,0.0,4.0,1
23607,SET 10 CARDS HATS & STOCKINGS 17081,8,13.28,1.66,2011-09-13,2011-11-24,7,1,1.1428571428571428,0.0,0.1095890410958904,8.0,0.0,8.0,73
23608,SET 10 CARDS RUDOLPHS NOSE 17097,4,11.64,2.91,2011-11-03,2011-12-08,3,1,1.3333333333333333,0.0,0.1111111111111111,4.0,0.0,4.0,36
23609,SET 10 CARDS SNOWY ROBIN 17099,1,2.91,2.91,2011-11-28,2011-11-28,1,1,1.0,0.0,1.0,1.0,0.0,1.0,1
23610,SET 10 CARDS CHRISTMAS ROBIN 17095,3,6.24,2.08,2011-09-23,2011-11-11,3,1,1.0,0.0,0.06,3.0,0.0,3.0,50
23611,SET 10 CARDS RED RIDING HOOD 17214,40,99.60000000000001,2.49,2011-09-12,2011-12-09,16,1,2.5,0.0,0.449438202247191,40.0,0.0,40.0,89
23612,SET 10 MINICARDS CUTE SNOWMAN 17071,5,8.299999999999999,1.66,2011-10-06,2011-11-17,2,1,2.5,0.0,0.11627906976744186,5.0,0.0,5.0,43
23613,SET 10 XMAS CARDS & BADGES 17070,11,27.39,2.49,2011-09-07,2011-11-28,6,1,2.2,0.0,0.13253012048192772,11.0,0.0,11.0,83
23614,SET 10 CARDS 12 DAYS WRAP  17058,26,86.58000000000001,3.33,2011-09-07,2011-12-08,11,1,3.25,0.0,0.27956989247311825,26.0,0.0,26.0,93
23615,SET 10 CARDS PRINTED GRAPHIC 17219,4,9.96,2.49,2011-10-27,2011-12-06,4,1,1.0,0.0,0.0975609756097561,4.0,0.0,4.0,41
23616,SET 10 CARDS JINGLE BELLS 17217,8,19.92,2.4899999999999998,2011-11-09,2011-12-09,7,1,1.1428571428571428,0.0,0.25806451612903225,8.0,0.0,8.0,31
23617,SET 10 CARDS SWIRLY XMAS TREE 17104,2,5.82,2.91,2011-11-29,2011-11-29,1,1,2.0,0.0,2.0,2.0,0.0,2.0,1
23619,SET 10 CARDS POINSETTIA 17093,4,9.96,2.49,2011-10-05,2011-11-08,2,1,2.0,0.0,0.11428571428571428,4.0,0.0,4.0,35
23620,SET 10 CARDS PERFECT POST 17090,10,24.900000000000002,2.4899999999999998,2011-09-02,2011-11-18,7,1,1.4285714285714286,0.0,0.1282051282051282,10.0,0.0,10.0,78
23621,SET 10 CARDS DAVID'S MADONNA 17074,6,14.940000000000001,2.49,2011-11-11,2011-12-09,4,1,1.5,0.0,0.20689655172413793,6.0,0.0,6.0,29
23623,SET 10 CARD CHRISTMAS WELCOME 17112,8,23.28,2.91,2011-09-02,2011-11-29,6,1,1.3333333333333333,0.0,0.0898876404494382,8.0,0.0,8.0,89
23624,SET 10 CARD PERFECT NATIVITY 17089,4,9.96,2.49,2011-09-22,2011-11-11,4,1,1.0,0.0,0.0784313725490196,4.0,0.0,4.0,51
23625,SET 6 CARDS SPARKLY REINDEER 17262,9,44.910000000000004,4.99,2011-09-15,2011-12-02,4,1,2.25,0.0,0.11392405063291139,9.0,0.0,9.0,79
23626,SET 10 CARDS DINKY TREE 17076,43,107.07000000000001,2.49,2011-10-03,2011-12-08,16,1,2.8666666666666667,0.0,0.6417910447761194,43.0,0.0,43.0,67
23627,SET 10 CARDS XMAS GRAPHIC  17218,7,17.43,2.49,2011-11-11,2011-11-25,2,1,3.5,0.0,0.4666666666666667,7.0,0.0,7.0,15
23628,SET 10 CARDS TRIANGLE ICONS  17220,1,2.91,2.91,2011-10-31,2011-10-31,1,1,1.0,0.0,1.0,1.0,0.0,1.0,1
23629,SET 10 CARDS DRESSING UP 17077,24,59.760000000000005,2.49,2011-09-21,2011-11-25,10,1,2.4,0.0,0.36363636363636365,24.0,0.0,24.0,66
23630,SET 10 CARDS HANGING BAUBLES 17080,2,5.48,2.74,2011-09-22,2011-11-30,2,1,1.0,0.5,0.02857142857142857,2.0,1.0,1.0,70
23632,SET 10 CARDS CHEERFUL ROBIN 17065,15,31.200000000000003,2.08,2011-09-23,2011-11-30,10,1,1.5,0.0,0.21739130434782608,15.0,0.0,15.0,69
23633,SET 10 CARDS WORLD CHILDREN 17067,3,7.470000000000001,2.49,2011-10-31,2011-11-21,3,1,1.0,0.0,0.13636363636363635,3.0,0.0,3.0,22
23634,SET 10 CARDS XMAS CHOIR 17068,5,14.55,2.91,2011-09-02,2011-12-06,5,1,1.0,0.0,0.052083333333333336,5.0,0.0,5.0,96
23635,SET 10 CARDS CHRISTMAS HOLLY  17259,3,12.48,4.16,2011-10-05,2011-12-09,3,1,1.0,0.0,0.045454545454545456,3.0,0.0,3.0,66
23636,SET 10 CARDS WISHING TREE 17116,9,26.19,2.91,2011-10-24,2011-12-08,7,1,1.5,0.0,0.1956521739130435,9.0,0.0,9.0,46
23637,SET 10 CARDS OUT OF ORDER 17216,11,27.39,2.49,2011-09-07,2011-12-08,9,1,1.2222222222222223,0.0,0.11827956989247312,11.0,0.0,11.0,93
23638,SET 10 CARDS ROBIN WATERPUMP  17096,2,5.82,2.91,2011-09-27,2011-11-24,2,1,1.0,0.0,0.03389830508474576,2.0,0.0,2.0,59
23639,SET 10 CARDS MAGICAL TREE 17086,4,13.32,3.33,2011-09-15,2011-11-17,4,1,1.0,0.0,0.0625,4.0,0.0,4.0,64
23640,SET 10 CARDS SCOTTIE DOG 17211,9,22.410000000000004,2.49,2011-09-07,2011-12-08,8,1,1.125,0.0,0.0967741935483871,9.0,0.0,9.0,93
23643,SET 10 CARDS CHRISTMAS BAUBLE 16954,1,3.33,3.33,2011-10-31,2011-10-31,1,1,1.0,0.0,1.0,1.0,0.0,1.0,1
23644,SET 10 CARDS CHRISTMAS TREE 16955,5,16.65,3.3299999999999996,2011-09-30,2011-12-09,5,1,1.0,0.0,0.07042253521126761,5.0,0.0,5.0,71
23645,SET 10 CHRISTMAS CARDS HOHOHO 16956,9,22.410000000000004,2.49,2011-10-27,2011-12-08,4,1,2.25,0.0,0.20930232558139536,9.0,0.0,9.0,43
23646,SET 10 CARDS JINGLE BELLS 16957,8,19.92,2.49,2011-09-07,2011-11-17,5,1,1.6,0.0,0.1111111111111111,8.0,0.0,8.0,72
23649,SET 10 CARDS DECK THE HALLS 16960,2,4.98,2.49,2011-11-15,2011-11-25,2,1,1.0,0.0,0.18181818181818182,2.0,0.0,2.0,11
23650,SET 10 CARDS FILIGREE BAUBLE 16961,4,9.96,2.49,2011-09-27,2011-12-08,4,1,1.0,0.0,0.0547945205479452,4.0,0.0,4.0,73
23652,SET 10 CARD CHRISTMAS STAMPS 16963,2,5.82,2.91,2011-11-17,2011-11-17,1,1,2.0,0.0,2.0,2.0,0.0,2.0,1
23654,SET 10 CARD SNOWMAN 16965,5,12.450000000000001,2.49,2011-10-27,2011-12-08,4,1,1.25,0.0,0.11627906976744186,5.0,0.0,5.0,43
23660,HENRIETTA HEN MUG ,306,534.66,2.2404761904761905,2011-10-13,2011-12-09,42,4,13.909090909090908,0.05228758169934641,5.275862068965517,306.0,16.0,290.0,58
23661,MILK MAIDS MUG ,219,393.59,2.2335294117647058,2011-10-13,2011-12-09,33,2,9.521739130434783,0.091324200913242,3.7758620689655173,219.0,20.0,199.0,58
23664,FLOWER SHOP DESIGN MUG,1,1.65,1.65,2011-11-11,2011-11-11,1,1,1.0,0.0,1.0,1.0,0.0,1.0,1
23681,LUNCH BAG RED VINTAGE DOILY,1576,2525.04,1.8662406015037591,2011-11-06,2011-12-09,132,6,52.53333333333333,0.0,46.35294117647059,1577.0,0.0,1577.0,34
23691,KEEP CALM BIRTHDAY WRAP,1175,481.5,0.4184210526315789,2011-11-02,2011-12-07,38,2,55.95238095238095,0.0,32.638888888888886,1175.0,0.0,1175.0,36
23692,WRAP A PRETTY THANK YOU,50,21.0,0.42,2011-11-09,2011-11-30,2,2,25.0,0.0,2.272727272727273,50.0,0.0,50.0,22
23694,PAISLEY PARK CARD,376,165.07999999999998,0.5885365853658536,2011-11-14,2011-12-08,41,1,18.8,0.0,15.04,376.0,0.0,376.0,25
23695,DOILY THANK YOU CARD,741,313.24,0.5042105263157894,2011-11-09,2011-12-08,57,4,33.68181818181818,0.0,24.7,765.0,0.0,765.0,30
23697,A PRETTY THANK YOU CARD,456,194.58,0.5208333333333334,2011-11-09,2011-12-08,35,3,22.8,0.0,15.2,456.0,0.0,456.0,30
23702,High Resolution Image,4,27.0,8.5,2011-10-19,2011-11-16,3,2,1.3333333333333333,0.0,0.13793103448275862,104.0,0.0,104.0,29
23843,"PAPER CRAFT , LITTLE BIRDIE",80995,168469.6,2.08,2011-12-09,2011-12-09,1,1,80995.0,1.0,80995.0,80995.0,80995.0,0.0,1
35015,JACOBS LADDER SMALL,2072,134.08,0.09128205128205129,2009-12-02,2010-11-07,39,4,60.94117647058823,-0.0,6.07624633431085,-2291.0,0.0,-2291.0,341
35071,ASSORTED SANTA CHRISTMAS DECORATION,50,51.13999999999999,2.084285714285714,2009-12-01,2009-12-09,7,2,8.333333333333334,-0.0,5.555555555555555,-150.0,0.0,-150.0,9
35160,BUDDHA INCENSE HOLDER ASSORTED,2180,1590.6399999999999,0.8171428571428571,2009-12-01,2010-10-12,56,2,41.132075471698116,0.0,6.89873417721519,1592.0,0.0,1592.0,316
35233,PASTA ENAMEL/BRASS CONTAINER,10,37.5,3.75,2009-12-08,2010-05-18,8,1,1.25,0.0,0.06172839506172839,11.0,0.0,11.0,162
35240,ENAMEL BLUE RIM OVAL TRAY SET/2,49,416.01,8.49,2010-05-27,2010-11-21,39,1,1.4411764705882353,0.0,0.2737430167597765,98.0,0.0,98.0,179
35241,ENAMEL BLUE RIM BISCUIT BIN,309,1631.42,6.062538461538462,2009-12-02,2011-05-03,130,14,2.861111111111111,0.04411764705882353,0.5965250965250966,272.0,12.0,260.0,518
35265,COLOURFUL FLOWER FRUIT BOWL,21,80.0,3.453125,2010-05-25,2011-10-02,16,1,1.3125,0.0,0.04233870967741935,10.0,0.0,10.0,496
35400,WOODEN BOX ADVENT CALENDAR ,1435,13999.1,10.473995271867611,2009-12-01,2011-11-23,419,8,12.587719298245615,0.07253086419753087,1.9847856154910097,1296.0,94.0,1202.0,723
35443,RASTA IN BATH W SPLIFF ASHTRAY,16,13.6,0.85,2009-12-06,2011-11-24,10,2,1.6,0.0,0.022253129346314324,16.0,0.0,16.0,719
35537,CANDLE RING W/CLEAR BEADS,13,5.46,0.42,2009-12-06,2010-05-19,3,1,4.333333333333333,-0.0,0.07878787878787878,-18.0,0.0,-18.0,165
35594,WOODEN CHRISTMAS TREE 3 HANGING,165,103.06,0.9984615384615384,2009-12-01,2010-10-29,39,1,4.714285714285714,0.18604651162790697,0.4954954954954955,129.0,24.0,105.0,333
35596,WOOD XMAS TREE 9 FIG SHELVES,29,24.65,0.85,2010-10-12,2010-10-22,4,1,7.25,0.0,2.6363636363636362,58.0,0.0,58.0,11
35644,PAIR PINK/BLACK COATHANGERS,21,40.95,1.95,2010-02-03,2010-11-21,7,1,3.5,0.0,0.07191780821917808,18.0,0.0,18.0,292
35645,VINTAGE BEAD PINK JEWEL BOX,61,301.81,5.501764705882353,2009-12-09,2011-10-20,34,3,1.8484848484848484,0.0,0.08957415565345081,15.0,0.0,15.0,681
35646,VINTAGE BEAD PINK EVENING BAG,642,1043.44,2.324245283018868,2009-12-02,2011-12-09,104,3,7.925925925925926,0.0,0.8699186991869918,647.0,0.0,647.0,738
35647,VINTAGE BEAD PINK SHADE ,563,748.24,1.7655999999999998,2009-12-08,2011-03-11,74,1,10.622641509433961,0.0,1.2265795206971677,563.0,0.0,563.0,459
35648,VINTAGE BEAD PINK PURSE ,1041,1270.93,1.7656849315068495,2009-12-02,2011-12-09,143,4,8.603305785123966,0.024975024975024976,1.410569105691057,1001.0,25.0,976.0,738
35649,VINTAGE BEAD COSMETIC BAG ,1826,1362.8999999999999,3.0605555555555557,2009-12-02,2011-12-08,53,2,38.041666666666664,0.0,2.4776119402985075,1783.0,0.0,1783.0,737
35650,VINTAGE BEAD PINK JEWEL STAND,3,14.850000000000001,4.95,2010-06-03,2011-08-01,3,1,1.0,-0.0,0.007058823529411765,-21.0,0.0,-21.0,425
35651,VINTAGE BEAD PINK SCARF ,459,1057.62,3.42234375,2009-12-02,2011-11-10,63,4,9.5625,0.02608695652173913,0.6473906911142454,460.0,12.0,448.0,709
35652,VINTAGE BEAD CHAISE LONG JEWEL BOX,18,21.5,3.625,2009-12-16,2010-03-08,2,1,9.0,0.0,0.21686746987951808,17.0,0.0,17.0,83
35653,VINTAGE BEAD NOTEBOOK,311,982.5300000000001,3.7116814159292035,2009-12-02,2011-08-11,113,4,3.3440860215053765,0.0,0.5032362459546925,353.0,0.0,353.0,618
35654,VINTAGE BEAD FILLED PINK CUSHION,12,59.400000000000006,4.95,2010-01-05,2010-08-04,5,1,2.4,0.0,0.05660377358490566,7.0,0.0,7.0,212
35793,S/3 PUPPIES CHRISTMAS DECORATIONS,108,216.33,3.776875,2009-12-01,2009-12-22,15,1,13.5,0.0,4.909090909090909,58.0,0.0,58.0,22
35832,WOOLLY HAT SOCK GLOVE ADVENT STRING,1737,5341.85,3.7067368421052636,2009-12-01,2010-11-04,188,9,23.794520547945204,0.001954397394136808,5.123893805309734,1535.0,3.0,1532.0,339
35837,SET OF SIX SILVER+RED FLOCK BAUBLES,2,1.7,0.85,2009-12-10,2009-12-10,1,1,2.0,-0.0,2.0,-13.0,0.0,-13.0,1
35840,FLAT GLASS  BAUBLE WHITE FLOCK ,45,107.13,3.7590909090909093,2009-12-04,2009-12-23,11,1,6.428571428571429,-0.030303030303030304,2.25,-33.0,1.0,-34.0,20
35914,PINK CHICK EGG WARMER + EGG CUP,243,336.58,1.637758620689655,2009-12-02,2011-10-19,56,3,5.785714285714286,0.0,0.3537117903930131,260.0,0.0,260.0,687
35920,FOUR RABBIT EASTER DECORATIONS,1070,296.34,1.6679166666666667,2010-01-27,2011-04-19,24,3,48.63636363636363,0.0,2.388392857142857,1056.0,0.0,1056.0,448
35921,EASTER BUNNY HANGING GARLAND,183,330.32,2.8282,2010-01-22,2011-04-19,49,3,4.575,0.00546448087431694,0.40397350993377484,183.0,1.0,182.0,453
35922,EASTER BUNNY WREATH,97,575.99,7.111666666666666,2009-12-22,2011-04-08,36,6,3.03125,0.05970149253731343,0.20507399577167018,67.0,4.0,63.0,473
35923,CANDY HEART HANGING DECORATION,1545,1023.77,1.2692920353982302,2009-12-08,2011-12-01,112,4,16.612903225806452,0.0026595744680851063,2.133977900552486,1504.0,4.0,1500.0,724
35924,HANGING FAIRY CAKE DECORATION,2164,4049.4,2.7565104166666665,2009-12-01,2011-12-08,188,8,15.132867132867133,0.09442653155228005,2.932249322493225,2171.0,205.0,1966.0,738
35930,PINK HEART CHRISTMAS DECORATION,1,0.38,0.38,2009-12-16,2009-12-16,1,1,1.0,-0.0,1.0,-8.0,0.0,-8.0,1
35931,PINK STAR CHRISTMAS DECORATION,156,78.12,0.48466666666666663,2009-12-01,2010-11-12,15,2,11.142857142857142,0.0,0.4495677233429395,156.0,0.0,156.0,347
35932,PINK CHRISTMAS TREE DECORATION,37,15.63,0.537,2009-12-04,2010-11-12,10,1,3.7,0.0,0.10755813953488372,41.0,0.0,41.0,344
35933,PINK STOCKING CHRISTMAS DECORATION,319,131.38,0.6982142857142858,2009-12-01,2011-11-06,28,4,13.291666666666666,0.0,0.4518413597733711,293.0,0.0,293.0,706
35936,CERISE+GOLD CHRISTMAS TREE DEC,36,13.68,0.38,2009-12-11,2010-10-17,9,1,4.0,0.0,0.1157556270096463,13.0,0.0,13.0,311
35937,CERISE+GOLD CHRISTMAS STOCKING DEC,188,71.44,0.38,2009-12-15,2010-10-18,17,2,12.533333333333333,0.0,0.6103896103896104,157.0,0.0,157.0,308
35945,GOLD CHRISTMAS STOCKING DECORATION,1,1.95,1.95,2009-12-18,2009-12-18,1,1,1.0,0.0,1.0,2.0,0.0,2.0,1
35950,FOLKART HEART CHRISTMAS DECORATIONS,1,1.25,1.25,2010-03-03,2010-03-03,1,1,1.0,-0.0,1.0,-100.0,0.0,-100.0,1
35951,FOLKART BAUBLE CHRISTMAS DECORATION,1352,717.99,1.1871739130434782,2009-12-01,2010-11-25,46,3,37.55555555555556,0.0,3.7555555555555555,1307.0,0.0,1307.0,360
35953,FOLKART STAR CHRISTMAS DECORATIONS,3868,2007.22,0.7825316455696203,2009-12-03,2011-12-09,155,8,44.97674418604651,0.012213740458015267,5.248303934871099,3930.0,48.0,3882.0,737
35954,SMALL FOLKART STAR CHRISTMAS DEC,2181,850.49,1.2202678571428571,2009-12-01,2011-11-09,111,3,26.27710843373494,0.0,3.076163610719323,1667.0,0.0,1667.0,709
35955,SMALL FOLKART CHRISTMAS TREE DEC,135,34.620000000000005,0.374,2009-12-01,2010-05-13,4,1,45.0,-0.0,0.823170731707317,-65.0,0.0,-65.0,164
35957,SMALLFOLKART BAUBLE CHRISTMAS DEC,3565,1254.9,1.2358108108108108,2009-12-01,2011-01-13,148,3,35.65,0.0346860908775581,8.71638141809291,2883.0,100.0,2783.0,409
35958,FOLKART ZINC STAR CHRISTMAS DEC,1131,984.6299999999999,0.9695180722891567,2009-12-03,2010-12-09,82,4,17.671875,0.0,3.0403225806451615,969.0,0.0,969.0,372
35961,FOLKART ZINC HEART CHRISTMAS DEC,11430,9514.779999999999,1.1431424148606812,2009-12-01,2011-12-08,637,11,30.725806451612904,8.648274669203493e-05,15.487804878048781,11563.0,1.0,11562.0,738
35962,12 ASS ZINC CHRISTMAS DECORATIONS,581,1351.7800000000002,2.8220833333333335,2009-12-01,2010-10-20,92,2,9.524590163934427,0.0017482517482517483,1.7932098765432098,572.0,1.0,571.0,324
35963,FOLKART ZINC CLIP ON ANGEL WINGS,101,38.38,0.38,2009-12-16,2010-09-22,11,1,9.181818181818182,0.0,0.3594306049822064,94.0,0.0,94.0,281
35964,FOLKART CLIP ON STARS,1187,689.76,1.1159701492537313,2009-12-04,2011-12-09,132,4,12.902173913043478,0.0,1.6127717391304348,1192.0,0.0,1192.0,736
35965,FOLKART HEART NAPKIN RINGS,629,1423.63,3.2986781609195406,2009-12-01,2011-11-15,174,4,4.557971014492754,0.03524229074889868,0.8797202797202798,681.0,24.0,657.0,715
35966,FOLKART CHRISTMAS TREE T-LIGHT HOLD,255,111.34,0.6815384615384615,2009-12-02,2011-08-24,26,1,11.08695652173913,0.0,0.4041204437400951,186.0,0.0,186.0,631
35967,FOLK ART METAL STAR T-LIGHT HOLDER,936,488.51,0.765625,2009-12-02,2011-12-08,112,2,9.852631578947369,0.0010351966873706005,1.2700135685210312,966.0,1.0,965.0,737
35968,FOLK ART METAL HEART T-LIGHT HOLDER,761,363.34000000000003,0.6993421052631579,2009-12-02,2011-11-01,75,3,11.191176470588236,0.035868005738880916,1.0871428571428572,697.0,25.0,672.0,700
35969,FOLKART CROWN TABLE DECORATIONS,523,542.47,1.9160526315789475,2009-12-02,2010-11-18,76,6,8.301587301587302,0.0,1.4857954545454546,470.0,0.0,470.0,352
35970,ZINC FOLKART SLEIGH BELLS,8375,15072.58,2.25901269393512,2010-03-19,2011-12-09,692,11,36.41304347826087,0.008848499342341266,13.272583201267828,8363.0,74.0,8289.0,631
35971,ROSE FOLKART HEART DECORATIONS,1963,1947.74,1.7866222222222223,2009-12-01,2011-12-05,217,3,10.905555555555555,0.008487269096355467,2.670748299319728,2003.0,17.0,1986.0,735
35972,DAISY FOLKART HEART DECORATION,440,611.38,1.7579545454545453,2009-12-04,2011-11-06,87,1,6.197183098591549,0.0,0.6258890469416786,195.0,0.0,195.0,703
35973,GERANIUM FOLKART HEART DECORATION,49,61.25,1.25,2009-12-09,2010-03-21,13,1,4.454545454545454,-0.0,0.47572815533980584,-10.0,0.0,-10.0,103
35974,S/6 CHRISTMAS TREE PLACE SETTING,1,3.75,3.75,2009-12-16,2009-12-16,1,1,1.0,-0.0,1.0,-5.0,0.0,-5.0,1
35979,SIX STRING SCANDINAVIAN HEART DECS,94,311.03000000000003,3.823571428571429,2009-12-01,2010-04-09,27,1,5.222222222222222,0.5,0.7230769230769231,24.0,12.0,12.0,130
35991,SET/6 BLACK SNOWFLAKE T-LIGHTS ,402,232.08,0.8748214285714286,2009-12-01,2010-11-17,54,1,8.375,0.0,1.1420454545454546,447.0,0.0,447.0,352
35995,SET/6 BLACK GLITTER REINDEER CANDLE,5,3.7800000000000002,0.756,2009-12-01,2009-12-23,5,1,1.0,-0.0,0.21739130434782608,-5.0,0.0,-5.0,23
35999,S/6 SCANDINAVIAN HEART T-LIGHT,1,2.55,2.55,2009-12-13,2009-12-13,1,1,1.0,0.0,1.0,29.0,0.0,29.0,1
37112,YELLOW BIRDS FELT DES FOODCOVER,10,37.5,3.75,2009-12-04,2010-02-02,5,1,2.5,-0.0,0.16393442622950818,-1.0,0.0,-1.0,61
37326,FAIRY DESIGN MUGS,2,4.609999999999999,2.3049999999999997,2010-01-11,2010-03-29,2,2,1.0,0.0,0.02564102564102564,0.0,0.0,0.0,78
37327,ASSTD MULTICOLOUR CIRCLES MUG,1739,1051.69,1.642197802197802,2009-12-02,2011-11-10,88,1,24.15277777777778,0.002621231979030144,2.452750352609309,1526.0,4.0,1522.0,709
37330,SPOTS MUG,517,927.4599999999999,2.306785714285714,2010-01-11,2011-03-22,28,2,19.14814814814815,0.05150214592274678,1.1857798165137614,233.0,12.0,221.0,436
37333,"RETRO ""TEA FOR ONE"" ",145,805.1,6.922586206896551,2009-12-03,2011-05-03,58,2,3.0208333333333335,0.0,0.2804642166344294,66.0,0.0,66.0,517
37340,MULTICOLOUR SPRING FLOWER MUG,13665,3881.33,3.3486341463414635,2009-12-01,2011-12-08,204,5,92.95918367346938,0.3656858439467135,18.516260162601625,13662.0,4996.0,8666.0,738
37342,SPOTTY COFFEE CUP & SAUCER,1629,1731.4,2.103712121212121,2009-12-07,2011-09-02,131,6,16.454545454545453,0.03580562659846547,2.5653543307086615,1564.0,56.0,1508.0,635
37343,SPOTS DESIGN MUG W PINK INSIDE,1110,1759.04,2.0845192307692306,2009-12-01,2011-03-09,104,3,11.935483870967742,0.0,2.3922413793103448,1077.0,0.0,1077.0,464
37345,ASSTD HEARTS DESIGN MUGS,321,561.05,4.038888888888889,2009-12-03,2010-01-07,9,2,40.125,0.0,8.916666666666666,253.0,0.0,253.0,36
37348,SET OF 4 PASTEL STACKING MUGS,14,35.7,2.55,2009-12-02,2010-03-31,7,1,2.0,0.2222222222222222,0.11666666666666667,9.0,2.0,7.0,120
37351,ORANGE FLOWER MUG ,5404,612.5099999999999,3.7536363636363634,2009-12-22,2011-03-20,11,2,491.27272727272725,0.0,11.90308370044053,5376.0,0.0,5376.0,454
37352,BIRD IN TREE MUG ,4643,504.55,1.10625,2009-12-17,2010-11-01,8,2,663.2857142857143,0.0,14.509375,4554.0,0.0,4554.0,320
37370,RETRO COFFEE MUGS ASSORTED,7145,10821.29,5.550721442885772,2009-12-01,2011-11-22,492,13,26.17216117216117,0.009925154572079401,9.89612188365651,6146.0,61.0,6085.0,722
37399,"ASS RETROSPOOF MUGS,SPORTS",143,75.0,0.9733333333333333,2009-12-13,2009-12-22,6,1,28.6,0.0,14.3,30.0,0.0,30.0,10
37408,ASSORTED DESIGN GEISHA GIRL MUGS,5,6.25,1.25,2009-12-04,2009-12-04,1,1,5.0,-0.0,5.0,-10.0,0.0,-10.0,1
37409,ASSORTED DESIGN FLOWER MUGS,7,5.949999999999999,0.85,2010-01-14,2010-04-11,3,1,2.3333333333333335,0.0,0.07954545454545454,1.0,0.0,1.0,88
37410,BLACK AND WHITE PAISLEY FLOWER MUG,25707,3288.65,7.556969696969697,2009-12-01,2010-04-07,33,2,1028.28,0.00023684522164765326,200.8359375,25333.0,6.0,25327.0,128
37413,ICON MUG REVOLUTIONARY,703,284.49,0.4107228915662651,2011-02-07,2011-12-05,81,2,11.915254237288135,0.0,2.327814569536424,6271.0,0.0,6271.0,302
37422,WHITE WITH BLACK CATS BOWL,434,292.08,1.3546575342465754,2009-12-01,2010-05-26,73,1,8.18867924528302,0.0,2.4519774011299433,187.0,0.0,187.0,177
37423,WHITE WITH BLACK CATS PLATE,6168,843.88,1.330285714285714,2009-12-02,2011-03-18,70,2,110.14285714285714,0.4894710661581827,13.067796610169491,6031.0,2952.0,3079.0,472
37424,WHITE WITH BLACK CATS MUG,5249,1134.68,1.2837037037037036,2009-12-01,2010-11-21,108,2,61.03488372093023,0.413307240704501,14.74438202247191,5110.0,2112.0,2998.0,356
37432,MUG PINK AND PURPLE ARABIC DESIGN,6,3.9000000000000004,0.65,2009-12-08,2009-12-08,1,1,6.0,0.0,6.0,4.0,0.0,4.0,1
37438,FUNKY FLOWER COFFEE POT,1,3.75,3.75,2009-12-13,2009-12-13,1,1,1.0,-0.0,1.0,-2.0,0.0,-2.0,1
37441,ASSORTED WHITE EMBOSSED CHINA MUGS,700,1639.8000000000002,5.037777777777778,2009-12-03,2010-08-02,54,1,14.893617021276595,0.0012755102040816326,2.880658436213992,784.0,1.0,783.0,243
37446,MINI CAKE STAND WITH HANGING CAKES,3691,5332.25,1.8811084337349397,2009-12-01,2011-12-06,410,11,15.379166666666666,0.028236707720036048,5.014945652173913,3329.0,94.0,3235.0,736
37447,CERAMIC CAKE DESIGN SPOTTED PLATE,2891,4540.849999999999,1.988224043715847,2009-12-01,2011-12-08,364,13,11.42687747035573,0.025903203817314247,3.9173441734417342,2934.0,76.0,2858.0,738
37448,CERAMIC CAKE DESIGN SPOTTED MUG,4549,6827.21,1.8049816176470588,2009-12-01,2011-12-08,528,19,14.769480519480519,0.01447051085288314,6.163956639566396,4561.0,66.0,4495.0,738
37449,CERAMIC CAKE STAND + HANGING CAKES,2382,22333.3,11.180564853556485,2009-12-01,2011-12-07,477,15,8.476868327402135,0.10680016687526074,3.23202170963365,2397.0,256.0,2141.0,737
37450,CERAMIC CAKE BOWL + HANGING CAKES,2444,7023.14,3.4510804020100503,2009-12-01,2011-12-08,391,13,9.436293436293436,0.03187250996015936,3.3116531165311653,2259.0,72.0,2187.0,738
37451,CERAMIC CAKE TEAPOT WITH CHERRY,1,4.95,4.95,2010-02-07,2010-02-07,1,1,1.0,0.4,1.0,5.0,2.0,3.0,1
37461,FUNKY MONKEY MUG,742,778.64,1.61,2009-12-01,2010-12-05,95,1,8.627906976744185,0.0012360939431396785,2.0054054054054054,809.0,1.0,808.0,370
37464,ROBOT MUG IN DISPLAY BOX,316,431.18,1.7680722891566265,2009-12-01,2010-12-17,82,3,4.787878787878788,0.0,0.8272251308900523,77.0,0.0,77.0,382
37467,PIG MUG IN TWO COLOUR DESIGNS,273,328.51,2.58890625,2009-12-02,2011-10-10,64,5,4.875,0.0,0.4026548672566372,72.0,0.0,72.0,678
37468,HARDMAN MUG 3 ASSORTED,65,39.81,1.422857142857143,2009-12-18,2011-10-19,14,1,5.0,0.0,0.09687034277198212,132.0,0.0,132.0,671
37471,MULTICOLOUR DOTS PLATE,1405,197.85,3.6599999999999993,2009-12-22,2011-10-12,10,2,140.5,0.5335413416536662,2.128787878787879,1282.0,684.0,598.0,660
37474,SET/4 2 TONE EGG SHAPE MIXING BOWLS,63,651.05,10.812222222222221,2009-12-02,2010-12-06,44,5,1.5,0.0,0.17027027027027028,37.0,0.0,37.0,370
37475,SET/4 COLOURFUL MIXING BOWLS,116,1160.56,10.565833333333332,2009-12-14,2011-12-02,72,6,1.7313432835820894,0.0,0.16133518776077885,117.0,0.0,117.0,719
37476,CONDIMENT TRAY 4 BOWLS AND 4 SPOONS,209,2010.6000000000001,11.156538461538462,2009-12-02,2011-10-20,77,4,3.073529411764706,0.0,0.30377906976744184,177.0,0.0,177.0,688
37481,CUBIC MUG TEATIME CAKES,6,15.299999999999999,2.55,2010-06-06,2010-06-06,1,1,6.0,0.0,6.0,18.0,0.0,18.0,1
37483,ENGLISH ROSE MUG IN GIFT BOX,143,232.89,2.46,2010-05-16,2010-06-08,10,1,17.875,0.0035211267605633804,5.958333333333333,284.0,1.0,283.0,24
37484,ENGLISH ROSE TEA FOR ONE GIFT BOX,1,6.75,6.75,2009-12-08,2009-12-08,1,1,1.0,0.0,1.0,2.0,0.0,2.0,1
37485,ENGLISH ROSE TEA SET IN GIFT BOX,49,207.69,4.5975,2009-12-01,2010-02-22,15,2,3.2666666666666666,0.0,0.5833333333333334,126.0,0.0,126.0,84
37495,FAIRY CAKE BIRTHDAY CANDLE SET,1560,5732.6,4.146737160120845,2009-12-04,2011-12-08,330,20,6.695278969957082,0.08981657179000632,2.122448979591837,1581.0,142.0,1439.0,735
37500,TEA TIME TEAPOT IN GIFT BOX,881,6787.46,9.145227272727272,2009-12-01,2011-12-09,263,14,4.136150234741784,0.014656144306651634,1.1921515561569689,887.0,13.0,874.0,739
37501,TEA TIME TEA SET IN GIFT BOX,481,3401.15,7.300000000000001,2009-12-02,2011-08-10,177,12,3.4855072463768115,0.018633540372670808,0.779578606158833,805.0,15.0,790.0,617
37502,TEA TIME MUG IN GIFT BOX,868,2599.79,3.311387283236994,2009-12-01,2010-07-30,171,8,8.346153846153847,0.0008244023083264633,3.5867768595041323,1213.0,1.0,1212.0,242
37503,TEA TIME CAKE STAND IN GIFT BOX,2465,25428.329999999998,11.723193116634798,2009-12-01,2010-08-01,522,14,13.694444444444445,0.021757679180887373,10.102459016393443,2344.0,51.0,2293.0,244
37506,NEW ENGLAND MILK JUG W GIFT BOX,32,190.4,5.950000000000001,2009-12-02,2010-08-24,26,1,1.2307692307692308,0.0,0.12030075187969924,33.0,0.0,33.0,266
37508,NEW ENGLAND CERAMIC CAKE SERVER,89,229.57,2.60695652173913,2009-12-01,2010-08-24,46,1,2.225,0.0,0.3333333333333333,74.0,0.0,74.0,267
37509,NEW ENGLAND MUG W GIFT BOX,28,71.39999999999999,2.55,2010-03-22,2010-12-06,14,1,2.0,0.015151515151515152,0.1076923076923077,66.0,1.0,65.0,260
40001, WHITE BAMBOO RIBS LAMPSHADE,2484,1911.6499999999999,1.0641322314049586,2009-12-06,2011-11-13,121,4,22.581818181818182,0.020870337477797513,3.5084745762711864,2252.0,47.0,2205.0,708
40002,WHITE BAMBOO RIBS LAMPSHADE,78,66.3,0.85,2009-12-18,2009-12-18,1,1,78.0,0.08823529411764706,78.0,68.0,6.0,62.0,1
40003,WHITE BAMBOO RIBS LAMPSHADE,1150,1257.02,1.5241666666666667,2009-12-18,2011-06-06,60,2,20.17543859649123,0.02,2.1455223880597014,900.0,18.0,882.0,536
40016,CHINESE DRAGON PAPER LANTERNS,15435,5487.3099999999995,1.9042857142857144,2009-12-01,2011-09-21,244,6,79.5618556701031,0.0,23.386363636363637,13734.0,0.0,13734.0,660
44228,CANNABIS LEAF BEAD CURTAIN,48,40.8,0.85,2010-11-18,2011-08-23,3,1,16.0,0.0,0.17204301075268819,87.0,0.0,87.0,279
44230,SQUARE MIRROR CURTAIN,347,3381.6200000000003,9.157547169811322,2009-12-01,2010-10-10,53,2,7.886363636363637,0.05405405405405406,1.105095541401274,185.0,10.0,175.0,314
44234,ASSORTED CIRCULAR MOBILE,1213,260.39,0.3788524590163934,2009-12-14,2011-12-09,56,2,22.462962962962962,0.0016051364365971107,1.6707988980716253,1246.0,2.0,1244.0,726
44235,ASS COL CIRCLE MOBILE ,816,303.84,0.415,2010-01-13,2011-12-07,22,1,37.09090909090909,0.0,1.175792507204611,824.0,0.0,824.0,694
44236,PINK/PURPLE CIRCLE CURTAIN,64,112.32000000000001,2.868461538461539,2010-01-24,2011-08-21,12,1,5.333333333333333,0.0,0.11130434782608696,52.0,0.0,52.0,575
44265,M/COLOUR POM-POM CURTAIN,8,34.0,4.25,2009-12-08,2011-02-10,4,1,2.0,0.0,0.018604651162790697,6.0,0.0,6.0,430
45013,FOLDING SHOE TIDY,48,132.0,2.9000000000000004,2010-05-12,2011-10-23,8,2,6.0,0.0,0.09056603773584905,22.0,0.0,22.0,530
45014,FOLDING SHIRT TIDY,1,4.65,4.65,2010-07-15,2010-07-15,1,1,1.0,0.0,1.0,1.0,0.0,1.0,1
45016,DECORATIVE NET CANOPY LEOPARD,101,423.73,5.946923076923077,2009-12-14,2010-09-09,25,1,4.590909090909091,-0.09230769230769231,0.37407407407407406,-65.0,6.0,-71.0,270
46118,FUNKY MONKEY CUSHION COVER,373,513.58,3.027945205479452,2009-12-03,2011-12-09,72,2,6.016129032258065,0.0,0.5061058344640434,374.0,0.0,374.0,737
46307,ROSES BLUE BASE CUSHION COVER ,51,246.03,5.2645454545454555,2009-12-21,2010-07-29,33,1,2.04,0.0,0.23076923076923078,110.0,0.0,110.0,221
47016,LIGHT DECORATION BATTERY OPERATED,31,65.10000000000001,2.1,2009-12-07,2011-11-01,5,1,6.2,0.0,0.04460431654676259,8.0,0.0,8.0,695
47420,ASSORTED COLOUR SUCTION CUP HOOK,358,68.02000000000001,0.19,2009-12-02,2011-12-04,31,1,11.933333333333334,-0.0,0.48840381991814463,-627.0,0.0,-627.0,733
47421,ASSORTED COLOUR LIZARD SUCTION HOOK,1463,572.6999999999999,0.41481481481481486,2010-02-07,2011-12-08,74,5,22.166666666666668,0.01068804275217101,2.183582089552239,1497.0,16.0,1481.0,670
47422,ASSORTED MONKEY SUCTION CUP HOOK,1177,458.34,0.4140845070422535,2010-02-07,2011-12-01,66,4,18.983870967741936,0.040229885057471264,1.7752639517345399,1218.0,49.0,1169.0,663
47469,ASSORTED SHAPES PHOTO CLIP SILVER ,1220,594.28,0.6308333333333334,2010-01-19,2011-12-08,29,2,43.57142857142857,0.019591836734693877,1.7706821480406385,1225.0,24.0,1201.0,689
47471,RAINBOW PEGS PHOTO CLIP STRING,428,295.72,0.9604761904761905,2009-12-01,2011-12-08,63,2,7.133333333333334,0.0,0.5799457994579946,435.0,0.0,435.0,738
47480,HANGING PHOTO CLIP ROPE LADDER,1638,2713.9799999999996,2.285066666666667,2009-12-07,2011-12-09,150,8,13.0,0.008635578583765112,2.2346521145975444,1737.0,15.0,1722.0,733
47481,50CM METAL STRING WITH  7 CLIPS,326,265.4,1.1075,2009-12-03,2011-11-29,44,6,7.409090909090909,0.0,0.4484181568088033,328.0,0.0,328.0,727
47502,POLKADOT CUTLERY 24 PCS IN TRAY,640,6855.75,14.809113924050632,2009-12-09,2010-09-13,79,5,9.846153846153847,0.06271186440677966,2.293906810035842,590.0,37.0,553.0,279
47505,MINATURE COLOURED GARDENING SET,737,3527.42,5.334722222222222,2009-12-01,2010-06-07,178,8,8.773809523809524,0.06229508196721312,3.8994708994708995,305.0,19.0,286.0,189
47554,S/3 COLOURS FLOCK TEA TOWELS,1,2.55,2.55,2009-12-06,2009-12-06,1,1,1.0,-0.0,1.0,-3.0,0.0,-3.0,1
47556,SET/2 SPOTTY + ROSE TEA TOWELS ,1,2.55,2.55,2009-12-02,2009-12-02,1,1,1.0,0.0,1.0,8.0,0.0,8.0,1
47562,ENGLISH ROSE IRONING BOARD COVER,104,390.0,3.75,2009-12-03,2010-03-29,41,1,3.0588235294117645,0.022099447513812154,0.8888888888888888,181.0,4.0,177.0,117
47566,PARTY BUNTING,28200,148318.28,5.718177449168207,2009-12-01,2011-12-09,2674,21,52.125693160813306,0.010335073977371628,38.15967523680649,27576.0,285.0,27291.0,739
47568,ENGLISH ROSE DESIGN PEG BAG,2384,4983.02,2.543430656934307,2009-12-01,2010-08-22,410,10,14.275449101796408,0.010541447053186392,8.99622641509434,2087.0,22.0,2065.0,265
47569,ENGLISH ROSE DESIGN SHOPPING BAG,1,2.55,2.55,2009-12-02,2009-12-02,1,1,1.0,-0.16666666666666666,1.0,-6.0,1.0,-7.0,1
47570,ENGLISH ROSE TABLE CLOTH,220,2373.01,12.235696202531646,2009-12-02,2010-04-26,78,5,3.5483870967741935,0.0,1.5068493150684932,99.0,0.0,99.0,146
47579,TEA TIME BREAKFAST BASKET,185,420.87,2.5601785714285716,2009-12-02,2010-12-05,55,2,4.021739130434782,0.005813953488372093,0.5013550135501355,172.0,1.0,171.0,369
47580,TEA TIME DES TEA COSY,1662,4298.599999999999,3.132997118155619,2009-12-02,2011-12-08,344,12,6.517647058823529,0.019446081319976428,2.255088195386703,1697.0,33.0,1664.0,737
47589,CONGRATULATIONS BUNTING,183,1008.73,5.597792207792208,2009-12-15,2011-05-24,76,4,2.9047619047619047,0.06962025316455696,0.34790874524714827,158.0,11.0,147.0,526
47597,NEW ENGLAND TEATOWELS,322,644.88,1.9637301587301585,2009-12-10,2010-08-31,124,2,3.7011494252873565,0.0,1.2150943396226415,300.0,0.0,300.0,265
47598,NEW ENGLAND EGG WARMER,138,89.12,0.7571875,2009-12-01,2010-06-25,32,2,5.111111111111111,0.0,0.6666666666666666,91.0,0.0,91.0,207
48103,DOOR MAT KISS MY.......,35,201.73,7.051,2009-12-18,2010-07-16,10,3,3.5,0.0,0.16587677725118483,37.0,0.0,37.0,211
48111,DOOR MAT 3 SMILEY CATS,4248,25970.0,8.748113730929266,2009-12-01,2011-12-09,720,11,11.26790450928382,0.0037105751391465678,5.7483085250338295,4312.0,16.0,4296.0,739
48116,DOOR MAT MULTICOLOUR STRIPE,3452,20712.63,8.784173387096773,2009-12-01,2011-12-08,496,9,11.583892617449665,0.0008771929824561404,4.677506775067751,3420.0,3.0,3417.0,738
48129,DOOR MAT TOPIARY,3127,19608.91,8.213369963369964,2009-12-01,2011-12-08,543,10,8.959885386819485,0.007294640025372661,4.237127371273712,3153.0,23.0,3130.0,738
48138,DOOR MAT UNION FLAG,10077,67010.31,8.034214628297361,2009-12-15,2011-12-09,1664,12,19.378846153846155,0.0050112999901739215,13.899310344827587,10177.0,51.0,10126.0,725
48175,DOOR MAT CAMOUFLAGE,39,158.04,5.02,2009-12-14,2009-12-15,2,1,19.5,0.0,19.5,39.0,0.0,39.0,2
48179,DOOR MAT SWEET HOME,34,214.47,9.736363636363636,2009-12-01,2009-12-16,11,1,3.4,0.0,2.125,18.0,0.0,18.0,16
48184,DOOR MAT ENGLISH ROSE ,4715,31142.63,8.227356051703879,2009-12-01,2011-12-08,851,15,11.252983293556087,0.002293099854075464,6.388888888888889,4797.0,11.0,4786.0,738
48185,DOOR MAT FAIRY CAKE,6822,45723.840000000004,9.175698380566802,2009-12-01,2011-12-08,983,15,14.830434782608696,0.10166005582488614,9.24390243902439,6807.0,692.0,6115.0,738
48187,DOOR MAT NEW ENGLAND,7314,46405.4,8.06861370716511,2009-12-01,2011-12-09,1282,13,14.896130346232178,0.0016205266711681297,9.897158322056834,7405.0,12.0,7393.0,739
48188,DOOR MAT WELCOME PUPPIES,4872,28639.1,8.50131805157593,2009-12-01,2011-12-06,698,14,12.556701030927835,0.0026,6.619565217391305,5000.0,13.0,4987.0,736
48189,DOOR MAT FRIENDSHIP ,1321,8470.28,9.05051094890511,2009-12-01,2011-04-26,274,9,7.421348314606742,0.007633587786259542,2.580078125,1310.0,10.0,1300.0,512
48194,DOORMAT HEARTS,7726,48726.56,8.588780487804879,2009-12-01,2011-12-08,1349,14,14.688212927756654,0.003181066293421555,10.468834688346883,7859.0,25.0,7834.0,738
48195,DOOR MAT GREEN PAISLEY ,269,1627.99,8.18344827586207,2009-12-01,2010-07-22,87,6,4.138461538461539,0.014388489208633094,1.1495726495726495,278.0,4.0,274.0,234
48197,DOOR MAT BIRD ON THE WIRE,898,5905.64,9.610977777777777,2009-12-01,2010-07-28,225,6,7.070866141732283,0.0,3.7416666666666667,897.0,0.0,897.0,240
51008,AFGHAN SLIPPER SOCK PAIR,2604,8378.8,3.4,2009-12-02,2011-11-27,80,7,40.06153846153846,0.1271865889212828,3.5867768595041323,2744.0,349.0,2395.0,726
62018,SOMBRERO ,9567,12450.85,1.7956692913385826,2009-12-02,2011-12-06,127,5,88.58333333333333,0.0,13.016326530612245,9570.0,0.0,9570.0,735
70006,LOVE HEART POCKET WARMER,4438,4139.5599999999995,1.9677364864864864,2009-12-01,2011-12-08,290,11,27.7375,0.0004462293618920125,6.013550135501355,4482.0,2.0,4480.0,738
70007,HI TEC ALPINE HAND WARMER,1306,1684.58,2.123381642512077,2009-12-01,2011-12-08,205,7,9.746268656716419,0.00873998543335761,1.7696476964769647,1373.0,12.0,1361.0,738
71038,WHITE HANGING BEADS CANDLE HOLDER,717,3789.25,5.411379310344827,2009-12-02,2011-11-28,144,2,5.690476190476191,0.014772727272727272,0.9862448418156808,880.0,13.0,867.0,727
71050,SMALL SINGLE FLAME CANDLE HOLDER,51,17.849999999999998,0.35,2010-06-08,2011-12-02,8,1,6.375,0.0,0.09392265193370165,51.0,0.0,51.0,543
71053,WHITE METAL LANTERN,4769,18906.77,4.509704301075269,2009-12-01,2011-12-09,727,7,12.259640102827763,0.01361906669337072,6.453315290933694,4993.0,68.0,4925.0,739
71143,SILVER BOOK MARK WITH BEADS,349,514.4499999999999,1.9806060606060605,2009-12-01,2011-07-13,99,1,4.532467532467533,0.003215434083601286,0.5915254237288136,311.0,1.0,310.0,590
71215,METAL BASE FOR CANDLES,177,68.1,0.4091666666666667,2009-12-09,2011-05-26,12,1,16.09090909090909,0.0,0.33146067415730335,178.0,0.0,178.0,534
71270,PHOTO CLIP LINE,370,525.4,1.67,2009-12-18,2011-12-09,81,5,4.805194805194805,0.0,0.5124653739612188,378.0,0.0,378.0,722
71279,PINK GLASS CANDLEHOLDER,293,972.1100000000001,3.8759493670886074,2009-12-01,2011-11-09,78,3,3.8552631578947367,0.056,0.4132581100141044,250.0,14.0,236.0,709
71403,"PINK/WHITE ""KEEP CLEAN"" BULLET BIN",176,656.0500000000001,4.638260869565218,2009-12-04,2011-11-16,69,4,2.75,0.0111731843575419,0.24684431977559607,179.0,2.0,177.0,713
71459,HANGING JAM JAR T-LIGHT HOLDER,32989,26738.79,1.1175858684985278,2009-12-02,2011-12-09,1017,11,74.46726862302484,0.009822179502583203,44.700542005420054,33292.0,327.0,32965.0,738
71477,COLOUR GLASS. STAR T-LIGHT HOLDER,15089,44680.75,3.7375606796116503,2009-12-01,2011-12-08,809,6,42.50422535211268,0.17032385988103108,20.44579945799458,15130.0,2577.0,12553.0,738
71510,SQUARE METAL CANDLEHOLDER BASE,177,112.05,0.7935294117647059,2009-12-17,2011-11-24,17,1,11.0625,0.0,0.25,177.0,0.0,177.0,708
72008,FROSTED BOX 9 WHITE T-LIGHT CANDLES,3819,1531.3999999999999,0.441,2009-12-01,2010-11-14,215,6,27.67391304347826,0.00370699881376038,10.94269340974212,6744.0,25.0,6719.0,349
72122,COFFEE SCENT PILLAR CANDLE,586,593.3299999999999,1.1326612903225806,2009-12-04,2011-12-08,120,2,5.689320388349515,0.0,0.7972789115646258,588.0,0.0,588.0,735
72127,COLUMBIAN CANDLE ROUND ,366,445.94,1.3138805970149254,2009-12-01,2011-11-23,65,1,6.203389830508475,0.0027247956403269754,0.5062240663900415,367.0,1.0,366.0,723
72128,COLUMBIAN CANDLE ROUND,714,442.24,0.8893406593406593,2009-12-07,2011-12-08,88,2,9.153846153846153,0.0,0.9754098360655737,730.0,0.0,730.0,732
72129,COLUMBIAN CANDLE ROUND ,74,49.11000000000001,0.7061111111111111,2009-12-18,2010-09-29,18,1,4.111111111111111,0.0,0.25874125874125875,58.0,0.0,58.0,286
72130,COLUMBIAN CANDLE ROUND,753,306.35,0.6849152542372882,2009-12-13,2011-11-30,57,1,14.20754716981132,0.0,1.0487465181058495,814.0,0.0,814.0,718
72131,COLUMBIAN CANDLE RECTANGLE,748,692.28,1.6534482758620688,2009-12-10,2011-11-25,56,2,15.26530612244898,0.020969855832241154,1.0446927374301676,763.0,16.0,747.0,716
72132,COLUMBIAN CUBE CANDLE,549,462.15,1.6935714285714287,2009-12-21,2011-11-27,28,2,21.96,0.0,0.7765205091937766,562.0,0.0,562.0,707
72133,COLUMBIAN CANDLE RECTANGLE,109,122.63,1.3336363636363635,2009-12-13,2011-12-08,31,1,3.5161290322580645,0.0,0.15013774104683195,116.0,0.0,116.0,726
72134,COLUMBIAN  CUBE CANDLE ,339,134.85,0.8983333333333333,2009-12-13,2011-12-08,29,2,12.555555555555555,0.0,0.4669421487603306,340.0,0.0,340.0,726
72232,FENG SHUI PILLAR CANDLE,6268,1190.92,0.19,2009-12-06,2011-12-09,118,2,59.695238095238096,0.0,8.539509536784742,5002.0,0.0,5002.0,734
72267,PREMIUM CHURCH CANDLE,265,530.16,2.175869565217391,2009-12-01,2010-03-28,45,1,11.041666666666666,0.0,2.2457627118644066,345.0,0.0,345.0,118
72484,ROSES IN WHITE HEART CANDLE ,1818,991.3800000000001,1.21,2009-12-02,2010-03-04,64,2,44.34146341463415,0.0,19.548387096774192,1820.0,0.0,1820.0,93
72487,ROSES WHITE ROUND CANDLE,827,355.05,1.1528571428571428,2009-12-01,2009-12-14,14,1,118.14285714285714,0.0,59.07142857142857,506.0,0.0,506.0,14
72586,"S/6 HALLOWEEN GHOST T LIGHTS, 5CM H",2303,1010.1,0.5866666666666667,2009-12-04,2011-12-01,183,6,17.446969696969695,0.01990049751243781,3.1634615384615383,1809.0,36.0,1773.0,728
72598,SET/12 TAPER CANDLES,1244,1145.76,1.1791304347826088,2009-12-01,2011-12-08,158,4,9.214814814814815,0.01732283464566929,1.6856368563685638,1270.0,22.0,1248.0,738
72708,SCULPTED ROUND IVORY CANDLE ,44,9.24,0.21000000000000002,2009-12-10,2010-08-23,5,2,8.8,0.0,0.17120622568093385,90.0,0.0,90.0,257
72709,IVORY SCULPTED RND CANDLE ,74,62.9,0.8499999999999999,2010-04-19,2011-11-13,13,2,6.166666666666667,0.0,0.1289198606271777,94.0,0.0,94.0,574
72715,SPHERICAL IVORY CANDLE ,88,36.96,0.42,2010-02-16,2010-08-26,13,1,6.769230769230769,0.0,0.4583333333333333,56.0,0.0,56.0,192
72724,SET/6 CHRISTMAS ICICLE T-LIGHTS,36,45.0,1.25,2009-12-01,2009-12-10,10,1,5.142857142857143,0.0,3.6,81.0,0.0,81.0,10
72728,ROSE SCENT CANDLES IN GLASS,643,523.15,0.8452727272727273,2009-12-10,2010-08-04,54,3,14.28888888888889,0.0,2.7016806722689077,984.0,0.0,984.0,238
72741,GRAND CHOCOLATECANDLE,19712,27239.46,1.7381798483206934,2009-12-01,2011-12-09,920,19,44.5972850678733,0.003134637747105516,26.67388362652233,19779.0,62.0,19717.0,739
72756,FAIRY CAKE CANDLES,4012,5459.48,1.46953488372093,2009-12-01,2010-06-15,129,5,167.16666666666666,0.006566850538481744,20.365482233502537,3807.0,25.0,3782.0,197
72772,SET/4 SCENTED CANDLES IN RAMEKINS,457,615.84,2.531111111111111,2009-12-13,2010-01-17,9,1,57.125,0.0,12.694444444444445,390.0,0.0,390.0,36
72779,SET/6 BLACK ROSE T-LIGHT CANDLES,48,81.12,1.69,2009-12-02,2010-05-05,15,1,3.4285714285714284,0.0,0.3096774193548387,49.0,0.0,49.0,155
72780,BLACK SILOUETTE CANDLE PLATE,514,418.18,0.8411363636363636,2009-12-06,2011-12-08,44,3,12.536585365853659,0.024291497975708502,0.7012278308321964,494.0,12.0,482.0,733
72781,BLACK SILOUETTE CANDLE PLATE ,121,229.5,2.0453333333333332,2009-12-17,2010-10-11,15,3,8.066666666666666,0.09090909090909091,0.40468227424749165,66.0,6.0,60.0,299
72783,BLACK SIL'T SQU CANDLE PLATE ,43,90.30000000000001,2.1,2009-12-01,2011-12-08,9,3,4.777777777777778,0.0,0.058265582655826556,43.0,0.0,43.0,738
72789,BASKET/8 SCENTED LOVE TOKEN CANDLES,122,461.53,3.837608695652174,2009-12-10,2010-10-10,45,2,3.128205128205128,0.056818181818181816,0.4,176.0,10.0,166.0,305
72793,BLACK BOX MIRROR LANTERN,55,268.75,5.5600000000000005,2009-12-13,2010-10-26,10,1,5.5,0.025,0.17295597484276728,40.0,1.0,39.0,318
72805,VANILLA CANDLE IN EMBOSSED ZINC POT,10,16.9,1.6900000000000002,2009-12-06,2010-02-07,3,1,3.3333333333333335,0.0,0.15625,7.0,0.0,7.0,64
72811,SMALL ZINC/GLASS CANDLEHOLDER,445,340.45,1.4468181818181818,2009-12-02,2011-12-08,22,2,20.227272727272727,0.0,0.6037991858887382,445.0,0.0,445.0,737
72812,LARGE ZINC/GLASS CANDLEHOLDER,105,288.46000000000004,3.236774193548387,2009-12-11,2011-12-08,31,3,3.5,0.0,0.14423076923076922,105.0,0.0,105.0,728
72814,SET/3 CHRISTMAS BRIAR CANDLES,266,967.9200000000001,3.8874545454545455,2009-12-01,2010-11-22,54,4,6.82051282051282,0.009950248756218905,0.7450980392156863,201.0,2.0,199.0,357
72815,3 WICK CHRISTMAS BRIAR CANDLE ,282,1083.36,3.9998591549295774,2009-12-01,2011-01-26,70,3,5.875,0.032520325203252036,0.6682464454976303,246.0,8.0,238.0,422
72816,SET/3 CHRISTMAS DECOUPAGE CANDLES,1344,1671.52,1.9589705882352941,2009-12-01,2011-10-17,136,8,14.608695652173912,0.016913319238900635,1.9591836734693877,1419.0,24.0,1395.0,686
72817,SET/2 CHRISTMAS DECOUPAGE CANDLES,1553,1671.28,1.2844907407407407,2009-12-02,2011-11-23,214,8,13.743362831858407,0.01532567049808429,2.1509695290858724,1566.0,24.0,1542.0,722
72818,CHRISTMAS DECOUPAGE CANDLE,2394,1283.1299999999999,0.8364661654135338,2009-12-02,2011-10-31,127,6,29.925,0.01506906655504395,3.424892703862661,2389.0,36.0,2353.0,699
72819,CUPID DESIGN SCENTED CANDLES,694,1174.01,2.9731914893617017,2009-12-04,2011-12-08,92,7,8.567901234567902,0.0,0.9442176870748299,710.0,0.0,710.0,735
72821,CUPID SCENTED CANDLE IN GLASS,61,100.64999999999999,1.65,2010-01-31,2011-02-10,14,1,4.357142857142857,0.05263157894736842,0.1622340425531915,57.0,3.0,54.0,376
75011,BLUE DAISY MOBILE,181,172.51,1.3900000000000001,2009-12-11,2011-11-28,15,2,12.066666666666666,0.0,0.2520891364902507,181.0,0.0,181.0,718
75131,METAL TUBE CHIME ON BAMBOO,1217,1543.03,1.700735294117647,2009-12-11,2011-04-04,68,2,19.950819672131146,0.0,2.535416666666667,1172.0,0.0,1172.0,480
75172,PAINTED SEA SHELL METAL WINDCHIME,97,100.31,2.1354545454545457,2010-06-23,2011-07-04,11,1,9.7,0.0,0.2572944297082228,62.0,0.0,62.0,377
75178,ASSTD COL BUTTERFLY/CRYSTAL W/CHIME,497,273.93,1.4991999999999999,2010-02-18,2011-12-06,25,2,19.88,0.0,0.756468797564688,499.0,0.0,499.0,657
77079,DOLPHIN WINDMILL,64,135.68,2.12,2010-03-03,2011-06-12,12,1,5.333333333333333,0.0,0.13704496788008566,111.0,0.0,111.0,467
77081,FLOWER WINDMILL,242,308.38,1.7766666666666666,2009-12-01,2010-08-31,33,2,8.344827586206897,0.005434782608695652,0.8832116788321168,184.0,1.0,183.0,274
78026,SEAGRASS S/3 SQU LAUNDRY BOX,12,139.95,19.975,2010-01-17,2010-09-03,2,1,6.0,0.0,0.05217391304347826,14.0,0.0,14.0,230
78027,SEAGRASS S/2 CORNER LAUNDRY ,6,100.15,18.03,2010-01-31,2010-09-03,5,1,1.2,-0.0,0.027777777777777776,-4.0,0.0,-4.0,216
78033,FLAG OF ST GEORGE CHAIR,76,370.6,5.525,2010-01-27,2011-10-06,16,2,5.066666666666666,0.02054794520547945,0.12297734627831715,146.0,3.0,143.0,618
78056,CAMOUFLAGE BACKPACK ON WHEELS,3,29.849999999999998,9.95,2009-12-02,2009-12-08,2,1,1.5,0.4,0.42857142857142855,5.0,2.0,3.0,7
78124,MAGAZINE RACK GEBRA ASSORTED ,730,969.61,1.8825806451612903,2009-12-03,2011-11-28,31,4,25.17241379310345,0.0,1.0055096418732783,737.0,0.0,737.0,726
79000,MOROCCAN TEA GLASS,11973,9759.91,1.3779587155963302,2009-12-01,2011-09-12,436,13,43.380434782608695,0.024008036162732296,18.391705069124423,9955.0,239.0,9716.0,651
79029,GLASS HONEYPOT WASP CATCHER,2944,5473.82,2.2632378223495704,2009-12-01,2010-08-09,343,5,19.758389261744966,0.00980392156862745,11.682539682539682,2754.0,27.0,2727.0,252
79067,CORONA MEXICAN TRAY,1615,6380.2,4.938517587939699,2009-12-01,2010-12-21,396,8,7.7272727272727275,0.011896893588896233,4.183937823834197,1513.0,18.0,1495.0,386
79072,TEATIME CAKE TIN WITH HANDLE,284,3083.2,12.714485981308412,2009-12-01,2010-03-29,107,6,5.163636363636364,0.06224066390041494,2.3865546218487395,241.0,15.0,226.0,119
79140,ASS WINDPROOF MARIJUANA LIGHTERS,15,6.3,0.42,2010-02-01,2010-06-01,2,1,7.5,-0.0,0.12396694214876033,-36.0,0.0,-36.0,121
79160,HEART SHAPE WIRELESS DOORBELL,944,1973.0700000000002,2.515767441860465,2009-12-01,2011-12-08,210,2,6.12987012987013,0.021739130434782608,1.2791327913279134,966.0,21.0,945.0,738
79163,BLACK CHAMPAGNE GLASS,1833,1240.83,2.532769230769231,2009-12-02,2011-09-18,64,2,32.732142857142854,0.002989942919271541,2.794207317073171,3679.0,11.0,3668.0,656
79164,BLACK WINE GLASS,3653,3196.0099999999998,6.560434782608695,2009-12-01,2011-11-07,91,1,47.44155844155844,0.010835214446952596,5.166902404526167,2215.0,24.0,2191.0,707
79301,FEATHER HEART LIGHTS,1,2.95,2.95,2010-01-21,2010-01-21,1,1,1.0,-3.0,1.0,-3.0,9.0,-12.0,1
79320, FLAMINGO LIGHTS,904,4357.38,5.884066666666667,2009-12-02,2010-09-22,150,7,8.60952380952381,0.01579466929911155,3.064406779661017,1013.0,16.0,997.0,295
79321,CHILLI LIGHTS,15841,80540.88,6.290666082383875,2009-12-01,2011-12-09,1135,10,36.41609195402299,0.00863300785901405,21.43572395128552,16796.0,145.0,16651.0,739
79328,BLUE FLOCK GLASS CANDLEHOLDER,594,260.76,1.4888235294117647,2009-12-01,2010-07-26,17,2,34.94117647058823,0.007352941176470588,2.495798319327731,544.0,4.0,540.0,238
79329,PINK FLOCK GLASS CANDLEHOLDER,100,65.94,1.2871428571428571,2009-12-02,2011-04-10,7,1,14.285714285714286,0.0,0.20202020202020202,72.0,0.0,72.0,495
79331,PINK FLOCK GLASS CANDLEHOLDER,60,73.6,1.3677777777777775,2010-02-10,2011-04-07,9,1,6.666666666666667,0.0,0.14218009478672985,90.0,0.0,90.0,422
79336,LIGHT PINK FLOCK GLASS CANDLEHOLDER,840,369.78000000000003,1.4557142857142857,2009-12-02,2011-09-02,21,2,42.0,0.0,1.3125,847.0,0.0,847.0,640
79337,BLUE FLOCK GLASS CANDLEHOLDER,1194,502.03000000000003,1.0266666666666666,2010-01-04,2011-07-08,21,3,56.857142857142854,0.005029337803855826,2.1669691470054446,1193.0,6.0,1187.0,551
79338,DARK PINK FLOCK GLASS CANDLEHOLDER,553,252.29000000000002,1.4692307692307693,2009-12-03,2010-03-02,13,1,42.53846153846154,0.0,6.144444444444445,516.0,0.0,516.0,90
79341,WILLOW BRANCH LIGHTS.,725,4423.6900000000005,8.0465,2009-12-01,2010-04-20,79,2,14.215686274509803,-1.4222222222222223,5.141843971631205,-315.0,448.0,-763.0,141
79403,FROSTED WHITE BASE ,216,199.01999999999998,1.1430555555555555,2009-12-18,2011-12-02,36,2,6.545454545454546,0.06451612903225806,0.3020979020979021,217.0,14.0,203.0,715
79406,FROSTED WHITE BASE ,259,65.62,0.3961904761904762,2009-12-04,2011-12-08,21,1,12.333333333333334,0.0,0.3523809523809524,259.0,0.0,259.0,735
79413,GLASS WINE GLASS DECORATIONS,30,37.5,1.25,2009-12-04,2010-05-04,9,1,5.0,0.0,0.19736842105263158,27.0,0.0,27.0,152
79532,MOSAIC GLASS BALL CANDLEHOLDER,97,121.25,1.25,2010-06-07,2010-10-05,18,1,5.705882352941177,0.0051813471502590676,0.8016528925619835,193.0,1.0,192.0,121
79534,MULTICOLOUR GLASS PLATE,116,63.800000000000004,0.55,2009-12-02,2010-10-05,16,1,7.25,0.0,0.37662337662337664,117.0,0.0,117.0,308
82069,BEECH WOOD P/FRAME,17,109.85,6.275454545454545,2009-12-16,2010-10-18,11,1,1.5454545454545454,0.0,0.05537459283387622,12.0,0.0,12.0,307
82072,WHITE WOOD SINGLE P/FRAME,5,6.25,1.25,2010-02-07,2010-08-27,3,1,1.6666666666666667,0.0,0.024752475247524754,7.0,0.0,7.0,202
82076,BEECH WOOD PHOTO FRAME ,290,403.64,2.726842105263158,2009-12-01,2010-01-27,19,1,19.333333333333332,0.0,5.0,264.0,0.0,264.0,58
82081,PINK HEARTS PHOTO ALBUM,174,451.35,5.259130434782609,2009-12-01,2010-02-24,23,2,9.157894736842104,0.0,2.0232558139534884,170.0,0.0,170.0,86
82093,HEART SHAPE BUTTON FRAME ,139,283.49,3.1478571428571427,2009-12-01,2010-01-22,28,1,8.176470588235293,0.0,2.6226415094339623,138.0,0.0,138.0,53
82095,HEART BUTTONS JEWELLERY BOX,100,600.91,6.192916666666666,2009-12-09,2011-07-05,48,4,2.272727272727273,0.0,0.17421602787456447,97.0,0.0,97.0,574
82482,WOODEN PICTURE FRAME WHITE FINISH,16914,41837.6,2.924807502467917,2009-12-01,2011-12-09,2006,14,32.71566731141199,0.026829979585885098,22.887686062246278,17145.0,460.0,16685.0,739
82483,WOOD 2 DRAWER CABINET WHITE FINISH,4878,29003.370000000003,6.514496466431095,2009-12-01,2011-12-08,1123,7,10.815964523281597,0.05631868131868132,6.609756097560975,5096.0,287.0,4809.0,738
82484,WOOD BLACK BOARD ANT WHITE FINISH,9831,56745.729999999996,7.810832625318607,2010-04-11,2011-12-09,1176,15,22.445205479452056,0.00443519188993483,16.169407894736842,11048.0,49.0,10999.0,608
82486,WOOD S/3 CABINET ANT WHITE FINISH,4728,38052.33,8.635784161490683,2009-12-01,2011-12-09,1274,8,9.399602385685885,0.021637068789548887,6.397834912043302,4899.0,106.0,4793.0,739
82551,LAUNDRY 15C METAL SIGN,5641,8081.139999999999,1.6683046357615894,2009-12-01,2011-12-08,751,10,13.592771084337349,0.0011210762331838565,7.643631436314363,5352.0,6.0,5346.0,738
82552,WASHROOM METAL SIGN,6955,9527.16,1.5468875,2009-12-02,2011-12-09,794,9,16.92214111922141,0.0010479041916167664,9.424119241192411,6680.0,7.0,6673.0,738
82553,POP'S GREASY SPOON METAL SIGN,114,237.73,2.5773809523809526,2009-12-01,2010-02-18,42,1,4.384615384615385,-0.0,1.425,-51.0,0.0,-51.0,80
82567,"AIRLINE LOUNGE,METAL SIGN",1207,2498.98,2.17200408997955,2009-12-01,2011-12-09,489,4,3.6575757575757577,0.0008635578583765112,1.6332882273342355,1158.0,1.0,1157.0,739
82578,KITCHEN METAL SIGN,5595,3129.2400000000002,0.7130898876404494,2009-12-01,2011-12-08,704,11,13.883374689826303,0.002357207615593835,7.58130081300813,5515.0,13.0,5502.0,738
82580,BATHROOM METAL SIGN,13249,7458.52,0.7649147516679022,2009-12-01,2011-12-09,1336,12,24.62639405204461,0.022014925373134327,17.92828146143437,13400.0,295.0,13105.0,739
82581,TOILET METAL SIGN,8399,4649.0,0.6903583061889251,2009-12-01,2011-12-09,913,11,18.023605150214593,0.008867241163981516,11.365358592692829,8007.0,71.0,7936.0,739
82582,AREA PATROLLED METAL SIGN,7479,15110.980000000001,2.3533042394014965,2009-12-01,2011-12-09,796,8,17.764845605700714,0.020666453059916694,10.12043301759134,6242.0,129.0,6113.0,739
82583,HOT BATHS METAL SIGN,12877,27981.99,2.760100166944908,2009-12-01,2011-12-09,1176,8,27.339702760084926,0.008580593424218123,17.42489851150203,12470.0,107.0,12363.0,739
82585,SWEET VALENCIA CANDLE+CUP,164,235.9,1.8791836734693876,2009-12-02,2010-03-02,47,1,4.96969696969697,0.1791044776119403,1.8021978021978022,67.0,12.0,55.0,91
82587,TEXRIO TOMATOES CANDLE+CUP,128,166.78,1.4558536585365853,2009-12-06,2010-05-13,40,1,4.129032258064516,0.21818181818181817,0.8050314465408805,55.0,12.0,43.0,159
82597,BOMBS AWAY METAL SIGN,1210,2569.6600000000003,2.577926267281106,2009-12-01,2010-11-01,215,2,7.9605263157894735,0.0028653295128939827,3.6011904761904763,1047.0,3.0,1044.0,336
82599,FANNY'S REST STOPMETAL SIGN,2505,5479.4400000000005,2.7062035225048926,2009-12-02,2011-05-08,506,6,9.076086956521738,0.0017497812773403325,4.789674952198853,2286.0,4.0,2282.0,523
82600,NO SINGING METAL SIGN,12675,25736.190000000002,2.4013576158940397,2009-12-01,2011-12-09,1201,15,26.35135135135135,0.0034529832168955273,17.151556156968876,12453.0,43.0,12410.0,739
82605,OLD DOC.RUSSEL METAL SIGN,268,595.07,2.3973809523809524,2009-12-02,2011-03-18,125,2,2.552380952380952,0.0,0.5677966101694916,272.0,0.0,272.0,472
82615,PINK MARSHMALLOW SCARF KNITTING KIT,582,1603.97,3.277444444444445,2009-12-02,2010-12-01,90,4,8.686567164179104,0.006756756756756757,1.5945205479452054,592.0,4.0,588.0,365
84006,MAGIC TREE -PAPER FLOWERS,1856,1738.07,1.1082075471698114,2009-12-01,2011-12-08,212,4,12.88888888888889,0.0025458248472505093,2.5149051490514904,1964.0,5.0,1959.0,738
84007,MAGIC GARDEN MOUNT FUJI,157,413.12,2.6815384615384614,2009-12-01,2010-11-30,39,1,4.757575757575758,0.0,0.4301369863013699,63.0,0.0,63.0,365
84012,MAGIC SHEEP WOOL GROWING FROM PAPER,1838,2628.47,1.7253333333333334,2009-12-01,2011-12-08,179,8,14.138461538461538,0.06518196632265073,2.4905149051490514,1841.0,120.0,1721.0,738
84016,FLAG OF ST GEORGE CAR FLAG,1004,3791.67,53.19758064516129,2009-12-07,2011-09-14,62,2,22.31111111111111,-0.0315955766192733,1.5517774343122102,-1899.0,60.0,-1959.0,647
84033,FLAG OF ST GEORGE ,392,735.38,3.4215999999999998,2010-01-15,2011-09-14,49,3,9.116279069767442,0.026422764227642278,0.6447368421052632,492.0,13.0,479.0,608
84050,PINK HEART SHAPE EGG FRYING PAN,9853,14525.0,2.1541551246537396,2009-12-01,2011-11-01,715,19,27.522346368715084,0.006547444542167497,14.055634807417974,10233.0,67.0,10166.0,701
84051,ASS COLOUR GLOWING TIARAS,746,607.98,0.8963934426229508,2009-12-06,2011-12-06,60,4,13.814814814814815,0.0,1.0205198358413132,761.0,0.0,761.0,731
84077,WORLD WAR 2 GLIDERS ASSTD DESIGNS,106139,24445.609999999997,0.2831213307240704,2009-12-01,2011-12-09,1019,15,225.82765957446807,0.015455922502698437,143.62516914749662,110249.0,1704.0,108545.0,739
84081,WHITE CERAMIC PARTY SET (5PCS),100,389.3,5.212000000000001,2009-12-02,2010-07-14,20,1,5.882352941176471,0.01,0.4444444444444444,100.0,1.0,99.0,225
84192,ASSORTED COLOUR METAL CAT ,226,271.1,1.2402564102564102,2010-02-08,2011-12-04,38,1,6.277777777777778,0.0,0.3398496240601504,115.0,0.0,115.0,665
84199,GLOW IN DARK DOLPHINS,554,121.08,0.22138888888888889,2009-12-01,2011-12-06,69,5,9.233333333333333,0.007905138339920948,0.7527173913043478,1518.0,12.0,1506.0,736
84212,"ASSORTED FLOWER COLOUR ""LEIS""",24794,11961.49,0.8430935251798561,2009-12-06,2011-12-06,277,9,117.50710900473933,0.0029031087456150963,33.91792065663475,24801.0,72.0,24729.0,731
84218,BOX/12 CHICK & EGG IN BASKET,261,503.51,2.0510204081632653,2010-01-31,2011-03-31,96,5,4.015384615384615,0.0038314176245210726,0.6141176470588235,261.0,1.0,260.0,425
84219,BOX/12 MOTHER & CHICK IN BASKET/BOW,137,303.86,2.5967857142857143,2010-01-31,2010-03-28,28,3,6.523809523809524,0.0,2.4035087719298245,149.0,0.0,149.0,57
84226,HEN HOUSE W FAMILY IN BARN & NEST,77,58.31,0.8383333333333334,2010-02-28,2011-06-08,18,2,4.529411764705882,0.0,0.16523605150214593,43.0,0.0,43.0,466
84227,HEN HOUSE W CHICK IN NEST,112,47.04,0.42,2010-02-18,2011-03-14,13,1,10.181818181818182,0.0,0.28717948717948716,224.0,0.0,224.0,390
84228,HEN HOUSE W CHICK STANDING,354,156.07,0.6284782608695653,2009-12-07,2011-11-29,46,5,8.634146341463415,0.002840909090909091,0.4896265560165975,352.0,1.0,351.0,723
84231,EASTER BUNNY WITH BASKET ON BACK,230,166.21,0.8629411764705882,2010-01-24,2011-11-04,50,1,5.609756097560975,0.0,0.35384615384615387,230.0,0.0,230.0,650
84270,ASSTD DESIGN BUBBLE GUM RING,22936,4824.3,0.2478361344537815,2009-12-01,2010-12-06,476,9,106.67906976744186,0.0887030995106036,61.82210242587601,19616.0,1740.0,17876.0,371
84292,ROSE PINK METAL FOLDING CHAIR,44,385.98,10.534285714285714,2009-12-03,2010-06-16,14,2,3.3846153846153846,0.013333333333333334,0.22448979591836735,75.0,1.0,74.0,196
84306,S/3 PINK SQUARE PLANTERS ROSES,48,557.4799999999999,12.064193548387097,2009-12-03,2011-03-22,31,2,1.7777777777777777,0.0,0.10105263157894737,24.0,0.0,24.0,475
84311,CAMOFLAGE CUSHION COVER,11,18.15,1.65,2010-02-09,2010-02-09,1,1,11.0,-0.0,11.0,-11.0,0.0,-11.0,1
84340,LARGE FIBRE OPTIC CHRISTMAS TREE,21,65.76,4.346363636363637,2009-12-01,2009-12-22,11,1,1.9090909090909092,-0.0,0.9545454545454546,-40.0,0.0,-40.0,22
84347,ROTATING SILVER ANGELS T-LIGHT HLDR,31409,71300.4,3.3425352112676054,2009-12-01,2011-12-09,756,16,122.21400778210116,0.5878111480343595,42.50202976995941,31898.0,18750.0,13148.0,739
84352,SILVER CHRISTMAS TREE BAUBLE STAND ,206,3505.58,17.837936507936508,2009-12-01,2011-09-21,126,7,2.4523809523809526,0.042682926829268296,0.31212121212121213,164.0,7.0,157.0,660
84356,POMPOM CURTAIN,750,3771.0400000000004,6.5449624060150375,2009-12-04,2011-12-09,133,7,6.6371681415929205,0.008141112618724558,1.0190217391304348,737.0,6.0,731.0,736
84358,FLOOR LAMP SHADE WOOD BASE,121,1097.48,12.642413793103447,2009-12-01,2011-08-09,29,1,4.172413793103448,0.0,0.19611021069692058,122.0,0.0,122.0,617
84360,TABLE LAMP WHITE SHADE WOOD BASE,179,956.8900000000001,6.240243902439024,2009-12-01,2011-12-05,40,1,4.589743589743589,0.0,0.24353741496598638,217.0,0.0,217.0,735
84366,VENDETTA CANVAS PICTURE,3,11.25,3.75,2010-02-02,2010-05-13,3,1,1.0,0.0,0.0297029702970297,3.0,0.0,3.0,101
84367,LA STREGA CANVAS PICTURE ,74,126.29999999999998,2.175,2009-12-09,2010-08-04,8,1,9.25,0.0,0.30962343096234307,50.0,0.0,50.0,239
84371,BIG PINK POODLE,30,257.1,17.375,2009-12-02,2010-01-25,6,1,6.0,0.0,0.5454545454545454,24.0,0.0,24.0,55
84375,SET OF 20 KIDS COOKIE CUTTERS,7575,15753.18,2.5122166874221667,2009-12-01,2011-12-09,796,17,19.52319587628866,0.007791544258525993,10.250338294993234,7829.0,61.0,7768.0,739
84378,SET OF 3 HEART COOKIE CUTTERS,11637,15388.44,1.5957911392405062,2009-12-01,2011-12-09,1248,17,24.143153526970956,0.008910386965376781,15.746955345060893,11784.0,105.0,11679.0,739
84380,SET OF 3 BUTTERFLY COOKIE CUTTERS,10405,14076.34,1.6672395369545858,2009-12-01,2011-12-09,1114,16,22.18550106609808,0.02191650853889943,14.079837618403248,10540.0,231.0,10309.0,739
84388,WISE MAN STAR SHAPE EGG PAN,70,89.03999999999999,1.4856521739130435,2009-12-01,2011-04-19,22,1,3.5,0.02531645569620253,0.13861386138613863,79.0,2.0,77.0,505
84396,6 HOOK JEWELLERY STAND BLACK DRESS,552,1380.52,5.774400000000001,2009-12-01,2010-02-24,49,2,16.235294117647058,0.0,6.4186046511627906,391.0,0.0,391.0,86
84422,PINK/BLUE DISC/MIRROR STRING,782,427.95,1.0126315789473683,2009-12-20,2011-09-16,38,1,21.72222222222222,0.0650730411686587,1.229559748427673,753.0,49.0,704.0,636
84447,6 RABBIT CHAIN EASTER,69,72.42,1.361578947368421,2010-01-27,2010-03-23,19,3,4.6,0.0,1.2321428571428572,21.0,0.0,21.0,56
84452,METAL RABBIT LADDER EASTER ,198,186.16,1.1748888888888889,2009-12-04,2011-10-20,44,2,4.95,0.10457516339869281,0.2886297376093295,153.0,16.0,137.0,686
84454,WOBBLING METAL CHICKEN EASTER,93,85.53,1.075,2009-12-07,2010-04-09,18,2,6.642857142857143,-0.0,0.75,-239.0,0.0,-239.0,124
84455,SET OF 3 RABBIT CARROTS EASTER,85,77.96,1.014,2010-01-11,2010-04-09,20,2,4.722222222222222,0.0,0.9550561797752809,55.0,0.0,55.0,89
84456,SET OF 3 RABBIT EGG EASTER,37,33.15,0.9562499999999999,2009-12-04,2010-06-25,16,1,2.466666666666667,0.32432432432432434,0.18137254901960784,37.0,12.0,25.0,204
84457,SET/3 RABBITS FLOWER SKIPPPING ROPE,291,278.72999999999996,1.1467692307692305,2010-01-24,2011-11-09,64,3,5.105263157894737,0.0,0.4442748091603053,293.0,0.0,293.0,655
84458,S/3 RABBIT FLOWER/EGG/CARROT ROPE,124,105.39999999999999,0.85,2010-01-18,2010-03-21,20,2,7.294117647058823,0.0,1.9682539682539681,76.0,0.0,76.0,63
84461,12 PINK HEN+CHICKS IN BASKET,99,253.79,2.60775,2010-01-31,2011-04-20,40,3,3.0,0.0738255033557047,0.22247191011235956,149.0,11.0,138.0,445
84462,3 PINK HEN+CHICKS IN BASKET,100,114.86,1.3264285714285715,2010-02-02,2011-04-14,14,2,7.6923076923076925,0.0,0.2288329519450801,100.0,0.0,100.0,437
84464,S/60 PINK FLUFFY CHICKS IN BOX,82,179.1,2.4954545454545456,2010-01-08,2010-02-19,11,2,9.11111111111111,0.0,1.9069767441860466,86.0,0.0,86.0,43
84465,15 PINK FLUFFY CHICKS IN BOX,32,96.51,3.041739130434783,2010-02-03,2011-11-04,23,1,1.391304347826087,0.0,0.05,27.0,0.0,27.0,640
84466,TOP SECRET PEN SET,1256,1348.36,1.6404109589041096,2009-12-01,2011-07-14,73,1,25.632653061224488,0.3557347670250896,2.1252115059221657,1116.0,397.0,719.0,591
84467,ENGLISH ROSE DESIGN QUILTED THROW,816,17477.66,24.040602409638552,2009-12-06,2010-07-27,83,4,18.545454545454547,0.002484472049689441,3.4871794871794872,805.0,2.0,803.0,234
84469,ROSE DES PADDED FLOOR CUSHION,664,2249.41,5.513863636363637,2009-12-04,2010-03-24,44,4,23.714285714285715,0.0,5.981981981981982,602.0,0.0,602.0,111
84472,PINK AND LILAC QUILTED THROW ,87,3402.32,46.424,2009-12-01,2010-05-11,30,3,3.48,0.036585365853658534,0.5370370370370371,82.0,3.0,79.0,162
84482,BUTTONS DESIGN JEWELLERY BOX,75,293.02,4.106666666666667,2009-12-06,2010-10-03,32,1,2.6785714285714284,0.5882352941176471,0.24834437086092714,17.0,10.0,7.0,302
84493,BLUE/PINK NEST STRIPE BOX,1142,111.11999999999999,1.5619999999999998,2010-06-13,2010-09-27,5,2,228.4,0.5264623955431755,10.672897196261681,1077.0,567.0,510.0,107
84497,BUTTONS AND STRIPES NOTEBOOK ,97,387.13,4.15102564102564,2009-12-02,2011-11-15,37,1,2.7714285714285714,0.0,0.13585434173669467,216.0,0.0,216.0,714
84499,BLACK FLOWER CANDLE PLATE,326,272.16999999999996,1.238780487804878,2009-12-16,2011-01-04,41,1,8.81081081081081,0.0,0.8467532467532467,273.0,0.0,273.0,385
84522,PINK PARTY SUNGLASSES,186,311.86,1.8596153846153847,2009-12-07,2011-11-22,26,3,7.153846153846154,0.0,0.25977653631284914,157.0,0.0,157.0,716
84526,GIANT BLACK SUNGLASSES,538,1503.6399999999999,2.112058823529412,2009-12-02,2010-11-18,34,1,16.8125,0.0,1.5284090909090908,575.0,0.0,575.0,352
84527,FLAMES SUNGLASSES PINK LENSES,77,146.10999999999999,2.1160869565217393,2010-03-30,2011-11-25,22,1,3.6666666666666665,0.0,0.12706270627062707,79.0,0.0,79.0,606
84539,KNITTED RABBIT DOLL ,55,90.75,1.6499999999999997,2009-12-07,2011-07-10,11,1,5.0,0.0,0.09466437177280551,74.0,0.0,74.0,581
84546,CROCHET POODLE KEYRING,21,34.64999999999999,1.6499999999999997,2010-03-01,2010-07-14,3,3,7.0,-0.0,0.15441176470588236,-24.0,0.0,-24.0,136
84548,CROCHET BEAR RED/BLUE  KEYRING,48,79.19999999999999,1.65,2009-12-03,2011-07-08,13,2,3.6923076923076925,-0.0,0.0823327615780446,-10.0,0.0,-10.0,583
84549,CROCHET WHITE RABBIT KEYRING ,75,137.26999999999998,2.368125,2009-12-08,2011-11-08,16,2,4.6875,0.0,0.10699001426533523,75.0,0.0,75.0,701
84550,CROCHET LILAC/RED BEAR KEYRING,15,24.749999999999996,1.65,2009-12-11,2011-11-25,5,1,3.0,0.0,0.02097902097902098,15.0,0.0,15.0,715
84551,CROCHET DOG KEYRING,39,64.35,1.65,2009-12-08,2011-10-06,8,1,4.875,0.0,0.058383233532934134,39.0,0.0,39.0,668
84564,6 SEGMENT COLOURED SNACK BOWL ,21,175.48000000000002,8.725454545454546,2009-12-08,2010-06-09,11,2,1.9090909090909092,0.0,0.11413043478260869,13.0,0.0,13.0,184
84567,FROSTED GLASS WITH SILVER SURROUND,9,14.85,1.65,2010-01-20,2010-01-20,1,1,9.0,0.0,9.0,8.0,0.0,8.0,1
84568,GIRLS ALPHABET IRON ON PATCHES ,37066,7788.67,0.37338709677419357,2009-12-01,2011-12-09,310,8,166.2152466367713,0.02242443096386167,50.156968876860624,38574.0,865.0,37709.0,739
84572,6 HOOK JEWEL STAND LILAC DRESS,1,8.49,8.49,2009-12-02,2009-12-02,1,1,1.0,0.0,1.0,0.0,0.0,0.0,1
84576,BLUE CAT BISCUIT BARREL PINK HEART,96,337.04,4.8925,2009-12-06,2011-07-20,32,3,3.310344827586207,0.0,0.16216216216216217,83.0,0.0,83.0,592
84578,ELEPHANT TOY WITH BLUE T-SHIRT,222,854.91,3.86859649122807,2009-12-01,2010-04-09,112,2,3.46875,0.0,1.7076923076923076,171.0,0.0,171.0,130
84580,MOUSE TOY WITH PINK T-SHIRT,1057,4051.94,3.876792873051225,2009-12-01,2011-12-08,442,10,3.802158273381295,0.003683241252302026,1.432249322493225,1086.0,4.0,1082.0,738
84581,DOG TOY WITH PINK CROCHET SKIRT,506,1920.02,3.8482627118644066,2009-12-03,2011-12-04,234,8,2.6082474226804124,0.0,0.6912568306010929,470.0,0.0,470.0,732
84582,PINK CROCHET CAT WITH SCARF,14,59.5,4.25,2009-12-01,2010-03-26,11,1,1.75,0.0,0.1206896551724138,11.0,0.0,11.0,116
84584,PINK GINGHAM CAT WITH SCARF,282,696.75,2.8196,2009-12-03,2011-07-10,75,8,4.0285714285714285,0.0,0.48205128205128206,229.0,0.0,229.0,585
84592,CROCHET ROSE PURSE WITH SUEDE BACK,173,536.4000000000001,3.443829787234043,2009-12-06,2011-11-30,47,4,3.6808510638297873,0.0,0.2386206896551724,175.0,0.0,175.0,725
84593,CROCHET ROSE DES CLOTHES HANGER,25,73.75,2.95,2009-12-06,2011-03-07,7,1,3.5714285714285716,0.0,0.05470459518599562,21.0,0.0,21.0,457
84598,BOYS ALPHABET IRON ON PATCHES,20775,4350.14,0.37119815668202766,2009-12-01,2011-12-09,217,6,116.71348314606742,0.032361368616214393,28.112313937753722,17799.0,576.0,17223.0,739
84599,CANDY STRIPE ROSE FLOOR CUSHION,15,160.15,12.04,2010-01-14,2010-04-23,6,1,3.0,-0.0,0.15,-9.0,0.0,-9.0,100
84600,NEW BAROQUE JEWELLERY BOX ,108,918.27,9.616730769230768,2009-12-02,2011-12-08,52,5,2.204081632653061,0.027777777777777776,0.14654002713704206,108.0,3.0,105.0,737
84608,ORNATE EDWARDIAN CANDLE HOLDER,6,47.7,7.95,2009-12-04,2010-01-15,4,1,1.5,-0.16666666666666666,0.13953488372093023,-12.0,2.0,-14.0,43
84609,TALL ROCOCO CANDLE HOLDER,143,1289.24,10.889473684210527,2009-12-16,2011-12-05,38,2,3.864864864864865,0.017391304347826087,0.1986111111111111,115.0,2.0,113.0,720
84615,PINK ROUND BUTTERFLY MIRROR ,240,748.48,5.614285714285714,2009-12-08,2010-04-12,21,2,14.117647058823529,0.16379310344827586,1.9047619047619047,232.0,38.0,194.0,126
84616,SILVER ROCCOCO CHANDELIER,72,1472.62,27.726799999999997,2009-12-16,2011-11-22,25,2,3.272727272727273,0.06666666666666667,0.10183875530410184,60.0,4.0,56.0,707
84617, NEW BAROQUE BLACK BOXES,11,140.25,12.75,2009-12-07,2011-11-14,7,4,1.5714285714285714,0.0,0.015536723163841809,11.0,0.0,11.0,708
84619,BLUE GINGHAM ROSE QUILT ,72,1622.96,35.91413793103448,2009-12-02,2010-03-03,29,3,4.0,0.0,0.782608695652174,65.0,0.0,65.0,92
84620,BLUE GINGHAM ROSE CUSHION COVER,121,746.61,6.5352,2009-12-02,2010-12-15,50,4,2.630434782608696,0.0,0.31926121372031663,163.0,0.0,163.0,379
84621,BLUE GINGHAM ROSE FLOOR CUSHION ,29,247.26,9.064,2009-12-14,2010-04-23,15,1,1.9333333333333333,0.0,0.22137404580152673,26.0,0.0,26.0,131
84622,PINK GINGHAM ROSE CUSHION COVER,23,152.6,7.699999999999999,2009-12-01,2010-02-01,9,2,3.2857142857142856,-0.1,0.36507936507936506,-10.0,1.0,-11.0,63
84623,PINK GINGHAM ROSE FLOOR CUSHION,56,310.44,8.072142857142858,2009-12-02,2010-03-03,14,1,4.666666666666667,0.0,0.6086956521739131,3.0,0.0,3.0,92
84626,CANDY STRIPE ROSE QUILT,1,45.95,45.95,2009-12-09,2009-12-09,1,1,1.0,-0.0,1.0,-2.0,0.0,-2.0,1
84627,CANDY STRIPE ROSE C/COVER ,50,297.5,5.95,2009-12-03,2010-09-26,19,1,2.6315789473684212,0.10126582278481013,0.16778523489932887,79.0,8.0,71.0,298
84629,WHITE 3 FRAME BIRDS AND TREE ,24,237.8,12.796153846153846,2010-02-22,2011-07-26,13,2,2.0,0.023809523809523808,0.046153846153846156,42.0,1.0,41.0,520
84630,FLOWERS AND BIRDS WALL PLAQUE,2,15.9,7.95,2010-01-21,2010-01-21,1,1,2.0,-0.0,2.0,-36.0,0.0,-36.0,1
84631,FRUIT TREE AND BIRDS WALL PLAQUE,288,1106.16,9.515999999999998,2009-12-16,2011-06-30,50,3,6.6976744186046515,0.011673151750972763,0.5124555160142349,257.0,3.0,254.0,562
84632,DECORATIVE HANGING SHELVING UNIT,15,859.25,59.040909090909096,2010-03-11,2011-07-21,11,3,1.3636363636363635,0.06666666666666667,0.030120481927710843,15.0,1.0,14.0,498
84637,KITCHEN FLOWER POTS WALL PLAQUE,585,1454.49,5.804122807017544,2009-12-14,2011-09-23,114,6,6.223404255319149,0.0,0.901386748844376,586.0,0.0,586.0,649
84638,SMALL KITCHEN FLOWER POTS PLAQUE,400,1101.55,7.495652173913044,2009-12-03,2011-10-20,69,4,7.142857142857143,0.0,0.5822416302765647,382.0,0.0,382.0,687
84648,NEW BAROQUE WALL MIRROR,1,12.75,12.75,2009-12-01,2009-12-01,1,1,1.0,0.0,1.0,0.0,0.0,0.0,1
84653,GREEN ROSE QUILT ,14,750.48,54.88166666666667,2010-01-11,2010-03-24,12,1,1.1666666666666667,0.0,0.1917808219178082,2.0,0.0,2.0,73
84656,WHITE ROSE C/COVER,22,130.9,5.950000000000001,2009-12-01,2010-05-20,13,1,1.6923076923076923,0.0,0.1286549707602339,20.0,0.0,20.0,171
84657,GREEN ROSE CUSHION COVER,246,517.48,4.4990000000000006,2009-12-18,2010-04-19,20,3,14.470588235294118,0.0,2.0,175.0,0.0,175.0,123
84658,WHITE STITCHED CUSHION COVER,214,1199.66,6.96723076923077,2009-12-01,2011-12-06,64,6,3.4516129032258065,0.0,0.2907608695652174,231.0,0.0,231.0,736
84664,CHERRY BLOSSOM BATHROOM CABINET,193,955.35,4.95,2009-12-09,2010-10-24,51,1,8.391304347826088,0.027472527472527472,0.603125,182.0,5.0,177.0,320
84665,SQUARE CHERRY BLOSSOM CABINET,226,1364.7,6.375531914893617,2009-12-09,2011-11-08,47,3,6.457142857142857,0.12093023255813953,0.32285714285714284,215.0,26.0,189.0,700
84666,SQUARE CHERRY BLOSSOM CABINET,226,892.7,3.9499999999999997,2009-12-09,2011-04-19,33,1,12.555555555555555,0.0,0.45472837022132795,221.0,0.0,221.0,497
84670,JAPANESE CROCHETED ANIMAL,5196,2128.72,0.4957671957671958,2009-12-01,2010-11-22,182,7,40.59375,0.031813361611876985,14.554621848739496,4715.0,150.0,4565.0,357
84674,FLYING PIG WATERING CAN,460,1175.93,3.208691588785047,2009-12-08,2011-12-05,106,8,4.842105263157895,0.014957264957264958,0.6318681318681318,468.0,7.0,461.0,728
84675,FROG KING WATERING CAN,206,571.71,3.6961290322580647,2009-12-03,2011-01-17,62,4,4.03921568627451,0.07339449541284404,0.5012165450121655,109.0,8.0,101.0,411
84676,BATH DUCK WATERING CAN,848,2102.46,3.1355454545454546,2009-12-03,2010-08-18,110,6,11.012987012987013,0.05826397146254459,3.2741312741312742,841.0,49.0,792.0,259
84678,CLASSICAL ROSE SMALL VASE,565,1108.28,2.8865476190476187,2009-12-08,2011-03-23,81,5,7.739726027397261,0.01864406779661017,1.1995753715498938,590.0,11.0,579.0,471
84679,CLASSICAL ROSE TABLE LAMP,14,103.3,8.95,2010-03-02,2011-12-06,4,1,3.5,0.07142857142857142,0.021705426356589147,14.0,1.0,13.0,645
84680,CLASSICAL ROSE URN,94,372.3,7.06764705882353,2009-12-03,2010-09-05,17,3,5.875,0.0392156862745098,0.33935018050541516,51.0,2.0,49.0,277
84682,CLASSICAL ROSE DISH,295,596.94,3.3329411764705887,2009-12-08,2010-09-27,49,1,6.413043478260869,0.02158273381294964,1.0034013605442176,278.0,6.0,272.0,294
84683,CLASSICAL ROSE CANDLESTAND,537,516.85,1.6375510204081631,2009-12-02,2011-05-03,46,3,12.488372093023257,0.0017985611510791368,1.0366795366795367,556.0,1.0,555.0,518
84684,BEACH HUT PHOTO FRAME,609,720.6999999999999,3.28775,2009-12-01,2010-06-04,40,3,18.454545454545453,0.08125,3.274193548387097,640.0,52.0,588.0,186
84685,BEACH HUT KEY CABINET,435,1366.17,5.732,2009-12-02,2011-05-22,125,4,4.027777777777778,0.0091324200913242,0.8100558659217877,438.0,4.0,434.0,537
84686,BEACH HUT MIRROR,389,1027.79,5.956842105263158,2009-12-01,2011-07-10,76,3,5.8059701492537314,0.052770448548812667,0.6626916524701874,379.0,20.0,359.0,587
84687,BEACH HUT SHELF W 3 DRAWERS,314,1208.06,6.919315068493151,2009-12-03,2011-11-13,73,6,4.90625,0.022222222222222223,0.44163150492264414,315.0,7.0,308.0,711
84688,BEACH HUT DESIGN BLACKBOARD,422,1313.52,5.835432098765432,2009-12-02,2011-05-12,81,4,6.205882352941177,0.12155963302752294,0.8007590132827325,436.0,53.0,383.0,527
84689,S/2 BEACH HUT TREASURE CHESTS,312,742.9,5.3012500000000005,2009-12-18,2011-05-04,40,4,8.666666666666666,0.05362776025236593,0.6202783300198808,317.0,17.0,300.0,503
84690,S/2 BEACH HUT STOOLS,27,214.65,7.95,2009-12-02,2010-08-15,14,2,1.9285714285714286,0.10526315789473684,0.10505836575875487,19.0,2.0,17.0,257
84691,PACK 20 DOLLY PEGS,2747,2225.5,1.0269491525423728,2009-12-01,2011-05-31,235,9,19.762589928057555,0.029710144927536233,5.021937842778794,2760.0,82.0,2678.0,547
84692,BOX OF 24 COCKTAIL PARASOLS,19085,9336.68,0.6297456140350877,2009-12-02,2011-12-09,1122,13,38.55555555555556,0.01061865189289012,25.860433604336045,19494.0,207.0,19287.0,738
84715,SET OF 6 ICE CREAM SKITTLES,241,734.8900000000001,3.393617021276596,2009-12-07,2011-04-13,47,5,5.738095238095238,0.0,0.48884381338742394,195.0,0.0,195.0,493
84720,DOT MATRIX CANVAS ART PICTURE,35,147.05,6.883333333333333,2010-03-03,2010-03-25,3,1,17.5,0.0,1.5217391304347827,35.0,0.0,35.0,23
84721,MANHATTAN CANVAS ART PICTURE,20,87.8,8.35,2009-12-03,2009-12-04,2,1,10.0,-0.0,10.0,-22.0,0.0,-22.0,2
84723,CHERRY BLOSSOM CANVAS ART PICTURE,54,201.3,5.95,2010-02-05,2011-08-08,12,1,4.5,0.09836065573770492,0.09818181818181818,61.0,6.0,55.0,550
84725,FREESTYLE CANVAS ART PICTURE,134,216.49999999999997,2.1155172413793104,2009-12-03,2011-09-22,29,1,4.962962962962963,0.0,0.20333839150227617,127.0,0.0,127.0,659
84726,LILLIES CANVAS PICTURE,233,394.84999999999997,2.17,2010-03-03,2010-08-20,5,1,58.25,0.0,1.3625730994152048,219.0,0.0,219.0,171
84731,3 BIRDS CANVAS SCREEN,3,3.69,1.23,2010-04-27,2011-07-31,3,1,1.0,0.0,0.006507592190889371,3.0,0.0,3.0,461
84744,S/6 SEW ON CROCHET FLOWERS,149,188.77,1.3263636363636362,2009-12-07,2011-11-15,31,5,5.137931034482759,0.0,0.21015514809590974,169.0,0.0,169.0,709
84746,PINK EASTER HENS+FLOWER,23,72.06,3.105,2009-12-07,2011-07-20,16,1,1.4375,0.0,0.038917089678511,28.0,0.0,28.0,591
84748,FOLK FELT HANGING MULTICOL GARLAND,1170,1781.12,3.4468085106382977,2009-12-18,2011-11-29,93,3,16.956521739130434,0.0,1.6432584269662922,1122.0,0.0,1122.0,712
84754,S/15 SILVER GLASS BAUBLES IN BAG,2083,2634.59,1.5527232142857144,2009-12-01,2011-09-23,218,4,16.401574803149607,0.07407407407407407,3.1465256797583083,1971.0,146.0,1825.0,662
84755,COLOUR GLASS T-LIGHT HOLDER HANGING,40439,25205.13,0.8276983503534957,2009-12-01,2011-12-09,1259,13,82.52857142857142,0.017850584000587675,54.7212449255751,40839.0,729.0,40110.0,739
84757,ENCHANTED GARDEN WROUGHT IRON TABLE,5,74.75,14.95,2010-05-16,2010-06-06,4,1,1.25,0.0,0.22727272727272727,11.0,0.0,11.0,22
84761,IVORY HANGING BIRD PLANTER ,276,768.8499999999999,3.122295081967213,2009-12-03,2010-09-16,61,3,5.2075471698113205,0.029850746268656716,0.9583333333333334,268.0,8.0,260.0,288
84763,ZINC FINISH 15CM PLANTER POTS,1517,1903.0,1.4076608187134503,2009-12-03,2011-05-27,170,3,10.534722222222221,0.0,2.804066543438078,1483.0,0.0,1483.0,541
84765,SILVER ROCOCO CANDELABRA,9,140.23,16.996666666666666,2009-12-02,2010-03-16,6,1,1.5,-0.1111111111111111,0.08571428571428572,-18.0,2.0,-20.0,105
84766,SILVER ROCOCO CANDLE STICK,200,638.0,4.57962962962963,2010-01-14,2011-11-03,27,2,8.333333333333334,0.0975609756097561,0.30349013657056145,164.0,16.0,148.0,659
84767,ZINC POLICE BOX LANTERN,195,806.22,7.395,2009-12-01,2010-03-14,6,2,32.5,0.0,1.875,184.0,0.0,184.0,104
84770,ROUND GEORGIAN SILVER MIRROR,135,419.25000000000006,3.825,2010-02-28,2010-04-08,16,1,15.0,0.45544554455445546,3.375,101.0,46.0,55.0,40
84773,RED ROSE AND LACE C/COVER,190,560.5,2.95,2009-12-01,2010-12-05,48,3,4.4186046511627906,0.01092896174863388,0.5135135135135135,183.0,2.0,181.0,370
84789,ENCHANTED BIRD PLANT CAGE,445,1558.39,4.017177419354839,2009-12-06,2011-07-21,124,3,4.320388349514563,0.017897091722595078,0.7504215851602024,447.0,8.0,439.0,593
84791,GINGHAM HEART DECORATION,334,1086.13,3.791320754716981,2009-12-01,2010-07-20,106,3,4.337662337662338,0.01729106628242075,1.4396551724137931,347.0,6.0,341.0,232
84792,ENCHANTED BIRD COATHANGER 5 HOOK,2297,10119.51,5.2575623800383875,2009-12-01,2011-12-08,519,11,6.716374269005848,0.030511388053287496,3.1124661246612466,2327.0,71.0,2256.0,738
84799,SPRIG LAVENDER ARTIFICIAL FLOWER,678,528.78,1.0358064516129033,2010-01-21,2011-04-14,31,3,23.379310344827587,0.18018018018018017,1.510022271714922,333.0,60.0,273.0,449
84807,RED POPPY ARTIFICIAL FLOWER,233,215.93,1.5414285714285714,2010-01-07,2010-05-14,7,1,33.285714285714285,0.0,1.8203125,13.0,0.0,13.0,128
84813,SET OF 4 DIAMOND NAPKIN RINGS,422,3300.7599999999998,11.604747474747473,2009-12-01,2011-12-06,99,2,5.146341463414634,0.002347417840375587,0.5733695652173914,426.0,1.0,425.0,736
84815,SET OF 3 DANISH ROSE PLANTERS,926,1183.8200000000002,5.385094339622642,2009-12-10,2010-06-15,53,9,19.291666666666668,0.0,4.925531914893617,930.0,0.0,930.0,188
84816,DANISH ROSE BEDSIDE CABINET,33,1278.3500000000001,39.45,2009-12-21,2011-08-19,20,3,1.65,0.75,0.054365733113673806,12.0,9.0,3.0,607
84817,DANISH ROSE DECORATIVE PLATE,1059,937.44,1.6346250000000002,2010-02-08,2011-12-08,79,9,15.128571428571428,0.04060434372049103,1.5829596412556053,1059.0,43.0,1016.0,669
84818,DANISH ROSE PHOTO FRAME,1788,2382.25,2.0407943925233645,2009-12-02,2011-10-30,214,9,10.706586826347305,0.062209302325581396,2.561604584527221,1720.0,107.0,1613.0,698
84819,DANISH ROSE ROUND SEWING BOX,908,1368.26,2.969368421052631,2009-12-06,2011-12-09,95,12,12.788732394366198,0.00437636761487965,1.237057220708447,914.0,4.0,910.0,734
84820,DANISH ROSE TRINKET TRAYS,323,899.37,5.308518518518519,2010-01-19,2011-12-08,54,10,6.46,0.018461538461538463,0.46879535558780844,325.0,6.0,319.0,689
84821,DANISH ROSE DELUXE COASTER,1318,742.5,0.7973333333333333,2009-12-22,2011-12-08,74,7,19.96969696969697,0.009022556390977444,1.8382147838214784,1330.0,12.0,1318.0,717
84823,DANISH ROSE FOLDING CHAIR,120,1210.0,12.363793103448277,2010-04-26,2011-02-07,29,4,7.5,0.00847457627118644,0.4166666666666667,118.0,1.0,117.0,288
84824,DANISH ROSE UMBRELLA STAND,38,676.4499999999999,18.4484375,2009-12-14,2011-11-20,32,3,1.3103448275862069,0.029411764705882353,0.05374823196605375,34.0,1.0,33.0,707
84826,ASSTD DESIGN 3D PAPER STICKERS,1734,869.08,0.6558490566037736,2009-12-06,2011-12-07,51,6,39.40909090909091,0.008365284071104914,2.3688524590163933,14345.0,120.0,14225.0,732
84827,ASS DES PHONE SPONGE CRAFT STICKER,1027,489.79,0.5545161290322581,2009-12-08,2011-12-05,29,4,39.5,0.0,1.4107142857142858,1093.0,0.0,1093.0,728
84828,JUNGLE POPSICLES ICE LOLLY HOLDERS,2503,3315.18,1.6207042253521127,2009-12-02,2011-12-09,353,14,10.09274193548387,0.014280047600158666,3.3915989159891597,2521.0,36.0,2485.0,738
84830,LARGE ENGLISH ARBORETUM,113,1195.15,15.357142857142858,2009-12-05,2010-03-07,7,1,16.142857142857142,0.02727272727272727,1.2150537634408602,110.0,3.0,107.0,93
84832,ZINC WILLIE WINKIE  CANDLE STICK,6794,6134.7,1.0830265210608425,2009-12-01,2011-12-09,630,15,19.192090395480225,0.0017391304347826088,9.193504736129904,6900.0,12.0,6888.0,739
84836,ZINC METAL HEART DECORATION,19847,24289.33,1.3774425087108013,2009-12-01,2011-12-08,1408,13,37.306390977443606,0.0050367883067502835,26.892953929539296,20251.0,102.0,20149.0,738
84837,WHITE SWEETHEARTS CABINET 4 DRAWERS,251,3210.04,13.428888888888888,2009-12-01,2010-08-02,143,2,2.3679245283018866,0.0,1.0244897959183674,214.0,0.0,214.0,245
84838,ANT WHITE HIGH RISE BIRD BOX,50,312.5,7.875,2009-12-18,2010-01-12,4,1,16.666666666666668,0.0,1.9230769230769231,45.0,0.0,45.0,26
84839,SWEETHEART KEY CABINET,1523,8747.05,7.216472081218274,2009-12-01,2010-10-26,393,7,8.144385026737968,0.008016032064128256,4.615151515151515,1497.0,12.0,1485.0,330
84840,SWEETHEART CARRY-ALL BASKET,282,2430.82,9.002642857142858,2010-05-02,2011-03-25,140,4,2.9072164948453607,0.021551724137931036,0.8597560975609756,232.0,5.0,227.0,328
84842,HELLO SAILOR BATHROOM SET,1505,744.1500000000001,4.434571428571429,2009-12-07,2011-11-27,35,2,44.26470588235294,0.4816053511705686,2.087378640776699,1495.0,720.0,775.0,721
84843,WHITE SOAP RACK WITH 2 BOTTLES,280,1731.06,7.07972972972973,2009-12-07,2011-12-07,110,8,2.88659793814433,0.007067137809187279,0.38303693570451436,283.0,2.0,281.0,731
84847,FLORAL BATHROOM SET,2330,1149.73,4.466122448979592,2009-12-14,2011-08-01,49,3,50.65217391304348,0.4814495254529767,3.9093959731543624,2318.0,1116.0,1202.0,596
84854,GIRLY PINK TOOL SET,381,2079.4700000000003,6.568198198198199,2009-12-01,2010-12-01,110,7,4.9480519480519485,0.003105590062111801,1.040983606557377,322.0,1.0,321.0,366
84855,BLOKEY SILVER TOOL SET,36,196.70000000000002,5.875,2009-12-01,2010-07-11,15,1,3.272727272727273,-0.0,0.16143497757847533,-50.0,0.0,-50.0,223
84865,NEW BAROQUE BLACK PHOTO ALBUM,77,639.42,9.396666666666667,2009-12-22,2011-07-01,48,4,1.7906976744186047,0.0,0.13824057450628366,59.0,0.0,59.0,557
84869,CANDY BUTTON PHOTO ALBUM,302,703.54,5.044615384615384,2009-12-09,2010-04-23,26,2,12.583333333333334,0.0,2.2205882352941178,289.0,0.0,289.0,136
84879,ASSORTED COLOUR BIRD ORNAMENT,80082,129324.49,1.8590344101123595,2009-12-01,2011-12-09,2807,19,137.5979381443299,0.0062918636721828215,108.36535859269283,81216.0,511.0,80705.0,739
84880,WHITE WIRE EGG HOLDER,1729,9894.99,6.7271618037135275,2009-12-03,2011-12-07,375,6,7.086065573770492,0.007214206437291898,2.3523809523809525,1802.0,13.0,1789.0,735
84881,BLUE WIRE SPIRAL CANDLE HOLDER,52,342.94,6.8808333333333325,2010-01-28,2011-07-17,24,2,2.1666666666666665,0.03125,0.09701492537313433,32.0,1.0,31.0,536
84882,GREEN WIRE STANDING CANDLE HOLDER,66,289.43,4.704166666666667,2009-12-03,2011-11-30,36,1,1.9411764705882353,0.0,0.09065934065934066,68.0,0.0,68.0,728
84886,BLUE METAL WALL SHELF,12,119.39999999999999,9.95,2010-01-28,2010-07-01,9,1,1.3333333333333333,0.0,0.07741935483870968,17.0,0.0,17.0,155
84893,ANT WHITE IRON BASKET,33,186.35000000000002,5.883333333333334,2009-12-06,2010-03-01,15,2,2.2,0.0,0.38372093023255816,17.0,0.0,17.0,86
84901,BLACK FACE LAMB WITH PANTS,123,471.13,3.8594594594594596,2009-12-01,2010-10-20,74,1,1.9838709677419355,0.0,0.37962962962962965,106.0,0.0,106.0,324
84902,PINK KNITTED COW STUFFED TOY,84,326.33,3.930377358490566,2009-12-01,2010-07-04,53,1,2.0,0.0,0.3888888888888889,23.0,0.0,23.0,216
84905,PINK BUTTERFLY C/COVER ,269,1007.91,5.029047619047619,2009-12-16,2011-06-29,105,2,3.2409638554216866,0.0,0.47950089126559714,264.0,0.0,264.0,561
84906,PINK B'FLY C/COVER W BOBBLES,66,307.47,5.32,2009-12-03,2011-05-23,21,3,3.142857142857143,0.014705882352941176,0.12290502793296089,68.0,1.0,67.0,537
84907,PINK/YELLOW PATCH CUSHION COVER,391,999.17,6.622222222222223,2009-12-02,2011-09-21,36,2,11.848484848484848,0.016216216216216217,0.5933232169954477,370.0,6.0,364.0,659
84915,HAND TOWEL PINK FLOWER AND DAISY,234,459.56,4.340810810810811,2010-03-30,2011-12-06,37,4,6.882352941176471,0.0,0.37925445705024313,241.0,0.0,241.0,617
84916,HAND TOWEL PALE BLUE W FLOWERS,261,646.4300000000001,4.468965517241379,2009-12-04,2011-05-04,58,4,5.117647058823529,0.0,0.504835589941973,235.0,0.0,235.0,517
84917,WHITE HAND TOWEL WITH BUTTERFLY,229,686.03,4.334150943396226,2010-01-07,2011-05-26,53,3,5.088888888888889,0.0,0.4534653465346535,175.0,0.0,175.0,505
84918,CREAM C/COVER W YELLOW/GREEN FLOWER,208,995.12,6.064920634920635,2009-12-06,2010-09-27,63,2,4.078431372549019,0.010309278350515464,0.7027027027027027,194.0,2.0,192.0,296
84919,L BLUE C/COVER W PINK/YELLOW FLOWER,291,1619.84,6.965581395348837,2009-12-09,2011-09-21,43,3,7.461538461538462,0.6277372262773723,0.44631901840490795,274.0,172.0,102.0,652
84920,PINK FLOWER FABRIC PONY,201,805.38,4.446590909090909,2009-12-01,2011-12-08,88,6,2.68,0.0,0.27235772357723576,178.0,0.0,178.0,738
84921,CREAM AND PINK FLOWERS PONY ,27,101.25,3.75,2009-12-13,2011-10-19,14,1,1.9285714285714286,0.0,0.03994082840236687,65.0,0.0,65.0,676
84922,PINK BUTTERFLY WASHBAG,342,808.22,5.865882352941177,2009-12-03,2011-12-02,17,1,20.11764705882353,0.0,0.4684931506849315,373.0,0.0,373.0,730
84923,PINK BUTTERFLY HANDBAG W BOBBLES,234,1017.64,4.34,2010-02-04,2011-12-09,150,1,2.034782608695652,0.0,0.34718100890207715,248.0,0.0,248.0,674
84929,ASSTD FRUIT+FLOWERS FRIDGE MAGNETS,3096,1007.5200000000001,0.3666666666666667,2009-12-01,2011-11-24,93,9,37.75609756097561,0.11151471122411914,4.276243093922652,2753.0,307.0,2446.0,724
84934,ASSTD DESIGN POP ART SLIM PEN,687,586.5,0.9153846153846155,2009-12-01,2010-04-09,13,4,57.25,-0.0007968127490039841,5.2846153846153845,-1255.0,1.0,-1256.0,130
84937,KASHMIR FOLKART TUMBLERS,2542,5394.54,4.990161290322581,2009-12-01,2010-05-07,124,6,33.01298701298701,0.010005558643690939,16.088607594936708,1799.0,18.0,1781.0,158
84942,KASHMIR FOLKART HEART DISHES,3,5.07,1.6900000000000002,2009-12-16,2010-01-24,3,1,1.0,-0.0,0.075,-4.0,0.0,-4.0,40
84944,SET OF 6 KASHMIR FOLKART BAUBLES,1135,3153.88,3.8585204081632654,2009-12-01,2011-11-04,194,8,9.30327868852459,0.05037919826652221,1.6122159090909092,1846.0,93.0,1753.0,704
84945,MULTI COLOUR SILVER T-LIGHT HOLDER,21605,17746.71,1.077181818181818,2009-12-04,2011-12-09,653,12,63.92011834319526,0.006897771489211178,29.35461956521739,22616.0,156.0,22460.0,736
84946,ANTIQUE SILVER TEA GLASS ETCHED,36696,49210.4,1.5324958030218243,2009-12-01,2011-12-09,1769,10,68.08163265306122,0.011901008827238336,49.656292286874155,38064.0,453.0,37611.0,739
84947,ANTIQUE SILVER TEA GLASS ENGRAVED,15810,18744.170000000002,1.4420343839541547,2009-12-02,2011-12-09,680,5,42.16,0.002342353448807249,21.422764227642276,16223.0,38.0,16185.0,738
84948,SILVER HANGING T-LIGHT HOLDER DOME,273,459.2099999999999,1.7905405405405406,2009-12-01,2010-05-11,36,3,9.75,0.01606425702811245,1.6851851851851851,249.0,4.0,245.0,162
84949,SILVER HANGING T-LIGHT HOLDER,11945,19015.8,1.8268847795163583,2009-12-01,2011-12-08,693,7,31.025974025974026,0.04273156438222367,16.185636856368564,12286.0,525.0,11761.0,738
84950,ASSORTED COLOUR T-LIGHT HOLDER,6041,4199.27,0.9113818181818182,2009-12-01,2011-12-08,274,8,27.96759259259259,0.007269081338513598,8.185636856368564,7979.0,58.0,7921.0,738
84962,SET/3 COLOUR PAINTED KASHMIRI STOOL,3,179.85000000000002,59.95,2010-02-22,2010-05-19,2,1,1.5,0.0,0.034482758620689655,1.0,0.0,1.0,87
84969,ASSORTED COLOUR SET 6 TEASPOONS,969,4279.93,4.862199413489736,2009-12-02,2011-12-06,341,13,3.971311475409836,0.005257623554153523,1.3183673469387756,951.0,5.0,946.0,735
84974,S/2 ZINC HEART DESIGN PLANTERS,89,879.55,9.932758620689654,2010-01-06,2011-11-01,57,1,1.679245283018868,0.010869565217391304,0.13383458646616542,92.0,1.0,91.0,665
84975,HEART SHAPED MIRROR,1990,3266.4,2.0309345794392524,2009-12-01,2010-12-08,212,5,14.316546762589928,0.004083484573502722,5.335120643431635,2204.0,9.0,2195.0,373
84976,RECTANGULAR SHAPED MIRROR,674,722.76,1.6939285714285715,2009-12-09,2011-12-08,56,6,13.215686274509803,0.022988505747126436,0.9232876712328767,609.0,14.0,595.0,730
84977,WIRE FLOWER T-LIGHT HOLDER,223,281.33,1.3086363636363636,2009-12-01,2011-03-18,44,2,5.575,0.0,0.4714587737843552,273.0,0.0,273.0,473
84978,HANGING HEART JAR T-LIGHT HOLDER,21689,28475.96,1.5126805555555554,2009-12-04,2011-12-09,1425,9,41.15559772296015,0.016788355113240012,29.46875,21503.0,361.0,21142.0,736
84987,SET OF 36 TEATIME PAPER DOILIES,8138,11864.15,1.8061029411764706,2009-12-01,2011-12-05,812,18,18.579908675799086,0.008584743684081433,11.072108843537414,8154.0,70.0,8084.0,735
84988,SET OF 72 PINK HEART PAPER DOILIES,8305,12913.24,2.097966764418377,2009-12-01,2011-12-08,1019,20,17.338204592901878,0.0056120659417748155,11.253387533875339,11404.0,64.0,11340.0,738
84990,60 GOLD AND SILVER FAIRY CAKE CASES,4248,2062.19,0.6447738693467336,2009-12-01,2011-05-08,193,4,31.466666666666665,0.006367736800212258,8.106870229007633,3769.0,24.0,3745.0,524
84991,60 TEATIME FAIRY CAKE CASES,54028,27041.21,0.6644378155117027,2009-12-01,2011-12-09,2127,22,96.65116279069767,0.006396666422984136,73.10960757780785,54716.0,350.0,54366.0,739
84992,72 SWEETHEART FAIRY CAKE CASES,34797,17259.850000000002,0.68719707057257,2009-12-01,2011-12-08,1460,20,67.17567567567568,0.011569501664879508,47.15040650406504,35438.0,410.0,35028.0,738
85006,SET 4 NURSERY DES ROUND BOXES,3049,1289.31,2.546756756756757,2009-12-01,2011-04-27,37,6,82.4054054054054,0.4941569282136895,5.943469785575049,2995.0,1480.0,1515.0,513
85007,SET OF 3 VINTAGE TEA TIME BOXES,143,399.62,4.180454545454546,2009-12-02,2010-03-02,21,3,9.533333333333333,0.023076923076923078,1.5714285714285714,130.0,3.0,127.0,91
85008,SET OF 3 CONEY ISLAND OVAL BOXES,269,1058.72,5.2247,2009-12-01,2011-04-10,99,6,3.127906976744186,0.00823045267489712,0.5423387096774194,243.0,2.0,241.0,496
85015,SET OF 12  VINTAGE POSTCARD SET,2908,2750.0,1.8354724409448817,2009-12-01,2011-12-08,254,17,14.761421319796954,0.0,3.940379403794038,2925.0,0.0,2925.0,738
85016,SET OF 6 VINTAGE NOTELETS KIT,1679,2033.33,2.36,2009-12-01,2011-05-31,167,10,12.719696969696969,0.004250151791135397,3.069469835466179,1647.0,7.0,1640.0,547
85020,ROUND PINK HEART MIRROR,240,533.48,2.571896551724138,2009-12-04,2011-12-05,58,3,4.285714285714286,0.0,0.32786885245901637,251.0,0.0,251.0,732
85030,FRENCH CHATEAU OVAL PLATTER,211,531.4499999999999,5.05344827586207,2009-12-15,2011-04-08,29,4,8.791666666666666,0.1323529411764706,0.4395833333333333,204.0,27.0,177.0,480
85038,6 CHOCOLATE LOVE HEART T-LIGHTS,2778,5803.580000000001,2.492030456852792,2009-12-01,2011-12-09,382,9,11.385245901639344,0.0,3.7591339648173205,2905.0,0.0,2905.0,739
85041,SET/4 PINK ORCHID CANDLES IN BOWL,1853,2489.87,1.7864210526315787,2009-12-01,2010-07-15,92,3,29.887096774193548,0.0074866310160427805,8.162995594713657,1870.0,14.0,1856.0,227
85042,ANTIQUE LILY FAIRY LIGHTS,2685,12234.56,4.9809797297297305,2009-12-01,2010-11-16,292,5,15.794117647058824,0.06640316205533597,7.64957264957265,2530.0,168.0,2362.0,351
85043,RED HEART CANDY POP LIGHTS,1,4.95,4.95,2010-01-04,2010-01-04,1,1,1.0,1.5,1.0,2.0,3.0,-1.0,1
85044,RED REINDEER STRING OF 20 LIGHTS,149,801.4,6.930249999999999,2009-12-01,2010-11-22,40,1,4.65625,0.056818181818181816,0.4173669467787115,88.0,5.0,83.0,357
85045,GREEN CHRISTMAS TREE STRING 20LIGHT,471,2239.34,5.623176470588236,2009-12-01,2011-11-02,83,3,7.476190476190476,0.024096385542168676,0.6709401709401709,498.0,12.0,486.0,702
85047,WHITE BEADED GARLAND STRING 20LIGHT,1051,6664.329999999999,7.060333333333333,2009-12-01,2011-01-27,236,4,7.453900709219858,0.08279569892473118,2.4846335697399526,930.0,77.0,853.0,423
85048,15CM CHRISTMAS GLASS BALL 20 LIGHTS,2685,21201.13,9.155689655172415,2009-12-01,2011-12-09,517,7,13.629441624365482,0.035571687840290384,3.6332882273342353,2755.0,98.0,2657.0,739
85050,FRENCH ENAMEL SOAP DISH WITH LID,48,100.80000000000001,2.1,2010-05-11,2010-05-11,1,1,48.0,0.0,48.0,67.0,0.0,67.0,1
85053,FRENCH ENAMEL CANDLEHOLDER,2032,4363.280000000001,2.618046875,2009-12-01,2011-12-09,378,12,8.646808510638298,0.02048975512243878,2.749661705006766,2001.0,41.0,1960.0,739
85054,FRENCH ENAMEL POT W LID,916,2495.0200000000004,3.4911538461538467,2009-12-01,2011-11-28,204,9,5.325581395348837,0.008781558726673985,1.2582417582417582,911.0,8.0,903.0,728
85055,FRENCH ENAMEL UTENSIL HOLDER,359,1442.94,4.6967592592592595,2009-12-01,2011-01-18,107,5,3.860215053763441,0.0,0.8671497584541062,371.0,0.0,371.0,414
85059,FRENCH ENAMEL WATER BASIN,701,2399.89,4.293896713615023,2009-12-01,2011-12-09,211,5,4.197604790419161,0.014245014245014245,0.9485791610284168,702.0,10.0,692.0,739
85060,WOOD FAN WITH FLOWER DESIGN,1448,1745.62,1.405909090909091,2009-12-04,2010-07-26,87,3,21.939393939393938,0.04008438818565401,6.1617021276595745,948.0,38.0,910.0,235
85062,PEARL CRYSTAL PUMPKIN T-LIGHT HLDR,3886,6363.28,1.7979190751445084,2009-12-10,2011-12-07,342,7,15.120622568093385,0.002222771054581378,5.337912087912088,4049.0,9.0,4040.0,728
85063,CREAM SWEETHEART MAGAZINE RACK,308,5426.74,18.89911111111111,2009-12-01,2010-11-18,180,6,2.5245901639344264,0.22448979591836735,0.8725212464589235,294.0,66.0,228.0,353
85064,CREAM SWEETHEART LETTER RACK,1595,7493.06,6.1648028673835125,2009-12-01,2011-01-27,279,6,10.562913907284768,0.002366863905325444,3.7706855791962175,1690.0,4.0,1686.0,423
85065,CREAM SWEETHEART TRAYS,620,7524.44,13.5696875,2009-12-02,2010-10-29,256,5,3.9240506329113924,0.05750798722044728,1.8674698795180722,626.0,36.0,590.0,332
85066,CREAM SWEETHEART MINI CHEST,3091,38599.979999999996,14.095063965884862,2009-12-01,2011-12-09,929,13,6.7785087719298245,0.03461416322642109,4.182679296346414,3149.0,109.0,3040.0,739
85067,CREAM SWEETHEART WALL CABINET,496,8201.99,20.3275,2009-12-01,2011-01-13,175,6,3.757575757575758,0.022494887525562373,1.2127139364303179,489.0,11.0,478.0,409
85068,CREAM SWEETHEART SHELF + HOOKS,960,6647.24,8.65251256281407,2009-12-01,2010-11-15,197,8,8.067226890756302,0.00522466039707419,2.742857142857143,957.0,5.0,952.0,350
85069,CREAM SWEETHEART DOUBLE SHELF,3,50.849999999999994,16.95,2009-12-11,2009-12-11,1,1,3.0,6.0,3.0,1.0,6.0,-5.0,1
85070,ANT WHITE SWEETHEART TABLE W 3 DRAW,3,320.0,106.66666666666667,2010-05-16,2010-07-26,3,1,1.0,0.2,0.041666666666666664,5.0,1.0,4.0,72
85072,OCCASIONS GIFT CARD ASSORTMENT,120,66.0,0.55,2009-12-10,2009-12-10,1,1,120.0,0.0,120.0,120.0,0.0,120.0,1
85077,KISSING REINDEER TABLE RUNNER,1,5.95,5.95,2009-12-22,2009-12-22,1,1,1.0,-0.0,1.0,-1.0,0.0,-1.0,1
85078,SCANDINAVIAN 3 HEARTS NAPKIN RING,2258,1052.02,1.4968902439024392,2009-12-03,2011-11-02,162,5,18.357723577235774,0.0006925207756232687,3.2257142857142855,1444.0,1.0,1443.0,700
85079,EMBROIDERED REINDEER DECORATION,23,32.25,1.4144444444444444,2009-12-03,2009-12-23,8,1,3.2857142857142856,0.0,1.0952380952380953,12.0,0.0,12.0,21
85080,PADDED RED HEART DECORATION,113,55.76,0.5331818181818182,2009-12-02,2010-09-26,22,1,5.947368421052632,0.0,0.3779264214046823,59.0,0.0,59.0,299
85081,PADDED HOLLY CHRISTMAS DECORATION ,104,46.17,0.45772727272727276,2009-12-09,2010-10-07,21,1,5.777777777777778,0.0,0.3432343234323432,69.0,0.0,69.0,303
85083,KISS REINDEER SCANDINAVIAN STOCKING,5,12.75,2.55,2009-12-03,2009-12-10,2,1,2.5,0.5,0.625,12.0,6.0,6.0,8
85084,HOLLY TOP CHRISTMAS STOCKING,682,681.4,1.0668965517241378,2009-12-08,2010-12-21,84,2,13.372549019607844,0.0,1.799472295514512,639.0,0.0,639.0,379
85087,CANDY SPOT CUSHION COVER,420,1392.64,3.6293150684931508,2009-12-04,2011-10-07,146,5,3.853211009174312,0.0049382716049382715,0.6240713224368499,405.0,2.0,403.0,673
85088,CANDY SPOT HAND BAG,347,723.85,2.3424050632911393,2009-12-02,2011-11-30,78,8,4.957142857142857,0.011527377521613832,0.47599451303155005,347.0,4.0,343.0,729
85089,CANDY SPOT BUNNY,99,317.54,3.9010000000000002,2009-12-02,2011-11-17,29,4,3.6666666666666665,0.0,0.138268156424581,81.0,0.0,81.0,716
85090,CANDY SPOT APRON,106,559.2800000000001,5.87925925925926,2009-12-01,2010-11-24,53,4,2.4651162790697674,-4.0,0.29526462395543174,-2.0,8.0,-10.0,359
85091,CANDY SPOT BREAD BASKETS,343,548.81,5.513,2009-12-14,2010-08-15,20,2,20.176470588235293,0.04956268221574344,1.4,343.0,17.0,326.0,245
85092,CANDY SPOT TEA COSY,391,622.57,4.058333333333333,2010-01-11,2011-02-20,24,3,17.0,0.06282722513089005,0.9630541871921182,382.0,24.0,358.0,406
85093,CANDY SPOT EGG WARMER HARE,1361,1091.21,1.192549019607843,2009-12-07,2011-11-03,152,6,12.151785714285714,0.0022010271460014674,1.9526542324246772,1363.0,3.0,1360.0,697
85094,CANDY SPOT EGG WARMER RABBIT,760,360.99,0.8366666666666667,2009-12-15,2011-12-09,108,4,9.268292682926829,0.001310615989515072,1.0482758620689656,763.0,1.0,762.0,725
85095,THREE CANVAS LUGGAGE TAGS,174,259.09,1.7959183673469388,2010-08-19,2011-12-05,49,4,4.35,0.0,0.3670886075949367,175.0,0.0,175.0,474
85096,HILDA CANDY SPOT RABBIT,164,676.92,4.50089552238806,2009-12-04,2011-12-05,66,3,2.5625,0.00641025641025641,0.22404371584699453,156.0,1.0,155.0,732
85103, SILVER T-LIGHT SETTING,317,2153.43,7.735057471264368,2009-12-02,2011-07-19,87,2,4.283783783783784,0.1602787456445993,0.5327731092436975,287.0,46.0,241.0,595
85104,SILVER GLASS T-LIGHT SET,351,1024.49,3.1303389830508475,2009-12-01,2011-12-06,56,1,7.02,2.0,0.47690217391304346,4.0,8.0,-4.0,736
85106,CUT GLASS HEXAGON T-LIGHT HOLDER,1190,2271.24,2.4219999999999997,2009-12-08,2011-11-28,59,1,22.884615384615383,0.0,1.6504854368932038,666.0,0.0,666.0,721
85107,CUT GLASS T-LIGHT HOLDER OCTAGON,1203,2274.79,2.426944444444444,2009-12-02,2011-12-06,70,1,19.403225806451612,0.0,1.636734693877551,1670.0,0.0,1670.0,735
85109,PINK BOUDOIR T-LIGHT HOLDER,4211,475.43,0.787,2009-12-11,2010-12-19,20,3,233.94444444444446,0.46279357231149565,11.259358288770054,4045.0,1872.0,2173.0,374
85110,BLACK SILVER FLOWER T-LIGHT HOLDER,11520,1138.04,0.6665217391304348,2009-12-10,2010-09-27,23,2,548.5714285714286,0.43879505484938186,39.45205479452055,11486.0,5040.0,6446.0,292
85111,SILVER GLITTER FLOWER VOTIVE HOLDER,2907,954.15,0.7558974358974359,2009-12-02,2011-12-08,77,2,43.38805970149254,0.0511727078891258,3.944369063772049,2814.0,144.0,2670.0,737
85112,S/3 TEAR DROP CUT GLASS DECORATION,465,412.77,1.6549999999999998,2009-12-01,2010-02-07,34,1,25.833333333333332,0.0,6.739130434782608,90.0,0.0,90.0,69
85113,POLKA DOT PISTACHIO PAIL,285,591.6600000000001,2.310612244897959,2009-12-02,2010-08-19,48,4,7.5,0.0,1.0919540229885059,229.0,0.0,229.0,261
85116,BLACK CANDELABRA T-LIGHT HOLDER,1817,2206.2400000000002,1.560054945054945,2009-12-01,2011-10-14,181,6,13.071942446043165,0.014705882352941176,2.6603221083455346,2040.0,30.0,2010.0,683
85117,NIGHTINGALE COATHOOK WHITE,347,594.3199999999999,2.2267213114754094,2009-12-05,2010-05-04,61,2,7.711111111111111,0.0,2.2980132450331126,278.0,0.0,278.0,151
85118,HEART T-LIGHT HOLDER,2054,1133.68,1.2466666666666666,2009-12-07,2011-01-17,81,3,29.768115942028984,0.09899569583931134,5.046683046683047,2091.0,207.0,1884.0,407
85119,WATERING CAN SINGLE HOOK PISTACHIO,413,567.48,1.7169999999999999,2009-12-15,2010-12-07,39,4,11.162162162162161,0.04419889502762431,1.1536312849162011,362.0,16.0,346.0,358
85125,SMALL ROUND CUT GLASS CANDLESTICK,309,1479.51,5.313709677419355,2009-12-01,2011-11-27,62,3,5.618181818181818,0.015625,0.4250343878954608,256.0,4.0,252.0,727
85126,LARGE ROUND CUTGLASS CANDLESTICK,156,1069.16,7.093999999999999,2009-12-01,2010-12-21,34,3,4.588235294117647,0.08695652173913043,0.40414507772020725,115.0,10.0,105.0,386
85127,SMALL SQUARE CUT GLASS CANDLESTICK,276,1710.67,6.974634146341464,2009-12-01,2011-12-05,81,3,3.8333333333333335,0.017123287671232876,0.37551020408163266,292.0,5.0,287.0,735
85128,PLANTPOT SINGLE HOOK PISTACHIO,167,188.95000000000002,2.4125,2009-12-04,2010-01-12,4,1,41.75,0.0,4.175,156.0,0.0,156.0,40
85141,JARDIN ETCHED GLASS FRUITBOWL,182,1286.44,8.083424657534247,2009-12-15,2011-06-16,71,3,3.1379310344827585,0.058823529411764705,0.331511839708561,187.0,11.0,176.0,549
85142,JARDIN ETCHED GLASS GINGER JAR,57,502.58,9.403823529411765,2009-12-06,2010-07-08,34,2,1.7272727272727273,-0.02702702702702703,0.2651162790697674,-37.0,1.0,-38.0,215
85144,JARDIN ETCHED GLASS BUTTER DISH,287,1046.85,5.311111111111111,2009-12-06,2011-05-03,70,4,4.783333333333333,0.007905138339920948,0.5583657587548638,253.0,2.0,251.0,514
85145,JARDIN ETCHED GLASS LARGE BELL JAR,91,809.05,9.403333333333334,2009-12-17,2011-04-28,30,1,3.5,0.0297029702970297,0.1827309236947791,101.0,3.0,98.0,498
85146,JARDIN ETCHED GLASS SMALL BELL JAR,118,599.38,5.614516129032259,2010-03-26,2011-04-07,29,1,4.37037037037037,0.0,0.31216931216931215,126.0,0.0,126.0,378
85147,JARDIN ETCHED GLASS CANDLEHLDR LONG,61,301.95000000000005,4.95,2009-12-01,2010-05-02,16,1,4.357142857142857,0.04081632653061224,0.39869281045751637,49.0,2.0,47.0,153
85150,LADIES & GENTLEMEN METAL SIGN,8361,20237.72,3.0002421524663676,2009-12-01,2011-12-09,1110,13,19.045558086560366,0.0031526615739056628,11.313937753721245,8247.0,26.0,8221.0,739
85151,WELCOME METAL SIGN,44,55.0,1.25,2009-12-02,2009-12-14,8,1,8.8,0.0,3.3846153846153846,56.0,0.0,56.0,13
85152,HAND OVER THE CHOCOLATE   SIGN ,16373,31483.7,2.30101902173913,2009-12-01,2011-12-09,1460,11,31.91617933723197,0.006186451059659439,22.155615696887686,16326.0,101.0,16225.0,739
85157,SET OF 2 CHESTS CHOCOLAT AU LAIT,1,12.72,12.72,2010-01-13,2010-01-13,1,1,1.0,0.0,1.0,1.0,0.0,1.0,1
85161,ACRYLIC GEOMETRIC LAMP,51,863.85,18.25212121212121,2009-12-10,2011-11-27,32,3,1.7,0.08333333333333333,0.07103064066852367,24.0,2.0,22.0,718
85165,CANDY PINK FRENCH BOUDOIR CLOCK,90,872.76,10.221379310344828,2009-12-02,2010-06-21,58,2,1.8,0.0,0.44554455445544555,83.0,0.0,83.0,202
85171,S/2 HYACINTH BULB CANDLES,1,2.55,2.55,2009-12-07,2009-12-07,1,1,1.0,-0.0,1.0,-1.0,0.0,-1.0,1
85172,HYACINTH BULB T-LIGHT CANDLES,4271,2274.56,1.2240522875816993,2009-12-01,2011-12-06,150,6,32.853846153846156,0.06222041480276535,5.802989130434782,2459.0,153.0,2306.0,736
85173,SET/6 FROG PRINCE T-LIGHT CANDLES,1018,1826.07,2.905894039735099,2009-12-03,2011-12-09,150,4,8.209677419354838,0.004897159647404506,1.3812754409769334,1021.0,5.0,1016.0,737
85174,S/4 CACTI CANDLES,1459,7193.46,6.645643835616438,2009-12-01,2011-12-09,357,8,5.906882591093117,0.09191655801825294,1.9742895805142084,1534.0,141.0,1393.0,739
85175,CACTI T-LIGHT CANDLES,15566,6606.26,1.0437387387387387,2009-12-01,2011-11-28,442,11,54.048611111111114,0.04791192103264996,21.38186813186813,13170.0,631.0,12539.0,728
85176,SEWING SUSAN 21 NEEDLE SET,2748,2293.0,1.137843137254902,2009-12-01,2011-12-08,306,8,12.052631578947368,0.005763688760806916,3.7235772357723578,2776.0,16.0,2760.0,738
85177,BASKET OF FLOWERS SEWING KIT,1820,1514.78,0.9903496503496504,2009-12-02,2011-12-09,143,6,14.330708661417322,0.000544069640914037,2.4661246612466123,1838.0,1.0,1837.0,738
85178,VICTORIAN SEWING KIT,5478,6024.5199999999995,1.363103448275862,2009-12-01,2011-12-09,313,15,25.36111111111111,0.053482587064676616,7.412719891745602,5628.0,301.0,5327.0,739
85187,S/12 MINI RABBIT EASTER,479,816.4799999999999,1.9455357142857141,2010-01-13,2011-11-27,109,3,5.771084337349397,0.0,0.7002923976608187,481.0,0.0,481.0,684
85189,HANGING BUTTERFLY  EGG,1176,967.9499999999999,0.9401449275362319,2009-12-16,2011-03-16,68,4,24.5,0.03278688524590164,2.5789473684210527,1098.0,36.0,1062.0,456
85190,PINK FLOWER HANGING HEART ,138,122.46,1.153529411764706,2009-12-14,2010-03-17,17,1,11.5,-0.2608695652173913,1.4680851063829787,-23.0,6.0,-29.0,94
85195,HANGING HEART BASKET,146,269.44000000000005,2.205294117647059,2009-12-04,2011-03-16,17,3,8.588235294117647,0.00819672131147541,0.31196581196581197,122.0,1.0,121.0,468
85196,EASTER BUNNIES ON A STICK,1564,831.0400000000001,0.875492957746479,2009-12-07,2010-03-29,71,6,34.75555555555555,0.009623095429029671,13.84070796460177,1247.0,12.0,1235.0,113
85197,SET OF 12 MINI BUNNIES IN A BUCKET,1669,959.46,2.0594736842105266,2009-12-06,2011-07-29,74,5,29.803571428571427,0.0,2.777038269550749,1631.0,0.0,1631.0,601
85198,ASSORTED FARMYARD ANIMALS IN BUCKET,3859,1469.4999999999998,1.0133962264150944,2009-12-07,2011-05-18,51,5,87.70454545454545,0.0,7.308712121212121,3660.0,0.0,3660.0,528
85200,BUNNY EGG BOX,1045,1319.09,1.3532075471698113,2009-12-07,2011-04-18,105,5,15.367647058823529,0.011988011988011988,2.0983935742971886,1001.0,12.0,989.0,498
85202,HANGING WOOD AND FELT HEART,1208,570.09,0.5805045871559633,2009-12-14,2011-11-29,208,3,7.411042944785276,0.019591836734693877,1.687150837988827,1225.0,24.0,1201.0,716
85203,HANGING WOOD AND FELT BUTTERFLY ,1463,665.91,0.5662337662337663,2009-12-08,2011-12-05,224,5,8.708333333333334,0.0,2.0096153846153846,1469.0,0.0,1469.0,728
85204,HANGING WOOD AND FELT FLOWER,2353,460.9,0.3968789808917197,2009-12-14,2011-12-07,154,5,17.69172932330827,0.0008136696501220504,3.25,1229.0,1.0,1228.0,724
85208,SET/12 FUNKY FELT FLOWER PEG IN BAG,420,836.94,2.1542528735632187,2009-12-01,2011-11-29,87,1,5.526315789473684,0.0,0.5761316872427984,407.0,0.0,407.0,729
85211,S/4 GROOVY CAT MAGNETS,306,467.4,2.055128205128205,2009-12-01,2011-10-13,75,2,4.434782608695652,0.018796992481203006,0.44868035190615835,266.0,5.0,261.0,682
85212,MINI PAINTED GARDEN DECORATION ,2831,1096.56,0.7305785123966941,2009-12-02,2011-12-07,121,5,26.212962962962962,0.0,3.8464673913043477,2872.0,0.0,2872.0,736
85213,MINI  ZINC GARDEN DECORATIONS ,1378,828.9999999999999,1.051,2009-12-13,2011-07-31,80,7,19.408450704225352,0.0006752194463200541,2.3120805369127515,1481.0,1.0,1480.0,596
85214,TUB 24 PINK FLOWER PEGS,514,886.2299999999999,1.8383625730994149,2009-12-06,2011-08-10,169,2,3.8646616541353382,0.0,0.8384991843393148,503.0,0.0,503.0,613
85215,ASSORTED CHEESE FRIDGE MAGNETS,831,643.89,1.6874626865671642,2009-12-10,2011-08-10,66,7,14.084745762711865,0.0,1.3645320197044335,571.0,0.0,571.0,609
85216,ASSORTED CAKES FRIDGE MAGNETS,2849,2154.2200000000003,2.02281914893617,2009-12-01,2011-11-18,187,11,20.35,0.02060555088309504,3.967966573816156,2378.0,49.0,2329.0,718
85217,ASSORTED ICE CREAM FRIDGE MAGNETS,2869,1981.8500000000001,1.7262424242424241,2009-12-01,2010-09-09,164,11,24.521367521367523,0.036226415094339624,10.137809187279151,2650.0,96.0,2554.0,283
85218,S/5 MINI ICE CREAM FRIDGE MAGNETS,1992,625.1999999999999,0.875,2010-01-14,2010-02-15,2,2,996.0,0.001946787800129786,60.36363636363637,1541.0,3.0,1538.0,33
85220,SMALL FAIRY CAKE FRIDGE MAGNETS,12236,6875.0,1.3,2009-12-02,2010-02-17,5,4,2447.2,0.21011705685618728,156.87179487179486,11960.0,2513.0,9447.0,78
85221,ASSORTED COLOUR SILK COIN PURSE,3558,1685.46,1.0245833333333334,2009-12-02,2010-05-10,47,3,93.63157894736842,0.05442459493144994,22.2375,2407.0,131.0,2276.0,160
85222,ASSORTED COLOUR SILK COSMETIC PURSE,1406,1579.68,2.2184615384615385,2009-12-02,2010-06-21,50,2,34.292682926829265,0.008,6.96039603960396,250.0,2.0,248.0,202
85224,ASSORTED COLOUR SILK GLASSES CASE,2004,1120.96,1.9365625,2009-12-02,2011-03-23,61,1,37.111111111111114,0.0,4.20125786163522,1512.0,0.0,1512.0,477
85225,BLING KEY RING STAND,19,22.5,1.2045454545454546,2009-12-13,2011-12-07,11,1,1.7272727272727273,0.0,0.02620689655172414,19.0,0.0,19.0,725
85227,SET/6 3D KIT CARDS FOR KIDS,3440,3086.44,1.1122246696035243,2009-12-01,2011-12-09,442,15,12.6007326007326,0.008443568815085843,4.654939106901218,3553.0,30.0,3523.0,739
90020,FILIGREE DIAMANTE CHAIN,6,76.23,12.682500000000001,2009-12-17,2011-08-30,4,2,1.5,0.0,0.00964630225080386,6.0,0.0,6.0,622
90021,LASER CUT MULTI STRAND NECKLACE,5,59.75,11.95,2010-08-18,2011-04-27,4,1,1.25,0.0,0.019762845849802372,5.0,0.0,5.0,253
90022,EDWARDIAN DROP EARRINGS JET BLACK,37,139.67,3.77875,2009-12-04,2011-12-08,32,2,1.2333333333333334,0.14285714285714285,0.050340136054421766,42.0,6.0,36.0,735
90023,FILIGREE DIAMANTE EARRINGS,31,131.74,4.24952380952381,2009-12-01,2011-11-27,21,2,1.4761904761904763,0.0,0.04264099037138927,32.0,0.0,32.0,727
90028,NEW BAROQUE LARGE NECKLACE BLK/WHIT,29,244.79,8.43625,2009-12-03,2011-11-02,24,1,1.2083333333333333,0.0,0.041428571428571426,32.0,0.0,32.0,700
90029,NEW BAROQUE SMALL NECKLACE BLACK,23,195.14,8.47,2009-12-06,2011-08-30,12,1,1.9166666666666667,0.043478260869565216,0.036334913112164295,23.0,1.0,22.0,633
90031,BILI NUT AND WOOD NECKLACE,52,71.9,3.2111111111111112,2009-12-15,2011-11-25,9,4,5.777777777777778,0.0,0.07313642756680731,52.0,0.0,52.0,711
90032,IVORY SHELL HEART NECKLACE,48,271.88,6.118333333333333,2010-01-21,2011-10-26,24,1,2.0869565217391304,0.0,0.07453416149068323,48.0,0.0,48.0,644
90033,IVORY SHELL HEART EARRINGS,22,55.879999999999995,2.535555555555556,2009-12-02,2011-11-29,18,1,1.2222222222222223,0.0,0.03021978021978022,23.0,0.0,23.0,728
90034,WHITE SILVER NECKLACE SHELL GLASS,5,50.48,10.096,2009-12-02,2011-04-18,5,1,1.0,0.0,0.009940357852882704,6.0,0.0,6.0,503
90041,PEARL AND CHERRY QUARTZ BRACLET,7,25.67,3.6950000000000003,2009-12-09,2011-12-02,6,1,1.1666666666666667,0.0,0.009668508287292817,7.0,0.0,7.0,724
90043,COPPER AND BRASS BAG CHARM,10,54.510000000000005,5.785,2009-12-17,2011-10-17,6,1,1.6666666666666667,0.0,0.014925373134328358,10.0,0.0,10.0,670
90046,WHITE WITH METAL BAG CHARM,13,64.35000000000001,4.95,2010-03-26,2011-07-07,7,1,2.1666666666666665,0.15384615384615385,0.02771855010660981,13.0,2.0,11.0,469
90048,GREEN WITH METAL BAG CHARM,31,158.89000000000001,5.63,2009-12-08,2011-07-07,8,1,4.428571428571429,0.3225806451612903,0.053726169844020795,31.0,10.0,21.0,577
90049,IVORY GOLD METAL BAG CHARM,20,114.24,7.489999999999999,2010-05-23,2011-11-23,6,1,4.0,0.35,0.03636363636363636,20.0,7.0,13.0,550
90050,CRACKED GLAZE NECKLACE IVORY,10,70.16,7.06,2010-01-26,2011-11-09,6,1,1.6666666666666667,0.18181818181818182,0.015313935681470138,11.0,2.0,9.0,653
90051,CRACKED GLAZE NECKLACE RED,15,105.72,7.0590909090909095,2010-06-28,2011-10-09,11,1,1.3636363636363635,0.0,0.031982942430703626,17.0,0.0,17.0,469
90052,CRACKED GLAZE NECKLACE BROWN,7,49.58,7.136,2009-12-22,2011-11-15,5,1,1.4,0.0,0.010086455331412104,7.0,0.0,7.0,694
90053,CRACKED GLAZE EARRINGS IVORY,10,25.23,2.523,2010-01-11,2011-10-07,10,1,1.0,0.0,0.015748031496062992,11.0,0.0,11.0,635
90054,CRACKED GLAZE EARRINGS RED,17,43.019999999999996,2.5305882352941174,2009-12-14,2011-12-08,17,1,1.0,0.0,0.023448275862068966,19.0,0.0,19.0,725
90055,CRACKED GLAZE EARRINGS BROWN,10,25.28,2.528,2010-01-11,2011-12-09,10,1,1.0,0.0,0.014326647564469915,10.0,0.0,10.0,698
90056,CHUNKY CRACKED GLAZE NECKLACE IVORY,19,207.94,11.013571428571428,2009-12-08,2011-12-06,14,1,1.3571428571428572,0.0,0.02606310013717421,20.0,0.0,20.0,729
90057,DIAMANTE RING ASSORTED IN BOX.,1804,2675.88,1.7997297297297299,2009-12-09,2011-12-08,37,3,54.666666666666664,0.0,2.4712328767123286,1424.0,0.0,1424.0,730
90062,CARNIVAL BRACELET,204,2591.42,12.660181818181817,2009-12-01,2011-04-28,109,1,2.372093023255814,0.028846153846153848,0.3968871595330739,208.0,6.0,202.0,514
90068,"RUBY GLASS NECKLACE 42""",2,15.0,7.5,2010-09-28,2011-03-18,2,1,1.0,0.0,0.011627906976744186,2.0,0.0,2.0,172
90069,RUBY GLASS CLUSTER NECKLACE,11,82.5,7.5,2009-12-10,2011-11-03,5,1,2.2,0.0,0.01585014409221902,11.0,0.0,11.0,694
90070,RUBY GLASS CLUSTER BRACELET,63,385.15000000000003,6.216571428571429,2009-12-04,2011-11-24,35,2,1.96875,0.14285714285714285,0.08737864077669903,63.0,9.0,54.0,721
90071,RUBY GLASS CLUSTER EARRINGS,87,108.99,1.253013698630137,2009-12-02,2011-12-05,73,1,1.2794117647058822,0.0,0.11852861035422343,92.0,0.0,92.0,734
90072,RUBY DROP CHANDELIER EARRINGS,44,176.31,4.110666666666667,2009-12-02,2011-12-09,30,2,1.5172413793103448,0.0,0.05962059620596206,44.0,0.0,44.0,738
90073,VINTAGE ENAMEL & CRYSTAL EARRINGS,50,250.34,5.029411764705882,2009-12-02,2011-12-07,34,1,1.4705882352941178,0.0,0.06793478260869565,52.0,0.0,52.0,736
90074,BLACK DIAMOND CLUSTER NECKLACE,7,64.09,9.19,2010-03-07,2011-11-28,6,1,1.1666666666666667,0.0,0.011075949367088608,8.0,0.0,8.0,632
90075,MONTANA DIAMOND CLUSTER NECKLACE,10,92.17999999999999,9.2075,2010-03-07,2011-11-24,8,2,1.25,0.0,0.01592356687898089,10.0,0.0,10.0,628
90076,MONTANA DIAMOND CLUSTER EARRINGS,12,33.0,2.892857142857143,2010-01-14,2011-11-24,7,2,1.7142857142857142,0.08333333333333333,0.01764705882352941,12.0,1.0,11.0,680
90077,BLACK DIAMOND CLUSTER EARRINGS,5,14.399999999999999,2.88,2009-12-14,2011-09-07,5,1,1.0,0.0,0.007898894154818325,6.0,0.0,6.0,633
90078,PINK/WHITE GLASS DEMI CHOKER,9,67.64,7.5280000000000005,2010-02-16,2010-12-13,5,1,1.8,0.0,0.029900332225913623,9.0,0.0,9.0,301
90079,VINTAGE ENAMEL & CRYSTAL NECKLACE,21,104.77000000000001,5.006153846153846,2009-12-17,2011-10-09,13,1,1.6153846153846154,0.0,0.03172205438066465,21.0,0.0,21.0,662
90083,CRYSTAL CZECH CROSS PHONE CHARM,52,48.08,1.3326666666666667,2009-12-03,2011-12-08,15,1,3.466666666666667,0.0,0.07065217391304347,52.0,0.0,52.0,736
90084,PINK CRYSTAL GUITAR PHONE CHARM,64,54.4,0.85,2009-12-01,2011-03-06,9,1,9.142857142857142,0.17647058823529413,0.13882863340563992,68.0,12.0,56.0,461
90085,CRYSTAL STILETTO PHONE CHARM,311,275.53,1.1817241379310344,2009-12-01,2011-12-02,29,1,11.961538461538462,0.47368421052631576,0.4248633879781421,190.0,90.0,100.0,732
90086,CRYSTAL FROG PHONE CHARM,216,182.79,1.4219565217391303,2010-03-03,2011-12-09,46,1,4.8,0.0,0.33384853168469864,219.0,0.0,219.0,647
90087,CRYSTAL SEA HORSE PHONE CHARM,311,249.55999999999997,1.381320754716981,2009-12-01,2011-12-08,53,2,6.22,0.14204545454545456,0.42140921409214094,352.0,50.0,302.0,738
90088,CRYSTAL KEY+LOCK PHONE CHARM,101,86.69999999999999,0.9107142857142857,2009-12-01,2010-11-25,14,1,9.181818181818182,0.32051282051282054,0.28055555555555556,78.0,25.0,53.0,360
90089,PINK CRYSTAL SKULL PHONE CHARM,104,91.89999999999999,1.2326923076923075,2009-12-03,2011-12-08,26,1,4.0,0.0,0.14130434782608695,117.0,0.0,117.0,736
90090,PINK CRYSTAL HEART PHONE CHARM,263,227.72,1.0168,2009-12-01,2010-11-25,22,1,14.61111111111111,0.12251655629139073,0.7305555555555555,302.0,37.0,265.0,360
90091,CRYSTAL DRAGONFLY PHONE CHARM,3,2.55,0.85,2010-05-10,2010-10-11,2,1,1.5,0.0,0.01935483870967742,7.0,0.0,7.0,155
90092,BLUE CRYSTAL BOOT PHONE CHARM,102,87.50999999999999,0.9175,2009-12-01,2011-01-12,10,2,11.333333333333334,-1.2857142857142858,0.25,-21.0,27.0,-48.0,408
90093,CLEAR CRYSTAL STAR PHONE CHARM,209,165.34,1.0844,2009-12-01,2011-12-06,25,2,9.5,0.12857142857142856,0.28396739130434784,210.0,27.0,183.0,736
90094,NECKLACE+BRACELET SET FRUIT SALAD ,74,187.61999999999998,2.5356410256410253,2010-06-27,2011-12-05,38,1,2.176470588235294,0.0,0.14041745730550284,172.0,0.0,172.0,527
90095,NECKLACE+BRACELET SET PINK BLOSSOM,8,22.909999999999997,3.3866666666666667,2010-03-08,2010-06-27,3,1,2.6666666666666665,-0.0,0.07142857142857142,-22.0,0.0,-22.0,112
90096,NECKLACE+BRACELET SET BLUE BLOSSOM,104,243.60999999999999,2.4723529411764704,2010-01-05,2011-11-13,49,1,2.2127659574468086,-0.0,0.15339233038348082,-89.0,0.0,-89.0,678
90098,NECKLACE+BRACELET PINK BUTTERFLY,137,301.28,2.3189090909090906,2009-12-18,2011-11-25,55,3,3.425,0.0425531914893617,0.19350282485875706,141.0,6.0,135.0,708
90099,NECKLACE+BRACELET SET BLUE HIBISCUS,42,129.69,3.2527999999999997,2009-12-07,2011-12-06,25,3,1.75,0.0,0.057534246575342465,30.0,0.0,30.0,730
90100,NECKLACE+BRACELET SET PINK DAISY,30,76.5,2.55,2009-12-07,2011-02-24,12,1,2.727272727272727,0.0,0.06741573033707865,1.0,0.0,1.0,445
90101,WHITE FRANGIPANI NECKLACE,52,131.16,2.5248275862068965,2009-12-09,2011-12-08,29,2,1.793103448275862,0.11320754716981132,0.07123287671232877,53.0,6.0,47.0,730
90102,WHITE FRANGIPANI HAIR CLIP,19,16.11,0.845,2010-01-25,2011-06-07,4,1,4.75,-0.0,0.03807615230460922,-38.0,0.0,-38.0,499
90103,PURPLE FRANGIPANI NECKLACE,44,110.85,2.521333333333333,2009-12-22,2011-12-05,30,2,1.6296296296296295,0.0,0.06162464985994398,44.0,0.0,44.0,714
90104,PURPLE FRANGIPANI HAIRCLIP,129,108.11,0.8342,2010-06-21,2011-04-18,49,3,2.8043478260869565,0.0,0.4271523178807947,155.0,0.0,155.0,302
90108,BLUE BLOSSOM HAIR CLIP,109,125.83000000000001,1.591904761904762,2010-01-15,2011-12-01,21,3,5.190476190476191,0.15625,0.1588921282798834,64.0,10.0,54.0,686
90111,BLUE HIBISCUS  HAIR CLIP,7,7.35,1.05,2009-12-07,2010-03-08,6,1,1.1666666666666667,-0.0,0.07608695652173914,-19.0,0.0,-19.0,92
90112,PINK DOLLY HAIR CLIPS,84,91.25000000000001,1.108095238095238,2009-12-07,2010-12-23,20,1,4.421052631578948,0.0,0.2198952879581152,36.0,0.0,36.0,382
90114,SUMMER DAISIES BAG CHARM,205,514.18,2.48972972972973,2010-02-02,2011-12-08,111,3,2.303370786516854,0.0,0.3037037037037037,207.0,0.0,207.0,675
90115,SUMMER BUTTERFLIES BAG CHARM,108,278.96,2.632166666666666,2009-12-06,2011-06-02,60,2,2.0,0.0,0.19852941176470587,90.0,0.0,90.0,544
90116,FRUIT SALAD BAG CHARM,106,225.51999999999998,2.3252380952380953,2010-02-02,2011-12-08,63,2,1.8928571428571428,0.0,0.15703703703703703,72.0,0.0,72.0,675
90118,PINK DAISY BAG CHARM,42,107.39,2.576206896551724,2010-06-16,2011-12-05,29,2,1.5,0.14285714285714285,0.07806691449814127,42.0,6.0,36.0,538
90119,METALIC LEAVES BAG CHARMS,97,243.07,2.5385714285714283,2010-06-23,2011-12-08,42,2,2.4871794871794872,0.0,0.18164794007490637,98.0,0.0,98.0,534
90131,PINK/AMETHYST/GOLD NECKLACE,10,69.62,6.974000000000001,2009-12-01,2011-06-01,5,1,2.0,0.0,0.01824817518248175,10.0,0.0,10.0,548
90132,LIGHT TOPAZ TEAL/AQUA COL NECKLACE,7,35.63,5.090000000000001,2009-12-16,2011-08-30,7,1,1.0,0.0,0.011235955056179775,8.0,0.0,8.0,623
90133,TEAL/FUSCHIA COL BEAD NECKLACE,47,236.46,5.055833333333333,2009-12-02,2011-12-02,36,1,1.4242424242424243,0.0,0.06429548563611491,47.0,0.0,47.0,731
90134,OLD ROSE COMBO BEAD NECKLACE,126,370.92,2.9409375,2009-12-01,2011-12-09,96,1,1.5,0.0,0.17050067658998647,127.0,0.0,127.0,739
90135,ORANGE/WHT/FUSCHIA STONES NECKLACE,9,44.75,5.006666666666667,2010-11-23,2011-04-26,3,1,3.0,0.0,0.05806451612903226,9.0,0.0,9.0,155
90136,PALE PINK/AMETHYST STONE NECKLACE,4,40.47,10.173333333333332,2010-11-23,2011-04-26,3,1,1.3333333333333333,0.0,0.025806451612903226,4.0,0.0,4.0,155
90137,PINK COMBO MINI CRYSTALS NECKLACE,26,132.52,5.204666666666667,2009-12-10,2011-07-20,15,1,1.8571428571428572,0.0,0.04421768707482993,26.0,0.0,26.0,588
90138,WHITE/PINK MINI CRYSTALS NECKLACE,24,125.64,5.319411764705883,2009-12-10,2011-12-09,17,1,1.411764705882353,0.0,0.03287671232876712,25.0,0.0,25.0,730
90139,FLOWER BROOCH 4 ASSORTED COLOURS,23,118.24000000000001,5.152222222222223,2009-12-02,2010-03-21,18,1,1.9166666666666667,0.0,0.20909090909090908,18.0,0.0,18.0,110
90140,PINK SWEETIE NECKLACE,9,67.9,7.557142857142857,2009-12-13,2011-08-30,7,1,1.2857142857142858,0.0,0.01437699680511182,10.0,0.0,10.0,626
90143,SILVER BRACELET W PASTEL FLOWER,79,599.13,7.63390243902439,2009-12-14,2011-12-01,41,1,2.0256410256410255,0.0963855421686747,0.11002785515320335,83.0,8.0,75.0,718
90144,SILVER DROP EARRINGS WITH FLOWER,53,199.45,3.7712121212121215,2009-12-07,2011-11-28,33,2,1.606060606060606,0.0,0.07340720221606649,53.0,0.0,53.0,722
90145,SILVER HOOP EARRINGS WITH FLOWER,75,455.86,6.132666666666667,2009-12-01,2011-12-09,45,4,1.744186046511628,0.0,0.10148849797023005,76.0,0.0,76.0,739
90146,FINE SILVER NECKLACE W PASTEL FLOWE,41,276.49,7.4495000000000005,2009-12-13,2011-12-08,19,1,2.1578947368421053,0.04878048780487805,0.05647382920110193,41.0,2.0,39.0,726
90147,CHUNKY SILVER NECKLACE PASTEL FLOWE,93,937.4499999999999,10.15508474576271,2009-12-02,2011-11-27,58,1,1.6607142857142858,0.042105263157894736,0.128099173553719,95.0,4.0,91.0,726
90148,LONG SILVER NECKLACE PASTEL FLOWER,27,343.98,12.735,2009-12-02,2011-09-25,18,2,1.588235294117647,0.07142857142857142,0.04072398190045249,28.0,2.0,26.0,663
90149,SILVER FLOWR PINK SHELL NECKLACE,62,410.26000000000005,7.371111111111111,2010-01-31,2011-12-02,9,1,7.75,0.0,0.09239940387481371,62.0,0.0,62.0,671
90150,BLUE SHELL+SILVER NECKLACE,13,97.5,7.5,2009-12-06,2010-09-24,8,1,1.625,0.0,0.04436860068259386,13.0,0.0,13.0,293
90151,SILVER/NATURAL SHELL NECKLACE,16,136.17000000000002,8.518888888888888,2009-12-08,2011-11-27,9,1,1.7777777777777777,0.0,0.022222222222222223,21.0,0.0,21.0,720
90154,LAZER CUT NECKLACE W PASTEL BEADS,59,439.65,8.707142857142857,2010-06-07,2011-11-18,7,1,8.428571428571429,0.0,0.11132075471698114,59.0,0.0,59.0,530
90155,RESIN NECKLACE W PASTEL BEADS,30,226.16,7.555238095238095,2009-12-02,2011-12-09,21,2,1.5,0.0,0.04065040650406504,30.0,0.0,30.0,738
90156,RESIN BRACELET W PASTEL BEADS,25,137.37,5.922857142857143,2010-01-11,2011-09-04,14,2,1.9230769230769231,0.0,0.04152823920265781,25.0,0.0,25.0,602
90157,RIVIERA NECKLACE,53,263.28000000000003,4.982916666666667,2010-01-20,2011-11-28,24,2,2.2083333333333335,0.0,0.07817109144542773,54.0,0.0,54.0,678
90158,ST TROPEZ NECKLACE,77,386.32,5.028888888888889,2009-12-01,2011-12-08,63,1,1.2833333333333334,0.0,0.1043360433604336,79.0,0.0,79.0,738
90159,COTE D'AZURE NECKLACE,38,188.58,4.974,2009-12-06,2011-11-09,20,1,1.9,0.0,0.05397727272727273,38.0,0.0,38.0,704
90166,PINK & WHITE ROSEBUD RING,40,168.94,4.216451612903226,2009-12-08,2011-12-08,31,2,1.3793103448275863,0.024390243902439025,0.05471956224350205,41.0,1.0,40.0,731
90167,BEADED LOVE HEART JEWELLERY SET,2197,1801.1699999999998,1.088198198198198,2009-12-01,2010-12-05,111,4,24.96590909090909,0.15889830508474576,5.937837837837838,1888.0,300.0,1588.0,370
90168,2 DAISIES HAIR COMB,42,123.76,2.9425000000000003,2009-12-01,2011-12-09,24,3,1.826086956521739,0.13953488372093023,0.056833558863328824,43.0,6.0,37.0,739
90169,DAISY HAIR COMB,39,98.87,2.527391304347826,2009-12-09,2011-12-09,23,2,1.8571428571428572,0.14285714285714285,0.0533515731874145,42.0,6.0,36.0,731
90170,DAISY HAIR BAND,150,249.57999999999998,1.6715068493150684,2009-12-07,2011-12-09,73,4,2.34375,0.07947019867549669,0.20463847203274216,151.0,12.0,139.0,733
90171,DAISY RING,47,59.650000000000006,1.2725925925925925,2009-12-01,2010-03-12,27,1,2.238095238095238,-0.0,0.46078431372549017,-4.0,0.0,-4.0,102
90173,PAIR BUTTERFLY HAIR CLIPS,81,306.64,3.7961538461538464,2009-12-09,2011-10-12,51,2,1.8409090909090908,0.019230769230769232,0.12035661218424963,52.0,1.0,51.0,673
90174,BUTTERFLY HAIR BAND,50,126.11999999999999,2.5178125,2009-12-04,2011-12-09,32,2,1.5625,0.23529411764705882,0.06793478260869565,51.0,12.0,39.0,736
90188,DROP EARRINGS W FLOWER & LEAF,23,58.5,2.5475,2009-12-01,2011-12-09,20,1,1.2777777777777777,-0.0,0.03112313937753721,-25.0,0.0,-25.0,739
90191,SILVER LARIAT 40CM,40,342.6,11.324761904761905,2009-12-17,2011-12-09,21,1,1.9047619047619047,-0.0,0.05532503457814661,-20.0,0.0,-20.0,723
90192,JADE DROP EARRINGS W FILIGREE,94,469.18,5.0220754716981135,2009-12-01,2011-12-09,53,3,1.88,0.024096385542168676,0.12719891745602166,83.0,2.0,81.0,739
90194,SILVER LARIAT BLACK STONE EARRINGS,32,135.84,4.242380952380953,2009-12-10,2011-10-19,21,2,1.6,-0.0,0.047128129602356406,-18.0,0.0,-18.0,679
90203,SILVER CHARM NECKLACE 70CM,71,534.27,7.547941176470588,2009-12-02,2010-10-25,34,1,2.3666666666666667,0.024390243902439025,0.21646341463414634,41.0,1.0,40.0,328
90204,PAIR OF ENAMEL BUTTERFLY HAIRCLIP,50,168.46,3.373513513513514,2009-12-07,2011-12-01,37,3,1.4705882352941178,0.0784313725490196,0.06896551724137931,51.0,4.0,47.0,725
90208,PAIR OF ENAMEL FLOWER CLUSTER SLIDE,159,386.83,2.5154411764705884,2009-12-01,2011-12-09,68,3,2.564516129032258,0.037267080745341616,0.21515561569688768,161.0,6.0,155.0,739
10002R,ROBOT PENCIL SHARPNER,4,20.57,5.133333333333333,2009-12-02,2010-01-25,3,1,1.3333333333333333,0.0,0.07272727272727272,4.0,0.0,4.0,55
10123C,HEARTS WRAPPING TAPE ,650,254.41000000000003,0.7906349206349207,2009-12-01,2011-03-31,63,5,11.607142857142858,0.28517110266159695,1.337448559670782,526.0,150.0,376.0,486
10123G,ARMY CAMO WRAPPING TAPE,2251,165.55999999999997,0.8205882352941177,2009-12-01,2010-11-29,16,2,150.06666666666666,0.4808362369337979,6.184065934065934,2296.0,1104.0,1192.0,364
10124A,SPOTS ON RED BOOKCOVER TAPE,58,24.36,0.42,2010-03-19,2011-11-06,18,1,3.2222222222222223,0.0,0.09698996655518395,138.0,0.0,138.0,598
10124G,ARMY CAMO BOOKCOVER TAPE,33,14.28,0.462,2010-05-13,2011-11-06,10,1,3.3,0.0,0.06077348066298342,38.0,0.0,38.0,543
15044A,PINK PAPER PARASOL ,4964,13210.85,3.5974,2009-12-07,2011-12-05,250,8,26.264550264550266,0.0006036217303822937,6.809327846364884,4970.0,3.0,4967.0,729
15044B,BLUE PAPER PARASOL ,1670,4644.13,3.5482539682539684,2009-12-01,2011-09-28,189,7,11.133333333333333,0.0006075334143377885,2.5037481259370313,1646.0,1.0,1645.0,667
15044C,PURPLE PAPER PARASOL,967,3027.26,3.820387931034483,2009-12-01,2011-12-06,231,7,5.342541436464089,0.0051387461459403904,1.3138586956521738,973.0,5.0,968.0,736
15044D,RED PAPER PARASOL,1596,4559.650000000001,3.438471615720524,2009-12-01,2011-12-05,227,7,8.817679558011049,0.005632040050062578,2.1714285714285713,1598.0,9.0,1589.0,735
15056BL,EDWARDIAN PARASOL BLACK,9504,47267.450000000004,6.25234752589183,2009-12-01,2011-12-09,857,14,22.2576112412178,0.02187756778964667,12.860622462787552,9736.0,213.0,9523.0,739
15056N,EDWARDIAN PARASOL NATURAL,11286,57975.450000000004,6.818394230769231,2009-12-01,2011-12-09,1033,14,23.76,0.014526710402999063,15.271989174560217,10670.0,155.0,10515.0,739
15056P,EDWARDIAN PARASOL PINK,2473,12228.92,6.234869565217392,2009-12-01,2011-12-08,344,9,9.736220472440944,0.1225528582615505,3.350948509485095,2554.0,313.0,2241.0,738
15056bl,EDWARDIAN PARASOL BLACK,116,1456.3200000000002,12.562068965517243,2009-12-01,2011-12-09,87,1,1.8709677419354838,0.0,0.15696887686062247,126.0,0.0,126.0,739
15056n,EDWARDIAN PARASOL NATURAL,173,2170.4,12.549655172413793,2010-06-08,2011-11-30,116,1,2.582089552238806,0.0,0.3197781885397412,180.0,0.0,180.0,541
15056p,EDWARDIAN PARASOL PINK,46,577.84,12.569473684210527,2010-06-24,2011-12-05,38,1,1.393939393939394,0.0,0.08679245283018867,50.0,0.0,50.0,530
15058A,BLUE WHITE SPOTS GARDEN PARASOL,476,3153.73,8.550536912751678,2010-01-24,2011-11-23,148,8,4.407407407407407,0.03648068669527897,0.7115097159940209,466.0,17.0,449.0,669
15058B,PINK WHITE SPOTS GARDEN PARASOL,438,3327.67,9.684999999999999,2010-01-13,2011-11-17,156,10,3.8761061946902653,0.023872679045092837,0.6498516320474778,377.0,9.0,368.0,674
15058C,ICE CREAM DESIGN GARDEN PARASOL,470,2753.72,9.667049180327869,2010-01-24,2011-12-09,122,5,4.653465346534653,0.00909090909090909,0.6861313868613139,440.0,4.0,436.0,685
15059A,ENGLISH ROSE EDWARDIAN PARASOL,509,1567.0,10.5,2009-12-01,2009-12-03,4,1,169.66666666666666,0.0,169.66666666666666,383.0,0.0,383.0,3
15060B,FAIRY CAKE DESIGN UMBRELLA,1414,6444.9800000000005,5.541804008908686,2009-12-03,2011-11-18,449,11,4.859106529209622,0.007168458781362007,1.9748603351955307,1395.0,10.0,1385.0,716
15060b,FAIRY CAKE DESIGN UMBRELLA,5,41.81,8.362,2010-03-05,2011-11-20,5,1,1.0,0.0,0.007987220447284345,5.0,0.0,5.0,626
16020C,CLEAR STATIONERY BOX SET ,160,134.5,0.843,2009-12-07,2011-07-05,39,1,4.705882352941177,0.0,0.2777777777777778,120.0,0.0,120.0,576
16151A,FLOWER DES BLUE HANDBAG/ORANG HANDL,52,72.5,2.25,2010-04-30,2011-05-25,5,1,10.4,0.0,0.1329923273657289,45.0,0.0,45.0,391
16156L,"WRAP, CAROUSEL",950,399.0,0.42,2010-01-10,2011-12-02,36,8,27.941176470588236,0.0,1.3728323699421965,950.0,0.0,950.0,692
16156N,"WRAP, FRIENDSHIP ON GREEN",1475,619.5,0.42,2009-12-01,2010-06-21,56,1,31.382978723404257,0.0,7.266009852216749,1372.0,0.0,1372.0,203
16156S,WRAP PINK FAIRY CAKES ,16661,6558.62,0.41532219570405726,2009-12-01,2011-12-08,419,14,58.87279151943463,0.008768242147618762,22.57588075880759,16651.0,146.0,16505.0,738
16161C,WRAP SPEED DEMONS ,450,45.0,0.1,2009-12-01,2009-12-22,2,1,225.0,0.0,20.454545454545453,384.0,0.0,384.0,22
16161E,WRAP BOUDOIR ,750,75.0,0.1,2009-12-07,2010-02-22,9,1,107.14285714285714,0.0,9.615384615384615,505.0,0.0,505.0,78
16161G,WRAP BAD HAIR DAY,975,97.5,0.1,2010-01-19,2011-11-24,33,4,30.46875,0.0,1.4444444444444444,975.0,0.0,975.0,675
16161M,WRAP  PINK FLOCK,1050,439.0,0.41794871794871796,2009-12-03,2010-12-02,39,2,28.37837837837838,0.03342245989304813,2.8767123287671232,748.0,25.0,723.0,365
16161P,WRAP ENGLISH ROSE ,13198,5435.4,0.41895454545454547,2009-12-01,2011-12-07,440,18,46.63604240282685,0.00191160727940052,17.90773405698779,13078.0,25.0,13053.0,737
16161U,"WRAP,SUKI AND FRIENDS",10026,4084.92,0.4180503144654088,2009-12-01,2011-12-02,318,13,41.429752066115704,0.007443429932512902,13.69672131147541,10076.0,75.0,10001.0,732
16162L,THE KING GIFT BAG,8101,570.4300000000001,0.7496666666666667,2009-12-09,2011-09-13,30,2,324.04,0.45658536585365855,12.579192546583851,8200.0,3744.0,4456.0,644
16162M,THE KING GIFT BAG 25x24x12cm,88,36.96,0.42,2010-06-14,2011-11-27,13,1,7.333333333333333,0.0,0.16541353383458646,178.0,0.0,178.0,532
16168M,FUNKY MONKEY GIFT BAG MEDIUM,1686,512.38,0.5918811881188119,2009-12-09,2011-12-08,101,2,18.9438202247191,0.0,2.3095890410958906,1757.0,0.0,1757.0,730
16168S,FUNKY MONKEY GIFT BAG SMALL,1283,126.82999999999998,0.31363636363636366,2009-12-10,2010-02-05,11,1,142.55555555555554,0.0,22.120689655172413,852.0,0.0,852.0,58
16169A,WRAP CHRISTMAS DECOUPAGE,25,10.5,0.42,2010-04-29,2010-04-29,1,1,25.0,0.0,25.0,2.0,0.0,2.0,1
16169C,WRAP BLUE REINDEER,1350,567.0,0.42,2009-12-01,2010-11-04,43,4,42.1875,0.0,3.982300884955752,1150.0,0.0,1150.0,339
16169D,WRAP WINTER FOREST,250,105.0,0.42,2009-12-01,2009-12-13,9,2,50.0,0.0,19.23076923076923,76.0,0.0,76.0,13
16169E,WRAP 50'S  CHRISTMAS,4563,1892.46,0.41919999999999996,2011-07-21,2011-12-09,149,9,54.975903614457835,0.029411764705882353,32.13380281690141,4250.0,125.0,4125.0,142
16169F,WRAP BLIZZARD,975,409.5,0.42,2009-12-01,2010-10-17,34,2,37.5,0.0,3.0373831775700935,779.0,0.0,779.0,321
16169G,WRAP ROMANTIC DECOUPAGE,25,10.5,0.42,2009-12-10,2009-12-10,1,1,25.0,-0.0,25.0,-50.0,0.0,-50.0,1
16169K,WRAP FOLK ART,2075,658.75,0.3625,2009-12-04,2011-09-28,60,5,39.90384615384615,0.0,3.125,2075.0,0.0,2075.0,664
16169M,WRAP DAISY CARPET ,2060,640.95,0.35483333333333333,2009-12-03,2011-12-02,59,4,38.148148148148145,0.0,2.8219178082191783,2060.0,0.0,2060.0,730
16169N,WRAP BLUE RUSSIAN FOLKART,2025,626.25,0.3501785714285714,2009-12-01,2010-12-06,56,8,41.326530612244895,0.0,5.45822102425876,2008.0,0.0,2008.0,371
16169P,WRAP GREEN RUSSIAN FOLKART ,1750,533.75,0.3577083333333333,2009-12-04,2010-12-19,48,5,38.04347826086956,0.015024038461538462,4.593175853018373,1664.0,25.0,1639.0,381
16201A,PASTEL PINK PHOTO ALBUM,101,213.37,3.7744444444444443,2009-12-02,2010-09-09,9,1,14.428571428571429,0.024096385542168676,0.35815602836879434,83.0,2.0,81.0,282
16201B,PASTEL BLUE PHOTO ALBUM,34,81.1,2.838,2009-12-02,2009-12-10,5,1,8.5,0.0,3.7777777777777777,22.0,0.0,22.0,9
16202A,PASTEL PINK PHOTO ALBUM ,662,290.45,4.4852380952380955,2009-12-02,2011-04-17,21,3,31.523809523809526,0.574468085106383,1.3187250996015936,564.0,324.0,240.0,502
16202B,PASTEL BLUE PHOTO ALBUM ,1039,528.56,4.7690909090909095,2009-12-02,2011-04-19,22,4,47.22727272727273,0.4865979381443299,2.0615079365079363,970.0,472.0,498.0,504
16202C,BEIGE PHOTO ALBUM,97,230.59,3.9766666666666666,2009-12-02,2010-05-06,12,3,8.083333333333334,0.0,0.6217948717948718,64.0,0.0,64.0,156
16202E,BLACK PHOTO ALBUM ,82,162.73,3.395,2009-12-02,2011-04-17,14,1,5.857142857142857,0.041666666666666664,0.16334661354581673,48.0,2.0,46.0,502
16206B,RED PURSE WITH PINK HEART,96,116.4,1.23125,2010-01-31,2011-01-26,16,2,6.4,0.0,0.2659279778393352,192.0,0.0,192.0,361
16207A,PINK STRAWBERRY HANDBAG ,143,423.53000000000003,3.001578947368421,2009-12-01,2011-11-06,76,2,2.1343283582089554,0.0,0.20254957507082152,276.0,0.0,276.0,706
16207B,PINK HEART RED HANDBAG,265,457.65000000000003,2.654782608695652,2009-12-11,2011-08-30,46,2,8.833333333333334,0.0,0.42197452229299365,270.0,0.0,270.0,628
16243B,BROWN COZY SQUARE PHOTO ALBUM,212,441.77,5.49625,2009-12-02,2010-03-11,8,1,35.333333333333336,0.0,2.12,212.0,0.0,212.0,100
16244A,MAXWELL 2 TONE PINK 60 PAGE PHOTO A,186,479.40999999999997,4.073571428571428,2009-12-02,2010-03-15,28,1,7.75,0.0,1.7884615384615385,193.0,0.0,193.0,104
16244B,MAXWELL 2 TONE BLUE 60 PAGE PHOTO A,345,765.02,3.872068965517241,2009-12-03,2011-05-11,28,1,13.26923076923077,0.0,0.6571428571428571,336.0,0.0,336.0,525
16245A,PINK MINI STATIONERY SET W CASE,11,13.75,1.25,2010-03-10,2010-07-12,7,1,1.8333333333333333,-0.0,0.088,-4.0,0.0,-4.0,125
16248B,BLUE HOLE PUNCH,81,101.25,1.25,2010-09-20,2011-10-30,12,1,7.363636363636363,0.0,0.19950738916256158,127.0,0.0,127.0,406
16256B,FLOWER PENCIL/RUBBER+5 MINI PENCILS,524,232.35,0.5841666666666667,2009-12-04,2010-06-10,35,2,15.411764705882353,0.0,2.7724867724867726,556.0,0.0,556.0,189
16256C,HEARTS PENCIL/RUBBER+5 MINI PENCILS,169,70.98,0.42000000000000004,2009-12-13,2010-05-23,10,1,16.9,-0.059322033898305086,1.0432098765432098,-236.0,14.0,-250.0,162
16258A,SWIRLY CIRCULAR RUBBERS IN BAG,1063,375.93,0.5233009708737864,2009-12-11,2011-12-08,101,6,12.218390804597702,0.000925925925925926,1.460164835164835,1080.0,1.0,1079.0,728
16258B,DAISY ERASERS IN BAG,1016,221.06,0.36,2009-12-02,2009-12-22,15,1,101.6,0.0,48.38095238095238,810.0,0.0,810.0,21
17007B,S/3 POT POURI CUSHIONS BLUE COLOURS,34,71.4,2.1,2009-12-14,2011-06-08,6,1,5.666666666666667,0.0,0.06273062730627306,42.0,0.0,42.0,542
17011A,ORIGAMI VANILLA INCENSE+FLOWER ,261,179.56,2.7708333333333335,2009-12-22,2010-08-20,12,2,21.75,0.0,1.078512396694215,200.0,0.0,200.0,242
17011B,ORIGAMI JASMINE INCENSE+FLOWER ,19,11.100000000000001,1.2,2010-05-30,2010-08-20,2,2,9.5,-0.0,0.2289156626506024,-18.0,0.0,-18.0,83
17011C,ORIGAMI LAVENDER INCENSE+FLOWER,335,221.4,2.475,2009-12-14,2009-12-16,2,1,167.5,0.0,111.66666666666667,288.0,0.0,288.0,3
17011D,ORIGAMI ROSE INCENSE+FLOWER,209,135.70000000000002,1.8375,2009-12-15,2010-08-20,4,2,52.25,0.0,0.8393574297188755,204.0,0.0,204.0,249
17011E,ORIGAMI OPIUM SCENT INCENSE+FLOWER,124,80.60000000000001,0.65,2009-12-16,2009-12-16,1,1,124.0,0.0,124.0,85.0,0.0,85.0,1
17011F,ORIGAMI SANDLEWOOD INCENSE+FLOWER,385,336.20000000000005,2.12,2009-12-16,2011-05-19,20,3,19.25,0.0,0.7403846153846154,368.0,0.0,368.0,520
17012A,ORIGAMI VANILLA INCENSE/CANDLE SET ,726,806.16,2.225520833333333,2009-12-01,2011-12-02,95,3,8.853658536585366,0.0,0.9918032786885246,705.0,0.0,705.0,732
17012B,ORIGAMI JASMINE INCENSE/CANDLE SET,721,867.4499999999999,2.1927777777777773,2009-12-08,2011-11-30,126,3,6.554545454545455,0.0,0.9972337482710927,656.0,0.0,656.0,723
17012C,ORIGAMI LAVENDER INCENSE/CANDL SET ,856,950.4,2.016725663716814,2010-02-05,2011-12-08,113,3,9.010526315789473,0.0,1.2738095238095237,840.0,0.0,840.0,672
17012D,ORIGAMI ROSE INCENSE/CANDLE SET ,520,658.7199999999999,1.9451724137931032,2010-03-12,2011-12-08,116,3,5.531914893617022,0.0,0.8163265306122449,524.0,0.0,524.0,637
17012E,ORIGAMI OPIUM INCENSE/CANDLE SET ,263,296.78999999999996,2.488965517241379,2009-12-16,2010-12-15,29,2,10.52,0.0,0.7205479452054795,284.0,0.0,284.0,365
17012F,ORIGAMI SANDLEWOOD INCENSE/CAND SET,586,680.65,1.8778504672897196,2010-03-03,2011-12-08,107,3,6.894117647058824,0.0,0.9071207430340558,605.0,0.0,605.0,646
17013B,ORIGAMI JASMINE INCENSE IN TUBE,256,221.03,1.7066666666666668,2009-12-09,2009-12-16,3,1,85.33333333333333,0.0,32.0,211.0,0.0,211.0,8
17013C,ORIGAMI LAVENDER INCENSE IN TUBE,213,89.46000000000001,0.42,2009-12-16,2010-03-03,2,1,106.5,-0.16271186440677965,2.730769230769231,-590.0,96.0,-686.0,78
17013D,ORIGAMI ROSE INCENSE IN TUBE,1068,572.4,1.7083870967741936,2009-12-09,2011-06-07,31,3,34.45161290322581,0.0009615384615384616,1.956043956043956,1040.0,1.0,1039.0,546
17013F,ORIGAMI SANDLEWOOD INCENSE IN TUBE,62,26.7,1.38,2009-12-21,2010-08-20,5,2,12.4,0.0,0.2551440329218107,52.0,0.0,52.0,243
17014A,ORIGAMI VANILLA INCENSE CONES,276,170.13,1.66,2009-12-09,2011-06-27,16,1,18.4,0.0,0.4876325088339223,279.0,0.0,279.0,566
17014C,ORIGAMI LAVENDER INCENSE CONES,97,43.75,1.925,2009-12-05,2009-12-10,2,1,48.5,0.0,16.166666666666668,1.0,0.0,1.0,6
17014D,ORIGAMI ROSE INCENSE CONES,479,204.36,1.7966666666666664,2010-01-14,2010-08-20,8,2,59.875,0.0,2.1872146118721463,475.0,0.0,475.0,219
17014E,ORIGAMI OPIUM INCENSE CONES,95,36.599999999999994,1.4249999999999998,2010-05-10,2010-08-20,6,2,15.833333333333334,0.0,0.9223300970873787,191.0,0.0,191.0,103
17014F,ORIGAMI SANDLEWOOD INCENSE CONES,61,23.699999999999996,1.3125,2010-01-21,2010-08-20,4,2,15.25,0.0,0.28773584905660377,29.0,0.0,29.0,212
17027A,INCENSE BAZAAR CANNABIS,228,84.84,0.355,2010-02-04,2010-03-10,2,1,114.0,-0.0,6.514285714285714,-150.0,0.0,-150.0,35
17028J,INCENSE BAZAAR PEACH,6,2.52,0.42,2011-01-31,2011-01-31,1,1,6.0,0.0,6.0,6.0,0.0,6.0,1
17084A,TRANQUILITY MASALA INCENSE,442,92.82,0.21,2010-02-04,2011-09-13,18,1,24.555555555555557,0.0,0.7529812606473595,410.0,0.0,410.0,587
17084G,MOON INCENSE,50,10.5,0.21,2009-12-02,2009-12-07,2,1,25.0,-0.0,8.333333333333334,-45.0,0.0,-45.0,6
17084J,LOVE POTION MASALA INCENSE,456,95.76,0.21000000000000002,2009-12-01,2011-09-13,20,2,22.8,0.0,0.6993865030674846,402.0,0.0,402.0,652
17084N,FAIRY DREAMS INCENSE ,2768,640.26,0.34598930481283424,2009-12-02,2011-12-09,187,1,17.743589743589745,0.0,3.7506775067750677,2798.0,0.0,2798.0,738
17084P,DRAGONS BLOOD INCENSE,990,222.75,0.34428571428571425,2009-12-07,2011-12-08,70,2,15.714285714285714,0.0,1.3524590163934427,1041.0,0.0,1041.0,732
17084R,ASSORTED INCENSE PACK,10625,1968.45,0.20318181818181819,2009-12-02,2011-12-05,66,3,166.015625,0.0,14.475476839237057,12137.0,0.0,12137.0,734
17090A,LAVENDER INCENSE 40 CONES IN TIN,173,182.65,1.2038461538461538,2009-12-10,2011-11-24,26,2,6.653846153846154,0.0,0.24195804195804196,215.0,0.0,215.0,715
17090D,VANILLA INCENSE 40 CONES IN TIN,88,105.2,1.2366666666666668,2009-12-13,2011-07-11,28,1,3.142857142857143,0.0,0.1527777777777778,85.0,0.0,85.0,576
17091A,LAVENDER INCENSE IN TIN,2085,1285.8899999999999,1.029059829059829,2009-12-06,2011-05-18,117,5,21.49484536082474,0.0,3.941398865784499,2348.0,0.0,2348.0,529
17091B,JASMINE TEA INCENSE IN TIN,276,316.98,1.4219230769230768,2009-12-06,2010-09-09,51,2,6.133333333333334,0.0,0.9928057553956835,282.0,0.0,282.0,278
17091F,SANDALWOOD INCENSE IN TIN,19,27.71,1.58,2009-12-06,2010-01-10,8,1,2.7142857142857144,-0.0,0.5277777777777778,-6.0,0.0,-6.0,36
17091J,VANILLA INCENSE IN TIN,3964,2204.35,0.8962295081967213,2009-12-01,2011-12-09,178,5,27.52777777777778,0.0,5.364005412719892,4086.0,0.0,4086.0,739
17107D,"FLOWER FAIRY,5 SUMMER B'DRAW LINERS",315,803.25,2.55,2009-12-04,2011-12-05,86,5,4.144736842105263,0.005952380952380952,0.430327868852459,336.0,2.0,334.0,732
17108D,FLOWER FAIRY SUMMER BOUQUET SACHET,355,149.1,0.42,2009-12-01,2010-03-28,23,3,16.136363636363637,-0.0,3.0084745762711864,-364.0,0.0,-364.0,118
17109A,FLOWER FAIRY INCENSE LILY,709,333.61,1.1861538461538461,2009-12-02,2010-03-26,13,2,54.53846153846154,0.0,6.165217391304348,710.0,0.0,710.0,115
17109B,FLOWER FAIRY INCENSE LAVENDER,4542,896.3399999999999,1.316470588235294,2009-12-02,2010-03-05,17,3,302.8,0.0,48.319148936170215,4409.0,0.0,4409.0,94
17109C,FLOWER FAIRY INCENSE ROSE,3124,661.23,1.238,2009-12-02,2010-03-03,15,2,260.3333333333333,0.00033112582781456954,33.95652173913044,3020.0,1.0,3019.0,92
17109D,FLOWER FAIRY INCENSE BOUQUET,1257,598.3100000000001,1.406153846153846,2009-12-04,2011-04-21,38,4,34.916666666666664,0.0008818342151675485,2.494047619047619,1134.0,1.0,1133.0,504
17129C,SKY BLUE COLOUR GLASS GEMS IN BAG,86,57.98,0.8309090909090909,2009-12-09,2010-05-04,11,1,7.818181818181818,0.0,0.5850340136054422,175.0,0.0,175.0,147
17129D,CLEAR COLOUR GLASS GEMS IN BAG,1125,1351.1799999999998,1.2087179487179487,2009-12-01,2010-03-05,39,1,37.5,-0.0,11.842105263157896,-197.0,0.0,-197.0,95
17129F,DEEP BLUE GLASS GEMS IN BAG,1580,1684.58,1.4021232876712328,2009-12-04,2011-12-05,145,1,11.969696969696969,0.005747126436781609,2.158469945355191,1392.0,8.0,1384.0,732
17136A,BLUE STONES ON WIRE FOR CANDLE,743,61.78,0.10676470588235294,2009-12-03,2011-11-03,34,2,22.515151515151516,0.0,1.0599144079885878,798.0,0.0,798.0,701
17164B,ASS COL SMALL SAND GECKO P'WEIGHT,1620,646.56,0.4168292682926829,2009-12-01,2011-01-26,81,2,24.17910447761194,0.0005689900426742532,3.838862559241706,3515.0,2.0,3513.0,422
17164D,ASS COL SMALL SAND FROG P'WEIGHT,1150,447.0,0.41516129032258065,2009-12-01,2010-03-19,28,1,50.0,0.0,10.55045871559633,1929.0,0.0,1929.0,109
17165B,ASS COL LARGE SAND GECKO P'WEIGHT,810,751.6800000000001,1.0298360655737704,2009-12-01,2010-10-10,57,1,17.23404255319149,0.007029876977152899,2.5796178343949046,569.0,4.0,565.0,314
17165D,ASS COL LARGE SAND FROG P'WEIGHT,716,682.32,1.0346236559139785,2009-12-01,2011-01-12,89,2,10.529411764705882,0.007453416149068323,1.7549019607843137,805.0,6.0,799.0,408
17191A,ROSE FLOWER CANDLE+INCENSE 16X16CM,33,123.75,3.75,2009-12-09,2011-12-04,12,1,2.75,0.0,0.045454545454545456,33.0,0.0,33.0,726
18094C,WHITE/BLUE RECT CERAMIC OIL BURNER,433,600.66,1.8870408163265306,2009-12-02,2011-10-07,98,4,5.154761904761905,0.002638522427440633,0.6414814814814814,379.0,1.0,378.0,675
18096C,WHITE ROUND PORCELAIN TLIGHT HOLDER,117,298.7,3.4455,2009-12-01,2010-02-24,20,3,6.882352941176471,-0.2608695652173913,1.3604651162790697,-46.0,12.0,-58.0,86
18096c,WHITE ROUND PORCELAIN TLIGHT HOLDER,8,41.14,5.151666666666666,2009-12-01,2010-01-25,6,1,2.6666666666666665,0.0,0.14285714285714285,8.0,0.0,8.0,56
18097A,PINK TALL PORCELAIN T-LIGHT HOLDER ,17,43.349999999999994,2.55,2010-03-05,2011-06-22,12,1,1.5454545454545454,-0.0,0.035789473684210524,-4.0,0.0,-4.0,475
18097B,BLUE TALL PORCELAIN T-LIGHT HOLDER,7,17.849999999999998,2.55,2009-12-02,2010-01-17,3,1,2.3333333333333335,0.0,0.14893617021276595,8.0,0.0,8.0,47
18097C,WHITE TALL PORCELAIN T-LIGHT HOLDER,1763,3924.9199999999996,2.8269339622641505,2009-12-01,2011-12-08,211,4,10.882716049382717,0.16061606160616063,2.388888888888889,1818.0,292.0,1526.0,738
18098A,PINK PORCELAIN B'FLY OIL BURNER,2,5.9,2.95,2009-12-14,2009-12-17,2,1,1.0,-0.0,0.5,-19.0,0.0,-19.0,4
18098B,BLUE PORCELAIN B'FLY OIL BURNER,3,8.850000000000001,2.9500000000000006,2009-12-13,2010-02-24,3,1,1.0,0.0,0.04054054054054054,0.0,0.0,0.0,74
18098C,PORCELAIN BUTTERFLY OIL BURNER,1223,3231.13,3.2679012345679013,2009-12-01,2011-08-08,236,4,7.069364161849711,0.023928215353938187,1.9853896103896105,1003.0,24.0,979.0,616
18098c,PORCELAIN BUTTERFLY OIL BURNER,292,1479.61,5.067333333333333,2009-12-01,2010-12-21,135,1,6.488888888888889,0.0,0.7564766839378239,332.0,0.0,332.0,386
30086C,ASSORTED FRUIT STRAWS,1,1.7,1.7,2009-12-01,2009-12-01,1,1,1.0,0.0,1.0,1.0,0.0,1.0,1
35001B,HAND OPEN SHAPE BLACK,17,59.330000000000005,3.49,2009-12-17,2010-03-16,6,1,2.8333333333333335,0.06666666666666667,0.18888888888888888,30.0,2.0,28.0,90
35001G,HAND OPEN SHAPE GOLD,715,2259.47,4.204857142857143,2009-12-01,2011-12-07,103,5,8.313953488372093,0.02127659574468085,0.9701492537313433,517.0,11.0,506.0,737
35001P,HAND OPEN SHAPE PINK,2,6.98,3.49,2009-12-14,2009-12-17,2,1,1.0,0.2,0.5,5.0,1.0,4.0,4
35001W,HAND OPEN SHAPE DECO.WHITE,883,2806.69,4.085520833333334,2009-12-01,2010-12-16,190,2,6.54074074074074,0.023702031602708805,2.3175853018372705,886.0,21.0,865.0,381
35004B,SET OF 3 BLACK FLYING DUCKS,1474,6809.650000000001,6.741594202898551,2009-12-01,2011-12-09,275,3,7.297029702970297,0.07795275590551182,1.9945872801082545,1270.0,99.0,1171.0,739
35004C,SET OF 3 COLOURED  FLYING DUCKS,3035,15874.380000000001,7.756394366197183,2009-12-02,2011-03-07,355,5,14.316037735849056,0.029277813923227064,6.5835140997830806,3074.0,90.0,2984.0,461
35004G,SET OF 3 GOLD FLYING DUCKS,359,1419.51,6.24974025974026,2009-12-01,2011-12-07,76,2,4.986111111111111,0.02203856749311295,0.4871099050203528,363.0,8.0,355.0,737
35004P,SET OF 3 PINK FLYING DUCKS,120,638.97,6.8058139534883715,2009-12-01,2010-12-10,43,1,4.0,0.0,0.32,118.0,0.0,118.0,375
35004S,SET OF 3 SILVER FLYING DUCKS,145,505.4,7.283333333333332,2009-12-01,2009-12-23,24,1,11.153846153846153,-0.0641025641025641,6.304347826086956,-156.0,10.0,-166.0,23
35004c,SET OF 3 COLOURED  FLYING DUCKS,27,343.72,12.731200000000001,2009-12-01,2010-11-12,25,1,1.6875,0.0,0.07780979827089338,27.0,0.0,27.0,347
35004p,SET OF 3 PINK FLYING DUCKS,1,12.72,12.72,2010-10-22,2010-10-22,1,1,1.0,0.0,1.0,1.0,0.0,1.0,1
35004s,SET OF 3 SILVER FLYING DUCKS,1,13.0,13.0,2009-12-01,2009-12-01,1,1,1.0,0.0,1.0,1.0,0.0,1.0,1
35051B,PINK BEADED CONE CHRISTMAS,14,5.88,0.42,2009-12-01,2009-12-07,2,1,7.0,0.0,2.0,32.0,0.0,32.0,7
35085E,IVORY ROSE LAMPSHADE ,39,44.25,1.1666666666666667,2009-12-01,2010-07-14,9,1,4.333333333333333,0.0,0.17256637168141592,11.0,0.0,11.0,226
35095A,BLUE VICTORIAN FABRIC OVAL BOX,1809,725.56,0.6371686746987951,2009-12-01,2011-12-09,166,5,13.108695652173912,0.0,2.4479025710419484,1813.0,0.0,1813.0,739
35095B,RED VICTORIAN FABRIC OVAL BOX,1952,766.64,0.6162146892655367,2009-12-01,2011-12-09,177,3,13.27891156462585,0.0,2.641407307171854,1964.0,0.0,1964.0,739
35096A,BLUE VICTORIAN FABRIC HEART BOX,765,272.45,0.6742,2009-12-02,2010-03-05,50,2,21.857142857142858,0.0,8.138297872340425,831.0,0.0,831.0,94
35096B,RED VICTORIAN FABRIC HEART BOX,293,106.49000000000001,0.46759999999999996,2009-12-02,2010-03-05,25,1,13.952380952380953,0.0,3.117021276595745,229.0,0.0,229.0,94
35271S,GOLD PRINT PAPER BAG,420,85.97,0.23399999999999999,2009-12-05,2010-12-02,20,1,23.333333333333332,0.0,1.1570247933884297,422.0,0.0,422.0,363
35471A,SET OF 3 BIRD L.BLUE FEATHER,421,499.31,1.6135294117647059,2009-12-01,2010-11-14,83,4,6.2835820895522385,0.0728862973760933,1.2063037249283668,343.0,25.0,318.0,349
35471D,SET OF 3 BIRD LIGHT PINK FEATHER ,2241,1591.86,1.2320786516853932,2009-12-01,2011-12-09,348,10,9.743478260869566,0.000877963125548727,3.0324763193504736,2278.0,2.0,2276.0,739
35591T,TURQUOISE CHRISTMAS TREE ,17,21.25,1.25,2010-09-05,2011-11-20,9,1,1.8888888888888888,-0.0,0.038461538461538464,-8.0,0.0,-8.0,442
35597A,DUSTY PINK CHRISTMAS TREE 30CM,10,12.5,1.25,2010-09-06,2010-12-06,4,1,2.5,-0.0,0.10869565217391304,-3.0,0.0,-3.0,92
35597B,BLACKCHRISTMAS TREE 30CM,78,224.1,1.5514285714285714,2009-12-13,2010-12-06,7,3,11.142857142857142,0.0,0.21727019498607242,79.0,0.0,79.0,359
35597D,PINK/WHITE CHRISTMAS TREE 30CM,58,25.28,0.5825,2009-12-04,2011-09-01,7,1,8.285714285714286,0.0,0.09105180533751962,115.0,0.0,115.0,637
35598A,DUSTY PINK CHRISTMAS TREE 60CM,10,29.500000000000004,2.9500000000000006,2009-12-07,2011-11-20,3,1,3.3333333333333335,0.0,0.014005602240896359,18.0,0.0,18.0,714
35598B,BLACK CHRISTMAS TREE 60CM,931,874.6500000000001,2.5542105263157895,2009-12-01,2011-11-30,57,8,19.0,0.0,1.2753424657534247,961.0,0.0,961.0,730
35598C,WHITE CHRISTMAS TREE 60CM,3,8.850000000000001,2.9500000000000006,2009-12-18,2011-11-24,3,1,1.0,0.0,0.004243281471004243,7.0,0.0,7.0,707
35598D,PINK/WHITE CHRISTMAS TREE 60CM,1727,1312.2,1.6382524271844658,2009-12-02,2011-12-04,103,7,21.0609756097561,0.0005668934240362812,2.3560709413369714,1764.0,1.0,1763.0,733
35599B,BLACK CHRISTMAS TREE 120CM,268,974.81,5.7886274509803926,2009-12-02,2011-12-04,51,6,5.702127659574468,0.0,0.3656207366984993,276.0,0.0,276.0,733
35599D,PINK AND WHITE CHRISTMAS TREE 120CM,406,1366.48,4.735631067961165,2009-12-01,2011-12-04,103,5,5.561643835616438,0.014669926650366748,0.553133514986376,409.0,6.0,403.0,734
35600D,PINK AND WHITE CHRISTMAS TREE 180CM,141,497.70000000000005,7.084615384615384,2009-12-01,2010-09-28,13,2,11.75,0.0,0.46688741721854304,105.0,0.0,105.0,302
35603B,S/16 BLACK SHINY/MAT BAUBLES,50,21.0,0.42,2009-12-17,2009-12-18,2,1,25.0,0.3,25.0,80.0,24.0,56.0,2
35603C,SET/16 WHITE SHINY & MATT BAUBLES,83,48.3,0.6888,2009-12-02,2010-11-09,24,1,3.9523809523809526,0.0,0.24198250728862974,31.0,0.0,31.0,343
35607A,PINK FLUFFY CHRISTMAS DECORATION,554,118.43,0.33129032258064517,2009-12-11,2011-01-18,31,4,19.103448275862068,0.0,1.3712871287128714,457.0,0.0,457.0,404
35607B,BLACK FEATHER CHRISTMAS DECORATION,312,62.3,0.2788235294117647,2009-12-11,2011-09-15,17,1,18.352941176470587,0.0,0.484472049689441,126.0,0.0,126.0,644
35609A,PINK FEATHER CHRISTMAS DECORATION,447,133.23,0.8216666666666667,2009-12-02,2010-12-10,24,4,19.434782608695652,0.0,1.195187165775401,352.0,0.0,352.0,374
35610A,PINK CHRISTMAS FLOCK DROPLET ,143,105.43,1.5366666666666664,2009-12-07,2010-12-15,12,2,11.916666666666666,-0.0,0.38235294117647056,-1133.0,0.0,-1133.0,374
35610B,BLACK CHRISTMAS FLOCK DROPLET ,179,144.07,1.1314285714285715,2009-12-02,2010-12-13,13,1,13.76923076923077,-0.0,0.47480106100795755,-362.0,0.0,-362.0,377
35610C,WHITE CHRISTMAS FLOCK DROPLET ,94,81.56,1.46875,2009-12-10,2010-12-13,8,1,11.75,-0.0,0.25474254742547425,-1027.0,0.0,-1027.0,369
35611B,BLACK ASSORTED DROPLET DECORATION,62,45.760000000000005,2.23,2009-12-03,2010-11-23,3,2,20.666666666666668,-0.0,0.17415730337078653,-169.0,0.0,-169.0,356
35633B,BLUE TINSEL GARLAND ,130,24.7,0.19000000000000003,2009-12-04,2010-11-28,12,1,11.818181818181818,0.0,0.3611111111111111,267.0,0.0,267.0,360
35637A,IVORY STRING CURTAIN WITH POLE ,551,1445.05,6.165849056603774,2009-12-13,2011-11-27,53,4,11.02,0.0018115942028985507,0.7706293706293706,552.0,1.0,551.0,715
35637C,PINK STRING CURTAIN WITH POLE,100,331.14,6.51,2010-01-14,2011-11-27,19,2,5.2631578947368425,0.0,0.14641288433382138,100.0,0.0,100.0,683
35638A,PINK AND BLACK STRING CURTAIN,39,88.04999999999998,3.9499999999999997,2010-01-25,2011-11-20,6,1,6.5,-0.0,0.058646616541353384,-1.0,0.0,-1.0,665
35638B,PINK/BLUE STRING CURTAIN ,118,313.28999999999996,6.6036363636363635,2009-12-09,2011-11-20,11,1,10.727272727272727,0.0,0.16573033707865167,118.0,0.0,118.0,712
35751C,PURPLE CURRENT CANDLE RING,31,12.61,0.47,2009-12-01,2009-12-02,2,2,15.5,0.0,15.5,43.0,0.0,43.0,2
35751D,PINK CURRENT CANDLE RING,28,5.32,0.19,2009-12-02,2009-12-02,1,1,28.0,0.0,28.0,28.0,0.0,28.0,1
35809A,ENAMEL PINK TEA CONTAINER,1137,1666.78,2.4808426966292134,2009-12-03,2011-06-09,177,10,8.548872180451127,0.0,2.0523465703971118,1126.0,0.0,1126.0,554
35809B,ENAMEL BLUE RIM TEA CONTAINER,104,227.54000000000002,2.5727272727272728,2009-12-02,2011-04-11,33,4,4.0,0.0,0.20967741935483872,44.0,0.0,44.0,496
35809a,ENAMEL PINK TEA CONTAINER,10,41.54,4.154,2010-11-26,2011-05-10,10,1,1.0,0.0,0.060240963855421686,11.0,0.0,11.0,166
35810A,ENAMEL PINK COFFEE CONTAINER,1205,1604.74,2.3456976744186044,2009-12-03,2011-10-30,171,11,8.66906474820144,0.0008865248226950354,1.7288378766140602,1128.0,1.0,1127.0,697
35810B,ENAMEL BLUE RIM COFFEE CONTAINER,325,517.71,2.2813235294117646,2009-12-02,2011-11-30,68,9,5.508474576271187,0.038922155688622756,0.4458161865569273,334.0,13.0,321.0,729
35811A,ENAMEL PINK SUGAR CONTAINER,434,762.97,2.913809523809524,2009-12-03,2010-10-08,84,2,6.382352941176471,0.004901960784313725,1.4,408.0,2.0,406.0,310
35815B,"ACRYLIC JEWEL SNOWFLAKE,BLUE",95,43.940000000000005,1.6866666666666665,2009-12-07,2009-12-15,3,1,31.666666666666668,0.0,10.555555555555555,85.0,0.0,85.0,9
35815P,"ACRYLIC JEWEL SNOWFLAKE, PINK",168,75.88000000000001,1.1171428571428572,2010-10-18,2011-09-26,7,2,24.0,0.0,0.4883720930232558,145.0,0.0,145.0,344
35816B,"ACRYLIC JEWEL ANGEL,BLUE",139,58.07,1.4000000000000001,2009-12-16,2010-05-14,3,1,46.333333333333336,0.0,0.9266666666666666,122.0,0.0,122.0,150
35816P,"ACRYLIC JEWEL ANGEL,PINK",297,137.43,1.1433333333333333,2010-02-18,2011-08-16,9,3,33.0,0.0,0.544954128440367,297.0,0.0,297.0,545
35817B,"ACRYLIC JEWEL SNOWFLAKE,BLUE",143,61.3,2.6999999999999997,2009-12-03,2010-05-14,3,1,71.5,0.0,0.8773006134969326,142.0,0.0,142.0,163
35817P,"ACRYLIC JEWEL SNOWFLAKE,PINK",420,216.7,1.5945454545454545,2010-05-14,2011-08-12,11,1,42.0,0.0,0.9210526315789473,376.0,0.0,376.0,456
35818B,"ACRYLIC JEWEL ICICLE, BLUE",408,180.05,1.1527272727272726,2010-04-13,2011-11-01,11,2,37.09090909090909,0.0,0.7183098591549296,333.0,0.0,333.0,568
35818C,"ACRYLIC JEWEL ICICLE, CLEAR ",1,3.43,3.43,2009-12-14,2009-12-14,1,1,1.0,0.0,1.0,0.0,0.0,0.0,1
35818P,"ACRYLIC JEWEL ICICLE, PINK",559,242.15,0.9732,2010-05-14,2011-12-05,25,2,24.304347826086957,0.0,0.978984238178634,563.0,0.0,563.0,571
35819B,"ACRYLIC HANGING JEWEL,BLUE",385,192.3,0.712,2009-12-14,2011-11-30,32,3,14.25925925925926,0.0,0.5369595536959554,482.0,0.0,482.0,717
35819P,"ACRYLIC HANGING JEWEL,PINK",95,66.55,0.5042857142857143,2011-09-16,2011-11-13,7,2,13.571428571428571,0.0,1.6101694915254237,203.0,0.0,203.0,59
35821B,"JEWELLED DECORATION,BLUE",150,57.0,0.38000000000000006,2009-12-10,2010-04-08,3,1,50.0,0.0,1.25,129.0,0.0,129.0,120
35821P,"JEWELLED DECORATION,PINK",2,5.9,2.95,2009-12-02,2009-12-15,2,1,1.0,0.0,0.14285714285714285,4.0,0.0,4.0,14
35822B,"ACRYLIC BEAD CHAIN, BLUE",229,87.02,0.38,2010-01-27,2010-01-27,1,1,229.0,0.0,229.0,250.0,0.0,250.0,1
35822P,"ACRYLIC BEAD CHAIN, PINK",114,43.32,0.38,2010-01-27,2010-01-27,1,1,114.0,0.0,114.0,111.0,0.0,111.0,1
35823P,"ACRYLIC BEAD GARLAND,PINK",2,5.9,2.95,2010-02-21,2010-07-15,2,1,1.0,-0.0,0.013793103448275862,-10.0,0.0,-10.0,145
35824B,"HANGING FLOWERS+MIRROR,BLUE",528,203.24,0.8133333333333334,2009-12-10,2010-05-14,6,2,88.0,0.0,3.3846153846153846,520.0,0.0,520.0,156
35824C,"HANGING FLOWERS+MIRROR,CLEAR",235,117.05,0.935,2009-12-03,2010-04-08,8,2,29.375,0.0,1.8503937007874016,177.0,0.0,177.0,127
35824P,"HANGING FLOWERS+MIRROR,PINK",324,136.44,0.75,2010-03-22,2010-04-23,3,1,108.0,0.0,9.818181818181818,298.0,0.0,298.0,33
35833G,4 GOLD FLOCK CHRISTMAS BALLS,134,220.66,1.657058823529412,2009-12-06,2010-12-06,34,2,4.785714285714286,0.0,0.366120218579235,78.0,0.0,78.0,366
35833P,4 PINK FLOCK CHRISTMAS BALLS,185,342.17,2.33578125,2009-12-06,2011-11-24,64,2,3.3636363636363638,0.0,0.2573018080667594,191.0,0.0,191.0,719
35838A,S/6 MULTICOLOUR ORNAMENETAL CANDLE,180,184.4,1.175,2009-12-07,2010-09-29,20,1,11.25,0.0,0.6060606060606061,258.0,0.0,258.0,297
35838B,S/6 SILVER ORNAMENETAL CANDLE,100,85.0,0.85,2009-12-09,2010-09-28,23,1,5.555555555555555,0.0,0.3401360544217687,30.0,0.0,30.0,294
35909A,RABBIT EASTER DECORATION,20,59.00000000000001,2.95,2010-02-23,2011-04-26,5,1,4.0,0.0,0.04672897196261682,20.0,0.0,20.0,428
35909B,PINK FLOWERS RABBIT EASTER,16,47.2,2.95,2009-12-06,2011-06-14,6,1,2.6666666666666665,0.0,0.02877697841726619,16.0,0.0,16.0,556
35910A,MULTICOLOUR EASTER RABBIT ,53,103.35,1.9499999999999997,2009-12-13,2011-03-28,13,2,4.076923076923077,0.0,0.11252653927813164,53.0,0.0,53.0,471
35910B,PINK FLOWERS RABBIT EASTER,29,61.07,2.515,2010-01-07,2011-11-06,8,2,4.142857142857143,0.0,0.043348281016442454,29.0,0.0,29.0,669
35911A,MULTICOLOUR RABBIT EGG WARMER,388,466.69,1.5051546391752577,2009-12-02,2011-11-04,96,5,5.105263157894737,0.0,0.5519203413940256,409.0,0.0,409.0,703
35911B,PINK/FLOWER RABBIT EGG WARMER ,159,184.76000000000002,1.50125,2009-12-11,2011-03-22,24,2,8.368421052631579,0.0,0.3404710920770878,150.0,0.0,150.0,467
35912B,WHITE/PINK CHICK DECORATION,288,355.58000000000004,1.8506666666666667,2010-01-07,2011-10-30,30,5,9.931034482758621,0.0,0.4350453172205438,290.0,0.0,290.0,662
35913B,WHITE/PINK CHICK EASTER DECORATION,100,92.39,1.065217391304348,2010-01-07,2011-11-06,21,2,5.2631578947368425,0.0,0.14947683109118087,104.0,0.0,104.0,669
35915A,CREAM KNITTED HEN,288,365.76,1.27,2009-12-18,2009-12-18,1,1,288.0,0.0,288.0,275.0,0.0,275.0,1
35915B,BLUE KNITTED HEN ,563,713.7299999999999,1.2102941176470587,2009-12-18,2011-09-23,67,5,12.23913043478261,0.0,0.8728682170542635,565.0,0.0,565.0,645
35915C,PEACH KNITTED HEN ,662,793.3199999999999,1.3530487804878046,2009-12-03,2011-04-18,82,4,11.413793103448276,0.0,1.3187250996015936,649.0,0.0,649.0,502
35916A,YELLOW FELT HANGING HEART W FLOWER,129,112.03999999999999,1.0156818181818181,2009-12-07,2011-10-18,44,1,3.3076923076923075,0.0,0.1894273127753304,114.0,0.0,114.0,681
35916B,BLUE FELT HANGING HEART W FLOWER,132,119.67,0.9663043478260869,2009-12-01,2011-10-18,46,1,3.142857142857143,0.0,0.19213973799126638,112.0,0.0,112.0,687
35916C,PINK FELT HANGING HEART W FLOWER,157,167.54999999999998,1.220952380952381,2009-12-01,2011-10-18,42,2,4.131578947368421,0.0,0.22852983988355166,127.0,0.0,127.0,687
35918B,BLUE FLORIBUNDA EGG WARMER,10,12.5,1.25,2009-12-02,2010-02-23,5,1,2.5,-0.06666666666666667,0.11904761904761904,-15.0,1.0,-16.0,84
35976B,WHITE SCANDINAVIAN HEART CHRISTMAS,1,1.25,1.25,2009-12-06,2009-12-06,1,1,1.0,-0.14285714285714285,1.0,-84.0,12.0,-96.0,1
35980B,RED TOP SCANDINAVIAN HEART ,4,1.52,0.38,2009-12-18,2010-05-16,2,1,2.0,-0.0,0.02666666666666667,-13.0,0.0,-13.0,150
35980C,REDWHITE STRIPE SCANDINAVIAN HEART ,377,147.64000000000001,0.4555172413793103,2009-12-14,2010-10-13,29,1,15.708333333333334,0.0561941251596424,1.2401315789473684,783.0,44.0,739.0,304
35981C,WHITE SNOW SCANDINAVIAN STOCKING ,589,297.62,0.6566666666666667,2009-12-02,2010-10-17,67,1,12.53191489361702,0.0,1.840625,704.0,0.0,704.0,320
37379A,PINK CHERRY BLOSSOM CUP & SAUCER,41,159.2,7.996874999999999,2009-12-02,2011-01-19,16,1,2.9285714285714284,-0.013513513513513514,0.09903381642512077,-74.0,1.0,-75.0,414
37379B,BLUE CHERRY BLOSSOM CUP & SAUCER,1122,181.5,0.8833333333333333,2010-03-04,2010-03-23,3,3,374.0,0.0,56.1,1055.0,0.0,1055.0,20
37444A,YELLOW BREAKFAST CUP AND SAUCER,2709,563.43,3.199767441860465,2009-12-01,2011-07-13,43,3,64.5,0.4862555720653789,4.591525423728814,2692.0,1309.0,1383.0,590
37444B,BLUE BREAKFAST CUP AND SAUCER ,2010,409.6,3.8150000000000004,2009-12-01,2011-03-28,28,3,77.3076923076923,0.487369985141159,4.161490683229814,2019.0,984.0,1035.0,483
37444C,PINK BREAKFAST CUP AND SAUCER ,1654,673.72,4.633888888888889,2009-12-01,2011-03-28,54,4,35.191489361702125,0.46517262265293763,3.4244306418219463,1651.0,768.0,883.0,483
37462B,"PET MUG, BUDGIE",170,87.28,0.754375,2009-12-01,2010-10-12,32,1,5.862068965517241,0.005376344086021506,0.5379746835443038,186.0,1.0,185.0,316
37462E,"PET MUG, GOLDFISH",107,47.12,0.6485714285714286,2010-01-10,2011-12-05,28,1,3.8214285714285716,0.02666666666666667,0.1539568345323741,225.0,6.0,219.0,695
37477B,"FLOWER FAIRY MUG+COASTER,LAVENDER",11,41.25,3.75,2009-12-02,2010-11-22,8,2,1.375,0.2,0.03089887640449438,5.0,1.0,4.0,356
37477C,"FLOWER FAIRY MUG+COASTER,ROSE",6,22.5,3.75,2010-11-23,2010-11-23,1,1,6.0,-0.0,6.0,-5.0,0.0,-5.0,1
37479B,CUBIC MUG FLOCK BLUE ON BROWN,1253,1095.85,3.110625,2010-01-11,2011-06-15,32,3,41.766666666666666,0.0,2.404990403071017,1702.0,0.0,1702.0,521
37479P,CUBIC MUG FLOCK PINK ON BROWN,170,160.08,2.251714285714286,2010-06-11,2011-11-08,34,4,5.483870967741935,-0.0,0.32945736434108525,-480.0,0.0,-480.0,516
37482B,CUBIC MUG BLUE POLKA DOT,1251,1127.9099999999999,5.19,2009-12-05,2010-08-01,9,2,139.0,0.0,5.2125,1121.0,0.0,1121.0,240
37482P,CUBIC MUG PINK POLKA DOT,667,906.31,4.041190476190476,2009-12-02,2011-04-13,83,5,9.808823529411764,0.0,1.3393574297188755,587.0,0.0,587.0,498
37482b,CUBIC MUG BLUE POLKA DOT,1,17.35,17.35,2009-12-22,2009-12-22,1,1,1.0,0.0,1.0,1.0,0.0,1.0,1
37482p,CUBIC MUG PINK POLKA DOT,2,34.7,17.35,2009-12-01,2009-12-22,2,1,1.0,0.0,0.09090909090909091,2.0,0.0,2.0,22
37487B,YELLOW/ORANGE FLOWER DESIGN PLATE,68,19.72,0.29,2011-04-11,2011-04-13,2,1,34.0,0.0,22.666666666666668,53.0,0.0,53.0,3
37488A,YELLOW PINK FLOWER DESIGN BIG BOWL,31,19.770000000000003,1.4140000000000001,2010-02-23,2011-04-13,5,1,6.2,0.025,0.0746987951807229,40.0,1.0,39.0,415
37489A,YELLOW/PINK FLOWER DESIGN BIG MUG,46,46.56,1.2283333333333333,2009-12-13,2011-11-21,23,1,2.0,0.0,0.06488011283497884,50.0,0.0,50.0,709
37489B,BLUE/YELLOW FLOWER DESIGN BIG MUG,38,30.419999999999998,1.0323529411764707,2010-02-12,2011-11-21,17,1,2.235294117647059,0.0,0.05864197530864197,25.0,0.0,25.0,648
37489C,GREEN/BLUE FLOWER DESIGN BIG MUG,27,26.06,1.5541666666666665,2009-12-01,2011-09-14,12,1,2.25,0.0,0.04134762633996937,18.0,0.0,18.0,653
37489D,PINK/GREEN FLOWER DESIGN BIG MUG,46,28.86,0.7614285714285715,2010-01-14,2011-12-05,20,1,2.3,0.0,0.06657018813314038,35.0,0.0,35.0,691
37491A,YELLOW/PINK CERAMIC CANDLE HOLDER,18,48.3,2.6915384615384617,2009-12-15,2011-10-31,13,1,1.5,0.0,0.026239067055393587,30.0,0.0,30.0,686
37491B,BLUE/YELLOW CERAMIC CANDLE HOLDER,14,30.08,2.3,2010-01-11,2011-07-18,8,1,1.75,0.0,0.02527075812274368,7.0,0.0,7.0,554
37491C,GREEN/BLUE CERAMIC CANDLE HOLDER,58,167.52,2.163,2009-12-11,2011-07-18,10,1,5.8,0.0,0.09914529914529914,78.0,0.0,78.0,585
37491D,PURPLE/BLUE CERAMIC CANDLE HOLDER,26,63.28,2.696923076923077,2010-01-27,2011-07-18,13,1,2.0,0.0,0.048327137546468404,22.0,0.0,22.0,538
37492A,YELLOW RED FLOWER PIGGY BANK,108,216.07,4.274545454545454,2009-12-01,2009-12-23,11,2,9.818181818181818,0.014285714285714285,4.695652173913044,70.0,1.0,69.0,23
37492B,BLUE YELLOW FLOWER PIGGY BANK,489,946.7199999999999,3.6697727272727274,2009-12-02,2010-10-05,44,2,11.926829268292684,0.03680981595092025,1.5876623376623376,489.0,18.0,471.0,308
37492C,GREEN BLUE FLOWER PIGGY BANK,242,477.29999999999995,3.81,2009-12-01,2010-05-18,24,1,10.083333333333334,0.0037593984962406013,1.4319526627218935,266.0,1.0,265.0,169
37492D,PURPLE GREEN FLOWER PIGGY BANK,361,682.9899999999999,4.201538461538462,2009-12-04,2010-05-21,26,1,16.40909090909091,0.023952095808383235,2.136094674556213,334.0,8.0,326.0,169
37494A,FAIRY CAKE CERAMIC BUTTER DISH,237,793.44,4.476274509803922,2009-12-02,2010-04-01,51,3,7.181818181818182,0.022321428571428572,1.9586776859504131,224.0,5.0,219.0,121
37494a,FAIRY CAKE CERAMIC BUTTER DISH,4,24.16,6.04,2009-12-22,2009-12-22,3,1,4.0,0.0,4.0,4.0,0.0,4.0,1
40005B,BLUE ORGANDY ROUND LAMPSHADE W BEA,33,28.05,0.8499999999999999,2010-03-25,2011-11-22,13,1,2.5384615384615383,0.0,0.054276315789473686,35.0,0.0,35.0,608
40018E,TEA TIME PAPER LANTERNS,384,837.02,2.8451851851851853,2009-12-01,2010-07-25,81,4,6.295081967213115,0.0,1.620253164556962,398.0,0.0,398.0,237
40018F,CHERRY DESIGN PAPERLANTERNS,1092,2100.33,2.2838655462184874,2009-12-01,2010-09-05,117,7,13.481481481481481,0.011527377521613832,3.913978494623656,1041.0,12.0,1029.0,279
40046A,RED DAISY PAPER LAMPSHADE,355,472.07,1.7974193548387096,2009-12-02,2011-10-17,62,4,6.339285714285714,0.0,0.5182481751824818,375.0,0.0,375.0,685
40046C,PINK BUTTERFLY PAPER LAMPSHADE,3,3.75,1.25,2009-12-06,2009-12-16,3,1,1.0,0.0,0.2727272727272727,9.0,0.0,9.0,11
44089A,PINK GAUZE BUTTERFLY LAMPSHADE,40,16.8,0.42,2010-02-04,2011-11-27,13,1,3.6363636363636362,0.0,0.06042296072507553,40.0,0.0,40.0,662
44089C,LILAC GAUZE BUTTERFLY LAMPSHADE,68,28.56,0.42,2010-02-04,2011-09-23,18,1,4.533333333333333,0.0,0.11390284757118928,68.0,0.0,68.0,597
44091A,BLUE CRUSOE CHECK LAMPSHADE,18,7.56,0.42,2010-03-26,2011-07-20,6,1,3.0,0.0,0.03734439834024896,39.0,0.0,39.0,482
44091C,MULTICOLOUR CRUSOE CHECK LAMPSHADE,61,30.66,0.5682352941176471,2009-12-17,2010-08-04,17,2,3.588235294117647,0.0,0.26406926406926406,127.0,0.0,127.0,231
44092B,BLUE WHITE PLASTIC RINGS LAMPSHADE,15,12.75,0.85,2010-07-18,2011-09-05,6,1,2.5,0.0,0.03614457831325301,15.0,0.0,15.0,415
44092C,PURPLE/COPPER HANGING LAMPSHADE,23,19.55,0.85,2009-12-18,2011-10-20,10,1,2.3,0.0,0.03422619047619048,25.0,0.0,25.0,672
44217M,MULTICOLOUR FEATHERS CURTAIN,72,236.40000000000003,3.616666666666667,2010-02-15,2010-02-15,3,1,72.0,0.9863013698630136,72.0,73.0,72.0,1.0,1
44241C,BLUE BUTTERFLY ON SPRING,70,59.5,0.85,2010-01-25,2010-08-04,8,1,10.0,0.0,0.3645833333333333,54.0,0.0,54.0,192
44242A,LILAC FEATHERS CURTAIN,14,11.98,1.02,2010-03-25,2011-07-10,2,1,7.0,0.0,0.02959830866807611,14.0,0.0,14.0,473
44242B,PINK FEATHERS CURTAIN,109,121.53,1.1477777777777778,2009-12-06,2011-09-26,9,2,12.11111111111111,0.0,0.16515151515151516,109.0,0.0,109.0,660
45008C,DECORATIVE NET CANOPY CREAM,83,792.0699999999999,12.162647058823529,2009-12-03,2010-07-14,34,6,2.6774193548387095,0.0,0.3705357142857143,30.0,0.0,30.0,224
46000M,POLYESTER FILLER PAD 45x45cm,2517,3901.3500000000004,1.55,2009-12-01,2011-12-07,353,9,10.531380753138075,0.005591054313099041,3.4151967435549526,3756.0,21.0,3735.0,737
46000P,POLYESTER FILLER PAD 65CMx65CM,213,905.25,4.25,2009-12-01,2011-09-04,49,3,5.071428571428571,0.013043478260869565,0.3312597200622084,230.0,3.0,227.0,643
46000R,POLYESTER FILLER PAD 45x30cm,243,352.34999999999997,1.45,2010-01-26,2011-12-07,61,3,4.189655172413793,0.0,0.3568281938325991,181.0,0.0,181.0,681
46000S,POLYESTER FILLER PAD 40x40cm,3471,5032.95,1.45,2009-12-01,2011-12-08,380,10,13.09811320754717,0.015002143163309044,4.703252032520325,4666.0,70.0,4596.0,738
46000U,POLYESTER FILLER PAD 30CMx30CM,251,313.75,1.25,2009-12-03,2011-12-04,51,5,5.229166666666667,0.0,0.34289617486338797,226.0,0.0,226.0,732
46037A,PINK CANVAS DES CUSHION COVER ,6,7.5,1.25,2010-05-25,2010-08-12,2,1,3.0,0.0,0.075,1.0,0.0,1.0,80
46115B,GREEN POP ART MAO CUSHION COVER ,286,54.34,0.18999999999999997,2010-05-11,2011-03-04,22,1,13.619047619047619,0.0,0.959731543624161,578.0,0.0,578.0,298
46126A,ELVIS WALLHANGING / CURTAIN,317,419.99,1.5891666666666666,2009-12-03,2011-05-18,48,2,7.204545454545454,0.0,0.5958646616541353,294.0,0.0,294.0,532
46137D,GREEN CHENILLE SHAGGY RUG,45,132.75,2.95,2010-01-29,2010-03-19,4,1,11.25,0.0,0.9,20.0,0.0,20.0,50
46138B,BLUE CHENILLE SHAGGY CUSHION COVER ,71,156.29,2.678,2009-12-07,2011-11-13,25,2,2.84,0.18309859154929578,0.10042432814710042,71.0,13.0,58.0,707
46138D,GREEN CHENILLE SHAGGY C/COVER,1,1.95,1.95,2010-03-25,2010-03-25,1,1,1.0,0.0,1.0,1.0,0.0,1.0,1
46775A,BUBBLE GUM CHUNKY KNITTED THROW ,83,1044.23,14.045,2009-12-02,2010-02-24,32,2,5.533333333333333,0.011904761904761904,0.9764705882352941,84.0,1.0,83.0,85
46775B,BERRIES CHUNKY KNITTED THROW ,5,84.75,16.95,2009-12-02,2009-12-10,4,1,1.25,-0.0,0.5555555555555556,-12.0,0.0,-12.0,9
46775D,SUNSET COLOUR CHUNKY KNITTED THROW,153,1938.1899999999998,12.674,2009-12-13,2011-12-05,95,5,2.095890410958904,0.027586206896551724,0.21161825726141079,145.0,4.0,141.0,723
46775E,CANDY POP CHUNKY KNITTED THROW ,101,1282.8999999999999,13.26686274509804,2009-12-11,2010-09-12,51,2,3.4827586206896552,0.0,0.36594202898550726,88.0,0.0,88.0,276
46776A,WOVEN BUBBLE GUM CUSHION COVER,406,1283.23,4.361487603305785,2009-12-04,2011-12-09,121,2,4.142857142857143,0.0,0.5516304347826086,408.0,0.0,408.0,736
46776B,WOVEN BERRIES CUSHION COVER ,428,1369.23,4.262352941176471,2009-12-03,2011-12-09,153,2,3.5371900826446283,0.0,0.5807327001356852,432.0,0.0,432.0,737
46776C,WOVEN FROST CUSHION COVER,258,905.1,4.324742268041237,2009-12-10,2011-12-09,96,3,3.1463414634146343,0.0,0.35342465753424657,260.0,0.0,260.0,730
46776D,WOVEN SUNSET CUSHION COVER ,153,658.07,4.279605263157895,2009-12-04,2011-12-09,76,2,2.4285714285714284,0.006535947712418301,0.2078804347826087,153.0,1.0,152.0,736
46776E,WOVEN CANDY CUSHION COVER ,205,662.1,4.191948051948051,2010-01-04,2011-12-09,77,1,3.014705882352941,0.0,0.2907801418439716,207.0,0.0,207.0,705
46776F,WOVEN ROSE GARDEN CUSHION COVER ,487,1675.73,4.206687898089172,2009-12-03,2011-12-09,157,1,4.162393162393163,0.0,0.66078697421981,487.0,0.0,487.0,737
46776a,WOVEN BUBBLE GUM CUSHION COVER,5,20.65,4.13,2011-10-31,2011-10-31,1,1,5.0,0.0,5.0,5.0,0.0,5.0,1
46776b,WOVEN BERRIES CUSHION COVER ,1,4.13,4.13,2011-10-31,2011-10-31,1,1,1.0,0.0,1.0,1.0,0.0,1.0,1
46776e,WOVEN CANDY CUSHION COVER ,1,4.13,4.13,2011-10-31,2011-10-31,1,1,1.0,0.0,1.0,1.0,0.0,1.0,1
46776f,WOVEN ROSE GARDEN CUSHION COVER ,7,28.91,4.13,2011-10-31,2011-10-31,1,1,7.0,0.0,7.0,7.0,0.0,7.0,1
47013A,WINE BOTTLE DRESSING LT.BLUE,141,39.87,0.2764,2009-12-16,2011-04-19,25,1,5.64,0.0,0.28775510204081634,139.0,0.0,139.0,490
47013C,WINE BOTTLE DRESSING DARK BLUE,147,40.519999999999996,0.35,2009-12-04,2011-06-20,27,1,5.653846153846154,0.07947019867549669,0.26063829787234044,151.0,12.0,139.0,564
47021G,SET/6 BEAD COASTERS GAUZE BAG GOLD,713,541.96,2.199577464788732,2009-12-01,2011-06-23,70,3,11.5,0.0,1.250877192982456,952.0,0.0,952.0,570
47310M,"SMALL POP BOX,FUNKY MONKEY",746,1004.94,1.6646820809248555,2009-12-09,2011-12-09,172,3,5.366906474820144,0.0,1.0205198358413132,747.0,0.0,747.0,731
47341A,FUSCHIA TABLE RUN FLOWER ,29,46.25,2.3214285714285716,2010-09-13,2011-06-08,7,3,4.142857142857143,0.0,0.10780669144981413,22.0,0.0,22.0,269
47341B,BLUE TABLE RUN FLOWER,48,67.5,1.7857142857142858,2009-12-09,2011-11-30,14,2,3.4285714285714284,0.0,0.0664819944598338,48.0,0.0,48.0,722
47343A,FUSCHIA FLOWER PURSE WITH BEADS,200,206.26,1.1875,2009-12-17,2011-08-07,23,3,9.090909090909092,0.0,0.333889816360601,193.0,0.0,193.0,599
47344B,BLUE FLOWER DES PURSE,54,56.16,1.082,2009-12-17,2011-06-02,10,2,5.4,0.0,0.10131332082551595,38.0,0.0,38.0,533
47347B,BLUE FLOWER T-LIGHT HOLDER,240,179.88,1.64,2009-12-07,2010-03-08,11,1,21.818181818181817,0.0,2.608695652173913,118.0,0.0,118.0,92
47348A,FUSCHIA VOILE POINTY SHOE DEC,103,62.01,0.78,2010-04-11,2011-09-01,16,3,6.4375,0.0,0.20235756385068762,104.0,0.0,104.0,509
47351B,BLUE  VOILE LAMPSHADE,98,269.90000000000003,2.9214285714285717,2009-12-06,2011-11-06,14,2,7.0,0.4897959183673469,0.1398002853067047,98.0,48.0,50.0,701
47367B,PAIR PADDED HANGERS PINK CHECK,242,834.95,3.5288541666666666,2009-12-14,2011-10-26,95,5,2.781609195402299,0.0040650406504065045,0.3548387096774194,246.0,1.0,245.0,682
47369A,PINK GREEN EMBROIDERY COSMETIC BAG,48,140.4,3.0524,2010-03-08,2011-12-01,25,2,2.0869565217391304,0.0,0.07570977917981073,52.0,0.0,52.0,634
47369B,BLUE GREEN EMBROIDERY COSMETIC BAG,54,153.18,3.187241379310345,2009-12-13,2011-12-01,29,1,2.0,0.0,0.07510431154381085,58.0,0.0,58.0,719
47503A,ASS FLORAL PRINT MULTI SCREWDRIVER,2853,1405.51,0.63315,2009-12-02,2011-11-28,195,10,20.23404255319149,0.006377325066430469,3.924346629986245,5645.0,36.0,5609.0,727
47503E,ASS FLORAL PRINT SCISSORS,6842,1186.9,1.206,2009-12-08,2010-09-28,25,5,273.68,0.0,23.19322033898305,6807.0,0.0,6807.0,295
47503F,ASS FLORAL PRINT TORCH,2567,729.9499999999999,1.5227272727272727,2009-12-02,2010-03-09,11,2,256.7,0.00019443904335990667,26.193877551020407,5143.0,1.0,5142.0,98
47503G,ASS FLORAL PRINT TAPE MEASURE,284,367.36,1.5697222222222222,2009-12-02,2010-03-12,35,2,10.142857142857142,0.0,2.8118811881188117,17.0,0.0,17.0,101
47503H,ASS FLORAL PRINT SPIRIT LEVEL ,160,246.12,1.9179365079365078,2009-12-08,2011-12-07,60,1,2.909090909090909,0.004098360655737705,0.2191780821917808,244.0,1.0,243.0,730
47503J,SET/3 FLORAL GARDEN TOOLS IN BAG,343,2703.25,10.901891891891893,2009-12-01,2010-12-07,74,3,5.359375,0.05475504322766571,0.9220430107526881,347.0,19.0,328.0,372
47503J ,SET/3 FLORAL GARDEN TOOLS IN BAG,1,16.13,16.13,2010-07-05,2010-07-05,1,1,1.0,0.0,1.0,1.0,0.0,1.0,1
47503K,ASSORTED FLORAL SECATEURS,3177,1389.44,2.262325581395349,2009-12-01,2010-06-21,42,3,88.25,0.0010235414534288639,15.650246305418719,2931.0,3.0,2928.0,203
47504E,ENGLISH ROSE SCISSORS,4387,931.86,1.849375,2009-12-01,2010-10-12,48,6,102.02325581395348,0.0,13.882911392405063,4071.0,0.0,4071.0,316
47504F,ENGLISH ROSE TORCH,527,196.45999999999998,1.6721428571428572,2009-12-01,2010-02-15,14,2,65.875,-0.0,6.8441558441558445,-2388.0,0.0,-2388.0,77
47504G,ENGLISH ROSE TAPE MEASURE,266,366.81,1.92859649122807,2009-12-01,2010-05-11,57,5,6.487804878048781,-0.000351000351000351,1.6419753086419753,-2849.0,1.0,-2850.0,162
47504H,ENGLISH ROSE SPIRIT LEVEL ,1028,1113.07,2.128857142857143,2009-12-03,2011-12-09,140,8,9.26126126126126,0.0038797284190106693,1.3948439620081412,1031.0,4.0,1027.0,737
47504J,ENGLISH ROSE SET/3 GARDEN TOOLS,5,67.25,14.825,2009-12-03,2009-12-16,4,1,1.6666666666666667,-0.05405405405405406,0.35714285714285715,-74.0,4.0,-78.0,14
47504K,ENGLISH ROSE GARDEN SECATEURS,2654,3096.08,1.8726498422712934,2009-12-01,2011-11-09,312,9,11.848214285714286,0.00898325847284606,3.7433004231311706,2449.0,22.0,2427.0,709
47518F,ICON PLACEMAT POP ART ELVIS,903,153.14,0.4135294117647059,2010-01-26,2011-11-29,34,5,27.363636363636363,0.0,1.3417533432392272,903.0,0.0,903.0,673
47518f,ICON PLACEMAT POP ART ELVIS,9,37.75,4.194444444444445,2009-12-01,2011-10-26,9,1,1.0,0.0,0.012949640287769784,9.0,0.0,9.0,695
47552A,DOTS IRONING BOARD COVER,12,23.4,1.95,2009-12-10,2010-06-17,11,1,1.3333333333333333,0.16666666666666666,0.06315789473684211,12.0,2.0,10.0,190
47556B,TEA TIME TEA TOWELS ,5201,13691.02,3.198761061946903,2009-12-01,2011-04-18,449,8,22.81140350877193,0.02455919395465995,10.319444444444445,6352.0,156.0,6196.0,504
47556b,TEA TIME TEA TOWELS ,4,23.64,5.91,2010-02-19,2010-08-02,4,1,1.0,0.0,0.024242424242424242,4.0,0.0,4.0,165
47559B,TEA TIME OVEN GLOVE,5116,6311.69,1.4079184247538679,2009-12-08,2011-12-09,701,17,13.185567010309278,0.01048951048951049,6.9890710382513666,5148.0,54.0,5094.0,732
47559b,TEA TIME OVEN GLOVE,154,511.46,3.2895454545454546,2010-02-19,2011-12-08,44,1,3.7560975609756095,0.0,0.23404255319148937,171.0,0.0,171.0,658
47563A,RETRO LONGBOARD IRONING BOARD COVER,343,836.62,3.3438410596026493,2009-12-02,2011-12-09,151,2,2.7222222222222223,0.011527377521613832,0.46476964769647694,347.0,4.0,343.0,738
47563B,WAVELINE SURF IRONING BOARD COVER,8,30.0,3.75,2010-02-14,2010-11-28,6,1,1.3333333333333333,-0.0,0.027777777777777776,-2.0,0.0,-2.0,288
47566B,TEA TIME PARTY BUNTING,5801,25803.49,5.292057291666667,2009-12-01,2011-12-04,761,13,16.158774373259053,0.41730474732006123,7.9032697547683926,3918.0,1635.0,2283.0,734
47566b,TEA TIME PARTY BUNTING,212,1761.2599999999998,8.317079646017698,2010-06-24,2011-11-08,113,1,3.6551724137931036,0.0,0.42147117296222664,217.0,0.0,217.0,503
47567B,TEA TIME KITCHEN APRON,2166,11683.27,6.212670454545455,2009-12-10,2011-12-05,348,13,9.025,0.00604370060437006,2.9834710743801653,2151.0,13.0,2138.0,726
47567b,TEA TIME KITCHEN APRON,3,38.72,12.906666666666666,2009-12-22,2010-11-19,3,1,1.5,0.0,0.009009009009009009,3.0,0.0,3.0,333
47570B,TEA TIME TABLE CLOTH,973,9622.27,11.808805309734513,2009-12-01,2011-03-29,224,8,5.86144578313253,0.002197802197802198,2.010330578512397,910.0,2.0,908.0,484
47570b,TEA TIME TABLE CLOTH,8,169.4,21.175,2010-06-24,2011-01-25,8,1,1.0,0.0,0.037037037037037035,9.0,0.0,9.0,216
47574A,ENGLISH ROSE SCENTED HANGING FLOWER,573,792.73,2.3022307692307695,2009-12-09,2011-10-07,129,6,5.96875,0.0038684719535783366,0.8577844311377245,517.0,2.0,515.0,668
47574B,ENGLISH ROSE SCENTED HANGING HEART,49,208.25,4.25,2010-01-06,2011-05-18,27,1,2.130434782608696,0.0,0.09839357429718876,37.0,0.0,37.0,498
47578A,ENGLISH ROSE SMALL SCENTED FLOWER,307,279.88,1.0512162162162162,2009-12-02,2011-12-08,69,3,4.873015873015873,0.0,0.41655359565807326,324.0,0.0,324.0,737
47581B,FAIRY CAKE WICKER PICNIC BASKET ,46,753.77,16.319444444444443,2009-12-08,2010-05-25,36,3,1.393939393939394,0.024390243902439025,0.27218934911242604,41.0,1.0,40.0,169
47583A,SET OF 3 WICKER BASKET ROSE,71,612.8199999999999,26.30333333333333,2010-01-11,2010-02-17,6,1,11.833333333333334,0.030303030303030304,1.868421052631579,66.0,2.0,64.0,38
47583B,SET OF 3 WICKER BASKET TEA AND CAKE,27,332.6,21.958333333333332,2009-12-16,2010-02-17,6,1,5.4,0.0,0.421875,15.0,0.0,15.0,64
47585A,PINK FAIRY CAKE CUSHION COVER,1084,2612.88,4.460067567567568,2009-12-07,2011-12-01,148,9,9.186440677966102,0.011970534069981584,1.4951724137931035,1086.0,13.0,1073.0,725
47586A,PINK FAIRY CAKE CUSHION COVER,200,270.43,2.32,2009-12-14,2011-11-23,29,3,7.6923076923076925,0.0,0.28169014084507044,204.0,0.0,204.0,710
47587A,PINK FAIRY CAKE COASTER,2706,1099.88,1.231153846153846,2009-12-01,2010-05-14,26,3,112.75,0.4467609828741623,16.4,2686.0,1200.0,1486.0,165
47590A,BLUE HAPPY BIRTHDAY BUNTING,4752,24174.010000000002,5.7879565217391304,2009-12-02,2011-12-06,689,23,13.5,0.038931455787947815,6.46530612244898,4829.0,188.0,4641.0,735
47590B,PINK HAPPY BIRTHDAY BUNTING,5738,29363.86,5.73623006833713,2009-12-07,2011-12-09,872,23,13.56501182033097,0.010036978341257264,7.828103683492497,5679.0,57.0,5622.0,733
47590a,BLUE HAPPY BIRTHDAY BUNTING,1,11.02,11.02,2010-07-07,2010-07-07,1,1,1.0,0.0,1.0,1.0,0.0,1.0,1
47590b,PINK HAPPY BIRTHDAY BUNTING,13,140.5,10.812999999999999,2010-11-19,2011-11-13,10,1,1.4444444444444444,0.0,0.03611111111111111,13.0,0.0,13.0,360
47591A,CAROUSEL DES CHILD'S APRON,163,269.53999999999996,1.6547142857142856,2009-12-01,2010-08-24,70,4,2.629032258064516,0.044585987261146494,0.6104868913857678,157.0,7.0,150.0,267
47591B,SCOTTIES DES CHILD'S APRON,1054,1696.05,1.6697163120567375,2009-12-01,2011-02-02,281,6,5.697297297297298,0.0,2.456876456876457,909.0,0.0,909.0,429
47591C,BLUE FAIRY CAKE CHILD'S APRON,1051,2012.43,2.091446540880503,2009-12-01,2010-08-15,159,4,10.00952380952381,0.0,4.073643410852713,797.0,0.0,797.0,258
47591D,PINK FAIRY CAKE CHILD'S APRON,9390,17442.29,2.1153826086956524,2009-12-01,2011-12-08,1140,23,20.10706638115632,0.001287691812426226,12.723577235772357,9319.0,12.0,9307.0,738
47591b,SCOTTIES CHILDRENS APRON,8,33.6,4.1899999999999995,2010-09-22,2011-12-08,4,1,2.6666666666666665,0.0,0.01805869074492099,8.0,0.0,8.0,443
47591c,BLUE FAIRY CAKE CHILD'S APRON,4,16.84,4.21,2010-06-04,2010-07-07,3,1,1.3333333333333333,0.0,0.11764705882352941,4.0,0.0,4.0,34
47591d,PINK FAIRY CAKE CHILDRENS APRON,253,1274.3799999999999,4.989166666666666,2010-08-13,2011-11-29,72,1,4.865384615384615,0.0,0.5337552742616034,290.0,0.0,290.0,474
47592A,CAROUSEL DES CHILD'S OVERALL,331,637.37,1.8420792079207922,2009-12-02,2010-09-13,101,5,4.355263157894737,0.0,1.1573426573426573,303.0,0.0,303.0,286
47592B,SCOTTIES DESIGN CHILD'S OVERALL,67,131.9,1.9331034482758622,2009-12-03,2010-07-21,29,2,2.68,0.0,0.29004329004329005,74.0,0.0,74.0,231
47593A,CAROUSEL DESIGN BABY BIB,303,306.67,0.9405050505050505,2009-12-07,2011-03-29,97,5,3.8354430379746836,0.0,0.6338912133891214,318.0,0.0,318.0,478
47593B,SCOTTIES DESIGN BABY BIB,2341,1320.99,0.7918282548476453,2009-12-02,2011-12-08,356,10,9.038610038610038,0.0,3.1763907734056986,2367.0,0.0,2367.0,737
47593a,CAROUSEL DESIGN BABY BIB,1,2.51,2.51,2010-05-26,2010-05-26,1,1,1.0,0.0,1.0,1.0,0.0,1.0,1
47593b,SCOTTIE DOGS BABY BIB,6,4.9799999999999995,0.83,2011-10-31,2011-10-31,1,1,6.0,0.0,6.0,6.0,0.0,6.0,1
47594A,CAROUSEL DESIGN WASHBAG,344,678.3,2.0837142857142856,2009-12-14,2011-11-24,105,7,3.909090909090909,0.06936416184971098,0.4838255977496484,346.0,24.0,322.0,711
47594B,SCOTTIES DESIGN WASHBAG,408,808.39,2.1536065573770493,2009-12-03,2011-11-08,122,8,4.121212121212121,0.05609756097560976,0.5779036827195467,410.0,23.0,387.0,706
47594a,CAROUSEL DESIGN WASHBAG,1,4.21,4.21,2010-05-05,2010-05-05,1,1,1.0,0.0,1.0,1.0,0.0,1.0,1
47599A,PINK PARTY BAGS,5967,11180.57,2.2879892761394105,2009-12-04,2011-12-02,369,17,22.26492537313433,0.026926960619320095,8.185185185185185,5942.0,160.0,5782.0,729
47599B,BLUE PARTY BAGS ,3492,6662.54,2.2239100346020764,2010-01-11,2011-12-02,286,15,15.182608695652174,0.05773542600896861,5.0535455861070915,3568.0,206.0,3362.0,691
48173A,DOOR MAT BLUE FLOCK,1,6.75,6.75,2010-01-26,2010-01-26,1,1,1.0,-0.0,1.0,-1.0,0.0,-1.0,1
48173C,DOOR MAT BLACK FLOCK ,4077,23132.920000000002,7.908383233532934,2009-12-01,2011-12-08,500,9,13.151612903225807,0.0017262638717632551,5.524390243902439,4055.0,7.0,4048.0,738
48173c,DOOR MAT BLACK FLOCK ,70,1123.55,15.670270270270269,2009-12-01,2011-05-03,37,1,2.5,0.0,0.1348747591522158,78.0,0.0,78.0,519
51012C,"FEATHER DUSTER, COAL BLACK",171,213.75,1.25,2009-12-01,2010-02-26,27,1,9.0,0.016483516483516484,1.9431818181818181,182.0,3.0,179.0,88
51012L,"FEATHER DUSTER, LIGHT PINK",10,12.5,1.25,2009-12-03,2009-12-11,6,1,2.0,-0.02857142857142857,1.1111111111111112,-35.0,1.0,-36.0,9
51014A,"FEATHER PEN,HOT PINK",6671,4556.5,0.8243882978723404,2009-12-01,2011-12-09,376,11,27.680497925311204,0.02885469073690441,9.027063599458728,6758.0,195.0,6563.0,739
51014C,"FEATHER PEN,COAL BLACK",4268,2751.5,0.8284586466165413,2009-12-01,2011-12-08,265,10,20.92156862745098,0.07400681044267877,5.7831978319783195,4405.0,326.0,4079.0,738
51014L,"FEATHER PEN,LIGHT PINK",3445,2222.35,0.7759471365638766,2009-12-04,2011-12-09,226,10,19.463276836158194,0.05840251932436301,4.680706521739131,3493.0,204.0,3289.0,736
51014c,"FEATHER PEN,COAL BLACK",1,0.83,0.83,2011-10-31,2011-10-31,1,1,1.0,0.0,1.0,1.0,0.0,1.0,1
51020A,SUMMER FUN DESIGN SHOWER CAP,1303,463.30999999999995,0.8276,2009-12-16,2011-04-27,50,2,27.72340425531915,0.0014858841010401188,2.6164658634538154,1346.0,2.0,1344.0,498
51020B,STRIPY DESIGN SHOWER CAP,1084,488.11999999999995,0.962,2009-12-04,2011-04-27,60,1,19.017543859649123,0.0017331022530329288,2.1254901960784314,1154.0,2.0,1152.0,510
62043B,BLUE CHECK BAG W HANDLE 34X20CM,54,75.15999999999998,1.2399999999999998,2010-04-30,2011-05-19,10,1,5.4,0.016666666666666666,0.14025974025974025,60.0,1.0,59.0,385
62074B,ELEPHANT CLIP W SUCTION CUP,38,15.96,0.42,2009-12-13,2011-07-12,12,1,3.4545454545454546,0.0,0.0658578856152513,38.0,0.0,38.0,577
62086A,PINK RETRO BIG FLOWER BAG,113,220.35,1.95,2010-03-01,2011-06-23,24,1,5.136363636363637,0.0,0.23541666666666666,113.0,0.0,113.0,480
62094B,TURQ ICE CREAM BUM BAG ,305,677.99,3.935820895522388,2010-01-19,2011-02-04,67,5,4.919354838709677,0.0,0.7984293193717278,214.0,0.0,214.0,382
62095B,TURQOISE ICE CREAM SUNHAT,292,310.83,1.558095238095238,2010-02-01,2010-11-28,21,3,15.368421052631579,0.0,0.9700996677740864,264.0,0.0,264.0,301
62096A,PINK/YELLOW FLOWERS HANDBAG,383,592.79,2.2487912087912085,2010-01-07,2011-02-24,89,3,5.1066666666666665,0.0,0.9251207729468599,307.0,0.0,307.0,414
62096B,PURPLE/TURQ FLOWERS HANDBAG,257,441.99,2.315542168674699,2009-12-07,2011-03-07,82,2,3.7794117647058822,0.0,0.5635964912280702,244.0,0.0,244.0,456
62097A,PINK STRIPES SHOULDER BAG,3,8.850000000000001,2.9500000000000006,2009-12-11,2010-08-06,3,1,1.0,0.0,0.012552301255230125,6.0,0.0,6.0,239
62097B,BLUE STRIPES SHOULDER BAG,11,13.37,1.36,2010-06-16,2011-05-23,4,1,2.75,-0.0,0.03216374269005848,-3.0,0.0,-3.0,342
71028B,SILVER BLUE EGG T-LIGHT HOLDER,494,227.48000000000002,1.8407692307692307,2009-12-01,2010-01-17,13,1,44.90909090909091,0.0,10.291666666666666,385.0,0.0,385.0,48
71101A,ANGEL ON KNEES METAL POLE 100CM H,6,5.1,0.85,2009-12-13,2009-12-13,1,1,6.0,-0.0,6.0,-37.0,0.0,-37.0,1
71101E,STANDING FAIRY POLE SUPPORT ,777,626.13,0.8364583333333333,2009-12-13,2011-11-21,47,4,16.53191489361702,0.0038510911424903724,1.0959097320169253,779.0,3.0,776.0,709
71406C,BLACK ORANGE SQUEEZER,210,89.92,0.4691428571428571,2009-12-03,2011-11-29,35,3,6.0,0.0,0.28885832187070154,223.0,0.0,223.0,727
71434B,"BLACK RND BULLET""KEEP CLEAN"" BIN",2,5.1,2.55,2010-01-26,2010-03-10,2,1,1.0,-0.0,0.045454545454545456,-11.0,0.0,-11.0,44
71495A,CD WALL TIDY BLUE OFFICE,225,87.96000000000001,0.6395,2010-02-09,2011-11-24,20,1,11.25,0.0044444444444444444,0.3440366972477064,225.0,1.0,224.0,654
71495B,CD WALL TIDY RED FLOWERS,294,111.57000000000001,0.5449999999999999,2010-01-28,2011-11-24,18,3,17.294117647058822,0.0,0.44144144144144143,306.0,0.0,306.0,666
71496A,A4 WALL TIDY BLUE OFFICE,244,148.01000000000002,1.0505882352941176,2010-03-01,2011-11-02,17,3,14.352941176470589,0.0,0.39869281045751637,260.0,0.0,260.0,612
71496B,A4 WALL TIDY RED FLOWERS,15,8.67,0.59,2010-04-20,2011-11-02,6,1,2.5,0.0,0.026690391459074734,15.0,0.0,15.0,562
72023F,RED ORGANIC CANDLE IN GLASS,640,669.62,1.3499999999999999,2009-12-01,2010-08-08,49,1,16.842105263157894,0.0,2.549800796812749,558.0,0.0,558.0,251
72024U,LILAC VOTIVE CANDLE,220,46.2,0.21,2009-12-02,2011-06-27,11,1,20.0,0.0,0.38394415357766143,222.0,0.0,222.0,573
72038P,PRICE'S CANDLE PEACH,1050,116.5,0.15222222222222223,2009-12-02,2010-08-27,9,1,116.66666666666667,0.8333333333333334,3.903345724907063,60.0,50.0,10.0,269
72045D,ROSES ON BLUE TEACUP CANDLE ,539,918.65,2.98,2009-12-03,2010-03-03,6,1,179.66666666666666,0.4684014869888476,5.923076923076923,1076.0,504.0,572.0,91
72051S,BAG OF SILVER STONES,300,190.89,0.6721818181818182,2009-12-01,2011-04-13,54,1,6.0,0.0,0.6012024048096193,209.0,0.0,209.0,499
72083A,STRAWBERY SWIRL FLARE CANDLE,24,50.400000000000006,2.1,2010-02-24,2010-03-31,7,1,4.8,0.0,0.6666666666666666,24.0,0.0,24.0,36
72084B,CHOCOLATE ICE CREAM CANDLE,2,3.9,1.95,2010-03-26,2010-03-26,1,1,2.0,-0.0,2.0,-69.0,0.0,-69.0,1
72140E,BEST DAD CANDLE LETTERS,218,156.72,0.8927586206896552,2009-12-07,2011-10-16,29,2,7.785714285714286,0.0045662100456621,0.32106038291605304,219.0,1.0,218.0,679
72140F,HAPPY ANNIVERSARY CANDLE LETTERS,175,69.17999999999999,0.41600000000000004,2009-12-01,2010-11-24,14,7,13.461538461538462,-0.0,0.48746518105849584,-5193.0,0.0,-5193.0,359
72225C,LAVENDER SCENT CAKE CANDLE,1926,466.38,0.2689473684210526,2009-12-17,2011-11-29,38,4,52.054054054054056,0.5274725274725275,2.7012622720897617,91.0,48.0,43.0,713
72225D,VANILLA SCENT CAKE CANDLE ,962,219.45999999999998,0.26818181818181813,2009-12-17,2010-05-13,11,2,87.45454545454545,-0.0,6.5,-16.0,0.0,-16.0,148
72349B,SET/6 PURPLE BUTTERFLY T-LIGHTS,1990,4049.9900000000002,2.432474226804124,2009-12-01,2011-12-09,287,3,9.128440366972477,0.005925925925925926,2.692828146143437,2025.0,12.0,2013.0,739
72349b,SET/6 PURPLE BUTTERFLY T-LIGHTS,204,848.41,4.165357142857142,2009-12-01,2011-12-09,112,1,2.7945205479452055,0.0,0.27604871447902574,218.0,0.0,218.0,739
72351A,SET/6 TURQUOISE BUTTERFLY T-LIGHTS,3728,7368.68,2.299032258064516,2009-12-02,2011-12-08,399,5,12.594594594594595,0.009037745879851143,5.058344640434193,3762.0,34.0,3728.0,737
72351B,SET/6 PINK  BUTTERFLY T-LIGHTS,5785,11184.89,2.362924901185771,2009-12-03,2011-12-07,499,5,17.8,0.021817557120769628,7.870748299319728,5821.0,127.0,5694.0,735
72351a,SET/6 TURQUOISE BUTTERFLY T-LIGHTS,37,154.89,4.184285714285714,2010-02-19,2011-10-26,28,1,1.4230769230769231,0.0,0.06016260162601626,40.0,0.0,40.0,615
72369A,PINK CLEAR GLASS CANDLE PLATE,67,101.28999999999999,1.7473333333333334,2009-12-03,2011-11-28,14,1,4.785714285714286,0.0,0.09228650137741047,67.0,0.0,67.0,726
72529W,WHITE ADVENT CANDLE,464,918.75,2.4578723404255323,2009-12-01,2010-09-30,47,2,16.0,0.1942257217847769,1.5263157894736843,381.0,74.0,307.0,304
72529w,WHITE ADVENT CANDLE,1,4.3,4.3,2009-12-01,2009-12-01,1,1,1.0,0.0,1.0,1.0,0.0,1.0,1
72606A,BROWN ANTIQUE CUBE CANDLE,226,94.92,0.42,2010-01-11,2010-10-05,18,1,14.125,0.0,0.8432835820895522,181.0,0.0,181.0,268
72739B,WHITE CHOCOLATE SCENT CANDLE,394,328.39000000000004,1.835357142857143,2009-12-01,2010-01-26,28,2,23.176470588235293,0.0,6.912280701754386,268.0,0.0,268.0,57
72739C,DARK CHOCOLATE SCENTCANDLE,326,279.08,1.6782608695652175,2009-12-02,2010-01-27,23,1,20.375,0.3968253968253968,5.719298245614035,63.0,25.0,38.0,57
72740A,LARGE STRAWBERRY CHOCOLATE CANDLE,65,141.23,3.8616666666666664,2009-12-02,2010-01-05,12,1,7.222222222222222,0.0,1.8571428571428572,22.0,0.0,22.0,35
72740B,LARGE WHITE CHOCOLATE CANDLE,1,5.06,5.06,2010-01-11,2010-01-11,1,1,1.0,-0.0,1.0,-75.0,0.0,-75.0,1
72750A,"F.FAIRY S/3 CANDLE/GLASS,LILY/VALLY",383,766.85,2.45,2009-12-02,2010-04-23,16,2,25.533333333333335,0.0060790273556231,2.6783216783216783,329.0,2.0,327.0,143
72750B,"F.FAIRY S/3 CANDLE/GLASS,LAVENDER",496,1047.2,3.078205128205128,2009-12-14,2010-11-11,39,3,13.405405405405405,0.03982300884955752,1.4894894894894894,452.0,18.0,434.0,333
72750C,"F.FAIRY S/3 CANDLE/GLASS, ROSE",232,476.4,2.75,2009-12-01,2010-03-30,15,3,17.846153846153847,0.0,1.9333333333333333,242.0,0.0,242.0,120
72750D,F.FAIRY S/3 CANDLE/GLASS,110,226.5,2.6772727272727272,2009-12-07,2010-01-28,11,2,10.0,0.0,2.0754716981132075,102.0,0.0,102.0,53
72751A,"F.FAIRY S/3 SML CANDLE,LILY/VALLEY",1,5.95,5.95,2009-12-04,2009-12-04,1,1,1.0,-0.0,1.0,-10.0,0.0,-10.0,1
72751B,"F.FAIRY S/3 SML CANDLE, LAVENDER",1,5.95,5.95,2009-12-04,2009-12-04,1,1,1.0,-0.0,1.0,-12.0,0.0,-12.0,1
72751C,"F.FAIRY S/3 SML CANDLE, ROSE",1,5.95,5.95,2010-02-07,2010-02-07,1,1,1.0,-0.0,1.0,-20.0,0.0,-20.0,1
72752A,"F.FAIRY,CANDLE IN GLASS,LILY/VALLEY",1,4.25,4.25,2009-12-04,2009-12-04,1,1,1.0,-0.0,1.0,-17.0,0.0,-17.0,1
72752B,"F.FAIRY,CANDLE IN GLASS,LAVENDER",3,12.75,4.25,2009-12-04,2009-12-11,2,1,1.5,-0.0,0.375,-18.0,0.0,-18.0,8
72753A,S/3 FLWR FAIRY LILLY CANDLES,315,690.24,3.735,2009-12-01,2010-01-27,14,3,24.23076923076923,0.0,5.431034482758621,313.0,0.0,313.0,58
72753B,S/3 FLWR FAIRY LAVENDER CANDLES,445,957.73,3.3414285714285716,2009-12-04,2010-03-26,14,2,34.23076923076923,0.0,3.938053097345133,422.0,0.0,422.0,113
72753C,S/3 FLWR FAIRY ROSE CANDLES,43,107.68,4.021666666666667,2009-12-06,2010-01-20,6,2,7.166666666666667,0.0,0.9347826086956522,36.0,0.0,36.0,46
72753D,S/3 FLWR FAIRY SUMMER CANDLES,144,302.40000000000003,2.1,2009-12-06,2010-01-17,9,2,18.0,0.12403100775193798,3.3488372093023258,129.0,16.0,113.0,43
72754A,FLOWER FAIRY POTPOURRI CUSHION LILY,292,201.24,1.066,2009-12-04,2010-02-24,5,1,73.0,0.0,3.5180722891566263,230.0,0.0,230.0,83
72754B,F FAIRY POTPOURRI CUSHIONS LAVENDER,170,137.54000000000002,1.17,2009-12-01,2010-01-08,8,2,24.285714285714285,0.0,4.358974358974359,126.0,0.0,126.0,39
72754D,F FAIRY POTPOURRI CUSHIONS SUMMER,1,1.69,1.69,2009-12-02,2009-12-02,1,1,1.0,-0.0,1.0,-106.0,0.0,-106.0,1
72755C,FLOWER FAIRY OIL BURNER SET ROSE,592,767.0,1.8928571428571428,2009-12-22,2010-03-26,14,2,45.53846153846154,0.023157894736842106,6.231578947368421,475.0,11.0,464.0,95
72755D,FLOWER FAIRY OIL BURNER SET SUMMER,533,693.25,1.9423076923076923,2009-12-04,2010-03-26,13,2,44.416666666666664,0.0,4.716814159292035,381.0,0.0,381.0,113
72760B,VINTAGE CREAM 3 BASKET CAKE STAND,1699,16409.02,10.82219758064516,2009-12-01,2011-12-09,494,14,5.96140350877193,0.011883541295306001,2.2990527740189446,1683.0,20.0,1663.0,739
72771B,BURG FLOCK GOLD CUP/CANDLE ,117,56.9,1.2822222222222222,2009-12-10,2009-12-15,8,1,29.25,0.0,19.5,42.0,0.0,42.0,6
72771C,BLACK FLOCK GOLD CANDLE,54,42.08,1.7133333333333332,2009-12-07,2009-12-13,6,1,13.5,0.0,7.714285714285714,50.0,0.0,50.0,7
72785A,S/4 CONTEMPORY PINK ROSEBUD CANDLES,8,16.8,2.1,2009-12-11,2010-02-19,4,1,2.0,0.0,0.11267605633802817,15.0,0.0,15.0,71
72785B,S/4 CONTEMPORY RED ROSEBUD CANDLES,9,10.9,1.5666666666666667,2009-12-11,2010-01-29,3,1,3.0,0.0,0.18,10.0,0.0,10.0,50
72796A,S/3 ENGLISH LAVENDER SQU CANDLE,11,18.15,1.6499999999999997,2009-12-02,2010-04-29,5,1,2.2,-0.0,0.0738255033557047,-1.0,0.0,-1.0,149
72796B,S/3 FRENCH VANILLA SQU CANDLE,27,44.55,1.65,2009-12-02,2010-07-04,12,1,2.25,0.0,0.12558139534883722,31.0,0.0,31.0,215
72796C,S/3 ROSE GARDEN SCENT SQU CANDLE,1,1.65,1.65,2010-01-17,2010-01-17,1,1,1.0,-0.0,1.0,-3.0,0.0,-3.0,1
72798C,SET/4 GARDEN ROSE DINNER CANDLE,28,53.11,2.1106666666666665,2009-12-01,2011-02-03,15,1,1.8666666666666667,0.0,0.06511627906976744,17.0,0.0,17.0,430
72799A,BLACK PILLAR CANDLE SILVER FLOCK,612,877.8000000000001,2.4555555555555557,2009-12-03,2010-08-04,18,1,36.0,0.0,2.4979591836734696,628.0,0.0,628.0,245
72799B,PURPLE PILLAR CANDLE BLACK FLOCK,322,467.71000000000004,3.664375,2009-12-01,2010-01-05,16,2,35.77777777777778,0.0,8.944444444444445,299.0,0.0,299.0,36
72799C,PINK PILLAR CANDLE SILVER FLOCK,471,783.1,3.06625,2009-12-01,2011-12-07,48,1,11.487804878048781,0.0,0.6390773405698779,471.0,0.0,471.0,737
72799D,BLUE PILLAR CANDLE SILVER FLOCK,78,260.67,3.742105263157895,2009-12-01,2010-09-29,18,2,4.333333333333333,0.0,0.25742574257425743,90.0,0.0,90.0,303
72799E,IVORY PILLAR CANDLE SILVER FLOCK,1232,2600.6400000000003,2.9414525139664804,2009-12-01,2011-12-08,178,5,9.194029850746269,0.009486166007905139,1.6693766937669376,1265.0,12.0,1253.0,738
72799F,IVORY PILLAR CANDLE GOLD FLOCK,1125,2082.7400000000002,3.1107547169811323,2009-12-01,2011-11-25,102,5,13.392857142857142,0.0,1.5517241379310345,1085.0,0.0,1085.0,725
72800A,S/4 BLACK DINNER CANDLE SILVER FLOC,674,743.26,2.9821739130434786,2009-12-01,2010-05-16,46,2,16.85,0.0,4.0359281437125745,530.0,0.0,530.0,167
72800B,S/4 PURPLE DINNER CANDLE BLK FLOCK,985,1276.78,2.6212765957446806,2009-12-04,2011-12-08,91,4,12.3125,0.001996007984031936,1.3401360544217686,1002.0,2.0,1000.0,735
72800C,S/4 PINK DINNER CANDLE SILVER FLOCK,660,924.84,2.6556249999999997,2009-12-07,2011-12-08,78,3,8.91891891891892,0.0,0.9016393442622951,662.0,0.0,662.0,732
72800D,S/4 BLUE DINNER CANDLE SILVER FLOCK,631,1020.21,2.70953488372093,2009-12-04,2011-11-28,86,3,8.08974358974359,0.0031446540880503146,0.8703448275862069,636.0,2.0,634.0,725
72800E,4 IVORY DINNER CANDLES SILVER FLOCK,1388,2613.82,2.49421768707483,2009-12-01,2011-12-09,286,6,6.974874371859296,0.00822481151473612,1.878213802435724,1459.0,12.0,1447.0,739
72800F,4 IVORY DINNER CANDLES GOLD FLOCK,822,1060.19,2.497391304347826,2009-12-01,2010-11-21,67,4,16.11764705882353,0.0,2.308988764044944,820.0,0.0,820.0,356
72801C,S/4 ROSE PINK DINNER CANDLES,708,531.36,1.3680357142857142,2009-12-11,2011-12-08,56,3,13.882352941176471,0.016901408450704224,0.9725274725274725,710.0,12.0,698.0,728
72801D,S/4 SKY BLUE DINNER CANDLES,553,446.17,1.4506557377049178,2009-12-04,2011-12-08,61,2,10.054545454545455,0.0,0.7523809523809524,566.0,0.0,566.0,735
72801E,S/4 FESTIVE GREEN DINNER CANDLES,769,404.75,1.19875,2009-12-01,2010-09-02,24,1,36.61904761904762,0.0,2.786231884057971,704.0,0.0,704.0,276
72801F,S/4 FESTIVE RED DINNER CANDLES,234,292.5,1.25,2009-12-01,2010-01-28,25,1,15.6,0.0,3.9661016949152543,227.0,0.0,227.0,59
72801G,S/4 BURGUNDY WINE DINNER CANDLES,1323,796.12,1.3536923076923075,2009-12-01,2011-11-15,64,1,21.688524590163933,0.0,1.8503496503496504,1334.0,0.0,1334.0,715
72801c,S/4 ROSE PINK DINNER CANDLES,62,153.67,2.475277777777778,2010-02-19,2011-12-07,36,1,2.2962962962962963,0.0,0.0943683409436834,62.0,0.0,62.0,657
72801d,S/4 SKY BLUE DINNER CANDLES,103,254.98,2.476393442622951,2010-01-25,2011-12-08,61,1,2.1458333333333335,0.0,0.15080527086383602,103.0,0.0,103.0,683
72801e,S/4 FESTIVE GREEN DINNER CANDLES,7,17.57,2.51,2010-03-29,2010-08-12,4,1,1.75,0.0,0.051094890510948905,7.0,0.0,7.0,137
72801g,S/4 BURGUNDY WINE DINNER CANDLES,10,25.099999999999998,2.51,2010-02-19,2010-11-04,3,1,3.3333333333333335,0.0,0.03861003861003861,10.0,0.0,10.0,259
72802A,ROSE SCENT CANDLE IN JEWELLED BOX,914,3789.9,4.502459016393443,2009-12-02,2011-12-01,182,7,6.134228187919463,0.06987577639751552,1.252054794520548,644.0,45.0,599.0,730
72802B,OCEAN SCENT CANDLE IN JEWELLED BOX,1559,4258.97,4.411596244131455,2009-12-01,2011-11-03,212,6,9.063953488372093,0.3523076923076923,2.217638691322902,1300.0,458.0,842.0,703
72802C,VANILLA SCENT CANDLE JEWELLED BOX,2184,6047.5599999999995,4.5729520295202954,2009-12-01,2011-11-04,269,5,11.142857142857142,0.24095238095238095,3.102272727272727,2100.0,506.0,1594.0,704
72802a,ROSE SCENT CANDLE IN JEWELLED BOX,9,74.97,8.379999999999999,2010-06-08,2011-07-08,4,1,2.25,0.0,0.022727272727272728,9.0,0.0,9.0,396
72802c,VANILLA SCENT CANDLE JEWELLED BOX,1,8.29,8.29,2011-11-23,2011-11-23,1,1,1.0,0.0,1.0,1.0,0.0,1.0,1
72803A,ROSE SCENT CANDLE JEWELLED DRAWER,724,1553.5,4.382680412371134,2009-12-02,2011-11-06,97,5,7.956043956043956,0.005797101449275362,1.026950354609929,690.0,4.0,686.0,705
72803B,OCEAN SCENT CANDLE JEWELLED DRAWER,92,407.88,4.472105263157895,2009-12-03,2010-11-01,36,1,2.787878787878788,0.011904761904761904,0.2754491017964072,168.0,2.0,166.0,334
72803b,OCEAN SCENT CANDLE JEWELLED DRAWER,1,8.47,8.47,2010-12-03,2010-12-03,1,1,1.0,0.0,1.0,2.0,0.0,2.0,1
72807A,SET/3 ROSE CANDLE IN JEWELLED BOX,924,4213.54,5.681651376146789,2009-12-01,2011-11-24,216,9,5.634146341463414,0.08994708994708994,1.276243093922652,189.0,17.0,172.0,724
72807B,SET/3 OCEAN SCENT CANDLE JEWEL BOX,1059,4645.87,5.263973799126638,2009-12-01,2011-11-24,225,8,5.916201117318436,0.16279069767441862,1.462707182320442,172.0,28.0,144.0,724
72807C,SET/3 VANILLA SCENTED CANDLE IN BOX,1983,8489.17,5.3535057471264365,2009-12-01,2011-11-25,345,10,8.331932773109244,0.14216634429400388,2.7351724137931033,1034.0,147.0,887.0,725
72807a,SET/3 ROSE CANDLE IN JEWELLED BOX,9,74.78999999999999,8.319999999999999,2010-03-29,2011-11-25,6,1,1.5,0.0,0.014827018121911038,9.0,0.0,9.0,607
72807b,SET/3 OCEAN SCENT CANDLE JEWEL BOX,26,220.94000000000003,8.488947368421051,2009-12-22,2011-04-15,19,1,2.3636363636363638,0.0,0.05416666666666667,26.0,0.0,26.0,480
72807c,SET/3 VANILLA SCENTED CANDLE IN BOX,60,511.98,8.494545454545454,2009-12-01,2011-11-23,44,1,2.3076923076923075,0.0,0.08298755186721991,60.0,0.0,60.0,723
75013B,"STRING OF 8 BUTTERFLIES,PINK",390,669.6199999999999,2.02275,2009-12-01,2011-01-16,76,2,5.6521739130434785,0.0019267822736030828,0.9466019417475728,519.0,1.0,518.0,412
75049L,LARGE CIRCULAR MIRROR MOBILE,13968,13153.8,1.554119318181818,2009-12-02,2011-12-07,344,1,60.467532467532465,0.06451843383823949,18.97826086956522,13996.0,903.0,13093.0,736
75149N,STRING CRYSTALS NATURAL,272,340.0,1.25,2009-12-04,2010-05-04,25,1,12.363636363636363,-0.0,1.7894736842105263,-120.0,0.0,-120.0,152
77101A,UNION FLAG WINDSOCK,1082,1255.97,1.5012359550561796,2009-12-06,2011-03-21,88,2,13.525,0.0,2.29723991507431,1005.0,0.0,1005.0,471
78034B,BLUE NETTING STORAGE HANGER,15,29.25,1.95,2010-06-16,2011-10-02,9,1,1.6666666666666667,0.0,0.03164556962025317,16.0,0.0,16.0,474
79026B,"S/4 ICON COASTER,ELVIS LIVES",69,89.25,1.595945945945946,2009-12-01,2011-05-18,37,1,2.15625,0.0,0.12921348314606743,47.0,0.0,47.0,534
79030A,"TUMBLER, ENGLISH ROSE",171,438.25,5.692424242424242,2009-12-01,2010-07-29,33,6,6.576923076923077,-0.0,0.7095435684647303,-46.0,0.0,-46.0,241
79030D,"TUMBLER, BAROQUE",1009,711.64,2.0401639344262295,2009-12-08,2011-11-10,61,5,18.017857142857142,0.0026954177897574125,1.4352773826458036,371.0,1.0,370.0,703
79030G,"TUMBLER, NEW ENGLAND",1751,1462.9499999999998,2.9666942148760334,2009-12-02,2011-06-03,121,9,19.455555555555556,0.0,3.1894353369763206,1337.0,0.0,1337.0,549
79051A,SMOKEY GREY COLOUR D.O.F. GLASS,938,380.34,0.73,2009-12-02,2011-12-07,54,4,18.392156862745097,0.0,1.2744565217391304,948.0,0.0,948.0,736
79051a,SMOKEY GREY COLOUR D.O.F. GLASS,1,6.04,6.04,2009-12-22,2009-12-22,1,1,1.0,0.0,1.0,1.0,0.0,1.0,1
79062D,"RETRO TIN ASHTRAY,REVOLUTIONARY",52,19.4,0.38,2011-02-17,2011-08-16,4,1,13.0,0.0,0.287292817679558,1012.0,0.0,1012.0,181
79063C,"RETRO PILL BOX KEY CHAIN,THE KING",235,43.65,0.18928571428571428,2011-03-09,2011-12-08,14,2,16.785714285714285,0.0,0.8545454545454545,555.0,0.0,555.0,275
79063D,"RETRO PILL BOX , REVOLUTIONARY",189,35.14,0.21,2011-02-09,2011-11-27,11,1,18.9,0.0,0.6472602739726028,2750.0,0.0,2750.0,292
79065A,TEATIME ROUND CAKE TINS ,4,39.8,9.95,2009-12-02,2009-12-02,1,1,4.0,0.16666666666666666,4.0,6.0,1.0,5.0,1
79066K,RETRO MOD TRAY,1377,1200.25,1.0829460580912864,2009-12-07,2011-12-09,240,7,7.134715025906735,0.015341701534170154,1.878581173260573,1434.0,22.0,1412.0,733
79066k,RETRO MOD TRAY,26,42.71,1.645,2010-02-19,2011-11-20,16,1,1.625,0.0,0.040625,27.0,0.0,27.0,640
79070b,ENGLISH ROSE SQUARE CAKE TINS,1,11.26,11.26,2009-12-01,2009-12-01,1,1,1.0,0.0,1.0,1.0,0.0,1.0,1
79071B,ENGLISH ROSE METAL WASTE BIN,142,433.70000000000005,3.1742424242424243,2010-02-01,2011-06-13,66,2,2.2903225806451615,0.0,0.285140562248996,146.0,0.0,146.0,498
79144B,PAINTED LIGHTBULB STAR+ MOON,350,181.03,0.6481521739130435,2009-12-04,2011-12-08,91,4,4.430379746835443,0.0,0.47619047619047616,360.0,0.0,360.0,735
79144C,PAINTED LIGHTBULB RAINBOW DESIGN,306,180.14,0.7314432989690722,2009-12-14,2011-12-08,97,2,3.477272727272727,0.0,0.4220689655172414,313.0,0.0,313.0,725
79149B,SILICON STAR BULB  BLUE,29,12.18,0.42,2009-12-04,2011-12-06,12,1,2.4166666666666665,0.0,0.03956343792633015,32.0,0.0,32.0,733
79151B,"SILICON CUBE 25W, BLUE",11,4.62,0.42,2010-12-05,2011-11-28,2,1,5.5,0.0,0.03064066852367688,12.0,0.0,12.0,359
79157B,UBO-LIGHT TRIOBASE BLUE,5,4.25,0.85,2010-02-07,2011-12-06,3,1,1.6666666666666667,0.0,0.0074850299401197605,5.0,0.0,5.0,668
79157V,UBO-LIGHT TRIOBASE PURPLE,5,4.25,0.85,2011-10-09,2011-11-03,3,1,1.6666666666666667,0.0,0.19230769230769232,5.0,0.0,5.0,26
79161A,ST GEORGE SET OF 10 PARTY LIGHTS,51,150.45000000000002,2.95,2010-03-10,2011-11-22,16,1,3.4,0.0,0.08186195826645265,63.0,0.0,63.0,623
79172D,PURPLE TINT ACRYLIC FLOWER VASE,24,20.4,0.85,2010-03-08,2010-10-31,4,1,6.0,0.0,0.10084033613445378,13.0,0.0,13.0,238
79190A,RETRO PLASTIC 70'S TRAY,790,364.25,0.577983193277311,2009-12-03,2011-12-09,119,4,7.117117117117117,0.04207920792079208,1.0719131614654003,808.0,34.0,774.0,737
79190B,RETRO PLASTIC POLKA TRAY,1485,603.08,0.539264705882353,2009-12-02,2011-12-09,136,4,12.073170731707316,0.010645375914836993,2.0121951219512195,1503.0,16.0,1487.0,738
79190D,RETRO PLASTIC DAISY TRAY,641,296.58,0.5636607142857143,2009-12-03,2011-12-02,112,4,6.104761904761904,0.0076103500761035,0.8780821917808219,657.0,5.0,652.0,730
79191B,RETRO PLASTIC POLKA TRAY,479,397.37,1.0322857142857143,2009-12-04,2011-12-09,70,5,7.369230769230769,0.06597938144329897,0.6508152173913043,485.0,32.0,453.0,736
79191C,RETRO PLASTIC ELEPHANT TRAY,1619,1293.76,0.9820253164556961,2009-12-02,2011-12-06,157,9,12.453846153846154,0.17795566502463053,2.202721088435374,1624.0,289.0,1335.0,735
79191D,RETRO PLASTIC DAISY TRAY,138,143.87,1.2092857142857143,2009-12-02,2011-12-09,56,1,2.6538461538461537,0.09420289855072464,0.18699186991869918,138.0,13.0,125.0,738
79192A,RETRO PLASTIC 70'S TRAY,114,152.64,1.4317142857142857,2009-12-02,2011-02-02,35,1,3.4545454545454546,0.0761904761904762,0.26635514018691586,105.0,8.0,97.0,428
79302M,"ART LIGHTS,FUNK MONKEY",624,1774.18,3.6983333333333337,2009-12-01,2011-12-08,107,4,6.638297872340425,0.001455604075691412,0.8455284552845529,687.0,1.0,686.0,738
79302m,"ART LIGHTS,FUNK MONKEY",4,23.77,5.9425,2009-12-22,2010-04-09,4,1,1.0,0.0,0.03669724770642202,4.0,0.0,4.0,109
79303A,WHITE ROHMBIC BLOCK TABLE LAMP,2,5.9,2.95,2010-01-26,2010-01-26,1,1,2.0,-0.0,2.0,-2.0,0.0,-2.0,1
79303B,BLUE STAR BLOCK TABLE LAMP,109,339.57,4.752000000000001,2009-12-02,2010-08-09,10,1,10.9,0.0,0.4342629482071713,104.0,0.0,104.0,251
79303D,LILAC FLOWER BLOCK TABLE LAMP,78,272.45,4.860526315789474,2009-12-01,2010-08-09,19,1,4.875,0.021505376344086023,0.30952380952380953,93.0,2.0,91.0,252
79308B,MOSAIC CANDLE DISH BLUE PURPLE,144,122.39999999999999,0.85,2010-06-02,2010-06-29,2,1,72.0,0.0,5.142857142857143,287.0,0.0,287.0,28
79315W,FLYING SAUCER TABLE LIGHT IN WHITE,199,611.5100000000001,4.3561538461538465,2009-12-03,2010-08-09,13,1,18.09090909090909,0.0,0.796,193.0,0.0,193.0,250
79323B,BLACK CHERRY LIGHTS,242,1565.7,7.727241379310345,2009-12-01,2011-02-11,58,3,5.627906976744186,-0.1594855305466238,0.5525114155251142,-1555.0,248.0,-1803.0,438
79323G,GOLD  CHERRY LIGHTS,314,2007.88,7.712295081967213,2009-12-01,2010-04-19,61,1,7.136363636363637,0.3548387096774194,2.242857142857143,527.0,187.0,340.0,140
79323GR,GREEN CHERRY LIGHTS,532,3209.36,7.097469879518073,2009-12-01,2010-04-20,83,3,9.5,-0.10659340659340659,3.773049645390071,-1820.0,194.0,-2014.0,141
79323LP,LIGHT PINK CHERRY LIGHTS,1433,8481.19,6.871764705882353,2009-12-01,2010-10-25,170,3,17.265060240963855,-0.38390611902766136,4.355623100303951,-1193.0,458.0,-1651.0,329
79323P,PINK CHERRY LIGHTS,2281,13787.93,7.28390977443609,2009-12-01,2011-01-11,265,5,24.010526315789473,11.55,5.604422604422604,60.0,693.0,-633.0,407
79323S, SILVER CHERRY LIGHTS,334,2084.32,7.9071428571428575,2009-12-01,2010-09-16,56,2,9.277777777777779,-0.37616822429906543,1.1517241379310346,-428.0,161.0,-589.0,290
79323W, WHITE CHERRY LIGHTS,3004,18048.72,7.03,2009-12-01,2010-09-16,349,5,28.339622641509433,-0.5545361875637105,10.358620689655172,-1962.0,1088.0,-3050.0,290
79342B,BROWN FLOWER LIGHTS,119,824.95,8.726470588235294,2009-12-01,2010-04-06,34,1,4.103448275862069,-0.012690355329949238,0.937007874015748,-1182.0,15.0,-1197.0,127
79342b,BROWN FLOWER LIGHTS,1,13.57,13.57,2010-02-19,2010-02-19,1,1,1.0,0.0,1.0,1.0,0.0,1.0,1
81950B,FLOWER BLUE CLOCK W/SUCKER,216,126.74,0.9374285714285715,2009-12-03,2011-08-17,34,4,6.75,0.005154639175257732,0.3467094703049759,194.0,1.0,193.0,623
81950V,FLOWER PURPLE CLOCK W/SUCKER,32,18.799999999999997,0.6972727272727273,2009-12-03,2011-07-13,10,1,3.5555555555555554,0.0,0.05442176870748299,32.0,0.0,32.0,588
81952B,ROUND BLUE CLOCK W/SUCKER,254,84.56,0.7045,2010-01-11,2011-07-26,20,2,12.7,0.0,0.45195729537366547,265.0,0.0,265.0,562
81952V,ROUND PURPLE CLOCK W/SUCKER,464,159.87,0.7021276595744681,2009-12-02,2011-11-27,46,3,10.08695652173913,0.0,0.6391184573002755,466.0,0.0,466.0,726
81953B,ROUND ARTICULATED BLUE CLOCK W/SUCK,14,4.64,0.4375,2010-05-09,2011-07-18,6,1,2.3333333333333335,0.0,0.03211009174311927,8.0,0.0,8.0,436
81953P,ROUND ARTICULATED PINK CLOCK W/SUCK,33,9.57,0.52,2010-02-24,2011-07-21,6,1,5.5,0.0,0.06432748538011696,26.0,0.0,26.0,513
81985A,"ICON ALARM CLOCK,FUSCHIA  PIN UP",23,58.64999999999999,2.55,2009-12-07,2010-08-22,7,1,3.2857142857142856,0.0,0.0888030888030888,12.0,0.0,12.0,259
82001S,VINYL RECORD FRAME SILVER,2926,10531.4,4.256120689655172,2009-12-01,2011-12-08,230,5,16.816091954022987,0.0037212449255751017,3.964769647696477,2956.0,11.0,2945.0,738
82001s,VINYL RECORD FRAME SILVER,125,932.98,7.47103448275862,2010-07-30,2011-12-09,29,1,5.0,0.0,0.25100401606425704,125.0,0.0,125.0,498
82011A,"BATHROOM SCALES, TROPICAL BEACH",59,246.58,4.359705882352941,2010-02-03,2011-11-13,34,2,1.7878787878787878,0.01694915254237288,0.09090909090909091,59.0,1.0,58.0,649
82011B,BATHROOM SCALES RUBBER DUCKS,93,348.8,4.251041666666667,2009-12-02,2011-11-23,48,3,1.9787234042553192,0.0,0.12880886426592797,161.0,0.0,161.0,722
82011C,BATHROOM SCALES FOOTPRINTS IN SAND,131,595.1800000000001,5.237887323943662,2009-12-07,2011-11-23,71,2,2.0153846153846153,0.0,0.18270571827057183,106.0,0.0,106.0,717
82011E,"BATHROOM SCALES, FAG BREAK",2,7.5,3.75,2010-02-11,2010-02-11,2,1,2.0,0.0,2.0,3.0,0.0,3.0,1
82494L,WOODEN FRAME ANTIQUE WHITE ,15301,43811.16,3.2012643678160924,2009-12-01,2011-12-08,1973,11,29.03415559772296,0.03361842105263158,20.733062330623305,15200.0,511.0,14689.0,738
82494l,WOODEN FRAME ANTIQUE WHITE ,378,3155.93,8.21860465116279,2010-05-05,2011-12-08,86,1,6.19672131147541,0.0,0.6483704974271012,424.0,0.0,424.0,583
82545A,COGNAC AUX OEUFS METAL 1 HOOK,31,38.75,1.25,2010-01-14,2010-10-21,11,1,2.8181818181818183,0.0,0.1103202846975089,27.0,0.0,27.0,281
82607A,GLASS BONBON JAR PARFUME AUX FLEURE,663,923.72,1.8113207547169812,2009-12-03,2010-10-12,159,2,6.375,0.028616852146263912,2.111464968152866,629.0,18.0,611.0,314
82607C,GLASS BONBON JAR. SUPERFINES,115,175.60999999999999,1.901627906976744,2009-12-01,2010-03-09,43,2,3.9655172413793105,0.0,1.1616161616161615,48.0,0.0,48.0,99
82607E,GLASS BONBON JAR. D'AMANDES,101,126.25,1.25,2009-12-03,2010-10-31,25,1,4.809523809523809,0.02127659574468085,0.3033033033033033,47.0,1.0,46.0,333
82613A,"METAL SIGN,CUPCAKE SINGLE HOOK",492,667.47,1.6133620689655173,2009-12-02,2011-07-14,116,5,5.655172413793103,0.00398406374501992,0.8338983050847457,502.0,2.0,500.0,590
82613B,"METAL SIGN,CUPCAKE SINGLE HOOK",896,985.5699999999999,1.724170403587444,2009-12-01,2011-12-06,223,10,5.005586592178771,0.025179856115107913,1.2173913043478262,834.0,21.0,813.0,736
82613C,"METAL SIGN,CUPCAKE SINGLE HOOK",770,820.01,1.7389304812834225,2009-12-02,2011-12-02,187,4,5.310344827586207,0.028350515463917526,1.0533515731874146,776.0,22.0,754.0,731
82613D,METAL SIGN CUPCAKE SINGLE HOOK,1186,1281.86,1.688450184501845,2009-12-01,2011-12-06,271,11,6.051020408163265,0.01669449081803005,1.611413043478261,1198.0,20.0,1178.0,736
82613a,"METAL SIGN,CUPCAKE SINGLE HOOK",3,7.4799999999999995,2.493333333333333,2010-02-01,2011-06-08,3,1,1.0,0.0,0.006085192697768763,3.0,0.0,3.0,493
82613b,"METAL SIGN,CUPCAKE SINGLE HOOK",14,35.04,2.5009090909090905,2010-02-01,2011-07-08,11,1,1.4,0.0,0.02676864244741874,14.0,0.0,14.0,523
82613c,"METAL SIGN,CUPCAKE SINGLE HOOK",13,32.48,2.5016666666666665,2010-02-01,2011-10-26,12,1,1.3,0.0,0.020537124802527645,13.0,0.0,13.0,633
82616A,BUBBLE GUM SCARF KNITTING KIT,316,624.21,2.9890384615384615,2009-12-02,2010-10-27,52,3,7.181818181818182,0.0,0.9575757575757575,316.0,0.0,316.0,330
82616B,FRAPPUCINO SCARF KNITTING KIT,606,977.5500000000001,2.211796875,2009-12-01,2011-12-08,126,3,5.771428571428571,0.016286644951140065,0.8211382113821138,614.0,10.0,604.0,738
82616C,MIDNIGHT GLAMOUR SCARF KNITTING KIT,632,1024.1,2.1964084507042254,2009-12-02,2011-12-08,142,2,5.745454545454545,0.0046875,0.8575305291723202,640.0,3.0,637.0,737
84029C,BROWN FURRY HOT WATER BOTTLE,204,766.19,4.5562499999999995,2009-12-01,2010-01-05,48,1,10.2,0.0,5.666666666666667,160.0,0.0,160.0,36
84029D,LEOPARD PRINT HOT WATER BOTTLE,51,183.98000000000002,4.223333333333334,2009-12-07,2010-02-08,15,1,4.25,0.0,0.796875,105.0,0.0,105.0,64
84029E,RED WOOLLY HOTTIE WHITE HEART.,10628,42994.240000000005,4.464668959587274,2009-12-01,2011-12-09,1145,10,31.915915915915917,0.007293080054274084,14.381596752368065,11792.0,86.0,11706.0,739
84029G,KNITTED UNION FLAG HOT WATER BOTTLE,6830,29533.87,4.793914728682171,2009-12-01,2011-12-09,1009,10,18.9196675900277,0.007902015013828527,9.242219215155616,7593.0,60.0,7533.0,739
84029c,BROWN FURRY HOT WATER BOTTLE,1,7.78,7.78,2009-12-22,2009-12-22,1,1,1.0,0.0,1.0,1.0,0.0,1.0,1
84030B,KNITTED POM POM HOT WATER BOTTLE,5,18.75,3.75,2010-02-09,2010-03-05,3,1,1.6666666666666667,0.0,0.2,11.0,0.0,11.0,25
84030C,KNITTED RAINBOW HOT WATER BOTTLE,21,82.78,4.421666666666667,2009-12-01,2010-03-05,6,1,4.2,0.3076923076923077,0.22105263157894736,26.0,8.0,18.0,95
84030E,ENGLISH ROSE HOT WATER BOTTLE,2122,9042.15,4.866748466257669,2009-12-03,2011-12-08,485,12,9.348017621145374,0.0057777777777777775,2.8831521739130435,2250.0,13.0,2237.0,736
84030b,KNITTED POM POM HOT WATER BOTTLE,1,8.46,8.46,2010-01-25,2010-01-25,1,1,1.0,0.0,1.0,1.0,0.0,1.0,1
84030c,KNITTED RAINBOW HOT WATER BOTTLE,32,248.0,7.718461538461539,2009-12-01,2010-03-05,13,1,8.0,0.0,0.3368421052631579,32.0,0.0,32.0,95
84030e,ENGLISH ROSE HOT WATER BOTTLE,120,979.4000000000001,8.486326530612244,2010-09-30,2011-12-08,46,1,2.608695652173913,0.0,0.27586206896551724,128.0,0.0,128.0,435
84031A,CHARLIE+LOLA RED HOT WATER BOTTLE ,1098,4404.02,4.696772151898735,2009-12-01,2011-12-09,314,10,5.778947368421052,0.023417172593235037,1.4857916102841677,1153.0,27.0,1126.0,739
84031B,CHARLIE LOLA BLUE HOT WATER BOTTLE ,839,3263.03,4.701090909090909,2009-12-01,2011-12-09,271,10,4.740112994350283,0.029953917050691243,1.13531799729364,868.0,26.0,842.0,739
84031a,CHARLIE+LOLA RED HOT WATER BOTTLE ,1,16.63,16.63,2011-10-31,2011-10-31,1,1,1.0,0.0,1.0,1.0,0.0,1.0,1
84031b,CHARLIE LOLA BLUE HOT WATER BOTTLE ,1,16.63,16.63,2011-10-31,2011-10-31,1,1,1.0,0.0,1.0,1.0,0.0,1.0,1
84032A,CHARLIE+LOLA PINK HOT WATER BOTTLE,3234,8624.1,3.3137987987987993,2009-12-01,2011-12-09,662,8,10.816053511705686,0.011088415523781734,4.37618403247632,3427.0,38.0,3389.0,739
84032B,CHARLIE + LOLA RED HOT WATER BOTTLE,3285,7699.25,3.087963576158941,2009-12-01,2011-12-09,601,8,11.989051094890511,0.022740524781341108,4.445196211096076,3430.0,78.0,3352.0,739
84078A,SET/4 WHITE RETRO STORAGE CUBES ,1128,43844.96000000001,45.85689024390244,2009-12-02,2011-12-08,328,12,4.661157024793388,0.13279132791327913,1.530529172320217,1107.0,147.0,960.0,737
84086B,YELLOW/BLUE RETRO RADIO,24,70.80000000000001,2.95,2010-05-16,2011-12-06,12,1,2.0,0.041666666666666664,0.042105263157894736,24.0,1.0,23.0,570
84086C,PINK/PURPLE RETRO RADIO,297,884.75,3.2385227272727275,2009-12-09,2011-11-30,88,9,4.068493150684931,0.0,0.4113573407202216,305.0,0.0,305.0,722
84201B,HAPPY BIRTHDAY CARD STRIPEY TEDDY,39,7.41,0.19,2009-12-06,2011-11-25,8,1,4.875,0.0,0.05416666666666667,39.0,0.0,39.0,720
84201C,HAPPY BIRTHDAY CARD TEDDY/CAKE,10,1.9,0.19000000000000003,2010-08-23,2011-08-28,3,2,3.3333333333333335,0.0,0.026954177897574125,10.0,0.0,10.0,371
84205C,HAPPY BIRTHDAY GINGER CAT CARD,2,0.38,0.19,2010-03-03,2010-03-03,1,1,2.0,0.0,2.0,2.0,0.0,2.0,1
84206A,3 BLACK CATS W HEARTS BLANK CARD,79,15.010000000000002,0.19,2009-12-06,2011-11-25,9,2,8.777777777777779,0.0,0.10972222222222222,79.0,0.0,79.0,720
84206B,CAT W SUNGLASSES BLANK CARD,9,1.71,0.19,2010-08-24,2011-11-20,2,1,4.5,0.0,0.019823788546255508,9.0,0.0,9.0,454
84206C,CHAMPAGNE TRAY BLANK CARD,10,1.9,0.19,2009-12-06,2011-11-25,4,1,2.5,0.0,0.013888888888888888,10.0,0.0,10.0,720
84247C,PACK/12 BLUE REINDEER CARD,72,212.40000000000003,2.95,2009-12-01,2010-11-29,22,3,3.6,0.0,0.1978021978021978,95.0,0.0,95.0,364
84247E,PACK/12 XMAS FUN CARD,376,1064.0500000000002,2.8541666666666665,2010-06-30,2011-12-01,96,5,5.371428571428571,0.1572700296735905,0.7230769230769231,674.0,106.0,568.0,520
84247G,"DECOUPAGE,GREETING CARD,",1414,602.67,0.48644859813084107,2009-12-03,2011-07-14,107,8,15.204301075268818,0.0,2.4006791171477078,1511.0,0.0,1511.0,589
84247H,PACK/12 DECOUPAGE CARD,42,109.13000000000001,2.317,2009-12-22,2010-06-17,20,1,2.1,0.11827956989247312,0.23595505617977527,93.0,11.0,82.0,178
84247J,PACK/12 RUSSIAN DOLL CARDS,10,12.780000000000001,1.3244444444444445,2009-12-02,2009-12-18,9,1,1.25,0.0,0.5882352941176471,10.0,0.0,10.0,17
84247K,"FOLK ART GREETING CARD,pack/12",75,233.48000000000002,3.2764285714285717,2009-12-02,2011-10-16,28,3,2.8846153846153846,0.08870967741935484,0.10964912280701754,124.0,11.0,113.0,684
84247L,FAWN AND MUSHROOM GREETING CARD,1137,498.21,0.5278181818181817,2009-12-03,2011-04-19,110,7,12.494505494505495,0.011214953271028037,2.2604373757455267,1070.0,12.0,1058.0,503
84247N,PACK/12 BLUE FOLKART CARDS,113,297.48,2.3926415094339624,2010-01-11,2011-11-27,53,3,2.26,0.14285714285714285,0.16472303206997085,231.0,33.0,198.0,686
84249A,"GREETING CARD,SQUARE, DOUGHNUTS",252,113.22,0.6129411764705882,2010-02-04,2011-12-09,34,2,7.411764705882353,0.0,0.37388724035608306,77.0,0.0,77.0,674
84249D,FAIRY CAKE GREETINGS CARD,823,347.3,0.4790625,2009-12-02,2010-08-23,64,1,15.826923076923077,0.013340744858254585,3.1056603773584905,1799.0,24.0,1775.0,265
84250M,"GREETING CARD, BLACKPOOL ROCK",28,15.9,0.7992307692307693,2009-12-03,2010-07-15,13,2,2.1538461538461537,-0.0,0.12444444444444444,-24.0,0.0,-24.0,225
84251B,"GREETING CARD, STICKY GORDON",319,84.84,0.3998360655737705,2010-03-08,2011-09-25,61,3,6.510204081632653,0.04597701149425287,0.562610229276896,261.0,12.0,249.0,567
84251C,"GREETING CARD, TWO SISTERS.",247,76.68,0.43830188679245285,2009-12-14,2011-08-04,53,3,6.175,0.0,0.41235392320534225,531.0,0.0,531.0,599
84251F,"GREETING CARD, RITA",341,83.97,0.4414,2009-12-01,2010-09-20,50,2,7.25531914893617,0.0,1.1598639455782314,285.0,0.0,285.0,294
84251G,"GREETING CARD, OVERCROWDED POOL.",472,127.56,0.45175824175824175,2009-12-01,2011-12-08,91,5,6.051282051282051,0.0,0.6395663956639567,474.0,0.0,474.0,738
84251J,"GREETING CARD, THE BLACK CAT",74,37.04,0.7458823529411764,2009-12-01,2010-06-07,17,2,4.933333333333334,0.0,0.3915343915343915,102.0,0.0,102.0,189
84255A,PINK GLASS COCKTAIL LAMP,2,4.2,2.1,2009-12-13,2010-01-21,2,1,1.0,0.0,0.05,4.0,0.0,4.0,40
84255B,ORANGE COCKTAIL GLASS LAMP,65,190.16,4.4911111111111115,2009-12-03,2010-03-09,18,1,4.333333333333333,0.0,0.6701030927835051,30.0,0.0,30.0,97
84279B,CHERRY BLOSSOM DECORATIVE FLASK,808,3076.92,4.296511627906977,2009-12-01,2011-06-17,215,13,5.422818791946309,0.018008474576271187,1.4326241134751774,944.0,17.0,927.0,564
84279P, CHERRY BLOSSOM  DECORATIVE FLASK,1145,4476.67,4.604666666666667,2009-12-06,2011-12-01,299,12,4.978260869565218,0.03869832893579595,1.5771349862258952,1137.0,44.0,1093.0,726
84288B,SET/2 BLUE  NOODLE BASKETS,61,118.95,1.95,2009-12-01,2010-06-23,24,1,3.210526315789474,0.022988505747126436,0.2975609756097561,87.0,2.0,85.0,205
84292B,BLUE COL METAL FOLDING CHAIR,8,51.8,7.359999999999999,2010-01-04,2010-04-29,5,1,1.6,0.0,0.06896551724137931,16.0,0.0,16.0,116
84313A,PINK TV TRAY TABLE ,38,212.42,6.26,2009-12-15,2010-10-10,19,3,2.0,0.0,0.12666666666666668,20.0,0.0,20.0,300
84313B,BLUE TV TRAY TABLE ,227,1164.04,6.966024096385543,2009-12-01,2011-04-01,83,5,3.289855072463768,0.0,0.46611909650924027,197.0,0.0,197.0,487
84313C,ORANGE TV TRAY TABLE ,548,1442.3899999999999,5.152739726027397,2010-01-11,2011-06-02,73,2,8.430769230769231,0.0,1.078740157480315,541.0,0.0,541.0,508
84327A,PINK JUMPER LARRY THE LAMB,959,1820.2700000000002,2.0976422764227642,2009-12-01,2010-08-05,123,2,11.022988505747126,0.004166666666666667,3.8669354838709675,960.0,4.0,956.0,248
84341B,SMALL PINK MAGIC CHRISTMAS TREE,1757,922.18,0.8920799999999999,2009-12-01,2011-11-15,121,4,19.522222222222222,0.0,2.4573426573426573,1610.0,0.0,1610.0,715
84387A,BIRD ON BRANCH CANVAS SCREEN,11,21.45,1.95,2011-07-21,2011-07-21,1,1,11.0,0.0,11.0,8.0,0.0,8.0,1
84402B,PURPLE DRESS JEWELLERY STAND,62,51.14,1.33,2010-11-17,2011-07-21,4,2,20.666666666666668,0.0,0.25101214574898784,91.0,0.0,91.0,247
84402D,PINK DRESS JEWELLERY STAND ,373,358.92999999999995,2.2946153846153847,2009-12-01,2010-03-19,13,1,28.692307692307693,0.0,3.4220183486238533,377.0,0.0,377.0,109
84405A,S/3 PINK COL METAL BASKET W HANDLE,129,1042.16,11.7106,2009-12-02,2010-10-05,50,4,3.0714285714285716,0.008620689655172414,0.41883116883116883,116.0,1.0,115.0,308
84406B,CREAM CUPID HEARTS COAT HANGER,7131,23080.13,3.74048178613396,2009-12-01,2011-12-05,841,11,17.39268292682927,0.03313297170502859,9.70204081632653,6821.0,226.0,6595.0,735
84406b,CREAM CUPID HEARTS COAT HANGER,2,13.82,6.91,2009-12-22,2009-12-22,2,1,2.0,0.0,2.0,2.0,0.0,2.0,1
84414B,FUSCHIA/GREEN STRIPE WOOLLY BLANKET,78,536.24,13.965555555555556,2009-12-10,2010-03-25,9,2,8.666666666666666,0.0,0.7358490566037735,66.0,0.0,66.0,106
84415A,PINK FLOCK SUEDE CUSHION COVER ,27,71.25,2.9166666666666665,2009-12-08,2011-06-24,6,2,4.5,0.0,0.047872340425531915,16.0,0.0,16.0,564
84415B,BLUE FLOCK CUSHION COVER ,24,80.0,3.392857142857143,2009-12-03,2011-06-08,7,2,3.4285714285714284,0.0,0.0433996383363472,17.0,0.0,17.0,553
84424A,FOUR PICTURE WHITE GLASS FRAME,23,86.25,3.75,2010-06-09,2010-10-24,10,1,2.3,0.0,0.16666666666666666,46.0,0.0,46.0,138
84425A,WHITE GLASS TV TRIPLE FRAME,18,76.6,4.2555555555555555,2009-12-04,2010-05-13,9,1,2.0,0.0,0.11180124223602485,19.0,0.0,19.0,161
84427B,BLACK GLASS TV DOUBLE P/FRAME 15X10,17,72.25,4.25,2009-12-04,2010-03-07,5,1,3.4,0.0,0.18085106382978725,22.0,0.0,22.0,94
84429A,MEDIUM PINK BUDDHA HEAD ,109,371.78000000000003,4.005,2009-12-02,2011-12-08,42,4,2.7948717948717947,0.0,0.14789687924016282,112.0,0.0,112.0,737
84437A,S/6 PINK EASTER DECS IN BOX,106,90.94999999999999,0.8924999999999998,2010-01-11,2010-04-09,18,2,6.235294117647059,0.0,1.1910112359550562,152.0,0.0,152.0,89
84450A,PINK RABBIT SITTING EASTER,52,24.18,0.49799999999999994,2009-12-16,2010-02-03,5,2,10.4,0.2,1.04,20.0,4.0,16.0,50
84450B,YELLOW RABBIT SAT EASTER,139,84.55,0.722,2009-12-10,2010-04-01,35,3,4.483870967741935,0.0,1.2300884955752212,89.0,0.0,89.0,113
84459A,PINK METAL CHICKEN HEART ,1263,2041.69,2.3394117647058823,2009-12-01,2011-10-30,201,6,8.2012987012987,0.07547169811320754,1.8068669527896997,1272.0,96.0,1176.0,699
84459B,YELLOW METAL CHICKEN HEART ,1475,2341.77,2.115852534562212,2009-12-07,2011-04-07,213,5,10.243055555555555,0.016107382550335572,3.028747433264887,1490.0,24.0,1466.0,487
84507B,STRIPES DESIGN MONKEY DOLL,1349,1764.03,2.9207758620689654,2009-12-01,2011-09-07,115,2,13.907216494845361,0.005113221329437546,2.088235294117647,1369.0,7.0,1362.0,646
84507C,BLUE CIRCLES DESIGN MONKEY DOLL,433,634.64,2.7132394366197183,2009-12-01,2011-10-23,70,2,6.462686567164179,0.022779043280182234,0.6257225433526011,439.0,10.0,429.0,692
84508A,CAMOFLAGE DESIGN TEDDY,3809,8091.4800000000005,2.511743119266055,2009-12-01,2011-09-21,108,2,38.474747474747474,0.0026852846401718583,5.7712121212121215,3724.0,10.0,3714.0,660
84508B,STRIPES DESIGN TEDDY,169,453.76,2.8228378378378376,2009-12-04,2011-11-27,74,3,2.485294117647059,0.017699115044247787,0.23342541436464087,339.0,6.0,333.0,724
84508C,BLUE CIRCLES DESIGN TEDDY,103,279.82,2.949302325581395,2009-12-04,2011-11-17,43,2,2.395348837209302,0.011363636363636364,0.14425770308123248,88.0,1.0,87.0,714
84509A,ENGLISH ROSE PLACEMATS,1523,5897.79,4.56210396039604,2009-12-01,2011-12-08,404,11,5.197952218430034,0.008469055374592834,2.0636856368563685,1535.0,13.0,1522.0,738
84509B,FAIRY CAKE PLACEMATS,649,2452.67,4.262878787878788,2009-12-02,2011-12-08,196,13,4.13375796178344,0.0060882800608828,0.8805970149253731,657.0,4.0,653.0,737
84509C,DOTTY PLACEMATS ,277,1085.96,4.392083333333333,2009-12-04,2011-12-05,96,5,3.2209302325581395,0.0,0.37841530054644806,279.0,0.0,279.0,732
84509E,CAROUSEL PLACEMATS ,161,323.36,4.1315625,2010-01-11,2011-12-07,32,2,5.193548387096774,0.0,0.23132183908045978,161.0,0.0,161.0,696
84509F,NEW ENGLAND PLACEMATS,2781,2456.1,3.9371739130434786,2009-12-04,2010-11-10,46,4,67.82926829268293,0.0,8.131578947368421,2757.0,0.0,2757.0,342
84509G,FAIRY CAKE PLACEMATS ,802,2045.45,3.7734591194968554,2009-12-03,2011-12-08,159,8,6.31496062992126,0.0,1.0896739130434783,806.0,0.0,806.0,736
84509a,ENGLISH ROSE PLACEMATS,113,844.74,7.4770666666666665,2009-12-22,2011-12-09,75,1,2.1320754716981134,0.0,0.1573816155988858,113.0,0.0,113.0,718
84509b,SET OF 4 FAIRY CAKE PLACEMATS,5,37.3,7.46,2011-02-02,2011-11-13,4,1,1.25,0.0,0.017543859649122806,5.0,0.0,5.0,285
84509c,DOTTY PLACEMATS ,67,505.26,7.547272727272727,2009-12-01,2011-12-05,44,1,1.9142857142857144,0.0,0.09115646258503401,73.0,0.0,73.0,735
84509e,SET OF 4 CAROUSEL PLACEMATS ,2,15.24,7.62,2010-07-07,2010-07-07,1,1,2.0,0.0,2.0,2.0,0.0,2.0,1
84509g,SET OF 4 FAIRY CAKE PLACEMATS ,2,14.92,7.46,2011-05-10,2011-05-10,2,1,2.0,0.0,2.0,2.0,0.0,2.0,1
84510A,SET OF 4 ENGLISH ROSE COASTERS,2402,3254.14,1.6820964360587003,2009-12-01,2011-12-09,474,12,7.323170731707317,0.008610086100861008,3.250338294993234,2439.0,21.0,2418.0,739
84510B,SET OF 4 FAIRY CAKES COASTERS ,1171,1481.05,1.673157894736842,2009-12-01,2010-07-07,147,3,13.94047619047619,0.001670843776106934,5.34703196347032,1197.0,2.0,1195.0,219
84510C,SET OF 4 POLKADOTS COASTERS,274,401.59,1.6765346534653465,2009-12-02,2011-12-05,101,2,2.8842105263157896,0.0,0.37329700272479566,277.0,0.0,277.0,734
84510E,SET OF 4 GREEN CAROUSEL COASTERS,148,117.77,1.8128571428571427,2010-01-11,2011-12-06,28,1,5.285714285714286,0.0,0.21294964028776978,148.0,0.0,148.0,695
84510F,SET OF 4 NEW ENGLAND COASTERS ,1099,432.75,1.4618421052631578,2009-12-02,2010-10-07,38,1,31.4,0.0018674136321195146,3.5451612903225804,1071.0,2.0,1069.0,310
84510a,SET OF 4 ENGLISH ROSE COASTERS,75,185.7,2.477241379310345,2010-06-24,2011-06-28,58,1,1.9736842105263157,0.0,0.20270270270270271,76.0,0.0,76.0,370
84510b,SET OF 4 FAIRY CAKES COASTERS ,1,2.15,2.15,2010-08-02,2010-08-02,1,1,1.0,0.0,1.0,1.0,0.0,1.0,1
84510c,SET OF 4 POLKADOTS COASTERS,56,138.85999999999999,2.4820588235294117,2010-06-08,2011-12-05,34,1,2.074074074074074,0.0,0.10256410256410256,59.0,0.0,59.0,546
84510e,SET OF 4 GREEN CAROUSEL COASTERS,14,35.089999999999996,2.5016666666666665,2010-04-09,2011-04-15,6,1,2.3333333333333335,0.0,0.03763440860215054,14.0,0.0,14.0,372
84519A,TOMATO CHARLIE+LOLA COASTER SET,1200,2788.4500000000003,2.9695566502463056,2009-12-01,2011-12-09,203,5,7.5,0.0,1.6238159675236807,1208.0,0.0,1208.0,739
84519B,CARROT CHARLIE+LOLA COASTER SET,867,1895.3700000000001,2.900372093023256,2009-12-01,2011-12-09,214,5,5.1301775147929,0.001148105625717566,1.1732070365358593,871.0,1.0,870.0,739
84520B,PACK 20 ENGLISH ROSE PAPER NAPKINS,7390,6321.62,1.040450204638472,2009-12-01,2011-03-03,722,13,24.47019867549669,0.0016207455429497568,16.1353711790393,7404.0,12.0,7392.0,458
84520D,PACK OF 20 FAIRY CAKE PAPER NAPKINS,699,639.4699999999999,1.1359574468085107,2009-12-02,2010-02-26,94,4,17.048780487804876,0.028708133971291867,8.03448275862069,418.0,12.0,406.0,87
84520b,PACK 20 ENGLISH ROSE PAPER NAPKINS,110,257.4,2.085,2010-03-05,2010-09-21,10,1,15.714285714285714,0.0,0.5472636815920398,110.0,0.0,110.0,201
84529A,PINK KNITTED KIDS RUCKSACK,50,290.78,6.563684210526316,2009-12-16,2010-04-20,19,1,3.5714285714285716,0.0,0.3968253968253968,18.0,0.0,18.0,126
84529B,BLUE KNITTED KID'S RUCKSACK,13,62.35,5.226,2010-02-14,2010-04-23,5,1,2.6,0.0,0.18840579710144928,11.0,0.0,11.0,69
84529C,YELLOW KNITTED KIDS RUCKSACK,78,414.74,5.033783783783784,2009-12-16,2010-06-04,37,3,2.689655172413793,0.0,0.45614035087719296,64.0,0.0,64.0,171
84531A,PINK KNITTED EGG COSY,191,169.35999999999999,1.294468085106383,2009-12-07,2011-04-18,45,5,5.787878787878788,0.0,0.38353413654618473,165.0,0.0,165.0,498
84531B,BLUE KNITTED EGG COSY,194,164.01,1.1726190476190477,2009-12-07,2011-04-18,42,6,5.705882352941177,0.0,0.3895582329317269,180.0,0.0,180.0,498
84532B,FAIRY CAKES RECTANGLUAR BOXES,54,417.58,7.502903225806452,2009-12-02,2010-03-31,31,3,2.0,0.0,0.45,40.0,0.0,40.0,120
84533B,FAIRY CAKES ROUND NESTING BOXES,59,377.93,7.096666666666667,2009-12-01,2010-03-12,24,4,2.5652173913043477,0.0,0.5784313725490197,21.0,0.0,21.0,102
84534B,FAIRY CAKE NOTEBOOK A5 SIZE,818,774.7099999999999,1.1997326203208556,2009-12-01,2011-01-20,187,5,5.680555555555555,0.039160839160839164,1.9663461538461537,715.0,28.0,687.0,416
84534b,FAIRY CAKE NOTEBOOK A5 SIZE,5,8.3,1.66,2010-06-24,2010-12-21,4,1,1.25,0.0,0.027624309392265192,6.0,0.0,6.0,181
84535A,ENGLISH ROSE NOTEBOOK A6 SIZE,607,346.93,0.8453846153846154,2009-12-01,2011-05-08,64,2,14.452380952380953,0.0,1.1583969465648856,886.0,0.0,886.0,524
84535B,FAIRY CAKES NOTEBOOK A6 SIZE,2686,1747.76,0.8490090090090091,2009-12-01,2011-12-08,327,12,10.830645161290322,0.03462099125364432,3.6395663956639566,2744.0,95.0,2649.0,738
84536A,ENGLISH ROSE NOTEBOOK A7 SIZE,5077,2289.73,0.533872,2009-12-01,2011-12-08,613,12,13.431216931216932,0.007310504040015391,6.87940379403794,5198.0,38.0,5160.0,738
84536B,FAIRY CAKES NOTEBOOK A7 SIZE,3504,1561.49,0.5752357320099255,2009-12-01,2011-12-06,399,10,12.835164835164836,0.014643762320473106,4.760869565217392,3551.0,52.0,3499.0,736
84536a,ENGLISH ROSE NOTEBOOK A7 SIZE,25,19.970000000000002,0.8033333333333333,2010-03-29,2011-11-20,12,1,2.272727272727273,0.0,0.04152823920265781,25.0,0.0,25.0,602
84536b,FAIRY CAKES NOTEBOOK A7 SIZE,8,6.48,0.81,2010-06-24,2010-12-09,4,1,2.0,0.0,0.047337278106508875,13.0,0.0,13.0,169
84537B,FAIRY CAKES GIFT BAG,117,49.14,0.42,2009-12-03,2010-03-15,11,1,10.636363636363637,0.0,1.1359223300970873,96.0,0.0,96.0,103
84555A,YELLOW VW BEETLE CERAMIC MONEY BOX,47,133.85000000000002,2.926470588235294,2010-02-02,2010-06-13,16,1,2.9375,0.0,0.3560606060606061,27.0,0.0,27.0,132
84558A,3D DOG PICTURE PLAYING CARDS,1259,3628.11,3.133529411764706,2009-12-01,2011-12-05,199,6,8.506756756756756,0.0188821752265861,1.7129251700680272,1324.0,25.0,1299.0,735
84558a,3D DOG PICTURE PLAYING CARDS,21,125.17,5.952105263157895,2009-12-01,2011-12-09,19,1,1.6153846153846154,0.0,0.028416779431664412,23.0,0.0,23.0,739
84559A,3D SHEET OF DOG STICKERS,1321,1190.1699999999998,1.0671428571428572,2009-12-01,2011-12-09,230,5,7.258241758241758,0.0,1.787550744248985,1359.0,0.0,1359.0,739
84559B,3D SHEET OF CAT STICKERS,1199,1065.55,1.0304060913705584,2009-12-01,2011-11-02,195,5,7.993333333333333,0.0037174721189591076,1.707977207977208,1076.0,4.0,1072.0,702
84559D,3D SHEET OF SEA WORLD STICKERS,147,126.71,0.9067741935483871,2009-12-01,2010-11-15,31,1,4.9,0.0,0.42,25.0,0.0,25.0,350
84559a,3D SHEET OF DOG STICKERS,57,95.69999999999999,1.6787499999999997,2010-02-01,2011-06-27,40,1,1.9655172413793103,0.0,0.111328125,59.0,0.0,59.0,512
84559b,3D SHEET OF CAT STICKERS,32,53.54,1.6707999999999998,2010-09-28,2011-09-20,25,1,1.6842105263157894,0.0,0.0893854748603352,33.0,0.0,33.0,358
84559d,3D SHEET OF SEA WORLD STICKERS,2,3.38,1.69,2010-10-22,2010-10-22,1,1,2.0,0.0,2.0,2.0,0.0,2.0,1
84562A,PINK/WHITE RIBBED MELAMINE JUG,169,1378.26,9.355443037974684,2009-12-03,2011-02-20,78,7,2.485294117647059,0.006024096385542169,0.3797752808988764,166.0,1.0,165.0,445
84562B,BLUE/WHITE RIBBED MELAMINE JUG,10,106.59,10.530000000000001,2009-12-02,2010-01-22,7,1,1.6666666666666667,0.0,0.19230769230769232,5.0,0.0,5.0,52
84563A,PINK & WHITE BREAKFAST TRAY,139,685.15,6.021612903225806,2009-12-07,2011-05-17,62,7,2.482142857142857,0.0,0.2637571157495256,128.0,0.0,128.0,527
84563B,BLUE & WHITE BREAKFAST TRAY,128,590.04,5.206271186440678,2009-12-20,2011-06-19,59,6,2.5098039215686274,0.0,0.2340036563071298,122.0,0.0,122.0,547
84569A,PACK 3 IRON ON DOG PATCHES,562,702.42,1.3568421052631578,2009-12-02,2011-12-05,112,10,5.793814432989691,0.0021321961620469083,0.7656675749318801,469.0,1.0,468.0,734
84569B,PACK 3 FIRE ENGINE/CAR PATCHES,433,557.18,1.427763157894737,2009-12-04,2011-03-22,76,7,6.367647058823529,0.0024630541871921183,0.9135021097046413,406.0,1.0,405.0,474
84569C,PACK 4 FLOWER/BUTTERFLY PATCHES,415,584.93,1.792696629213483,2009-12-02,2011-03-25,89,6,5.32051282051282,0.050387596899224806,0.8663883089770354,258.0,13.0,245.0,479
84569D,PACK 6 HEART/ICE-CREAM PATCHES,1023,1287.54,1.4511049723756906,2009-12-03,2011-12-09,179,11,7.153846153846154,0.0010111223458038423,1.3880597014925373,989.0,1.0,988.0,737
84570B,WHITE SATIN DRESS JEWEL STAND,4,19.8,4.95,2009-12-15,2010-01-20,2,1,2.0,0.0,0.10810810810810811,4.0,0.0,4.0,37
84575A,PINK DOG CANNISTER,24,98.8,5.334615384615385,2010-02-21,2011-04-19,13,1,1.8461538461538463,0.1,0.05673758865248227,10.0,1.0,9.0,423
84575B,BROWN DOG CANNISTER W BONE,4,23.8,5.95,2009-12-09,2010-02-15,3,2,1.3333333333333333,-0.0,0.057971014492753624,-14.0,0.0,-14.0,69
84586L,"PINK ROSES/GINGHAM PATCH RABBIT 8""",15,44.25000000000001,2.95,2009-12-06,2010-01-31,9,1,1.875,0.0,0.2631578947368421,15.0,0.0,15.0,57
84595B,LARGE TRIFLE DESIGN L BLUE BOWL,230,408.9,3.09375,2009-12-15,2010-06-27,16,2,14.375,0.0,1.1794871794871795,188.0,0.0,188.0,195
84595E,LARGE TORTILLA DESIGN RED BOWL,367,723.5699999999999,3.282093023255814,2009-12-03,2011-08-02,43,3,8.534883720930232,0.002652519893899204,0.6036184210526315,377.0,1.0,376.0,608
84596B,SMALL DOLLY MIX DESIGN ORANGE BOWL,6221,4074.67,0.8488524590163935,2009-12-01,2011-12-09,725,11,16.904891304347824,0.0076178384383431205,8.418132611637347,6301.0,48.0,6253.0,739
84596E,SMALL LICORICE DES PINK BOWL,1127,1137.84,1.2426600985221674,2009-12-01,2011-04-01,201,7,8.41044776119403,0.032388663967611336,2.3141683778234086,988.0,32.0,956.0,487
84596F,SMALL MARSHMALLOWS PINK BOWL,4720,3196.43,0.8523645320197045,2009-12-01,2011-12-09,600,11,13.563218390804598,0.003373392367699768,6.387009472259811,4743.0,16.0,4727.0,739
84596G,SMALL CHOCOLATES PINK BOWL,2226,1440.76,0.8623011363636363,2009-12-01,2011-12-08,348,9,9.048780487804878,0.0,3.016260162601626,2156.0,0.0,2156.0,738
84596I,WRAP SWEETS LIGHT PINK SMALL BOWL,72,80.62,1.3472727272727274,2010-02-19,2010-04-11,10,1,7.2,0.0,1.3846153846153846,144.0,0.0,144.0,52
84596J,MIXED NUTS LIGHT GREEN BOWL,810,621.74,1.183623188405797,2009-12-09,2011-05-23,138,5,7.363636363636363,0.00681044267877412,1.5254237288135593,881.0,6.0,875.0,531
84596K,JELLY BABIES YELLOW SMALL BOWL,428,543.41,1.4280645161290322,2009-12-01,2010-11-16,93,3,6.028169014084507,0.0016051364365971107,1.2193732193732194,623.0,1.0,622.0,351
84596L,BISCUITS SMALL BOWL LIGHT BLUE,1536,1013.9599999999999,0.9655686274509804,2009-12-01,2011-09-18,255,7,8.677966101694915,0.0,2.3378995433789953,1522.0,0.0,1522.0,657
84596b,SMALL DOLLY MIX DESIGN ORANGE BOWL,10,25.099999999999998,2.51,2010-06-08,2010-12-21,8,1,2.0,0.0,0.050761421319796954,13.0,0.0,13.0,197
84596e,SMALL LICORICE DES PINK BOWL,27,67.77,2.51,2010-01-25,2010-12-14,17,1,1.8,0.0,0.08333333333333333,35.0,0.0,35.0,324
84596f,SMALL MARSHMALLOWS PINK BOWL,19,46.89,2.467142857142857,2010-09-13,2011-12-05,14,1,1.5833333333333333,0.0,0.042316258351893093,19.0,0.0,19.0,449
84596g,SMALL CHOCOLATES PINK BOWL,5,12.399999999999999,2.485,2010-11-26,2011-02-17,2,1,2.5,0.0,0.05952380952380952,5.0,0.0,5.0,84
84596j,MIXED NUTS LIGHT GREEN BOWL,2,5.02,2.51,2010-04-09,2010-11-29,2,1,1.0,0.0,0.00851063829787234,2.0,0.0,2.0,235
84596l,BISCUITS SMALL BOWL LIGHT BLUE,1,2.46,2.46,2011-05-26,2011-05-26,1,1,1.0,0.0,1.0,1.0,0.0,1.0,1
84597B,RETRO BROWN BALL ASHTRAY ,205,259.37,1.612962962962963,2009-12-09,2011-06-19,27,3,7.884615384615385,0.015228426395939087,0.3673835125448029,197.0,3.0,194.0,558
84597C,RETRO PINK BALL ASHTRAY ,364,450.98,1.4622727272727274,2009-12-02,2011-06-02,44,5,8.666666666666666,0.011527377521613832,0.6642335766423357,347.0,4.0,343.0,548
84601A,NEW BAROQUE IVORY CUSHION COVER ,260,638.34,3.6726666666666667,2009-12-01,2010-07-15,15,2,17.333333333333332,0.9036144578313253,1.145374449339207,166.0,150.0,16.0,227
84611B,BLACK NEW BAROQUE FLOCK BOX,7,41.65,5.95,2010-01-07,2010-11-15,4,1,1.75,-0.022058823529411766,0.022364217252396165,-136.0,3.0,-139.0,313
84612B,SET/4 BLACK  BAROQUE FLOCK COASTER,20,51.0,2.55,2010-01-08,2010-10-26,4,1,5.0,-0.0,0.0684931506849315,-142.0,0.0,-142.0,292
84613A,PINK NEW BAROQUE FLOCK CANDLESTICK,22,102.30000000000001,4.65,2010-02-23,2011-02-02,10,3,2.2,-0.0035714285714285713,0.06376811594202898,-280.0,1.0,-281.0,345
84613C,BLUE NEW BAROQUE FLOCK CANDLESTICK,62,258.06,4.580000000000001,2010-03-15,2010-12-08,12,1,5.166666666666667,-0.0,0.23048327137546468,-127.0,0.0,-127.0,269
84614A,PINK BAROQUE FLOCK CANDLE HOLDER,17,124.83,7.726000000000001,2010-02-18,2010-12-03,10,2,1.7,-0.005390835579514825,0.058823529411764705,-371.0,2.0,-373.0,289
84614C,BLUE BAROQUE FLOCK CANDLE HOLDER,3,17.85,5.95,2010-01-05,2010-01-05,1,1,3.0,-0.0,3.0,-61.0,0.0,-61.0,1
84625A,PINK NEW BAROQUECANDLESTICK CANDLE,838,1193.0,2.842345679012346,2009-12-03,2011-12-07,81,8,11.324324324324325,0.0627177700348432,1.1401360544217687,861.0,54.0,807.0,735
84625B,BLCK NEW BAROQUE CANDLESTICK CANDLE,180,279.0,2.3323529411764707,2009-12-04,2010-03-24,17,4,11.25,0.09022556390977443,1.6216216216216217,133.0,12.0,121.0,111
84625C,BLUE NEW BAROQUE CANDLESTICK CANDLE,770,1024.15,2.6590140845070422,2009-12-02,2011-10-03,71,8,12.222222222222221,0.12176165803108809,1.1475409836065573,772.0,94.0,678.0,671
84625D,WHITE NEWBAROQUE CANDLESTICK CANDLE,650,793.34,2.3296153846153844,2009-12-03,2010-11-17,51,4,15.476190476190476,0.0499194847020934,1.8571428571428572,621.0,31.0,590.0,350
84659A,WHITE TRAVEL ALARM CLOCK,588,1469.51,2.5639555555555553,2009-12-03,2011-11-21,224,4,3.675,0.004761904761904762,0.8178025034770514,630.0,3.0,627.0,719
84660A,WHITE STITCHED WALL CLOCK,860,855.26,2.2080392156862745,2009-12-18,2011-10-03,51,3,17.916666666666668,0.002347417840375587,1.3129770992366412,852.0,2.0,850.0,655
84660B,BLACK STITCHED WALL CLOCK,745,899.48,3.0591803278688525,2009-12-01,2011-09-01,61,3,13.545454545454545,0.0,1.1640625,747.0,0.0,747.0,640
84660C,PINK STITCHED WALL CLOCK,725,987.98,3.6374117647058823,2009-12-02,2011-09-08,85,3,9.415584415584416,0.0,1.1222910216718267,706.0,0.0,706.0,646
84660a,WHITE STITCHED WALL CLOCK,7,52.699999999999996,7.556,2010-08-02,2011-06-21,5,1,1.4,0.0,0.021604938271604937,7.0,0.0,7.0,324
84660b,BLACK STITCHED WALL CLOCK,7,53.18,7.593333333333334,2010-06-24,2011-09-07,6,1,1.1666666666666667,0.0,0.015873015873015872,8.0,0.0,8.0,441
84660c,PINK STITCHED WALL CLOCK,31,233.98,7.551428571428572,2010-05-26,2011-08-11,28,1,1.24,0.0,0.06997742663656885,34.0,0.0,34.0,443
84661A,WHITE SQUARE TABLE CLOCK,222,308.99,2.9223255813953486,2009-12-07,2011-12-08,43,4,5.842105263157895,0.0,0.30327868852459017,222.0,0.0,222.0,732
84661B,BLACK SQUARE TABLE CLOCK,243,530.22,3.2335294117647058,2009-12-16,2011-12-08,51,4,5.282608695652174,0.0,0.3360995850622407,244.0,0.0,244.0,723
84661C,PINK SQUARE TABLE CLOCK,150,179.75,2.8407999999999998,2009-12-04,2011-12-06,25,2,6.818181818181818,0.0,0.20463847203274216,150.0,0.0,150.0,733
84661a,WHITE SQUARE TABLE CLOCK,2,10.02,5.01,2010-10-15,2011-05-17,2,1,1.0,0.0,0.009302325581395349,2.0,0.0,2.0,215
84661b,BLACK SQUARE TABLE CLOCK,1,4.96,4.96,2011-10-17,2011-10-17,1,1,1.0,0.0,1.0,1.0,0.0,1.0,1
84661c,PINK SQUARE TABLE CLOCK,2,10.12,5.06,2010-03-05,2010-11-24,2,1,1.0,0.0,0.007547169811320755,2.0,0.0,2.0,265
84663A,GRASS HOPPER WOODEN WALL CLOCK ,373,746.39,4.415,2009-12-07,2011-11-20,64,6,6.114754098360656,0.015037593984962405,0.5224089635854342,399.0,6.0,393.0,714
84671B,CROCHET BEAR WITH BLUE STRIPES,109,306.77,3.185151515151515,2009-12-01,2010-01-11,32,2,6.055555555555555,0.0,2.5952380952380953,109.0,0.0,109.0,42
84673A,PINK FLY SWAT,500,314.84000000000003,0.740990099009901,2009-12-02,2011-11-24,99,2,5.813953488372093,0.00199203187250996,0.6915629322268326,502.0,1.0,501.0,723
84673B,BLUE FLY SWAT,503,391.31,0.9244776119402984,2009-12-01,2011-12-05,133,4,4.412280701754386,0.00196078431372549,0.6843537414965987,510.0,1.0,509.0,735
84705A,ENGLISH ROSE PHOTO FRAME ,14,65.10000000000001,4.65,2009-12-02,2010-04-07,7,1,2.0,0.0,0.11023622047244094,6.0,0.0,6.0,127
84705B,FAIRY CAKES PHOTO FRAME,84,113.27,4.006666666666667,2009-12-08,2009-12-23,3,1,28.0,0.0,5.25,73.0,0.0,73.0,16
84705C,PINK FLOCK PHOTO FRAME ,162,227.33,3.92875,2009-12-04,2011-05-03,8,1,20.25,0.0,0.313953488372093,170.0,0.0,170.0,516
84705D,CHERRY BLOSSOM PHOTO FRAME ,22,97.9,4.386,2009-12-02,2010-07-12,14,1,1.5714285714285714,0.0,0.09865470852017937,16.0,0.0,16.0,223
84705F,RED PEONY PHOTO FRAME ,8,37.2,4.65,2009-12-02,2010-04-18,5,1,1.6,0.0,0.057971014492753624,7.0,0.0,7.0,138
84705b,FAIRY CAKES PHOTO FRAME,2,6.86,3.43,2009-12-01,2009-12-22,2,1,1.0,0.0,0.09090909090909091,2.0,0.0,2.0,22
84706A,ENGLISH ROSE TABLE CLOCK,137,325.88,7.339999999999999,2009-12-17,2010-02-28,7,3,19.571428571428573,0.0,1.8513513513513513,132.0,0.0,132.0,74
84706B,FAIRY CAKES TABLE CLOCK,20,188.73,10.03111111111111,2009-12-03,2010-02-11,9,2,2.2222222222222223,2.0,0.28169014084507044,1.0,2.0,-1.0,71
84706C,PINK FLOCK TABLE CLOCK ,84,170.8,3.6999999999999997,2009-12-01,2010-01-27,4,1,21.0,0.0,1.4482758620689655,75.0,0.0,75.0,58
84706D,CHERRY BLOSSOM TABLE CLOCK ,219,500.19,4.771249999999999,2009-12-18,2011-05-22,16,4,13.6875,0.004629629629629629,0.42034548944337813,216.0,1.0,215.0,521
84706F,RED PEONY TABLE CLOCK,34,208.3,5.616666666666666,2009-12-01,2011-11-27,17,3,2.0,0.047619047619047616,0.04676753782668501,21.0,1.0,20.0,727
84707A,SILVER JEWELLED MIRROR TRINKET TRAY,125,1045.8799999999999,10.487656249999999,2009-12-07,2011-12-08,64,4,2.314814814814815,0.0,0.17076502732240437,130.0,0.0,130.0,732
84707B,PINK JEWELLED MIRROR TRINKET TRAY,79,618.52,8.634509803921569,2009-12-08,2011-12-08,51,3,1.6458333333333333,0.04938271604938271,0.10807113543091655,81.0,4.0,77.0,731
84708B,PINK JEWELLED PHOTO FRAME ,142,732.7900000000001,5.391851851851852,2009-12-02,2011-12-07,53,4,2.784313725490196,0.0,0.19293478260869565,137.0,0.0,137.0,736
84709A,SILVER OVAL JEWELLED MIRROR,23,136.85,5.95,2010-05-28,2010-10-26,13,1,1.7692307692307692,0.0,0.1513157894736842,50.0,0.0,50.0,152
84709B,PINK OVAL JEWELLED MIRROR,176,1014.48,5.925287356321839,2009-12-01,2011-06-26,86,4,2.4444444444444446,0.004672897196261682,0.30715532286212915,214.0,1.0,213.0,573
84711A,SILVER OVAL SHAPE TRINKET BOX,42,390.95,9.000416666666666,2009-12-13,2011-12-04,24,4,1.826086956521739,-0.0,0.05817174515235457,-161.0,0.0,-161.0,722
84711B,PINK OVAL SHAPE TRINKET BOX,39,357.71,8.988,2009-12-02,2011-12-07,30,2,1.3448275862068966,0.0,0.05298913043478261,39.0,0.0,39.0,736
84712B,PINK JEWELLED PHOTO FRAME,98,767.1600000000001,7.797,2009-12-02,2011-11-30,60,2,1.719298245614035,0.0,0.13443072702331962,245.0,0.0,245.0,729
84732B,CUTE BIRD CEATURE SCREEN,28,18.48,1.23,2009-12-17,2011-08-18,6,1,4.666666666666667,0.0,0.04590163934426229,28.0,0.0,28.0,610
84732D,CUTE RABBIT CEATURE SCREEN ,15,10.89,1.23,2009-12-17,2011-08-18,6,2,3.0,0.0,0.02459016393442623,15.0,0.0,15.0,610
84741C,CITRUS GARLAND FELT FLOWERS ,185,372.14,2.125576923076923,2009-12-06,2011-04-27,51,2,4.204545454545454,0.0,0.3641732283464567,79.0,0.0,79.0,508
84743C,ORANGE FELT VASE + FLOWERS,9,11.25,1.25,2010-03-12,2011-03-31,5,1,1.8,-0.0,0.023376623376623377,-32.0,0.0,-32.0,385
84745A,PINK HANGING GINGHAM EASTER HEN,72,30.240000000000002,0.42,2009-12-03,2011-04-27,15,1,4.8,0.0,0.14090019569471623,74.0,0.0,74.0,511
84745B,BLUE HANGING GINGHAM EASTER HEN,83,34.86,0.42,2009-12-03,2011-04-27,17,1,4.882352941176471,0.0,0.162426614481409,85.0,0.0,85.0,511
84750A,PINK SMALL GLASS CAKE STAND,544,1189.23,3.0715238095238093,2009-12-01,2011-03-20,105,4,8.0,0.08849557522123894,1.1452631578947368,452.0,40.0,412.0,475
84750B,BLACK SMALL GLASS CAKE STAND,609,1142.02,2.445128205128205,2009-12-02,2011-04-19,78,2,9.08955223880597,0.008771929824561403,1.2083333333333333,570.0,5.0,565.0,504
84751B,BLACK MEDIUM GLASS CAKE STAND,38,115.86,3.0100000000000002,2010-02-23,2011-04-08,19,1,2.111111111111111,-0.06818181818181818,0.09268292682926829,-44.0,3.0,-47.0,410
84753A,PINK EAU DE COLOGNE BOTTLE,97,92.16999999999999,1.1537499999999998,2009-12-04,2010-02-19,24,1,5.388888888888889,0.0,1.2435897435897436,185.0,0.0,185.0,78
84760L,LARGE HANGING GLASS+ZINC LANTERN,560,896.0,1.6,2010-05-04,2010-05-04,1,1,560.0,0.0,560.0,506.0,0.0,506.0,1
84760S,SMALL HANGING GLASS+ZINC LANTERN,222,360.21,1.9478378378378376,2009-12-09,2011-05-12,36,3,6.3428571428571425,0.0,0.4269230769230769,212.0,0.0,212.0,520
84762A,WHITE PICNIC BARBECUE BUCKET,59,517.4300000000001,9.866551724137931,2009-12-04,2010-06-30,29,3,2.5652173913043477,0.23404255319148937,0.2822966507177033,47.0,11.0,36.0,209
84762B,PINK PICNIC BARBECUE BUCKET,113,837.77,8.7825,2009-12-04,2010-09-12,48,3,2.8974358974358974,0.0,0.3992932862190813,111.0,0.0,111.0,283
84762C,GREEN PICNIC BARBECUE BUCKET,105,761.25,8.556511627906977,2009-12-07,2010-05-21,43,2,2.8378378378378377,0.0,0.6325301204819277,92.0,0.0,92.0,166
84782A,PINK 3 TIER GLASS PLATE STAND,119,840.45,9.903846153846153,2009-12-01,2010-08-19,26,2,5.409090909090909,0.06818181818181818,0.4541984732824427,88.0,6.0,82.0,262
84782B,BLACK 3 TIER GLASS PLATE STAND,10,127.5,12.75,2009-12-15,2010-06-06,6,2,1.6666666666666667,-0.0,0.05747126436781609,-36.0,0.0,-36.0,174
84782C,GREEN 3 TIER GLASS PLATE STAND,74,509.9,9.616666666666667,2009-12-01,2010-09-06,18,3,4.111111111111111,0.1276595744680851,0.2642857142857143,47.0,6.0,41.0,280
84795A,PASTEL STRIPE HAMMOCK ,208,1696.02,9.646056338028169,2009-12-06,2010-08-04,70,3,4.16,0.0,0.859504132231405,247.0,0.0,247.0,242
84795B,SUNSET CHECK HAMMOCK,298,2379.09,8.963333333333333,2009-12-06,2011-11-08,96,4,3.5058823529411764,0.0,0.4238975817923186,306.0,0.0,306.0,703
84795C,OCEAN STRIPE HAMMOCK ,325,2752.59,9.477954545454544,2009-12-02,2011-01-31,131,3,3.9156626506024095,0.00303951367781155,0.7629107981220657,329.0,1.0,328.0,426
84795D,SEASIDE STRIPE HAMMOCK,189,1538.79,8.78421686746988,2009-12-04,2010-08-03,83,4,3.3157894736842106,0.5,0.7777777777777778,2.0,1.0,1.0,243
84795E,RIO PINK STRIPE HAMMOCK,10,79.5,7.95,2009-12-02,2010-08-01,5,1,2.0,0.0,0.0411522633744856,13.0,0.0,13.0,243
84795b,SUNSET CHECK HAMMOCK,19,317.71999999999997,16.712352941176473,2010-06-08,2011-11-30,17,1,1.3571428571428572,0.0,0.03512014787430684,19.0,0.0,19.0,541
84796A,PINK HAWAIIAN PICNIC HAMPER FOR 2,284,2072.9500000000003,9.56162162162162,2009-12-07,2011-12-02,111,4,2.8979591836734695,0.0,0.39118457300275483,249.0,0.0,249.0,726
84796B,BLUE SAVANNAH PICNIC HAMPER FOR 2,600,4999.79,9.24565934065934,2010-03-05,2011-11-08,180,6,4.761904761904762,0.0,0.9771986970684039,575.0,0.0,575.0,614
84796a,PINK HAWAIIAN PICNIC HAMPER FOR 2,28,234.28,8.370999999999999,2010-03-29,2011-08-24,20,1,1.75,0.0,0.054474708171206226,28.0,0.0,28.0,514
84796b,BLUE SAVANNAH PICNIC HAMPER FOR 2,2,17.12,8.56,2009-12-01,2010-07-26,2,1,1.0,0.0,0.008403361344537815,2.0,0.0,2.0,238
84797A,PINK HAWAIIAN PICNIC HAMPER FOR 4,481,3361.25,11.095227272727273,2010-01-29,2010-06-04,44,4,20.041666666666668,0.0,3.7874015748031495,466.0,0.0,466.0,127
84797B,BLUE SAVANNAH PICNIC HAMPER FOR 4,323,1845.2,10.58848484848485,2009-12-14,2010-06-01,33,3,17.944444444444443,0.006802721088435374,1.9,294.0,2.0,292.0,170
84797a,PINK HAWAIIAN PICNIC HAMPER FOR 4,18,198.84,11.048235294117646,2009-12-01,2010-06-04,17,1,2.25,0.0,0.0967741935483871,18.0,0.0,18.0,186
84797b,BLUE SAVANNAH PICNIC HAMPER FOR 4,21,232.62,11.083157894736841,2009-12-01,2010-05-26,19,1,3.5,0.0,0.11864406779661017,21.0,0.0,21.0,177
84798A,PINK FOXGLOVE ARTIIFCIAL FLOWER,195,432.45000000000005,2.505,2010-01-05,2011-09-28,10,2,19.5,0.1518987341772152,0.30854430379746833,158.0,24.0,134.0,632
84798B,PURPLE FOXGLOVE ARTIIFCIAL FLOWER,326,492.90000000000003,2.125,2010-01-07,2011-03-22,10,2,32.6,0.0213903743315508,0.740909090909091,187.0,4.0,183.0,440
84798C,WHITE FOXGLOVE ARTIIFCIAL FLOWER,16,40.8,2.55,2010-01-05,2010-02-04,3,1,5.333333333333333,0.0,0.5161290322580645,18.0,0.0,18.0,31
84800L,LARGE WHITE/PINK ROSE ART FLOWER,650,970.7900000000001,1.861842105263158,2010-01-19,2011-06-03,38,4,17.105263157894736,0.050314465408805034,1.2974051896207586,477.0,24.0,453.0,501
84800M,MEDIUM WHITE/PINK ROSE ART FLOWER,250,357.22,1.5892592592592591,2010-01-28,2011-08-28,27,1,9.615384615384615,0.023809523809523808,0.43252595155709345,126.0,3.0,123.0,578
84800S,SMALL WHITE/PINK ROSE ART FLOWER,388,292.04,1.0989473684210527,2010-02-19,2011-09-11,19,1,21.555555555555557,0.005076142131979695,0.6807017543859649,394.0,2.0,392.0,570
84801A,PINK HYDRANGEA ART FLOWER,272,427.44000000000005,1.976,2010-01-05,2011-11-23,15,1,18.133333333333333,0.0,0.3953488372093023,122.0,0.0,122.0,688
84801B,WHITE HYDRANGEA ART FLOWER,214,345.00000000000006,2.0194444444444444,2009-12-17,2011-04-06,18,2,12.588235294117647,0.0,0.4495798319327731,170.0,0.0,170.0,476
84802A,WHITE ANEMONE ARTIFICIAL FLOWER,185,312.65000000000003,1.6900000000000002,2009-12-11,2010-12-19,24,1,7.708333333333333,0.0,0.4946524064171123,119.0,0.0,119.0,374
84802B,PURPLE ANEMONE ARTIFICIAL FLOWER,411,389.79,1.5405882352941176,2009-12-02,2011-03-01,17,2,24.176470588235293,0.0,0.9032967032967033,310.0,0.0,310.0,455
84803A,PINK ALLIUM  ARTIFICIAL FLOWER,112,189.28,1.69,2010-01-07,2011-02-14,17,2,7.0,0.033707865168539325,0.27722772277227725,89.0,3.0,86.0,404
84803B,WHITE ALLIUM  ARTIFICIAL FLOWER,42,70.98,1.69,2010-02-04,2011-08-10,11,2,4.2,0.0743801652892562,0.0759493670886076,121.0,9.0,112.0,553
84804A,CREAM DELPHINIUM ARTIFICIAL FLOWER,218,396.38000000000005,2.7022222222222223,2010-01-19,2011-12-06,18,1,12.823529411764707,0.0,0.3173216885007278,99.0,0.0,99.0,687
84804B,BLUE DELPHINIUM ARTIFICIAL FLOWER,355,501.9700000000001,2.5040000000000004,2010-01-05,2011-12-07,19,2,18.68421052631579,0.0036900369003690036,0.5056980056980057,271.0,1.0,270.0,702
84805A,CREAM CLIMBING HYDRANGA ART FLOWER,147,212.85,2.7625,2010-03-02,2011-12-06,8,2,18.375,0.0,0.22790697674418606,51.0,0.0,51.0,645
84805B,BLUE CLIMBING HYDRANGA ART FLOWER,340,551.4000000000001,2.461111111111111,2010-01-07,2011-12-07,9,3,37.77777777777778,0.0,0.4857142857142857,244.0,0.0,244.0,700
84806A,PINK CANDYSTUFT ARTIFICIAL FLOWER,319,261.90999999999997,1.135,2010-01-24,2011-12-07,20,4,17.72222222222222,0.0,0.4670571010248902,319.0,0.0,319.0,683
84806B,WHITE CANDYSTUFT ARTIFICIAL FLOWER,450,568.02,1.3784375,2010-03-14,2011-12-06,32,3,14.0625,0.0,0.7109004739336493,450.0,0.0,450.0,633
84809A,WHITE CHRYSANTHEMUMS ART FLOWER,276,474.84000000000003,2.020952380952381,2010-01-27,2011-06-01,21,3,14.526315789473685,0.012345679012345678,0.5621181262729125,162.0,2.0,160.0,491
84809B,PINK CHRYSANTHEMUMS ART FLOWER,296,351.6,1.7875,2010-01-27,2011-02-25,8,1,42.285714285714285,-0.0,0.7493670886075949,-28.0,0.0,-28.0,395
84814A,HEXAGONAL CRYSTAL PERFUME BOTTLE,1,1.95,1.95,2010-03-26,2010-03-26,1,1,1.0,-0.0,1.0,-12.0,0.0,-12.0,1
84814B,RHOMBUS CRYSTAL PERFUME BOTTLE,7,13.65,1.95,2009-12-01,2009-12-06,3,1,3.5,0.0,1.1666666666666667,86.0,0.0,86.0,6
84845A,HOLLYHOCK SQUARE HANDY TIN,1,1.25,1.25,2009-12-06,2009-12-06,1,1,1.0,-0.0,1.0,-1.0,0.0,-1.0,1
84845C,CARNATION SQUARE HANDY TIN,42,52.5,1.25,2009-12-06,2010-08-18,14,1,3.230769230769231,0.05357142857142857,0.1640625,56.0,3.0,53.0,256
84845D,GERANIUM SQUARE HANDY TIN,41,51.25,1.25,2009-12-06,2010-10-21,11,2,4.1,0.0,0.128125,36.0,0.0,36.0,320
84846A,SCENTED CANDLE IN DIGITALIS TIN,251,567.5500000000001,2.573888888888889,2009-12-04,2011-10-10,54,1,4.921568627450981,0.0,0.371301775147929,257.0,0.0,257.0,676
84849A,HELLO SAILOR BLUE SOAP HOLDER,470,833.57,2.2339423076923075,2009-12-08,2011-11-24,103,7,4.947368421052632,0.047520661157024795,0.6555090655509066,484.0,23.0,461.0,717
84849B,FAIRY SOAP SOAP HOLDER,1936,3244.14,2.0241496598639457,2009-12-01,2011-07-20,293,11,8.962962962962964,0.006592292089249493,3.2428810720268006,1972.0,13.0,1959.0,597
84849D,HOT BATHS SOAP HOLDER,1558,2618.27,1.8957088122605363,2010-01-14,2011-12-01,260,6,7.637254901960785,0.015047021943573668,2.2678311499272197,1595.0,24.0,1571.0,687
84856L,LARGE TAHITI BEACH BAG,238,1492.28,7.748271604938272,2009-12-17,2011-03-18,81,3,3.606060606060606,0.0,0.5207877461706784,212.0,0.0,212.0,457
84856S,SMALL TAHITI BEACH BAG,467,1877.21,4.978787878787879,2009-12-14,2011-03-30,33,3,16.103448275862068,0.0021321961620469083,0.989406779661017,469.0,1.0,468.0,472
84857A,SILVER MONTE CARLO HANDBAG,8,68.0,8.5,2010-02-03,2010-05-21,3,1,2.6666666666666665,0.0,0.07407407407407407,7.0,0.0,7.0,108
84857B,BLUE MONTE CARLO HANDBAG,24,46.8,1.95,2011-07-21,2011-07-21,1,1,24.0,0.045454545454545456,24.0,44.0,2.0,42.0,1
84857C,PINK MONTE CARLO HANDBAG,197,445.03,4.375294117647059,2010-06-16,2011-07-04,17,2,13.133333333333333,0.005076142131979695,0.5130208333333334,197.0,1.0,196.0,384
84858A,NATURAL RIVIERA HANDBAG,53,128.83,6.135,2009-12-04,2010-09-15,8,1,6.625,-0.0,0.1853146853146853,-52.0,0.0,-52.0,286
84858B,BLUE RIVIERA HANDBAG,326,431.0,2.816666666666667,2010-04-28,2010-06-02,9,1,46.57142857142857,0.0,9.055555555555555,312.0,0.0,312.0,36
84858C,PINK RIVIERA HANDBAG,347,611.0699999999999,5.593999999999999,2009-12-18,2011-04-13,30,1,12.392857142857142,0.0,0.7199170124481328,383.0,0.0,383.0,482
84859A,SILVER DISCO HANDBAG,293,613.53,3.3916666666666666,2009-12-11,2011-12-08,58,3,5.425925925925926,0.0,0.4024725274725275,293.0,0.0,293.0,728
84859B,BLUE DISCO HANDBAG,282,433.46,2.8922222222222222,2010-02-03,2011-12-08,18,1,15.666666666666666,0.0,0.41839762611275966,283.0,0.0,283.0,674
84859C,PINK DISCO HANDBAG,304,552.72,3.041,2009-12-11,2011-12-05,39,3,8.685714285714285,0.0,0.4193103448275862,151.0,0.0,151.0,725
84864A,PINK PAISLEY PHOTO ALBUM,7,67.71000000000001,8.455,2010-02-08,2010-08-19,4,1,1.75,0.0,0.03626943005181347,1.0,0.0,1.0,193
84867A,PINK BABY GIRLS PHOTO ALBUM,16,105.82000000000001,8.355,2010-01-07,2010-03-09,4,3,5.333333333333333,-0.0,0.25806451612903225,-13.0,0.0,-13.0,62
84867a,PINK BABY GIRLS PHOTO ALBUM,1,13.57,13.57,2010-05-05,2010-05-05,1,1,1.0,0.0,1.0,1.0,0.0,1.0,1
84867b,BLUE BABY BOY'S PHOTO ALBUM,2,27.14,13.57,2010-01-25,2010-01-25,1,1,2.0,0.0,2.0,2.0,0.0,2.0,1
84868A,PINK BABY GIRL'S MEMORY BOX,2,13.9,6.95,2010-01-26,2010-01-31,2,1,1.0,-0.0,0.3333333333333333,-11.0,0.0,-11.0,6
84868B,BLUE BABY BOY'S MEMORY BOX,5,34.75,6.95,2010-01-26,2010-05-09,4,1,1.25,-0.3333333333333333,0.04807692307692308,-6.0,2.0,-8.0,104
84870B,BLUE GEISHA GIRL ,90,322.61,3.658,2009-12-07,2011-11-24,40,5,2.3684210526315788,0.010416666666666666,0.12534818941504178,96.0,1.0,95.0,718
84870C,GREEN GEISHA GIRL ,93,330.36,3.4463414634146345,2009-12-14,2011-10-30,41,5,2.5833333333333335,0.0,0.13556851311953352,99.0,0.0,99.0,686
84872A,TEATIME FUNKY FLOWER BACKPACK FOR 2,177,1983.54,11.30343137254902,2010-03-05,2011-07-26,102,1,2.4246575342465753,0.0,0.3477406679764244,153.0,0.0,153.0,509
84872a,TEATIME FUNKY FLOWER BACKPACK FOR 2,58,636.47,10.975333333333333,2009-12-01,2011-04-26,45,1,2.6363636363636362,0.0,0.11328125,64.0,0.0,64.0,512
84873A,FUNKY FLOWER PICNIC BAG FOR 4,32,394.15,13.243749999999999,2010-03-05,2011-06-01,16,1,2.4615384615384617,0.0,0.07048458149779736,31.0,0.0,31.0,454
84873a,FUNKY FLOWER PICNIC BAG FOR 4,88,973.36,11.064745762711864,2009-12-01,2010-06-04,59,1,8.0,0.0,0.4731182795698925,88.0,0.0,88.0,186
84874B,BLUE TRAVEL FIRST AID KIT,86,141.76,1.6462162162162162,2009-12-02,2011-08-02,36,3,2.5294117647058822,0.0,0.1412151067323481,78.0,0.0,78.0,609
84875A,PINK SQUARE COMPACT MIRROR,16,60.0,3.75,2009-12-02,2010-11-30,12,1,1.3333333333333333,-0.0,0.04395604395604396,-29.0,0.0,-29.0,364
84875B,GREEN SQUARE COMPACT MIRROR,373,511.01,1.9637499999999999,2010-04-18,2011-12-06,40,2,15.541666666666666,0.0,0.6237458193979933,359.0,0.0,359.0,598
84875D,BLUE SQUARE COMPACT MIRROR,371,483.75,1.722972972972973,2009-12-03,2011-09-23,37,1,17.666666666666668,0.0,0.5621212121212121,494.0,0.0,494.0,660
84876B,GREEN HEART COMPACT MIRROR,344,488.31,2.4007317073170733,2009-12-10,2011-11-30,40,2,9.297297297297296,0.0,0.47711511789181693,353.0,0.0,353.0,721
84876C,SILVER HEART COMPACT MIRROR,7,26.25,3.75,2009-12-13,2010-03-07,4,1,2.3333333333333335,-0.09090909090909091,0.08235294117647059,-11.0,1.0,-12.0,85
84876D,BLUE HEART COMPACT MIRROR,331,600.52,3.5862857142857143,2009-12-16,2011-09-11,35,1,10.34375,0.041916167664670656,0.521259842519685,334.0,14.0,320.0,635
84877A,PINK ROUND COMPACT MIRROR,74,185.66,3.401764705882353,2009-12-17,2011-06-13,17,2,4.352941176470588,0.0,0.13602941176470587,31.0,0.0,31.0,544
84877B,GREEN ROUND COMPACT MIRROR,291,504.43,2.682093023255814,2009-12-01,2011-11-30,43,3,7.275,0.007575757575757576,0.39863013698630134,264.0,2.0,262.0,730
84877D,BLUE ROUND COMPACT MIRROR,160,371.84999999999997,2.9727906976744185,2009-12-09,2011-09-25,43,3,4.2105263157894735,-0.0,0.24390243902439024,-36.0,0.0,-36.0,656
84884A,ANT WHITE WIRE HEART SPIRAL,1708,6248.28,4.5332371794871795,2009-12-01,2011-12-06,312,4,7.237288135593221,0.0005807200929152149,2.3206521739130435,1722.0,1.0,1721.0,736
84884a,ANT WHITE WIRE HEART SPIRAL,49,410.89,8.37742857142857,2010-02-19,2011-12-07,35,1,1.6896551724137931,0.0,0.0745814307458143,56.0,0.0,56.0,657
84891B,GREEN WIRE GOBLET CANDLEHOLDER,11,87.45,7.95,2010-05-30,2010-11-18,6,1,2.2,0.0,0.06358381502890173,24.0,0.0,24.0,173
84898F,YELLOW FLOWERS FELT HANDBAG KIT,165,352.75,2.1796153846153845,2009-12-01,2011-03-24,52,4,3.75,0.0,0.3444676409185804,122.0,0.0,122.0,479
84899E,YELLOW + BROWN BEAR FELT PURSE KIT,53,73.93,1.6157142857142857,2009-12-01,2010-05-06,21,2,2.9444444444444446,0.037037037037037035,0.3375796178343949,27.0,1.0,26.0,157
84899F,YELLOW PURPLE DAISY FELT PURSE KIT,121,192.17,1.899811320754717,2009-12-01,2010-11-26,53,2,2.630434782608696,0.0,0.33518005540166207,67.0,0.0,67.0,361
84908A,PINK 5 PATCH FLOWER CUSHION COVER ,432,1045.16,5.822222222222222,2010-02-07,2010-11-12,36,1,12.705882352941176,0.002564102564102564,1.5483870967741935,390.0,1.0,389.0,279
84908B,BLUE 5 PATCH FLOWER CUSHION COVER,435,1052.29,5.516857142857143,2010-03-02,2010-11-18,35,1,13.59375,0.0,1.6603053435114503,382.0,0.0,382.0,262
84909A,PINK PAISLEY QUILT ,209,2797.55,17.176666666666666,2009-12-09,2010-03-24,30,2,14.928571428571429,0.0,1.971698113207547,194.0,0.0,194.0,106
84910A,PINK PAISLEY CUSHION COVER ,432,1230.39,6.489433962264151,2009-12-01,2011-07-20,53,2,8.470588235294118,0.03110047846889952,0.7236180904522613,418.0,13.0,405.0,597
84912A,PINK ROSE WASHBAG,1094,2996.44,3.620258620689655,2009-12-03,2011-09-22,231,7,6.0777777777777775,0.0,1.660091047040971,1169.0,0.0,1169.0,659
84912B,GREEN ROSE WASHBAG,1125,3072.64,3.5072030651340995,2009-12-01,2011-12-05,259,7,5.653266331658291,0.0,1.530612244897959,1042.0,0.0,1042.0,735
84912a,PINK ROSE WASHBAG,2,15.56,7.78,2009-12-22,2009-12-22,1,1,2.0,0.0,2.0,2.0,0.0,2.0,1
84913A,SOFT PINK ROSE TOWEL ,608,2211.54,3.6103759398496242,2009-12-09,2011-11-07,266,6,3.117948717948718,0.0,0.8698140200286123,554.0,0.0,554.0,699
84913B,MINT GREEN ROSE TOWEL,420,1593.29,3.6969,2009-12-02,2011-12-02,200,7,2.727272727272727,0.0022624434389140274,0.5745554035567716,442.0,1.0,441.0,731
84914A,PINK ROSE PICNIC RUG,6,155.7,25.95,2010-05-05,2010-06-09,5,1,1.2,0.0,0.16666666666666666,12.0,0.0,12.0,36
84924A,WAKE UP COCKEREL CALENDAR SIGN ,133,571.0,4.855483870967742,2009-12-04,2011-12-02,62,3,2.418181818181818,0.0,0.18244170096021947,139.0,0.0,139.0,729
84924D,LA PALMIERA METAL SIGN CALENDAR,764,272.61,3.7993333333333337,2009-12-04,2010-11-11,15,2,50.93333333333333,0.0,2.227405247813411,1131.0,0.0,1131.0,343
84924F,PSYCHEDELIC METAL SIGN CALENDAR,975,274.55,2.952,2009-12-22,2011-07-29,10,2,97.5,0.4994797086368366,1.6666666666666667,961.0,480.0,481.0,585
84925A,WAKE UP COCKEREL WALL THERMOMETER,179,339.28999999999996,2.808235294117647,2009-12-02,2010-03-28,17,1,10.529411764705882,0.0,1.5299145299145298,157.0,0.0,157.0,117
84925C,FAIRY CAKES  WALL THERMOMETER,28,71.39999999999999,2.55,2009-12-02,2010-05-11,10,1,2.8,-0.0,0.17391304347826086,-1.0,0.0,-1.0,161
84925D,LA PALMIERA WALL THERMOMETER,452,677.45,2.321153846153846,2009-12-07,2011-06-23,26,2,17.384615384615383,7.914893617021277,0.8014184397163121,47.0,372.0,-325.0,564
84925E,FLOWERS WALL THERMOMETER,75,130.04999999999998,2.2666666666666666,2009-12-02,2010-01-12,3,1,25.0,0.0,1.7857142857142858,58.0,0.0,58.0,42
84925F,PSYCHEDELIC WALL THERMOMETER,714,873.11,2.2376470588235295,2010-01-12,2011-07-31,34,2,21.0,0.0,1.2614840989399294,577.0,0.0,577.0,566
84926A,WAKE UP COCKEREL TILE COASTER,664,293.08,0.9750980392156862,2010-03-03,2011-12-01,51,3,13.551020408163266,0.0,1.0391236306729263,673.0,0.0,673.0,639
84926B,SCOTTS ROSES TILE COASTER,54,67.5,1.25,2009-12-02,2010-04-18,10,1,6.0,0.0,0.391304347826087,68.0,0.0,68.0,138
84926C,FAIRY CAKES TILE COASTER,138,189.6,1.7590322580645161,2009-12-01,2010-08-05,31,3,6.2727272727272725,0.06315789473684211,0.5564516129032258,95.0,6.0,89.0,248
84926D,LA PALMIERA TILE COASTER,773,365.34999999999997,1.0852083333333333,2009-12-04,2011-12-07,47,4,17.177777777777777,0.0,1.053133514986376,777.0,0.0,777.0,734
84926E,FLOWERS TILE COASTER,1081,471.57,0.7690384615384616,2009-12-04,2011-12-06,52,2,23.5,0.0,1.474761255115962,1108.0,0.0,1108.0,733
84926F,PSYCHEDELIC TILE COASTER,484,277.9,1.4188095238095237,2009-12-04,2011-12-06,42,2,12.1,0.049484536082474224,0.660300136425648,485.0,24.0,461.0,733
84927A,WAKE UP COCKEREL TILE HOOK,226,157.61,2.222727272727273,2010-02-03,2011-08-09,33,3,6.848484848484849,0.36585365853658536,0.40867992766726946,205.0,75.0,130.0,553
84927D,LA PALMIERA TILE HOOK,953,211.29000000000002,1.762857142857143,2010-04-18,2011-07-25,28,4,35.2962962962963,0.4559748427672956,2.0538793103448274,954.0,435.0,519.0,464
84927E,FLOWERS TILE HOOK,494,224.31,2.0863333333333336,2010-02-02,2011-07-18,29,3,17.03448275862069,0.3943089430894309,0.9285714285714286,492.0,194.0,298.0,532
84927F,PSYCHEDELIC TILE HOOK,335,273.32,1.60390625,2009-12-16,2011-12-07,62,3,5.583333333333333,0.017857142857142856,0.46398891966759004,336.0,6.0,330.0,722
84931A,PINK SCOTTIE DOG W FLOWER PATTERN,204,513.6899999999999,2.7070731707317073,2009-12-01,2011-11-30,82,4,2.7945205479452055,0.0,0.27945205479452057,209.0,0.0,209.0,730
84931B,BLUE SCOTTIE DOG W FLOWER PATTERN,274,688.7299999999999,2.6616867469879515,2009-12-14,2011-12-05,83,4,3.7534246575342465,0.010752688172043012,0.37950138504155123,279.0,3.0,276.0,722
84932A,SMALL GREEN PEONY FOLDING STOOL,262,602.6,3.860416666666667,2009-12-04,2010-06-14,24,7,11.391304347826088,0.0,1.3575129533678756,223.0,0.0,223.0,193
84932B,SMALL PINK PEONY FOLDING STOOL,189,401.3,3.105882352941176,2009-12-04,2010-04-26,17,5,11.8125,0.0,1.3125,172.0,0.0,172.0,144
84932C,SMALL ORIENTAL BLUE FOLDING STOOL,282,615.4,3.105882352941176,2009-12-04,2010-06-30,34,8,9.4,0.004016064257028112,1.3492822966507176,249.0,1.0,248.0,209
84932D,SMALL ORIENTAL RED FOLDING STOOL,239,574.71,4.629047619047619,2009-12-04,2010-04-20,21,5,13.277777777777779,0.0,1.7318840579710144,223.0,0.0,223.0,138
84933A,LARGE GREEN PEONY FOLDING STOOL,131,314.35,4.716666666666666,2009-12-01,2010-02-01,6,3,21.833333333333332,0.0,2.0793650793650795,129.0,0.0,129.0,63
84933B,LARGE PINK PEONY FOLDING STOOL,136,309.15000000000003,3.408333333333333,2009-12-01,2010-01-22,6,3,27.2,0.0,2.5660377358490565,128.0,0.0,128.0,53
84933C,LARGE BLUE ORIENTAL FOLDING STOOL,136,317.0,4.716666666666667,2009-12-04,2010-01-22,6,2,27.2,0.0,2.72,140.0,0.0,140.0,50
84951A,S/4 PISTACHIO LOVEBIRD COASTERS,622,848.76,2.1285925925925926,2009-12-01,2011-12-05,135,2,6.158415841584159,0.038461538461538464,0.8462585034013606,624.0,24.0,600.0,735
84951B,S/4 BLACK LOVEBIRD COASTERS,565,802.73,2.0461157024793386,2009-12-10,2011-12-08,120,2,6.494252873563219,0.0,0.7750342935528121,565.0,0.0,565.0,729
84951b,S/4 BLACK LOVEBIRD COASTERS,10,51.26,5.104,2009-12-01,2010-03-05,5,1,2.5,0.0,0.10526315789473684,10.0,0.0,10.0,95
84952A,CLEAR LOVE BIRD T-LIGHT HOLDER,148,392.53,3.135897435897436,2009-12-06,2011-11-14,39,2,4.228571428571429,0.0,0.20874471086036672,167.0,0.0,167.0,709
84952B,BLACK LOVE BIRD T-LIGHT HOLDER,364,615.49,3.0925,2009-12-01,2011-12-06,44,2,10.11111111111111,0.00702576112412178,0.4945652173913043,427.0,3.0,424.0,736
84952C,MIRROR LOVE BIRD T-LIGHT HOLDER,374,705.01,3.347674418604651,2009-12-02,2011-10-11,42,1,11.0,0.0,0.5508100147275405,375.0,0.0,375.0,679
84963A,PINK PAINTED KASHMIRI CHAIR,23,763.35,41.738888888888894,2010-02-02,2010-12-05,9,2,2.5555555555555554,0.0,0.0749185667752443,25.0,0.0,25.0,307
84963B,BLUE PAINTED KASHMIRI CHAIR,18,591.5,42.958333333333336,2010-05-19,2011-08-04,6,1,3.0,0.0,0.040632054176072234,18.0,0.0,18.0,443
84964A,PINK PAINTED KASHMIRI TABLE,11,630.0,45.0,2010-02-22,2010-11-02,2,1,5.5,0.0,0.04330708661417323,7.0,0.0,7.0,254
84964B,BLUE PAINTED KASHMIRI TABLE ,17,990.0,45.0,2010-02-22,2010-11-02,2,1,8.5,0.0,0.06692913385826772,14.0,0.0,14.0,254
84965A,PINK KASHMIRI COFFEE TABLE ,20,1050.0,40.0,2010-02-22,2010-11-02,3,1,6.666666666666667,0.0,0.07874015748031496,18.0,0.0,18.0,254
84965B,BLUE KASHMIRI COFFEE TABLE ,27,1359.95,62.4875,2010-02-22,2010-11-02,4,1,6.75,0.0,0.1062992125984252,25.0,0.0,25.0,254
84966A,PINK KASHMIRI BOXED MIRROR,13,225.95,25.4875,2010-01-19,2010-11-02,4,1,3.25,-0.0,0.04513888888888889,-20.0,0.0,-20.0,288
84966B,BLUE KASHMIRI BOXED MIRROR,33,428.0,16.0,2010-01-19,2010-11-02,4,1,8.25,0.0,0.11458333333333333,22.0,0.0,22.0,288
84966C,GREEN KASHMIRI BOXED MIRROR,23,276.0,12.0,2010-09-03,2010-11-02,2,1,11.5,0.0,0.3770491803278688,34.0,0.0,34.0,61
84967A,PINK KASHMIRI OCCASIONAL TABLE,3,174.9,58.300000000000004,2010-02-02,2010-10-24,3,1,1.0,1.0,0.011320754716981131,1.0,1.0,0.0,265
84967B,BLUE KASHMIRI OCCASIONAL TABLE,24,1249.45,65.87272727272727,2010-01-06,2010-11-02,11,1,2.1818181818181817,0.13636363636363635,0.07973421926910298,22.0,3.0,19.0,301
84967C,GREEN KASHMIRI OCCASIONAL TABLE,9,419.85,67.4625,2010-05-19,2010-10-11,4,1,2.25,0.0,0.06164383561643835,2.0,0.0,2.0,146
84968A,S/16 VINTAGE ROSE CUTLERY,529,6538.08,14.126097560975609,2009-12-03,2011-12-04,204,7,3.4802631578947367,0.06378986866791744,0.7226775956284153,533.0,34.0,499.0,732
84968B,S/16 VINTAGE IVORY CUTLERY,428,5681.41,14.866148148148147,2009-12-01,2011-04-06,135,5,4.6521739130434785,0.007352941176470588,0.8699186991869918,136.0,1.0,135.0,492
84968C,S/16 VINTAGE PISTACHIO CUTLERY,637,7629.25,14.947083333333333,2009-12-01,2011-11-23,191,8,4.333333333333333,0.006211180124223602,0.8810511756569848,644.0,4.0,640.0,723
84968D,S/16 VINTAGE RED CUTLERY,472,5393.71,13.328113207547169,2009-12-08,2011-12-08,106,8,5.552941176470588,0.0014534883720930232,0.6456908344733242,688.0,1.0,687.0,731
84968E,S/16 VINTAGE BLACK CUTLERY,387,4490.48,12.587448979591835,2009-12-02,2011-12-07,98,5,4.777777777777778,0.012539184952978056,0.5258152173913043,319.0,4.0,315.0,736
84968F,S/16 VINTAGE SKY BLUE CUTLERY,298,3571.77,13.317557251908397,2009-12-01,2011-11-13,131,9,3.0721649484536084,0.0,0.4179523141654979,261.0,0.0,261.0,713
84968a,S/16 VINTAGE ROSE CUTLERY,6,150.82,25.225,2010-07-07,2011-10-31,4,1,1.5,0.0,0.012448132780082987,7.0,0.0,7.0,482
84968b,S/16 VINTAGE IVORY CUTLERY,2,50.98,25.49,2010-07-30,2010-11-01,2,1,1.0,0.0,0.021052631578947368,2.0,0.0,2.0,95
84968d,S/16 VINTAGE RED CUTLERY,4,100.37,25.0925,2010-06-08,2011-10-04,4,1,1.0,0.0,0.008264462809917356,4.0,0.0,4.0,484
84968e,S/16 VINTAGE BLACK CUTLERY,16,404.13,25.286153846153844,2010-06-08,2011-12-09,13,1,1.3333333333333333,0.0,0.02909090909090909,17.0,0.0,17.0,550
84968f,SET OF 16 VINTAGE SKY BLUE CUTLERY,2,50.98,25.49,2010-10-04,2010-12-21,2,1,1.0,0.0,0.02531645569620253,2.0,0.0,2.0,79
84970L,SINGLE HEART ZINC T-LIGHT HOLDER,17400,17177.039999999997,1.243974241030359,2009-12-01,2011-12-09,1080,16,36.70886075949367,0.002044873615450156,23.54533152909337,17605.0,36.0,17569.0,739
84970S,HANGING HEART ZINC T-LIGHT HOLDER,26444,21794.26,1.090320781032078,2009-12-01,2011-12-09,1425,17,50.853846153846156,0.004656534048576963,35.783491204330176,26844.0,125.0,26719.0,739
84970l,SINGLE HEART ZINC T-LIGHT HOLDER,233,487.14,2.0984615384615384,2010-05-26,2011-12-07,65,1,4.957446808510638,0.0,0.41532976827094475,247.0,0.0,247.0,561
84970s,HANGING HEART ZINC T-LIGHT HOLDER,373,784.04,2.1014285714285714,2010-06-04,2011-12-09,98,1,5.828125,0.0,0.6732851985559567,387.0,0.0,387.0,554
84971L,LARGE HEART FLOWERS HOOK   ,585,723.51,1.5720338983050848,2009-12-01,2010-04-07,58,2,14.268292682926829,0.05186721991701245,4.5703125,482.0,25.0,457.0,128
84971S,SMALL HEART FLOWERS HOOK ,6489,5493.3099999999995,1.077489270386266,2009-12-02,2011-12-09,459,8,20.6,0.00032615786040443573,8.792682926829269,6132.0,2.0,6130.0,738
84971l,LARGE HEART FLOWERS HOOK   ,2,4.92,2.46,2011-11-25,2011-11-25,1,1,2.0,0.0,2.0,2.0,0.0,2.0,1
84971s,SMALL HEART FLOWERS HOOK ,6,9.959999999999999,1.66,2010-05-26,2010-10-28,3,1,2.0,0.0,0.038461538461538464,6.0,0.0,6.0,156
84972L,GIANT PINK HEART MEMO HOLDER,117,462.15000000000003,3.95,2009-12-09,2010-07-14,46,1,3.774193548387097,0.0,0.536697247706422,234.0,0.0,234.0,218
84984A,GREEN PEONY DES C/COVER,266,462.12,4.474705882352942,2010-01-08,2011-11-08,17,3,16.625,0.007518796992481203,0.3970149253731343,266.0,2.0,264.0,670
84984B,RED PEONY DES C/COVER ,322,541.3,4.2,2010-01-08,2011-11-08,16,2,20.125,0.005089058524173028,0.48059701492537316,393.0,2.0,391.0,670
84984C,ORIENTAL BLUE C/COVER ,232,401.16,5.83375,2009-12-09,2010-11-14,16,2,14.5,0.0,0.6803519061583577,224.0,0.0,224.0,341
84984D,ORIENTAL RED C/COVER ,159,404.91,6.063333333333334,2009-12-01,2011-11-08,21,3,7.95,0.0,0.2245762711864407,159.0,0.0,159.0,708
84985A,SET OF 72 GREEN PAPER DOILIES,644,1018.13,1.7670322580645161,2009-12-01,2011-03-01,153,8,5.366666666666666,0.008488964346349746,1.412280701754386,589.0,5.0,584.0,456
84985B,SET OF 72 BLACK PAPER DOILIES ,128,194.95999999999998,1.77625,2009-12-01,2010-03-07,24,3,5.565217391304348,0.0,1.3195876288659794,101.0,0.0,101.0,97
84985a,SET OF 72 GREEN PAPER DOILIES,10,29.8,2.98,2010-06-24,2010-11-17,8,1,1.25,0.0,0.06802721088435375,10.0,0.0,10.0,147
84985b,SET OF 72 BLACK PAPER DOILIES ,1,2.98,2.98,2010-05-26,2010-05-26,1,1,1.0,0.0,1.0,1.0,0.0,1.0,1
84986B,SET OF 36 SILVER PAPER DOILIES,432,639.06,1.5328947368421053,2009-12-01,2010-10-13,75,6,7.8545454545454545,0.0,1.362776025236593,502.0,0.0,502.0,317
84986b,SET OF 36 SILVER PAPER DOILIES,6,17.88,2.98,2010-05-26,2010-08-06,5,1,1.2,0.0,0.0821917808219178,6.0,0.0,6.0,73
84989A,75 GREEN FAIRY CAKE CASES,2120,1093.42,0.6855483870967742,2009-12-02,2011-12-05,152,6,16.96,0.0019212295869356388,2.888283378746594,2082.0,4.0,2078.0,734
84989B,75 BLACK FAIRY CAKE CASES,1009,510.15000000000003,0.6828070175438596,2009-12-03,2010-08-08,57,3,21.020833333333332,0.0,4.052208835341365,907.0,0.0,907.0,249
84989a,75 GREEN FAIRY CAKE CASES,74,150.57,2.020243902439024,2010-06-04,2011-08-24,41,1,1.8974358974358974,0.0,0.16554809843400448,75.0,0.0,75.0,447
84989b,75 BLACK FAIRY CAKE CASES,10,12.8,1.28,2010-01-25,2010-06-24,6,1,2.5,0.0,0.06622516556291391,10.0,0.0,10.0,151
84993A,75 GREEN PETIT FOUR CASES,1471,648.61,0.5324719101123595,2009-12-03,2011-12-09,177,5,9.741721854304636,0.0,1.9959294436906376,1498.0,0.0,1498.0,737
84993B,75 BLACK PETIT FOUR CASES,551,243.66,0.4597674418604651,2009-12-03,2011-08-08,86,3,7.25,0.0,0.8973941368078175,418.0,0.0,418.0,614
84993a,75 GREEN PETIT FOUR CASES,51,42.71,0.8373333333333333,2010-01-25,2011-12-05,30,1,1.8214285714285714,0.0,0.075,51.0,0.0,51.0,680
84993b,75 BLACK PETIT FOUR CASES,20,16.99,0.8492307692307691,2010-01-25,2010-04-26,13,1,3.3333333333333335,0.0,0.21739130434782608,20.0,0.0,20.0,92
84997A,GREEN 3 PIECE MINI DOTS CUTLERY SET,5185,19400.7,4.135699831365937,2009-12-01,2011-12-09,589,20,15.028985507246377,0.00522508038585209,7.016238159675237,4976.0,26.0,4950.0,739
84997B,RED 3 PIECE MINI DOTS CUTLERY SET,9257,34488.07,4.078661493695441,2009-12-01,2011-12-09,1019,24,19.86480686695279,0.011610566680869195,12.52638700947226,9388.0,109.0,9279.0,739
84997C,BLUE 3 PIECE MINI DOTS CUTLERY SET,8798,32740.36,4.027962577962578,2009-12-01,2011-12-09,951,27,19.25164113785558,0.011324470704086657,11.905277401894452,8124.0,92.0,8032.0,739
84997D,PINK 3 PIECE MINI DOTS CUTLERY SET,10653,39875.14,4.148321234119782,2009-12-01,2011-12-09,1085,27,22.380252100840337,0.0053475935828877,14.415426251691475,10285.0,55.0,10230.0,739
84997a,GREEN 3 PIECE MINI DOTS CUTLERY SET,178,1481.78,8.262592592592592,2010-04-26,2011-12-09,81,1,3.0689655172413794,0.0,0.30016863406408095,178.0,0.0,178.0,593
84997b,RED 3 PIECE MINI DOTS CUTLERY SET,514,4322.57,8.549431818181818,2010-06-24,2011-12-09,85,1,6.345679012345679,0.0,0.9625468164794008,539.0,0.0,539.0,534
84997c,BLUE 3 PIECE MINI DOTS CUTLERY SET,353,2958.87,8.569240506329113,2010-08-31,2011-12-09,75,1,4.706666666666667,0.0,0.7575107296137339,356.0,0.0,356.0,466
84997d,PINK 3 PIECE MINI DOTS CUTLERY SET,371,3097.3799999999997,8.420833333333333,2010-02-19,2011-12-09,82,1,4.6375,0.0,0.5629742033383915,390.0,0.0,390.0,659
85014A,BLACK/BLUE DOTS RUFFLED UMBRELLA,4623,21797.58,6.32365889212828,2009-12-01,2011-12-06,684,16,12.42741935483871,0.0017148981779206859,6.28125,4665.0,8.0,4657.0,736
85014B,RED/WHITE DOTS RUFFLED UMBRELLA,6155,30776.58,6.667955555555555,2009-12-01,2011-12-09,900,19,14.585308056872037,0.0029022895840051595,8.328822733423545,6202.0,18.0,6184.0,739
85014C,BLUE/BROWN DOTS RUFFLED UMBRELLA,547,2270.73,6.527916666666666,2009-12-01,2010-06-11,72,3,12.155555555555555,0.768,2.8341968911917097,250.0,192.0,58.0,193
85014D,PINK/BROWN DOTS RUFFLED UMBRELLA,1918,6664.45,6.064444444444446,2009-12-01,2010-03-29,90,10,39.958333333333336,0.0,16.11764705882353,1891.0,0.0,1891.0,119
85014a,BLACK/BLUE DOTS RUFFLED UMBRELLA,33,416.12,12.617857142857144,2010-06-24,2011-11-29,28,1,1.32,0.0,0.06297709923664122,37.0,0.0,37.0,524
85014b,RED/WHITE DOTS RUFFLED UMBRELLA,39,491.42,12.586857142857143,2009-12-01,2011-12-08,35,1,1.3448275862068966,0.0,0.052845528455284556,45.0,0.0,45.0,738
85017A,ENVELOPE 50 ROMANTIC IMAGES,1157,792.15,0.8269142857142857,2009-12-01,2011-04-03,174,9,9.330645161290322,0.0,2.366053169734151,510.0,0.0,510.0,489
85017B,ENVELOPE 50 BLOSSOM IMAGES,2231,1390.3899999999999,0.7516981132075471,2009-12-02,2011-11-08,317,16,9.493617021276595,0.005847953216374269,3.1555869872701554,2052.0,12.0,2040.0,707
85017C,ENVELOPE 50 CURIOUS IMAGES,1087,719.67,0.8070247933884298,2009-12-01,2011-05-12,119,10,11.688172043010752,0.7519582245430809,2.058712121212121,383.0,288.0,95.0,528
85018A,S/6 PAPER BOXES ROMANTIC IMAGES,15,63.75,4.25,2009-12-16,2010-08-13,10,1,1.5,0.0,0.06224066390041494,8.0,0.0,8.0,241
85018B,S/6 PAPER BOXES BLOSSOM IMAGES ,15,63.75,4.25,2009-12-16,2010-11-03,10,1,1.5,0.0,0.04643962848297214,13.0,0.0,13.0,323
85018C,S/6 PAPER BOXES CURIOUS IMAGES ,36,127.2,4.035,2009-12-09,2010-11-24,4,1,9.0,0.0,0.10256410256410256,47.0,0.0,47.0,351
85018D,YULETIDE IMAGES S/6 PAPER BOXES,787,969.9,2.195125,2009-12-02,2011-01-14,80,3,15.74,0.026282853566958697,1.924205378973105,799.0,21.0,778.0,409
85019A,ROMANTIC IMAGES NOTEBOOK SET,647,915.04,2.6844897959183673,2010-01-05,2011-12-08,49,1,13.479166666666666,0.03686635944700461,0.9203413940256046,651.0,24.0,627.0,703
85019B,BLOSSOM  IMAGES NOTEBOOK SET,718,982.47,2.304255319148936,2010-03-18,2011-12-08,47,7,15.955555555555556,0.03274215552523874,1.1378763866877972,733.0,24.0,709.0,631
85019C,CURIOUS  IMAGES NOTEBOOK SET,423,651.19,3.3876,2009-12-04,2011-06-09,25,3,16.92,0.11320754716981132,0.7649186256781193,318.0,36.0,282.0,553
85023A,CRYSTAL LARGE JEWELLED PHOTO FRAME,22,56.099999999999994,2.55,2009-12-04,2010-04-19,10,1,2.4444444444444446,0.038461538461538464,0.16058394160583941,26.0,1.0,25.0,137
85023B,EAU DE NILE JEWELLED PHOTOFRAME,293,682.35,2.526315789473684,2009-12-03,2011-12-05,38,4,7.918918918918919,0.2525597269624573,0.39972714870395637,293.0,74.0,219.0,733
85023C,PINK LARGE JEWELED PHOTOFRAME,23,58.65,2.55,2010-01-18,2010-06-06,11,1,2.3,0.0625,0.16428571428571428,16.0,1.0,15.0,140
85024A,CRYSTAL SMALL JEWELLED PHOTOFRAME,1,1.65,1.65,2009-12-04,2009-12-04,1,1,1.0,0.0,1.0,1.0,0.0,1.0,1
85024B,EAU DE NILE JEWELLED PHOTOFRAME,218,330.9,1.6404761904761902,2010-01-19,2011-12-05,20,3,10.9,0.0,0.3177842565597668,794.0,0.0,794.0,686
85024C,PINK SMALL JEWELLED PHOTOFRAME,99,163.35,1.65,2009-12-04,2011-11-22,42,1,2.4146341463414633,0.01,0.1376912378303199,100.0,1.0,99.0,719
85025B,EAU DE NILE HEART SHAPE PHOTO FRAME,570,985.3999999999999,2.1439795918367346,2009-12-07,2011-12-08,95,3,6.551724137931035,0.006956521739130435,0.7786885245901639,575.0,4.0,571.0,732
85025C,PINK HEART SHAPE PHOTO FRAME,720,1285.9099999999999,2.0527777777777776,2009-12-02,2011-08-24,125,2,6.666666666666667,0.003110419906687403,1.1410459587955626,643.0,2.0,641.0,631
85026B,EAU DE NILE JEWELLED T-LIGHT HOLDER,300,367.55,1.1020689655172413,2009-12-01,2011-12-08,29,1,10.344827586206897,0.024390243902439025,0.4065040650406504,410.0,10.0,400.0,738
85027L,FRENCH CHATEAU LARGE PLATTER ,190,538.5,4.65,2010-01-17,2011-04-19,40,7,5.277777777777778,0.1708542713567839,0.4148471615720524,199.0,34.0,165.0,458
85028L,FRENCH CHATEAU LARGE FRUIT BOWL ,271,654.01,5.863333333333333,2009-12-01,2011-04-08,27,3,11.291666666666666,0.09187279151943463,0.548582995951417,283.0,26.0,257.0,494
85028S,FRENCH CHATEAU SMALL FRUITBOWL,430,656.82,3.327058823529412,2009-12-01,2011-04-08,33,4,14.827586206896552,0.08296943231441048,0.8704453441295547,458.0,38.0,420.0,494
85031A,ROMANTIC IMAGES SCRAP BOOK SET,477,943.44,3.543627450980392,2009-12-01,2011-04-13,102,3,5.817073170731708,0.0,0.9559118236472945,468.0,0.0,468.0,499
85031B,BLOSSOM IMAGES SCRAP BOOK SET,496,896.09,3.3798823529411766,2009-12-01,2010-12-16,85,3,7.402985074626866,0.0,1.3018372703412073,501.0,0.0,501.0,381
85031C,CURIOUS IMAGES SCRAP BOOK SET,481,1017.48,3.508317757009346,2009-12-01,2010-12-16,106,3,5.865853658536586,0.0,1.26246719160105,485.0,0.0,485.0,381
85032A,ROMANTIC IMAGES GIFT WRAP SET,1441,1323.51,1.273726708074534,2009-12-02,2011-12-08,161,7,12.008333333333333,0.0,1.955223880597015,1448.0,0.0,1448.0,737
85032B,BLOSSOM IMAGES GIFT WRAP SET,982,953.34,1.265657894736842,2010-01-22,2011-12-08,152,8,8.46551724137931,0.0,1.4314868804664722,994.0,0.0,994.0,686
85032C,CURIOUS IMAGES GIFT WRAP SET,886,946.59,1.3662345679012344,2009-12-04,2011-12-09,161,6,7.508474576271187,0.013422818791946308,1.203804347826087,894.0,12.0,882.0,736
85032D,YULETIDE IMAGES GIFT WRAP SET,1148,1327.68,1.3986567164179105,2009-12-02,2011-10-06,133,5,11.366336633663366,0.00880410858400587,1.7032640949554896,1363.0,12.0,1351.0,674
85033G,SET/6 GOLD REINDEER T-LIGHT CANDLES,236,376.05,2.742424242424242,2009-12-01,2010-09-21,32,2,16.857142857142858,0.016304347826086956,0.8,184.0,3.0,181.0,295
85033S,SET/6 SILVER REINDEER T-LIGHTS,258,317.35,1.567,2009-12-01,2010-11-08,49,2,8.89655172413793,0.004219409282700422,0.7521865889212828,237.0,1.0,236.0,343
85034A,3 GARDENIA MORRIS BOXED CANDLES,846,2364.82,3.896338028169014,2009-12-01,2011-11-23,135,4,8.21359223300971,0.01371571072319202,1.170124481327801,802.0,11.0,791.0,723
85034B,3 WHITE CHOC MORRIS BOXED CANDLES,1183,2606.64,3.2954545454545454,2009-12-01,2011-12-08,152,7,11.94949494949495,0.0,1.602981029810298,1195.0,0.0,1195.0,738
85034C,3 ROSE MORRIS BOXED CANDLES,1314,2604.15,2.908627450980392,2009-12-04,2011-12-07,197,6,11.628318584070797,0.017358490566037735,1.7901907356948228,1325.0,23.0,1302.0,734
85034a,3 GARDENIA MORRIS BOXED CANDLES,3,24.869999999999997,8.29,2011-05-23,2011-11-08,3,1,1.0,0.0,0.01764705882352941,3.0,0.0,3.0,170
85034b,3 WHITE CHOC MORRIS BOXED CANDLES,1,8.29,8.29,2011-11-25,2011-11-25,1,1,1.0,0.0,1.0,1.0,0.0,1.0,1
85035A,GARDENIA 3 WICK MORRIS BOXED CANDLE,646,2344.9,4.322417582417582,2009-12-02,2011-10-26,178,8,4.581560283687943,0.056291390728476824,0.930835734870317,604.0,34.0,570.0,694
85035B,CHOCOLATE 3 WICK MORRIS BOX CANDLE,986,2539.29,3.890381679389313,2009-12-06,2011-10-27,131,5,9.30188679245283,0.0,1.426917510853835,963.0,0.0,963.0,691
85035C,ROSE 3 WICK MORRIS BOX CANDLE,1356,2693.85,3.203793103448276,2009-12-02,2011-11-27,197,7,10.351145038167939,0.0022123893805309734,1.8677685950413223,1356.0,3.0,1353.0,726
85035a,GARDENIA 3 WICK MORRIS BOXED CANDLE,3,25.410000000000004,8.47,2010-11-24,2010-12-21,3,1,1.0,0.0,0.10714285714285714,4.0,0.0,4.0,28
85035b,CHOCOLATE 3 WICK MORRIS BOX CANDLE,6,50.82000000000001,8.47,2010-02-19,2010-12-21,6,1,1.2,0.0,0.0196078431372549,6.0,0.0,6.0,306
85035c,ROSE 3 WICK MORRIS BOX CANDLE,2,16.94,8.47,2010-11-24,2010-12-07,2,1,1.0,0.0,0.14285714285714285,3.0,0.0,3.0,14
85036A,GARDENIA 1 WICK MORRIS BOXED CANDLE,619,2389.21,4.130116959064328,2009-12-03,2011-10-31,165,3,4.421428571428572,0.0035971223021582736,0.8868194842406877,556.0,2.0,554.0,698
85036B,CHOCOLATE 1 WICK MORRIS BOX CANDLE,598,1530.1599999999999,3.0740229885057473,2009-12-01,2011-11-17,87,5,8.305555555555555,-0.008633093525179856,0.8340306834030683,-695.0,6.0,-701.0,717
85036C,ROSE 1 WICK MORRIS BOXED CANDLE,878,1629.02,3.032748091603054,2009-12-01,2011-11-23,128,3,8.78,-0.2897897897897898,1.214384508990318,-666.0,193.0,-859.0,723
85036a,GARDENIA 1 WICK MORRIS BOXED CANDLE,2,16.58,8.29,2011-07-12,2011-07-12,1,1,2.0,0.0,2.0,2.0,0.0,2.0,1
85036b,CHOCOLATE 1 WICK MORRIS BOX CANDLE,2,16.94,8.47,2010-10-22,2010-12-03,2,1,1.0,0.0,0.046511627906976744,3.0,0.0,3.0,43
85039A,SET/4 RED MINI ROSE CANDLE IN BOWL,1448,1661.37,1.6358964143426293,2009-12-01,2011-12-09,251,4,7.869565217391305,0.0020463847203274215,1.959404600811908,1466.0,3.0,1463.0,739
85039B,S/4 IVORY MINI ROSE CANDLE IN BOWL,1653,2178.52,1.6629477611940298,2009-12-02,2011-12-09,266,2,8.609375,0.007202881152460984,2.2398373983739837,1666.0,12.0,1654.0,738
85039C,S/4 BLACK MINI ROSE CANDLE IN BOWL,536,516.31,1.7143859649122808,2009-12-03,2011-12-08,114,1,5.36,0.003663003663003663,0.7282608695652174,546.0,2.0,544.0,736
85039a,SET/4 RED MINI ROSE CANDLE IN BOWL,64,212.45,3.318636363636364,2010-02-19,2011-12-08,44,1,1.7777777777777777,0.0,0.0972644376899696,67.0,0.0,67.0,658
85039b,S/4 IVORY MINI ROSE CANDLE IN BOWL,4,13.44,3.36,2010-02-19,2010-02-19,1,1,4.0,0.0,4.0,4.0,0.0,4.0,1
85040A,S/4 PINK FLOWER CANDLES IN BOWL,2065,3639.89,1.9779518072289157,2009-12-03,2011-12-09,400,10,7.4548736462093865,0.021052631578947368,2.801899592944369,2090.0,44.0,2046.0,737
85040B,SET/4 BLUE FLOWER CANDLES IN BOWL,2451,3813.7799999999997,1.7399999999999998,2009-12-01,2011-04-10,252,4,13.17741935483871,0.024235645041014168,4.941532258064516,2682.0,65.0,2617.0,496
85040a,S/4 PINK FLOWER CANDLES IN BOWL,51,169.75,3.3249999999999997,2009-12-01,2011-11-30,34,1,1.7586206896551724,0.0,0.06986301369863014,51.0,0.0,51.0,730
85040b,SET/4 BLUE FLOWER CANDLES IN BOWL,7,23.519999999999996,3.36,2010-04-26,2010-06-24,3,1,2.3333333333333335,0.0,0.11666666666666667,7.0,0.0,7.0,60
85049A,TRADITIONAL CHRISTMAS RIBBONS,6151,8114.78,1.4529264705882352,2009-12-01,2011-12-09,667,11,22.95149253731343,0.00804797222660565,8.3234100135318,6337.0,51.0,6286.0,739
85049B,LUSH GREENS RIBBONS,2126,2653.3,1.3162941176470588,2009-12-01,2011-01-26,338,9,10.270531400966183,0.0,5.037914691943128,2068.0,0.0,2068.0,422
85049C,ROMANTIC PINKS RIBBONS ,2981,3746.29,1.3419056974459724,2009-12-01,2011-12-09,500,16,8.793510324483776,0.00862961684501208,4.03382949932341,2897.0,25.0,2872.0,739
85049D,BRIGHT BLUES RIBBONS ,2330,2922.96,1.320909090909091,2009-12-01,2011-09-28,400,13,9.031007751937985,0.0,3.4932533733133435,2252.0,0.0,2252.0,667
85049E,SCANDINAVIAN REDS RIBBONS,6316,8453.47,1.4771108490566036,2009-12-01,2011-12-09,830,11,16.362694300518136,0.004291845493562232,8.546684709066305,6524.0,28.0,6496.0,739
85049F,BABY BOOM RIBBONS ,2110,2634.0,1.3125078369905956,2009-12-02,2011-09-26,314,15,9.377777777777778,0.012437810945273632,3.177710843373494,2010.0,25.0,1985.0,664
85049G,CHOCOLATE BOX RIBBONS ,3829,4718.62,1.3707633587786259,2009-12-01,2011-12-09,510,12,12.513071895424837,0.012355848434925865,5.181326116373477,3642.0,45.0,3597.0,739
85049H,URBAN BLACK RIBBONS ,2066,2067.18,1.1540828402366863,2009-12-01,2011-12-09,334,11,8.608333333333333,0.0,2.7956698240866036,2076.0,0.0,2076.0,739
85049a,TRADITIONAL CHRISTMAS RIBBONS,434,1451.24,3.3160784313725493,2010-08-13,2011-12-09,51,1,9.644444444444444,0.0,0.8966942148760331,499.0,0.0,499.0,484
85049b,LUSH GREENS RIBBONS,4,9.94,2.4766666666666666,2010-06-24,2011-09-20,3,1,1.3333333333333333,0.0,0.00881057268722467,4.0,0.0,4.0,454
85049c,ROMANTIC PINKS RIBBONS ,1,2.46,2.46,2011-11-23,2011-11-23,1,1,1.0,0.0,1.0,1.0,0.0,1.0,1
85049d,BRIGHT BLUES RIBBONS ,2,4.92,2.46,2011-03-29,2011-05-10,2,1,1.0,0.0,0.046511627906976744,2.0,0.0,2.0,43
85049e,SCANDINAVIAN REDS RIBBONS,268,893.25,3.301311475409836,2010-06-24,2011-12-09,61,1,5.153846153846154,0.0,0.50187265917603,298.0,0.0,298.0,534
85049g,CHOCOLATE BOX RIBBONS ,115,281.44,2.43,2010-11-30,2011-12-09,52,1,2.2115384615384617,0.0,0.30666666666666664,115.0,0.0,115.0,375
85061W,WHITE JEWELLED HEART DECORATION,6306,5451.49,1.0804968944099378,2009-12-01,2011-12-08,469,7,19.892744479495267,0.004132914531327492,8.544715447154472,6049.0,25.0,6024.0,738
85071A,BLUE CHARLIE+LOLA PERSONAL DOORSIGN,1907,1415.69,1.2626845637583894,2009-12-01,2011-12-06,147,7,17.822429906542055,0.0794148380355277,2.5910326086956523,1914.0,152.0,1762.0,736
85071B,RED CHARLIE+LOLA PERSONAL DOORSIGN,2340,1316.48,1.3026347305389223,2009-12-01,2011-12-08,165,5,18.870967741935484,0.0008169934640522876,3.1707317073170733,2448.0,2.0,2446.0,738
85071C,"CHARLIE+LOLA""EXTREMELY BUSY"" SIGN",1285,837.23,1.6756338028169013,2009-12-06,2011-12-09,141,3,11.077586206896552,0.0,1.7506811989100817,1291.0,0.0,1291.0,734
85071D,CHARLIE+LOLA MY ROOM DOOR SIGN,884,548.86,1.2823684210526316,2009-12-01,2011-12-06,112,2,9.608695652173912,0.0,1.201086956521739,890.0,0.0,890.0,736
85086A,CANDY SPOT HEART DECORATION,587,568.73,1.1639869281045752,2009-12-01,2011-08-12,152,4,4.851239669421488,0.0,0.9467741935483871,557.0,0.0,557.0,620
85097B,BLUE ROCKING SINGING CANARY,106,417.17,4.135365853658537,2009-12-02,2010-08-09,40,4,3.212121212121212,0.0967741935483871,0.42231075697211157,124.0,12.0,112.0,251
85098B,BLUE FLYING SINGING CANARY,366,1456.94,4.695043478260869,2009-12-02,2010-11-18,114,7,4.463414634146342,0.14411764705882352,1.0397727272727273,340.0,49.0,291.0,352
85099B,JUMBO BAG RED WHITE SPOTTY ,96757,180569.34,2.330321622958931,2009-12-01,2011-12-09,3989,22,164.27334465195247,0.012552085482074343,130.92963464140732,96956.0,1217.0,95739.0,739
85099C,JUMBO  BAG BAROQUE BLACK WHITE,30640,59057.61,2.408958223162348,2009-12-01,2011-12-09,1868,15,54.714285714285715,0.010016320522256712,41.461434370771315,31249.0,313.0,30936.0,739
85099F,JUMBO BAG STRAWBERRY,36860,67985.77,2.2943027027027028,2009-12-01,2011-12-08,1830,16,67.26277372262774,0.007831525348682753,49.94579945799458,36136.0,283.0,35853.0,738
85099b,JUMBO BAG RED RETROSPOT,419,2111.64,4.89,2010-06-04,2010-10-15,25,1,41.9,0.0,3.126865671641791,419.0,0.0,419.0,134
85099c,JUMBO  BAG BAROQUE BLACK WHITE,17,85.17,4.975,2010-06-24,2010-07-26,10,1,4.25,0.0,0.5151515151515151,17.0,0.0,17.0,33
85099f,JUMBO BAG STRAWBERRY,201,1016.3599999999999,5.056,2010-07-26,2011-01-11,25,1,8.73913043478261,0.0,1.1823529411764706,213.0,0.0,213.0,170
85114A,BLACK ENCHANTED FOREST PLACEMAT,1270,2110.9,1.9424271844660193,2010-06-21,2011-12-01,103,3,14.269662921348315,0.0,2.4007561436672966,1410.0,0.0,1410.0,529
85114B,IVORY ENCHANTED FOREST PLACEMAT,2017,3618.0499999999997,2.122767857142857,2009-12-01,2011-12-08,223,7,11.268156424581006,0.0009633911368015414,2.7330623306233064,2076.0,2.0,2074.0,738
85114C,RED ENCHANTED FOREST PLACEMAT,1179,2263.06,1.976867469879518,2009-12-02,2011-12-09,161,8,9.0,0.0,1.5975609756097562,1262.0,0.0,1262.0,738
85114a,BLACK ENCHANTED FOREST PLACEMAT,56,185.64000000000001,3.3105882352941176,2009-12-22,2011-06-08,17,1,3.7333333333333334,0.0,0.10486891385767791,56.0,0.0,56.0,534
85114b,IVORY ENCHANTED FOREST PLACEMAT,56,186.76000000000002,3.3194736842105264,2009-12-01,2011-12-08,19,1,3.2941176470588234,0.0,0.07588075880758807,56.0,0.0,56.0,738
85114c,RED ENCHANTED FOREST PLACEMAT,185,612.64,3.3133333333333335,2009-12-01,2011-12-05,42,1,5.285714285714286,0.0,0.25170068027210885,188.0,0.0,188.0,735
85115B,S/4 BLACK DISCO PARTITION PANEL,6,37.62,6.27,2010-06-09,2011-10-11,2,1,3.0,0.0,0.012244897959183673,6.0,0.0,6.0,490
85121B,RETRO LAUNDRY TUB PINK,86,936.74,12.071875,2009-12-03,2010-06-27,48,5,2.15,0.1375,0.41545893719806765,80.0,11.0,69.0,207
85121C,RETRO LAUNDRY TUB PISTACHIO,98,918.91,9.960943396226416,2009-12-07,2010-11-17,53,6,2.0851063829787235,0.024096385542168676,0.2832369942196532,83.0,2.0,81.0,346
85123A,WHITE HANGING HEART T-LIGHT HOLDER,94203,257724.71,3.0761749228815094,2009-12-01,2011-12-09,5365,23,156.22388059701493,0.03648800449330017,127.47361299052774,99704.0,3638.0,96066.0,739
85123a,WHITE HANGING HEART T-LIGHT HOLDER,516,3444.02,6.543333333333333,2010-06-08,2011-12-08,99,1,7.588235294117647,0.0,0.9398907103825137,597.0,0.0,597.0,549
85123b,ZINC HANGING HEART T-LITE HLDR,1,6.04,6.04,2009-12-22,2009-12-22,1,1,1.0,0.0,1.0,1.0,0.0,1.0,1
85124A,PINK JUICY FRUIT PHOTO FRAME,377,1037.1299999999999,3.2044210526315786,2009-12-01,2010-10-01,95,4,4.9605263157894735,0.0226628895184136,1.2360655737704918,353.0,8.0,345.0,305
85124B,BLUE JUICY FRUIT PHOTO FRAME,353,938.4699999999999,2.982647058823529,2009-12-08,2011-11-24,102,3,3.6770833333333335,0.01639344262295082,0.49232914923291493,366.0,6.0,360.0,717
85124C,GREEN JUICY FRUIT PHOTO FRAME,426,1123.8899999999999,3.018099173553719,2009-12-08,2011-10-23,121,4,4.135922330097087,0.013605442176870748,0.621897810218978,441.0,6.0,435.0,685
85124a,PINK JUICY FRUIT PHOTO FRAME,10,50.599999999999994,5.06,2010-05-26,2010-08-19,9,1,1.25,0.0,0.11627906976744186,10.0,0.0,10.0,86
85124b,BLUE JUICY FRUIT PHOTO FRAME,2,10.23,5.115,2009-12-22,2010-06-24,2,1,1.0,0.0,0.010810810810810811,2.0,0.0,2.0,185
85124c,GREEN JUICY FRUIT PHOTO FRAME,3,15.18,5.06,2010-07-22,2010-08-26,2,1,1.5,0.0,0.08333333333333333,3.0,0.0,3.0,36
85129A,"WHITE PEARL BEADED HEART, SMALL",444,569.16,1.427,2009-12-01,2010-08-29,75,3,7.0476190476190474,0.03116883116883117,1.6323529411764706,385.0,12.0,373.0,272
85129B,BEADED CRYSTAL HEART GREEN SMALL,233,315.11,1.7257142857142858,2009-12-15,2011-12-05,56,2,4.480769230769231,0.0,0.3231622746185853,234.0,0.0,234.0,721
85129C,BEADED CRYSTAL HEART BLUE SMALL,390,510.23,1.606969696969697,2009-12-02,2011-12-08,65,2,6.39344262295082,0.0,0.5291723202170964,360.0,0.0,360.0,737
85129D,BEADED CRYSTAL HEART PINK SMALL,793,1193.56,1.8964285714285711,2009-12-01,2011-12-05,168,1,5.624113475177305,0.0013157894736842105,1.0789115646258503,760.0,1.0,759.0,735
85130A,BEADED PEARL HEART WHITE LARGE,685,1176.29,1.8654545454545455,2009-12-01,2011-05-23,86,4,9.133333333333333,0.0,1.2708719851576995,624.0,0.0,624.0,539
85130B,BEADED CRYSTAL HEART GREEN LARGE,911,918.33,1.6984337349397591,2010-01-11,2011-12-07,83,3,12.146666666666667,0.0,1.3089080459770115,912.0,0.0,912.0,696
85130C,BEADED CRYSTAL HEART BLUE  LARGE,659,737.89,1.3602898550724638,2010-01-05,2011-12-07,68,3,10.46031746031746,0.0,0.9387464387464387,684.0,0.0,684.0,702
85130D,BEADED CRYSTAL HEART PINK LARGE,788,958.8499999999999,1.7815454545454545,2009-12-02,2011-12-07,107,1,8.123711340206185,0.0,1.0706521739130435,795.0,0.0,795.0,736
85131A,BEADED PEARL HEART WHITE ON STICK,2025,1619.23,0.97595,2009-12-03,2011-10-30,199,4,13.235294117647058,0.00672107537205953,2.9053084648493543,2083.0,14.0,2069.0,697
85131B,BEADED CRYSTAL HEART GREEN ON STICK,948,730.74,0.8603703703703703,2009-12-16,2011-12-09,216,1,5.925,0.0,1.3093922651933703,980.0,0.0,980.0,724
85131C,BEADED CRYSTAL HEART BLUE ON STICK,439,320.15,0.9393150684931506,2010-01-28,2011-11-14,72,3,6.859375,0.0,0.6692073170731707,447.0,0.0,447.0,656
85131D,BEADED CRYSTAL HEART PINK\ON STICK,1443,1092.71,0.8734456928838951,2009-12-17,2011-12-09,267,4,8.061452513966481,0.0,1.995850622406639,1466.0,0.0,1466.0,723
85132A,CHARLIE + LOLA BISCUITS TINS,1348,5152.07,6.6097600000000005,2009-12-01,2011-05-24,250,8,9.296551724137931,0.003943217665615142,2.4962962962962965,1268.0,5.0,1263.0,540
85132B,CHARLIE AND LOLA TABLE TINS,919,2767.53,4.942682926829268,2009-12-06,2011-06-19,123,8,11.345679012345679,0.002531645569620253,1.6381461675579323,790.0,2.0,788.0,561
85132C,CHARLIE AND LOLA FIGURES TINS,2062,5818.94,4.964092409240924,2009-12-01,2011-09-02,302,10,11.584269662921349,0.006122448979591836,3.216848673946958,1960.0,12.0,1948.0,641
85132a,CHARLIE + LOLA BISCUITS TINS,10,135.13,13.513,2009-12-01,2011-05-10,10,1,1.25,0.0,0.019011406844106463,12.0,0.0,12.0,526
85132b,CHARLIE AND LOLA TABLE TINS,10,95.83999999999999,9.584,2010-03-05,2011-06-21,10,1,1.25,0.0,0.02109704641350211,10.0,0.0,10.0,474
85132c,CHARLIE AND LOLA FIGURES TINS,4,46.099999999999994,11.524999999999999,2010-07-07,2011-04-26,4,1,1.0,0.0,0.013605442176870748,4.0,0.0,4.0,294
85135A,YELLOW DRAGONFLY HELICOPTER,94,754.59,8.032380952380953,2009-12-02,2011-11-29,63,1,1.8076923076923077,0.043478260869565216,0.12912087912087913,92.0,4.0,88.0,728
85135B,BLUE DRAGONFLY HELICOPTER,151,1226.51,8.113275862068965,2009-12-01,2011-11-17,115,2,1.819277108433735,0.018018018018018018,0.2105997210599721,111.0,2.0,109.0,717
85135C,RED DRAGONFLY HELICOPTER,162,1317.92,8.16232142857143,2009-12-02,2011-12-08,111,2,1.8409090909090908,0.014184397163120567,0.2198100407055631,141.0,2.0,139.0,737
85136A,YELLOW SHARK HELICOPTER,138,1121.28,8.127196261682244,2009-12-01,2011-12-06,106,4,1.5862068965517242,0.012658227848101266,0.1875,79.0,1.0,78.0,736
85136B,BLUE SHARK HELICOPTER,59,473.77000000000004,8.020638297872342,2009-12-03,2010-12-14,47,1,1.475,0.16666666666666666,0.15649867374005305,6.0,1.0,5.0,377
85136C,RED SHARK HELICOPTER,179,1451.69,8.129180327868852,2009-12-01,2011-12-08,122,3,1.9042553191489362,0.09740259740259741,0.24254742547425473,154.0,15.0,139.0,738
85159A,"BLACK TEA,COFFEE,SUGAR JARS",492,1248.98,6.344390243902439,2009-12-07,2011-12-04,82,4,6.833333333333333,0.08704453441295547,0.6758241758241759,494.0,43.0,451.0,728
85159B,"WHITE TEA,COFFEE,SUGAR JARS",659,1503.5,4.945227272727273,2009-12-02,2011-11-30,88,9,7.9397590361445785,0.05918057663125948,0.9039780521262003,659.0,39.0,620.0,729
85159b,"WHITE TEA,COFFEE,SUGAR JARS",1,13.0,13.0,2009-12-22,2009-12-22,1,1,1.0,0.0,1.0,1.0,0.0,1.0,1
85160A,WHITE BIRD GARDEN DESIGN MUG,8816,1493.75,5.4087499999999995,2009-12-10,2011-01-25,32,2,293.8666666666667,0.4781934912552579,21.398058252427184,9034.0,4320.0,4714.0,412
85160B,BLACK BIRD GARDEN DESIGN MUG,6155,1032.7,3.282162162162162,2009-12-14,2011-11-13,36,2,186.5151515151515,0.4721254355400697,8.792857142857143,6314.0,2981.0,3333.0,700
85160a,WHITE BIRD GARDEN DESIGN MUG,8,129.04,16.13,2010-03-05,2010-12-21,3,1,2.6666666666666665,0.0,0.0273972602739726,8.0,0.0,8.0,292
85160b,BLACK BIRD GARDEN DESIGN MUG,1,16.13,16.13,2010-03-29,2010-03-29,1,1,1.0,0.0,1.0,1.0,0.0,1.0,1
85162A,SILVER RETRODISC LAMPSHADE,607,1234.27,3.6155,2009-12-01,2010-06-08,20,2,30.35,0.010958904109589041,3.194736842105263,365.0,4.0,361.0,190
85162B,BLACK RETRODISC LAMPSHADE,977,1905.15,1.9499999999999997,2009-12-07,2010-06-08,13,2,75.15384615384616,0.0,5.309782608695652,1002.0,0.0,1002.0,184
85162C,WHITE RETRODISC LAMPSHADE,904,1841.7,3.1149999999999998,2009-12-02,2010-06-08,46,2,33.48148148148148,0.0,4.783068783068783,833.0,0.0,833.0,189
85163A,WHITE BAROQUE WALL CLOCK ,103,1058.17,12.29877192982456,2009-12-02,2011-11-23,57,5,1.9807692307692308,0.0,0.14265927977839335,104.0,0.0,104.0,722
85163B,BLACK BAROQUE WALL CLOCK ,115,1268.6599999999999,14.094090909090909,2009-12-22,2011-12-05,66,4,2.1296296296296298,0.008695652173913044,0.16106442577030813,115.0,1.0,114.0,714
85164B,BLACK BAROQUE CUCKOO CLOCK,140,1825.1799999999998,16.834,2009-12-02,2010-09-29,65,3,2.5925925925925926,0.008,0.46357615894039733,125.0,1.0,124.0,302
85164b,BLACK BAROQUE CUCKOO CLOCK,1,26.04,26.04,2009-12-01,2009-12-01,1,1,1.0,0.0,1.0,1.0,0.0,1.0,1
85166A,WHITE METAL BAROQUE PHOTO FRAME,77,158.9,4.676666666666667,2009-12-02,2010-01-18,12,1,7.7,0.023809523809523808,1.6041666666666667,42.0,1.0,41.0,48
85166B,BLACK METAL BAROQUE PHOTO FRAME,510,864.1,3.8473684210526313,2009-12-04,2010-11-14,38,2,15.0,0.0,1.4739884393063585,496.0,0.0,496.0,346
85167A,WHITE GRAND BAROQUE PHOTO FRAME,176,396.8,4.235714285714286,2009-12-03,2010-03-31,14,1,16.0,0.1836734693877551,1.4789915966386555,147.0,27.0,120.0,119
85167B,BLACK GRAND BAROQUE PHOTO FRAME,692,1426.34,4.181,2009-12-14,2011-04-08,59,3,12.814814814814815,0.0,1.4386694386694387,678.0,0.0,678.0,481
85168A,WHITE BAROQUE CARRIAGE CLOCK,22,218.89999999999998,9.95,2009-12-02,2010-06-14,15,1,1.4666666666666666,0.0,0.11282051282051282,16.0,0.0,16.0,195
85168B,BLACK BAROQUE CARRIAGE CLOCK,72,652.17,9.157884615384615,2009-12-02,2011-12-09,52,2,1.565217391304348,0.0,0.0975609756097561,73.0,0.0,73.0,738
85169A,IVORY LOVE BIRD CANDLE,1252,1385.82,1.3951612903225807,2009-12-08,2011-12-08,151,7,10.347107438016529,0.009345794392523364,1.7127222982216141,1284.0,12.0,1272.0,731
85169B,BLACK LOVE BIRD CANDLE,428,502.90999999999997,1.510851063829787,2009-12-02,2011-12-08,93,3,5.417721518987341,0.0,0.5807327001356852,483.0,0.0,483.0,737
85169C,EAU DE NIL LOVE BIRD CANDLE,505,566.82,1.372676056338028,2009-12-08,2011-12-09,71,4,8.14516129032258,0.023715415019762844,0.6898907103825137,506.0,12.0,494.0,732
85169D,PINK LOVE BIRD CANDLE,521,603.98,1.4993181818181818,2009-12-14,2011-11-29,88,5,6.5125,0.0019157088122605363,0.7276536312849162,522.0,1.0,521.0,716
85170A,SET/6 IVORY BIRD T-LIGHT CANDLES,848,1585.06,2.5583333333333336,2009-12-01,2010-12-07,84,2,11.777777777777779,0.043478260869565216,2.2795698924731185,736.0,32.0,704.0,372
85170B,SET/6 BLACK BIRD T-LIGHT CANDLES,283,475.91,2.615689655172414,2009-12-02,2011-11-29,58,1,5.1454545454545455,0.027303754266211604,0.38873626373626374,293.0,8.0,285.0,728
85170C,SET/6 EAU DE NIL BIRD T-LIGHTS,543,993.03,2.799626168224299,2009-12-02,2011-12-09,107,4,5.838709677419355,0.0018214936247723133,0.7357723577235772,549.0,1.0,548.0,738
85170D,SET/6 PINK BIRD T-LIGHT CANDLES,723,1296.36,2.8456953642384106,2009-12-01,2011-12-08,151,3,5.6484375,0.009628610729023384,0.9796747967479674,727.0,7.0,720.0,738
85179A,GREEN BITTY LIGHT CHAIN,217,511.07,3.2454285714285716,2009-12-03,2011-12-09,70,4,4.09433962264151,0.013513513513513514,0.2944369063772049,222.0,3.0,219.0,737
85179B,WHITE BITTY LIGHT CHAIN ,246,1056.6,5.192666666666667,2009-12-03,2010-11-15,45,1,6.473684210526316,0.0,0.7068965517241379,164.0,0.0,164.0,348
85179C,PINK BITTY LIGHT CHAIN,116,257.15,3.185,2009-12-03,2011-12-08,40,2,3.411764705882353,0.0,0.15760869565217392,116.0,0.0,116.0,736
85179a,GREEN BITTY LIGHT CHAIN,2,11.780000000000001,5.890000000000001,2010-10-28,2011-11-29,2,1,1.0,0.0,0.005025125628140704,2.0,0.0,2.0,398
85180A,RED HEARTS LIGHT CHAIN ,629,1636.42,3.9513,2009-12-03,2011-12-05,99,3,9.676923076923076,0.02384737678855326,0.8581173260572987,629.0,15.0,614.0,733
85180B,PINK HEARTS LIGHT CHAIN ,364,1022.1600000000001,4.16695652173913,2009-12-01,2011-12-06,67,4,7.137254901960785,0.0,0.4945652173913043,365.0,0.0,365.0,736
85183A,CHARLIE & LOLA WASTEPAPER BIN BLUE,1512,2275.75,2.3574825174825174,2009-12-01,2011-12-05,141,8,13.03448275862069,0.005952380952380952,2.057142857142857,1512.0,9.0,1503.0,735
85183B,CHARLIE & LOLA WASTEPAPER BIN FLORA,1725,2731.7599999999998,2.454418604651163,2009-12-01,2011-12-04,171,9,12.410071942446043,0.01971830985915493,2.3501362397820165,1775.0,35.0,1740.0,734
85184B,SET 4 EASTER DECOUPAGE OVAL BOXES,14,41.300000000000004,2.95,2009-12-09,2010-03-22,7,1,2.3333333333333335,0.16666666666666666,0.1346153846153846,6.0,1.0,5.0,104
85184C,S/4 VALENTINE DECOUPAGE HEART BOX,2275,4891.71,3.3344827586206898,2009-12-01,2011-12-08,345,12,10.435779816513762,0.0,3.0826558265582658,2296.0,0.0,2296.0,738
85184D,S/4 BLUE ROUND DECOUPAGE BOXES,8311,4546.78,3.496818181818182,2009-12-01,2010-09-27,66,8,145.80701754385964,0.4901716844986315,27.611295681063122,8038.0,3940.0,4098.0,301
85184c,S/4 VALENTINE DECOUPAGE HEART BOX,6,35.35,5.891666666666667,2009-12-22,2011-10-26,6,1,1.0,0.0,0.008902077151335312,6.0,0.0,6.0,674
85184d,S/4 BLUE ROUND DECOUPAGE BOXES,1,5.91,5.91,2010-07-22,2010-07-22,1,1,1.0,0.0,1.0,1.0,0.0,1.0,1
85185B,PINK HORSE SOCK PUPPET,593,1843.4600000000003,3.4710215053763442,2009-12-01,2011-11-30,182,5,3.8758169934640523,0.0017482517482517483,0.8123287671232877,572.0,1.0,571.0,730
85185C,COW  SOCK PUPPET,58,171.10000000000002,2.95,2009-12-02,2010-08-01,27,1,2.5217391304347827,0.0,0.23868312757201646,69.0,0.0,69.0,243
85185D,FROG SOCK PUPPET,195,636.11,3.762878787878788,2009-12-01,2011-05-25,66,4,3.3620689655172415,0.0,0.36044362292051757,103.0,0.0,103.0,541
85185E,DUCK SOCK PUPPET,4,11.8,2.95,2009-12-03,2009-12-15,2,1,2.0,-0.06060606060606061,0.3076923076923077,-33.0,2.0,-35.0,13
85185F,LION SOCK PUPPET,37,109.15,2.95,2009-12-02,2010-03-08,19,1,2.3125,0.0,0.38144329896907214,82.0,0.0,82.0,97
85186A,EASTER BUNNY GARLAND OF FLOWERS,1473,685.87,0.6140625,2009-12-01,2011-04-14,159,4,13.63888888888889,0.007751937984496124,2.946,1548.0,12.0,1536.0,500
85186B,BUNNY BUNCH OF FLOWERS,14,5.88,0.42,2010-03-17,2010-03-21,2,1,7.0,-0.0,2.8,-91.0,0.0,-91.0,5
85186C,BUNNY EGG GARLAND,1400,658.19,0.6046794871794872,2009-12-01,2011-10-20,152,5,13.461538461538462,0.03142857142857143,2.0319303338171264,1400.0,44.0,1356.0,689
85188A,GREEN METAL SWINGING BUNNY,944,824.9699999999999,1.0245714285714285,2009-12-09,2011-04-21,105,3,12.586666666666666,0.02857142857142857,1.8917835671342684,945.0,27.0,918.0,499
85188B,PINK METAL SWINGING BUNNY,748,660.88,1.0734210526315788,2010-01-11,2011-03-27,74,3,14.666666666666666,0.035346097201767304,1.6961451247165533,679.0,24.0,655.0,441
85192S,HANGING SPRING FLOWER HEART SMALL,3,1.9500000000000002,0.65,2010-02-07,2010-02-08,2,1,1.5,-0.0,1.5,-60.0,0.0,-60.0,2
85194L,HANGING SPRING FLOWER EGG LARGE,1818,1560.6299999999999,1.0477551020408162,2009-12-07,2011-11-22,147,5,18.18,0.018131868131868133,2.5391061452513966,1820.0,33.0,1787.0,716
85194S,HANGING SPRING FLOWER EGG SMALL,1760,889.46,0.783233082706767,2010-01-05,2011-12-04,131,3,16.761904761904763,0.016477272727272726,2.5178826895565094,1760.0,29.0,1731.0,699
85199L,LARGE HANGING IVORY & RED WOOD BIRD,3455,2285.02,0.836,2009-12-01,2011-12-08,272,10,16.690821256038646,0.00819423368740516,4.681571815718157,3295.0,27.0,3268.0,738
85199S,SMALL HANGING IVORY/RED WOOD BIRD,6022,2789.2799999999997,0.5843775100401606,2009-12-01,2011-12-09,486,8,20.276094276094277,0.003898635477582846,8.148849797023004,6156.0,24.0,6132.0,739
85205A,IVORY FELT EASTER RABBIT GARLAND,66,168.29999999999998,2.55,2010-02-02,2010-03-23,21,1,4.125,0.0,1.32,47.0,0.0,47.0,50
85205B,PINK FELT EASTER RABBIT GARLAND,241,669.38,3.193064516129032,2010-01-11,2011-04-21,61,4,4.634615384615385,0.0,0.5171673819742489,241.0,0.0,241.0,466
85206A,CREAM FELT EASTER EGG BASKET,2327,3982.91,1.8081055900621115,2009-12-01,2011-03-17,318,11,19.391666666666666,0.00437636761487965,4.930084745762712,2285.0,10.0,2275.0,472
85206B,PINK FELT EASTER EGG BASKET,1538,2477.2999999999997,1.8157065217391304,2009-12-14,2011-01-20,183,5,22.28985507246377,0.009253139458030404,3.8163771712158807,1513.0,14.0,1499.0,403
85226A,WHITE/BLUE PULL BACK RACING CAR,1714,933.07,0.7360264900662251,2009-12-02,2010-11-24,144,8,16.97029702970297,0.032327586206896554,4.787709497206704,1392.0,45.0,1347.0,358
85226C,BLUE PULL BACK RACING CAR,989,522.3100000000001,0.7651190476190476,2009-12-01,2010-11-09,83,3,14.761194029850746,0.0,2.875,1001.0,0.0,1001.0,344
85230A,OPIUM SCENTED VOTIVE CANDLE,1992,497.03999999999996,0.2683333333333333,2009-12-13,2011-12-02,48,3,43.30434782608695,0.0,2.7666666666666666,1992.0,0.0,1992.0,720
85230B,CINNAMON SCENTED VOTIVE CANDLE,2120,561.04,0.278235294117647,2009-12-08,2011-12-06,68,6,35.333333333333336,0.0,2.9080932784636486,2048.0,0.0,2048.0,729
85230C,ROSE SCENTED VOTIVE CANDLE,24,6.959999999999999,0.29,2009-12-10,2009-12-10,1,1,24.0,0.0,24.0,48.0,0.0,48.0,1
85230D,VANILLA SCENTED VOTIVE CANDLE,24,6.959999999999999,0.29,2009-12-10,2009-12-10,1,1,24.0,0.0,24.0,48.0,0.0,48.0,1
85230E,STRAWBRY SCENTED VOTIVE CANDLE,2445,628.41,0.27545454545454545,2009-12-08,2011-09-11,66,3,40.08196721311475,0.0,3.80248833592535,2219.0,0.0,2219.0,643
85230F,JASMINE VOTIVE CANDLE,2946,725.6999999999999,0.2770967741935484,2009-12-02,2011-11-10,62,5,54.55555555555556,0.0,4.155148095909732,2748.0,0.0,2748.0,709
85230G,ORANGE VOTIVE CANDLE,1680,425.75999999999993,0.2691304347826087,2009-12-02,2011-12-02,46,4,38.18181818181818,0.027777777777777776,2.2982216142270864,1728.0,48.0,1680.0,731
85231B,CINAMMON SET OF 9 T-LIGHTS,2054,1877.84,1.0465809768637533,2009-12-01,2011-12-08,384,7,8.34959349593496,0.00510204081632653,2.78319783197832,2156.0,11.0,2145.0,738
85231E,STRAWBERRY SCENTED SET/9 T-LIGHTS,835,695.23,0.9473831775700935,2009-12-01,2010-06-13,106,3,12.279411764705882,0.019834710743801654,4.282051282051282,605.0,12.0,593.0,195
85231G,ORANGE SCENTED SET/9 T-LIGHTS,1474,1281.31,0.9882101167315175,2009-12-01,2011-10-12,253,3,7.882352941176471,0.015861571737563085,2.1644640234948604,1387.0,22.0,1365.0,681
85231L,LAVENDER SCENTED SET/9 T-LIGHTS,1039,838.3499999999999,0.914915254237288,2009-12-01,2010-05-02,116,3,15.507462686567164,0.0,6.790849673202614,779.0,0.0,779.0,153
85231b,CINAMMON SET OF 9 T-LIGHTS,4,6.58,1.645,2010-10-01,2011-04-15,4,1,1.0,0.0,0.02030456852791878,4.0,0.0,4.0,197
85231e,STRAWBERRY SCENTED SET/9 T-LIGHTS,1,1.66,1.66,2010-03-29,2010-03-29,1,1,1.0,0.0,1.0,1.0,0.0,1.0,1
85231g,ORANGE SCENTED SET/9 T-LIGHTS,6,9.78,1.63,2011-01-14,2011-05-10,6,1,1.0,0.0,0.05128205128205128,6.0,0.0,6.0,117
85232A,SET/3 POLKA DOT STACKING TINS,375,1889.88,5.423597122302159,2009-12-01,2011-06-06,138,9,3.125,0.10094637223974763,0.6781193490054249,317.0,32.0,285.0,553
85232B,SET/3 RUSSIAN DOLL STACKING TINS,3061,15332.53,5.7732044198895025,2009-12-01,2011-02-11,539,15,12.244,0.1050275482093664,6.988584474885845,2904.0,305.0,2599.0,438
85232C,RUSSIAN FOLKART STACKING TINS,1,4.95,4.95,2010-01-15,2010-01-15,1,1,1.0,0.0,1.0,3.0,0.0,3.0,1
85232D,SET/3 DECOUPAGE STACKING TINS,701,3636.6600000000003,5.95372197309417,2009-12-01,2011-12-08,223,17,3.9829545454545454,0.017333333333333333,0.9498644986449865,750.0,13.0,737.0,738
85232a,SET/3 POLKA DOT STACKING TINS,2,20.34,10.17,2010-04-09,2010-05-26,2,1,1.0,0.0,0.041666666666666664,2.0,0.0,2.0,48
85232b,SET/3 RUSSIAN DOLL STACKING TINS,25,254.47,10.18,2009-12-22,2010-11-09,22,1,1.6666666666666667,0.0,0.07739938080495357,25.0,0.0,25.0,323
85232d,SET/3 DECOUPAGE STACKING TINS,1,10.17,10.17,2010-09-28,2010-09-28,1,1,1.0,0.0,1.0,1.0,0.0,1.0,1
90000A,RASPBERRY ANT COPPER FLOWER NECKLAC,33,198.98000000000002,6.049047619047619,2009-12-01,2011-11-16,21,2,1.736842105263158,0.0,0.046089385474860335,33.0,0.0,33.0,716
90000B,MIDNIGHT BLUE COPPER FLOWER NECKLAC,29,177.29000000000002,6.135714285714285,2009-12-07,2011-07-25,21,1,1.45,0.041666666666666664,0.04865771812080537,24.0,1.0,23.0,596
90000C,OPAL WHITE/SILVER FLOWER NECKLACE,2,12.32,6.16,2009-12-13,2010-01-18,2,1,1.0,-0.0,0.05405405405405406,-5.0,0.0,-5.0,37
90000D,COPPER/OLIVE GREEN FLOWER NECKLACE,51,313.75,6.20764705882353,2009-12-01,2011-11-25,34,1,1.5454545454545454,0.0,0.0703448275862069,54.0,0.0,54.0,725
90001A,ANTIQUE RASPBERRY FLOWER EARRINGS,11,46.6,4.235,2009-12-15,2011-10-31,10,1,1.1,0.0,0.016034985422740525,11.0,0.0,11.0,686
90001B,ANTIQUE MID BLUE FLOWER EARRINGS,13,55.120000000000005,4.237,2010-01-13,2011-11-08,10,3,1.4444444444444444,0.16666666666666666,0.019548872180451128,6.0,1.0,5.0,665
90001C,ANTIQUE OPAL WHITE FLOWER EARRINGS,11,46.7,4.245,2009-12-11,2011-10-20,10,1,1.1,0.0,0.016200294550810016,1.0,0.0,1.0,679
90001D,ANTIQUE OLIVE GREEN FLOWER EARRINGS,20,84.96000000000001,4.246363636363636,2009-12-06,2011-10-09,11,3,1.8181818181818181,0.0,0.029717682020802376,21.0,0.0,21.0,673
90002A,FLOWER BURST SILVER RING OPAL,36,135.0,3.75,2009-12-07,2010-11-04,14,1,2.5714285714285716,0.0,0.10810810810810811,78.0,0.0,78.0,333
90002B,FLOWER BURST SILVER RING ROSE,22,82.74,3.771818181818182,2009-12-02,2010-10-25,11,2,2.0,0.0,0.06707317073170732,22.0,0.0,22.0,328
90002C,FLOWER BURST SILVER RING MIDN'T BLU,33,124.38,3.783157894736842,2009-12-02,2010-08-18,19,2,1.9411764705882353,0.2222222222222222,0.12692307692307692,9.0,2.0,7.0,260
90002D,FLOWER BURST SILVER RING CRYSTAL,104,365.74,3.7570588235294116,2009-12-02,2011-05-08,34,1,3.25,0.015625,0.1988527724665392,128.0,2.0,126.0,523
90002E,FLOWER BURST SILVER RING GREEN,18,67.77,3.774545454545455,2009-12-02,2010-08-18,11,1,1.6363636363636365,-0.1875,0.06923076923076923,-16.0,3.0,-19.0,260
90003B,ROSE COLOUR PAIR HEART HAIR SLIDES,44,165.81,3.7780769230769233,2009-12-01,2011-11-29,25,2,1.8333333333333333,0.1891891891891892,0.06035665294924554,37.0,7.0,30.0,729
90003C,MIDNIGHT BLUE PAIR HEART HAIR SLIDE,51,191.54,3.758857142857143,2009-12-01,2011-12-09,35,2,1.5,0.14893617021276595,0.06901217861975643,47.0,7.0,40.0,739
90003D,CRYSTAL PAIR HEART HAIR SLIDES,60,226.17,3.7734375,2009-12-01,2011-11-29,32,2,2.0,0.12280701754385964,0.0823045267489712,57.0,7.0,50.0,729
90003E,GREEN PAIR HEART HAIR SLIDES,32,120.31,3.766818181818182,2009-12-16,2011-12-09,22,2,1.5238095238095237,0.11428571428571428,0.04419889502762431,35.0,4.0,31.0,724
90004A,JADE GREEN PAIR ENAMEL HAIR SLIDES,1,3.75,3.75,2009-12-15,2009-12-15,1,1,1.0,0.0,1.0,3.0,0.0,3.0,1
90005A,JADE GREEN ENAMEL HAIR COMB,106,216.87,2.0808771929824563,2009-12-01,2011-04-27,57,2,2.2083333333333335,-0.0,0.20662768031189083,-53.0,0.0,-53.0,513
90010A,MIDNIGHT BLUE GLASS/SILVER BRACELET,49,443.84999999999997,9.071666666666665,2009-12-03,2011-12-09,30,1,1.6896551724137931,0.08,0.06648575305291723,75.0,6.0,69.0,737
90010B,BLACK/WHITE GLASS/SILVER BRACELET,63,578.02,9.342647058823529,2009-12-02,2011-04-10,34,1,2.032258064516129,0.06666666666666667,0.12727272727272726,15.0,1.0,14.0,495
90010E,AMBER GLASS/SILVER BRACELET,56,501.65,8.912285714285714,2009-12-01,2011-12-02,35,1,1.6470588235294117,0.06666666666666667,0.07650273224043716,60.0,4.0,56.0,732
90011A,MIDNIGHT BLUE CRYSTAL DROP EARRINGS,15,44.28,2.952,2009-12-03,2011-11-24,15,1,1.0,0.0,0.02077562326869806,5.0,0.0,5.0,722
90011B,BLACK CRYSTAL DROP EARRINGS,20,59.06,2.954,2009-12-03,2011-11-30,15,1,1.4285714285714286,-0.0,0.027472527472527472,-12.0,0.0,-12.0,728
90011C,GREEN CRYSTAL DROP EARRINGS,12,35.33,2.94,2009-12-04,2011-11-24,7,1,1.7142857142857142,0.0,0.016643550624133148,16.0,0.0,16.0,721
90011D,PURPLE CRYSTAL DROP EARRINGS,5,14.75,2.95,2009-12-02,2011-11-22,5,1,1.0,-0.0,0.006934812760055479,-4.0,0.0,-4.0,721
90011E,AMBER CRYSTAL DROP EARRINGS,8,23.61,2.95125,2009-12-08,2011-09-15,8,1,1.0,0.0,0.012364760432766615,3.0,0.0,3.0,647
90012A,MIDNIGHT BLUE DROP CRYSTAL NECKLACE,13,74.38,8.097142857142858,2009-12-03,2011-10-11,7,1,1.8571428571428572,-0.0,0.019174041297935103,-5.0,0.0,-5.0,678
90012B,BLACK DROP CRYSTAL NECKLACE,17,85.9,7.699999999999999,2009-12-03,2011-11-13,6,1,2.8333333333333335,0.0,0.02390998593530239,12.0,0.0,12.0,711
90013A,MIDNIGHT BLUE VINTAGE EARRINGS,115,434.27,3.788961038961039,2009-12-03,2011-12-09,77,3,1.5972222222222223,0.07079646017699115,0.1560379918588874,113.0,8.0,105.0,737
90013B,BLACK VINTAGE EARRINGS,104,428.92,4.186835443037975,2009-12-02,2011-11-30,79,1,1.4647887323943662,0.0,0.14266117969821673,108.0,0.0,108.0,729
90013C,GREEN VINTAGE EARRINGS ,88,353.55,4.1125,2009-12-01,2011-12-09,56,3,1.6603773584905661,0.010869565217391304,0.11907983761840325,92.0,1.0,91.0,739
90013D,PURPLE VINTAGE EARRINGS,46,178.11,3.998823529411765,2010-01-13,2011-06-29,17,2,2.875,0.0,0.08630393996247655,34.0,0.0,34.0,533
90013E,AMBER VINTAGE EARRINGS ,2,8.57,4.285,2009-12-09,2010-01-13,2,1,1.0,-0.0,0.05555555555555555,-3.0,0.0,-3.0,36
90014A,SILVER/MOP ORBIT NECKLACE,55,502.01,9.677249999999999,2009-12-07,2011-12-09,40,1,1.4102564102564104,0.0,0.07503410641200546,43.0,0.0,43.0,733
90014B,GOLD M PEARL  ORBIT NECKLACE,34,333.71,9.73,2009-12-04,2011-10-26,28,1,1.2142857142857142,0.0,0.049132947976878616,35.0,0.0,35.0,692
90014C,SILVER/BLACK ORBIT NECKLACE,29,284.67999999999995,9.756499999999999,2009-12-02,2011-11-27,20,1,1.45,0.0,0.03994490358126722,21.0,0.0,21.0,726
90016A,SILVER/M.O.P PENDANT ORBIT NECKLACE,29,207.86,8.21,2009-12-18,2011-10-26,16,1,1.8125,0.0,0.04277286135693215,29.0,0.0,29.0,678
90016B,GOLD/M.O.P PENDANT ORBIT NECKLACE,37,312.14,8.433333333333334,2009-12-16,2011-12-09,30,1,1.2758620689655173,0.0,0.05110497237569061,37.0,0.0,37.0,724
90016C,SILVER/BLACK PENDANT ORBIT NECKLACE,17,144.07,8.47,2010-01-11,2011-12-08,14,1,1.2142857142857142,0.0,0.024390243902439025,17.0,0.0,17.0,697
90018A,SILVER M.O.P ORBIT DROP EARRINGS,75,316.99,4.218928571428572,2009-12-14,2011-12-08,56,3,1.4423076923076923,0.012658227848101266,0.10344827586206896,79.0,1.0,78.0,725
90018B,GOLD M.O.P ORBIT DROP EARRINGS,39,164.62,4.22,2009-12-02,2011-12-09,31,2,1.2580645161290323,0.0,0.052845528455284556,41.0,0.0,41.0,738
90018C,SILVER BLACK ORBIT DROP EARRINGS,28,118.51,4.226000000000001,2009-12-14,2011-11-25,20,3,1.4736842105263157,0.25,0.03932584269662921,4.0,1.0,3.0,712
90019A,SILVER M.O.P ORBIT BRACELET,68,354.59000000000003,5.2829411764705885,2009-12-02,2011-12-05,51,3,1.3877551020408163,0.0,0.09264305177111716,70.0,0.0,70.0,734
90019B,GOLD M.O.P ORBIT BRACELET,32,168.62,5.3149999999999995,2010-01-20,2011-12-09,28,1,1.1428571428571428,0.0,0.04644412191582003,33.0,0.0,33.0,689
90019C,SILVER BLACK ORBIT BRACELET,40,213.38,5.3561764705882355,2009-12-03,2011-12-08,34,1,1.25,0.0,0.05434782608695652,16.0,0.0,16.0,736
90024A,NEW BAROQUE B'FLY NECKLACE BLACK,5,42.5,8.5,2010-01-28,2010-11-05,4,1,1.25,0.0,0.01773049645390071,1.0,0.0,1.0,282
90024B,NEW BAROQUE B'FLY NECKLACE RED,25,212.24,8.488181818181818,2009-12-01,2011-12-05,22,3,1.1363636363636365,0.07692307692307693,0.034013605442176874,26.0,2.0,24.0,735
90024C,NEW BAROQUE B'FLY NECKLACE GREEN,11,93.48,8.498000000000001,2009-12-03,2011-07-25,10,1,1.1,0.0,0.018333333333333333,12.0,0.0,12.0,600
90024D,NEW BAROQUE B'FLY NECKLACE PINK,15,127.5,8.5,2009-12-09,2011-09-29,13,2,1.1538461538461537,0.0,0.022727272727272728,15.0,0.0,15.0,660
90024E,NEW BAROQUE B'FLY NECKLACE MONTANA,16,135.98,8.498181818181818,2009-12-02,2011-03-29,11,1,1.6,0.0,0.033126293995859216,16.0,0.0,16.0,483
90024F,NEW BAROQUE B'FLY NECKLACE CRYSTAL,8,67.61,8.436666666666667,2010-04-19,2011-11-30,6,1,1.3333333333333333,0.0,0.01353637901861252,8.0,0.0,8.0,591
90025A,BAROQUE BUTTERFLY EARRINGS BLACK,2,7.5,3.75,2011-04-10,2011-10-09,2,1,1.0,-0.0,0.01092896174863388,-4.0,0.0,-4.0,183
90025B,BAROQUE BUTTERFLY EARRINGS RED,3,11.29,3.763333333333333,2010-03-07,2011-04-21,3,1,1.0,-0.0,0.0072992700729927005,-39.0,0.0,-39.0,411
90025C,BAROQUE BUTTERFLY EARRINGS GREEN,6,22.56,3.76,2010-02-17,2010-10-24,6,1,1.0,-0.0,0.024,-17.0,0.0,-17.0,250
90025D,BAROQUE BUTTERFLY EARRINGS PINK,5,18.69,3.7380000000000004,2010-02-16,2011-09-29,5,1,1.0,-0.0,0.008460236886632826,-10.0,0.0,-10.0,591
90025E,BAROQUE BUTTERFLY EARRINGS MONTANA,7,26.5,3.7857142857142856,2009-12-02,2011-06-06,7,1,1.0,0.0,0.012681159420289856,7.0,0.0,7.0,552
90025F,BAROQUE BUTTERFLY EARRINGS CRYSTAL,8,30.23,3.77875,2010-01-11,2011-10-20,8,1,1.0,0.0,0.012345679012345678,8.0,0.0,8.0,648
90026A,GLASS BEAD HOOP NECKLACE BLACK,11,93.47,8.496666666666666,2010-03-19,2011-06-13,9,2,1.2222222222222223,-0.0,0.024336283185840708,-18.0,0.0,-18.0,452
90026B,GLASS BEAD HOOP NECKLACE MONTANA,8,67.82,8.474285714285715,2009-12-13,2011-03-31,7,1,1.1428571428571428,0.0,0.016877637130801686,8.0,0.0,8.0,474
90026C,GLASS BEAD HOOP NECKLACE GREEN,8,67.82,8.47,2009-12-10,2011-11-09,6,1,1.3333333333333333,0.0,0.011428571428571429,8.0,0.0,8.0,700
90026D,GLASS BEAD HOOP NECKLACE AMETHYST,10,85.0,8.5,2010-06-07,2011-11-18,8,1,1.25,0.0,0.018867924528301886,7.0,0.0,7.0,530
90027A,GLASS BEAD HOOP EARRINGS BLACK,9,26.52,2.9450000000000003,2010-03-21,2011-08-30,6,1,1.5,-0.0,0.017045454545454544,-27.0,0.0,-27.0,528
90027B,GLASS BEAD HOOP EARRINGS MONTANA,13,38.28,2.943,2009-12-09,2011-11-25,10,1,1.3,0.0,0.01813110181311018,13.0,0.0,13.0,717
90027C,GLASS BEAD HOOP EARRINGS GREEN,14,41.17,2.9391666666666665,2009-12-14,2011-11-25,12,1,1.1666666666666667,0.0,0.019662921348314606,14.0,0.0,14.0,712
90027D,GLASS BEAD HOOP EARRINGS AMETHYST,23,72.18,3.18875,2009-12-02,2011-12-09,16,1,1.5333333333333334,0.0,0.03116531165311653,14.0,0.0,14.0,738
90030A,SPOTTED WHITE NATURAL SEED NECKLACE,79,113.76,2.496,2009-12-09,2011-11-28,10,4,8.777777777777779,0.0,0.10972222222222222,79.0,0.0,79.0,720
90030B,RED KUKUI COCONUT SEED NECKLACE,139,292.08000000000004,4.014722222222222,2009-12-09,2011-12-09,36,5,4.212121212121212,0.0,0.19015047879616964,140.0,0.0,140.0,731
90030C,BROWN KUKUI COCONUT SEED NECKLACE,87,151.3,3.4718750000000003,2009-12-09,2011-11-25,16,5,5.8,0.0,0.12133891213389121,88.0,0.0,88.0,717
90035A,"PEARL & SHELL 42""NECKL. GREEN",24,257.55,10.721874999999999,2009-12-03,2011-04-13,16,1,1.6,0.0,0.0482897384305835,15.0,0.0,15.0,497
90035B,"PEARL & SHELL 42""NECKL. PINK",43,380.89,10.185,2009-12-02,2010-06-24,4,1,10.75,0.0,0.2097560975609756,37.0,0.0,37.0,205
90035C,"PEARL & SHELL 42""NECKL. IVORY",28,301.0,10.75,2009-12-02,2011-05-13,5,1,5.6,0.0,0.05303030303030303,4.0,0.0,4.0,528
90036A,FLOWER GARLAND NECKLACE RED,27,215.76000000000002,8.005500000000001,2009-12-03,2011-08-05,20,1,1.35,0.0,0.044189852700491,27.0,0.0,27.0,611
90036B,"FLOWER GLASS GARLAND NECKL.36""GREEN",18,143.1,7.95,2010-01-18,2011-08-01,10,1,1.8,0.0,0.03208556149732621,26.0,0.0,26.0,561
90036C,"FLOWER GLASS GARLAND NECKL.36""BLUE",31,246.83,7.975333333333334,2009-12-03,2011-12-02,15,1,2.066666666666667,0.0,0.04246575342465753,31.0,0.0,31.0,730
90036D,"FLOWER GLASS GARLAND NECKL.36""BLACK",38,302.29,7.961875,2009-12-01,2011-06-13,16,1,2.375,0.0,0.06785714285714285,39.0,0.0,39.0,560
90036E,"FLOWER GLASS GARLD NECKL36""AMETHYST",45,358.87,7.991785714285714,2009-12-08,2011-10-20,28,3,1.6071428571428572,0.0,0.06598240469208211,35.0,0.0,35.0,682
90036F,"FLOWER GLASS GARLD NECKL36""TURQUOIS",24,192.17000000000002,8.041333333333334,2009-12-18,2011-03-23,15,1,1.6,0.0,0.052060737527114966,26.0,0.0,26.0,461
90037A,TINY CRYSTAL BRACELET RED,26,66.31,2.5508333333333333,2009-12-14,2011-01-25,12,1,2.1666666666666665,0.0,0.06372549019607843,26.0,0.0,26.0,408
90037B,TINY CRYSTAL BRACELET GREEN,28,71.17,2.527,2010-03-16,2011-12-06,10,3,2.8,0.0,0.044374009508716325,28.0,0.0,28.0,631
90037C,TINY CRYSTAL BRACELET BLUE,26,66.08,2.5330769230769232,2009-12-14,2011-12-06,13,2,2.0,0.0,0.035961272475795295,27.0,0.0,27.0,723
90037D,TINY CRYSTALS BRACELET BLACK,14,35.87,2.56625,2009-12-07,2010-06-23,8,1,2.0,-0.0,0.07035175879396985,-117.0,0.0,-117.0,199
90038A,GLASS AND PAINTED BEADS BRACELET TO,36,135.8,3.786363636363636,2009-12-07,2011-11-24,22,1,1.6363636363636365,0.0,0.05013927576601671,36.0,0.0,36.0,718
90038B,GLASS AND PAINTED BEADS BRACELET OL,21,79.19,3.7838461538461536,2009-12-14,2011-12-08,13,1,1.6153846153846154,0.0,0.028965517241379312,2.0,0.0,2.0,725
90038C,GLASS AND BEADS BRACELET IVORY,19,71.46000000000001,3.7733333333333334,2009-12-18,2011-09-02,9,1,2.111111111111111,0.0,0.030448717948717948,19.0,0.0,19.0,624
90039A,FIRE POLISHED GLASS BRACELET RED,10,37.61,3.772,2009-12-18,2011-12-05,5,1,2.0,0.0,0.013927576601671309,10.0,0.0,10.0,718
90039B,FIRE POLISHED GLASS BRACELET MONTAN,21,78.99,3.771818181818182,2010-01-12,2011-07-27,11,2,1.9090909090909092,0.0,0.037366548042704624,22.0,0.0,22.0,562
90039C,FIRE POLISHED GLASS BRACELET BLACK,23,86.65,3.783333333333333,2009-12-10,2011-12-08,12,1,2.090909090909091,0.0,0.03155006858710562,24.0,0.0,24.0,729
90039D,FIRE POLISHED GLASS BRACELET GREEN,43,162.66,3.79625,2009-12-01,2011-12-06,24,2,1.8695652173913044,0.0,0.058423913043478264,44.0,0.0,44.0,736
90040A,MURANO STYLE GLASS BRACELET RED,53,207.05,4.013823529411765,2009-12-03,2011-03-07,34,2,1.606060606060606,0.06382978723404255,0.11521739130434783,47.0,3.0,44.0,460
90040B,MURANO STYLE GLASS BRACELET BLACK,71,255.97,3.6669444444444443,2009-12-03,2011-05-06,36,2,2.088235294117647,0.0,0.13653846153846153,65.0,0.0,65.0,520
90040C,MURANO STYLE GLASS BRACELET GOLD,41,146.75,3.643809523809524,2009-12-04,2011-12-04,21,1,1.9523809523809523,0.07142857142857142,0.0560875512995896,42.0,3.0,39.0,731
90040D,MURANO STYLE GLASS BRACELET PINK,41,148.87,3.7148000000000003,2009-12-01,2010-09-14,25,2,1.8636363636363635,0.0,0.1423611111111111,25.0,0.0,25.0,288
90042A,FRESHWATER PEARL BRACELET GOLD,63,160.79,2.554242424242424,2009-12-02,2011-04-13,33,1,2.1,0.0,0.12650602409638553,53.0,0.0,53.0,498
90042B,FRESHWATER PEARL BRACELET PINK,17,43.349999999999994,2.55,2009-12-02,2010-11-24,6,1,2.8333333333333335,0.0,0.04748603351955307,11.0,0.0,11.0,358
90042C,FRESHWATER PEARL BRACELET IVORY,59,150.20999999999998,2.5430769230769235,2010-06-02,2011-01-11,26,1,2.36,0.0,0.26339285714285715,128.0,0.0,128.0,224
90058A,CRYSTAL STUD EARRINGS CLEAR DISPLAY,576,218.88,0.38,2009-12-10,2011-11-14,13,1,44.30769230769231,0.0625,0.8170212765957446,576.0,36.0,540.0,705
90058B,CRYSTAL STUD EARRINGS ASSORTED COL ,1082,509.08000000000004,0.47379310344827585,2009-12-23,2011-12-01,29,1,37.310344827586206,0.03220035778175313,1.526093088857546,1118.0,36.0,1082.0,709
90059A,DIAMANTE HAIR GRIP PACK/2 CRYSTAL,94,156.98,1.6727083333333332,2009-12-02,2011-12-09,48,3,2.0434782608695654,0.0625,0.12737127371273713,96.0,6.0,90.0,738
90059B,DIAMANTE HAIR GRIP PACK/2 BLACK DIA,27,44.87,1.67,2010-01-19,2011-12-05,16,3,1.8,0.1935483870967742,0.03935860058309038,31.0,6.0,25.0,686
90059C,DIAMANTE HAIR GRIP PACK/2 MONTANA,41,68.17999999999999,1.671304347826087,2009-12-09,2011-12-08,23,4,1.7826086956521738,0.14285714285714285,0.056164383561643834,42.0,6.0,36.0,730
90059D,DIAMANTE HAIR GRIP PACK/2 PERIDOT,64,106.74,1.67575,2009-12-03,2011-12-09,40,3,1.6842105263157894,0.09230769230769231,0.08683853459972862,65.0,6.0,59.0,737
90059E,DIAMANTE HAIR GRIP PACK/2 RUBY,53,88.30999999999999,1.6712121212121211,2009-12-09,2011-12-09,33,3,1.65625,0.10526315789473684,0.07250341997264022,57.0,6.0,51.0,731
90059F,DIAMANTE HAIR GRIP PACK/2 LT ROSE,48,79.86999999999999,1.6688888888888886,2009-12-16,2011-12-09,27,3,1.8461538461538463,0.125,0.06629834254143646,48.0,6.0,42.0,724
90060B,FIRE POLISHED GLASS NECKL GOLD,6,35.7,5.95,2009-12-13,2010-12-15,4,1,1.5,0.0,0.016304347826086956,2.0,0.0,2.0,368
90060C,FIRE POLISHED GLASS NECKL SILVER,7,41.65,5.95,2009-12-06,2010-07-04,3,1,2.3333333333333335,0.0,0.03317535545023697,3.0,0.0,3.0,211
90060D,FIRE POLISHED GLASS NECKL BRONZE,12,71.4,5.95,2009-12-06,2010-12-15,8,1,1.5,0.0,0.032,83.0,0.0,83.0,375
90060F,FIRE POLISHED GLASS NECKL GREEN,28,166.14000000000001,5.924444444444444,2009-12-06,2011-11-25,18,1,1.5555555555555556,0.0,0.03888888888888889,30.0,0.0,30.0,720
90063A,WHITE VINT ART DECO CRYSTAL NECKLAC,21,178.48,8.49846153846154,2010-06-17,2011-11-03,13,2,1.6153846153846154,0.0,0.041584158415841586,21.0,0.0,21.0,505
90063B,BLACK VINT ART DEC CRYSTAL NECKLACE,20,170.17000000000002,8.512142857142857,2009-12-03,2011-11-03,14,1,1.4285714285714286,0.0,0.028530670470756064,20.0,0.0,20.0,701
90064A,WHITE VINTAGE CRYSTAL EARRINGS,20,79.14,4.054166666666667,2010-01-13,2011-11-17,12,1,1.6666666666666667,0.0,0.02967359050445104,20.0,0.0,20.0,674
90064B,BLACK VINTAGE  CRYSTAL EARRINGS,21,78.75,3.75,2009-12-17,2011-10-12,12,1,1.75,0.047619047619047616,0.031578947368421054,21.0,1.0,20.0,665
90065A,WHITE VINTAGE CRYSTAL BRACELET,26,180.46,7.0600000000000005,2009-12-02,2011-06-26,16,1,1.7333333333333334,-0.25,0.045454545454545456,-4.0,1.0,-5.0,572
90065B,BLACK VINT ART DEC CRYSTAL BRACELET,22,154.87,7.0025,2009-12-13,2011-11-09,16,1,1.5714285714285714,-0.0,0.03156384505021521,-1.0,0.0,-1.0,697
90066A,PINK VINTAGE VICTORIAN CHOKER,5,33.75,6.75,2010-07-19,2010-10-07,2,1,2.5,0.0,0.06172839506172839,4.0,0.0,4.0,81
90067A,PINK VINTAGE VICTORIAN EARRINGS,33,97.24000000000001,2.943125,2009-12-01,2011-11-15,16,1,2.0625,0.0,0.046153846153846156,33.0,0.0,33.0,715
90067B,BROWN VINTAGE VICTORIAN EARRINGS,16,47.120000000000005,2.936666666666667,2009-12-01,2011-07-27,6,1,2.6666666666666665,0.0,0.026490066225165563,16.0,0.0,16.0,604
90081A,LILY BROOCH AMETHYST COLOUR,49,242.8,4.960416666666667,2009-12-07,2011-12-07,24,1,2.130434782608696,0.0,0.06703146374829001,43.0,0.0,43.0,731
90081B,LILY BROOCH WHITE/SILVER COLOUR,7,34.650000000000006,4.95,2010-10-19,2011-05-18,3,1,2.3333333333333335,0.0,0.0330188679245283,67.0,0.0,67.0,212
90081C,LILY BROOCH OLIVE COLOUR,50,250.47000000000003,5.032500000000001,2009-12-01,2011-12-07,36,1,1.3888888888888888,0.0,0.06784260515603799,51.0,0.0,51.0,737
90082A,DIAMANTE BOW BROOCH GREEN COLOUR,55,353.71,6.4799999999999995,2009-12-02,2011-12-08,32,1,1.7741935483870968,0.0,0.07462686567164178,60.0,0.0,60.0,737
90082B,DIAMANTE BOW BROOCH RED COLOUR,58,368.29999999999995,6.35,2009-12-15,2011-12-07,25,1,2.32,0.0,0.08022130013831259,60.0,0.0,60.0,723
90082C,DIAMANTE BOW BROOCH WHITE COLOUR,3,19.93,6.6433333333333335,2010-01-13,2010-02-10,3,1,1.0,0.0,0.10344827586206896,7.0,0.0,7.0,29
90082D,DIAMANTE BOW BROOCH BLACK COLOUR,103,664.3499999999999,6.51156862745098,2009-12-01,2011-11-27,51,1,2.1458333333333335,0.021739130434782608,0.14167812929848694,92.0,2.0,90.0,727
90120A,PINK MURANO TWIST BRACELET,93,395.68,4.258536585365854,2009-12-07,2011-01-25,41,1,2.657142857142857,0.0,0.22409638554216868,82.0,0.0,82.0,415
90120B,BLUE MURANO TWIST BRACELET,107,451.44,4.192619047619048,2009-12-09,2011-12-09,42,2,2.8157894736842106,0.0,0.146374829001368,108.0,0.0,108.0,731
90120C,GREEN MURANO TWIST BRACELET,109,462.32,4.241379310344827,2009-12-01,2011-12-09,58,1,2.0185185185185186,0.0,0.14749661705006767,111.0,0.0,111.0,739
90120D,WHITE MURANO TWIST BRACELET,134,554.13,4.20025,2009-12-07,2011-02-09,40,1,3.7222222222222223,0.0,0.3116279069767442,116.0,0.0,116.0,430
90121B,VINTAGE ROSE BEAD BRACELET BLUE,19,80.75,4.25,2009-12-01,2010-01-28,9,1,2.7142857142857144,0.11538461538461539,0.3220338983050847,26.0,3.0,23.0,59
90122A,PINK CRYSTAL+GLASS BRACELET,55,273.89,5.000967741935484,2010-01-11,2011-11-15,31,1,1.8333333333333333,0.0,0.08160237388724036,56.0,0.0,56.0,674
90122B,JADE CRYSTAL+GLASS BRACELET,46,228.99,4.999615384615385,2009-12-06,2011-09-02,26,1,1.7692307692307692,0.0,0.07232704402515723,46.0,0.0,46.0,636
90122C,TURQUOISE CRYSTAL+GLASS BRACELET,54,269.1,5.009,2009-12-14,2011-12-02,30,1,1.8620689655172413,0.0,0.07510431154381085,54.0,0.0,54.0,719
90123A,PINK HEART OF GLASS BRACELET,36,214.07,5.943157894736842,2009-12-13,2011-10-10,19,1,2.0,0.0,0.053973013493253376,37.0,0.0,37.0,667
90123B,TURQUOISE HEART OF GLASS BRACELET,26,154.69,5.94923076923077,2010-01-11,2011-08-01,13,1,2.0,0.0,0.045774647887323945,28.0,0.0,28.0,568
90123C,GREEN HEART OF GLASS BRACELET,27,160.75,5.958333333333333,2009-12-23,2011-08-01,12,1,2.25,0.0,0.04599659284497445,27.0,0.0,27.0,587
90123D,WHITE HEART OF GLASS BRACELET,29,172.39,5.938571428571429,2009-12-04,2011-11-28,14,1,2.0714285714285716,0.0,0.04,29.0,0.0,29.0,725
90124A,PINK MURANO TWIST NECKLACE,30,299.28,9.989,2009-12-02,2011-10-30,20,1,1.5789473684210527,0.0,0.04297994269340974,30.0,0.0,30.0,698
90124B,BLUE MURANO TWIST NECKLACE,39,391.18,10.054333333333334,2009-12-08,2011-11-11,30,1,1.3448275862068966,0.0,0.05539772727272727,40.0,0.0,40.0,704
90124C,GREEN MURANO TWIST NECKLACE,22,220.20999999999998,10.031875,2009-12-16,2011-11-03,16,1,1.375,0.0,0.03197674418604651,22.0,0.0,22.0,688
90125A,PINK BERTIE GLASS BEAD BAG CHARM,149,183.97,2.0233333333333334,2009-12-01,2011-07-13,18,1,8.764705882352942,0.08053691275167785,0.25254237288135595,149.0,12.0,137.0,590
90125B,AQUA BERTIE GLASS BEAD BAG CHARM,44,79.57,2.2058823529411766,2009-12-08,2011-12-02,17,2,2.588235294117647,0.0,0.060689655172413794,44.0,0.0,44.0,725
90125C,TURQUOISE BERTIE GLASS BEAD CHARM,92,101.35,1.6649999999999998,2009-12-01,2011-05-26,10,1,10.222222222222221,0.0,0.16974169741697417,92.0,0.0,92.0,542
90125D,PURPLE BERTIE GLASS BEAD BAG CHARM,136,223.74,2.7491666666666665,2009-12-01,2011-07-13,36,2,4.25,0.0,0.2305084745762712,136.0,0.0,136.0,590
90125E,AMBER BERTIE GLASS BEAD BAG CHARM,18,44.19,2.5035294117647062,2009-12-02,2011-05-26,17,1,1.0588235294117647,0.0,0.033271719038817,18.0,0.0,18.0,541
90126A,PINK BERTIE MOBILE PHONE CHARM,20,37.14,2.2466666666666666,2009-12-06,2010-12-13,5,2,4.0,0.0,0.05361930294906166,20.0,0.0,20.0,373
90126B,BLUE BERTIE MOBILE PHONE CHARM,3,8.48,2.8266666666666667,2009-12-18,2010-03-26,3,1,1.0,0.0,0.030303030303030304,3.0,0.0,3.0,99
90126C,AMBER BERTIE MOBILE PHONE CHARM,21,42.1,2.692,2009-12-18,2011-07-15,5,2,4.2,0.0,0.036521739130434785,21.0,0.0,21.0,575
90127A,PINK BEADS+HAND PHONE CHARM,14,19.92,1.855,2010-11-21,2011-07-15,2,1,7.0,0.0,0.05907172995780591,14.0,0.0,14.0,237
90127B,BLUE BEADS+HAND PHONE CHARM,2,2.5,1.25,2010-02-19,2010-09-09,2,1,1.0,0.0,0.009852216748768473,2.0,0.0,2.0,203
90128A,PINK LEAVES AND BEADS PHONE CHARM,31,46.21,1.7489999999999999,2010-01-24,2011-07-26,10,2,3.1,0.0,0.056466302367941715,48.0,0.0,48.0,549
90128B,BLUE LEAVES AND BEADS PHONE CHARM,18,23.759999999999998,1.46,2010-01-24,2010-12-09,6,2,3.0,0.0,0.05625,41.0,0.0,41.0,320
90128C,GREEN LEAVES AND BEADS PHONE CHARM,17,25.04,1.8816666666666666,2009-12-18,2011-09-28,6,2,2.8333333333333335,-0.0,0.026153846153846153,-9.0,0.0,-9.0,650
90128D,PURPLE LEAVES AND BEADS PHONE CHAR,13,21.24,1.9628571428571426,2010-02-24,2011-02-15,7,1,1.8571428571428572,-0.0,0.036414565826330535,-3.0,0.0,-3.0,357
90129A,PINK GLASS TASSLE BAG CHARM ,151,295.38,1.9371621621621622,2009-12-14,2011-10-03,73,2,2.3968253968253967,0.0,0.2291350531107739,156.0,0.0,156.0,659
90129B,TURQUOISE GLASS TASSLE BAG CHARM ,146,329.95,2.0748387096774197,2009-12-02,2011-12-07,62,2,2.6545454545454548,0.0,0.1983695652173913,150.0,0.0,150.0,736
90129C,GREEN GLASS TASSLE BAG CHARM,107,243.38,2.1127450980392157,2009-12-02,2011-12-07,51,1,2.276595744680851,0.0,0.1453804347826087,110.0,0.0,110.0,736
90129D,AMBER GLASS TASSLE BAG CHARM,67,161.57000000000002,2.151764705882353,2009-12-16,2011-10-19,34,2,2.09375,0.0,0.09955423476968796,69.0,0.0,69.0,673
90129E,PURPLE GLASS TASSLE BAG CHARM,129,263.14,1.9168333333333334,2009-12-16,2011-11-24,59,1,2.480769230769231,0.0,0.18194640338504936,133.0,0.0,133.0,709
90129F,RED GLASS TASSLE BAG CHARM,81,183.26000000000002,2.1609756097560973,2009-12-16,2011-12-07,41,3,2.1315789473684212,0.0,0.11218836565096953,87.0,0.0,87.0,722
90130A,WHITE STONE/CRYSTAL EARRINGS,28,82.51,2.944375,2009-12-18,2011-11-25,16,1,1.8666666666666667,0.0,0.03954802259887006,28.0,0.0,28.0,708
90130B,TURQ STONE/CRYSTAL EARRINGS,64,188.09,2.9373469387755105,2009-12-04,2011-12-09,49,1,1.3333333333333333,0.0,0.08695652173913043,66.0,0.0,66.0,736
90130C,GREEN STONE/CRYSTAL EARRINGS,25,73.62,2.9441666666666664,2009-12-04,2011-12-09,24,1,1.0869565217391304,0.0,0.033967391304347824,26.0,0.0,26.0,736
90130D,RED STONE/CRYSTAL EARRINGS,13,38.31,2.945,2010-01-11,2011-11-28,8,1,1.625,0.0,0.018922852983988356,13.0,0.0,13.0,687
90135A,ORANGE/FUSCHIA STONES NECKLACE,11,54.620000000000005,4.9925,2010-03-08,2011-04-19,4,2,2.75,0.0,0.02696078431372549,11.0,0.0,11.0,408
90141A,GREEN PENDANT TRIPLE SHELL NECKLACE,20,104.95,5.300000000000001,2009-12-06,2011-11-30,17,2,1.1764705882352942,0.0,0.027586206896551724,21.0,0.0,21.0,725
90141B,IVORY PENDANT TRIPLE SHELL NECKLACE,13,64.94,5.015555555555555,2009-12-16,2011-12-09,9,2,1.4444444444444444,0.0,0.017955801104972375,14.0,0.0,14.0,724
90141C,TURQ PENDANT TRIPLE SHELL NECKLACE,16,83.69,5.295384615384616,2009-12-06,2011-11-22,13,2,1.3333333333333333,0.0,0.022315202231520222,16.0,0.0,16.0,717
90141D,ROSE PENDANT TRIPLE SHELL NECKLACE,7,36.33,5.286,2010-01-19,2011-07-18,5,2,1.4,0.0,0.01282051282051282,7.0,0.0,7.0,546
90141E,ORANGE PENDANT TRIPLE SHELL NECKLAC,10,50.06,5.062,2009-12-06,2011-10-12,5,2,2.0,0.0,0.014792899408284023,10.0,0.0,10.0,676
90142A,GREEN PENDANT SHELL NECKLACE,5,25.45,5.09,2010-06-25,2010-12-17,4,1,1.25,0.0,0.028409090909090908,5.0,0.0,5.0,176
90142B,IVORY PENDANT SHELL NECKLACE,1,5.09,5.09,2010-11-22,2010-11-22,1,1,1.0,0.0,1.0,1.0,0.0,1.0,1
90142C,ROSE PINK PENDANT SHELL NECKLACE,1,5.09,5.09,2010-11-08,2010-11-08,1,1,1.0,0.0,1.0,1.0,0.0,1.0,1
90142D,MOP PENDANT SHELL NECKLACE,11,54.59,4.978,2010-11-24,2011-10-23,5,1,2.2,0.0,0.03293413173652695,11.0,0.0,11.0,334
90152A,SILVER/NAT SHELL NECKLACE W PENDANT,7,40.34,5.762857142857143,2009-12-08,2011-11-30,7,1,1.0,0.0,0.009681881051175657,7.0,0.0,7.0,723
90152B,BLUE/GREEN SHELL NECKLACE W PENDANT,6,35.26,5.862,2009-12-06,2010-12-13,5,1,1.2,0.0,0.0160857908847185,7.0,0.0,7.0,373
90152C,BLUE/NAT SHELL NECKLACE W PENDANT,7,41.650000000000006,5.95,2010-04-01,2011-02-14,4,1,1.75,0.0,0.021875,7.0,0.0,7.0,320
90160A,PURPLE BOUDICCA LARGE BRACELET,52,362.51,6.98,2010-01-13,2011-12-06,25,2,2.08,0.1346153846153846,0.07503607503607504,52.0,7.0,45.0,693
90160B,RED BOUDICCA LARGE BRACELET,71,490.92,6.8420689655172415,2009-12-02,2011-11-09,29,2,2.4482758620689653,0.0,0.10028248587570622,71.0,0.0,71.0,708
90160C,TURQ+RED BOUDICCA LARGE BRACELET,97,677.0,7.005333333333334,2009-12-22,2011-12-08,45,2,2.1555555555555554,0.0,0.13528591352859135,98.0,0.0,98.0,717
90160D,PINK BOUDICCA LARGE BRACELET,76,529.22,6.9764,2009-12-06,2011-11-17,25,2,3.1666666666666665,0.013157894736842105,0.10674157303370786,76.0,1.0,75.0,712
90161A,ANT COPPER RED BOUDICCA BRACELET,70,349.96000000000004,5.023953488372093,2009-12-06,2011-12-08,43,1,1.7073170731707317,0.0,0.09549795361527967,73.0,0.0,73.0,733
90161B,ANT COPPER TURQ BOUDICCA BRACELET,147,734.1600000000001,5.021578947368421,2009-12-02,2011-12-08,76,2,2.1,0.0,0.1994572591587517,152.0,0.0,152.0,737
90161C,ANT COPPER LIME BOUDICCA BRACELET,169,843.9100000000001,5.0213,2009-12-02,2011-12-08,100,2,1.8172043010752688,0.0,0.22930800542740842,170.0,0.0,170.0,737
90161D,ANT COPPER PINK BOUDICCA BRACELET,138,687.52,4.992000000000001,2009-12-06,2011-12-09,75,2,1.9166666666666667,0.0,0.1880108991825613,141.0,0.0,141.0,734
90162A,ANT SILVER TURQUOISE BOUDICCA RING,30,88.5,2.95,2010-01-24,2011-11-07,11,3,3.3333333333333335,0.0,0.045941807044410414,41.0,0.0,41.0,653
90162B,ANT SILVER LIME GREEN BOUDICCA RING,55,162.25000000000003,2.95,2010-03-01,2011-11-09,20,3,3.0555555555555554,0.017857142857142856,0.0888529886914378,56.0,1.0,55.0,619
90162C,ANT SILVER FUSCHIA BOUDICCA RING,42,123.90000000000002,2.95,2010-03-01,2011-10-30,16,2,2.625,0.0,0.06896551724137931,42.0,0.0,42.0,609
90162D,ANT SILVER PURPLE BOUDICCA RING,29,85.55000000000001,2.95,2010-01-24,2011-10-30,14,1,2.0714285714285716,0.0,0.04496124031007752,30.0,0.0,30.0,645
90163A,PINK ROSEBUD & PEARL NECKLACE,37,280.71,7.605416666666667,2009-12-04,2011-12-09,24,1,1.5416666666666667,0.0,0.050271739130434784,37.0,0.0,37.0,736
90163B,WHITE ROSEBUD & PEARL NECKLACE,13,98.45,7.5744444444444445,2009-12-09,2011-12-05,9,1,1.4444444444444444,0.0,0.017881705639614855,13.0,0.0,13.0,727
90164A,PINK ROSEBUD PEARL BRACELET,40,230.39,6.93,2009-12-04,2011-12-02,25,2,1.6,0.0,0.05486968449931413,25.0,0.0,25.0,729
90164B,WHITE  ROSEBUD PEARL BRACELET,67,362.94,6.648571428571429,2009-12-02,2011-12-05,35,1,1.9705882352941178,0.0,0.09128065395095368,53.0,0.0,53.0,734
90165A,PINK ROSEBUD PEARL EARRINGS,42,106.49,2.524074074074074,2009-12-07,2011-11-16,27,1,1.6153846153846154,0.0,0.059154929577464786,42.0,0.0,42.0,710
90165B,WHITE ROSEBUD  PEARL EARRINGS,52,131.65,2.5237142857142856,2009-12-04,2011-12-09,35,1,1.5294117647058822,0.0,0.07065217391304347,52.0,0.0,52.0,736
90175A,WHITE GLASS CHUNKY CHARM BRACELET,107,964.4499999999999,9.030806451612902,2009-12-01,2011-12-09,62,2,1.8771929824561404,0.07407407407407407,0.14479025710419485,108.0,8.0,100.0,739
90175B,PINK GLASS CHUNKY CHARM BRACELET,36,322.84999999999997,8.966666666666667,2009-12-09,2011-11-09,27,1,1.44,0.05405405405405406,0.05135520684736091,37.0,2.0,35.0,701
90175C,BLUE GLASS CHUNKY CHARM BRACELET,37,332.95,9.04,2009-12-01,2011-11-17,20,1,1.9473684210526316,0.0,0.05160390516039052,39.0,0.0,39.0,717
90175D,TIGRIS EYE CHUNKY CHARM BRACELET,58,527.8199999999999,9.128780487804878,2009-12-02,2011-12-09,41,1,1.45,0.0,0.07859078590785908,60.0,0.0,60.0,738
90176A,CLASSIC DIAMANTE NECKLACE JET,10,75.88,7.581428571428572,2009-12-03,2011-11-03,7,1,1.4285714285714286,0.1,0.014265335235378032,10.0,1.0,9.0,701
90176B,DIAMANTE NECKLACE BLACK ,5,37.620000000000005,7.53,2010-11-05,2011-11-16,4,1,1.25,0.0,0.013262599469496022,5.0,0.0,5.0,377
90176C,DIAMANTE NECKLACE,10,77.0,7.833333333333333,2009-12-14,2011-08-22,6,1,1.6666666666666667,0.2,0.01620745542949757,10.0,2.0,8.0,617
90176D,DIAMANTE NECKLACE PURPLE,11,82.81,7.5442857142857145,2009-12-15,2011-11-03,7,1,1.5714285714285714,0.09090909090909091,0.015965166908563134,11.0,1.0,10.0,689
90176E,DIAMANTE NECKLACE GREEN,4,29.98,7.493333333333333,2011-08-22,2011-12-02,3,1,1.3333333333333333,0.0,0.038834951456310676,4.0,0.0,4.0,103
90177A,CLASSIC DIAMANTE EARRINGS JET,19,55.690000000000005,2.924285714285714,2009-12-10,2011-12-09,14,2,1.3571428571428572,0.3157894736842105,0.026027397260273973,19.0,6.0,13.0,730
90177B,DROP DIAMANTE EARRINGS BLACK DIAMON,31,91.38000000000001,2.951578947368421,2009-12-10,2011-12-08,19,1,1.7222222222222223,0.0,0.04252400548696845,31.0,0.0,31.0,729
90177C,DROP DIAMANTE EARRINGS CRYSTAL,37,109.03,2.9458333333333333,2009-12-10,2011-12-09,24,2,1.608695652173913,0.15,0.050684931506849315,40.0,6.0,34.0,730
90177D,DROP DIAMANTE EARRINGS PURPLE,46,135.76000000000002,2.9524,2009-12-10,2011-12-02,25,2,1.9166666666666667,0.125,0.0636237897648686,48.0,6.0,42.0,723
90177E,DROP DIAMANTE EARRINGS GREEN,28,82.71000000000001,2.9545454545454546,2009-12-10,2011-11-21,22,2,1.3333333333333333,0.20689655172413793,0.03932584269662921,29.0,6.0,23.0,712
90178A,AMBER CHUNKY GLASS+BEAD NECKLACE,27,322.40999999999997,11.938571428571427,2009-12-01,2011-10-20,21,1,1.2857142857142858,0.0,0.03918722786647315,30.0,0.0,30.0,689
90178B,PURPLE CHUNKY GLASS+BEAD NECKLACE,16,191.40999999999997,11.969090909090909,2009-12-14,2010-12-17,11,1,1.4545454545454546,0.0,0.04336043360433604,16.0,0.0,16.0,369
90179A,AMBER FINE BEAD NECKLACE W TASSEL,12,71.0,5.905555555555556,2010-01-26,2011-12-08,9,1,1.3333333333333333,0.0,0.017595307917888565,12.0,0.0,12.0,682
90179B,PURPLE FINE BEAD NECKLACE W TASSEL,11,65.31,5.934444444444445,2009-12-02,2011-12-05,9,1,1.2222222222222223,0.0,0.014986376021798364,11.0,0.0,11.0,734
90179C,BLACK FINE BEAD NECKLACE W TASSEL,19,112.78,5.933125,2010-06-15,2011-12-01,16,1,1.3571428571428572,0.05,0.03551401869158879,20.0,1.0,19.0,535
90180A,BLACK+WHITE NECKLACE W TASSEL,44,396.64,9.73,2009-12-02,2011-11-29,28,1,1.6923076923076923,0.07692307692307693,0.06043956043956044,13.0,1.0,12.0,728
90180B,PURPLE AMETHYST NECKLACE W TASSEL,18,179.88,10.005714285714285,2009-12-03,2011-12-06,14,1,1.2857142857142858,0.0,0.02452316076294278,18.0,0.0,18.0,734
90181A,AMBER GLASS/SHELL/PEARL NECKLACE,14,128.64,9.188571428571427,2010-01-26,2011-11-30,14,2,1.0,0.0,0.020771513353115726,14.0,0.0,14.0,674
90181B,AMETHYST GLASS/SHELL/PEARL NECKLACE,25,231.27,9.255,2009-12-02,2011-12-09,24,1,1.0416666666666667,0.0,0.03387533875338753,27.0,0.0,27.0,738
90181C,BLACK GLASS/SHELL/PEARL NECKLACE,5,46.93,9.386,2009-12-02,2011-04-18,5,1,1.0,0.0,0.009940357852882704,5.0,0.0,5.0,503
90182A,AMBER 3 BEAD DROP EARRINGS,9,26.16,2.9066666666666667,2010-11-29,2011-12-06,9,1,1.125,0.0,0.024128686327077747,9.0,0.0,9.0,373
90182B,AMETHYST 3 BEAD DROP EARRINGS,6,17.53,2.921666666666667,2009-12-16,2011-12-08,6,1,1.0,0.0,0.008298755186721992,6.0,0.0,6.0,723
90182C,BLACK 3 BEAD DROP EARRINGS,19,55.74,2.926153846153846,2009-12-13,2011-12-09,13,2,1.4615384615384615,0.3157894736842105,0.026134800550206328,19.0,6.0,13.0,727
90183A,AMBER DROP EARRINGS W LONG BEADS,53,155.65,2.9306451612903226,2010-01-19,2011-12-09,31,2,1.7666666666666666,0.1111111111111111,0.07681159420289856,54.0,6.0,48.0,690
90183B,AMETHYST DROP EARRINGS W LONG BEADS,28,81.92999999999999,2.9304166666666664,2009-12-22,2011-12-05,24,1,1.1666666666666667,0.0,0.0392156862745098,29.0,0.0,29.0,714
90183C,BLACK DROP EARRINGS W LONG BEADS,13,38.12,2.9323076923076923,2009-12-02,2011-12-09,13,1,1.0,0.0,0.017615176151761516,13.0,0.0,13.0,738
90183c,BLACK DROP EARRINGS W LONG BEADS,1,2.9,2.9,2011-10-31,2011-10-31,1,1,1.0,0.0,1.0,1.0,0.0,1.0,1
90184A,AMBER CHUNKY BEAD BRACELET W STRAP,42,380.82,9.146799999999999,2009-12-06,2011-11-10,25,2,1.75,0.0,0.059574468085106386,47.0,0.0,47.0,705
90184B,AMETHYST CHUNKY BEAD BRACELET W STR,69,625.48,9.110212765957447,2009-12-01,2011-12-05,47,2,1.5681818181818181,0.04054054054054054,0.09387755102040816,74.0,3.0,71.0,735
90184C,BLACK CHUNKY BEAD BRACELET W STRAP,72,651.89,9.102857142857141,2009-12-06,2011-12-09,49,2,1.6,0.0,0.09809264305177112,75.0,0.0,75.0,734
90184c,BLACK CHUNKY BEAD BRACELET W STRAP,1,9.15,9.15,2011-10-31,2011-10-31,1,1,1.0,0.0,1.0,1.0,0.0,1.0,1
90185A,AMBER DIAMANTE EXPANDABLE RING,55,233.29,4.233076923076923,2009-12-08,2011-11-16,26,2,2.2,0.35135135135135137,0.07757404795486601,37.0,13.0,24.0,709
90185B,AMETHYST DIAMANTE EXPANDABLE RING,67,284.43,4.2385294117647065,2009-12-01,2011-12-09,34,2,2.2333333333333334,0.8636363636363636,0.09066305818673884,22.0,19.0,3.0,739
90185C,BLACK DIAMANTE EXPANDABLE RING,64,271.96,4.24875,2009-12-01,2011-10-31,32,2,2.2857142857142856,0.4603174603174603,0.09142857142857143,63.0,29.0,34.0,700
90185D,CRYSTAL DIAMANTE EXPANDABLE RING,69,293.33,4.252571428571429,2009-12-03,2011-06-02,35,1,2.3,0.125,0.12614259597806216,24.0,3.0,21.0,547
90186A,AMETHYST HOOP EARRING FLORAL LEAF,69,203.73000000000002,2.952058823529412,2009-12-03,2011-11-29,33,1,2.15625,0.0,0.09491059147180192,77.0,0.0,77.0,727
90186B,CRYSTAL HOOP EARRING FLORAL LEAF,57,168.26000000000002,2.95,2009-12-10,2011-11-29,31,1,1.9655172413793103,0.0,0.07916666666666666,58.0,0.0,58.0,720
90187A,BLUE DROP EARRINGS W BEAD CLUSTER,8,27.04,3.3842857142857143,2009-12-07,2011-02-28,7,1,1.1428571428571428,0.0,0.017817371937639197,0.0,0.0,0.0,449
90187B,GREEN DROP EARRINGS W BEAD CLUSTER,21,70.6,3.366,2009-12-03,2011-12-08,15,1,1.4,0.0,0.028532608695652172,22.0,0.0,22.0,736
90189A,SILVER 2 STRAND NECKLACE-LEAF CHARM,11,82.64,7.5175,2010-01-18,2011-11-18,8,1,1.375,0.0,0.016417910447761194,11.0,0.0,11.0,670
90189B,GOLD 2 STRAND NECKLACE-LEAF CHARMS,3,22.5,7.5,2010-02-16,2010-04-29,2,1,1.5,0.0,0.0410958904109589,3.0,0.0,3.0,73
90190A,SILVER/CRYSTAL DROP EARRINGS W LEAF,44,129.59,2.944516129032258,2009-12-02,2011-11-24,31,1,1.6296296296296295,0.0,0.06085753803596127,44.0,0.0,44.0,723
90190B,GOLD/AMBER DROP EARRINGS W LEAF,45,132.58,2.938,2009-12-03,2011-11-22,15,2,3.0,-0.0,0.0625,-73.0,0.0,-73.0,720
90190C,SILVER/AMETHYST DROP EARRINGS LEAF,55,161.82,2.9380555555555556,2009-12-08,2011-11-29,36,2,1.71875,0.0,0.07617728531855955,58.0,0.0,58.0,722
90195A,PURPLE GEMSTONE BRACELET,70,585.1999999999999,8.693181818181818,2009-12-02,2011-12-06,44,1,1.8918918918918919,0.16666666666666666,0.09523809523809523,30.0,5.0,25.0,735
90195B,BLACK GEMSTONE BRACELET,52,460.69,8.768846153846154,2009-12-01,2011-11-09,26,1,2.260869565217391,0.06451612903225806,0.07334273624823695,62.0,4.0,58.0,709
90196A,PURPLE GEMSTONE NECKLACE 45CM,19,242.25,12.75,2009-12-06,2011-11-29,11,1,1.7272727272727273,0.09090909090909091,0.026243093922651933,11.0,1.0,10.0,724
90196B,BLACK GEMSTONE NECKLACE 45CM,19,241.98,12.730714285714285,2009-12-06,2011-11-09,14,1,1.4615384615384615,0.0,0.026988636363636364,20.0,0.0,20.0,704
90197B,BLACK GLASS BRACELET W HEART CHARMS,64,322.52000000000004,5.046666666666667,2009-12-02,2011-12-06,51,2,1.3617021276595744,0.0,0.08707482993197278,64.0,0.0,64.0,735
90197D,AMBER GLASS BRACELET HEART CHARMS,9,44.550000000000004,4.95,2010-02-02,2010-04-07,4,1,2.25,-0.0,0.13846153846153847,-1.0,0.0,-1.0,65
90198A,VINTAGE ROSE BEAD BRACELET RASPBERR,144,609.4300000000001,4.223928571428571,2009-12-14,2011-12-09,84,2,1.894736842105263,0.0,0.19834710743801653,146.0,0.0,146.0,726
90198B,VINTAGE ROSE BEAD BRACELET BLACK,104,441.9,4.244693877551021,2009-12-07,2011-12-04,49,2,2.311111111111111,0.0,0.14285714285714285,106.0,0.0,106.0,728
90199A,5 STRAND GLASS NECKLACE BLACK,22,139.5,6.3374999999999995,2009-12-16,2011-11-03,16,1,1.4666666666666666,0.04,0.03197674418604651,25.0,1.0,24.0,688
90199B,5 STRAND GLASS NECKLACE AMETHYST,36,228.60999999999999,6.350322580645161,2009-12-01,2011-12-02,31,1,1.2413793103448276,0.0,0.04918032786885246,31.0,0.0,31.0,732
90199C,5 STRAND GLASS NECKLACE CRYSTAL,99,585.29,6.3130303030303025,2009-12-01,2011-11-29,31,1,3.3,0.018867924528301886,0.13580246913580246,106.0,2.0,104.0,729
90199D,5 STRAND GLASS NECKLACE AMBER,22,139.28,6.3237499999999995,2009-12-17,2011-11-29,16,1,1.375,0.0,0.030855539971949508,22.0,0.0,22.0,713
90200A,PURPLE SWEETHEART BRACELET,177,749.69,4.227171717171717,2009-12-01,2011-12-09,99,2,2.0113636363636362,0.021621621621621623,0.2395128552097429,185.0,4.0,181.0,739
90200B,BLACK SWEETHEART BRACELET,183,775.45,4.226190476190476,2009-12-01,2011-12-08,84,2,2.231707317073171,0.021505376344086023,0.24796747967479674,186.0,4.0,182.0,738
90200C,BLUE SWEETHEART BRACELET,206,874.63,4.244343434343435,2009-12-01,2011-03-22,98,3,2.5121951219512195,0.02197802197802198,0.43186582809224316,182.0,4.0,178.0,477
90200D,PINK SWEETHEART BRACELET,327,1372.26,4.221866666666666,2009-12-01,2011-12-08,150,3,2.680327868852459,0.008875739644970414,0.44308943089430897,338.0,3.0,335.0,738
90200E,GREEN SWEETHEART BRACELET,209,873.97,4.22054945054945,2009-12-01,2011-12-08,91,3,2.6455696202531644,0.07476635514018691,0.28319783197831977,214.0,16.0,198.0,738
90201A,PURPLE ENAMEL FLOWER RING,130,382.84000000000003,2.9424074074074076,2009-12-13,2011-12-09,54,3,2.6,0.03076923076923077,0.17881705639614856,130.0,4.0,126.0,727
90201B,BLACK ENAMEL FLOWER RING,154,454.31000000000006,2.9568518518518516,2009-12-02,2011-12-09,54,4,2.9056603773584904,0.08333333333333333,0.2086720867208672,156.0,13.0,143.0,738
90201C,RED ENAMEL FLOWER RING,119,350.94000000000005,2.9495652173913043,2009-12-23,2011-12-09,46,4,2.7045454545454546,0.05042016806722689,0.16596931659693165,119.0,6.0,113.0,717
90201D,GREEN ENAMEL FLOWER RING,133,391.37,2.9396491228070176,2009-12-18,2011-12-09,57,3,2.462962962962963,0.0,0.18421052631578946,134.0,0.0,134.0,722
90202A,PURPLE ENAMEL FLOWER HAIR TIE,31,90.9,2.93,2010-02-10,2011-12-08,23,2,1.4761904761904763,0.1935483870967742,0.046476761619190406,31.0,6.0,25.0,667
90202B,WHITE ENAMEL FLOWER HAIR TIE,24,70.49,2.936875,2009-12-02,2011-12-08,16,2,1.5,0.25,0.032564450474898234,24.0,6.0,18.0,737
90202C,GREEN ENAMEL FLOWER HAIR TIE,31,91.46000000000001,2.9524,2009-12-09,2011-12-09,25,2,1.2916666666666667,0.1875,0.04240766073871409,32.0,6.0,26.0,731
90202D,PINK ENAMEL FLOWER HAIR TIE,48,141.49,2.94375,2009-12-15,2011-12-09,24,3,2.0,0.125,0.06620689655172414,48.0,6.0,42.0,725
90205A,LARGE MINT DIAMANTE HAIRSLIDE,38,63.46,1.674090909090909,2009-12-09,2011-11-24,22,2,1.7272727272727273,0.0,0.05307262569832402,42.0,0.0,42.0,716
90205C,LARGE CRYSTAL DIAMANTE HAIRSLIDE,78,122.31,1.6591666666666667,2009-12-09,2011-11-28,24,2,3.391304347826087,0.0,0.10833333333333334,78.0,0.0,78.0,720
90206A,GOLD DIAMANTE STAR BROOCH,16,79.60000000000001,4.983333333333333,2009-12-17,2011-12-08,12,1,1.4545454545454546,0.0,0.0221606648199446,16.0,0.0,16.0,722
90206C,CRYSTAL DIAMANTE STAR BROOCH,80,402.61,5.043684210526316,2009-12-01,2011-12-09,57,1,1.5686274509803921,0.0,0.10825439783491204,82.0,0.0,82.0,739
90209A,PURPLE ENAMEL+GLASS HAIR COMB,173,325.5,1.9949999999999999,2009-12-01,2011-11-04,10,3,17.3,0.05202312138728324,0.24573863636363635,173.0,9.0,164.0,704
90209B,GREEN ENAMEL+GLASS HAIR COMB,380,730.66,2.0865306122448977,2009-12-09,2011-10-02,97,1,4.691358024691358,0.0,0.5731523378582202,391.0,0.0,391.0,663
90209C,PINK ENAMEL+GLASS HAIR COMB,399,754.46,2.0842424242424245,2009-12-01,2011-10-31,66,2,6.540983606557377,0.01812688821752266,0.57,331.0,6.0,325.0,700
90210A,GREY ACRYLIC FACETED BANGLE,88,207.34,2.6804761904761905,2009-12-04,2011-12-09,21,2,4.4,0.0,0.11956521739130435,89.0,0.0,89.0,736
90210B,CLEAR ACRYLIC FACETED BANGLE,102,232.04000000000002,2.705833333333333,2009-12-10,2011-12-08,24,2,4.25,0.0,0.13991769547325103,106.0,0.0,106.0,729
90210C,RED   ACRYLIC FACETED BANGLE,118,186.56,2.4185714285714286,2009-12-04,2011-12-08,14,1,9.076923076923077,0.0,0.16054421768707483,109.0,0.0,109.0,735
90210D,PURPLE ACRYLIC FACETED BANGLE,142,235.73000000000002,2.4991304347826087,2009-12-04,2011-11-10,23,2,7.1,0.0,0.20084865629420084,115.0,0.0,115.0,707
90211A,DIAMOND LAS VEGAS NECKLACE 45CM,28,166.57000000000002,5.955714285714286,2009-12-14,2011-12-05,21,2,1.4,0.0,0.038781163434903045,31.0,0.0,31.0,722
90211B,JET BLACK LAS VEGAS NECKLACE 45CM,35,208.21,5.948846153846154,2009-12-02,2011-11-03,26,2,1.3461538461538463,0.05128205128205128,0.04985754985754986,39.0,2.0,37.0,702
90212B,JET BLACK LAS VEGAS BRACELET ROUND,37,140.07,3.7971428571428567,2009-12-02,2011-05-06,28,2,1.3703703703703705,0.0,0.0710172744721689,41.0,0.0,41.0,521
90212C,PURPLE LAS VEGAS BRACELET ROUND,15,56.25,3.75,2009-12-13,2011-09-06,7,2,2.142857142857143,0.0,0.023696682464454975,28.0,0.0,28.0,633
90214A,"LETTER ""A"" BLING KEY RING",213,213.65,1.054423076923077,2009-12-02,2011-12-08,104,1,2.3666666666666667,0.0273972602739726,0.28900949796472186,219.0,6.0,213.0,737
90214B,"LETTER ""B"" BLING KEY RING",75,72.33,1.0195,2009-12-09,2011-12-05,40,1,2.027027027027027,0.0,0.1031636863823934,80.0,0.0,80.0,727
90214C,"LETTER ""C"" BLING KEY RING",165,162.53,1.0227536231884058,2009-12-03,2011-12-08,69,2,2.75,0.03409090909090909,0.22418478260869565,176.0,6.0,170.0,736
90214D,"LETTER ""D"" BLING KEY RING",100,90.82,1.0224,2009-12-03,2011-12-08,50,1,2.0408163265306123,0.0,0.1358695652173913,103.0,0.0,103.0,736
90214E,"LETTER ""E"" BLING KEY RING",142,139.28,1.0738805970149254,2009-12-10,2011-12-08,67,2,2.4482758620689653,0.04054054054054054,0.19478737997256515,148.0,6.0,142.0,729
90214F,"LETTER ""F"" BLING KEY RING",44,36.28,0.9633333333333333,2009-12-10,2011-12-07,27,1,1.6923076923076923,0.0,0.06043956043956044,47.0,0.0,47.0,728
90214G,"LETTER ""G"" BLING KEY RING",100,93.17999999999999,1.0266666666666666,2009-12-13,2011-12-07,48,1,2.380952380952381,0.0673076923076923,0.13793103448275862,104.0,7.0,97.0,725
90214H,"LETTER ""H"" BLING KEY RING",83,77.71,0.9809433962264151,2009-12-01,2011-12-07,53,1,1.7659574468085106,0.0,0.11261872455902307,88.0,0.0,88.0,737
90214I,"LETTER ""I"" BLING KEY RING",62,61.0,1.0766666666666667,2009-12-09,2011-12-08,27,1,2.2962962962962963,0.09375,0.08493150684931507,64.0,6.0,58.0,730
90214J,"LETTER ""J"" BLING KEY RING",157,161.47,1.054318181818182,2009-12-02,2011-12-06,88,1,2.1506849315068495,0.037037037037037035,0.21360544217687075,162.0,6.0,156.0,735
90214K,"LETTER ""K"" BLING KEY RING",154,158.4,1.1232530120481927,2009-12-07,2011-12-08,83,1,2.0533333333333332,0.006329113924050633,0.2103825136612022,158.0,1.0,157.0,732
90214L,"LETTER ""L"" BLING KEY RING",176,166.06,1.0161764705882352,2009-12-06,2011-12-08,68,2,2.75,0.0446927374301676,0.24010914051841747,179.0,8.0,171.0,733
90214M,"LETTER ""M"" BLING KEY RING",138,139.82,1.09015625,2009-12-06,2011-12-05,64,1,2.4210526315789473,0.0,0.18904109589041096,146.0,0.0,146.0,730
90214N,"LETTER ""N"" BLING KEY RING",78,76.39999999999999,1.048181818181818,2009-12-06,2011-12-08,43,1,1.9024390243902438,0.0,0.10641200545702592,82.0,0.0,82.0,733
90214O,"LETTER ""O"" BLING KEY RING",36,31.419999999999998,1.0822222222222222,2009-12-09,2011-12-06,18,1,2.1176470588235294,0.0,0.04945054945054945,37.0,0.0,37.0,728
90214P,"LETTER ""P"" BLING KEY RING",77,66.59,1.0396969696969698,2009-12-07,2011-12-08,33,1,2.40625,0.075,0.1051912568306011,80.0,6.0,74.0,732
90214R,"LETTER ""R"" BLING KEY RING",91,93.72999999999999,1.0916,2009-12-06,2011-12-08,50,1,1.9361702127659575,0.0,0.12414733969986358,97.0,0.0,97.0,733
90214S,"LETTER ""S"" BLING KEY RING",184,181.34,1.036279069767442,2009-12-02,2011-12-08,86,2,2.5555555555555554,0.031413612565445025,0.2496607869742198,191.0,6.0,185.0,737
90214T,"LETTER ""T"" BLING KEY RING",57,55.57,1.0716666666666665,2009-12-06,2011-12-05,24,1,2.590909090909091,0.0,0.07808219178082192,57.0,0.0,57.0,730
90214U,"LETTER ""U"" BLING KEY RING",13,4.7299999999999995,0.77,2010-11-03,2011-12-05,2,1,6.5,0.0,0.032663316582914576,13.0,0.0,13.0,398
90214V,"LETTER ""V"" BLING KEY RING",38,28.98,0.9525,2010-02-03,2011-12-05,24,1,1.5833333333333333,0.0,0.05663189269746647,41.0,0.0,41.0,671
90214W,"LETTER ""W"" BLING KEY RING",19,10.17,0.8724999999999999,2010-06-07,2011-12-05,8,1,2.375,0.0,0.03473491773308958,19.0,0.0,19.0,547
90214Y,"LETTER ""Y"" BLING KEY RING",68,25.339999999999996,0.852,2010-11-03,2011-12-06,10,1,6.8,0.0,0.17042606516290726,69.0,0.0,69.0,399
90214Z,"LETTER ""Z"" BLING KEY RING",31,21.49,0.9011111111111111,2009-12-10,2011-12-05,18,1,1.7222222222222223,0.0,0.04269972451790634,32.0,0.0,32.0,726
ADJUST,Adjustment by john on 26/01/2010 16,36,8897.929999999998,247.16472222222217,2010-01-26,2010-01-26,36,9,36.0,0.8611111111111112,36.0,36.0,31.0,5.0,1
ADJUST2,Adjustment by Peter on Jun 25 2010 ,3,731.05,243.6833333333333,2010-06-25,2010-06-25,3,1,3.0,0.0,3.0,3.0,0.0,3.0,1
AMAZONFEE,AMAZON FEE,3,20467.8,6822.599999999999,2010-11-08,2011-03-28,3,1,1.0,9.75,0.02127659574468085,4.0,39.0,-35.0,141
B,Adjust bad debt,1,11062.06,11062.06,2011-08-12,2011-08-12,1,1,1.0,0.0,1.0,6.0,0.0,6.0,1
BANK CHARGES, Bank Charges,34,519.241,15.271794117647058,2009-12-08,2011-12-07,33,2,1.1724137931034482,2.2,0.04657534246575343,35.0,77.0,-42.0,730
C2,CARRIAGE,268,13426.0,50.21722846441948,2009-12-03,2011-12-05,267,4,1.3673469387755102,0.009681881051175657,0.3656207366984993,723.0,7.0,716.0,733
D,Discount,196,397.89,41.378,2010-04-15,2010-11-30,5,1,39.2,15.653061224489797,0.8521739130434782,196.0,3068.0,-2872.0,230
DCGS0003,BOXED GLASS ASHTRAY,13,32.589999999999996,2.506923076923077,2009-12-09,2011-05-05,13,1,1.0,0.0,0.025341130604288498,6.0,0.0,6.0,513
DCGS0004,HAYNES CAMPER SHOULDER BAG,4,67.94,16.985,2009-12-03,2011-04-27,4,1,1.0,0.0,0.007827788649706457,2.0,0.0,2.0,511
DCGS0037,KEY-RING CORKSCREW,1,12.72,12.72,2010-06-14,2010-06-14,1,1,1.0,0.0,1.0,0.0,0.0,0.0,1
DCGS0041,HAYNES MINI-COOPER PLAYING CARDS,1,5.06,5.06,2010-06-04,2010-06-04,1,1,1.0,0.0,1.0,1.0,0.0,1.0,1
DCGS0044,HANDZ-OFF CAR FRESHENER,1,2.57,2.57,2009-12-15,2009-12-15,1,1,1.0,0.0,1.0,1.0,0.0,1.0,1
DCGS0058,MISO PRETTY  GUM,42,34.82,0.8286666666666667,2009-12-01,2010-10-22,30,1,1.6153846153846154,0.0,0.12883435582822086,43.0,0.0,43.0,326
DCGS0062,ROAD-RAGE CAR FRESHENER,1,2.51,2.51,2010-10-25,2010-10-25,1,1,1.0,0.0,1.0,0.0,0.0,0.0,1
DCGS0066N,NAVY CUDDLES DOG HOODIE,2,17.3,8.65,2009-12-22,2009-12-22,2,1,2.0,0.0,2.0,4.0,0.0,4.0,1
DCGS0068,DOGS NIGHT COLLAR,2,17.12,8.56,2009-12-01,2010-01-19,2,1,1.0,-0.0,0.04,-8.0,0.0,-8.0,50
DCGS0069,OOH LA LA DOGS COLLAR,5,80.31,16.062,2010-03-15,2011-01-28,5,1,1.0,0.0,0.015625,0.0,0.0,0.0,320
DCGS0070,CAMOUFLAGE DOG COLLAR,2,25.44,12.72,2010-04-01,2010-12-21,2,1,1.0,-0.0,0.007547169811320755,-6.0,0.0,-6.0,265
DCGS0072,CAT CAMOUFLAGUE COLLAR,4,20.68,5.17,2009-12-14,2009-12-18,3,1,1.3333333333333333,0.0,0.8,3.0,0.0,3.0,5
DCGS0075,CAMOUFLAGUE DOG LEAD,1,12.72,12.72,2010-04-01,2010-04-01,1,1,1.0,0.0,1.0,1.0,0.0,1.0,1
DCGS0076,SUNJAR LED NIGHT NIGHT LIGHT,17,275.96,16.255,2009-12-03,2010-12-20,14,1,1.3076923076923077,0.0,0.044386422976501305,18.0,0.0,18.0,383
DCGSSBOY,BOYS PARTY BAG,77,251.35,3.2261904761904763,2010-06-21,2011-12-01,21,1,3.85,0.0,0.14555765595463138,87.0,0.0,87.0,529
DCGSSGIRL,GIRLS PARTY BAG,92,295.63,3.2317391304347827,2010-06-21,2011-11-16,23,1,4.380952380952381,0.0,0.17898832684824903,191.0,0.0,191.0,514
DOT,DOTCOM POSTAGE,1415,309854.11,218.9781696113074,2009-12-01,2011-12-09,1415,1,3.2086167800453516,0.0010200612036722204,1.9147496617050068,2941.0,3.0,2938.0,739
M,Manual,9629,339226.24,394.31801418439716,2009-12-01,2011-12-08,784,21,25.541114058355436,0.5419111066918564,13.047425474254743,10057.0,5450.0,4607.0,738
PADS,PADS TO MATCH ALL CUSHIONS,17,0.017,0.001,2010-01-19,2011-09-25,17,2,1.0,0.05555555555555555,0.027642276422764227,18.0,1.0,17.0,615
POST,POSTAGE,5363,125682.42,29.466515397082656,2009-12-01,2011-12-09,1851,25,10.433852140077821,0.02910383248487177,7.2571041948579165,10411.0,303.0,10108.0,739
S,SAMPLES,3,136.85,45.61666666666667,2010-04-30,2011-10-26,3,1,1.0,33.666666666666664,0.005504587155963303,3.0,101.0,-98.0,545
SP1002,KID'S CHALKBOARD/EASEL,5,14.75,2.95,2010-10-07,2010-10-07,2,1,5.0,-0.0,5.0,-22.0,0.0,-22.0,1
TEST001,This is a test product.,50,225.0,4.5,2009-12-14,2010-04-12,9,1,8.333333333333334,0.08333333333333333,0.4166666666666667,60.0,5.0,55.0,120
TEST002,This is a test product.,1,1.0,1.0,2009-12-18,2009-12-18,1,1,1.0,0.0,1.0,2.0,0.0,2.0,1
gift_0001_10,Dotcomgiftshop Gift Voucher £10.00,15,126.21,8.42,2009-12-18,2011-12-08,14,1,1.1538461538461537,0.0,0.020804438280166437,55.0,0.0,55.0,721
gift_0001_20,Dotcomgiftshop Gift Voucher £20.00,28,471.06,16.807692307692307,2009-12-14,2011-10-31,26,1,1.12,0.0,0.040756914119359534,53.0,0.0,53.0,687
gift_0001_30,Dotcomgiftshop Gift Voucher £30.00,24,610.09,25.420416666666668,2009-12-23,2011-09-02,24,1,1.0,0.0,0.03877221324717286,77.0,0.0,77.0,619
gift_0001_40,Dotcomgiftshop Gift Voucher £40.00,5,166.09,33.218,2010-08-10,2011-07-27,5,1,1.0,0.0,0.014204545454545454,18.0,0.0,18.0,352
gift_0001_50,Dotcomgiftshop Gift Voucher £50.00,6,253.59,42.265,2009-12-18,2011-06-30,6,1,1.0,0.0,0.010714285714285714,19.0,0.0,19.0,560
gift_0001_70,Dotcomgiftshop Gift Voucher £70.00,1,59.57,59.57,2010-06-14,2010-06-14,1,1,1.0,0.0,1.0,13.0,0.0,13.0,1
gift_0001_80,Dotcomgiftshop Gift Voucher £80.00,1,69.56,69.56,2009-12-14,2009-12-14,1,1,1.0,0.07692307692307693,1.0,13.0,1.0,12.0,1
m,Manual,5,15.049999999999999,3.01,2010-02-19,2010-12-21,4,1,1.25,0.0,0.016339869281045753,5.0,0.0,5.0,306
