Customer_ID,Customer_Name,Gender,Age,City,State,Registration_Date,Last_Purchase_Date,Total_Orders,Purchase_Frequency,Total_Quantity_Purchased,Average_Basket_Size,Average_Order_Value,Total_Revenue,Customer_Lifetime_Value,Preferred_Category,Preferred_Channel,Customer_Segment,Loyalty_Status,Days_Since_Last_Purchase,Churn_Risk,Churn
CUST100000,Allison Hill,Male,51,Chennai,Tamil Nadu,2019-03-25,2026-05-05,21,2.9,252,12,3240.28,68045.88,68073.82,Fashion,Offline,Medium Value,Silver,50,Low,0
CUST100001,Noah Rhodes,Female,47,Surat,Gujarat,2022-07-18,2025-06-22,8,2.04,48,6,200.0,1600.0,1602.96,Beauty,Offline,Low Value,Bronze,367,High,0
CUST100002,Angie Henderson,Female,27,Nashik,Maharashtra,2021-11-03,2026-03-06,10,2.16,90,9,1292.17,12921.7,12929.55,Electronics,Online,Low Value,Bronze,110,Medium,0
CUST100003,Daniel Wagner,Female,62,Nagpur,Maharashtra,2021-05-15,2026-06-03,40,7.84,560,14,3656.06,146242.4,146280.04,Beauty,Online,Medium Value,Gold,21,Low,0
CUST100004,Cristian Santos,Female,31,Lucknow,Uttar Pradesh,2023-01-10,2026-05-10,50,14.51,850,17,3060.45,153022.5,153069.34,Grocery,Online,Medium Value,Gold,45,Low,0
CUST100005,Connie Lawrence,Male,31,Jaipur,Rajasthan,2020-04-04,2026-05-28,97,15.61,2425,25,11443.59,1110028.23,1110198.98,Sports,Online,High Value,Platinum,27,Low,0
CUST100006,Abigail Shaffer,Female,38,Mumbai,Maharashtra,2020-02-14,2026-06-20,109,17.16,2289,21,6815.56,742896.04,742876.45,Home & Kitchen,Offline,High Value,Platinum,4,Low,0
CUST100007,Gina Moore,Male,30,Vadodara,Gujarat,2019-09-23,2025-12-06,5,0.74,10,2,835.65,4178.25,4171.64,Electronics,Online,Low Value,Bronze,200,High,1
CUST100008,Gabrielle Davis,Male,32,Jaipur,Rajasthan,2019-04-20,2026-06-17,30,4.18,360,12,3424.87,102746.1,102690.78,Electronics,Online,Medium Value,Silver,7,Low,0
CUST100009,Ryan Munoz,Male,37,Kochi,Kerala,2019-09-15,2026-02-15,3,0.5,12,4,1138.34,3415.02,3852.12,Fashion,Offline,Low Value,Bronze,129,Medium,1
CUST100010,Monica Herrera,Female,52,Kanpur,Uttar Pradesh,2019-11-05,2026-04-14,38,5.73,1292,34,12208.51,463923.38,463683.72,Home & Kitchen,Offline,High Value,Gold,71,Low,0
CUST100011,Jamie Arnold,Male,30,Coimbatore,Tamil Nadu,2021-04-12,2025-09-13,2,0.5,6,3,1060.92,2121.84,2755.05,Grocery,Offline,Low Value,Bronze,284,High,1
CUST100012,Lisa Hensley,Female,28,Ahmedabad,Gujarat,2021-06-09,2026-02-01,1,0.5,7,7,1356.71,1356.71,3415.45,Home & Kitchen,Offline,Low Value,Bronze,143,Medium,1
CUST100013,Michele Williams,Female,40,Ranchi,Jharkhand,2022-05-12,2026-05-22,16,3.89,320,20,4307.54,68920.64,68906.25,Beauty,Online,Medium Value,Silver,33,Low,0
CUST100014,Dylan Miller,Female,27,Bhopal,Madhya Pradesh,2022-10-17,2026-06-10,47,12.77,658,14,15714.3,738572.1,738405.6,Fashion,Online,High Value,Platinum,14,Low,0
CUST100015,Brian Ramirez,Female,19,Hyderabad,Telangana,2023-08-14,2026-06-09,74,25.91,888,12,8580.83,634981.42,634878.76,Fashion,Offline,High Value,Gold,15,Low,0
CUST100016,Holly Wood,Female,42,Jaipur,Rajasthan,2022-12-03,2026-02-27,27,7.6,54,2,1881.13,50790.51,50767.08,Electronics,Online,Medium Value,Silver,117,Medium,0
CUST100017,Derek Zuniga,Female,51,Hyderabad,Telangana,2020-04-26,2026-01-25,17,2.76,85,5,6056.91,102967.47,102888.37,Grocery,Online,Medium Value,Silver,150,Medium,0
CUST100018,Lisa Jackson,Male,46,Vadodara,Gujarat,2023-05-29,2026-05-04,24,7.83,168,7,1583.0,37992.0,38007.6,Beauty,Online,Medium Value,Silver,51,Low,0
CUST100019,Carla Gray,Male,52,Delhi,Delhi,2023-03-25,2026-03-14,16,4.93,112,7,1530.14,24482.24,24474.07,Electronics,Online,Medium Value,Bronze,102,Medium,0
CUST100020,Margaret Hawkins DDS,Male,28,Coimbatore,Tamil Nadu,2020-08-10,2025-03-18,12,2.05,72,6,937.57,11250.84,11271.63,Grocery,Online,Low Value,Bronze,463,High,0
CUST100021,Patty Perez,Female,59,Madurai,Tamil Nadu,2023-01-09,2026-06-05,108,31.31,3780,35,6276.47,677858.76,677920.62,Electronics,Online,High Value,Gold,19,Low,0
CUST100022,Ethan Adams,Female,41,Bhopal,Madhya Pradesh,2021-07-15,2026-02-12,18,3.65,216,12,200.0,3600.0,3603.53,Electronics,Offline,Low Value,Bronze,132,Medium,0
CUST100023,Tommy Walter,Female,36,Kanpur,Uttar Pradesh,2021-07-14,2026-03-31,37,7.49,296,8,3938.35,145718.95,145694.26,Electronics,Offline,Medium Value,Gold,85,Low,0
CUST100024,Matthew Foster,Male,34,Visakhapatnam,Andhra Pradesh,2024-05-26,2026-03-19,27,13.03,216,8,5176.41,139763.07,139790.85,Beauty,Online,Medium Value,Gold,97,Low,0
CUST100025,Judy Baker,Female,26,Bengaluru,Karnataka,2021-05-17,2026-02-23,3,0.59,27,9,890.49,2671.47,2678.37,Grocery,Online,Low Value,Bronze,121,Medium,1
CUST100026,Justin Baker,Male,18,Vadodara,Gujarat,2022-11-29,2026-06-18,68,19.09,952,14,12929.28,879191.04,879158.83,Beauty,Offline,High Value,Platinum,6,Low,0
CUST100027,Stephanie Ross,Male,46,Lucknow,Uttar Pradesh,2023-05-18,2025-10-30,20,6.46,120,6,3778.45,75569.0,75582.03,Electronics,Online,Medium Value,Silver,237,High,0
CUST100028,Zachary Hicks,Other,38,Guwahati,Assam,2021-06-15,2026-03-24,7,1.39,112,16,3465.45,24258.15,24173.9,Sports,Online,Medium Value,Bronze,92,Medium,1
CUST100029,Anthony Rodriguez,Male,18,Vadodara,Gujarat,2022-11-08,2026-06-12,101,27.9,3131,31,10347.97,1045144.97,1044962.23,Fashion,Online,High Value,Platinum,12,Low,0
CUST100030,Rebecca Henderson,Male,18,Chandigarh,Chandigarh,2020-11-14,2025-10-28,22,3.93,242,11,4274.12,94030.64,94092.43,Beauty,Online,Medium Value,Silver,239,High,0
CUST100031,James Ferrell,Female,40,Visakhapatnam,Andhra Pradesh,2020-12-03,2026-04-04,94,16.94,2068,22,7275.41,683888.54,683965.83,Sports,Offline,High Value,Platinum,81,Low,0
CUST100032,Tricia Valencia,Other,41,Madurai,Tamil Nadu,2023-04-24,2026-05-06,33,10.44,693,21,13714.05,452563.65,452749.51,Beauty,Online,High Value,Gold,49,Low,0
CUST100033,Nathan Maldonado,Female,41,Kanpur,Uttar Pradesh,2022-05-18,2026-06-14,5,1.22,20,4,1553.14,7765.7,7760.89,Electronics,Offline,Low Value,Bronze,10,Low,1
CUST100034,Debra Davidson,Male,37,Delhi,Delhi,2023-10-16,2025-11-24,4,1.49,36,9,502.51,2010.04,2008.94,Beauty,Online,Low Value,Bronze,212,High,1
CUST100035,Jeffrey Chavez,Male,18,Indore,Madhya Pradesh,2024-05-05,2025-08-03,7,3.29,63,9,1339.16,9374.12,9384.64,Sports,Offline,Low Value,Bronze,325,High,0
CUST100036,Sherri Baker,Male,33,Surat,Gujarat,2020-12-13,2026-04-25,15,2.72,105,7,1256.72,18850.8,18876.57,Home & Kitchen,Offline,Medium Value,Bronze,60,Low,0
CUST100037,Cassandra Gaines,Female,33,Nashik,Maharashtra,2021-03-26,2025-12-27,68,12.98,612,9,4115.69,279866.92,279942.64,Electronics,Online,High Value,Gold,179,Low,0
CUST100038,Elizabeth Fowler,Female,56,Bhopal,Madhya Pradesh,2021-09-16,2026-02-02,22,4.62,198,9,5929.25,130443.5,130497.07,Electronics,Offline,Medium Value,Gold,142,Low,0
CUST100039,Brittany Farmer,Male,32,Chennai,Tamil Nadu,2019-02-14,2026-04-02,24,3.26,360,15,2725.44,65410.56,65314.3,Sports,Offline,Medium Value,Silver,83,Low,0
CUST100040,Paula Moreno,Male,40,Vadodara,Gujarat,2023-05-22,2026-06-14,95,30.79,855,9,8643.05,821089.75,821127.14,Beauty,Online,High Value,Platinum,10,Low,0
CUST100041,Fred Smith,Male,29,Hyderabad,Telangana,2021-09-18,2025-03-15,15,3.15,120,8,1267.36,19010.4,18996.35,Sports,Offline,Medium Value,Bronze,466,High,0
CUST100042,Sherry Decker,Female,24,Kanpur,Uttar Pradesh,2020-04-17,2026-06-10,53,8.58,1166,22,9422.62,499398.86,499574.54,Fashion,Online,High Value,Gold,14,Low,0
CUST100043,Anthony Humphrey,Male,29,Lucknow,Uttar Pradesh,2020-04-18,2025-04-30,8,1.3,72,9,2949.21,23593.68,23680.88,Grocery,Online,Medium Value,Bronze,420,High,1
CUST100044,Angelica Tucker,Female,35,Hyderabad,Telangana,2020-12-30,2026-03-26,7,1.28,91,13,5219.58,36537.06,36583.5,Grocery,Offline,Medium Value,Silver,90,Low,1
CUST100045,Philip Cannon,Male,18,Chennai,Tamil Nadu,2024-01-07,2026-04-30,17,6.92,153,9,3775.99,64191.83,64171.05,Electronics,Online,Medium Value,Silver,55,Low,0
CUST100046,John Pierce,Male,31,Indore,Madhya Pradesh,2021-12-29,2026-03-11,13,2.9,169,13,4932.54,64123.02,64071.03,Home & Kitchen,Online,Medium Value,Silver,105,Medium,0
CUST100047,Shane Henderson,Female,47,Hyderabad,Telangana,2021-09-25,2023-08-14,15,3.17,15,1,3486.35,52295.25,52376.57,Grocery,Online,Medium Value,Silver,1045,High,0
CUST100048,Joshua Blair,Male,40,Pune,Maharashtra,2023-08-19,2025-08-23,13,4.57,52,4,5065.19,65847.47,65783.82,Beauty,Online,Medium Value,Silver,305,High,0
CUST100049,Eric Carney,Female,29,Nagpur,Maharashtra,2021-07-11,2026-01-02,86,17.38,2494,29,8492.33,730340.38,730204.6,Fashion,Online,High Value,Platinum,173,Medium,0
CUST100050,Jessica Holmes,Female,44,Vadodara,Gujarat,2024-04-12,2025-03-13,8,3.65,40,5,1369.61,10956.88,10963.07,Home & Kitchen,Online,Low Value,Bronze,468,High,0
CUST100051,Danny Morgan,Female,18,Pune,Maharashtra,2020-08-25,2026-03-26,1,0.5,8,8,1451.22,1451.22,4225.52,Fashion,Online,Low Value,Bronze,90,Low,1
CUST100052,Crystal Robinson,Female,44,Vadodara,Gujarat,2024-04-05,2025-12-18,13,5.88,52,4,2493.85,32420.05,32439.1,Beauty,Offline,Medium Value,Bronze,188,High,0
CUST100053,Mark Perez,Female,46,Bhopal,Madhya Pradesh,2021-04-17,2026-03-21,4,0.77,28,7,1709.77,6839.08,6819.61,Grocery,Offline,Low Value,Bronze,95,Medium,1
CUST100054,Shannon Jones,Male,42,Mumbai,Maharashtra,2023-08-07,2025-12-04,13,4.52,13,1,200.0,2600.0,2598.77,Beauty,Offline,Low Value,Bronze,202,High,0
CUST100055,Michael Lewis,Female,25,Guwahati,Assam,2024-04-14,2024-06-26,5,2.29,55,11,776.33,3881.65,3889.0,Sports,Online,Low Value,Bronze,728,High,0
CUST100056,Timothy Duncan,Female,35,Guwahati,Assam,2020-08-27,2026-02-20,125,21.49,2875,23,7723.32,965415.0,965626.45,Beauty,Offline,High Value,Platinum,124,Medium,0
CUST100057,Richard Aguirre,Male,44,Surat,Gujarat,2023-11-03,2026-05-07,75,28.48,1050,14,9257.49,694311.75,694413.39,Sports,Offline,High Value,Platinum,48,Low,0
CUST100058,Brent Jordan,Male,18,Ahmedabad,Gujarat,2020-12-27,2026-06-14,66,12.04,1584,24,11659.0,769494.0,769801.08,Electronics,Online,High Value,Platinum,10,Low,0
CUST100059,John Daniel,Female,24,Visakhapatnam,Andhra Pradesh,2022-02-22,2026-01-12,27,6.24,621,23,5737.82,154921.14,154979.11,Grocery,Online,Medium Value,Gold,163,Low,0
CUST100060,Victoria Garcia,Female,37,Ranchi,Jharkhand,2022-10-23,2026-02-12,55,15.01,605,11,2891.05,159007.75,158965.25,Beauty,Online,Medium Value,Gold,132,Low,0
CUST100061,Gerald Hensley,Male,27,Visakhapatnam,Andhra Pradesh,2021-08-17,2026-05-19,28,5.78,392,14,2459.74,68872.72,68896.96,Home & Kitchen,Online,Medium Value,Silver,36,Low,0
CUST100062,Connor West,Female,43,Bhopal,Madhya Pradesh,2021-01-30,2026-01-18,3,0.56,15,5,2093.18,6279.54,6319.03,Home & Kitchen,Online,Low Value,Bronze,157,Medium,1
CUST100063,Donald Wright,Other,25,Jaipur,Rajasthan,2019-06-27,2026-06-06,12,1.72,156,13,3162.61,37951.32,38007.08,Electronics,Offline,Medium Value,Silver,18,Low,1
CUST100064,Jessica Callahan,Female,37,Bengaluru,Karnataka,2023-12-29,2026-05-30,28,11.29,168,6,2436.79,68230.12,68241.73,Sports,Online,Medium Value,Silver,25,Low,0
CUST100065,Amber Kidd,Male,54,Vadodara,Gujarat,2023-04-07,2025-06-01,18,5.61,288,16,4393.91,79090.38,79095.43,Home & Kitchen,Online,Medium Value,Silver,388,High,0
CUST100066,Tracy House,Female,54,Visakhapatnam,Andhra Pradesh,2019-03-07,2026-05-17,44,6.03,1320,30,14868.29,654204.76,653916.55,Beauty,Online,High Value,Gold,38,Low,0
CUST100067,Carol Tucker,Female,52,Indore,Madhya Pradesh,2020-07-14,2026-04-07,6,1.01,54,9,2039.91,12239.46,12234.94,Fashion,Offline,Low Value,Bronze,78,Low,1
CUST100068,James Brown,Male,33,Surat,Gujarat,2019-07-30,2026-05-19,100,14.5,2000,20,14251.09,1425109.0,1425128.51,Beauty,Online,High Value,Platinum,36,Low,0
CUST100069,William Baker,Male,42,Mumbai,Maharashtra,2019-04-10,2026-06-14,7,0.97,28,4,496.71,3476.97,3469.29,Sports,Offline,Low Value,Bronze,10,Low,1
CUST100070,Jordan Henderson,Male,25,Kanpur,Uttar Pradesh,2022-06-08,2026-06-08,6,1.49,12,2,2403.33,14419.98,14461.1,Sports,Online,Low Value,Bronze,16,Low,1
CUST100071,Whitney Peters,Female,36,Mumbai,Maharashtra,2022-01-20,2025-11-07,56,12.67,1232,22,8397.27,470247.12,470140.9,Beauty,Online,High Value,Gold,229,High,0
CUST100072,Brittney Phillips,Female,31,Patna,Bihar,2019-07-23,2025-10-26,54,7.81,864,16,5753.28,310677.12,310748.95,Electronics,Online,High Value,Gold,241,High,0
CUST100073,Lauren Daniels,Female,23,Kanpur,Uttar Pradesh,2020-11-05,2025-05-28,3,0.53,12,4,1079.5,3238.5,3218.99,Electronics,Offline,Low Value,Bronze,392,High,1
CUST100074,Amy Silva,Female,28,Hyderabad,Telangana,2019-02-27,2025-11-27,1,0.5,6,6,1226.88,1226.88,4487.64,Electronics,Offline,Low Value,Bronze,209,High,1
CUST100075,Sarah Moore,Male,18,Delhi,Delhi,2019-01-26,2024-09-07,8,1.08,32,4,1837.0,14696.0,14687.55,Home & Kitchen,Online,Medium Value,Bronze,655,High,1
CUST100076,Angela Lopez,Male,57,Patna,Bihar,2020-08-19,2026-04-12,11,1.88,66,6,1036.81,11404.91,11383.02,Beauty,Online,Low Value,Bronze,73,Low,1
CUST100077,Megan Young,Female,38,Guwahati,Assam,2021-05-28,2026-06-21,29,5.72,957,33,6950.5,201564.5,201478.3,Fashion,Online,Medium Value,Gold,3,Low,0
CUST100078,Steve Sanchez,Female,51,Jaipur,Rajasthan,2020-02-17,2024-10-26,5,0.79,45,9,6607.21,33036.05,33111.66,Fashion,Online,Medium Value,Bronze,606,High,1
CUST100079,Lisa Barnes,Male,32,Jaipur,Rajasthan,2021-01-01,2026-05-07,48,8.77,1728,36,14887.63,714606.24,714217.39,Beauty,Online,High Value,Platinum,48,Low,0
CUST100080,Kelly Donovan,Male,34,Coimbatore,Tamil Nadu,2023-10-07,2024-10-21,5,1.85,5,1,200.0,1000.0,1001.86,Sports,Online,Low Value,Bronze,611,High,1
CUST100081,Mike Allen,Female,47,Madurai,Tamil Nadu,2023-11-18,2026-02-28,43,16.58,688,16,2566.61,110364.23,110332.68,Sports,Offline,Medium Value,Silver,116,Medium,0
CUST100082,Michael Evans,Female,25,Kolkata,West Bengal,2022-02-01,2026-06-15,23,5.24,138,6,7292.81,167734.63,167609.44,Beauty,Online,Medium Value,Gold,9,Low,0
CUST100083,Paul Jones,Male,34,Chennai,Tamil Nadu,2021-01-28,2026-04-21,76,14.08,1064,14,9811.78,745695.28,745498.64,Electronics,Online,High Value,Platinum,64,Low,0
CUST100084,Zachary Ferrell,Male,49,Patna,Bihar,2023-03-28,2024-03-17,31,9.58,124,4,2080.39,64492.09,64496.7,Fashion,Online,Medium Value,Silver,829,High,0
CUST100085,Daniel Baker,Female,42,Bhopal,Madhya Pradesh,2021-04-07,2026-04-21,35,6.72,350,10,4664.78,163267.3,163237.8,Electronics,Offline,Medium Value,Gold,64,Low,0
CUST100086,Shirley Suarez,Male,34,Delhi,Delhi,2020-05-20,2024-08-04,6,0.99,24,4,1286.56,7719.36,7755.5,Fashion,Online,Low Value,Bronze,689,High,1
CUST100087,Christopher Bass,Female,37,Nashik,Maharashtra,2021-10-20,2025-05-05,22,4.71,286,13,2458.13,54078.86,54077.24,Fashion,Online,Medium Value,Silver,415,High,0
CUST100088,Lisa Archer,Female,30,Visakhapatnam,Andhra Pradesh,2019-08-03,2026-02-01,7,1.02,42,6,1173.47,8214.29,8241.76,Fashion,Online,Low Value,Bronze,143,Medium,1
CUST100089,Aimee Montoya,Female,29,Vadodara,Gujarat,2019-08-08,2026-06-15,8,1.16,8,1,3533.27,28266.16,28165.55,Electronics,Online,Medium Value,Bronze,9,Low,1
CUST100090,Matthew Mcmillan,Female,42,Kochi,Kerala,2021-05-10,2026-03-28,74,14.46,1924,26,13067.28,966978.72,966879.98,Electronics,Online,High Value,Platinum,88,Low,0
CUST100091,Brian Rodriguez,Male,42,Vadodara,Gujarat,2021-02-11,2025-04-17,2,0.5,4,2,1450.41,2900.82,3885.63,Fashion,Online,Low Value,Bronze,433,High,1
CUST100092,Denise Jacobs,Female,41,Chandigarh,Chandigarh,2022-12-09,2025-02-01,2,0.57,14,7,1481.25,2962.5,2984.28,Grocery,Offline,Low Value,Bronze,508,High,1
CUST100093,Christina Walters,Male,36,Kanpur,Uttar Pradesh,2020-10-10,2025-11-01,22,3.86,264,12,3268.97,71917.34,71891.92,Home & Kitchen,Online,Medium Value,Silver,235,High,0
CUST100094,John Whitehead,Male,22,Surat,Gujarat,2022-09-15,2025-06-26,8,2.12,24,3,1374.68,10997.44,10979.07,Fashion,Online,Low Value,Bronze,363,High,0
CUST100095,Anna Henderson,Female,38,Guwahati,Assam,2023-12-18,2026-02-11,12,4.78,180,15,3534.89,42418.68,42421.2,Sports,Online,Medium Value,Silver,133,Medium,0
CUST100096,Aaron Wise,Female,50,Indore,Madhya Pradesh,2021-03-11,2025-06-13,16,3.03,16,1,1738.7,27819.2,27823.34,Beauty,Offline,Medium Value,Bronze,376,High,0
CUST100097,Deborah Figueroa,Female,45,Guwahati,Assam,2023-09-28,2026-04-25,18,6.59,234,13,3138.68,56496.24,56516.18,Electronics,Online,Medium Value,Silver,60,Low,0
CUST100098,Jessica Smith,Female,22,Ahmedabad,Gujarat,2020-06-07,2026-03-29,119,19.7,1428,12,5667.11,674386.09,674284.46,Sports,Online,High Value,Gold,87,Low,0
CUST100099,Stephen Mckee,Male,30,Kochi,Kerala,2021-04-08,2026-06-19,77,14.79,693,9,9461.95,728570.15,728350.99,Beauty,Offline,High Value,Platinum,5,Low,0
CUST100100,Sandra Aguilar,Female,38,Indore,Madhya Pradesh,2020-05-20,2026-05-10,68,11.17,1904,28,11510.43,782709.24,782869.33,Grocery,Online,High Value,Platinum,45,Low,0
CUST100101,Cameron Parker,Male,34,Coimbatore,Tamil Nadu,2021-11-13,2026-06-17,30,6.51,300,10,5162.32,154869.6,154761.05,Home & Kitchen,Online,Medium Value,Gold,7,Low,0
CUST100102,Rebecca Valencia,Female,25,Visakhapatnam,Andhra Pradesh,2023-01-30,2026-06-04,19,5.6,209,11,3701.41,70326.79,70313.11,Home & Kitchen,Offline,Medium Value,Silver,20,Low,0
CUST100103,Christine Wright,Female,39,Lucknow,Uttar Pradesh,2023-06-25,2025-05-13,25,8.35,250,10,5260.4,131510.0,131442.31,Home & Kitchen,Online,Medium Value,Gold,407,High,0
CUST100104,Richard Henson,Female,19,Vadodara,Gujarat,2021-04-22,2025-12-04,6,1.16,30,5,1424.96,8549.76,8539.69,Sports,Online,Low Value,Bronze,202,High,1
CUST100105,Marc Moore,Female,32,Delhi,Delhi,2020-01-30,2025-06-03,38,5.94,988,26,2281.06,86680.28,86620.33,Sports,Online,Medium Value,Silver,386,High,0
CUST100106,Sharon Cherry,Male,42,Nashik,Maharashtra,2022-03-10,2026-04-14,9,2.1,90,10,1094.69,9852.21,9849.96,Fashion,Online,Low Value,Bronze,71,Low,0
CUST100107,Sierra Johnson,Male,50,Chennai,Tamil Nadu,2019-08-02,2026-06-16,1,0.5,8,8,873.83,873.83,3009.66,Sports,Offline,Low Value,Bronze,8,Low,1
CUST100108,Evelyn Galvan,Female,70,Indore,Madhya Pradesh,2022-09-11,2026-06-22,14,3.71,126,9,5288.81,74043.34,74134.56,Grocery,Offline,Medium Value,Silver,2,Low,0
CUST100109,Sharon Cochran,Female,54,Ranchi,Jharkhand,2019-11-17,2025-12-27,83,12.58,2075,25,9214.16,764775.28,764509.64,Grocery,Online,High Value,Platinum,179,Medium,0
CUST100110,Richard Rodriguez,Male,49,Patna,Bihar,2022-05-14,2026-06-06,16,3.9,176,11,3042.52,48680.32,48730.3,Fashion,Offline,Medium Value,Silver,18,Low,0
CUST100111,Shannon Walker,Male,26,Ahmedabad,Gujarat,2022-01-31,2026-06-20,69,15.72,1518,22,4308.06,297256.14,297219.69,Sports,Online,High Value,Gold,4,Low,0
CUST100112,Julia Torres,Male,18,Chennai,Tamil Nadu,2023-07-26,2026-01-31,4,1.38,16,4,1075.89,4303.56,4316.99,Home & Kitchen,Online,Low Value,Bronze,144,Medium,1
CUST100113,Crystal Johnson,Female,37,Coimbatore,Tamil Nadu,2020-01-15,2026-04-29,9,1.4,63,7,2364.61,21281.49,21299.29,Fashion,Online,Medium Value,Bronze,56,Low,1
CUST100114,Garrett Lin,Female,41,Chandigarh,Chandigarh,2023-06-02,2025-09-24,21,6.87,126,6,5473.78,114949.38,114899.48,Home & Kitchen,Offline,Medium Value,Silver,273,High,0
CUST100115,Diana May,Male,18,Jaipur,Rajasthan,2019-12-05,2026-02-17,4,0.61,24,6,1202.2,4808.8,4800.6,Sports,Offline,Low Value,Bronze,127,Medium,1
CUST100116,William Herrera,Female,52,Pune,Maharashtra,2020-12-13,2025-01-12,3,0.54,33,11,2178.97,6536.91,6497.72,Sports,Online,Low Value,Bronze,528,High,1
CUST100117,Ashley Waller,Female,57,Mumbai,Maharashtra,2019-08-23,2026-06-13,50,7.32,250,5,9337.55,466877.5,466900.51,Grocery,Online,High Value,Gold,11,Low,0
CUST100118,Victor Baker,Male,26,Kolkata,West Bengal,2023-01-26,2025-03-21,8,2.35,32,4,741.02,5928.16,5926.23,Grocery,Online,Low Value,Bronze,460,High,0
CUST100119,Jeffrey Chandler,Male,35,Lucknow,Uttar Pradesh,2020-11-05,2025-07-28,16,2.84,304,19,850.33,13605.28,13587.12,Home & Kitchen,Offline,Low Value,Bronze,331,High,0
CUST100120,Larry Dixon,Male,21,Visakhapatnam,Andhra Pradesh,2021-09-02,2025-09-07,1,0.5,2,2,200.0,200.0,480.22,Beauty,Online,Low Value,Bronze,290,High,1
CUST100121,Kenneth Scott,Female,45,Mumbai,Maharashtra,2022-07-23,2026-04-02,2,0.51,10,5,1119.64,2239.28,2235.6,Home & Kitchen,Offline,Low Value,Bronze,83,Low,1
CUST100122,April Frost,Female,44,Visakhapatnam,Andhra Pradesh,2019-06-13,2026-01-10,8,1.14,96,12,2737.23,21897.84,21922.12,Home & Kitchen,Offline,Medium Value,Bronze,165,Medium,1
CUST100123,Michelle Harmon,Male,32,Chandigarh,Chandigarh,2022-12-09,2025-04-09,124,35.08,3224,26,8039.44,996890.56,996830.69,Electronics,Online,High Value,Platinum,441,High,0
CUST100124,Helen Jones,Male,50,Kolkata,West Bengal,2020-10-01,2026-01-06,27,4.72,216,8,4558.77,123086.79,123124.86,Grocery,Offline,Medium Value,Gold,169,Low,0
CUST100125,Erin Edwards,Male,37,Ranchi,Jharkhand,2022-12-22,2026-01-10,19,5.43,38,2,212.87,4044.53,4044.41,Electronics,Offline,Low Value,Bronze,165,Medium,0
CUST100126,Michelle Evans,Male,50,Ahmedabad,Gujarat,2023-10-26,2026-03-22,5,1.88,40,8,2729.57,13647.85,13628.05,Fashion,Offline,Low Value,Bronze,94,Medium,1
CUST100127,Jason Powell,Female,29,Visakhapatnam,Andhra Pradesh,2022-11-06,2026-02-23,11,3.03,88,8,1076.36,11839.96,11822.19,Sports,Online,Low Value,Bronze,121,Medium,0
CUST100128,Cameron Fisher,Male,24,Jaipur,Rajasthan,2022-11-05,2026-06-01,106,29.22,2544,24,7697.08,815890.48,815890.48,Sports,Online,High Value,Platinum,23,Low,0
CUST100129,Megan Orr,Female,46,Kanpur,Uttar Pradesh,2023-01-07,2025-10-26,18,5.21,324,18,200.0,3600.0,3600.28,Electronics,Offline,Low Value,Bronze,241,High,0
CUST100130,Elizabeth Kelley,Male,23,Kanpur,Uttar Pradesh,2022-12-21,2026-02-08,17,4.85,102,6,4028.27,68480.59,68413.31,Electronics,Online,Medium Value,Silver,136,Medium,0
CUST100131,Dustin Jordan,Female,31,Lucknow,Uttar Pradesh,2020-01-29,2025-08-16,22,3.44,396,18,6636.28,145998.16,146004.34,Electronics,Offline,Medium Value,Gold,312,High,0
CUST100132,Mary Marshall,Female,62,Visakhapatnam,Andhra Pradesh,2022-04-30,2026-03-04,108,26.05,1296,12,4572.44,493823.52,493732.13,Fashion,Online,High Value,Gold,112,Low,0
CUST100133,Daniel Kennedy,Other,61,Madurai,Tamil Nadu,2021-10-10,2024-10-29,30,6.39,300,10,994.47,29834.1,29855.17,Sports,Offline,Medium Value,Bronze,603,High,0
CUST100134,Rebecca Jackson,Female,58,Madurai,Tamil Nadu,2021-04-06,2025-05-30,8,1.54,32,4,663.2,5305.6,5321.25,Fashion,Offline,Low Value,Bronze,390,High,1
CUST100135,Jose Schultz,Male,38,Lucknow,Uttar Pradesh,2021-05-19,2025-12-09,24,4.71,480,20,4682.05,112369.2,112299.98,Sports,Offline,Medium Value,Silver,197,High,0
CUST100136,Robert Potter,Female,54,Kochi,Kerala,2020-05-13,2025-12-16,26,4.26,286,11,3396.4,88306.4,88376.7,Fashion,Online,Medium Value,Silver,190,High,0
CUST100137,Courtney Gonzalez,Female,18,Jaipur,Rajasthan,2021-04-18,2025-11-12,1,0.5,4,4,972.39,972.39,2517.17,Electronics,Online,Low Value,Bronze,224,High,1
CUST100138,David Alvarez,Female,26,Kolkata,West Bengal,2019-08-13,2026-06-14,23,3.35,230,10,425.16,9778.68,9768.2,Fashion,Offline,Low Value,Bronze,10,Low,0
CUST100139,Angel Perry,Female,43,Kanpur,Uttar Pradesh,2022-08-06,2026-04-07,5,1.29,50,10,1535.66,7678.3,7679.94,Electronics,Online,Low Value,Bronze,78,Low,1
CUST100140,Cheyenne Horton,Male,46,Pune,Maharashtra,2021-10-17,2026-05-30,3,0.64,27,9,1835.57,5506.71,5496.71,Sports,Online,Low Value,Bronze,25,Low,1
CUST100141,David Douglas Jr.,Male,39,Chennai,Tamil Nadu,2022-10-18,2026-03-05,20,5.44,340,17,4432.58,88651.6,88662.76,Beauty,Online,Medium Value,Silver,111,Medium,0
CUST100142,Patricia Rodriguez,Female,31,Mumbai,Maharashtra,2022-02-24,2026-06-21,11,2.54,176,16,2031.72,22348.92,22309.48,Beauty,Online,Medium Value,Bronze,3,Low,0
CUST100143,Christopher Rubio,Female,51,Indore,Madhya Pradesh,2021-03-09,2026-04-17,16,3.03,176,11,1714.32,27429.12,27461.65,Sports,Online,Medium Value,Bronze,68,Low,0
CUST100144,Amber Wright,Female,31,Nagpur,Maharashtra,2022-02-15,2025-05-29,10,2.3,10,1,4328.1,43281.0,43279.82,Home & Kitchen,Online,Medium Value,Silver,391,High,0
CUST100145,Joyce Solis,Female,40,Vadodara,Gujarat,2019-12-19,2026-05-17,20,3.07,440,22,5085.35,101707.0,101601.05,Beauty,Offline,Medium Value,Silver,38,Low,0
CUST100146,Victoria Larson,Male,50,Bhopal,Madhya Pradesh,2020-09-18,2026-03-26,27,4.69,405,15,2904.61,78424.47,78434.97,Beauty,Offline,Medium Value,Silver,90,Low,0
CUST100147,Stephanie Salazar,Female,31,Nashik,Maharashtra,2024-02-19,2026-04-28,23,9.84,69,3,4856.18,111692.14,111726.84,Home & Kitchen,Offline,Medium Value,Silver,57,Low,0
CUST100148,Kathy Rivas,Female,31,Guwahati,Assam,2021-01-18,2026-06-01,84,15.49,1512,18,12853.8,1079719.2,1079884.25,Grocery,Online,High Value,Platinum,23,Low,0
CUST100149,Stephanie Manning,Female,58,Chennai,Tamil Nadu,2022-06-23,2025-12-24,31,7.76,496,16,2839.11,88012.41,88065.66,Home & Kitchen,Online,Medium Value,Silver,182,High,0
CUST100150,David Wright,Male,35,Chandigarh,Chandigarh,2023-12-28,2025-12-25,6,2.42,72,12,1673.54,10041.24,10057.0,Beauty,Online,Low Value,Bronze,181,High,0
CUST100151,Pamela Boyd,Female,34,Delhi,Delhi,2021-03-21,2025-07-23,35,6.66,385,11,5079.23,177773.05,177728.41,Grocery,Online,Medium Value,Gold,336,High,0
CUST100152,Denise Jones,Male,35,Bhopal,Madhya Pradesh,2024-04-21,2026-04-05,29,13.37,290,10,11531.83,334423.07,334321.72,Sports,Online,High Value,Gold,80,Low,0
CUST100153,Devon Flores,Female,68,Ranchi,Jharkhand,2021-02-07,2026-05-29,17,3.17,323,19,2674.33,45463.61,45515.74,Home & Kitchen,Offline,Medium Value,Silver,26,Low,0
CUST100154,Brenda Hall,Male,35,Mumbai,Maharashtra,2023-12-21,2026-03-24,3,1.2,24,8,264.9,794.7,795.46,Grocery,Online,Low Value,Bronze,92,Medium,1
CUST100155,Michelle Brown,Female,46,Lucknow,Uttar Pradesh,2021-08-04,2026-06-11,22,4.51,198,9,614.77,13524.94,13534.75,Beauty,Online,Low Value,Bronze,13,Low,0
CUST100156,Joshua Perry,Female,28,Indore,Madhya Pradesh,2020-12-16,2026-05-01,36,6.53,540,15,4980.89,179312.04,179345.04,Beauty,Offline,Medium Value,Gold,54,Low,0
CUST100157,Jason Stein,Female,52,Kolkata,West Bengal,2021-08-24,2026-04-04,1,0.5,3,3,2609.59,2609.59,6298.02,Beauty,Online,Low Value,Bronze,81,Low,1
CUST100158,Melissa Gates,Female,44,Kanpur,Uttar Pradesh,2021-05-23,2025-07-31,19,3.74,342,18,799.16,15184.04,15187.74,Beauty,Online,Medium Value,Bronze,328,High,0
CUST100159,Jamie Smith,Female,33,Visakhapatnam,Andhra Pradesh,2019-06-14,2025-12-20,5,0.71,20,4,1224.79,6123.95,6106.85,Grocery,Offline,Low Value,Bronze,186,High,1
CUST100160,Paul Castaneda,Male,33,Guwahati,Assam,2019-07-21,2025-08-06,12,1.73,108,9,5451.56,65418.72,65276.03,Beauty,Offline,Medium Value,Silver,322,High,1
CUST100161,Jennifer Adkins,Male,40,Bhopal,Madhya Pradesh,2023-12-12,2026-05-03,22,8.71,110,5,2742.72,60339.84,60368.6,Grocery,Offline,Medium Value,Silver,52,Low,0
CUST100162,Lindsey Walker,Male,32,Vadodara,Gujarat,2020-11-30,2026-03-07,16,2.88,112,7,4283.14,68530.24,68558.38,Grocery,Online,Medium Value,Silver,109,Medium,0
CUST100163,Jeffrey Johnson,Female,34,Coimbatore,Tamil Nadu,2023-02-02,2026-03-10,39,11.52,546,14,1600.6,62423.4,62396.98,Electronics,Online,Medium Value,Silver,106,Medium,0
CUST100164,Michael Powell,Male,41,Chandigarh,Chandigarh,2022-03-07,2026-05-16,85,19.8,2550,30,5755.74,489237.9,489240.26,Beauty,Online,High Value,Gold,39,Low,0
CUST100165,John Anderson,Male,33,Nashik,Maharashtra,2023-02-28,2025-03-14,3,0.91,15,5,2500.55,7501.65,7538.28,Fashion,Online,Low Value,Bronze,467,High,1
CUST100166,Alyssa Long,Female,51,Surat,Gujarat,2020-06-05,2026-05-13,25,4.14,475,19,5392.69,134817.25,134962.97,Grocery,Online,Medium Value,Gold,42,Low,0
CUST100167,Alyssa Day,Female,44,Guwahati,Assam,2022-11-11,2026-06-15,74,20.49,2664,36,11434.94,846185.56,846117.0,Grocery,Online,High Value,Platinum,9,Low,0
CUST100168,Joel Williams,Female,31,Ahmedabad,Gujarat,2020-03-07,2026-04-26,68,10.81,2040,30,8273.45,562594.6,562693.81,Fashion,Online,High Value,Gold,59,Low,0
CUST100169,Daniel Murphy,Male,44,Chandigarh,Chandigarh,2024-04-23,2026-01-25,9,4.16,9,1,5465.79,49192.11,49179.39,Sports,Offline,Medium Value,Silver,150,Medium,0
CUST100170,Jamie Walton,Male,20,Ranchi,Jharkhand,2023-12-19,2026-02-13,24,9.57,312,13,4659.77,111834.48,111836.01,Electronics,Online,Medium Value,Silver,131,Medium,0
CUST100171,Darlene Miller,Female,27,Delhi,Delhi,2020-11-11,2026-05-14,86,15.33,1376,16,8178.86,703381.96,703374.57,Grocery,Online,High Value,Platinum,41,Low,0
CUST100172,Joshua Cooke,Female,51,Hyderabad,Telangana,2019-04-15,2025-07-11,38,5.29,456,12,3389.09,128785.42,128848.05,Fashion,Online,Medium Value,Gold,348,High,0
CUST100173,Matthew Harrington,Female,52,Bhopal,Madhya Pradesh,2022-07-17,2026-01-25,35,8.9,385,11,877.97,30728.95,30720.9,Fashion,Offline,Medium Value,Bronze,150,Medium,0
CUST100174,Nicole Herring,Female,32,Kanpur,Uttar Pradesh,2021-05-03,2025-05-26,30,5.84,240,8,200.0,6000.0,5999.09,Beauty,Online,Low Value,Bronze,394,High,0
CUST100175,Alex Hernandez,Female,31,Indore,Madhya Pradesh,2020-12-15,2026-04-26,108,19.58,3348,31,8295.81,895947.48,896099.66,Home & Kitchen,Online,High Value,Platinum,59,Low,0
CUST100176,Michael Elliott,Male,40,Surat,Gujarat,2023-03-20,2026-06-14,41,12.58,738,18,2368.42,97105.22,97072.47,Home & Kitchen,Online,Medium Value,Silver,10,Low,0
CUST100177,Michael Wang,Male,34,Nagpur,Maharashtra,2023-01-05,2026-06-15,6,1.73,108,18,4925.56,29553.36,29488.9,Sports,Offline,Medium Value,Bronze,9,Low,1
CUST100178,Lawrence Adkins,Female,18,Madurai,Tamil Nadu,2019-06-01,2024-09-05,3,0.5,12,4,200.0,600.0,705.82,Fashion,Online,Low Value,Bronze,657,High,1
CUST100179,Robert Oconnell,Female,22,Kochi,Kerala,2019-06-26,2026-06-14,82,11.73,1804,22,11115.1,911438.2,911322.26,Grocery,Online,High Value,Platinum,10,Low,0
CUST100180,Alexander Collins,Female,36,Mumbai,Maharashtra,2024-01-11,2026-03-29,17,6.95,408,24,2372.8,40337.6,40318.76,Electronics,Online,Medium Value,Silver,87,Low,0
CUST100181,Tina Sanders,Female,39,Guwahati,Assam,2023-05-07,2026-05-15,84,26.87,840,10,10182.24,855308.16,855434.72,Beauty,Online,High Value,Platinum,40,Low,0
CUST100182,Angela Vaughn,Male,41,Coimbatore,Tamil Nadu,2020-09-19,2025-09-04,3,0.52,27,9,463.77,1391.31,1387.87,Grocery,Online,Low Value,Bronze,293,High,1
CUST100183,Ashley Barton,Male,18,Lucknow,Uttar Pradesh,2023-07-07,2026-03-29,12,4.05,36,3,1900.09,22801.08,22775.33,Home & Kitchen,Offline,Medium Value,Bronze,87,Low,0
CUST100184,Lindsay Martinez,Male,32,Surat,Gujarat,2022-04-05,2025-10-29,45,10.68,720,16,4850.45,218270.25,218273.84,Grocery,Offline,Medium Value,Gold,238,High,0
CUST100185,Dr. Hannah Patterson,Female,27,Nagpur,Maharashtra,2023-10-09,2025-08-28,11,4.07,99,9,4665.2,51317.2,51308.77,Electronics,Online,Medium Value,Silver,300,High,0
CUST100186,Jonathan Peterson,Female,18,Kanpur,Uttar Pradesh,2019-08-17,2026-01-29,3,0.5,21,7,932.3,2796.9,3191.9,Grocery,Offline,Low Value,Bronze,146,Medium,1
CUST100187,Samantha Garcia,Female,38,Madurai,Tamil Nadu,2021-11-03,2026-06-03,21,4.53,63,3,4887.38,102634.98,102561.52,Electronics,Online,Medium Value,Silver,21,Low,0
CUST100188,Madison Poole,Female,38,Indore,Madhya Pradesh,2019-09-14,2026-02-05,12,1.77,12,1,2595.64,31147.68,31106.53,Beauty,Online,Medium Value,Bronze,139,Medium,1
CUST100189,Jessica Gross,Male,18,Pune,Maharashtra,2024-04-05,2026-05-23,18,8.14,162,9,7056.32,127013.76,127064.38,Beauty,Online,Medium Value,Gold,32,Low,0
CUST100190,Debra Morton,Female,24,Mumbai,Maharashtra,2024-03-19,2026-06-21,73,32.32,1606,22,5018.85,366376.05,366386.36,Grocery,Online,High Value,Gold,3,Low,0
CUST100191,Karen Graham,Female,18,Visakhapatnam,Andhra Pradesh,2021-11-04,2026-06-09,14,3.02,70,5,1145.57,16037.98,16017.03,Beauty,Offline,Medium Value,Bronze,15,Low,0
CUST100192,Debra Christian,Male,35,Madurai,Tamil Nadu,2023-05-25,2024-06-01,5,1.62,35,7,1540.32,7701.6,7678.95,Home & Kitchen,Offline,Low Value,Bronze,753,High,1
CUST100193,Angelica Keith,Male,34,Bhopal,Madhya Pradesh,2023-10-15,2025-11-12,34,12.66,408,12,3830.84,130248.56,130258.63,Home & Kitchen,Online,Medium Value,Gold,224,High,0
CUST100194,John Bishop,Female,33,Visakhapatnam,Andhra Pradesh,2024-04-27,2026-05-04,14,6.51,168,12,3431.26,48037.64,48069.2,Grocery,Offline,Medium Value,Silver,51,Low,0
CUST100195,Allen Rosales,Male,28,Chennai,Tamil Nadu,2019-01-30,2025-04-11,21,2.84,84,4,4090.06,85891.26,85866.06,Electronics,Online,Medium Value,Silver,439,High,0
CUST100196,Daniel Salinas,Male,49,Chandigarh,Chandigarh,2023-12-31,2025-08-07,5,2.02,30,6,992.51,4962.55,4962.09,Electronics,Online,Low Value,Bronze,321,High,0
CUST100197,Spencer Haynes,Male,20,Kochi,Kerala,2019-04-28,2025-05-26,6,0.84,54,9,2002.68,12016.08,12030.23,Electronics,Online,Low Value,Bronze,394,High,1
CUST100198,Adam Vaughan,Male,27,Nashik,Maharashtra,2024-05-24,2024-09-07,4,1.92,24,6,200.0,800.0,797.96,Beauty,Online,Low Value,Bronze,655,High,1
CUST100199,Nathan Freeman,Male,34,Vadodara,Gujarat,2022-07-27,2026-05-10,6,1.54,30,5,1205.15,7230.9,7245.88,Electronics,Offline,Low Value,Bronze,45,Low,1
CUST100200,Melissa Brewer,Male,20,Bengaluru,Karnataka,2019-11-26,2025-11-22,5,0.76,5,1,2714.84,13574.2,13557.48,Fashion,Online,Low Value,Bronze,214,High,1
CUST100201,Ricky Davis II,Female,30,Coimbatore,Tamil Nadu,2021-05-20,2026-06-14,68,13.36,1768,26,2169.4,147519.2,147514.69,Fashion,Online,Medium Value,Gold,10,Low,0
CUST100202,Elizabeth Perkins,Female,34,Indore,Madhya Pradesh,2023-09-09,2026-06-18,61,21.91,610,10,8155.73,497499.53,497549.1,Electronics,Offline,High Value,Gold,6,Low,0
CUST100203,Joseph Coleman,Female,55,Surat,Gujarat,2024-03-06,2024-11-11,6,2.62,36,6,1548.47,9290.82,9308.03,Home & Kitchen,Offline,Low Value,Bronze,590,High,0
CUST100204,Erin Warner,Male,38,Indore,Madhya Pradesh,2023-03-08,2026-01-31,20,6.08,220,11,3605.07,72101.4,72132.59,Home & Kitchen,Online,Medium Value,Silver,144,Medium,0
CUST100205,David Martinez,Female,30,Guwahati,Assam,2021-06-29,2026-02-27,81,16.26,1539,19,20000.0,1620000.0,1619544.97,Electronics,Offline,High Value,Platinum,117,Medium,0
CUST100206,Bryan Herrera,Female,19,Patna,Bihar,2024-03-16,2026-03-13,70,30.88,1890,27,7264.51,508515.7,508538.37,Fashion,Online,High Value,Gold,103,Low,0
CUST100207,Cathy Robinson,Male,58,Visakhapatnam,Andhra Pradesh,2020-07-21,2025-02-09,18,3.04,234,13,200.0,3600.0,3598.89,Grocery,Online,Low Value,Bronze,500,High,0
CUST100208,Dr. William Warren,Female,18,Kolkata,West Bengal,2021-07-26,2026-06-19,118,24.05,2360,20,9851.28,1162451.04,1162399.79,Electronics,Online,High Value,Platinum,5,Low,0
CUST100209,Brian Lee,Male,33,Mumbai,Maharashtra,2019-12-23,2025-12-09,80,12.31,800,10,9461.77,756941.6,756724.78,Electronics,Online,High Value,Platinum,197,High,0
CUST100210,Christopher Smith,Female,37,Mumbai,Maharashtra,2021-03-03,2026-06-02,37,6.98,814,22,1179.1,43626.7,43646.1,Grocery,Online,Medium Value,Silver,22,Low,0
CUST100211,Denise Mccann,Male,53,Bengaluru,Karnataka,2023-05-16,2026-06-12,35,11.28,245,7,3552.98,124354.3,124320.16,Fashion,Online,Medium Value,Gold,12,Low,0
CUST100212,Melissa Martinez,Other,44,Visakhapatnam,Andhra Pradesh,2022-01-08,2026-05-19,14,3.14,322,23,3869.14,54167.96,54084.7,Electronics,Online,Medium Value,Silver,36,Low,0
CUST100213,Katherine Salas,Female,18,Visakhapatnam,Andhra Pradesh,2019-03-15,2026-03-05,11,1.51,176,16,6188.25,68070.75,67948.93,Fashion,Offline,Medium Value,Silver,111,Medium,1
CUST100214,Julie Alexander,Male,63,Jaipur,Rajasthan,2022-01-08,2026-03-21,6,1.35,72,12,2318.9,13913.4,13936.26,Electronics,Online,Low Value,Bronze,95,Medium,1
CUST100215,Anthony Everett,Male,27,Visakhapatnam,Andhra Pradesh,2019-04-27,2025-11-20,25,3.49,300,12,3491.35,87283.75,87170.19,Beauty,Online,Medium Value,Silver,216,High,0
CUST100216,Rodney Morales,Other,30,Nagpur,Maharashtra,2023-08-17,2025-12-07,25,8.78,250,10,6942.91,173572.75,173571.8,Beauty,Online,Medium Value,Gold,199,High,0
CUST100217,Mark Brown,Male,18,Surat,Gujarat,2020-04-05,2026-05-15,2,0.5,12,6,200.0,400.0,621.22,Sports,Online,Low Value,Bronze,40,Low,1
CUST100218,Justin Torres,Male,40,Delhi,Delhi,2023-08-21,2026-02-12,45,15.87,45,1,1250.32,56264.4,56281.76,Grocery,Offline,Medium Value,Silver,132,Medium,0
CUST100219,Bailey Duran DDS,Female,34,Mumbai,Maharashtra,2023-01-25,2025-02-05,16,4.7,48,3,1312.41,20998.56,21008.62,Home & Kitchen,Offline,Medium Value,Bronze,504,High,0
CUST100220,Courtney Mills,Male,54,Chennai,Tamil Nadu,2023-07-01,2026-04-23,30,10.08,660,22,1290.18,38705.4,38703.49,Home & Kitchen,Online,Medium Value,Silver,62,Low,0
CUST100221,Jeremy Dalton,Male,30,Kolkata,West Bengal,2022-01-18,2026-05-23,6,1.36,36,6,5454.62,32727.72,32821.21,Fashion,Online,Medium Value,Bronze,32,Low,1
CUST100222,Elizabeth Oliver DDS,Male,24,Jaipur,Rajasthan,2021-04-11,2026-04-04,101,19.44,1414,14,5396.12,545008.12,545109.62,Home & Kitchen,Online,High Value,Gold,81,Low,0
CUST100223,Theresa Clark,Male,18,Jaipur,Rajasthan,2019-07-03,2026-05-18,12,1.72,192,16,5811.3,69735.6,69673.87,Electronics,Offline,Medium Value,Silver,37,Low,1
CUST100224,Matthew Moore,Male,34,Mumbai,Maharashtra,2022-01-28,2025-09-18,26,5.91,156,6,4148.66,107865.16,107807.91,Sports,Offline,Medium Value,Silver,279,High,0
CUST100225,Benjamin Smith,Female,27,Bengaluru,Karnataka,2019-10-04,2023-09-04,17,2.53,238,14,7026.58,119451.86,119391.07,Fashion,Offline,Medium Value,Silver,1024,High,0
CUST100226,Kirk Carter,Female,32,Mumbai,Maharashtra,2023-11-15,2025-10-21,2,0.77,6,3,1699.22,3398.44,3403.09,Sports,Offline,Low Value,Bronze,246,High,1
CUST100227,Michael Warner,Female,35,Kanpur,Uttar Pradesh,2019-02-24,2025-12-24,28,3.82,476,17,1235.86,34604.08,34575.32,Electronics,Online,Medium Value,Silver,182,High,0
CUST100228,Michael Bradshaw,Female,25,Ranchi,Jharkhand,2019-03-15,2026-01-18,4,0.55,24,6,1218.59,4874.36,4873.69,Fashion,Online,Low Value,Bronze,157,Medium,1
CUST100229,Lori Guerrero,Female,37,Mumbai,Maharashtra,2019-09-05,2026-05-06,23,3.38,322,14,3077.14,70774.22,70676.58,Beauty,Online,Medium Value,Silver,49,Low,0
CUST100230,Jessica Stephens,Male,27,Kochi,Kerala,2021-02-13,2026-05-12,10,1.87,60,6,1320.03,13200.3,13212.41,Beauty,Online,Low Value,Bronze,43,Low,1
CUST100231,Susan Serrano,Female,18,Mumbai,Maharashtra,2021-02-10,2026-06-05,28,5.22,280,10,2494.06,69833.68,69791.07,Beauty,Online,Medium Value,Silver,19,Low,0
CUST100232,Christopher Parker,Female,30,Chandigarh,Chandigarh,2021-12-01,2025-05-17,31,6.8,217,7,3685.25,114242.75,114166.57,Fashion,Offline,Medium Value,Silver,403,High,0
CUST100233,Laura Roberts,Female,18,Pune,Maharashtra,2020-04-25,2026-03-10,31,5.03,279,9,2162.85,67048.35,66987.48,Electronics,Online,Medium Value,Silver,106,Medium,0
CUST100234,Michael Lyons,Female,20,Kochi,Kerala,2019-06-16,2025-09-24,96,13.68,1728,18,11748.67,1127872.32,1127802.84,Fashion,Online,High Value,Platinum,273,High,0
CUST100235,Kathryn Snyder,Male,33,Chennai,Tamil Nadu,2020-06-12,2024-11-19,2,0.5,16,8,1379.87,2759.74,4157.55,Grocery,Online,Low Value,Bronze,582,High,1
CUST100236,Andrew Reynolds,Female,39,Hyderabad,Telangana,2020-05-07,2026-06-04,27,4.41,621,23,5763.2,155606.4,155660.36,Sports,Offline,Medium Value,Gold,20,Low,0
CUST100237,David Davis,Female,41,Nashik,Maharashtra,2020-01-16,2026-01-12,75,11.66,1350,18,10787.93,809094.75,808964.5,Sports,Online,High Value,Platinum,163,Medium,0
CUST100238,Sara Johnston,Male,30,Chandigarh,Chandigarh,2019-04-07,2026-05-16,12,1.66,252,21,3669.7,44036.4,43913.62,Electronics,Online,Medium Value,Silver,39,Low,1
CUST100239,Yvonne Chambers,Female,25,Mumbai,Maharashtra,2023-03-17,2026-04-04,103,31.53,2163,21,9444.16,972748.48,972607.3,Fashion,Online,High Value,Platinum,81,Low,0
CUST100240,Andrew Avila,Male,39,Vadodara,Gujarat,2022-09-23,2025-09-19,2,0.53,18,9,1364.14,2728.28,2707.89,Sports,Offline,Low Value,Bronze,278,High,1
CUST100241,Matthew Moon,Male,40,Coimbatore,Tamil Nadu,2019-12-11,2026-01-01,4,0.61,36,9,868.78,3475.12,3460.49,Beauty,Offline,Low Value,Bronze,174,Medium,1
CUST100242,Kevin Walters,Female,39,Hyderabad,Telangana,2019-09-25,2026-05-18,7,1.04,21,3,1753.5,12274.5,12292.41,Electronics,Online,Low Value,Bronze,37,Low,1
CUST100243,Brandon Bailey MD,Female,41,Nagpur,Maharashtra,2021-11-06,2026-03-28,35,7.57,420,12,5201.13,182039.55,182067.75,Beauty,Online,Medium Value,Gold,88,Low,0
CUST100244,Shannon Rivera,Male,39,Visakhapatnam,Andhra Pradesh,2021-02-06,2026-06-18,53,9.87,1272,24,13216.15,700455.95,700698.02,Grocery,Online,High Value,Platinum,6,Low,0
CUST100245,Donna Landry,Female,46,Mumbai,Maharashtra,2023-01-28,2026-02-28,4,1.18,20,5,1339.05,5356.2,5368.59,Beauty,Online,Low Value,Bronze,116,Medium,1
CUST100246,Krista Gibson,Female,35,Vadodara,Gujarat,2022-05-16,2024-09-17,31,7.56,465,15,2330.8,72254.8,72268.39,Sports,Offline,Medium Value,Silver,645,High,0
CUST100247,Frank Cordova,Female,44,Jaipur,Rajasthan,2020-02-19,2025-04-10,1,0.5,6,6,2225.16,2225.16,7051.67,Fashion,Online,Low Value,Bronze,440,High,1
CUST100248,Jose Travis,Female,63,Madurai,Tamil Nadu,2021-04-07,2026-05-13,9,1.73,36,4,961.08,8649.72,8658.17,Home & Kitchen,Online,Low Value,Bronze,42,Low,1
CUST100249,Kimberly Gutierrez,Male,44,Nagpur,Maharashtra,2019-03-31,2026-06-21,3,0.5,21,7,2466.2,7398.6,8912.76,Home & Kitchen,Online,Low Value,Bronze,3,Low,1
CUST100250,Isaiah Avila,Male,44,Surat,Gujarat,2021-12-12,2026-05-31,15,3.31,15,1,2376.75,35651.25,35603.62,Fashion,Offline,Medium Value,Silver,24,Low,0
CUST100251,Olivia Harris,Female,39,Vadodara,Gujarat,2022-08-22,2026-04-01,10,2.61,90,9,4843.11,48431.1,48450.99,Sports,Online,Medium Value,Silver,84,Low,0
CUST100252,Tanya Kim,Female,39,Lucknow,Uttar Pradesh,2022-04-26,2025-10-05,1,0.5,6,6,1694.36,1694.36,3520.93,Fashion,Offline,Low Value,Bronze,262,High,1
CUST100253,Barbara Dudley,Male,40,Kanpur,Uttar Pradesh,2023-02-17,2026-04-29,25,7.48,250,10,1805.35,45133.75,45142.8,Home & Kitchen,Offline,Medium Value,Silver,56,Low,0
CUST100254,Cynthia Moore,Female,18,Guwahati,Assam,2023-05-31,2026-04-28,56,18.3,1400,25,12289.4,688206.4,688388.09,Sports,Offline,High Value,Platinum,57,Low,0
CUST100255,Kristen Davis,Female,27,Coimbatore,Tamil Nadu,2020-06-10,2025-12-14,23,3.81,161,7,6150.76,141467.48,141344.21,Fashion,Online,Medium Value,Gold,192,High,0
CUST100256,Susan Murray MD,Female,39,Visakhapatnam,Andhra Pradesh,2021-04-12,2025-11-15,6,1.16,30,5,1691.79,10150.74,10192.52,Sports,Offline,Low Value,Bronze,221,High,1
CUST100257,Kathleen Moran,Male,54,Ahmedabad,Gujarat,2019-08-16,2026-02-04,21,3.07,336,16,5889.71,123683.91,123859.51,Home & Kitchen,Offline,Medium Value,Gold,140,Low,0
CUST100258,Denise Davenport,Female,64,Surat,Gujarat,2021-01-08,2026-06-04,12,2.2,180,15,3115.11,37381.32,37357.44,Grocery,Online,Medium Value,Silver,20,Low,0
CUST100259,Mrs. Kristen Reyes,Male,54,Patna,Bihar,2019-02-13,2026-05-10,64,8.7,1664,26,7443.0,476352.0,476193.05,Electronics,Online,High Value,Gold,45,Low,0
CUST100260,Katie Suarez,Male,66,Mumbai,Maharashtra,2021-07-23,2025-09-06,23,4.68,391,17,1133.65,26073.95,26073.48,Grocery,Online,Medium Value,Bronze,291,High,0
CUST100261,Desiree Tyler,Female,18,Lucknow,Uttar Pradesh,2019-11-13,2026-05-02,1,0.5,2,2,1337.4,1337.4,4417.72,Sports,Offline,Low Value,Bronze,53,Low,1
CUST100262,Timothy Romero,Male,35,Hyderabad,Telangana,2022-01-14,2026-04-15,52,11.72,1768,34,2083.27,108330.04,108292.4,Fashion,Online,Medium Value,Silver,70,Low,0
CUST100263,Diane Evans,Female,61,Vadodara,Gujarat,2024-05-27,2026-03-12,12,5.8,132,11,5449.4,65392.8,65419.66,Home & Kitchen,Online,Medium Value,Silver,104,Medium,0
CUST100264,Yvonne Burns,Male,25,Coimbatore,Tamil Nadu,2023-09-15,2024-12-21,3,1.08,12,4,813.42,2440.26,2431.64,Electronics,Online,Low Value,Bronze,550,High,1
CUST100265,Joshua Reed,Male,24,Surat,Gujarat,2022-08-12,2026-01-12,5,1.3,40,8,386.55,1932.75,1939.89,Home & Kitchen,Online,Low Value,Bronze,163,Medium,1
CUST100266,Kimberly Gibson,Female,56,Madurai,Tamil Nadu,2020-12-28,2025-10-23,16,2.92,240,15,1891.53,30264.48,30274.01,Electronics,Online,Medium Value,Bronze,244,High,0
CUST100267,Colin Terry,Male,18,Visakhapatnam,Andhra Pradesh,2020-06-30,2025-03-23,7,1.17,56,8,1564.53,10951.71,10940.4,Grocery,Online,Low Value,Bronze,458,High,1
CUST100268,Cynthia Rowe,Female,34,Kanpur,Uttar Pradesh,2020-12-05,2026-01-03,17,3.07,323,19,3100.79,52713.43,52777.1,Fashion,Online,Medium Value,Silver,172,Medium,0
CUST100269,Patrick Thornton,Female,49,Surat,Gujarat,2020-02-17,2025-04-25,10,1.58,10,1,3222.5,32225.0,32298.76,Sports,Online,Medium Value,Bronze,425,High,1
CUST100270,Jasmin Alvarado,Male,26,Mumbai,Maharashtra,2021-05-31,2026-06-11,6,1.19,42,7,1576.19,9457.14,9490.02,Beauty,Offline,Low Value,Bronze,13,Low,1
CUST100271,Veronica Simpson,Male,45,Vadodara,Gujarat,2019-05-07,2026-06-03,17,2.39,136,8,1639.1,27864.7,27918.19,Grocery,Offline,Medium Value,Bronze,21,Low,0
CUST100272,Jonathan Lawrence,Female,51,Ranchi,Jharkhand,2020-07-03,2025-10-01,5,0.84,40,8,1004.9,5024.5,5038.12,Grocery,Offline,Low Value,Bronze,266,High,1
CUST100273,Shelly Alexander,Male,41,Kolkata,West Bengal,2021-04-15,2025-11-17,7,1.35,42,6,1059.38,7415.66,7416.1,Fashion,Offline,Low Value,Bronze,219,High,1
CUST100274,Joyce Bowen,Male,33,Guwahati,Assam,2024-02-08,2026-04-28,32,13.51,544,17,2430.42,77773.44,77761.13,Fashion,Online,Medium Value,Silver,57,Low,0
CUST100275,Matthew Moore,Male,30,Nagpur,Maharashtra,2022-04-29,2026-04-27,16,3.86,272,17,4241.68,67866.88,67912.17,Beauty,Online,Medium Value,Silver,58,Low,0
CUST100276,Wayne Morgan,Male,28,Pune,Maharashtra,2024-04-06,2024-04-06,4,1.81,4,1,1414.69,5658.76,5657.48,Grocery,Online,Low Value,Bronze,809,High,1
CUST100277,Marie Christian,Male,31,Nashik,Maharashtra,2023-01-03,2026-01-04,25,7.21,200,8,5150.71,128767.75,128719.94,Home & Kitchen,Online,Medium Value,Gold,171,Low,0
CUST100278,Shannon James,Female,43,Pune,Maharashtra,2021-06-20,2025-12-23,2,0.5,24,12,2063.38,4126.76,5163.39,Home & Kitchen,Online,Low Value,Bronze,183,High,1
CUST100279,Nathan Malone,Female,37,Pune,Maharashtra,2021-05-18,2023-07-04,1,0.5,10,10,688.13,688.13,1753.06,Sports,Online,Low Value,Bronze,1086,High,1
CUST100280,Amanda Jones,Female,48,Patna,Bihar,2019-01-26,2025-04-03,3,0.5,33,11,1099.44,3298.32,4069.66,Home & Kitchen,Offline,Low Value,Bronze,447,High,1
CUST100281,Tammie Bright,Male,36,Ahmedabad,Gujarat,2022-05-04,2026-05-29,9,2.18,162,18,3177.57,28598.13,28637.71,Fashion,Offline,Medium Value,Bronze,26,Low,0
CUST100282,Jessica Garcia,Male,25,Kolkata,West Bengal,2019-02-18,2025-09-27,16,2.18,240,15,4212.86,67405.76,67412.45,Grocery,Offline,Medium Value,Silver,270,High,0
CUST100283,Shelia Wallace,Male,29,Pune,Maharashtra,2024-03-30,2026-02-08,33,14.81,1023,31,5716.48,188643.84,188676.55,Electronics,Offline,Medium Value,Gold,136,Low,0
CUST100284,Stephanie Williams,Male,32,Vadodara,Gujarat,2019-04-07,2024-12-10,37,5.13,370,10,2331.21,86254.77,86210.35,Home & Kitchen,Online,Medium Value,Silver,561,High,0
CUST100285,Elaine Brooks,Female,22,Delhi,Delhi,2024-01-18,2026-06-20,140,57.71,2380,17,11957.38,1674033.2,1673904.21,Home & Kitchen,Online,High Value,Platinum,4,Low,0
CUST100286,Joseph Knight,Female,30,Kolkata,West Bengal,2024-04-13,2026-01-10,21,9.59,63,3,3496.02,73416.42,73433.17,Sports,Offline,Medium Value,Silver,165,Medium,0
CUST100287,Carolyn Miller,Male,56,Vadodara,Gujarat,2019-03-07,2024-10-01,13,1.78,208,16,200.0,2600.0,2596.53,Beauty,Offline,Low Value,Bronze,631,High,1
CUST100288,Lisa Allen,Male,41,Nagpur,Maharashtra,2020-09-26,2026-04-08,31,5.4,217,7,3351.94,103910.14,103820.66,Sports,Online,Medium Value,Silver,77,Low,0
CUST100289,Briana Murray,Female,41,Visakhapatnam,Andhra Pradesh,2022-12-05,2026-06-04,15,4.23,135,9,1188.1,17821.5,17818.57,Electronics,Offline,Medium Value,Bronze,20,Low,0
CUST100290,David Smith,Male,55,Bhopal,Madhya Pradesh,2022-01-17,2026-05-23,107,24.17,1284,12,8983.56,961240.92,961268.96,Grocery,Online,High Value,Platinum,32,Low,0
CUST100291,Stephanie Byrd,Female,60,Kochi,Kerala,2019-01-19,2025-10-06,72,9.7,936,13,3073.68,221304.96,221294.02,Fashion,Online,Medium Value,Gold,261,High,0
CUST100292,Jeremy Reed,Female,21,Patna,Bihar,2019-10-09,2026-06-05,1,0.5,5,5,518.0,518.0,1735.89,Fashion,Online,Low Value,Bronze,19,Low,1
CUST100293,Margaret Coleman,Female,28,Guwahati,Assam,2019-08-23,2026-06-01,14,2.05,126,9,3561.22,49857.08,49869.27,Grocery,Online,Medium Value,Silver,23,Low,0
CUST100294,Ryan Gonzalez,Female,46,Patna,Bihar,2023-10-20,2026-06-22,38,14.22,494,13,11468.25,435793.5,435769.01,Fashion,Offline,High Value,Gold,2,Low,0
CUST100295,John Young,Female,18,Hyderabad,Telangana,2023-03-29,2024-11-05,42,12.99,378,9,3413.71,143375.82,143382.27,Grocery,Offline,Medium Value,Gold,596,High,0
CUST100296,Laura Haney,Female,45,Kanpur,Uttar Pradesh,2020-02-05,2025-10-04,2,0.5,10,5,850.89,1701.78,2712.83,Electronics,Online,Low Value,Bronze,263,High,1
CUST100297,William Barrett,Female,29,Bhopal,Madhya Pradesh,2019-03-27,2025-10-29,25,3.45,25,1,3243.03,81075.75,80991.84,Beauty,Offline,Medium Value,Silver,238,High,0
CUST100298,Keith Jennings,Female,26,Patna,Bihar,2022-06-04,2026-01-08,35,8.64,665,19,359.78,12592.3,12587.19,Beauty,Online,Low Value,Bronze,167,Medium,0
CUST100299,Amber Obrien,Male,26,Delhi,Delhi,2023-09-12,2026-06-11,101,36.38,2626,26,6396.74,646070.74,646054.45,Grocery,Online,High Value,Gold,13,Low,0
CUST100300,Tanner Mitchell DDS,Male,28,Ahmedabad,Gujarat,2022-02-25,2026-04-27,78,18.05,780,10,12577.58,981051.24,980823.97,Home & Kitchen,Online,High Value,Platinum,58,Low,0
CUST100301,Heather Fields,Female,18,Visakhapatnam,Andhra Pradesh,2023-07-16,2026-05-24,29,9.88,783,27,200.0,5800.0,5799.51,Electronics,Online,Low Value,Bronze,31,Low,0
CUST100302,Megan Le,Male,42,Kolkata,West Bengal,2023-08-07,2025-12-27,33,11.48,495,15,4750.34,156761.22,156770.97,Beauty,Offline,Medium Value,Gold,179,Low,0
CUST100303,Sara Fuller,Male,41,Hyderabad,Telangana,2019-02-06,2026-03-17,29,3.93,406,14,3099.54,89886.66,89812.32,Electronics,Online,Medium Value,Silver,99,Medium,0
CUST100304,Maria Parker,Female,38,Visakhapatnam,Andhra Pradesh,2023-05-02,2026-06-14,5,1.59,15,3,1549.78,7748.9,7738.21,Fashion,Online,Low Value,Bronze,10,Low,1
CUST100305,Kevin Oconnor,Female,53,Nashik,Maharashtra,2024-04-06,2025-10-30,6,2.72,42,7,428.76,2572.56,2576.72,Sports,Online,Low Value,Bronze,237,High,0
CUST100306,Edward Burgess,Female,37,Kochi,Kerala,2019-12-05,2025-11-03,39,5.96,702,18,3000.59,117023.01,117069.1,Beauty,Online,Medium Value,Silver,233,High,0
CUST100307,Carlos Ryan,Male,22,Ahmedabad,Gujarat,2021-09-10,2025-11-25,11,2.3,44,4,3896.66,42863.26,42842.46,Grocery,Offline,Medium Value,Silver,211,High,0
CUST100308,Kiara Mcintyre,Female,37,Kanpur,Uttar Pradesh,2021-03-31,2024-08-23,3,0.57,3,1,1354.63,4063.89,4035.63,Sports,Online,Low Value,Bronze,670,High,1
CUST100309,Dawn Summers,Male,33,Coimbatore,Tamil Nadu,2019-05-14,2026-01-29,35,4.92,595,17,5884.69,205964.15,205780.0,Electronics,Offline,Medium Value,Gold,146,Low,0
CUST100310,Dr. Paul Morgan,Male,35,Guwahati,Assam,2020-12-19,2026-02-14,11,2.0,11,1,2996.8,32964.8,32999.67,Fashion,Online,Medium Value,Bronze,130,Medium,0
CUST100311,Victor Taylor,Male,22,Vadodara,Gujarat,2024-02-22,2026-06-02,81,34.77,1701,21,2193.34,177660.54,177684.68,Home & Kitchen,Offline,Medium Value,Gold,22,Low,0
CUST100312,Shannon Ramsey,Male,18,Ranchi,Jharkhand,2019-10-31,2026-05-27,118,17.77,3304,28,8993.14,1061190.52,1061449.54,Beauty,Offline,High Value,Platinum,28,Low,0
CUST100313,Tracy Ballard,Female,35,Patna,Bihar,2020-05-06,2026-05-11,10,1.63,70,7,1172.59,11725.9,11711.26,Fashion,Online,Low Value,Bronze,44,Low,1
CUST100314,Richard Smith,Male,42,Coimbatore,Tamil Nadu,2021-07-25,2026-05-12,13,2.65,13,1,1520.05,19760.65,19773.97,Grocery,Online,Medium Value,Bronze,43,Low,0
CUST100315,Jordan Chambers,Male,28,Visakhapatnam,Andhra Pradesh,2019-01-11,2026-03-25,17,2.28,187,11,361.27,6141.59,6131.77,Home & Kitchen,Online,Low Value,Bronze,91,Medium,0
CUST100316,Lauren Carson,Male,24,Kochi,Kerala,2020-07-10,2024-10-01,49,8.24,196,4,2915.21,142845.29,142911.3,Sports,Online,Medium Value,Gold,631,High,0
CUST100317,Ashley Hall,Male,28,Bhopal,Madhya Pradesh,2021-05-05,2026-03-03,51,9.94,1275,25,9830.57,501359.07,501353.96,Electronics,Online,High Value,Gold,113,Low,0
CUST100318,Stephen Hoffman,Male,48,Ahmedabad,Gujarat,2023-03-01,2026-05-09,122,36.86,3050,25,9540.21,1163905.62,1163990.25,Beauty,Online,High Value,Platinum,46,Low,0
CUST100319,Connie Brown,Male,32,Nagpur,Maharashtra,2023-09-24,2026-05-28,7,2.55,63,9,3944.26,27609.82,27592.0,Electronics,Offline,Medium Value,Bronze,27,Low,0
CUST100320,Susan Turner,Male,26,Ranchi,Jharkhand,2021-11-04,2026-05-23,21,4.54,252,12,3620.97,76040.37,76108.68,Beauty,Offline,Medium Value,Silver,32,Low,0
CUST100321,Charles Shah,Female,38,Kolkata,West Bengal,2023-01-12,2025-07-29,5,1.45,5,1,713.4,3567.0,3559.97,Sports,Offline,Low Value,Bronze,330,High,1
CUST100322,Johnathan Davis,Female,34,Visakhapatnam,Andhra Pradesh,2020-02-12,2026-05-29,24,3.78,360,15,1556.84,37364.16,37411.73,Grocery,Online,Medium Value,Silver,26,Low,0
CUST100323,Brandy Chavez,Male,18,Bhopal,Madhya Pradesh,2019-11-21,2026-02-27,20,3.04,400,20,3403.07,68061.4,68119.17,Beauty,Online,Medium Value,Silver,117,Medium,0
CUST100324,Natalie Bautista,Male,55,Kochi,Kerala,2023-02-20,2025-11-01,3,0.9,15,5,634.91,1904.73,1905.51,Fashion,Offline,Low Value,Bronze,235,High,1
CUST100325,Patrick Moore,Male,50,Ranchi,Jharkhand,2021-07-04,2025-02-20,4,0.81,28,7,1960.47,7841.88,7886.64,Home & Kitchen,Online,Low Value,Bronze,489,High,1
CUST100326,Brett Burns,Male,28,Bhopal,Madhya Pradesh,2024-02-28,2026-02-18,19,8.21,95,5,6711.06,127510.14,127467.88,Sports,Offline,Medium Value,Gold,126,Low,0
CUST100327,Trevor Johnson,Male,26,Surat,Gujarat,2019-11-05,2025-07-12,13,1.96,91,7,5196.07,67548.91,67504.95,Beauty,Offline,Medium Value,Silver,347,High,1
CUST100328,Jeremy Sampson,Male,29,Visakhapatnam,Andhra Pradesh,2021-09-16,2026-04-24,8,1.68,120,15,2738.96,21911.68,21920.68,Beauty,Online,Medium Value,Bronze,61,Low,1
CUST100329,Ariana Jennings,Female,26,Patna,Bihar,2023-06-07,2026-03-07,14,4.6,126,9,4043.88,56614.32,56582.21,Grocery,Offline,Medium Value,Silver,109,Medium,0
CUST100330,Vanessa Howard,Female,47,Nagpur,Maharashtra,2023-11-22,2026-04-02,19,7.36,190,10,2427.26,46117.94,46122.79,Electronics,Offline,Medium Value,Silver,83,Low,0
CUST100331,Colton Martinez,Female,37,Kanpur,Uttar Pradesh,2022-05-25,2026-02-04,5,1.23,10,2,1775.45,8877.25,8902.62,Electronics,Online,Low Value,Bronze,140,Medium,1
CUST100332,Jordan Bates,Male,58,Vadodara,Gujarat,2020-04-06,2026-03-18,32,5.15,992,31,9035.15,289124.8,288931.85,Home & Kitchen,Offline,High Value,Gold,98,Low,0
CUST100333,Linda Smith,Male,32,Visakhapatnam,Andhra Pradesh,2019-04-21,2026-03-15,37,5.16,814,22,12822.52,474433.24,474425.87,Beauty,Online,High Value,Gold,101,Low,0
CUST100334,Dana Martinez,Female,64,Bhopal,Madhya Pradesh,2019-03-31,2026-05-12,52,7.19,416,8,6808.74,354054.48,353841.97,Beauty,Online,High Value,Gold,43,Low,0
CUST100335,Andrea Hubbard,Male,39,Kanpur,Uttar Pradesh,2019-05-29,2026-05-19,105,14.86,1050,10,7174.39,753310.95,753358.29,Sports,Online,High Value,Platinum,36,Low,0
CUST100336,Daniel Kane,Male,35,Jaipur,Rajasthan,2022-02-06,2024-01-22,9,2.06,63,7,481.11,4329.99,4333.38,Grocery,Offline,Low Value,Bronze,884,High,0
CUST100337,Charles Lester,Male,20,Kolkata,West Bengal,2019-02-24,2024-07-18,4,0.55,28,7,674.49,2697.96,2716.89,Home & Kitchen,Online,Low Value,Bronze,706,High,1
CUST100338,Scott Thomas,Other,57,Vadodara,Gujarat,2022-07-07,2026-01-12,13,3.28,221,17,636.19,8270.47,8261.12,Electronics,Online,Low Value,Bronze,163,Medium,0
CUST100339,David Thompson,Male,38,Madurai,Tamil Nadu,2022-01-18,2026-05-28,69,15.6,1035,15,18843.98,1300234.62,1300613.82,Fashion,Online,High Value,Platinum,27,Low,0
CUST100340,Allison Smith,Female,45,Kanpur,Uttar Pradesh,2022-04-03,2025-10-20,38,9.01,532,14,5007.36,190279.68,190346.99,Fashion,Offline,Medium Value,Gold,247,High,0
CUST100341,Cynthia Morris,Male,28,Jaipur,Rajasthan,2021-07-03,2025-10-05,50,10.06,1150,23,3962.15,198107.5,198068.45,Beauty,Offline,Medium Value,Gold,262,High,0
CUST100342,Anthony Harmon,Female,50,Kanpur,Uttar Pradesh,2020-11-14,2026-06-11,114,20.35,1254,11,7179.2,818428.8,818381.63,Grocery,Online,High Value,Platinum,13,Low,0
CUST100343,Nichole Alvarez,Female,34,Ahmedabad,Gujarat,2021-04-20,2026-06-14,14,2.71,140,10,6545.3,91634.2,91736.17,Sports,Online,Medium Value,Silver,10,Low,0
CUST100344,Kayla Rodriguez,Female,56,Guwahati,Assam,2022-08-24,2025-09-28,20,5.23,420,21,5319.99,106399.8,106495.06,Sports,Offline,Medium Value,Silver,269,High,0
CUST100345,Theresa Williams,Male,48,Delhi,Delhi,2022-12-14,2025-07-14,42,11.93,294,7,2536.93,106551.06,106561.34,Sports,Online,Medium Value,Silver,345,High,0
CUST100346,Sharon Boyd,Male,41,Visakhapatnam,Andhra Pradesh,2020-02-09,2026-04-04,18,2.83,234,13,2549.21,45885.78,45922.42,Fashion,Online,Medium Value,Silver,81,Low,0
CUST100347,Victor Brown,Female,29,Kochi,Kerala,2022-03-13,2026-05-17,58,13.56,1798,31,7277.4,422089.2,422013.89,Beauty,Online,High Value,Gold,38,Low,0
CUST100348,James Parks,Male,47,Jaipur,Rajasthan,2020-02-23,2026-03-28,21,3.32,231,11,3519.33,73905.93,73927.8,Grocery,Offline,Medium Value,Silver,88,Low,0
CUST100349,Theodore Jones Jr.,Male,44,Pune,Maharashtra,2023-01-31,2026-02-22,11,3.25,132,12,2091.76,23009.36,23042.29,Home & Kitchen,Online,Medium Value,Bronze,122,Medium,0
CUST100350,Ana Hill,Female,48,Chandigarh,Chandigarh,2021-10-10,2026-01-28,23,4.9,46,2,5356.09,123190.07,123302.25,Fashion,Online,Medium Value,Gold,147,Low,0
CUST100351,Kimberly Nguyen,Male,57,Chandigarh,Chandigarh,2021-10-09,2026-05-31,2,0.5,18,9,1646.6,3293.2,3870.24,Sports,Online,Low Value,Bronze,24,Low,1
CUST100352,Kerry Chavez DDS,Female,22,Jaipur,Rajasthan,2021-04-27,2026-06-21,9,1.75,171,19,2013.56,18122.04,18156.5,Home & Kitchen,Offline,Medium Value,Bronze,3,Low,1
CUST100353,Michael Farrell,Female,22,Nagpur,Maharashtra,2022-01-31,2026-06-06,47,10.71,611,13,6525.45,306696.15,306720.8,Beauty,Offline,High Value,Gold,18,Low,0
CUST100354,Patricia Le,Female,52,Bengaluru,Karnataka,2022-11-26,2026-06-21,81,22.69,891,11,6949.16,562881.96,562929.71,Electronics,Online,High Value,Gold,3,Low,0
CUST100355,Jesse Perez,Female,40,Kanpur,Uttar Pradesh,2023-01-25,2025-08-30,18,5.28,162,9,6941.61,124948.98,124831.53,Fashion,Offline,Medium Value,Gold,298,High,0
CUST100356,Jesse Perry,Female,51,Indore,Madhya Pradesh,2020-06-09,2026-06-16,65,10.77,1625,25,13036.34,847362.1,847213.27,Beauty,Online,High Value,Platinum,8,Low,0
CUST100357,Jeffery Ortega,Female,54,Lucknow,Uttar Pradesh,2022-08-31,2026-03-30,27,7.09,243,9,200.0,5400.0,5400.24,Sports,Online,Low Value,Bronze,86,Low,0
CUST100358,Christian Leblanc,Male,46,Bengaluru,Karnataka,2023-02-10,2026-02-06,3,0.89,15,5,1749.63,5248.89,5235.33,Beauty,Offline,Low Value,Bronze,138,Medium,1
CUST100359,Ronald Davis,Female,18,Bengaluru,Karnataka,2023-06-08,2025-12-07,28,9.21,28,1,2252.96,63082.88,63058.82,Sports,Offline,Medium Value,Silver,199,High,0
CUST100360,Parker Cain,Female,42,Indore,Madhya Pradesh,2022-03-03,2026-01-30,59,13.71,59,1,7187.67,424072.53,424119.17,Electronics,Online,High Value,Gold,145,Low,0
CUST100361,Laurie Hoffman,Female,18,Chennai,Tamil Nadu,2021-07-27,2026-05-19,46,9.38,966,21,1044.61,48052.06,48046.57,Grocery,Online,Medium Value,Silver,36,Low,0
CUST100362,Bryan Gomez,Male,31,Chandigarh,Chandigarh,2019-02-09,2025-11-06,24,3.26,216,9,2883.27,69198.48,69225.32,Beauty,Offline,Medium Value,Silver,230,High,0
CUST100363,Nicole Parrish,Female,29,Chandigarh,Chandigarh,2021-09-19,2026-02-19,32,6.73,256,8,200.0,6400.0,6401.1,Home & Kitchen,Online,Low Value,Bronze,125,Medium,0
CUST100364,Tracy Burke,Male,47,Jaipur,Rajasthan,2021-05-04,2025-09-27,2,0.5,14,7,1469.96,2939.92,3773.0,Electronics,Offline,Low Value,Bronze,270,High,1
CUST100365,Kenneth Lewis,Female,39,Chennai,Tamil Nadu,2019-05-30,2025-12-30,8,1.13,120,15,6390.12,51120.96,51005.49,Home & Kitchen,Online,Medium Value,Silver,176,Medium,1
CUST100366,Courtney Rodriguez,Male,18,Nagpur,Maharashtra,2021-05-24,2025-07-08,8,1.58,64,8,200.0,1600.0,1604.87,Sports,Offline,Low Value,Bronze,351,High,1
CUST100367,Holly Farmer,Female,54,Delhi,Delhi,2024-04-04,2024-04-04,12,5.42,108,9,650.47,7805.64,7808.81,Beauty,Online,Low Value,Bronze,811,High,0
CUST100368,Renee Bruce,Male,40,Hyderabad,Telangana,2023-06-03,2026-05-12,110,36.03,1430,13,14404.53,1584498.3,1584338.58,Electronics,Online,High Value,Platinum,43,Low,0
CUST100369,Sabrina Austin,Female,67,Chennai,Tamil Nadu,2024-03-26,2026-04-29,58,25.9,1160,20,8119.93,470955.94,470993.73,Fashion,Online,High Value,Gold,56,Low,0
CUST100370,Allison Hickman,Male,36,Jaipur,Rajasthan,2019-02-20,2026-05-20,70,9.54,1610,23,14565.69,1019598.3,1019205.89,Sports,Offline,High Value,Platinum,35,Low,0
CUST100371,Debra White,Male,38,Visakhapatnam,Andhra Pradesh,2020-06-14,2025-11-11,73,12.13,2263,31,5638.03,411576.19,411740.12,Sports,Online,High Value,Gold,225,High,0
CUST100372,Ellen Morgan,Male,46,Kanpur,Uttar Pradesh,2019-09-22,2026-06-15,76,11.26,1368,18,9092.32,691016.32,690939.15,Grocery,Online,High Value,Platinum,9,Low,0
CUST100373,Sergio Knight,Female,45,Ahmedabad,Gujarat,2023-07-13,2025-09-08,12,4.08,36,3,1674.49,20093.88,20107.63,Fashion,Offline,Medium Value,Bronze,289,High,0
CUST100374,Charles Schultz,Female,50,Coimbatore,Tamil Nadu,2019-01-16,2026-05-10,94,12.65,1692,18,8230.4,773657.6,773626.05,Grocery,Online,High Value,Platinum,45,Low,0
CUST100375,Paul Lewis,Male,45,Vadodara,Gujarat,2024-01-30,2025-11-24,28,11.7,448,16,5342.55,149591.4,149573.85,Beauty,Online,Medium Value,Gold,212,High,0
CUST100376,Glen Wood,Male,48,Hyderabad,Telangana,2020-01-12,2025-09-20,6,0.93,30,5,368.03,2208.18,2204.95,Grocery,Online,Low Value,Bronze,277,High,1
CUST100377,Paula Bradley,Female,61,Kochi,Kerala,2023-07-10,2026-06-15,64,21.68,1280,20,13745.84,879733.76,879547.1,Home & Kitchen,Online,High Value,Platinum,9,Low,0
CUST100378,Anthony Moore,Male,18,Coimbatore,Tamil Nadu,2020-05-28,2025-09-02,3,0.5,3,1,1850.2,5550.6,5612.65,Fashion,Online,Low Value,Bronze,295,High,1
CUST100379,Megan Nelson,Female,45,Kanpur,Uttar Pradesh,2020-02-07,2025-07-22,31,4.87,744,24,1062.59,32940.29,32968.63,Beauty,Offline,Medium Value,Bronze,337,High,0
CUST100380,Karla Ramos,Female,18,Coimbatore,Tamil Nadu,2023-01-06,2026-03-25,92,26.61,2116,23,16678.24,1534398.08,1534646.03,Sports,Online,High Value,Platinum,91,Medium,0
CUST100381,Paul Wilson,Female,42,Nashik,Maharashtra,2022-06-19,2025-12-06,16,3.99,304,19,7782.28,124516.48,124460.23,Grocery,Online,Medium Value,Gold,200,High,0
CUST100382,Douglas Gregory,Male,48,Surat,Gujarat,2022-06-06,2026-04-28,37,9.15,37,1,1482.48,54851.76,54852.98,Electronics,Online,Medium Value,Silver,57,Low,0
CUST100383,Mr. Andrew Foster,Female,37,Bhopal,Madhya Pradesh,2019-09-18,2024-11-22,1,0.5,3,3,414.08,414.08,1399.54,Fashion,Offline,Low Value,Bronze,579,High,1
CUST100384,Aimee Turner,Male,30,Mumbai,Maharashtra,2019-12-31,2024-03-26,2,0.5,6,3,602.32,1204.64,1950.02,Grocery,Online,Low Value,Bronze,820,High,1
CUST100385,Chad Scott,Male,30,Delhi,Delhi,2019-07-12,2026-03-03,3,0.5,12,4,872.47,2617.41,3030.06,Fashion,Online,Low Value,Bronze,113,Medium,1
CUST100386,Adam Burgess,Other,61,Bhopal,Madhya Pradesh,2021-02-10,2026-03-17,27,5.04,378,14,4794.5,129451.5,129537.74,Home & Kitchen,Online,Medium Value,Gold,99,Low,0
CUST100387,James Padilla,Female,59,Kochi,Kerala,2023-07-04,2026-06-22,165,55.6,3630,22,12334.55,2035200.75,2035340.9,Electronics,Offline,High Value,Platinum,2,Low,0
CUST100388,Sandra Drake,Female,40,Lucknow,Uttar Pradesh,2023-07-06,2025-11-07,3,1.01,3,1,1594.29,4782.87,4770.08,Grocery,Online,Low Value,Bronze,229,High,1
CUST100389,Scott Williams,Male,52,Visakhapatnam,Andhra Pradesh,2021-09-29,2025-04-24,4,0.85,32,8,2205.5,8822.0,8863.97,Grocery,Online,Low Value,Bronze,426,High,1
CUST100390,Thomas Atkins,Male,29,Delhi,Delhi,2024-05-15,2025-07-01,3,1.43,21,7,616.56,1849.68,1853.88,Home & Kitchen,Online,Low Value,Bronze,358,High,1
CUST100391,Laura Mckinney,Female,33,Visakhapatnam,Andhra Pradesh,2022-12-06,2026-04-06,33,9.31,363,11,1000.48,33015.84,32999.1,Electronics,Offline,Medium Value,Bronze,79,Low,0
CUST100392,Brian Smith,Female,35,Bhopal,Madhya Pradesh,2023-07-18,2025-12-30,29,9.9,232,8,1901.94,55156.26,55160.17,Beauty,Online,Medium Value,Silver,176,Medium,0
CUST100393,Robert Montgomery,Female,27,Coimbatore,Tamil Nadu,2021-07-01,2025-04-22,4,0.8,20,5,884.82,3539.28,3521.35,Grocery,Offline,Low Value,Bronze,428,High,1
CUST100394,Tamara Davis,Male,28,Indore,Madhya Pradesh,2021-05-18,2025-09-15,33,6.48,627,19,3596.9,118697.7,118757.08,Sports,Online,Medium Value,Silver,282,High,0
CUST100395,Dana Chapman,Female,52,Jaipur,Rajasthan,2022-07-02,2025-12-28,6,1.51,84,14,1707.14,10242.84,10240.55,Grocery,Online,Low Value,Bronze,178,Medium,1
CUST100396,Jennifer Collins,Female,37,Delhi,Delhi,2019-10-31,2025-04-13,5,0.75,15,3,335.54,1677.7,1671.5,Beauty,Online,Low Value,Bronze,437,High,1
CUST100397,Gary Jackson,Female,34,Bengaluru,Karnataka,2023-07-22,2026-06-07,34,11.65,476,14,6660.1,226443.4,226450.69,Grocery,Online,Medium Value,Gold,17,Low,0
CUST100398,Ashley Hicks,Female,55,Chandigarh,Chandigarh,2023-08-09,2024-02-18,1,0.5,6,6,1199.52,1199.52,1720.87,Fashion,Online,Low Value,Bronze,857,High,1
CUST100399,Hannah Luna,Female,30,Ahmedabad,Gujarat,2019-07-26,2026-02-04,1,0.5,4,4,2265.9,2265.9,7825.96,Beauty,Online,Low Value,Bronze,140,Medium,1
CUST100400,Robin Young,Female,42,Chennai,Tamil Nadu,2020-09-13,2026-06-19,45,7.8,1215,27,10395.86,467813.7,467988.74,Electronics,Offline,High Value,Gold,5,Low,0
CUST100401,Craig Morrison,Other,44,Kochi,Kerala,2019-09-03,2025-06-21,6,0.88,30,5,642.81,3856.86,3847.04,Electronics,Online,Low Value,Bronze,368,High,1
CUST100402,Mary Thompson,Female,23,Madurai,Tamil Nadu,2024-01-08,2025-10-22,26,10.6,260,10,5671.86,147468.36,147485.44,Home & Kitchen,Online,Medium Value,Gold,245,High,0
CUST100403,Kathleen Webster,Female,45,Coimbatore,Tamil Nadu,2023-04-24,2024-05-16,1,0.5,5,5,1071.14,1071.14,1693.59,Fashion,Offline,Low Value,Bronze,769,High,1
CUST100404,Joann Glass,Male,31,Kolkata,West Bengal,2023-10-02,2023-10-09,23,8.45,92,4,5768.2,132668.6,132645.7,Beauty,Offline,Medium Value,Gold,989,High,0
CUST100405,Madison Weber,Male,28,Guwahati,Assam,2020-09-29,2026-03-10,12,2.1,36,3,200.0,2400.0,2405.59,Fashion,Offline,Low Value,Bronze,106,Medium,0
CUST100406,Lori Hernandez,Female,27,Visakhapatnam,Andhra Pradesh,2019-12-16,2025-12-23,16,2.46,48,3,3792.29,60676.64,60788.77,Sports,Online,Medium Value,Silver,183,High,0
CUST100407,Jeremy Turner,Male,36,Coimbatore,Tamil Nadu,2023-02-09,2026-01-19,68,20.21,1156,17,10581.89,719568.52,719600.1,Sports,Online,High Value,Platinum,156,Medium,0
CUST100408,Anthony Romero,Female,18,Guwahati,Assam,2019-11-12,2024-05-08,13,1.97,65,5,2017.86,26232.18,26272.68,Grocery,Online,Medium Value,Bronze,777,High,1
CUST100409,Jesse Brown,Male,44,Chandigarh,Chandigarh,2019-10-31,2026-06-06,37,5.57,740,20,4335.53,160414.61,160397.64,Sports,Online,Medium Value,Gold,18,Low,0
CUST100410,Angela Lin,Male,30,Surat,Gujarat,2019-06-09,2026-05-04,21,2.98,84,4,1426.97,29966.37,29920.86,Home & Kitchen,Offline,Medium Value,Bronze,51,Low,0
CUST100411,Lisa Hunter,Male,30,Jaipur,Rajasthan,2022-12-03,2025-12-04,4,1.13,24,6,793.44,3173.76,3183.77,Home & Kitchen,Offline,Low Value,Bronze,202,High,1
CUST100412,Julian Conner,Female,38,Nashik,Maharashtra,2019-01-16,2025-02-01,9,1.21,72,8,1444.0,12996.0,12982.91,Home & Kitchen,Offline,Low Value,Bronze,508,High,1
CUST100413,Joanna Pacheco,Female,33,Nagpur,Maharashtra,2020-01-13,2026-06-06,29,4.5,464,16,778.39,22573.31,22555.73,Beauty,Offline,Medium Value,Bronze,18,Low,0
CUST100414,Erica Alvarez,Male,65,Chandigarh,Chandigarh,2021-09-10,2026-03-12,22,4.6,308,14,2852.69,62759.18,62728.72,Sports,Online,Medium Value,Silver,104,Medium,0
CUST100415,Antonio Garcia,Male,58,Coimbatore,Tamil Nadu,2024-03-16,2026-05-03,23,10.15,161,7,200.0,4600.0,4601.89,Sports,Online,Low Value,Bronze,52,Low,0
CUST100416,Gwendolyn Klein,Male,58,Patna,Bihar,2024-04-02,2026-03-01,62,27.92,434,7,2114.62,131106.44,131092.66,Beauty,Offline,Medium Value,Gold,115,Low,0
CUST100417,Carrie Wright,Male,49,Kolkata,West Bengal,2021-08-17,2026-05-25,8,1.65,88,11,2076.61,16612.88,16604.35,Home & Kitchen,Offline,Medium Value,Bronze,30,Low,1
CUST100418,Jeffrey Mills,Male,32,Lucknow,Uttar Pradesh,2021-08-01,2026-02-08,16,3.27,336,21,5294.64,84714.24,84659.45,Electronics,Online,Medium Value,Silver,136,Medium,0
CUST100419,Jake Campbell,Male,22,Kanpur,Uttar Pradesh,2022-07-01,2024-01-27,1,0.5,5,5,837.85,837.85,1665.38,Fashion,Online,Low Value,Bronze,879,High,1
CUST100420,George Harper,Female,54,Mumbai,Maharashtra,2020-03-01,2026-05-31,12,1.9,120,10,1226.07,14712.84,14694.71,Grocery,Offline,Medium Value,Bronze,24,Low,1
CUST100421,Maria Jones,Female,18,Kanpur,Uttar Pradesh,2023-02-06,2024-10-14,7,2.08,35,5,1894.15,13259.05,13289.18,Fashion,Online,Low Value,Bronze,618,High,0
CUST100422,Michael Mitchell,Male,45,Visakhapatnam,Andhra Pradesh,2023-08-13,2026-06-03,50,17.49,900,18,6341.05,317052.5,317001.46,Fashion,Online,High Value,Gold,21,Low,0
CUST100423,Mary Escobar,Female,33,Visakhapatnam,Andhra Pradesh,2020-02-12,2026-05-08,10,1.57,50,5,3553.63,35536.3,35468.58,Grocery,Online,Medium Value,Silver,47,Low,1
CUST100424,Felicia Aguilar,Male,18,Ranchi,Jharkhand,2020-09-10,2026-06-06,78,13.5,2418,31,11668.98,910180.44,910467.97,Grocery,Online,High Value,Platinum,18,Low,0
CUST100425,Gregory Ponce,Male,36,Kochi,Kerala,2021-03-06,2026-05-22,37,6.99,185,5,5340.38,197594.06,197658.54,Grocery,Offline,Medium Value,Gold,33,Low,0
CUST100426,Jenna Larson,Male,35,Nagpur,Maharashtra,2021-06-17,2026-04-10,15,2.99,150,10,5906.92,88603.8,88538.14,Electronics,Online,Medium Value,Silver,75,Low,0
CUST100427,Emily Bennett,Male,30,Lucknow,Uttar Pradesh,2023-04-30,2026-04-19,6,1.91,30,5,961.64,5769.84,5777.98,Grocery,Offline,Low Value,Bronze,66,Low,1
CUST100428,Robin Santiago,Female,38,Pune,Maharashtra,2022-03-18,2026-05-10,13,3.05,182,14,200.0,2600.0,2600.33,Electronics,Online,Low Value,Bronze,45,Low,0
CUST100429,Nancy Jennings,Male,70,Jaipur,Rajasthan,2021-08-06,2026-02-20,110,22.56,3300,30,10967.97,1206476.7,1206532.55,Beauty,Online,High Value,Platinum,124,Medium,0
CUST100430,Maria Henderson,Male,26,Jaipur,Rajasthan,2024-05-18,2026-04-12,87,41.54,609,7,14451.42,1257273.54,1257326.95,Fashion,Online,High Value,Platinum,73,Low,0
CUST100431,Jack White,Male,33,Ranchi,Jharkhand,2022-02-27,2025-06-04,1,0.5,6,6,661.9,661.9,1428.0,Grocery,Online,Low Value,Bronze,385,High,1
CUST100432,Travis Tucker,Male,37,Indore,Madhya Pradesh,2019-06-24,2026-05-19,28,4.0,28,1,1374.5,38486.0,38459.66,Grocery,Offline,Medium Value,Silver,36,Low,0
CUST100433,Chad Jones,Female,25,Mumbai,Maharashtra,2021-05-21,2026-05-12,81,15.92,1782,22,3290.65,266542.65,266489.59,Fashion,Offline,High Value,Gold,43,Low,0
CUST100434,Ashley Wise,Female,24,Visakhapatnam,Andhra Pradesh,2020-10-10,2026-06-08,79,13.87,1027,13,8015.66,633237.14,633428.51,Grocery,Online,High Value,Gold,16,Low,0
CUST100435,Sophia Johnson,Male,44,Indore,Madhya Pradesh,2021-01-18,2026-02-19,2,0.5,16,8,1831.59,3663.18,4966.98,Sports,Online,Low Value,Bronze,125,Medium,1
CUST100436,Ralph Anderson,Female,25,Bengaluru,Karnataka,2023-12-09,2026-04-28,86,33.92,1548,18,12509.79,1075841.94,1075787.83,Beauty,Offline,High Value,Platinum,57,Low,0
CUST100437,Christopher Guerra,Female,24,Jaipur,Rajasthan,2021-04-11,2025-03-26,9,1.73,45,5,1582.43,14241.87,14225.8,Home & Kitchen,Online,Low Value,Bronze,455,High,1
CUST100438,Rhonda Martin,Female,44,Nashik,Maharashtra,2020-01-28,2026-03-21,5,0.78,35,7,339.69,1698.45,1695.3,Sports,Offline,Low Value,Bronze,95,Medium,1
CUST100439,Jason Rhodes,Male,31,Kochi,Kerala,2021-10-15,2026-05-23,108,23.05,3456,32,20000.0,2160000.0,2159537.3,Sports,Offline,High Value,Platinum,32,Low,0
CUST100440,Jeremy Mitchell,Female,22,Chandigarh,Chandigarh,2022-02-06,2026-05-12,36,8.23,864,24,6210.67,223584.12,223487.37,Beauty,Online,Medium Value,Gold,43,Low,0
CUST100441,Joann Ferguson,Male,39,Pune,Maharashtra,2023-04-17,2026-02-24,1,0.5,14,14,1563.91,1563.91,2487.7,Electronics,Offline,Low Value,Bronze,120,Medium,1
CUST100442,Robert Harrison,Male,47,Ranchi,Jharkhand,2020-10-05,2026-01-26,14,2.45,112,8,324.07,4536.98,4534.5,Fashion,Offline,Low Value,Bronze,149,Medium,0
CUST100443,Holly Valentine,Other,25,Indore,Madhya Pradesh,2020-12-22,2026-05-05,23,4.18,368,16,6439.81,148115.63,147986.75,Fashion,Online,Medium Value,Gold,50,Low,0
CUST100444,Mrs. Diane Reyes,Female,46,Visakhapatnam,Andhra Pradesh,2019-09-29,2026-01-16,6,0.89,6,1,2171.15,13026.9,13003.84,Electronics,Offline,Low Value,Bronze,159,Medium,1
CUST100445,Tracy Montoya,Female,34,Visakhapatnam,Andhra Pradesh,2019-11-16,2025-02-01,6,0.91,54,9,486.79,2920.74,2922.87,Home & Kitchen,Offline,Low Value,Bronze,508,High,1
CUST100446,Brenda Wright,Male,58,Indore,Madhya Pradesh,2021-12-06,2026-01-20,5,1.1,25,5,1968.37,9841.85,9834.57,Beauty,Online,Low Value,Bronze,155,Medium,1
CUST100447,Shelly Spencer,Male,61,Kolkata,West Bengal,2020-05-03,2026-03-13,8,1.3,40,5,1147.96,9183.68,9156.34,Beauty,Online,Low Value,Bronze,103,Medium,1
CUST100448,Ryan Rosales,Female,27,Pune,Maharashtra,2023-01-24,2025-10-06,15,4.4,300,20,2753.51,41302.65,41297.0,Grocery,Online,Medium Value,Silver,261,High,0
CUST100449,Phillip Nelson,Female,27,Chandigarh,Chandigarh,2024-05-12,2026-03-17,136,64.43,4080,30,5056.76,687719.36,687740.54,Sports,Offline,High Value,Platinum,99,Medium,0
CUST100450,Brittany Kim,Female,20,Surat,Gujarat,2019-03-18,2024-06-05,6,0.83,18,3,200.0,1200.0,1205.74,Home & Kitchen,Online,Low Value,Bronze,749,High,1
CUST100451,Courtney Hayes,Male,45,Chennai,Tamil Nadu,2023-01-19,2026-04-15,19,5.55,304,16,3359.92,63838.48,63817.78,Sports,Offline,Medium Value,Silver,70,Low,0
CUST100452,Alexander Brown,Female,42,Madurai,Tamil Nadu,2023-08-31,2025-12-30,6,2.14,24,4,4682.98,28097.88,28150.96,Home & Kitchen,Online,Medium Value,Bronze,176,Medium,0
CUST100453,Cynthia Vang,Female,45,Kolkata,West Bengal,2022-02-25,2025-07-18,1,0.5,5,5,1556.07,1556.07,3361.37,Grocery,Online,Low Value,Bronze,341,High,1
CUST100454,Alfred Galvan,Female,22,Bhopal,Madhya Pradesh,2019-11-08,2026-01-16,116,17.52,2552,22,1968.63,228361.08,228330.68,Grocery,Online,Medium Value,Gold,159,Low,0
CUST100455,Marie Moody,Female,51,Ranchi,Jharkhand,2020-12-24,2026-02-09,16,2.91,272,17,4647.49,74359.84,74276.62,Electronics,Online,Medium Value,Silver,135,Medium,0
CUST100456,Dustin Gallegos,Female,70,Chennai,Tamil Nadu,2023-04-13,2026-05-29,52,16.29,884,17,10308.29,536031.08,536063.25,Beauty,Online,High Value,Gold,26,Low,0
CUST100457,Brenda Thornton,Female,45,Pune,Maharashtra,2019-02-04,2026-02-04,27,3.66,567,21,877.08,23681.16,23685.84,Fashion,Online,Medium Value,Bronze,140,Medium,0
CUST100458,Aaron Miller,Male,18,Indore,Madhya Pradesh,2023-05-02,2026-05-14,102,32.48,2040,20,14285.26,1457096.52,1457059.76,Sports,Offline,High Value,Platinum,41,Low,0
CUST100459,Ruben Dunn,Female,35,Guwahati,Assam,2021-03-28,2026-01-26,87,16.62,2436,28,4601.21,400305.27,400313.96,Home & Kitchen,Online,High Value,Gold,149,Low,0
CUST100460,Kelsey Rodriguez,Female,35,Chennai,Tamil Nadu,2024-02-16,2026-05-12,95,40.49,2660,28,15426.96,1465561.2,1465611.04,Sports,Online,High Value,Platinum,43,Low,0
CUST100461,Eric Williams,Male,34,Ahmedabad,Gujarat,2023-11-02,2026-03-09,17,6.45,221,13,4881.66,82988.22,83016.29,Sports,Online,Medium Value,Silver,107,Medium,0
CUST100462,Riley Bryant,Female,45,Vadodara,Gujarat,2019-04-17,2026-05-08,5,0.7,35,7,1453.62,7268.1,7307.3,Sports,Offline,Low Value,Bronze,47,Low,1
CUST100463,Taylor Carlson,Male,56,Indore,Madhya Pradesh,2019-07-19,2026-03-22,26,3.75,312,12,3174.31,82532.06,82453.84,Electronics,Offline,Medium Value,Silver,94,Medium,0
CUST100464,Jose Allen,Female,46,Pune,Maharashtra,2022-11-02,2025-05-28,1,0.5,6,6,2272.51,2272.51,4131.27,Electronics,Online,Low Value,Bronze,392,High,1
CUST100465,Jeffrey Mendez,Male,56,Nagpur,Maharashtra,2023-08-04,2025-05-05,33,11.45,462,14,4495.01,148335.33,148379.63,Fashion,Offline,Medium Value,Gold,415,High,0
CUST100466,Jason Beck,Female,21,Visakhapatnam,Andhra Pradesh,2021-01-24,2025-06-28,35,6.47,350,10,998.4,34944.0,34928.97,Fashion,Online,Medium Value,Silver,361,High,0
CUST100467,William Jones,Male,53,Indore,Madhya Pradesh,2023-09-14,2025-08-11,2,0.72,8,4,2345.96,4691.92,4679.97,Fashion,Online,Low Value,Bronze,317,High,1
CUST100468,Katie Mcneil,Male,35,Indore,Madhya Pradesh,2019-06-29,2026-03-01,5,0.72,105,21,4660.44,23302.2,23426.61,Electronics,Online,Medium Value,Bronze,115,Medium,1
CUST100469,Jeanette Harrison,Female,18,Visakhapatnam,Andhra Pradesh,2022-03-17,2025-12-18,3,0.7,18,6,200.0,600.0,597.18,Fashion,Online,Low Value,Bronze,188,High,1
CUST100470,Veronica King,Female,21,Madurai,Tamil Nadu,2021-11-07,2026-03-11,104,22.5,3120,30,14507.31,1508760.24,1508521.93,Fashion,Online,High Value,Platinum,105,Medium,0
CUST100471,Richard Cooper,Female,41,Kolkata,West Bengal,2020-12-22,2025-09-01,10,1.82,30,3,2746.9,27469.0,27484.49,Home & Kitchen,Online,Medium Value,Bronze,296,High,1
CUST100472,Lori Ingram,Female,32,Kolkata,West Bengal,2021-09-12,2026-02-27,85,17.8,1360,16,8232.29,699744.65,699675.91,Home & Kitchen,Offline,High Value,Platinum,117,Medium,0
CUST100473,Evelyn Williams,Female,22,Kochi,Kerala,2021-03-16,2026-01-03,4,0.76,60,15,640.94,2563.76,2565.94,Home & Kitchen,Online,Low Value,Bronze,172,Medium,1
CUST100474,Robin Thompson,Male,54,Patna,Bihar,2023-08-03,2026-04-20,19,6.58,152,8,3538.07,67223.33,67180.42,Electronics,Online,Medium Value,Silver,65,Low,0
CUST100475,Julie Dominguez,Female,53,Vadodara,Gujarat,2023-01-20,2025-07-16,10,2.92,50,5,981.34,9813.4,9798.84,Sports,Offline,Low Value,Bronze,343,High,0
CUST100476,Robin Brown,Male,61,Kanpur,Uttar Pradesh,2023-12-14,2026-05-09,139,55.12,1529,11,8190.64,1138498.96,1138404.1,Grocery,Online,High Value,Platinum,46,Low,0
CUST100477,Judith Carter,Female,35,Chandigarh,Chandigarh,2021-03-26,2026-04-29,19,3.63,304,16,1760.88,33456.72,33495.63,Fashion,Online,Medium Value,Bronze,56,Low,0
CUST100478,Curtis Williams,Male,32,Lucknow,Uttar Pradesh,2024-02-15,2026-05-16,3,1.28,18,6,998.29,2994.87,3001.68,Electronics,Online,Low Value,Bronze,39,Low,1
CUST100479,Kaylee Hays,Female,39,Chennai,Tamil Nadu,2019-05-05,2025-02-05,23,3.22,138,6,3662.56,84238.88,84112.03,Grocery,Offline,Medium Value,Silver,504,High,0
CUST100480,Dawn Mullins,Male,38,Surat,Gujarat,2020-01-04,2026-02-09,18,2.78,144,8,2069.19,37245.42,37183.56,Home & Kitchen,Online,Medium Value,Silver,135,Medium,0
CUST100481,Howard Norman,Female,43,Kanpur,Uttar Pradesh,2022-01-11,2026-03-09,21,4.73,210,10,3414.65,71707.65,71768.79,Home & Kitchen,Online,Medium Value,Silver,107,Medium,0
CUST100482,Evelyn Martinez,Male,38,Surat,Gujarat,2023-01-31,2025-06-04,49,14.46,490,10,4376.28,214437.72,214488.4,Beauty,Offline,Medium Value,Gold,385,High,0
CUST100483,Steve Paul,Female,42,Indore,Madhya Pradesh,2020-12-15,2025-05-28,19,3.44,114,6,1552.19,29491.61,29456.98,Electronics,Offline,Medium Value,Bronze,392,High,0
CUST100484,Jasmine Beltran,Male,36,Jaipur,Rajasthan,2021-04-30,2025-10-24,16,3.11,400,25,2832.1,45313.6,45311.2,Grocery,Online,Medium Value,Silver,243,High,0
CUST100485,Jonathan Glass MD,Female,37,Chandigarh,Chandigarh,2022-12-03,2026-05-07,5,1.41,25,5,543.99,2719.95,2723.7,Home & Kitchen,Online,Low Value,Bronze,48,Low,1
CUST100486,Monica Miller,Female,35,Delhi,Delhi,2022-06-24,2026-06-14,167,41.81,3006,18,8472.97,1414985.99,1415079.71,Fashion,Offline,High Value,Platinum,10,Low,0
CUST100487,Samantha Gardner,Other,48,Patna,Bihar,2022-08-23,2025-06-22,12,3.13,120,10,4553.04,54636.48,54585.0,Home & Kitchen,Online,Medium Value,Silver,367,High,0
CUST100488,Bobby Guerrero,Male,45,Ranchi,Jharkhand,2023-10-28,2026-06-14,4,1.51,40,10,959.27,3837.08,3838.87,Sports,Offline,Low Value,Bronze,10,Low,1
CUST100489,Lance Simmons,Male,32,Guwahati,Assam,2023-01-26,2025-07-02,1,0.5,8,8,200.0,200.0,340.31,Beauty,Online,Low Value,Bronze,357,High,1
CUST100490,Heather Williams,Male,29,Chennai,Tamil Nadu,2020-08-10,2024-12-16,32,5.46,160,5,3866.04,123713.28,123790.76,Grocery,Offline,Medium Value,Gold,555,High,0
CUST100491,Heather Bolton,Female,70,Mumbai,Maharashtra,2021-12-14,2025-11-03,13,2.88,130,10,6335.39,82360.07,82475.07,Electronics,Online,Medium Value,Silver,233,High,0
CUST100492,William Gould,Male,41,Ranchi,Jharkhand,2024-04-22,2025-10-18,14,6.46,252,18,2714.18,37998.52,37971.47,Sports,Online,Medium Value,Silver,249,High,0
CUST100493,Mark Cox,Male,38,Bhopal,Madhya Pradesh,2023-07-02,2026-03-19,95,31.95,1045,11,8892.64,844800.8,844775.24,Beauty,Online,High Value,Platinum,97,Medium,0
CUST100494,Meghan Cisneros,Male,42,Visakhapatnam,Andhra Pradesh,2021-01-14,2025-07-31,34,6.26,306,9,2040.62,69381.08,69423.54,Home & Kitchen,Offline,Medium Value,Silver,328,High,0
CUST100495,Lawrence Harrington,Female,45,Chandigarh,Chandigarh,2022-06-03,2026-02-02,55,13.57,1375,25,3643.37,200385.35,200333.98,Electronics,Offline,Medium Value,Gold,142,Low,0
CUST100496,Austin Osborne,Male,23,Patna,Bihar,2019-01-23,2026-05-02,46,6.21,598,13,5443.46,250399.16,250532.84,Beauty,Online,High Value,Gold,53,Low,0
CUST100497,James Bradley,Female,44,Nashik,Maharashtra,2020-12-19,2026-05-30,112,20.34,896,8,10127.25,1134252.0,1134133.88,Fashion,Online,High Value,Platinum,25,Low,0
CUST100498,Meghan Rush,Female,32,Lucknow,Uttar Pradesh,2021-05-20,2025-07-25,9,1.77,45,5,1373.78,12364.02,12375.98,Beauty,Offline,Low Value,Bronze,334,High,1
CUST100499,Phillip Berry,Other,52,Kolkata,West Bengal,2023-04-11,2026-02-16,9,2.81,81,9,467.0,4203.0,4196.39,Sports,Online,Low Value,Bronze,128,Medium,0
CUST100500,Jennifer Banks,Male,27,Guwahati,Assam,2023-07-14,2026-05-02,13,4.42,26,2,4805.19,62467.47,62452.08,Electronics,Online,Medium Value,Silver,53,Low,0
CUST100501,Brian Fitzgerald,Male,41,Nagpur,Maharashtra,2020-10-10,2025-04-21,11,1.93,99,9,3442.66,37869.26,37855.88,Sports,Offline,Medium Value,Silver,429,High,1
CUST100502,Mr. Justin Green III,Male,62,Indore,Madhya Pradesh,2023-09-16,2026-06-15,12,4.34,120,10,899.99,10799.88,10800.87,Grocery,Online,Low Value,Bronze,9,Low,0
CUST100503,Zachary Mitchell,Male,22,Vadodara,Gujarat,2023-03-23,2026-06-15,2,0.62,12,6,1610.97,3221.94,3245.93,Grocery,Online,Low Value,Bronze,9,Low,1
CUST100504,Katherine Martinez,Female,56,Bhopal,Madhya Pradesh,2023-03-10,2026-05-17,31,9.44,62,2,4824.94,149573.14,149642.49,Fashion,Offline,Medium Value,Gold,38,Low,0
CUST100505,Jodi Roach,Male,29,Surat,Gujarat,2020-12-28,2026-05-30,81,14.78,1944,24,12420.16,1006032.96,1006179.52,Electronics,Online,High Value,Platinum,25,Low,0
CUST100506,Brandon Fleming,Male,36,Ranchi,Jharkhand,2019-01-09,2026-05-25,19,2.55,152,8,1919.24,36465.56,36459.25,Sports,Offline,Medium Value,Silver,30,Low,0
CUST100507,Emma Reed,Male,40,Kanpur,Uttar Pradesh,2023-06-15,2026-06-22,5,1.66,30,6,786.09,3930.45,3940.63,Home & Kitchen,Online,Low Value,Bronze,2,Low,1
CUST100508,Joshua Vance,Female,52,Kanpur,Uttar Pradesh,2022-05-11,2023-12-18,6,1.46,24,4,562.31,3373.86,3378.29,Grocery,Online,Low Value,Bronze,919,High,1
CUST100509,Michelle Ho,Female,28,Indore,Madhya Pradesh,2022-10-27,2026-05-20,3,0.82,21,7,591.65,1774.95,1771.92,Home & Kitchen,Online,Low Value,Bronze,35,Low,1
CUST100510,Rebecca Hicks,Female,36,Nagpur,Maharashtra,2019-02-10,2026-01-24,19,2.58,190,10,5558.12,105604.28,105571.87,Sports,Online,Medium Value,Silver,151,Medium,0
CUST100511,Curtis Taylor,Female,26,Kochi,Kerala,2022-08-28,2025-07-20,9,2.36,108,12,3191.74,28725.66,28748.29,Electronics,Online,Medium Value,Bronze,339,High,0
CUST100512,Allison Spencer,Male,34,Kanpur,Uttar Pradesh,2023-01-28,2025-09-01,17,5.0,119,7,985.86,16759.62,16748.15,Sports,Offline,Medium Value,Bronze,296,High,0
CUST100513,Robert Arnold,Male,45,Visakhapatnam,Andhra Pradesh,2023-10-22,2024-01-13,3,1.12,12,4,1310.5,3931.5,3914.03,Beauty,Online,Low Value,Bronze,893,High,1
CUST100514,Angelica Parker,Male,44,Lucknow,Uttar Pradesh,2024-03-31,2026-05-28,72,32.35,1944,27,10264.5,739044.0,739115.66,Fashion,Online,High Value,Platinum,27,Low,0
CUST100515,Dr. Kelly Hammond DVM,Male,47,Bengaluru,Karnataka,2020-01-07,2026-02-03,80,12.39,1440,18,4739.38,379150.4,379093.57,Grocery,Online,High Value,Gold,141,Low,0
CUST100516,William Day,Female,49,Visakhapatnam,Andhra Pradesh,2024-03-24,2026-01-01,27,12.03,729,27,5640.95,152305.65,152349.67,Beauty,Online,Medium Value,Gold,174,Low,0
CUST100517,Michael Cooper,Female,43,Surat,Gujarat,2022-12-14,2026-04-11,5,1.42,40,8,1318.06,6590.3,6589.83,Electronics,Offline,Low Value,Bronze,74,Low,1
CUST100518,Penny Bowman,Male,40,Hyderabad,Telangana,2022-02-08,2025-01-02,11,2.52,110,10,200.0,2200.0,2200.9,Grocery,Offline,Low Value,Bronze,538,High,0
CUST100519,Vincent Reynolds,Female,39,Coimbatore,Tamil Nadu,2020-12-17,2026-06-16,153,27.76,1683,11,12196.11,1866004.83,1865925.69,Sports,Offline,High Value,Platinum,8,Low,0
CUST100520,Amy Martinez,Female,30,Chandigarh,Chandigarh,2019-07-18,2025-03-28,15,2.16,210,14,4084.35,61265.25,61133.41,Home & Kitchen,Online,Medium Value,Silver,453,High,0
CUST100521,Christopher Morris,Female,35,Ahmedabad,Gujarat,2020-09-16,2025-01-23,13,2.26,195,15,2473.16,32151.08,32212.36,Beauty,Offline,Medium Value,Bronze,517,High,0
CUST100522,Hannah Everett,Male,28,Bengaluru,Karnataka,2022-04-16,2025-08-31,12,2.87,60,5,1133.3,13599.6,13606.92,Sports,Online,Low Value,Bronze,297,High,0
CUST100523,Sarah King,Female,28,Bhopal,Madhya Pradesh,2021-05-08,2026-06-19,6,1.17,18,3,320.59,1923.54,1921.41,Electronics,Online,Low Value,Bronze,5,Low,1
CUST100524,Krista Martinez,Male,24,Chandigarh,Chandigarh,2022-01-02,2026-04-25,8,1.79,40,5,1376.83,11014.64,11011.93,Fashion,Online,Low Value,Bronze,60,Low,1
CUST100525,Joseph Shaw,Female,49,Nashik,Maharashtra,2024-01-09,2026-03-13,17,6.94,187,11,5586.68,94973.56,95004.92,Fashion,Online,Medium Value,Silver,103,Medium,0
CUST100526,Todd Moore,Male,32,Ahmedabad,Gujarat,2019-11-08,2026-05-08,23,3.47,391,17,3879.23,89222.29,89113.0,Electronics,Online,Medium Value,Silver,47,Low,0
CUST100527,Michelle Jacobs,Female,51,Coimbatore,Tamil Nadu,2020-03-24,2026-04-05,12,1.92,96,8,3496.68,41960.16,41926.84,Sports,Online,Medium Value,Silver,80,Low,1
CUST100528,Kristy Bryan,Female,46,Kolkata,West Bengal,2022-01-09,2026-05-12,60,13.49,1140,19,223.64,13418.4,13422.23,Fashion,Offline,Low Value,Bronze,43,Low,0
CUST100529,Angel May,Female,48,Coimbatore,Tamil Nadu,2023-04-05,2025-07-26,1,0.5,8,8,1203.44,1203.44,1934.07,Fashion,Online,Low Value,Bronze,333,High,1
CUST100530,Marilyn Wang,Female,42,Jaipur,Rajasthan,2021-07-06,2026-04-18,4,0.81,4,1,447.43,1789.72,1797.95,Fashion,Offline,Low Value,Bronze,67,Low,1
CUST100531,Mark Jimenez,Female,49,Kochi,Kerala,2021-12-29,2026-04-29,12,2.68,72,6,1609.67,19316.04,19322.56,Grocery,Online,Medium Value,Bronze,56,Low,0
CUST100532,Donna Frye,Male,56,Lucknow,Uttar Pradesh,2020-05-20,2026-05-03,5,0.82,15,3,601.1,3005.5,3001.27,Fashion,Online,Low Value,Bronze,52,Low,1
CUST100533,Dr. Michael Evans,Female,49,Bengaluru,Karnataka,2023-04-03,2025-09-09,39,12.11,468,12,7388.14,288137.46,288068.89,Electronics,Offline,High Value,Gold,288,High,0
CUST100534,Anthony Gonzales,Female,32,Delhi,Delhi,2021-03-15,2025-04-05,3,0.57,21,7,1205.29,3615.87,3620.82,Sports,Online,Low Value,Bronze,445,High,1
CUST100535,Mr. Lawrence Edwards,Male,53,Madurai,Tamil Nadu,2023-07-09,2025-12-01,3,1.02,27,9,2031.29,6093.87,6120.73,Sports,Offline,Low Value,Bronze,205,High,1
CUST100536,Morgan Valencia,Female,36,Lucknow,Uttar Pradesh,2021-02-11,2026-02-18,2,0.5,12,6,996.39,1992.78,2669.32,Sports,Offline,Low Value,Bronze,126,Medium,1
CUST100537,Bianca Wood,Male,27,Guwahati,Assam,2019-07-29,2026-01-28,22,3.19,264,12,6441.89,141721.58,141779.78,Grocery,Online,Medium Value,Gold,147,Low,0
CUST100538,Emma Owens,Female,43,Kochi,Kerala,2021-06-17,2026-03-29,19,3.79,114,6,3682.81,69973.39,69970.77,Home & Kitchen,Online,Medium Value,Silver,87,Low,0
CUST100539,David Davis,Female,21,Delhi,Delhi,2019-06-21,2026-02-26,65,9.28,780,12,11715.68,761519.2,761422.65,Beauty,Online,High Value,Platinum,118,Medium,0
CUST100540,James Gilbert,Male,32,Coimbatore,Tamil Nadu,2021-01-17,2025-03-08,10,1.84,40,4,666.51,6665.1,6654.84,Electronics,Online,Low Value,Bronze,473,High,1
CUST100541,Sean Moore,Female,27,Nashik,Maharashtra,2019-12-26,2026-05-20,16,2.47,160,10,2860.07,45761.12,45838.64,Beauty,Offline,Medium Value,Silver,35,Low,0
CUST100542,Kenneth Edwards,Female,37,Patna,Bihar,2024-05-17,2026-03-16,12,5.72,192,16,6352.09,76225.08,76199.34,Grocery,Online,Medium Value,Silver,100,Medium,0
CUST100543,Kathleen Robertson,Male,30,Bengaluru,Karnataka,2023-01-08,2025-07-05,30,8.69,480,16,490.22,14706.6,14707.39,Beauty,Online,Medium Value,Bronze,354,High,0
CUST100544,Mr. Alexander Landry MD,Male,56,Lucknow,Uttar Pradesh,2020-08-21,2025-07-03,37,6.34,703,19,1455.86,53866.82,53852.03,Grocery,Online,Medium Value,Silver,356,High,0
CUST100545,Cindy Gomez,Other,22,Guwahati,Assam,2022-05-20,2026-01-11,14,3.42,294,21,2113.24,29585.36,29562.1,Sports,Offline,Medium Value,Bronze,164,Medium,0
CUST100546,Johnny Khan,Male,43,Lucknow,Uttar Pradesh,2023-05-17,2025-12-29,88,28.39,2112,24,7074.93,622593.84,622506.29,Sports,Online,High Value,Gold,177,Low,0
CUST100547,Julie Herrera,Male,52,Ranchi,Jharkhand,2021-01-31,2025-11-21,33,6.12,330,10,6533.4,215602.2,215439.6,Grocery,Online,Medium Value,Gold,215,High,0
CUST100548,Jessica Khan,Female,28,Ahmedabad,Gujarat,2019-07-03,2026-05-25,8,1.15,144,18,5792.67,46341.36,46434.93,Fashion,Offline,Medium Value,Silver,30,Low,1
CUST100549,Pamela Diaz,Female,43,Vadodara,Gujarat,2023-12-12,2025-09-27,8,3.17,48,6,1843.13,14745.04,14764.77,Electronics,Online,Medium Value,Bronze,270,High,0
CUST100550,Kelly Lee,Male,48,Delhi,Delhi,2022-03-15,2026-03-20,25,5.85,600,24,3764.74,94118.5,94064.39,Grocery,Online,Medium Value,Silver,96,Medium,0
CUST100551,Angel Gordon,Female,21,Jaipur,Rajasthan,2019-01-13,2024-12-15,5,0.67,25,5,1834.0,9170.0,9140.58,Beauty,Online,Low Value,Bronze,556,High,1
CUST100552,Diana Hays,Male,41,Kanpur,Uttar Pradesh,2023-05-18,2025-04-13,16,5.17,176,11,3027.57,48441.12,48468.23,Home & Kitchen,Offline,Medium Value,Silver,437,High,0
CUST100553,Barbara Hester,Female,40,Chennai,Tamil Nadu,2023-09-19,2025-12-17,20,7.25,160,8,2857.92,57158.4,57125.15,Electronics,Online,Medium Value,Silver,189,High,0
CUST100554,Robert Morgan,Male,21,Ahmedabad,Gujarat,2021-05-14,2025-09-24,1,0.5,7,7,583.47,583.47,1489.63,Grocery,Online,Low Value,Bronze,273,High,1
CUST100555,Nicole Gonzalez,Male,19,Pune,Maharashtra,2023-12-21,2026-06-17,16,6.39,96,6,1835.5,29368.0,29350.21,Beauty,Offline,Medium Value,Bronze,7,Low,0
CUST100556,Kathryn Williams,Male,36,Chennai,Tamil Nadu,2023-01-13,2026-05-18,67,19.48,1675,25,8067.17,540500.39,540392.83,Fashion,Offline,High Value,Gold,37,Low,0
CUST100557,Gary Wells,Female,38,Kolkata,West Bengal,2023-08-21,2026-05-24,69,24.33,1656,24,200.0,13800.0,13801.99,Beauty,Offline,Low Value,Bronze,31,Low,0
CUST100558,Larry Robertson,Female,18,Ahmedabad,Gujarat,2019-08-29,2022-06-01,3,0.5,3,1,1816.74,5450.22,6190.1,Sports,Online,Low Value,Bronze,1484,High,1
CUST100559,Louis Martin,Male,44,Ranchi,Jharkhand,2020-06-01,2026-01-14,24,3.96,264,11,6675.85,160220.4,160101.96,Home & Kitchen,Online,Medium Value,Gold,161,Low,0
CUST100560,Nancy Evans MD,Female,23,Jaipur,Rajasthan,2022-08-05,2023-11-25,4,1.03,16,4,2340.04,9360.16,9350.61,Beauty,Online,Low Value,Bronze,942,High,1
CUST100561,Kim Erickson,Male,40,Kochi,Kerala,2021-12-19,2026-04-25,41,9.1,820,20,200.0,8200.0,8201.83,Grocery,Online,Low Value,Bronze,60,Low,0
CUST100562,Robert Richardson,Female,40,Chennai,Tamil Nadu,2019-07-10,2026-06-13,63,9.06,882,14,11717.18,738182.34,737944.63,Beauty,Online,High Value,Platinum,11,Low,0
CUST100563,Veronica Silva,Male,29,Vadodara,Gujarat,2019-01-22,2026-05-31,101,13.62,2626,26,7212.02,728414.02,728270.08,Fashion,Offline,High Value,Platinum,24,Low,0
CUST100564,Molly Watts,Female,57,Patna,Bihar,2022-08-17,2026-05-18,33,8.58,429,13,200.0,6600.0,6600.9,Sports,Online,Low Value,Bronze,37,Low,0
CUST100565,John Coffey,Male,37,Bhopal,Madhya Pradesh,2023-05-20,2026-01-19,24,7.76,288,12,3652.76,87666.24,87616.64,Fashion,Offline,Medium Value,Silver,156,Medium,0
CUST100566,Paula Lane,Male,46,Vadodara,Gujarat,2022-12-09,2025-09-26,33,9.34,132,4,5208.11,171867.63,171934.5,Electronics,Offline,Medium Value,Gold,271,High,0
CUST100567,Lauren Jackson,Male,40,Chennai,Tamil Nadu,2019-02-16,2026-04-09,15,2.04,165,11,200.0,3000.0,2997.03,Grocery,Online,Low Value,Bronze,76,Low,0
CUST100568,Lisa Randall,Female,42,Chennai,Tamil Nadu,2020-08-25,2025-07-27,5,0.86,20,4,1784.41,8922.05,8936.56,Electronics,Online,Low Value,Bronze,332,High,1
CUST100569,Michael Johnson,Male,29,Patna,Bihar,2022-11-02,2025-09-19,20,5.5,220,11,4930.1,98602.0,98588.5,Sports,Online,Medium Value,Silver,278,High,0
CUST100570,Ashley Smith,Male,22,Madurai,Tamil Nadu,2020-03-24,2025-08-13,46,7.37,230,5,4349.62,200082.52,200195.29,Beauty,Online,Medium Value,Gold,315,High,0
CUST100571,Christian Vaughn,Male,26,Hyderabad,Telangana,2023-07-31,2023-10-09,2,0.69,4,2,985.47,1970.94,1967.78,Beauty,Online,Low Value,Bronze,989,High,1
CUST100572,Reginald Knapp,Male,50,Lucknow,Uttar Pradesh,2019-08-21,2026-04-15,7,1.02,70,10,4716.99,33018.93,32892.24,Sports,Online,Medium Value,Bronze,70,Low,1
CUST100573,Nancy Brown,Female,32,Ahmedabad,Gujarat,2024-03-19,2026-01-05,20,8.85,80,4,2084.74,41694.8,41673.4,Home & Kitchen,Offline,Medium Value,Silver,170,Medium,0
CUST100574,Daniel Nguyen,Male,36,Bhopal,Madhya Pradesh,2021-11-02,2026-03-15,5,1.08,15,3,1312.19,6560.95,6568.82,Fashion,Online,Low Value,Bronze,101,Medium,1
CUST100575,Kelly Edwards,Female,44,Indore,Madhya Pradesh,2022-02-11,2025-12-30,8,1.84,40,5,1397.43,11179.44,11207.29,Home & Kitchen,Online,Low Value,Bronze,176,Medium,1
CUST100576,Thomas Peterson,Female,18,Ahmedabad,Gujarat,2024-03-23,2026-05-28,110,48.94,1430,13,8504.43,935487.3,935539.46,Electronics,Online,High Value,Platinum,27,Low,0
CUST100577,Raymond Le,Male,21,Guwahati,Assam,2023-05-04,2023-12-27,9,2.87,36,4,1323.73,11913.57,11909.58,Beauty,Online,Low Value,Bronze,910,High,0
CUST100578,Melissa Bishop,Female,43,Bhopal,Madhya Pradesh,2021-08-16,2025-12-31,41,8.46,492,12,4529.07,185691.87,185783.75,Grocery,Online,Medium Value,Gold,175,Low,0
CUST100579,David Grant,Male,49,Delhi,Delhi,2023-04-02,2026-05-28,42,13.03,294,7,4425.88,185886.96,185836.19,Grocery,Online,Medium Value,Gold,27,Low,0
CUST100580,William Evans,Female,41,Jaipur,Rajasthan,2019-12-26,2025-04-10,24,3.7,408,17,4651.97,111647.28,111685.49,Fashion,Offline,Medium Value,Silver,440,High,0
CUST100581,Daniel Bush,Male,41,Mumbai,Maharashtra,2020-03-01,2026-05-18,4,0.63,32,8,200.0,800.0,794.81,Home & Kitchen,Online,Low Value,Bronze,37,Low,1
CUST100582,Gregory Peck,Female,44,Nashik,Maharashtra,2019-08-22,2026-04-02,43,6.29,344,8,5891.56,253337.08,253241.75,Fashion,Offline,High Value,Gold,83,Low,0
CUST100583,Denise Martinez,Other,45,Patna,Bihar,2021-03-16,2025-11-30,19,3.61,95,5,3150.45,59858.55,59909.35,Home & Kitchen,Online,Medium Value,Silver,206,High,0
CUST100584,Jamie Baird,Male,29,Pune,Maharashtra,2021-08-12,2026-04-27,15,3.09,315,21,5105.31,76579.65,76663.52,Beauty,Online,Medium Value,Silver,58,Low,0
CUST100585,Tina Ballard,Female,42,Pune,Maharashtra,2021-07-03,2026-04-25,21,4.23,504,24,1982.7,41636.7,41675.78,Grocery,Offline,Medium Value,Silver,60,Low,0
CUST100586,Dwayne Klein,Female,36,Patna,Bihar,2019-06-18,2026-02-10,46,6.56,1104,24,13592.36,625248.56,625198.69,Beauty,Online,High Value,Gold,134,Low,0
CUST100587,Jeremy Scott,Female,49,Chennai,Tamil Nadu,2023-04-09,2026-05-25,59,18.42,1003,17,10039.2,592312.8,592358.15,Fashion,Offline,High Value,Gold,30,Low,0
CUST100588,Dale Ryan,Female,60,Jaipur,Rajasthan,2023-12-30,2026-04-14,88,35.52,2816,32,9461.81,832639.28,832732.54,Electronics,Online,High Value,Platinum,71,Low,0
CUST100589,Melissa Taylor,Male,18,Surat,Gujarat,2020-12-27,2026-02-04,61,11.12,1342,22,10462.79,638230.19,638032.82,Grocery,Online,High Value,Gold,140,Low,0
CUST100590,Laurie Sanchez,Male,33,Kolkata,West Bengal,2023-05-22,2026-05-24,58,18.8,2088,36,10888.85,631553.3,631645.72,Electronics,Offline,High Value,Gold,31,Low,0
CUST100591,Kiara Little,Female,26,Surat,Gujarat,2023-06-25,2025-07-04,12,4.01,48,4,6034.66,72415.92,72414.76,Home & Kitchen,Online,Medium Value,Silver,355,High,0
CUST100592,Jason Love,Female,35,Guwahati,Assam,2020-06-27,2026-06-08,75,12.53,1575,21,9150.21,686265.75,686186.34,Beauty,Offline,High Value,Platinum,16,Low,0
CUST100593,Randy Smith,Female,27,Nagpur,Maharashtra,2021-09-03,2026-02-20,29,6.04,493,17,2562.86,74322.94,74293.96,Home & Kitchen,Online,Medium Value,Silver,124,Medium,0
CUST100594,Tanya Russell,Female,33,Chandigarh,Chandigarh,2023-02-07,2023-08-23,1,0.5,5,5,2323.97,2323.97,3916.23,Beauty,Offline,Low Value,Bronze,1036,High,1
CUST100595,Sherry Woods,Female,33,Vadodara,Gujarat,2019-06-10,2026-01-04,13,1.85,299,23,2793.85,36320.05,36353.71,Electronics,Offline,Medium Value,Silver,171,Medium,1
CUST100596,Victor Morris,Male,52,Indore,Madhya Pradesh,2023-05-09,2025-05-17,23,7.37,92,4,1286.85,29597.55,29601.25,Fashion,Online,Medium Value,Bronze,403,High,0
CUST100597,Susan Davis,Male,23,Delhi,Delhi,2021-09-25,2026-05-26,67,14.14,2278,34,6035.26,404362.42,404438.26,Grocery,Offline,High Value,Gold,29,Low,0
CUST100598,Kimberly Sharp,Male,43,Coimbatore,Tamil Nadu,2024-01-15,2026-01-31,38,15.61,646,17,13717.65,521270.7,521187.7,Fashion,Offline,High Value,Gold,144,Low,0
CUST100599,Susan Thompson,Female,57,Guwahati,Assam,2021-03-14,2026-05-11,106,20.1,2226,21,5872.07,622439.42,622376.72,Home & Kitchen,Online,High Value,Gold,44,Low,0
CUST100600,Casey Gillespie,Female,45,Ranchi,Jharkhand,2022-04-21,2026-02-24,81,19.43,2106,26,12977.66,1051190.46,1051426.39,Electronics,Online,High Value,Platinum,120,Medium,0
CUST100601,Jennifer Simpson DVM,Female,19,Visakhapatnam,Andhra Pradesh,2020-06-01,2026-03-04,16,2.64,96,6,3480.66,55690.56,55649.39,Beauty,Offline,Medium Value,Silver,112,Medium,0
CUST100602,Tammy Mcdowell,Female,33,Delhi,Delhi,2021-01-31,2026-05-12,75,13.92,1725,23,11268.99,845174.25,845199.24,Sports,Online,High Value,Platinum,43,Low,0
CUST100603,Keith Rodriguez,Male,53,Patna,Bihar,2023-02-27,2026-05-15,55,16.59,1540,28,7426.31,408447.05,408482.43,Fashion,Offline,High Value,Gold,40,Low,0
CUST100604,Mrs. Virginia Daniels,Female,22,Chandigarh,Chandigarh,2020-12-04,2026-05-24,50,9.01,650,13,9178.28,458914.0,458706.94,Sports,Offline,High Value,Gold,31,Low,0
CUST100605,Todd Rosales MD,Female,53,Hyderabad,Telangana,2022-06-20,2025-09-29,16,3.99,176,11,2800.74,44811.84,44761.0,Sports,Offline,Medium Value,Silver,268,High,0
CUST100606,Brian Martin,Female,23,Kolkata,West Bengal,2022-09-05,2026-06-12,15,3.95,315,21,2036.2,30543.0,30520.42,Electronics,Online,Medium Value,Bronze,12,Low,0
CUST100607,David Lopez,Male,36,Bengaluru,Karnataka,2020-02-16,2025-09-04,46,7.25,690,15,4123.75,189692.5,189737.66,Electronics,Online,Medium Value,Gold,293,High,0
CUST100608,Rachel Bradley,Female,45,Mumbai,Maharashtra,2019-02-01,2026-06-07,28,3.79,504,18,3522.1,98618.8,98603.56,Sports,Online,Medium Value,Silver,17,Low,0
CUST100609,Casey Chase,Male,35,Guwahati,Assam,2019-11-26,2026-02-02,21,3.2,315,15,3502.4,73550.4,73643.89,Beauty,Offline,Medium Value,Silver,142,Medium,0
CUST100610,Samantha Robertson,Female,47,Kochi,Kerala,2021-04-07,2026-04-12,65,12.48,1690,26,11608.91,754579.15,754442.8,Grocery,Online,High Value,Platinum,73,Low,0
CUST100611,Michael Lopez,Female,41,Guwahati,Assam,2019-05-25,2025-11-05,7,0.99,14,2,982.81,6879.67,6886.13,Fashion,Online,Low Value,Bronze,231,High,1
CUST100612,Franklin Wright,Male,32,Surat,Gujarat,2019-12-16,2026-06-07,15,2.3,165,11,4676.26,70143.9,70083.09,Grocery,Offline,Medium Value,Silver,17,Low,0
CUST100613,David Molina,Male,28,Hyderabad,Telangana,2019-11-28,2026-04-19,98,14.93,882,9,18884.99,1850729.02,1851124.04,Sports,Online,High Value,Platinum,66,Low,0
CUST100614,Elizabeth Sharp,Male,54,Ranchi,Jharkhand,2022-12-01,2026-01-19,1,0.5,13,13,2210.53,2210.53,3930.84,Fashion,Online,Low Value,Bronze,156,Medium,1
CUST100615,Matthew Schwartz,Male,25,Bengaluru,Karnataka,2023-10-06,2023-10-06,9,3.32,45,5,1986.22,17875.98,17873.53,Grocery,Online,Medium Value,Bronze,992,High,0
CUST100616,Bryan Parker,Male,40,Mumbai,Maharashtra,2019-09-19,2026-05-18,129,19.09,129,1,8627.77,1112982.33,1112908.39,Beauty,Online,High Value,Platinum,37,Low,0
CUST100617,Jonathan Jacobson,Female,55,Ranchi,Jharkhand,2024-02-12,2024-05-05,40,16.97,320,8,200.0,8000.0,8000.64,Electronics,Online,Low Value,Bronze,780,High,0
CUST100618,Emily Wilson,Male,56,Mumbai,Maharashtra,2020-03-30,2025-11-16,3,0.5,12,4,1788.53,5365.59,5570.03,Sports,Offline,Low Value,Bronze,220,High,1
CUST100619,Elizabeth Mendez,Male,41,Ahmedabad,Gujarat,2024-03-09,2026-06-16,5,2.19,45,9,1893.29,9466.45,9478.89,Fashion,Online,Low Value,Bronze,8,Low,0
CUST100620,Casey Hernandez,Male,34,Coimbatore,Tamil Nadu,2023-01-30,2026-04-15,66,19.46,1056,16,7457.91,492222.06,492312.72,Beauty,Offline,High Value,Gold,70,Low,0
CUST100621,Lisa Perry,Male,58,Kanpur,Uttar Pradesh,2021-08-10,2025-10-10,28,5.76,476,17,5095.44,142672.32,142791.18,Sports,Online,Medium Value,Gold,257,High,0
CUST100622,Kaitlin Medina,Male,50,Bhopal,Madhya Pradesh,2023-03-27,2026-05-05,21,6.48,210,10,1704.92,35803.32,35782.73,Electronics,Online,Medium Value,Silver,50,Low,0
CUST100623,Colleen Wright,Female,40,Vadodara,Gujarat,2024-02-26,2026-04-21,34,14.66,306,9,2769.0,94146.0,94134.78,Grocery,Online,Medium Value,Silver,64,Low,0
CUST100624,Shelley Miller,Female,27,Chandigarh,Chandigarh,2020-11-08,2026-06-16,23,4.09,230,10,3968.33,91271.59,91183.91,Sports,Online,Medium Value,Silver,8,Low,0
CUST100625,Michael Miller,Male,45,Indore,Madhya Pradesh,2021-04-21,2026-05-08,30,5.8,390,13,1930.96,57928.8,57891.26,Electronics,Offline,Medium Value,Silver,47,Low,0
CUST100626,Amy Kelley,Male,24,Bhopal,Madhya Pradesh,2024-02-14,2025-05-31,54,22.96,1026,19,861.32,46511.28,46509.25,Fashion,Offline,Medium Value,Silver,389,High,0
CUST100627,Laura Hernandez,Female,44,Nagpur,Maharashtra,2020-01-13,2026-06-18,3,0.5,30,10,730.64,2191.92,2352.45,Electronics,Offline,Low Value,Bronze,6,Low,1
CUST100628,Joseph Wilson,Female,48,Nagpur,Maharashtra,2022-03-30,2026-05-17,66,15.6,1584,24,9182.52,606046.32,605933.19,Sports,Offline,High Value,Gold,38,Low,0
CUST100629,Kevin Davis,Male,35,Ahmedabad,Gujarat,2024-05-17,2026-03-19,18,8.58,360,20,3444.82,62006.76,61985.82,Home & Kitchen,Online,Medium Value,Silver,97,Medium,0
CUST100630,Rhonda Chavez,Male,51,Surat,Gujarat,2023-02-03,2026-02-19,17,5.03,51,3,677.81,11522.77,11527.97,Electronics,Online,Low Value,Bronze,125,Medium,0
CUST100631,Joyce Brown,Male,18,Delhi,Delhi,2023-01-15,2025-03-25,6,1.75,42,7,643.0,3858.0,3863.28,Fashion,Offline,Low Value,Bronze,456,High,1
CUST100632,Robert Cummings,Male,58,Hyderabad,Telangana,2020-01-11,2026-04-26,10,1.55,140,14,4646.43,46464.3,46415.96,Beauty,Offline,Medium Value,Silver,59,Low,1
CUST100633,Robert Reese,Male,32,Nagpur,Maharashtra,2021-07-26,2026-06-10,6,1.22,48,8,4375.2,26251.2,26188.19,Electronics,Online,Medium Value,Bronze,14,Low,1
CUST100634,Amber Cooper,Male,68,Coimbatore,Tamil Nadu,2022-09-10,2026-02-25,67,17.72,2144,32,5427.0,363609.0,363602.61,Fashion,Online,High Value,Gold,119,Low,0
CUST100635,Zachary Michael,Female,37,Kolkata,West Bengal,2022-10-16,2026-06-09,10,2.72,60,6,5089.38,50893.8,50976.01,Home & Kitchen,Online,Medium Value,Silver,15,Low,0
CUST100636,Timothy Johnson,Female,44,Pune,Maharashtra,2020-04-04,2026-05-11,12,1.93,96,8,5365.49,64385.88,64357.97,Electronics,Online,Medium Value,Silver,44,Low,1
CUST100637,Randy Cannon,Female,36,Guwahati,Assam,2023-07-26,2026-04-06,19,6.53,361,19,4516.52,85813.88,85753.41,Home & Kitchen,Online,Medium Value,Silver,79,Low,0
CUST100638,Maria Fisher,Male,50,Nashik,Maharashtra,2020-03-29,2026-06-22,15,2.41,315,21,4408.24,66123.6,66200.96,Sports,Offline,Medium Value,Silver,2,Low,0
CUST100639,Janet Kane DVM,Female,47,Kolkata,West Bengal,2024-05-23,2025-05-24,20,9.61,280,14,3271.89,65437.8,65425.26,Grocery,Online,Medium Value,Silver,396,High,0
CUST100640,Michael Stanley,Male,35,Pune,Maharashtra,2022-06-21,2026-06-04,92,22.98,1932,21,12011.39,1105047.88,1104842.68,Grocery,Offline,High Value,Platinum,20,Low,0
CUST100641,Martha Bailey,Male,34,Nashik,Maharashtra,2022-02-04,2025-11-27,39,8.91,195,5,2397.5,93502.5,93517.86,Sports,Online,Medium Value,Silver,209,High,0
CUST100642,Joshua Rice,Female,49,Lucknow,Uttar Pradesh,2022-09-27,2026-05-02,22,5.89,22,1,3989.03,87758.66,87741.84,Fashion,Online,Medium Value,Silver,53,Low,0
CUST100643,Courtney Smith,Female,57,Nashik,Maharashtra,2019-07-13,2025-10-18,28,4.03,140,5,6158.86,172448.08,172331.39,Electronics,Offline,Medium Value,Gold,249,High,0
CUST100644,Edwin Nunez,Male,46,Bhopal,Madhya Pradesh,2024-01-06,2026-06-07,125,50.84,1375,11,9263.57,1157946.25,1157897.3,Fashion,Online,High Value,Platinum,17,Low,0
CUST100645,Kim Morrow,Male,57,Visakhapatnam,Andhra Pradesh,2023-04-11,2023-07-11,2,0.63,8,4,540.31,1080.62,1088.52,Sports,Online,Low Value,Bronze,1079,High,1
CUST100646,Gregory Hill,Male,57,Visakhapatnam,Andhra Pradesh,2020-09-18,2026-06-18,20,3.47,40,2,5124.0,102480.0,102373.52,Electronics,Offline,Medium Value,Silver,6,Low,0
CUST100647,Molly Rodriguez,Female,52,Madurai,Tamil Nadu,2022-02-16,2026-05-11,11,2.53,88,8,623.5,6858.5,6853.99,Beauty,Online,Low Value,Bronze,44,Low,0
CUST100648,Jennifer Miranda,Male,33,Nashik,Maharashtra,2023-04-20,2026-06-14,1,0.5,7,7,1460.52,1460.52,2317.24,Beauty,Online,Low Value,Bronze,10,Low,1
CUST100649,Alexis Harris,Male,44,Pune,Maharashtra,2024-01-17,2025-05-14,11,4.53,198,18,4350.87,47859.57,47863.86,Home & Kitchen,Offline,Medium Value,Silver,406,High,0
CUST100650,Andrew Harper,Female,37,Visakhapatnam,Andhra Pradesh,2023-07-15,2026-05-17,57,19.4,684,12,13743.46,783377.22,783262.46,Home & Kitchen,Online,High Value,Platinum,38,Low,0
CUST100651,Amber Yang,Female,34,Vadodara,Gujarat,2020-09-06,2026-05-14,29,5.01,290,10,7604.47,220529.63,220610.83,Home & Kitchen,Online,Medium Value,Gold,41,Low,0
CUST100652,David Robinson,Female,29,Chennai,Tamil Nadu,2021-09-29,2026-03-18,27,5.71,513,19,1304.32,35216.64,35214.57,Grocery,Online,Medium Value,Silver,98,Medium,0
CUST100653,Amy Gordon,Female,64,Madurai,Tamil Nadu,2020-08-06,2026-03-10,3,0.51,12,4,405.51,1216.53,1215.1,Sports,Online,Low Value,Bronze,106,Medium,1
CUST100654,Robert Dennis,Male,37,Kolkata,West Bengal,2021-12-06,2026-01-31,11,2.42,99,9,4917.94,54097.34,54057.35,Home & Kitchen,Offline,Medium Value,Silver,144,Medium,0
CUST100655,Kyle Chambers,Male,63,Visakhapatnam,Andhra Pradesh,2019-05-13,2026-04-15,34,4.78,612,18,8135.67,276612.78,276504.97,Electronics,Offline,High Value,Gold,70,Low,0
CUST100656,Eric Thomas,Male,30,Nashik,Maharashtra,2020-07-20,2025-12-17,24,4.05,480,20,7920.61,190094.64,189967.78,Beauty,Online,Medium Value,Gold,189,High,0
CUST100657,Connie Turner,Female,43,Mumbai,Maharashtra,2022-02-16,2025-09-14,5,1.15,70,14,454.47,2272.35,2270.86,Sports,Offline,Low Value,Bronze,283,High,1
CUST100658,Travis Hobbs,Male,47,Nagpur,Maharashtra,2022-05-26,2026-03-04,22,5.4,330,15,4821.6,106075.2,106071.24,Sports,Online,Medium Value,Silver,112,Medium,0
CUST100659,Lori Simmons,Female,49,Jaipur,Rajasthan,2023-05-16,2025-11-04,28,9.03,644,23,3270.12,91563.36,91599.08,Electronics,Online,Medium Value,Silver,232,High,0
CUST100660,William David DDS,Male,22,Ahmedabad,Gujarat,2022-09-01,2026-06-12,23,6.04,161,7,3976.07,91449.61,91393.55,Home & Kitchen,Online,Medium Value,Silver,12,Low,0
CUST100661,Emma Butler,Male,38,Bengaluru,Karnataka,2021-04-25,2026-05-17,7,1.36,84,12,1396.33,9774.31,9795.3,Electronics,Online,Low Value,Bronze,38,Low,1
CUST100662,James Webster,Male,30,Kolkata,West Bengal,2020-01-20,2025-10-05,11,1.71,165,15,4821.17,53032.87,52929.91,Home & Kitchen,Online,Medium Value,Silver,262,High,1
CUST100663,Samuel Turner,Other,18,Kochi,Kerala,2023-01-26,2026-01-17,18,5.29,234,13,2768.25,49828.5,49835.85,Grocery,Offline,Medium Value,Silver,158,Medium,0
CUST100664,Renee Melendez,Female,36,Surat,Gujarat,2021-07-05,2026-05-21,94,18.94,2914,31,4242.16,398763.04,398817.86,Fashion,Online,High Value,Gold,34,Low,0
CUST100665,Tracy Grant,Male,45,Bengaluru,Karnataka,2022-04-30,2026-02-10,56,13.51,1624,29,8870.07,496723.92,496727.32,Grocery,Online,High Value,Gold,134,Low,0
CUST100666,David Harris,Male,35,Ranchi,Jharkhand,2022-05-26,2024-08-13,21,5.15,483,23,1475.9,30993.9,30965.41,Fashion,Online,Medium Value,Bronze,680,High,0
CUST100667,Tammy Boone,Female,24,Surat,Gujarat,2024-03-02,2026-05-16,98,42.51,1470,15,4545.02,445411.96,445398.52,Sports,Online,High Value,Gold,39,Low,0
CUST100668,Nathaniel Lee,Male,54,Nashik,Maharashtra,2023-09-21,2026-01-28,112,40.7,2352,21,8418.64,942887.68,942783.96,Fashion,Online,High Value,Platinum,147,Medium,0
CUST100669,Michael Morrison,Male,34,Nashik,Maharashtra,2019-04-07,2026-01-12,20,2.77,280,14,3503.93,70078.6,69967.41,Fashion,Online,Medium Value,Silver,163,Medium,0
CUST100670,Chelsea Gill,Male,21,Vadodara,Gujarat,2019-06-10,2026-05-07,54,7.68,1296,24,8431.97,455326.38,455474.59,Electronics,Online,High Value,Gold,48,Low,0
CUST100671,Kristin Mendoza,Male,40,Vadodara,Gujarat,2024-05-11,2026-05-29,3,1.42,21,7,722.55,2167.65,2168.62,Home & Kitchen,Online,Low Value,Bronze,26,Low,1
CUST100672,Felicia Krueger,Female,51,Pune,Maharashtra,2021-09-10,2026-06-19,68,14.23,2176,32,9358.95,636408.6,636628.45,Electronics,Offline,High Value,Gold,5,Low,0
CUST100673,Timothy Hayden,Female,45,Mumbai,Maharashtra,2021-02-27,2025-10-05,18,3.39,270,15,200.0,3600.0,3603.01,Electronics,Online,Low Value,Bronze,262,High,0
CUST100674,Zachary Mendoza,Female,41,Coimbatore,Tamil Nadu,2024-02-07,2025-12-04,29,12.23,348,12,2428.23,70418.67,70411.56,Beauty,Online,Medium Value,Silver,202,High,0
CUST100675,Larry Harris,Male,42,Indore,Madhya Pradesh,2023-12-31,2025-10-08,17,6.87,204,12,1470.96,25006.32,25011.27,Home & Kitchen,Online,Medium Value,Bronze,259,High,0
CUST100676,Kristen Rowe,Female,18,Kolkata,West Bengal,2020-08-03,2026-06-15,85,14.45,1105,13,2988.38,254012.3,254067.94,Electronics,Online,High Value,Gold,9,Low,0
CUST100677,Joseph Howard,Female,18,Madurai,Tamil Nadu,2020-10-19,2026-03-27,24,4.23,264,11,3292.66,79023.84,79010.86,Fashion,Online,Medium Value,Silver,89,Low,0
CUST100678,Jose Crawford,Female,23,Nashik,Maharashtra,2021-10-14,2023-12-06,6,1.28,48,8,1117.3,6703.8,6703.37,Electronics,Online,Low Value,Bronze,931,High,1
CUST100679,William Harrison,Male,29,Ahmedabad,Gujarat,2023-11-03,2026-05-03,3,1.14,9,3,1728.86,5186.58,5190.98,Electronics,Online,Low Value,Bronze,52,Low,1
CUST100680,Suzanne Wood,Female,40,Bhopal,Madhya Pradesh,2021-02-18,2026-03-07,4,0.75,16,4,1087.8,4351.2,4355.67,Home & Kitchen,Offline,Low Value,Bronze,109,Medium,1
CUST100681,Justin Walker,Male,55,Mumbai,Maharashtra,2019-05-23,2026-04-19,30,4.24,420,14,5673.26,170197.8,170374.56,Sports,Online,Medium Value,Gold,66,Low,0
CUST100682,Dean Donovan,Male,45,Kanpur,Uttar Pradesh,2022-05-20,2026-06-08,40,9.78,800,20,10669.17,426766.8,426805.36,Sports,Online,High Value,Gold,16,Low,0
CUST100683,Jennifer Hernandez,Male,48,Ahmedabad,Gujarat,2020-02-03,2026-04-09,16,2.51,304,19,3447.6,55161.6,55225.88,Fashion,Online,Medium Value,Silver,76,Low,0
CUST100684,James Whitaker,Male,33,Guwahati,Assam,2021-02-03,2025-08-07,7,1.3,49,7,599.59,4197.13,4193.44,Home & Kitchen,Offline,Low Value,Bronze,321,High,1
CUST100685,Mr. Michael Scott PhD,Female,33,Bhopal,Madhya Pradesh,2021-09-30,2025-03-09,12,2.54,216,18,5721.94,68663.28,68679.57,Sports,Offline,Medium Value,Silver,472,High,0
CUST100686,Maria Henry,Male,50,Vadodara,Gujarat,2022-12-20,2026-01-23,22,6.28,88,4,1373.34,30213.48,30224.38,Grocery,Offline,Medium Value,Bronze,152,Medium,0
CUST100687,Robert Jackson,Female,18,Bhopal,Madhya Pradesh,2022-09-19,2026-05-13,11,2.93,242,22,3178.52,34963.72,34982.95,Sports,Online,Medium Value,Silver,42,Low,0
CUST100688,Katherine Stark,Male,38,Hyderabad,Telangana,2023-04-26,2026-05-25,8,2.53,8,1,325.61,2604.88,2600.5,Beauty,Online,Low Value,Bronze,30,Low,0
CUST100689,Maria Brown,Male,32,Hyderabad,Telangana,2021-10-10,2026-05-21,65,13.84,1235,19,13388.89,870277.85,870578.07,Home & Kitchen,Offline,High Value,Platinum,34,Low,0
CUST100690,Ryan Landry,Female,54,Chandigarh,Chandigarh,2019-01-26,2026-04-04,53,7.16,689,13,3893.01,206329.53,206355.0,Grocery,Online,Medium Value,Gold,81,Low,0
CUST100691,Pamela Gutierrez,Female,49,Delhi,Delhi,2020-10-29,2026-05-27,31,5.49,403,13,4580.03,141980.93,141951.21,Fashion,Online,Medium Value,Gold,28,Low,0
CUST100692,Crystal Mann,Male,62,Nagpur,Maharashtra,2022-03-24,2026-06-11,13,3.06,156,12,3118.7,40543.1,40524.4,Home & Kitchen,Offline,Medium Value,Silver,13,Low,0
CUST100693,Jonathan Brooks,Female,29,Indore,Madhya Pradesh,2020-09-23,2026-03-12,54,9.4,756,14,200.0,10800.0,10798.74,Grocery,Online,Low Value,Bronze,104,Medium,0
CUST100694,Mary Jensen,Male,35,Chennai,Tamil Nadu,2019-02-17,2026-03-11,103,14.03,2678,26,18885.9,1945247.7,1945646.36,Home & Kitchen,Online,High Value,Platinum,105,Medium,0
CUST100695,Mr. Aaron Arnold,Male,25,Madurai,Tamil Nadu,2024-04-20,2026-03-04,18,8.29,270,15,1898.28,34169.04,34166.29,Grocery,Offline,Medium Value,Bronze,112,Medium,0
CUST100696,Joseph Hill,Female,26,Kochi,Kerala,2021-09-25,2026-05-12,26,5.49,390,15,6525.67,169667.42,169786.95,Home & Kitchen,Online,Medium Value,Gold,43,Low,0
CUST100697,Alicia Li,Male,43,Mumbai,Maharashtra,2021-12-28,2025-09-18,45,10.04,675,15,6695.75,301308.75,301294.63,Sports,Online,High Value,Gold,279,High,0
CUST100698,Renee Browning,Male,41,Kochi,Kerala,2022-04-07,2026-04-13,92,21.86,2024,22,12119.73,1115015.16,1114876.46,Grocery,Online,High Value,Platinum,72,Low,0
CUST100699,Brent Hernandez,Female,24,Kanpur,Uttar Pradesh,2019-11-09,2026-03-26,7,1.06,84,12,4660.24,32621.68,32688.92,Beauty,Offline,Medium Value,Bronze,90,Low,1
CUST100700,Joseph Ochoa,Male,42,Lucknow,Uttar Pradesh,2021-08-02,2026-04-22,21,4.3,84,4,5636.46,118365.66,118446.68,Electronics,Online,Medium Value,Silver,63,Low,0
CUST100701,James Watson,Female,63,Chennai,Tamil Nadu,2021-01-29,2026-05-25,108,20.02,3024,28,12687.75,1370277.0,1370013.0,Beauty,Online,High Value,Platinum,30,Low,0
CUST100702,Karl Branch,Female,48,Visakhapatnam,Andhra Pradesh,2023-08-18,2026-06-04,14,4.92,308,22,3699.61,51794.54,51778.13,Electronics,Offline,Medium Value,Silver,20,Low,0
CUST100703,Michael Abbott,Male,58,Nagpur,Maharashtra,2020-12-24,2026-06-13,38,6.92,570,15,10159.3,386053.4,386109.59,Electronics,Offline,High Value,Gold,11,Low,0
CUST100704,Shannon Malone,Female,32,Patna,Bihar,2020-05-29,2026-06-17,72,11.87,2376,33,7782.62,560348.64,560221.86,Grocery,Online,High Value,Gold,7,Low,0
CUST100705,James Tran,Female,34,Vadodara,Gujarat,2022-08-01,2026-06-13,9,2.31,72,8,620.19,5581.71,5573.66,Home & Kitchen,Online,Low Value,Bronze,11,Low,0
CUST100706,Adam Jackson,Female,39,Kochi,Kerala,2020-12-07,2025-05-18,18,3.25,162,9,2581.09,46459.62,46461.39,Grocery,Offline,Medium Value,Silver,402,High,0
CUST100707,Mr. Richard Knight PhD,Female,22,Bhopal,Madhya Pradesh,2020-05-18,2026-06-17,13,2.13,91,7,1928.74,25073.62,25037.34,Sports,Online,Medium Value,Bronze,7,Low,0
CUST100708,Joseph Williams,Male,70,Guwahati,Assam,2020-09-14,2026-05-18,27,4.68,378,14,4628.01,124956.27,124943.73,Sports,Offline,Medium Value,Gold,37,Low,0
CUST100709,Sean Clay,Male,50,Bengaluru,Karnataka,2024-05-24,2026-02-10,26,12.51,26,1,1943.54,50532.04,50524.54,Grocery,Offline,Medium Value,Silver,134,Medium,0
CUST100710,Anthony Jones,Female,24,Visakhapatnam,Andhra Pradesh,2019-06-15,2026-05-15,1,0.5,4,4,1699.93,1699.93,5966.63,Beauty,Online,Low Value,Bronze,40,Low,1
CUST100711,Stephanie Elliott,Female,55,Nashik,Maharashtra,2020-12-08,2026-05-02,21,3.79,210,10,2360.25,49565.25,49520.86,Grocery,Online,Medium Value,Silver,53,Low,0
CUST100712,Timothy Edwards,Male,59,Kochi,Kerala,2022-02-15,2026-02-20,20,4.6,300,15,3361.64,67232.8,67230.96,Home & Kitchen,Online,Medium Value,Silver,124,Medium,0
CUST100713,Laurie Goodwin,Male,53,Nagpur,Maharashtra,2020-09-04,2026-04-30,15,2.59,210,14,6464.23,96963.45,97039.2,Beauty,Online,Medium Value,Silver,55,Low,0
CUST100714,Jennifer Jones,Male,35,Hyderabad,Telangana,2022-05-03,2026-05-17,23,5.56,230,10,4351.07,100074.61,100079.49,Sports,Online,Medium Value,Silver,38,Low,0
CUST100715,David Davenport,Male,18,Kanpur,Uttar Pradesh,2020-07-06,2026-04-12,6,1.01,24,4,1342.33,8053.98,8080.7,Home & Kitchen,Online,Low Value,Bronze,73,Low,1
CUST100716,Steven Rivera,Female,29,Vadodara,Gujarat,2023-03-13,2026-05-03,8,2.44,32,4,381.48,3051.84,3050.46,Electronics,Offline,Low Value,Bronze,52,Low,0
CUST100717,Brenda Hinton,Male,36,Kanpur,Uttar Pradesh,2024-01-14,2025-02-24,12,4.92,60,5,953.67,11444.04,11433.07,Sports,Online,Low Value,Bronze,485,High,0
CUST100718,Kathryn Mccann,Female,27,Madurai,Tamil Nadu,2023-03-07,2026-05-26,141,42.81,2256,16,7888.82,1112323.62,1112327.51,Fashion,Offline,High Value,Platinum,29,Low,0
CUST100719,Jeffrey Roberson,Male,52,Kanpur,Uttar Pradesh,2022-08-15,2024-10-26,17,4.41,34,2,206.43,3509.31,3506.83,Home & Kitchen,Online,Low Value,Bronze,606,High,0
CUST100720,Randy Friedman,Female,40,Surat,Gujarat,2022-11-10,2025-11-16,4,1.11,20,5,783.31,3133.24,3142.25,Electronics,Offline,Low Value,Bronze,220,High,1
CUST100721,Raymond Johnson,Male,42,Chennai,Tamil Nadu,2020-09-15,2026-04-17,54,9.37,1026,19,14819.0,800226.0,800620.36,Electronics,Online,High Value,Platinum,68,Low,0
CUST100722,Willie Henry,Male,60,Coimbatore,Tamil Nadu,2019-03-17,2026-01-03,56,7.71,504,9,11578.22,648380.32,648644.69,Fashion,Online,High Value,Gold,172,Low,0
CUST100723,Todd Reynolds,Female,32,Nagpur,Maharashtra,2020-05-16,2026-02-25,6,0.98,36,6,200.0,1200.0,1195.59,Home & Kitchen,Online,Low Value,Bronze,119,Medium,1
CUST100724,Mary Miller,Female,57,Indore,Madhya Pradesh,2023-05-19,2026-05-26,25,8.08,500,20,1925.94,48148.5,48144.02,Beauty,Online,Medium Value,Silver,29,Low,0
CUST100725,Rebecca Marquez,Male,21,Guwahati,Assam,2023-05-02,2026-06-13,7,2.23,63,9,1668.12,11676.84,11681.68,Fashion,Online,Low Value,Bronze,11,Low,0
CUST100726,Christian Dawson,Male,58,Kanpur,Uttar Pradesh,2021-05-25,2026-06-22,50,9.85,1000,20,11041.91,552095.5,552077.36,Sports,Offline,High Value,Gold,2,Low,0
CUST100727,Nancy Stewart,Male,57,Hyderabad,Telangana,2022-03-15,2024-05-02,2,0.5,14,7,1508.29,3016.58,3220.99,Electronics,Online,Low Value,Bronze,783,High,1
CUST100728,Aaron Parker,Female,38,Kochi,Kerala,2019-06-22,2026-06-12,14,2.0,210,15,3320.5,46487.0,46491.55,Grocery,Online,Medium Value,Silver,12,Low,0
CUST100729,Derrick Anderson,Male,35,Guwahati,Assam,2022-07-18,2026-01-22,78,19.85,1560,20,9161.23,714575.94,714456.8,Sports,Online,High Value,Platinum,153,Medium,0
CUST100730,Jerry Peters,Female,48,Vadodara,Gujarat,2023-08-15,2026-02-17,200,70.11,3200,16,11350.98,2270196.0,2270339.58,Grocery,Online,High Value,Platinum,127,Medium,0
CUST100731,Alexander Gomez,Female,44,Guwahati,Assam,2021-01-15,2025-11-01,7,1.29,28,4,1161.21,8128.47,8136.77,Sports,Offline,Low Value,Bronze,235,High,1
CUST100732,Kyle Nguyen,Male,36,Hyderabad,Telangana,2021-11-20,2026-03-18,28,6.11,644,23,2443.95,68430.6,68479.11,Grocery,Online,Medium Value,Silver,98,Medium,0
CUST100733,Edgar Hughes,Male,28,Surat,Gujarat,2021-05-12,2026-01-20,33,6.46,231,7,2896.59,95587.47,95647.5,Home & Kitchen,Online,Medium Value,Silver,155,Medium,0
CUST100734,Steven Stein,Female,58,Ahmedabad,Gujarat,2019-08-20,2025-06-03,51,7.46,306,6,4120.88,210164.88,210247.58,Sports,Online,Medium Value,Gold,386,High,0
CUST100735,Laura Jackson,Female,38,Delhi,Delhi,2021-08-07,2025-03-02,3,0.62,9,3,225.27,675.81,680.65,Beauty,Online,Low Value,Bronze,479,High,1
CUST100736,Charles Turner,Male,30,Bengaluru,Karnataka,2020-10-25,2026-05-07,21,3.71,273,13,5539.27,116324.67,116242.93,Home & Kitchen,Online,Medium Value,Silver,48,Low,0
CUST100737,Arthur Hamilton MD,Female,62,Madurai,Tamil Nadu,2021-05-05,2025-06-24,9,1.75,18,2,413.22,3718.98,3710.21,Grocery,Online,Low Value,Bronze,365,High,1
CUST100738,Mr. David Wright,Male,31,Indore,Madhya Pradesh,2019-05-11,2026-06-06,24,3.37,216,9,1814.98,43559.52,43522.9,Home & Kitchen,Online,Medium Value,Silver,18,Low,0
CUST100739,Linda Gonzalez,Female,27,Ranchi,Jharkhand,2021-10-22,2026-01-22,17,3.64,17,1,1773.99,30157.83,30125.34,Electronics,Offline,Medium Value,Bronze,153,Medium,0
CUST100740,Eric Rush,Male,30,Delhi,Delhi,2021-03-29,2026-05-21,23,4.4,46,2,7066.79,162536.17,162684.18,Beauty,Online,Medium Value,Gold,34,Low,0
CUST100741,Manuel Brock,Female,19,Nashik,Maharashtra,2023-06-23,2025-05-30,29,9.67,377,13,1574.0,45646.0,45630.49,Grocery,Online,Medium Value,Silver,390,High,0
CUST100742,George Ochoa,Female,32,Ahmedabad,Gujarat,2021-09-16,2026-01-29,9,1.89,81,9,785.1,7065.9,7068.8,Beauty,Online,Low Value,Bronze,146,Medium,1
CUST100743,Valerie Taylor,Male,46,Bhopal,Madhya Pradesh,2024-05-25,2026-06-22,23,11.08,276,12,5229.1,120269.3,120239.09,Fashion,Online,Medium Value,Silver,2,Low,0
CUST100744,Travis Harris,Male,47,Jaipur,Rajasthan,2024-01-20,2026-02-27,23,9.5,115,5,1840.72,42336.56,42322.7,Beauty,Offline,Medium Value,Silver,117,Medium,0
CUST100745,Vincent Novak,Female,39,Pune,Maharashtra,2023-06-16,2025-05-21,12,3.98,144,12,1565.26,18783.12,18795.8,Electronics,Online,Medium Value,Bronze,399,High,0
CUST100746,Michael Henry,Female,47,Vadodara,Gujarat,2023-09-15,2026-04-01,19,6.86,19,1,3532.9,67125.1,67083.6,Beauty,Online,Medium Value,Silver,84,Low,0
CUST100747,Dana Bennett,Male,21,Indore,Madhya Pradesh,2022-12-25,2024-03-17,7,2.01,56,8,5647.95,39535.65,39628.43,Electronics,Offline,Medium Value,Silver,829,High,0
CUST100748,Jenna Wilson,Female,33,Delhi,Delhi,2023-09-27,2024-07-18,7,2.56,42,6,1696.4,11874.8,11878.0,Sports,Offline,Low Value,Bronze,706,High,0
CUST100749,Leslie Gardner,Male,44,Coimbatore,Tamil Nadu,2022-07-15,2025-09-21,17,4.32,51,3,3375.4,57381.8,57408.69,Electronics,Offline,Medium Value,Silver,276,High,0
CUST100750,Krista Benton,Male,41,Jaipur,Rajasthan,2021-01-23,2026-06-05,77,14.23,693,9,7602.95,585427.15,585307.04,Home & Kitchen,Online,High Value,Gold,19,Low,0
CUST100751,Michael Gonzales,Male,41,Jaipur,Rajasthan,2021-08-19,2026-01-28,10,2.07,50,5,225.0,2250.0,2254.47,Electronics,Online,Low Value,Bronze,147,Medium,0
CUST100752,Michael Fuentes,Female,38,Indore,Madhya Pradesh,2019-02-15,2026-06-03,31,4.22,62,2,1612.36,49983.16,49999.63,Sports,Online,Medium Value,Silver,21,Low,0
CUST100753,Jennifer Porter,Male,18,Nashik,Maharashtra,2024-03-02,2025-12-15,22,9.54,242,11,2672.25,58789.5,58768.87,Fashion,Offline,Medium Value,Silver,191,High,0
CUST100754,Dana Hopkins,Female,35,Ranchi,Jharkhand,2023-04-17,2026-04-13,85,26.72,2890,34,11993.93,1019484.05,1019562.53,Fashion,Online,High Value,Platinum,72,Low,0
CUST100755,Rachel Jones,Male,42,Nagpur,Maharashtra,2020-09-24,2026-06-16,7,1.22,42,6,200.0,1400.0,1400.87,Sports,Offline,Low Value,Bronze,8,Low,1
CUST100756,Karen Morales DDS,Female,33,Vadodara,Gujarat,2021-01-13,2025-01-06,46,8.46,368,8,3817.58,175608.68,175609.31,Electronics,Online,Medium Value,Gold,534,High,0
CUST100757,Melissa Stephens,Female,29,Guwahati,Assam,2022-03-22,2026-02-26,19,4.47,361,19,3743.88,71133.72,71155.86,Sports,Online,Medium Value,Silver,118,Medium,0
CUST100758,Heather Woodard,Female,38,Kochi,Kerala,2020-09-15,2025-12-09,8,1.39,40,5,1061.78,8494.24,8509.76,Fashion,Online,Low Value,Bronze,197,High,1
CUST100759,Margaret Miller,Female,59,Surat,Gujarat,2021-08-28,2026-03-30,8,1.66,88,11,740.48,5923.84,5919.66,Fashion,Online,Low Value,Bronze,86,Low,1
CUST100760,Mary Kelly,Female,36,Nagpur,Maharashtra,2022-05-07,2026-05-31,129,31.27,1677,13,5722.84,738246.36,738350.4,Electronics,Online,High Value,Platinum,24,Low,0
CUST100761,Amanda Terrell,Female,18,Vadodara,Gujarat,2019-12-20,2025-05-11,51,7.84,612,12,200.0,10200.0,10200.05,Sports,Online,Low Value,Bronze,409,High,0
CUST100762,Jennifer Goodwin,Female,24,Patna,Bihar,2023-05-11,2026-04-14,31,9.95,341,11,691.38,21432.78,21433.44,Beauty,Online,Medium Value,Bronze,71,Low,0
CUST100763,Jessica Smith,Male,24,Chennai,Tamil Nadu,2020-05-20,2025-10-22,6,0.99,54,9,1145.16,6870.96,6903.13,Home & Kitchen,Offline,Low Value,Bronze,245,High,1
CUST100764,Jorge Stone,Female,46,Nashik,Maharashtra,2020-12-06,2026-04-04,60,10.83,1200,20,10860.92,651655.2,651801.5,Grocery,Online,High Value,Gold,81,Low,0
CUST100765,Laura Griffin,Male,18,Chandigarh,Chandigarh,2020-03-19,2026-04-06,16,2.56,80,5,4279.52,68472.32,68567.93,Grocery,Online,Medium Value,Silver,79,Low,0
CUST100766,Raymond Chapman,Female,39,Surat,Gujarat,2021-04-21,2025-08-04,5,0.97,50,10,653.45,3267.25,3276.39,Home & Kitchen,Offline,Low Value,Bronze,324,High,1
CUST100767,Haley Johnson,Male,18,Guwahati,Assam,2019-04-08,2025-08-22,4,0.56,20,5,1293.0,5172.0,5217.74,Electronics,Offline,Low Value,Bronze,306,High,1
CUST100768,Jason Nixon,Female,26,Hyderabad,Telangana,2023-11-29,2025-05-12,30,11.71,690,23,3686.79,110603.7,110634.59,Electronics,Offline,Medium Value,Silver,408,High,0
CUST100769,Todd Thomas,Male,43,Patna,Bihar,2022-10-28,2026-05-19,9,2.47,36,4,901.85,8116.65,8129.64,Sports,Online,Low Value,Bronze,36,Low,0
CUST100770,Jesse Clark,Female,40,Visakhapatnam,Andhra Pradesh,2022-02-07,2026-05-23,32,7.32,992,31,6312.33,201994.56,201903.31,Sports,Offline,Medium Value,Gold,32,Low,0
CUST100771,Mr. Jeffrey Horton,Female,31,Ahmedabad,Gujarat,2021-01-29,2025-03-19,1,0.5,5,5,2123.33,2123.33,5726.16,Grocery,Online,Low Value,Bronze,462,High,1
CUST100772,Eric Patrick,Female,52,Nashik,Maharashtra,2023-08-02,2026-05-18,70,24.23,2240,32,6143.83,430068.1,429986.52,Electronics,Online,High Value,Gold,37,Low,0
CUST100773,Samuel Wong,Male,41,Lucknow,Uttar Pradesh,2019-07-24,2025-08-26,8,1.16,16,2,3944.84,31558.72,31634.32,Grocery,Online,Medium Value,Bronze,302,High,1
CUST100774,Carly Riggs,Female,35,Coimbatore,Tamil Nadu,2021-09-05,2025-11-28,2,0.5,12,6,1210.91,2421.82,2902.54,Sports,Online,Low Value,Bronze,208,High,1
CUST100775,Christopher Moore,Female,40,Indore,Madhya Pradesh,2021-01-10,2026-05-26,129,23.69,3870,30,8642.5,1114882.5,1114933.61,Sports,Online,High Value,Platinum,29,Low,0
CUST100776,Tina Hall,Female,32,Pune,Maharashtra,2019-07-03,2026-05-20,12,1.72,168,14,6027.77,72333.24,72269.21,Sports,Online,Medium Value,Silver,35,Low,1
CUST100777,Cody Davidson,Female,40,Nagpur,Maharashtra,2023-10-14,2024-02-17,1,0.5,13,13,589.05,589.05,791.85,Fashion,Offline,Low Value,Bronze,858,High,1
CUST100778,Allen Mendez,Female,26,Kolkata,West Bengal,2022-01-28,2026-04-21,4,0.91,16,4,471.81,1887.24,1887.83,Grocery,Offline,Low Value,Bronze,64,Low,1
CUST100779,Kevin Price,Female,35,Lucknow,Uttar Pradesh,2022-02-08,2026-02-11,9,2.06,63,7,3897.61,35078.49,35061.95,Grocery,Offline,Medium Value,Silver,133,Medium,0
CUST100780,Christine Goodwin,Female,44,Vadodara,Gujarat,2021-12-05,2026-05-31,18,3.96,126,7,2495.19,44913.42,44907.27,Electronics,Online,Medium Value,Silver,24,Low,0
CUST100781,Amy Garcia,Female,45,Vadodara,Gujarat,2023-08-19,2026-03-30,20,7.04,180,9,1930.14,38602.8,38616.12,Home & Kitchen,Online,Medium Value,Silver,86,Low,0
CUST100782,Chelsea Nguyen,Male,51,Ranchi,Jharkhand,2020-10-21,2026-04-27,20,3.53,300,15,783.37,15667.4,15671.9,Home & Kitchen,Offline,Medium Value,Bronze,58,Low,0
CUST100783,Dennis Huffman,Male,47,Chennai,Tamil Nadu,2024-05-21,2026-06-21,33,15.82,429,13,1414.98,46694.34,46700.5,Electronics,Online,Medium Value,Silver,3,Low,0
CUST100784,Margaret Harper,Male,18,Kanpur,Uttar Pradesh,2021-04-14,2026-05-27,108,20.82,2160,20,200.0,21600.0,21603.78,Fashion,Online,Medium Value,Bronze,28,Low,0
CUST100785,Laurie Bailey,Male,24,Chennai,Tamil Nadu,2020-10-02,2024-09-10,4,0.7,4,1,2255.82,9023.28,9031.31,Grocery,Online,Low Value,Bronze,652,High,1
CUST100786,Lisa Cervantes,Male,25,Vadodara,Gujarat,2021-04-06,2025-09-07,40,7.68,480,12,1035.41,41416.4,41430.69,Electronics,Online,Medium Value,Silver,290,High,0
CUST100787,Elizabeth Mendez,Female,29,Kolkata,West Bengal,2020-10-08,2025-07-08,21,3.68,21,1,3238.94,68017.74,67975.09,Beauty,Offline,Medium Value,Silver,351,High,0
CUST100788,Cesar Wilson,Female,36,Coimbatore,Tamil Nadu,2022-05-10,2026-05-23,13,3.16,91,7,3301.9,42924.7,42964.39,Fashion,Online,Medium Value,Silver,32,Low,0
CUST100789,Clayton Steele,Male,26,Kanpur,Uttar Pradesh,2022-09-21,2025-10-21,4,1.07,16,4,1667.14,6668.56,6690.93,Electronics,Online,Low Value,Bronze,246,High,1
CUST100790,Jennifer Taylor,Female,19,Lucknow,Uttar Pradesh,2023-03-23,2026-05-07,50,15.39,1700,34,12666.27,633313.5,633501.8,Grocery,Online,High Value,Gold,48,Low,0
CUST100791,Cody Reid,Male,39,Kochi,Kerala,2022-11-22,2025-07-28,19,5.31,266,14,5744.26,109140.94,109231.06,Grocery,Online,Medium Value,Silver,331,High,0
CUST100792,Maria Cooke,Male,42,Pune,Maharashtra,2023-08-10,2024-10-12,20,6.98,100,5,1712.61,34252.2,34266.55,Grocery,Online,Medium Value,Bronze,620,High,0
CUST100793,Katherine Taylor,Male,37,Madurai,Tamil Nadu,2022-09-03,2025-04-11,12,3.16,324,27,2506.56,30078.72,30099.86,Beauty,Online,Medium Value,Bronze,439,High,0
CUST100794,Jerry Brown,Female,50,Mumbai,Maharashtra,2021-06-25,2026-01-08,20,4.01,420,21,2705.48,54109.6,54148.34,Electronics,Online,Medium Value,Silver,167,Medium,0
CUST100795,Adam Taylor,Male,42,Bhopal,Madhya Pradesh,2024-03-22,2026-05-27,1,0.5,2,2,467.16,467.16,525.67,Home & Kitchen,Online,Low Value,Bronze,28,Low,1
CUST100796,Tracey Wagner,Male,29,Kochi,Kerala,2023-05-03,2026-04-12,1,0.5,4,4,218.63,218.63,342.98,Sports,Online,Low Value,Bronze,73,Low,1
CUST100797,Michael Perry PhD,Male,33,Indore,Madhya Pradesh,2019-06-28,2026-01-13,14,2.0,112,8,1584.36,22181.04,22131.16,Sports,Online,Medium Value,Bronze,162,Medium,0
CUST100798,Bradley Johnson DDS,Female,35,Hyderabad,Telangana,2022-07-16,2026-01-04,14,3.56,182,13,1944.03,27216.42,27228.24,Grocery,Online,Medium Value,Bronze,171,Medium,0
CUST100799,Donald Medina,Female,46,Lucknow,Uttar Pradesh,2019-08-30,2026-06-14,12,1.76,60,5,200.0,2400.0,2397.74,Beauty,Online,Low Value,Bronze,10,Low,1
CUST100800,Jim Newton,Female,28,Nagpur,Maharashtra,2020-06-08,2025-10-13,9,1.49,54,6,640.03,5760.27,5757.12,Beauty,Online,Low Value,Bronze,254,High,1
CUST100801,Krista Wilson,Female,27,Pune,Maharashtra,2021-03-13,2026-03-30,42,7.96,588,14,11904.96,500008.32,499956.82,Beauty,Offline,High Value,Gold,86,Low,0
CUST100802,Reginald Morrow,Male,26,Kanpur,Uttar Pradesh,2023-08-16,2025-09-10,40,14.03,600,15,5007.42,200296.8,200231.41,Grocery,Online,Medium Value,Gold,287,High,0
CUST100803,Rodney Williams,Male,40,Bhopal,Madhya Pradesh,2022-07-15,2025-06-29,18,4.57,234,13,1818.9,32740.2,32726.06,Grocery,Online,Medium Value,Bronze,360,High,0
CUST100804,Kimberly Fritz,Male,25,Vadodara,Gujarat,2021-05-11,2026-05-25,17,3.32,289,17,3230.2,54913.4,54847.16,Grocery,Online,Medium Value,Silver,30,Low,0
CUST100805,Ronald Potter,Male,35,Coimbatore,Tamil Nadu,2019-12-14,2026-01-22,1,0.5,6,6,1250.44,1250.44,4077.41,Electronics,Offline,Low Value,Bronze,153,Medium,1
CUST100806,Zachary Cole,Female,54,Coimbatore,Tamil Nadu,2022-07-30,2026-06-15,4,1.03,36,9,1224.76,4899.04,4914.77,Electronics,Online,Low Value,Bronze,9,Low,1
CUST100807,Robert Gonzales,Female,24,Hyderabad,Telangana,2019-02-27,2024-10-05,2,0.5,14,7,412.49,824.98,1508.79,Home & Kitchen,Online,Low Value,Bronze,627,High,1
CUST100808,Patricia Young PhD,Female,42,Vadodara,Gujarat,2020-03-02,2026-05-09,25,3.96,325,13,2037.65,50941.25,50877.82,Beauty,Offline,Medium Value,Silver,46,Low,0
CUST100809,Heather Page,Female,23,Nagpur,Maharashtra,2019-03-27,2026-05-28,104,14.37,4472,43,2797.21,290909.84,290973.25,Home & Kitchen,Online,High Value,Gold,27,Low,0
CUST100810,Carol Taylor,Female,39,Visakhapatnam,Andhra Pradesh,2021-08-13,2026-06-11,5,1.03,10,2,1685.72,8428.6,8433.08,Home & Kitchen,Online,Low Value,Bronze,13,Low,1
CUST100811,Daniel Brown,Male,49,Indore,Madhya Pradesh,2020-10-27,2026-05-14,8,1.42,16,2,1379.47,11035.76,11069.3,Fashion,Online,Low Value,Bronze,41,Low,1
CUST100812,Douglas Ryan,Female,42,Bhopal,Madhya Pradesh,2020-03-03,2026-06-20,80,12.69,1120,14,7230.14,578411.2,578260.36,Fashion,Offline,High Value,Gold,4,Low,0
CUST100813,Michael Roberts,Female,59,Vadodara,Gujarat,2019-03-06,2024-03-28,9,1.23,54,6,1737.0,15633.0,15588.77,Sports,Online,Medium Value,Bronze,818,High,1
CUST100814,Scott Duke,Male,45,Visakhapatnam,Andhra Pradesh,2019-05-19,2025-05-09,11,1.55,33,3,1528.76,16816.36,16809.24,Beauty,Online,Medium Value,Bronze,411,High,1
CUST100815,Anna Estes,Male,36,Nashik,Maharashtra,2019-09-29,2025-06-14,30,4.46,180,6,2846.16,85384.8,85425.16,Electronics,Online,Medium Value,Silver,375,High,0
CUST100816,Tamara Riddle,Female,47,Hyderabad,Telangana,2023-06-15,2023-12-25,20,6.62,280,14,3295.69,65913.8,65885.47,Home & Kitchen,Offline,Medium Value,Silver,912,High,0
CUST100817,Beth Cline,Female,42,Mumbai,Maharashtra,2022-12-31,2026-05-06,17,4.89,221,13,2014.92,34253.64,34232.46,Electronics,Online,Medium Value,Bronze,49,Low,0
CUST100818,Michael Poole,Female,52,Guwahati,Assam,2022-01-18,2026-05-23,40,9.04,880,22,10460.68,418427.2,418388.25,Electronics,Offline,High Value,Gold,32,Low,0
CUST100819,Megan Burns,Female,40,Lucknow,Uttar Pradesh,2020-08-12,2026-01-01,19,3.24,190,10,1919.38,36468.22,36435.9,Grocery,Offline,Medium Value,Silver,174,Medium,0
CUST100820,Debra Perry,Female,26,Ahmedabad,Gujarat,2020-12-18,2026-01-08,9,1.63,99,11,745.99,6713.91,6698.2,Beauty,Offline,Low Value,Bronze,167,Medium,1
CUST100821,Mark Beard,Female,28,Guwahati,Assam,2019-01-10,2026-06-21,97,13.03,1843,19,11603.49,1125538.53,1125930.87,Grocery,Online,High Value,Platinum,3,Low,0
CUST100822,Jose Ramirez,Female,19,Nagpur,Maharashtra,2024-03-27,2025-03-23,23,10.28,299,13,2190.22,50375.06,50363.13,Sports,Online,Medium Value,Silver,458,High,0
CUST100823,Jackie Clements,Male,34,Pune,Maharashtra,2020-03-05,2026-06-20,10,1.59,130,13,2643.19,26431.9,26464.46,Grocery,Offline,Medium Value,Bronze,4,Low,1
CUST100824,Aaron Schroeder,Male,70,Mumbai,Maharashtra,2021-01-15,2025-08-28,40,7.36,400,10,4300.65,172026.0,171934.63,Sports,Online,Medium Value,Gold,300,High,0
CUST100825,Monica Ellis,Male,19,Pune,Maharashtra,2019-04-11,2026-05-29,1,0.5,1,1,1505.52,1505.52,5418.22,Fashion,Online,Low Value,Bronze,26,Low,1
CUST100826,Heather Brown,Male,43,Nashik,Maharashtra,2020-02-25,2026-04-05,45,7.12,225,5,4471.91,201235.95,201282.84,Beauty,Offline,Medium Value,Gold,80,Low,0
CUST100827,Claudia Jordan,Other,32,Visakhapatnam,Andhra Pradesh,2022-11-02,2025-10-25,22,6.05,330,15,4383.81,96443.82,96430.62,Fashion,Online,Medium Value,Silver,242,High,0
CUST100828,Derrick Clayton,Male,41,Ahmedabad,Gujarat,2022-04-19,2026-01-29,3,0.72,6,2,1459.61,4378.83,4387.82,Home & Kitchen,Online,Low Value,Bronze,146,Medium,1
CUST100829,Kenneth Knight,Female,26,Ahmedabad,Gujarat,2020-07-30,2026-06-16,15,2.54,120,8,1967.09,29506.35,29451.79,Electronics,Online,Medium Value,Bronze,8,Low,0
CUST100830,Mr. Michael Williams,Female,49,Madurai,Tamil Nadu,2019-02-19,2026-04-05,14,1.91,126,9,6886.65,96413.1,96513.03,Electronics,Online,Medium Value,Silver,80,Low,1
CUST100831,Richard Stevens,Male,40,Pune,Maharashtra,2023-09-28,2026-02-04,17,6.22,102,6,1496.08,25433.36,25426.44,Beauty,Offline,Medium Value,Bronze,140,Medium,0
CUST100832,Scott Alexander,Male,44,Visakhapatnam,Andhra Pradesh,2019-06-15,2026-05-27,51,7.27,612,12,9239.41,471209.91,471526.87,Fashion,Online,High Value,Gold,28,Low,0
CUST100833,Tyler Harris,Female,35,Ahmedabad,Gujarat,2020-05-01,2026-05-31,58,9.44,1392,24,2908.18,168674.44,168590.2,Grocery,Offline,Medium Value,Gold,24,Low,0
CUST100834,Bonnie Santos,Male,18,Coimbatore,Tamil Nadu,2021-11-27,2026-03-04,30,6.57,660,22,4102.97,123089.1,123103.25,Fashion,Online,Medium Value,Gold,112,Low,0
CUST100835,Timothy Hill,Female,60,Lucknow,Uttar Pradesh,2021-08-06,2025-08-08,21,4.31,294,14,3918.91,82297.11,82359.98,Grocery,Offline,Medium Value,Silver,320,High,0
CUST100836,Danielle Watson,Female,33,Jaipur,Rajasthan,2022-09-04,2026-02-14,6,1.58,24,4,200.0,1200.0,1199.98,Fashion,Online,Low Value,Bronze,130,Medium,1
CUST100837,Carol Sanders,Male,32,Ranchi,Jharkhand,2020-09-22,2026-03-29,17,2.96,153,9,3432.04,58344.68,58380.29,Grocery,Online,Medium Value,Silver,87,Low,0
CUST100838,Michael Young,Male,39,Kolkata,West Bengal,2020-02-24,2026-06-08,34,5.38,102,3,3468.44,117926.96,118015.27,Fashion,Offline,Medium Value,Silver,16,Low,0
CUST100839,Michele Smith,Female,29,Bengaluru,Karnataka,2020-04-06,2025-10-14,24,3.87,48,2,3917.5,94020.0,94139.7,Sports,Offline,Medium Value,Silver,253,High,0
CUST100840,Casey Perez,Female,24,Bengaluru,Karnataka,2023-03-11,2026-03-05,70,21.32,2030,29,8694.89,608642.3,608527.56,Electronics,Online,High Value,Gold,111,Low,0
CUST100841,Alexandra Dominguez,Other,18,Indore,Madhya Pradesh,2023-09-19,2026-02-07,25,9.07,425,17,5530.3,138257.5,138291.42,Fashion,Online,Medium Value,Gold,137,Low,0
CUST100842,Virginia Henderson,Male,50,Visakhapatnam,Andhra Pradesh,2022-06-16,2026-05-19,95,23.65,3135,33,3191.78,303219.1,303182.4,Home & Kitchen,Offline,High Value,Gold,36,Low,0
CUST100843,Benjamin Reyes,Female,35,Kolkata,West Bengal,2022-05-04,2025-01-04,11,2.66,55,5,1029.17,11320.87,11317.63,Home & Kitchen,Online,Low Value,Bronze,536,High,0
CUST100844,Ashley Edwards,Male,44,Ahmedabad,Gujarat,2019-12-09,2026-05-17,82,12.55,2378,29,6643.12,544735.84,544851.33,Fashion,Online,High Value,Gold,38,Low,0
CUST100845,Breanna Ayala,Male,32,Visakhapatnam,Andhra Pradesh,2020-02-01,2026-02-16,17,2.66,85,5,2491.0,42347.0,42323.33,Fashion,Offline,Medium Value,Silver,128,Medium,0
CUST100846,Brandi Haney,Female,31,Vadodara,Gujarat,2024-01-05,2026-04-10,121,49.16,3751,31,7181.91,869011.11,869003.05,Electronics,Offline,High Value,Platinum,75,Low,0
CUST100847,Joseph Smith,Female,40,Nashik,Maharashtra,2021-08-07,2026-05-03,2,0.5,4,2,2525.77,5051.54,6154.51,Grocery,Offline,Low Value,Bronze,52,Low,1
CUST100848,Jessica Bowen,Female,41,Visakhapatnam,Andhra Pradesh,2023-04-03,2026-01-03,20,6.21,60,3,2945.21,58904.2,58887.75,Grocery,Offline,Medium Value,Silver,172,Medium,0
CUST100849,Brittany Jenkins,Female,33,Surat,Gujarat,2020-07-13,2026-06-10,49,8.25,637,13,4256.03,208545.47,208606.64,Home & Kitchen,Offline,Medium Value,Gold,14,Low,0
CUST100850,Shannon Miller,Male,40,Indore,Madhya Pradesh,2023-09-13,2026-05-07,125,45.07,4500,36,8137.61,1017201.25,1017193.67,Sports,Online,High Value,Platinum,48,Low,0
CUST100851,Paul Lawrence,Female,49,Kanpur,Uttar Pradesh,2022-11-07,2024-08-05,2,0.55,4,2,1353.52,2707.04,2696.48,Sports,Online,Low Value,Bronze,688,High,1
CUST100852,Victor Edwards,Male,38,Nashik,Maharashtra,2019-10-31,2026-04-16,29,4.37,493,17,6391.89,185364.81,185528.79,Home & Kitchen,Online,Medium Value,Gold,69,Low,0
CUST100853,Donald Miller,Male,45,Kolkata,West Bengal,2022-04-13,2026-06-16,2,0.5,4,2,1410.55,2821.1,2956.27,Home & Kitchen,Online,Low Value,Bronze,8,Low,1
CUST100854,Lindsay Lawson,Male,37,Surat,Gujarat,2023-02-23,2026-04-06,28,8.42,728,26,2526.65,70746.2,70769.03,Fashion,Offline,Medium Value,Silver,79,Low,0
CUST100855,Melissa Abbott,Female,29,Hyderabad,Telangana,2019-04-06,2026-01-09,63,8.74,1890,30,8066.68,508200.84,508430.75,Beauty,Online,High Value,Gold,166,Low,0
CUST100856,Elizabeth Holmes,Female,55,Kolkata,West Bengal,2022-03-02,2026-03-25,88,20.43,1672,19,11030.45,970679.6,970510.18,Electronics,Offline,High Value,Platinum,91,Medium,0
CUST100857,Nicole Phillips,Female,51,Coimbatore,Tamil Nadu,2022-09-12,2025-11-01,24,6.36,288,12,1055.9,25341.6,25354.44,Sports,Online,Medium Value,Bronze,235,High,0
CUST100858,Steven Blevins,Female,50,Kochi,Kerala,2023-09-03,2026-02-01,23,8.21,207,9,6684.54,153744.42,153709.28,Home & Kitchen,Online,Medium Value,Gold,143,Low,0
CUST100859,Brian Porter MD,Male,18,Kochi,Kerala,2021-12-10,2026-04-17,54,11.92,1188,22,12540.38,677180.52,677321.29,Electronics,Online,High Value,Gold,68,Low,0
CUST100860,Vanessa Hatfield,Male,62,Kochi,Kerala,2022-09-28,2026-06-16,8,2.14,64,8,596.99,4775.92,4767.45,Grocery,Offline,Low Value,Bronze,8,Low,0
CUST100861,Bonnie Valencia,Female,39,Surat,Gujarat,2021-01-23,2026-05-30,19,3.51,76,4,5745.21,109158.99,109096.23,Fashion,Online,Medium Value,Silver,25,Low,0
CUST100862,Holly Vega,Female,32,Visakhapatnam,Andhra Pradesh,2021-05-18,2026-05-21,22,4.32,110,5,3915.03,86130.66,86173.75,Home & Kitchen,Online,Medium Value,Silver,34,Low,0
CUST100863,Tiffany Townsend,Male,35,Indore,Madhya Pradesh,2019-03-23,2025-11-16,14,1.93,224,16,4589.24,64249.36,64213.43,Fashion,Online,Medium Value,Silver,220,High,1
CUST100864,Austin Baker,Female,34,Ranchi,Jharkhand,2019-08-22,2026-02-19,35,5.12,1015,29,3064.67,107263.45,107227.96,Beauty,Online,Medium Value,Silver,125,Medium,0
CUST100865,Antonio Mccormick,Male,25,Chandigarh,Chandigarh,2023-04-08,2025-11-29,20,6.24,140,7,2683.37,53667.4,53682.39,Beauty,Offline,Medium Value,Silver,207,High,0
CUST100866,Lori Mason,Male,44,Vadodara,Gujarat,2021-05-08,2026-06-19,56,10.93,1904,34,1028.25,57582.0,57570.82,Grocery,Offline,Medium Value,Silver,5,Low,0
CUST100867,Michael Miller,Female,29,Guwahati,Assam,2023-11-16,2026-06-11,118,45.42,2478,21,9736.87,1148950.66,1149059.43,Electronics,Offline,High Value,Platinum,13,Low,0
CUST100868,Lisa Ramirez,Male,45,Chandigarh,Chandigarh,2020-12-06,2026-02-14,3,0.54,21,7,519.48,1558.44,1554.47,Electronics,Online,Low Value,Bronze,130,Medium,1
CUST100869,Jorge Harris,Male,20,Nagpur,Maharashtra,2022-01-20,2026-04-05,4,0.91,36,9,2283.65,9134.6,9182.99,Beauty,Online,Low Value,Bronze,80,Low,1
CUST100870,Kimberly Myers,Female,37,Surat,Gujarat,2022-12-23,2026-02-05,34,9.72,34,1,2355.86,80099.24,80060.15,Fashion,Online,Medium Value,Silver,139,Medium,0
CUST100871,Sandra Becker,Female,18,Ranchi,Jharkhand,2020-08-01,2026-02-22,14,2.38,126,9,2683.93,37575.02,37618.23,Grocery,Online,Medium Value,Silver,122,Medium,0
CUST100872,Michael Blair,Male,45,Ranchi,Jharkhand,2020-09-24,2026-01-03,38,6.62,418,11,496.17,18854.46,18858.05,Grocery,Online,Medium Value,Bronze,172,Medium,0
CUST100873,Amy Miller,Male,51,Guwahati,Assam,2021-02-12,2026-05-26,41,7.66,328,8,1660.43,68077.63,68112.68,Sports,Online,Medium Value,Silver,29,Low,0
CUST100874,Jesse Lynch,Male,53,Patna,Bihar,2019-10-01,2026-05-20,61,9.07,1281,21,14655.1,893961.1,893787.37,Electronics,Online,High Value,Platinum,35,Low,0
CUST100875,Patrick Yang,Female,33,Chennai,Tamil Nadu,2019-04-24,2025-09-24,89,12.43,2670,30,10464.92,931377.88,931653.79,Home & Kitchen,Offline,High Value,Platinum,273,High,0
CUST100876,Michael Miles,Male,47,Ahmedabad,Gujarat,2019-04-09,2025-10-06,8,1.11,32,4,764.74,6117.92,6114.59,Sports,Offline,Low Value,Bronze,261,High,1
CUST100877,Troy Mills,Female,18,Jaipur,Rajasthan,2021-10-02,2026-04-14,39,8.26,429,11,2952.61,115151.79,115115.33,Fashion,Online,Medium Value,Silver,71,Low,0
CUST100878,Michelle Jackson,Female,45,Pune,Maharashtra,2022-12-11,2026-05-10,83,23.52,1494,18,11276.35,935937.05,935984.29,Beauty,Online,High Value,Platinum,45,Low,0
CUST100879,Richard Adams,Male,25,Nashik,Maharashtra,2023-11-13,2025-08-07,11,4.22,77,7,5098.34,56081.74,56077.41,Sports,Online,Medium Value,Silver,321,High,0
CUST100880,Patricia Johnson,Female,34,Coimbatore,Tamil Nadu,2019-10-13,2026-01-03,9,1.35,117,13,6113.47,55021.23,55224.59,Beauty,Offline,Medium Value,Silver,172,Medium,1
CUST100881,Denise Brown,Female,26,Kanpur,Uttar Pradesh,2020-06-10,2025-06-12,15,2.49,270,18,3712.99,55694.85,55763.16,Fashion,Online,Medium Value,Silver,377,High,0
CUST100882,Laura Jones,Female,24,Pune,Maharashtra,2021-02-24,2026-02-19,70,13.15,1680,24,9309.53,651667.1,651567.7,Home & Kitchen,Online,High Value,Gold,125,Low,0
CUST100883,Ian Porter,Female,30,Jaipur,Rajasthan,2021-02-07,2026-05-26,99,18.44,693,7,8029.36,794906.64,794930.6,Home & Kitchen,Offline,High Value,Platinum,29,Low,0
CUST100884,Holly Scott,Female,36,Vadodara,Gujarat,2019-03-03,2026-04-27,7,0.96,63,9,677.31,4741.17,4749.57,Grocery,Offline,Low Value,Bronze,58,Low,1
CUST100885,Kenneth Sharp,Female,33,Indore,Madhya Pradesh,2023-05-28,2025-12-01,109,35.51,2507,23,2452.79,267354.11,267316.91,Grocery,Offline,High Value,Gold,205,High,0
CUST100886,Jordan Williams,Female,68,Nagpur,Maharashtra,2021-02-17,2026-04-18,29,5.43,261,9,5849.89,169646.81,169673.72,Beauty,Online,Medium Value,Gold,67,Low,0
CUST100887,Dana Ruiz,Male,45,Pune,Maharashtra,2021-08-20,2025-05-29,27,5.58,162,6,4947.63,133586.01,133560.41,Beauty,Offline,Medium Value,Gold,391,High,0
CUST100888,Chris Velazquez,Male,34,Ahmedabad,Gujarat,2022-10-22,2026-06-12,176,48.01,1232,7,9502.04,1672359.04,1672395.2,Home & Kitchen,Online,High Value,Platinum,12,Low,0
CUST100889,Kristen Sloan,Male,21,Coimbatore,Tamil Nadu,2020-04-18,2024-11-01,35,5.67,455,13,4793.47,167771.45,167873.42,Fashion,Online,Medium Value,Gold,600,High,0
CUST100890,Jennifer Morris,Male,36,Indore,Madhya Pradesh,2021-12-11,2024-11-12,13,2.87,13,1,577.9,7512.7,7510.69,Electronics,Online,Low Value,Bronze,589,High,0
CUST100891,Nathan Nelson,Female,48,Vadodara,Gujarat,2022-04-03,2025-11-03,5,1.19,40,8,1716.88,8584.4,8619.84,Grocery,Online,Low Value,Bronze,233,High,1
CUST100892,Jake Shaw,Male,48,Surat,Gujarat,2019-11-29,2026-01-17,2,0.5,20,10,200.0,400.0,656.26,Electronics,Online,Low Value,Bronze,158,Medium,1
CUST100893,Cassie Brock,Female,40,Guwahati,Assam,2019-03-10,2024-03-13,7,0.96,98,14,3324.33,23270.31,23250.38,Fashion,Online,Medium Value,Bronze,833,High,1
CUST100894,Dr. Andrea Marshall,Male,18,Kanpur,Uttar Pradesh,2019-01-28,2026-05-05,35,4.73,245,7,5866.0,205310.0,205257.16,Home & Kitchen,Online,Medium Value,Gold,50,Low,0
CUST100895,Ryan Murphy,Male,37,Chandigarh,Chandigarh,2023-08-17,2026-05-07,52,18.26,624,12,3108.32,161632.64,161610.51,Grocery,Offline,Medium Value,Gold,48,Low,0
CUST100896,Aimee Gonzalez,Male,54,Chandigarh,Chandigarh,2020-04-22,2026-05-11,32,5.19,384,12,5251.79,168057.28,168055.55,Electronics,Online,Medium Value,Gold,44,Low,0
CUST100897,Elizabeth Dean,Male,39,Mumbai,Maharashtra,2019-11-06,2025-05-03,3,0.5,24,8,723.2,2169.6,2395.82,Electronics,Offline,Low Value,Bronze,417,High,1
CUST100898,Kevin Snyder,Male,39,Visakhapatnam,Andhra Pradesh,2020-01-06,2026-05-31,79,12.23,2449,31,13563.14,1071488.06,1071332.84,Fashion,Online,High Value,Platinum,24,Low,0
CUST100899,Christie Mccullough,Male,41,Jaipur,Rajasthan,2023-08-09,2026-04-03,54,18.82,1620,30,9092.74,491007.96,491004.47,Grocery,Online,High Value,Gold,82,Low,0
CUST100900,Danielle Smith,Female,32,Vadodara,Gujarat,2019-10-12,2026-06-11,16,2.39,240,15,200.0,3200.0,3199.75,Grocery,Online,Low Value,Bronze,13,Low,0
CUST100901,David Reed,Female,25,Surat,Gujarat,2019-11-30,2026-05-23,53,8.08,1113,21,4097.86,217186.58,217202.62,Beauty,Offline,Medium Value,Gold,32,Low,0
CUST100902,Sherry Tapia,Male,39,Visakhapatnam,Andhra Pradesh,2020-09-03,2026-06-18,98,16.9,1274,13,10568.25,1035688.5,1035679.82,Sports,Online,High Value,Platinum,6,Low,0
CUST100903,Matthew Sweeney,Male,18,Bhopal,Madhya Pradesh,2023-05-26,2026-03-07,30,9.76,600,20,3994.66,119839.8,119872.39,Home & Kitchen,Offline,Medium Value,Silver,109,Medium,0
CUST100904,Ashley Moreno,Female,33,Bhopal,Madhya Pradesh,2024-01-03,2026-03-10,18,7.3,216,12,2151.61,38728.98,38745.47,Fashion,Online,Medium Value,Silver,106,Medium,0
CUST100905,Johnathan Brown,Female,28,Pune,Maharashtra,2023-09-14,2025-05-31,7,2.53,49,7,1136.84,7957.88,7969.12,Electronics,Offline,Low Value,Bronze,389,High,0
CUST100906,Michelle Davis DVM,Female,57,Mumbai,Maharashtra,2023-06-05,2026-02-21,20,6.56,120,6,849.54,16990.8,16982.15,Home & Kitchen,Offline,Medium Value,Bronze,123,Medium,0
CUST100907,Kelly Haynes,Female,36,Ranchi,Jharkhand,2019-04-21,2026-05-28,8,1.12,168,21,4308.39,34467.12,34600.18,Home & Kitchen,Online,Medium Value,Silver,27,Low,1
CUST100908,William Miller,Female,41,Delhi,Delhi,2019-08-17,2026-02-20,34,4.97,476,14,4033.79,137148.86,137275.53,Sports,Online,Medium Value,Gold,124,Low,0
CUST100909,Casey Wilkins,Female,43,Hyderabad,Telangana,2019-01-13,2026-04-27,36,4.84,612,17,5896.94,212289.84,212310.51,Home & Kitchen,Online,Medium Value,Gold,58,Low,0
CUST100910,Keith Graham,Female,30,Ahmedabad,Gujarat,2019-08-13,2026-05-24,15,2.19,405,27,3887.55,58313.25,58389.88,Beauty,Offline,Medium Value,Silver,31,Low,0
CUST100911,Cynthia Green,Male,21,Visakhapatnam,Andhra Pradesh,2020-04-26,2026-02-24,21,3.41,21,1,2027.6,42579.6,42554.23,Fashion,Offline,Medium Value,Silver,120,Medium,0
CUST100912,Robert Haynes,Male,39,Visakhapatnam,Andhra Pradesh,2023-09-17,2025-12-30,20,7.24,220,11,4999.35,99987.0,99989.19,Electronics,Online,Medium Value,Silver,176,Medium,0
CUST100913,Emily Nelson,Male,44,Mumbai,Maharashtra,2020-09-01,2026-01-18,18,3.1,234,13,5359.35,96468.3,96431.62,Grocery,Online,Medium Value,Silver,157,Medium,0
CUST100914,Dale Chan,Female,22,Delhi,Delhi,2020-12-31,2024-12-26,24,4.39,384,16,2485.07,59641.68,59707.06,Electronics,Offline,Medium Value,Silver,545,High,0
CUST100915,Brittney Martin,Male,18,Delhi,Delhi,2019-09-30,2025-11-10,17,2.53,221,13,5611.37,95393.29,95500.22,Sports,Offline,Medium Value,Silver,226,High,0
CUST100916,Jason Herrera,Male,46,Indore,Madhya Pradesh,2020-11-05,2026-06-05,47,8.35,470,10,1439.69,67665.43,67635.87,Electronics,Online,Medium Value,Silver,19,Low,0
CUST100917,Christine Parker,Male,46,Hyderabad,Telangana,2023-06-16,2025-11-25,6,1.99,24,4,496.69,2980.14,2982.15,Electronics,Online,Low Value,Bronze,211,High,1
CUST100918,Bryan Moore,Male,41,Kanpur,Uttar Pradesh,2021-04-27,2026-03-30,1,0.5,4,4,1938.56,1938.56,4994.35,Home & Kitchen,Online,Low Value,Bronze,86,Low,1
CUST100919,Samantha Terry,Male,40,Coimbatore,Tamil Nadu,2023-10-30,2026-05-13,88,33.27,1144,13,11530.33,1014669.04,1014568.65,Sports,Offline,High Value,Platinum,42,Low,0
CUST100920,Russell Murphy,Male,23,Kanpur,Uttar Pradesh,2021-10-20,2026-06-01,5,1.07,30,6,1477.48,7387.4,7384.04,Grocery,Offline,Low Value,Bronze,23,Low,1
CUST100921,David Kelly,Male,32,Bengaluru,Karnataka,2022-02-10,2026-06-05,27,6.19,216,8,4533.9,122415.3,122401.89,Beauty,Offline,Medium Value,Silver,19,Low,0
CUST100922,Megan Green,Male,32,Kochi,Kerala,2019-11-29,2025-12-15,2,0.5,10,5,352.46,704.92,1156.53,Home & Kitchen,Online,Low Value,Bronze,191,High,1
CUST100923,Amanda Sullivan MD,Female,30,Ahmedabad,Gujarat,2022-03-29,2026-05-17,3,0.71,18,6,539.73,1619.19,1622.01,Fashion,Offline,Low Value,Bronze,38,Low,1
CUST100924,Danielle Murray,Male,26,Indore,Madhya Pradesh,2021-09-11,2025-03-16,24,5.02,192,8,2277.29,54654.96,54616.93,Electronics,Offline,Medium Value,Silver,465,High,0
CUST100925,Brenda Smith,Male,35,Kanpur,Uttar Pradesh,2022-08-13,2026-05-18,47,12.18,1316,28,5700.16,267907.52,267827.46,Sports,Online,High Value,Gold,37,Low,0
CUST100926,Vickie Anderson,Female,23,Patna,Bihar,2024-03-05,2026-04-24,26,11.32,104,4,2000.35,52009.1,52014.47,Grocery,Offline,Medium Value,Silver,61,Low,0
CUST100927,Jacqueline Mccoy,Male,50,Bhopal,Madhya Pradesh,2023-10-17,2024-11-19,28,10.45,224,8,4193.1,117406.8,117447.55,Electronics,Online,Medium Value,Silver,582,High,0
CUST100928,Lauren Green,Male,18,Lucknow,Uttar Pradesh,2023-12-19,2026-06-21,28,11.16,420,15,200.0,5600.0,5597.57,Sports,Online,Low Value,Bronze,3,Low,0
CUST100929,Alison Brown,Male,48,Lucknow,Uttar Pradesh,2023-08-22,2025-09-03,16,5.65,144,9,1655.85,26493.6,26510.6,Fashion,Online,Medium Value,Bronze,294,High,0
CUST100930,Jill Anderson,Male,39,Kochi,Kerala,2022-03-11,2026-05-22,123,28.72,2706,22,6909.92,849920.16,849775.06,Beauty,Online,High Value,Platinum,33,Low,0
CUST100931,Sandra Rivera,Female,20,Ranchi,Jharkhand,2019-05-20,2021-04-14,10,1.41,40,4,1515.94,15159.4,15156.91,Beauty,Online,Medium Value,Bronze,1897,High,1
CUST100932,Joel Jackson,Female,23,Delhi,Delhi,2019-02-11,2026-03-24,12,1.63,48,4,774.34,9292.08,9288.77,Beauty,Offline,Low Value,Bronze,92,Medium,1
CUST100933,Samantha Foster,Female,58,Bhopal,Madhya Pradesh,2019-06-29,2026-04-16,22,3.15,176,8,4760.13,104722.86,104683.76,Grocery,Offline,Medium Value,Silver,69,Low,0
CUST100934,Michael Thompson,Female,53,Delhi,Delhi,2021-05-17,2026-06-18,116,22.75,2900,25,17739.24,2057751.84,2057339.02,Home & Kitchen,Online,High Value,Platinum,6,Low,0
CUST100935,Cody Ramirez,Female,31,Vadodara,Gujarat,2022-10-13,2025-02-10,40,10.84,280,7,200.0,8000.0,8001.27,Home & Kitchen,Online,Low Value,Bronze,499,High,0
CUST100936,Amanda Harvey,Female,33,Lucknow,Uttar Pradesh,2022-12-21,2026-05-28,149,42.55,447,3,11620.31,1731426.19,1731400.74,Electronics,Offline,High Value,Platinum,27,Low,0
CUST100937,Edward Jenkins,Female,41,Bengaluru,Karnataka,2023-05-20,2025-01-04,1,0.5,9,9,1082.16,1082.16,1672.5,Beauty,Online,Low Value,Bronze,536,High,1
CUST100938,Amy Ramirez,Male,40,Bengaluru,Karnataka,2019-08-05,2026-06-10,85,12.35,1020,12,1435.04,121978.4,121936.36,Beauty,Online,Medium Value,Silver,14,Low,0
CUST100939,Curtis Wilkerson,Female,28,Jaipur,Rajasthan,2023-01-28,2025-11-29,35,10.3,210,6,1082.0,37870.0,37865.7,Home & Kitchen,Offline,Medium Value,Silver,207,High,0
CUST100940,Lydia Pham,Male,18,Vadodara,Gujarat,2020-06-13,2025-12-24,5,0.83,75,15,5634.29,28171.45,28167.59,Beauty,Online,Medium Value,Bronze,182,High,1
CUST100941,Virginia Casey,Female,21,Chennai,Tamil Nadu,2022-03-06,2024-08-20,13,3.03,143,11,792.74,10305.62,10318.25,Fashion,Online,Low Value,Bronze,673,High,0
CUST100942,Joshua Washington,Male,29,Kolkata,West Bengal,2023-10-02,2026-04-11,22,8.08,286,13,3917.25,86179.5,86136.82,Grocery,Offline,Medium Value,Silver,74,Low,0
CUST100943,Kathryn Price,Female,31,Mumbai,Maharashtra,2019-04-18,2026-05-06,4,0.56,32,8,1095.09,4380.36,4402.31,Sports,Offline,Low Value,Bronze,49,Low,1
CUST100944,Francis Robinson,Male,51,Ahmedabad,Gujarat,2022-08-20,2026-05-20,32,8.34,256,8,983.94,31486.08,31498.69,Grocery,Offline,Medium Value,Bronze,35,Low,0
CUST100945,Paula Brown,Female,18,Guwahati,Assam,2023-11-26,2026-05-30,45,17.5,1215,27,12781.99,575189.55,575058.32,Electronics,Online,High Value,Gold,25,Low,0
CUST100946,Kendra Wang DVM,Male,37,Patna,Bihar,2022-04-13,2026-06-13,51,12.17,765,15,8745.64,446027.64,446135.87,Fashion,Online,High Value,Gold,11,Low,0
CUST100947,Ariel Sandoval,Female,55,Jaipur,Rajasthan,2022-06-08,2026-05-14,4,0.99,24,6,515.83,2063.32,2062.26,Fashion,Online,Low Value,Bronze,41,Low,1
CUST100948,Robert Stark,Male,24,Bhopal,Madhya Pradesh,2020-10-31,2026-04-11,3,0.53,15,5,949.69,2849.07,2838.8,Sports,Offline,Low Value,Bronze,74,Low,1
CUST100949,Zachary Robinson,Female,27,Chandigarh,Chandigarh,2024-04-15,2025-08-08,54,24.72,1026,19,2752.84,148653.36,148676.42,Electronics,Online,Medium Value,Gold,320,High,0
CUST100950,Rebecca Kelly,Male,46,Kochi,Kerala,2024-03-11,2026-02-06,8,3.51,32,4,6925.24,55401.92,55436.62,Sports,Online,Medium Value,Silver,138,Medium,0
CUST100951,Sarah Thompson,Male,34,Surat,Gujarat,2024-03-04,2026-02-15,6,2.61,60,10,5151.16,30906.96,30919.65,Grocery,Online,Medium Value,Bronze,129,Medium,0
CUST100952,Renee Wolfe,Male,18,Kolkata,West Bengal,2021-10-03,2026-01-30,58,12.3,986,17,9922.86,575525.88,575754.09,Electronics,Online,High Value,Gold,145,Low,0
CUST100953,Alyssa Haynes,Female,43,Nagpur,Maharashtra,2019-05-24,2025-11-21,4,0.56,24,6,656.08,2624.32,2601.26,Home & Kitchen,Online,Low Value,Bronze,215,High,1
CUST100954,Kristy Hart,Male,39,Chandigarh,Chandigarh,2021-08-23,2026-05-22,29,6.0,348,12,1142.48,33131.92,33106.11,Electronics,Online,Medium Value,Bronze,33,Low,0
CUST100955,William Keith,Male,43,Surat,Gujarat,2020-11-30,2026-01-28,19,3.42,152,8,1005.33,19101.27,19109.11,Electronics,Offline,Medium Value,Bronze,147,Medium,0
CUST100956,Eric Henry Jr.,Male,37,Bhopal,Madhya Pradesh,2022-10-06,2025-04-30,34,9.16,102,3,3005.55,102188.7,102133.57,Sports,Online,Medium Value,Silver,420,High,0
CUST100957,Daniel Fox,Female,42,Ahmedabad,Gujarat,2022-11-26,2026-06-17,90,25.21,810,9,14333.6,1290024.0,1290076.59,Home & Kitchen,Online,High Value,Platinum,7,Low,0
CUST100958,Thomas Harris,Male,21,Guwahati,Assam,2020-03-06,2026-05-24,183,29.07,2745,15,9477.83,1734442.89,1734214.02,Home & Kitchen,Online,High Value,Platinum,31,Low,0
CUST100959,Mitchell Sellers,Male,52,Visakhapatnam,Andhra Pradesh,2023-05-25,2025-10-28,6,1.95,24,4,1026.49,6158.94,6159.78,Sports,Online,Low Value,Bronze,239,High,1
CUST100960,Erica Johnson,Female,32,Ranchi,Jharkhand,2022-07-25,2026-04-22,117,29.93,1521,13,17378.66,2033303.22,2033578.71,Electronics,Offline,High Value,Platinum,63,Low,0
CUST100961,Sylvia Schroeder,Male,36,Pune,Maharashtra,2019-08-20,2025-06-11,18,2.63,90,5,3298.77,59377.86,59334.87,Home & Kitchen,Offline,Medium Value,Silver,378,High,0
CUST100962,Shannon Yu,Female,46,Nashik,Maharashtra,2020-01-26,2026-06-03,22,3.44,374,17,2411.51,53053.22,53123.6,Sports,Online,Medium Value,Silver,21,Low,0
CUST100963,Tom Foster,Male,45,Nashik,Maharashtra,2022-10-02,2026-02-14,33,8.87,561,17,3259.4,107560.2,107569.84,Beauty,Online,Medium Value,Silver,130,Medium,0
CUST100964,Eric Taylor,Male,49,Surat,Gujarat,2021-07-12,2024-10-13,30,6.07,480,16,1154.04,34621.2,34636.75,Electronics,Offline,Medium Value,Silver,619,High,0
CUST100965,Travis Conner,Female,32,Pune,Maharashtra,2021-04-03,2025-11-28,15,2.87,180,12,1653.92,24808.8,24770.17,Electronics,Offline,Medium Value,Bronze,208,High,0
CUST100966,Marie Thompson,Male,35,Vadodara,Gujarat,2022-03-07,2025-10-17,5,1.16,20,4,1439.59,7197.95,7168.9,Fashion,Online,Low Value,Bronze,250,High,1
CUST100967,Melissa Mcfarland,Female,27,Patna,Bihar,2023-06-26,2026-03-01,33,11.04,297,9,6787.96,224002.68,224047.84,Grocery,Online,Medium Value,Gold,115,Low,0
CUST100968,Courtney Chapman,Male,43,Jaipur,Rajasthan,2021-08-03,2026-06-05,39,7.98,429,11,1821.15,71024.85,70982.82,Fashion,Offline,Medium Value,Silver,19,Low,0
CUST100969,Eric Barker,Male,52,Guwahati,Assam,2021-12-13,2026-05-02,18,3.98,198,11,3044.35,54798.3,54802.13,Home & Kitchen,Offline,Medium Value,Silver,53,Low,0
CUST100970,Nicholas Rush,Male,57,Bhopal,Madhya Pradesh,2020-09-18,2026-05-10,28,4.86,392,14,4861.76,136129.28,136043.82,Fashion,Offline,Medium Value,Gold,45,Low,0
CUST100971,Jenna Gamble,Male,29,Bengaluru,Karnataka,2024-03-14,2024-10-10,2,0.88,2,1,1181.99,2363.98,2363.66,Grocery,Online,Low Value,Bronze,622,High,1
CUST100972,Amanda Guzman,Female,26,Coimbatore,Tamil Nadu,2023-05-21,2024-06-26,2,0.65,24,12,200.0,400.0,401.48,Sports,Offline,Low Value,Bronze,728,High,1
CUST100973,Tracy Walker,Female,18,Lucknow,Uttar Pradesh,2024-04-11,2026-05-02,32,14.57,384,12,4832.76,154648.32,154610.48,Fashion,Online,Medium Value,Gold,53,Low,0
CUST100974,Taylor Taylor,Female,46,Chennai,Tamil Nadu,2020-05-19,2026-04-25,58,9.52,1624,28,11730.34,680359.72,680279.43,Grocery,Offline,High Value,Gold,60,Low,0
CUST100975,Cynthia Haas,Female,18,Vadodara,Gujarat,2022-12-12,2026-06-07,31,8.79,341,11,4785.82,148360.42,148344.3,Home & Kitchen,Offline,Medium Value,Gold,17,Low,0
CUST100976,Stephen Davis,Female,37,Ranchi,Jharkhand,2023-10-18,2026-02-27,14,5.23,266,19,2247.54,31465.56,31474.42,Electronics,Offline,Medium Value,Bronze,117,Medium,0
CUST100977,Margaret Tanner,Female,36,Kolkata,West Bengal,2024-05-20,2026-05-25,95,45.48,3230,34,4059.17,385621.15,385648.82,Sports,Offline,High Value,Gold,30,Low,0
CUST100978,Derek Wright,Female,33,Bhopal,Madhya Pradesh,2024-03-07,2025-12-21,33,14.4,231,7,200.0,6600.0,6599.75,Grocery,Online,Low Value,Bronze,185,High,0
CUST100979,David Rodriguez,Female,20,Kochi,Kerala,2019-01-09,2024-09-23,21,2.82,168,8,1781.24,37406.04,37420.52,Sports,Online,Medium Value,Silver,639,High,0
CUST100980,James Oconnor,Female,19,Lucknow,Uttar Pradesh,2023-05-06,2026-05-24,26,8.31,416,16,4103.65,106694.9,106715.46,Home & Kitchen,Online,Medium Value,Silver,31,Low,0
CUST100981,Stacey Snyder,Female,47,Indore,Madhya Pradesh,2019-05-13,2025-08-14,1,0.5,6,6,1074.06,1074.06,3818.39,Sports,Offline,Low Value,Bronze,314,High,1
CUST100982,Joshua Garcia,Female,34,Coimbatore,Tamil Nadu,2024-02-06,2026-03-21,89,37.49,1424,16,15471.84,1376993.76,1376848.89,Home & Kitchen,Online,High Value,Platinum,95,Medium,0
CUST100983,Sean Curtis,Male,23,Delhi,Delhi,2019-03-22,2026-05-26,83,11.44,2490,30,9726.25,807278.75,806980.77,Beauty,Online,High Value,Platinum,29,Low,0
CUST100984,Carla Jones,Female,42,Vadodara,Gujarat,2019-11-01,2025-06-30,4,0.6,8,2,200.0,800.0,796.71,Grocery,Online,Low Value,Bronze,359,High,1
CUST100985,Elizabeth Flores,Female,64,Coimbatore,Tamil Nadu,2023-04-10,2026-01-03,31,9.69,31,1,5826.95,180635.45,180712.98,Home & Kitchen,Online,Medium Value,Gold,172,Low,0
CUST100986,Angela Jackson,Female,23,Coimbatore,Tamil Nadu,2023-06-21,2026-05-23,26,8.66,520,20,1808.24,47014.24,47031.67,Home & Kitchen,Offline,Medium Value,Silver,32,Low,0
CUST100987,Nicholas Payne,Male,25,Bengaluru,Karnataka,2022-09-15,2025-04-23,7,1.86,77,11,4001.59,28011.13,28039.72,Electronics,Online,Medium Value,Bronze,427,High,1
CUST100988,Anna Wheeler,Female,47,Chandigarh,Chandigarh,2021-10-09,2026-05-28,60,12.76,420,7,8037.86,482271.6,482137.8,Electronics,Offline,High Value,Gold,27,Low,0
CUST100989,Karen Johnson,Female,54,Bengaluru,Karnataka,2023-02-14,2025-12-31,8,2.39,32,4,1196.47,9571.76,9582.77,Grocery,Online,Low Value,Bronze,175,Medium,0
CUST100990,Carmen Preston,Female,32,Madurai,Tamil Nadu,2022-09-25,2024-07-08,2,0.53,12,6,334.96,669.92,663.94,Sports,Online,Low Value,Bronze,716,High,1
CUST100991,Brian Harris,Male,36,Ahmedabad,Gujarat,2023-02-21,2026-05-19,33,9.9,429,13,828.95,27355.35,27344.12,Home & Kitchen,Offline,Medium Value,Bronze,36,Low,0
CUST100992,Michael Bowen,Female,28,Indore,Madhya Pradesh,2023-04-18,2026-03-01,38,11.95,456,12,2234.32,84904.16,84870.21,Grocery,Online,Medium Value,Silver,115,Medium,0
CUST100993,Deborah Campbell,Male,19,Jaipur,Rajasthan,2021-03-04,2025-05-13,42,7.92,126,3,1064.38,44703.96,44682.45,Home & Kitchen,Online,Medium Value,Silver,407,High,0
CUST100994,Anthony Armstrong,Female,46,Chandigarh,Chandigarh,2023-08-27,2026-05-13,8,2.84,64,8,4442.71,35541.68,35580.6,Beauty,Offline,Medium Value,Silver,42,Low,0
CUST100995,Brittany Ward,Male,45,Hyderabad,Telangana,2019-12-31,2026-06-13,79,12.2,1659,21,7420.89,586250.31,586214.75,Home & Kitchen,Online,High Value,Gold,11,Low,0
CUST100996,Edward Stanley,Male,36,Mumbai,Maharashtra,2022-01-10,2026-05-08,1,0.5,4,4,1079.28,1079.28,2399.38,Beauty,Online,Low Value,Bronze,47,Low,1
CUST100997,Christina Johnson,Male,50,Chennai,Tamil Nadu,2020-03-29,2025-12-30,107,17.17,1391,13,7663.92,820039.44,819980.06,Electronics,Online,High Value,Platinum,176,Medium,0
CUST100998,Edgar Miller,Male,28,Ahmedabad,Gujarat,2023-09-26,2025-10-29,5,1.83,35,7,800.19,4000.95,4009.17,Home & Kitchen,Online,Low Value,Bronze,238,High,1
CUST100999,Elizabeth Sanders,Male,30,Coimbatore,Tamil Nadu,2021-04-06,2026-03-20,27,5.18,81,3,3335.6,90061.2,90022.75,Grocery,Offline,Medium Value,Silver,96,Medium,0
CUST101000,Matthew Davis MD,Female,32,Chennai,Tamil Nadu,2021-11-21,2026-05-09,66,14.4,1914,29,1874.33,123705.78,123701.16,Sports,Offline,Medium Value,Gold,46,Low,0
CUST101001,Stephen Wood,Female,45,Surat,Gujarat,2021-12-06,2025-11-29,40,8.81,480,12,3992.84,159713.6,159776.9,Electronics,Offline,Medium Value,Gold,207,High,0
CUST101002,Dennis Marshall,Female,28,Madurai,Tamil Nadu,2019-11-19,2025-07-22,4,0.61,4,1,200.0,800.0,803.98,Electronics,Online,Low Value,Bronze,337,High,1
CUST101003,Derrick Brown,Male,43,Visakhapatnam,Andhra Pradesh,2020-07-11,2025-06-30,1,0.5,4,4,915.59,915.59,2722.33,Sports,Online,Low Value,Bronze,359,High,1
CUST101004,Mary Miller,Male,39,Ranchi,Jharkhand,2023-07-28,2023-10-30,5,1.72,50,10,603.33,3016.65,3011.61,Beauty,Online,Low Value,Bronze,968,High,1
CUST101005,Joshua Arellano,Male,48,Coimbatore,Tamil Nadu,2022-01-16,2026-06-05,26,5.87,364,14,3356.93,87280.18,87290.84,Grocery,Online,Medium Value,Silver,19,Low,0
CUST101006,Kristen Randall,Female,41,Bengaluru,Karnataka,2019-05-22,2025-09-20,33,4.66,165,5,2435.63,80375.79,80421.34,Grocery,Offline,Medium Value,Silver,277,High,0
CUST101007,Jennifer Nichols,Female,51,Guwahati,Assam,2021-05-08,2024-03-25,3,0.59,15,5,1105.63,3316.89,3341.53,Electronics,Online,Low Value,Bronze,821,High,1
CUST101008,Karen Keith,Male,37,Kanpur,Uttar Pradesh,2020-11-24,2026-05-07,11,1.97,77,7,5115.21,56267.31,56171.66,Beauty,Online,Medium Value,Silver,48,Low,1
CUST101009,Blake Orr,Male,41,Lucknow,Uttar Pradesh,2023-04-06,2025-12-19,23,7.16,161,7,4665.69,107310.87,107284.43,Beauty,Online,Medium Value,Silver,187,High,0
CUST101010,Kathryn Lester,Female,43,Jaipur,Rajasthan,2021-12-06,2026-02-07,46,10.13,736,16,200.0,9200.0,9202.28,Home & Kitchen,Online,Low Value,Bronze,137,Medium,0
CUST101011,Megan Oliver,Female,36,Ahmedabad,Gujarat,2019-04-29,2025-12-16,3,0.5,3,1,229.46,688.38,820.15,Home & Kitchen,Offline,Low Value,Bronze,190,High,1
CUST101012,Peter Thompson,Male,31,Chandigarh,Chandigarh,2024-03-15,2026-04-06,1,0.5,2,2,1557.47,1557.47,1767.48,Sports,Offline,Low Value,Bronze,79,Low,1
CUST101013,Dr. Rhonda Martinez,Female,49,Ahmedabad,Gujarat,2019-10-03,2026-06-19,154,22.92,3696,24,10760.09,1657053.86,1656970.78,Electronics,Offline,High Value,Platinum,5,Low,0
CUST101014,William Graham,Male,26,Lucknow,Uttar Pradesh,2024-04-13,2024-04-13,2,0.91,8,4,1137.71,2275.42,2267.63,Beauty,Offline,Low Value,Bronze,802,High,1
CUST101015,Lori Flowers MD,Male,43,Chennai,Tamil Nadu,2023-08-17,2026-05-04,8,2.81,64,8,2587.12,20696.96,20699.79,Grocery,Offline,Medium Value,Bronze,51,Low,0
CUST101016,Suzanne Jones,Male,58,Hyderabad,Telangana,2022-03-03,2026-05-21,138,32.06,2622,19,3593.74,495936.12,495875.31,Home & Kitchen,Online,High Value,Gold,34,Low,0
CUST101017,James Nguyen,Female,51,Pune,Maharashtra,2021-10-01,2025-10-05,21,4.45,273,13,3762.82,79019.22,79081.03,Electronics,Online,Medium Value,Silver,262,High,0
CUST101018,Jimmy Marks,Female,32,Bhopal,Madhya Pradesh,2021-09-09,2024-07-02,2,0.5,8,4,1443.56,2887.12,3452.29,Beauty,Online,Low Value,Bronze,722,High,1
CUST101019,Lisa Mills,Female,46,Jaipur,Rajasthan,2020-07-08,2026-03-26,85,14.27,2040,24,7361.92,625763.2,625581.8,Fashion,Offline,High Value,Gold,90,Low,0
CUST101020,Jason Hernandez,Male,26,Visakhapatnam,Andhra Pradesh,2020-09-19,2025-07-25,20,3.48,260,13,3841.85,76837.0,76941.76,Electronics,Online,Medium Value,Silver,334,High,0
CUST101021,Olivia Ayers,Male,37,Jaipur,Rajasthan,2024-01-29,2026-05-24,12,5.01,156,13,3665.83,43989.96,43997.49,Sports,Online,Medium Value,Silver,31,Low,0
CUST101022,Kristine Garcia,Male,40,Nagpur,Maharashtra,2022-11-25,2025-06-11,8,2.24,40,5,1269.03,10152.24,10156.41,Sports,Online,Low Value,Bronze,378,High,0
CUST101023,Joseph Cooper,Female,43,Bengaluru,Karnataka,2022-03-23,2026-06-08,10,2.35,70,7,428.09,4280.9,4274.69,Fashion,Offline,Low Value,Bronze,16,Low,0
CUST101024,James Washington,Male,32,Visakhapatnam,Andhra Pradesh,2020-10-22,2025-09-18,4,0.71,20,5,868.09,3472.36,3491.35,Home & Kitchen,Offline,Low Value,Bronze,279,High,1
CUST101025,Amanda Hill,Male,58,Delhi,Delhi,2021-11-19,2026-05-06,14,3.05,168,12,2618.07,36652.98,36640.79,Electronics,Offline,Medium Value,Silver,49,Low,0
CUST101026,Lee Steele,Female,50,Ranchi,Jharkhand,2024-04-08,2025-10-01,1,0.5,6,6,1857.44,1857.44,2046.87,Beauty,Offline,Low Value,Bronze,266,High,1
CUST101027,Steve Rivera,Female,29,Visakhapatnam,Andhra Pradesh,2020-07-14,2026-02-24,2,0.5,14,7,1807.33,3614.66,5366.32,Home & Kitchen,Online,Low Value,Bronze,120,Medium,1
CUST101028,Patrick Mccall,Male,47,Lucknow,Uttar Pradesh,2024-03-18,2026-02-08,57,25.2,684,12,1068.81,60922.17,60910.32,Electronics,Online,Medium Value,Silver,136,Medium,0
CUST101029,Alicia Roth,Male,56,Coimbatore,Tamil Nadu,2021-01-12,2026-06-10,1,0.5,1,1,691.14,691.14,1879.94,Beauty,Online,Low Value,Bronze,14,Low,1
CUST101030,Douglas Vasquez,Female,30,Vadodara,Gujarat,2021-02-02,2026-04-28,73,13.56,1752,24,14292.91,1043382.43,1043214.55,Home & Kitchen,Online,High Value,Platinum,57,Low,0
CUST101031,Annette Melton,Male,46,Pune,Maharashtra,2020-10-17,2026-04-17,15,2.64,285,19,489.95,7349.25,7344.7,Grocery,Online,Low Value,Bronze,68,Low,0
CUST101032,William Ramos,Male,27,Jaipur,Rajasthan,2024-04-02,2026-06-14,49,22.07,294,6,3210.19,157299.31,157312.67,Sports,Offline,Medium Value,Gold,10,Low,0
CUST101033,Debra Butler,Female,49,Patna,Bihar,2019-09-12,2026-05-25,66,9.74,1980,30,7606.14,502005.24,502005.24,Sports,Offline,High Value,Gold,30,Low,0
CUST101034,Chelsea Lewis,Female,49,Coimbatore,Tamil Nadu,2022-08-26,2026-01-25,48,12.56,432,9,6988.94,335469.12,335502.8,Electronics,Offline,High Value,Gold,150,Low,0
CUST101035,Natalie Malone,Male,22,Patna,Bihar,2023-02-06,2026-04-18,30,8.89,780,26,2998.55,89956.5,89915.29,Home & Kitchen,Online,Medium Value,Silver,67,Low,0
CUST101036,Samantha Robertson,Female,42,Chennai,Tamil Nadu,2021-11-04,2026-06-21,10,2.16,110,11,3174.85,31748.5,31749.02,Sports,Offline,Medium Value,Bronze,3,Low,0
CUST101037,Eric Hunter,Male,47,Ahmedabad,Gujarat,2020-10-12,2025-08-10,5,0.88,45,9,1619.61,8098.05,8112.55,Electronics,Online,Low Value,Bronze,318,High,1
CUST101038,Samuel Suarez,Female,19,Lucknow,Uttar Pradesh,2021-02-19,2026-05-22,132,24.74,1980,15,14100.99,1861330.68,1861533.75,Sports,Online,High Value,Platinum,33,Low,0
CUST101039,Corey Whitaker,Male,34,Mumbai,Maharashtra,2023-10-21,2025-10-20,27,10.11,270,10,5506.54,148676.58,148608.74,Beauty,Offline,Medium Value,Gold,247,High,0
CUST101040,Danielle Bryant,Male,50,Jaipur,Rajasthan,2022-11-30,2026-03-11,10,2.81,60,6,6377.57,63775.7,63784.43,Home & Kitchen,Online,Medium Value,Silver,105,Medium,0
CUST101041,Michele Hill,Female,28,Bhopal,Madhya Pradesh,2023-09-20,2026-05-02,3,1.09,12,4,500.14,1500.42,1501.5,Fashion,Offline,Low Value,Bronze,53,Low,1
CUST101042,Kathy Reid,Male,28,Delhi,Delhi,2020-07-16,2025-09-05,32,5.39,320,10,4111.95,131582.4,131493.8,Sports,Online,Medium Value,Gold,292,High,0
CUST101043,Andre Watson,Female,47,Coimbatore,Tamil Nadu,2022-11-07,2025-10-12,66,18.22,462,7,3172.67,209396.22,209383.71,Grocery,Online,Medium Value,Gold,255,High,0
CUST101044,Cassandra Harrell,Male,35,Bhopal,Madhya Pradesh,2022-11-14,2025-11-20,3,0.83,3,1,399.25,1197.75,1193.96,Fashion,Offline,Low Value,Bronze,216,High,1
CUST101045,Hannah Martin,Other,33,Guwahati,Assam,2020-06-12,2026-04-15,11,1.83,209,19,5584.87,61433.57,61587.7,Sports,Online,Medium Value,Silver,70,Low,1
CUST101046,Nicole Barker,Male,35,Kochi,Kerala,2019-06-22,2026-06-04,42,6.0,672,16,3650.32,153313.44,153328.43,Electronics,Online,Medium Value,Gold,20,Low,0
CUST101047,James Martin,Female,62,Delhi,Delhi,2024-05-12,2026-06-15,51,24.16,1428,28,8854.21,451564.71,451555.26,Sports,Online,High Value,Gold,9,Low,0
CUST101048,Traci Vincent,Male,24,Kanpur,Uttar Pradesh,2023-05-14,2024-09-14,2,0.64,22,11,759.44,1518.88,1510.36,Fashion,Offline,Low Value,Bronze,648,High,1
CUST101049,Megan Adams,Male,51,Jaipur,Rajasthan,2021-04-28,2026-05-18,97,18.84,194,2,6511.16,631582.52,631739.22,Home & Kitchen,Online,High Value,Gold,37,Low,0
CUST101050,Alejandro Deleon,Female,62,Jaipur,Rajasthan,2022-09-30,2025-07-02,7,1.88,42,6,200.0,1400.0,1401.06,Electronics,Online,Low Value,Bronze,357,High,1
CUST101051,Alexa Buck,Female,33,Ranchi,Jharkhand,2023-10-03,2025-11-28,24,8.83,72,3,3591.78,86202.72,86224.26,Beauty,Offline,Medium Value,Silver,208,High,0
CUST101052,Lindsay Smith,Female,66,Delhi,Delhi,2023-08-05,2026-04-08,7,2.43,21,3,815.84,5710.88,5710.01,Sports,Online,Low Value,Bronze,77,Low,0
CUST101053,Robert Torres,Male,50,Kolkata,West Bengal,2021-12-16,2025-09-17,2,0.5,16,8,824.71,1649.42,1861.67,Grocery,Online,Low Value,Bronze,280,High,1
CUST101054,Maria Coleman,Male,18,Nashik,Maharashtra,2020-12-10,2026-01-01,1,0.5,7,7,1297.6,1297.6,3588.16,Home & Kitchen,Offline,Low Value,Bronze,174,Medium,1
CUST101055,Gregory King,Female,55,Mumbai,Maharashtra,2023-04-08,2026-02-22,40,12.48,320,8,2225.17,89006.8,89031.66,Fashion,Online,Medium Value,Silver,122,Medium,0
CUST101056,Michael Holloway,Female,18,Mumbai,Maharashtra,2023-01-28,2025-10-11,6,1.77,36,6,791.41,4748.46,4759.45,Home & Kitchen,Online,Low Value,Bronze,256,High,1
CUST101057,Brian Hunt,Female,24,Kochi,Kerala,2023-04-30,2026-03-13,32,10.17,288,9,1771.95,56702.4,56689.45,Sports,Online,Medium Value,Silver,103,Medium,0
CUST101058,Sarah Brooks,Female,18,Guwahati,Assam,2022-09-07,2025-10-02,28,7.39,168,6,3455.54,96755.12,96762.31,Home & Kitchen,Online,Medium Value,Silver,265,High,0
CUST101059,Lisa Evans,Male,50,Guwahati,Assam,2019-11-16,2025-08-30,16,2.42,176,11,5689.1,91025.6,90841.8,Electronics,Online,Medium Value,Silver,298,High,0
CUST101060,Arthur Mcneil,Male,31,Madurai,Tamil Nadu,2019-02-24,2025-11-20,2,0.5,12,6,3165.22,6330.44,11590.64,Beauty,Offline,Low Value,Bronze,216,High,1
CUST101061,Shannon Green,Female,23,Pune,Maharashtra,2021-04-06,2026-03-03,7,1.34,35,5,2215.55,15508.85,15468.03,Home & Kitchen,Online,Medium Value,Bronze,113,Medium,1
CUST101062,Stephanie Evans,Other,45,Nashik,Maharashtra,2020-09-05,2023-01-20,12,2.07,36,3,1568.86,18826.32,18813.95,Electronics,Online,Medium Value,Bronze,1251,High,0
CUST101063,Ralph Yoder,Female,35,Lucknow,Uttar Pradesh,2019-04-17,2026-06-02,14,1.95,112,8,8973.24,125625.36,125658.53,Grocery,Online,Medium Value,Gold,22,Low,1
CUST101064,Rebekah Greene,Male,24,Visakhapatnam,Andhra Pradesh,2022-11-01,2026-06-14,16,4.4,144,9,4729.4,75670.4,75717.01,Beauty,Offline,Medium Value,Silver,10,Low,0
CUST101065,Melanie Griffith,Male,56,Mumbai,Maharashtra,2023-06-30,2026-02-23,7,2.35,42,6,1435.9,10051.3,10051.5,Sports,Offline,Low Value,Bronze,121,Medium,0
CUST101066,Yolanda Green,Female,36,Chennai,Tamil Nadu,2019-04-25,2026-01-26,25,3.49,25,1,2447.63,61190.75,61157.91,Grocery,Online,Medium Value,Silver,149,Medium,0
CUST101067,James Johnson,Female,44,Guwahati,Assam,2020-05-22,2026-05-30,63,10.36,2583,41,13153.42,828665.46,828995.69,Beauty,Offline,High Value,Platinum,25,Low,0
CUST101068,Laura Lee,Male,30,Nagpur,Maharashtra,2019-10-25,2026-06-08,16,2.4,304,19,8689.78,139036.48,138865.18,Fashion,Online,Medium Value,Gold,16,Low,0
CUST101069,Courtney Nichols,Male,35,Jaipur,Rajasthan,2023-12-09,2026-05-21,39,15.38,507,13,3974.86,155019.54,154988.31,Sports,Online,Medium Value,Gold,34,Low,0
CUST101070,Susan Powers,Male,50,Hyderabad,Telangana,2019-06-11,2026-05-24,42,5.97,756,18,9672.04,406225.68,405973.06,Sports,Offline,High Value,Gold,31,Low,0
CUST101071,Sarah Pittman,Female,30,Nagpur,Maharashtra,2023-09-10,2026-01-17,29,10.43,29,1,5498.61,159459.69,159529.39,Fashion,Offline,Medium Value,Gold,158,Low,0
CUST101072,Catherine Davis,Female,18,Vadodara,Gujarat,2020-09-09,2026-06-18,114,19.72,2394,21,10797.42,1230905.88,1231205.64,Fashion,Online,High Value,Platinum,6,Low,0
CUST101073,David Stokes,Female,69,Surat,Gujarat,2024-03-24,2026-05-18,73,32.52,1606,22,11179.23,816083.79,816180.2,Home & Kitchen,Online,High Value,Platinum,37,Low,0
CUST101074,Catherine Frazier,Male,19,Kolkata,West Bengal,2021-12-14,2025-08-10,8,1.77,48,6,1842.32,14738.56,14739.92,Fashion,Online,Medium Value,Bronze,318,High,1
CUST101075,Brandon Kelly,Male,53,Coimbatore,Tamil Nadu,2024-03-03,2025-07-03,23,9.99,345,15,3637.92,83672.16,83680.53,Home & Kitchen,Offline,Medium Value,Silver,356,High,0
CUST101076,Elizabeth French,Male,35,Madurai,Tamil Nadu,2019-02-23,2025-11-01,22,3.0,440,20,3666.36,80659.92,80584.64,Sports,Online,Medium Value,Silver,235,High,0
CUST101077,David Carter,Female,36,Coimbatore,Tamil Nadu,2024-04-11,2025-08-19,29,13.21,290,10,4384.93,127162.97,127189.02,Sports,Offline,Medium Value,Gold,309,High,0
CUST101078,Julie Delacruz,Male,28,Bhopal,Madhya Pradesh,2021-10-16,2026-01-11,24,5.13,168,7,3125.55,75013.2,75067.11,Beauty,Offline,Medium Value,Silver,164,Medium,0
CUST101079,Terry Jones,Male,47,Madurai,Tamil Nadu,2019-02-27,2026-05-16,4,0.55,24,6,1245.91,4983.64,5012.98,Sports,Offline,Low Value,Bronze,39,Low,1
CUST101080,Kathryn Dillon,Female,29,Guwahati,Assam,2019-12-24,2025-06-09,3,0.5,15,5,1369.71,4109.13,4447.57,Electronics,Online,Low Value,Bronze,380,High,1
CUST101081,Edwin Brown,Male,29,Kolkata,West Bengal,2020-01-03,2026-06-17,82,12.68,1968,24,14368.1,1178184.2,1178170.83,Fashion,Online,High Value,Platinum,7,Low,0
CUST101082,Brenda Gonzalez,Male,29,Kanpur,Uttar Pradesh,2020-09-06,2026-05-03,13,2.25,195,15,6225.65,80933.45,81112.42,Fashion,Online,Medium Value,Silver,52,Low,0
CUST101083,Keith Knox,Female,51,Jaipur,Rajasthan,2019-01-31,2024-03-23,3,0.5,27,9,2085.87,6257.61,7706.73,Grocery,Online,Low Value,Bronze,823,High,1
CUST101084,Eugene Baldwin,Female,28,Bhopal,Madhya Pradesh,2020-11-15,2025-10-12,3,0.54,12,4,1077.25,3231.75,3256.97,Beauty,Offline,Low Value,Bronze,255,High,1
CUST101085,Katherine Welch,Male,30,Indore,Madhya Pradesh,2023-06-06,2026-05-27,22,7.23,154,7,4601.67,101236.74,101290.41,Fashion,Offline,Medium Value,Silver,28,Low,0
CUST101086,Mark Smith,Female,31,Kanpur,Uttar Pradesh,2023-07-30,2026-05-27,46,15.88,460,10,3328.27,153100.42,153096.23,Fashion,Online,Medium Value,Gold,28,Low,0
CUST101087,Philip Jackson,Male,36,Ranchi,Jharkhand,2023-07-18,2026-04-05,149,50.86,2980,20,3548.31,528698.19,528678.27,Grocery,Online,High Value,Gold,80,Low,0
CUST101088,Katherine Gallagher,Male,33,Guwahati,Assam,2021-08-18,2025-08-17,1,0.5,5,5,760.78,760.78,1842.33,Grocery,Online,Low Value,Bronze,311,High,1
CUST101089,Lucas Schultz,Female,37,Kanpur,Uttar Pradesh,2022-08-07,2025-10-02,27,6.97,540,20,4506.84,121684.68,121694.55,Fashion,Offline,Medium Value,Silver,265,High,0
CUST101090,Vincent Reyes,Female,19,Vadodara,Gujarat,2024-05-24,2025-08-12,5,2.41,35,7,1871.27,9356.35,9371.41,Beauty,Online,Low Value,Bronze,316,High,0
CUST101091,Curtis Watson,Male,51,Coimbatore,Tamil Nadu,2020-09-27,2026-05-25,29,5.06,261,9,4913.98,142505.42,142551.03,Home & Kitchen,Online,Medium Value,Gold,30,Low,0
CUST101092,Frank Whitaker,Male,21,Mumbai,Maharashtra,2024-01-01,2025-12-22,30,12.13,420,14,5250.26,157507.8,157448.72,Grocery,Offline,Medium Value,Gold,184,High,0
CUST101093,Michael Sims,Male,44,Mumbai,Maharashtra,2019-03-03,2025-05-13,35,4.79,420,12,3096.41,108374.35,108340.19,Grocery,Online,Medium Value,Silver,407,High,0
CUST101094,Michael Cooper,Female,27,Coimbatore,Tamil Nadu,2019-09-11,2026-01-13,25,3.69,200,8,3001.47,75036.75,75079.4,Home & Kitchen,Online,Medium Value,Silver,162,Medium,0
CUST101095,James Chapman,Female,31,Mumbai,Maharashtra,2021-02-14,2026-03-06,49,9.16,1225,25,14002.74,686134.26,686187.55,Grocery,Online,High Value,Platinum,110,Medium,0
CUST101096,Rodney Evans,Male,43,Madurai,Tamil Nadu,2024-02-21,2026-03-08,28,12.0,616,22,4128.32,115592.96,115559.05,Beauty,Online,Medium Value,Silver,108,Medium,0
CUST101097,Nicholas Carlson,Female,46,Bengaluru,Karnataka,2021-11-21,2026-04-21,52,11.35,1456,28,9561.87,497217.24,497397.87,Electronics,Online,High Value,Gold,64,Low,0
CUST101098,Stephen Cowan,Male,39,Chandigarh,Chandigarh,2022-10-07,2026-05-29,8,2.16,32,4,1236.84,9894.72,9903.66,Grocery,Offline,Low Value,Bronze,26,Low,0
CUST101099,Steven Howard,Male,46,Coimbatore,Tamil Nadu,2022-05-10,2026-05-10,25,6.07,525,21,7445.96,186149.0,186108.84,Beauty,Online,Medium Value,Gold,45,Low,0
CUST101100,Travis Hull,Male,42,Chandigarh,Chandigarh,2024-02-11,2026-06-18,92,38.98,3036,33,6077.56,559135.52,559098.25,Home & Kitchen,Online,High Value,Gold,6,Low,0
CUST101101,Darryl Acosta,Female,55,Chandigarh,Chandigarh,2024-02-28,2026-05-25,8,3.46,48,6,943.15,7545.2,7549.59,Beauty,Offline,Low Value,Bronze,30,Low,0
CUST101102,Nicholas Lawrence,Female,28,Jaipur,Rajasthan,2023-12-26,2026-05-30,8,3.21,48,6,1385.7,11085.6,11070.01,Home & Kitchen,Online,Low Value,Bronze,25,Low,0
CUST101103,Jacob Santos,Female,43,Coimbatore,Tamil Nadu,2023-06-22,2025-10-22,5,1.67,40,8,2145.7,10728.5,10752.41,Fashion,Online,Low Value,Bronze,245,High,1
CUST101104,Shawn Scott,Female,30,Delhi,Delhi,2021-04-14,2025-03-13,3,0.58,6,2,1274.26,3822.78,3834.47,Electronics,Online,Low Value,Bronze,468,High,1
CUST101105,Amber Vang,Female,24,Chandigarh,Chandigarh,2019-11-15,2026-01-05,45,6.82,765,17,8371.36,376711.2,376866.37,Electronics,Online,High Value,Gold,170,Low,0
CUST101106,Martha Smith,Female,36,Kochi,Kerala,2020-07-02,2025-12-06,19,3.18,304,16,3317.52,63032.88,62995.0,Home & Kitchen,Offline,Medium Value,Silver,200,High,0
CUST101107,Jennifer James,Male,25,Visakhapatnam,Andhra Pradesh,2019-01-19,2025-05-27,3,0.5,12,4,1977.8,5933.4,7339.93,Sports,Online,Low Value,Bronze,393,High,1
CUST101108,Kara Hernandez,Male,36,Jaipur,Rajasthan,2019-05-27,2026-04-17,14,1.98,70,5,4180.13,58521.82,58531.43,Grocery,Online,Medium Value,Silver,68,Low,1
CUST101109,Lorraine Turner,Female,18,Lucknow,Uttar Pradesh,2019-07-02,2026-05-31,141,20.22,4935,35,4989.51,703520.91,703522.14,Grocery,Online,High Value,Platinum,24,Low,0
CUST101110,Mary Nelson,Female,31,Visakhapatnam,Andhra Pradesh,2022-11-23,2026-02-22,18,5.03,72,4,249.39,4489.02,4488.82,Sports,Online,Low Value,Bronze,122,Medium,0
CUST101111,Breanna Rivas,Male,25,Coimbatore,Tamil Nadu,2022-11-14,2026-04-11,12,3.33,120,10,4029.84,48358.08,48350.14,Grocery,Online,Medium Value,Silver,74,Low,0
CUST101112,Nathan Wilson,Male,59,Kochi,Kerala,2019-09-14,2026-06-10,75,11.08,1125,15,4728.75,354656.25,354748.04,Electronics,Online,High Value,Gold,14,Low,0
CUST101113,Brian Gonzalez,Female,26,Bengaluru,Karnataka,2022-09-03,2025-09-19,18,4.74,180,10,3358.5,60453.0,60495.48,Electronics,Online,Medium Value,Silver,278,High,0
CUST101114,Dennis Mills,Male,28,Lucknow,Uttar Pradesh,2023-06-03,2025-11-20,23,7.53,437,19,2767.49,63652.27,63615.9,Beauty,Offline,Medium Value,Silver,216,High,0
CUST101115,Michael Phillips,Female,24,Nashik,Maharashtra,2024-01-02,2025-12-02,30,12.15,30,1,4158.03,124740.9,124761.39,Sports,Online,Medium Value,Gold,204,High,0
CUST101116,Jon Clark,Male,37,Guwahati,Assam,2024-05-07,2026-03-23,162,76.25,2268,14,8559.27,1386601.74,1386590.02,Sports,Online,High Value,Platinum,93,Medium,0
CUST101117,Erin Smith,Male,47,Bengaluru,Karnataka,2021-12-27,2025-10-25,8,1.78,64,8,1034.34,8274.72,8256.71,Fashion,Online,Low Value,Bronze,242,High,1
CUST101118,Susan Conley,Male,34,Delhi,Delhi,2022-08-24,2026-05-23,5,1.31,20,4,2217.32,11086.6,11117.74,Sports,Online,Low Value,Bronze,32,Low,1
CUST101119,Brittany Davis,Female,49,Chennai,Tamil Nadu,2020-05-18,2026-04-25,110,18.05,1540,14,5472.22,601944.2,601971.17,Home & Kitchen,Online,High Value,Gold,60,Low,0
CUST101120,Misty Garcia,Male,42,Pune,Maharashtra,2024-04-17,2026-03-22,15,6.88,105,7,978.38,14675.7,14669.62,Beauty,Online,Medium Value,Bronze,94,Medium,0
CUST101121,David Hinton,Male,35,Madurai,Tamil Nadu,2023-09-10,2026-06-04,5,1.8,50,10,851.84,4259.2,4265.15,Home & Kitchen,Offline,Low Value,Bronze,20,Low,1
CUST101122,John Garcia,Male,45,Kolkata,West Bengal,2023-04-29,2026-05-06,1,0.5,10,10,200.0,200.0,314.85,Electronics,Online,Low Value,Bronze,49,Low,1
CUST101123,Andrew Roberts,Female,27,Pune,Maharashtra,2019-01-08,2026-03-20,6,0.81,36,6,1502.37,9014.22,9069.01,Electronics,Offline,Low Value,Bronze,96,Medium,1
CUST101124,Emily Rodgers,Female,24,Coimbatore,Tamil Nadu,2019-02-25,2025-12-27,26,3.55,182,7,2344.68,60961.68,60937.29,Sports,Offline,Medium Value,Silver,179,Medium,0
CUST101125,Peter Williams,Female,33,Surat,Gujarat,2021-03-22,2025-12-13,8,1.52,80,10,8555.64,68445.12,68289.58,Grocery,Offline,Medium Value,Silver,193,High,1
CUST101126,Mary Jackson,Female,32,Chennai,Tamil Nadu,2024-05-31,2026-06-07,57,27.69,1881,33,12397.85,706677.45,706800.66,Beauty,Online,High Value,Platinum,17,Low,0
CUST101127,Jeffrey Howell,Female,44,Pune,Maharashtra,2019-12-15,2025-10-06,16,2.45,64,4,4632.35,74117.6,73983.8,Home & Kitchen,Online,Medium Value,Silver,261,High,0
CUST101128,Anna Briggs,Male,43,Mumbai,Maharashtra,2022-08-25,2025-11-23,36,9.41,360,10,2310.05,83161.8,83141.37,Home & Kitchen,Offline,Medium Value,Silver,213,High,0
CUST101129,James Rivers,Male,18,Madurai,Tamil Nadu,2019-06-12,2026-02-11,22,3.13,462,21,3265.48,71840.56,71833.5,Fashion,Online,Medium Value,Silver,133,Medium,0
CUST101130,James Jefferson,Male,23,Coimbatore,Tamil Nadu,2022-09-27,2025-06-22,4,1.07,12,3,1091.25,4365.0,4360.46,Home & Kitchen,Offline,Low Value,Bronze,367,High,1
CUST101131,Mariah Robles,Female,46,Delhi,Delhi,2020-08-23,2026-04-10,37,6.35,74,2,3176.96,117547.52,117590.14,Beauty,Online,Medium Value,Silver,75,Low,0
CUST101132,Michael Brown,Female,34,Kochi,Kerala,2020-03-14,2026-06-01,50,7.97,1600,32,3620.58,181029.0,180996.98,Grocery,Online,Medium Value,Gold,23,Low,0
CUST101133,Caitlin Perry,Female,35,Indore,Madhya Pradesh,2020-01-21,2025-10-19,21,3.27,189,9,3662.07,76903.47,76849.63,Fashion,Online,Medium Value,Silver,248,High,0
CUST101134,Rebekah Gregory,Female,62,Ranchi,Jharkhand,2023-12-15,2026-04-02,20,7.94,20,1,3131.65,62633.0,62631.29,Home & Kitchen,Online,Medium Value,Silver,83,Low,0
CUST101135,James Howard,Male,38,Ahmedabad,Gujarat,2019-07-05,2026-05-24,72,10.34,1944,27,9163.94,659803.68,659978.3,Beauty,Online,High Value,Gold,31,Low,0
CUST101136,Michael Roberson,Male,44,Chandigarh,Chandigarh,2022-12-26,2023-02-07,1,0.5,2,2,2505.71,2505.71,4369.99,Sports,Online,Low Value,Bronze,1233,High,1
CUST101137,Bianca Knapp,Male,34,Coimbatore,Tamil Nadu,2020-09-12,2025-12-29,15,2.6,150,10,2810.91,42163.65,42199.44,Grocery,Offline,Medium Value,Silver,177,Medium,0
CUST101138,Jason Williams,Male,48,Chandigarh,Chandigarh,2019-08-02,2025-10-17,24,3.48,216,9,4841.34,116192.16,116055.37,Home & Kitchen,Online,Medium Value,Silver,250,High,0
CUST101139,Ernest Bush,Male,28,Ahmedabad,Gujarat,2020-08-21,2025-10-08,19,3.26,266,14,5805.54,110305.26,110421.45,Fashion,Online,Medium Value,Silver,259,High,0
CUST101140,Patricia Ray,Female,42,Guwahati,Assam,2022-11-15,2024-11-25,6,1.67,48,8,2953.98,17723.88,17760.68,Home & Kitchen,Online,Medium Value,Bronze,576,High,1
CUST101141,Vanessa Santiago,Male,29,Hyderabad,Telangana,2021-01-25,2025-12-24,20,3.7,320,16,3627.52,72550.4,72538.48,Grocery,Online,Medium Value,Silver,182,High,0
CUST101142,Joseph Haynes,Male,52,Jaipur,Rajasthan,2023-01-26,2026-01-23,11,3.23,275,25,3745.15,41196.65,41167.32,Fashion,Online,Medium Value,Silver,152,Medium,0
CUST101143,Matthew Wright,Female,35,Bhopal,Madhya Pradesh,2021-03-11,2026-01-28,12,2.27,84,7,3914.75,46977.0,46932.31,Beauty,Online,Medium Value,Silver,147,Medium,0
CUST101144,Michael Cruz,Male,25,Madurai,Tamil Nadu,2020-08-31,2026-05-10,11,1.89,33,3,200.0,2200.0,2195.04,Beauty,Offline,Low Value,Bronze,45,Low,1
CUST101145,Kristin Huerta,Male,44,Pune,Maharashtra,2023-08-31,2025-09-19,5,1.78,30,6,1877.72,9388.6,9388.75,Fashion,Offline,Low Value,Bronze,278,High,1
CUST101146,Mason Moore,Female,63,Surat,Gujarat,2023-03-19,2026-05-29,8,2.45,64,8,1218.84,9750.72,9737.21,Home & Kitchen,Online,Low Value,Bronze,26,Low,0
CUST101147,Sarah Booth,Male,39,Jaipur,Rajasthan,2022-05-10,2026-01-15,8,1.94,112,14,4310.71,34485.68,34435.64,Beauty,Online,Medium Value,Silver,160,Medium,1
CUST101148,John Allen,Female,46,Guwahati,Assam,2023-02-02,2026-04-23,3,0.89,21,7,3003.84,9011.52,9046.8,Electronics,Offline,Low Value,Bronze,62,Low,1
CUST101149,Amber Walker,Male,37,Visakhapatnam,Andhra Pradesh,2024-01-02,2025-05-17,2,0.81,18,9,1214.02,2428.04,2428.44,Grocery,Online,Low Value,Bronze,403,High,1
CUST101150,Jennifer Young,Male,25,Kanpur,Uttar Pradesh,2021-10-31,2025-01-06,3,0.65,15,5,726.84,2180.52,2192.46,Electronics,Online,Low Value,Bronze,534,High,1
CUST101151,Robert West,Male,53,Jaipur,Rajasthan,2023-12-17,2025-06-16,7,2.79,42,6,200.0,1400.0,1402.45,Home & Kitchen,Offline,Low Value,Bronze,373,High,0
CUST101152,Jillian Wilson,Male,20,Coimbatore,Tamil Nadu,2021-09-17,2026-05-25,60,12.6,360,6,1524.69,91481.4,91466.37,Fashion,Online,Medium Value,Silver,30,Low,0
CUST101153,Matthew Garcia MD,Male,38,Patna,Bihar,2020-06-14,2026-05-13,24,3.99,24,1,1877.34,45056.16,45097.33,Fashion,Online,Medium Value,Silver,42,Low,0
CUST101154,April Davis,Female,53,Patna,Bihar,2023-12-30,2024-07-26,29,11.7,174,6,3465.37,100495.73,100460.15,Sports,Offline,Medium Value,Silver,698,High,0
CUST101155,Lisa Torres,Female,48,Kochi,Kerala,2022-05-20,2025-10-13,8,1.96,72,9,1568.61,12548.88,12575.68,Home & Kitchen,Online,Low Value,Bronze,254,High,1
CUST101156,Christine Powers,Female,51,Delhi,Delhi,2023-02-14,2025-12-25,40,11.94,1120,28,11963.62,478544.8,478694.16,Grocery,Offline,High Value,Gold,181,High,0
CUST101157,Heidi Brown,Female,49,Madurai,Tamil Nadu,2019-09-10,2025-08-19,4,0.59,20,5,1402.95,5611.8,5613.45,Sports,Offline,Low Value,Bronze,309,High,1
CUST101158,Jesse Castro,Female,53,Kanpur,Uttar Pradesh,2022-04-24,2026-04-19,4,0.96,12,3,1481.86,5927.44,5920.14,Sports,Online,Low Value,Bronze,66,Low,1
CUST101159,Kara Sandoval,Male,37,Kolkata,West Bengal,2020-03-22,2026-06-06,102,16.32,1836,18,1996.17,203609.34,203626.06,Beauty,Online,Medium Value,Gold,18,Low,0
CUST101160,Ashley Malone,Female,31,Coimbatore,Tamil Nadu,2021-10-13,2025-11-01,3,0.64,30,10,1332.55,3997.65,3999.73,Sports,Online,Low Value,Bronze,235,High,1
CUST101161,Glenn Gallegos,Female,18,Mumbai,Maharashtra,2021-12-12,2026-05-03,45,9.94,1080,24,5761.73,259277.85,259192.19,Sports,Offline,High Value,Gold,52,Low,0
CUST101162,Dorothy Boyd,Female,60,Chandigarh,Chandigarh,2019-05-14,2026-05-01,30,4.22,510,17,1785.0,53550.0,53538.37,Home & Kitchen,Offline,Medium Value,Silver,54,Low,0
CUST101163,Amber Martin,Female,49,Chennai,Tamil Nadu,2024-04-10,2025-02-04,3,1.36,9,3,552.81,1658.43,1652.88,Home & Kitchen,Online,Low Value,Bronze,505,High,1
CUST101164,Mitchell Griffith,Male,41,Jaipur,Rajasthan,2020-06-11,2026-06-16,63,10.45,882,14,6929.87,436581.81,436584.66,Fashion,Online,High Value,Gold,8,Low,0
CUST101165,Levi Lopez,Male,54,Jaipur,Rajasthan,2019-10-30,2026-05-29,6,0.9,6,1,1559.77,9358.62,9327.87,Beauty,Offline,Low Value,Bronze,26,Low,1
CUST101166,Jenna Bryant,Female,19,Delhi,Delhi,2021-10-14,2024-08-06,11,2.35,66,6,1010.42,11114.62,11129.7,Electronics,Online,Low Value,Bronze,687,High,0
CUST101167,Michelle Rodriguez,Male,41,Kochi,Kerala,2022-08-08,2026-02-22,27,6.97,351,13,7370.56,199005.12,198880.61,Grocery,Online,Medium Value,Gold,122,Low,0
CUST101168,Timothy Monroe,Male,25,Pune,Maharashtra,2023-07-28,2026-06-04,78,26.88,1014,13,4685.47,365466.66,365508.99,Beauty,Online,High Value,Gold,20,Low,0
CUST101169,Patricia Hayes,Female,40,Madurai,Tamil Nadu,2023-06-12,2026-05-14,21,6.94,294,14,3412.97,71672.37,71722.74,Sports,Offline,Medium Value,Silver,41,Low,0
CUST101170,Tina Taylor,Female,32,Nagpur,Maharashtra,2022-10-19,2026-04-15,14,3.81,308,22,1817.5,25445.0,25442.61,Electronics,Offline,Medium Value,Bronze,70,Low,0
CUST101171,Mr. Anthony Mcconnell PhD,Male,46,Nashik,Maharashtra,2019-12-13,2025-03-14,3,0.5,15,5,239.87,719.61,782.49,Electronics,Online,Low Value,Bronze,467,High,1
CUST101172,Mr. Thomas Thompson,Female,34,Patna,Bihar,2019-10-12,2026-03-20,19,2.84,38,2,5308.68,100864.92,100923.78,Electronics,Online,Medium Value,Silver,96,Medium,0
CUST101173,Monica Anderson,Female,32,Bengaluru,Karnataka,2019-01-24,2026-05-29,22,2.97,264,12,5550.04,122100.88,122120.94,Grocery,Online,Medium Value,Silver,26,Low,0
CUST101174,Kyle Andrade,Female,18,Chandigarh,Chandigarh,2019-06-11,2026-06-06,19,2.7,171,9,2546.37,48381.03,48338.15,Electronics,Online,Medium Value,Silver,18,Low,0
CUST101175,Janice Petty,Male,36,Delhi,Delhi,2019-11-14,2026-01-14,14,2.12,84,6,490.11,6861.54,6861.46,Sports,Online,Low Value,Bronze,161,Medium,0
CUST101176,Pamela Hill,Male,30,Coimbatore,Tamil Nadu,2022-07-31,2025-11-07,6,1.54,6,1,732.28,4393.68,4390.43,Fashion,Online,Low Value,Bronze,229,High,1
CUST101177,Tracy Chavez,Female,52,Bhopal,Madhya Pradesh,2020-09-01,2026-02-02,73,12.58,1971,27,9807.16,715922.68,716093.18,Home & Kitchen,Online,High Value,Platinum,142,Medium,0
CUST101178,Jason Graves,Male,48,Pune,Maharashtra,2020-10-22,2026-03-09,4,0.71,32,8,409.73,1638.92,1647.88,Beauty,Offline,Low Value,Bronze,107,Medium,1
CUST101179,Elizabeth Miles,Male,66,Kochi,Kerala,2023-03-22,2025-11-11,34,10.45,170,5,5026.09,170887.06,170833.39,Electronics,Offline,Medium Value,Gold,225,High,0
CUST101180,Michelle Walls,Male,38,Surat,Gujarat,2023-12-28,2025-11-10,10,4.03,10,1,419.32,4193.2,4196.31,Grocery,Online,Low Value,Bronze,226,High,0
CUST101181,Christina Weber,Male,37,Vadodara,Gujarat,2019-05-09,2026-01-29,37,5.2,592,16,2619.86,96934.82,97013.36,Electronics,Online,Medium Value,Silver,146,Medium,0
CUST101182,Gregory Chambers,Female,41,Kolkata,West Bengal,2023-08-10,2025-10-14,14,4.88,28,2,608.37,8517.18,8510.28,Home & Kitchen,Online,Low Value,Bronze,253,High,0
CUST101183,Miss Tina Gordon,Female,32,Bengaluru,Karnataka,2019-02-26,2026-06-20,1,0.5,9,9,959.68,959.68,3511.6,Grocery,Online,Low Value,Bronze,4,Low,1
CUST101184,Erica Wilson,Male,29,Madurai,Tamil Nadu,2022-04-02,2026-06-09,55,13.03,1155,21,10826.42,595453.1,595557.14,Fashion,Online,High Value,Gold,15,Low,0
CUST101185,John Duncan,Female,28,Mumbai,Maharashtra,2019-02-04,2026-05-04,12,1.63,60,5,1521.47,18257.64,18298.67,Electronics,Online,Medium Value,Bronze,51,Low,1
CUST101186,Jennifer Adkins,Male,29,Lucknow,Uttar Pradesh,2020-03-28,2026-05-22,31,4.97,279,9,6591.77,204344.87,204235.5,Electronics,Online,Medium Value,Gold,33,Low,0
CUST101187,Donna Boone,Female,42,Kanpur,Uttar Pradesh,2021-09-10,2026-01-13,73,15.27,1606,22,8211.77,599459.21,599418.07,Grocery,Online,High Value,Gold,162,Low,0
CUST101188,Kelly Johnson,Female,44,Indore,Madhya Pradesh,2019-08-04,2025-07-17,28,4.07,448,16,3630.84,101663.52,101713.02,Electronics,Online,Medium Value,Silver,342,High,0
CUST101189,Michael Gonzalez,Male,50,Ranchi,Jharkhand,2021-08-19,2024-12-14,2,0.5,6,3,1546.92,3093.84,3743.95,Beauty,Offline,Low Value,Bronze,557,High,1
CUST101190,Candace Mitchell,Female,40,Bengaluru,Karnataka,2021-02-02,2026-05-05,60,11.15,540,9,8919.62,535177.2,535321.28,Home & Kitchen,Online,High Value,Gold,50,Low,0
CUST101191,Ryan Vaughn,Male,31,Ranchi,Jharkhand,2023-05-13,2026-05-30,27,8.68,297,11,4257.68,114957.36,114942.56,Home & Kitchen,Offline,Medium Value,Silver,25,Low,0
CUST101192,Paul Johnson,Female,36,Ranchi,Jharkhand,2024-05-21,2026-05-31,14,6.71,196,14,3173.47,44428.58,44424.41,Beauty,Offline,Medium Value,Silver,24,Low,0
CUST101193,Ashley Parrish,Male,49,Delhi,Delhi,2021-08-03,2026-04-03,14,2.87,210,15,4827.55,67585.7,67672.67,Beauty,Offline,Medium Value,Silver,82,Low,0
CUST101194,Sharon Newton,Female,41,Surat,Gujarat,2021-11-08,2026-05-16,67,14.51,1139,17,8904.42,596596.14,596757.53,Electronics,Online,High Value,Gold,39,Low,0
CUST101195,Cynthia Mueller,Female,46,Chennai,Tamil Nadu,2022-02-21,2025-10-10,4,0.92,36,9,744.88,2979.52,2968.18,Beauty,Offline,Low Value,Bronze,257,High,1
CUST101196,Donna Beck,Male,22,Nagpur,Maharashtra,2020-10-05,2025-09-03,14,2.45,182,13,453.26,6345.64,6342.17,Beauty,Online,Low Value,Bronze,294,High,0
CUST101197,Jasmine Frye,Male,40,Ahmedabad,Gujarat,2023-11-28,2026-02-07,1,0.5,5,5,200.0,200.0,256.54,Home & Kitchen,Offline,Low Value,Bronze,137,Medium,1
CUST101198,Emily Arnold,Female,39,Surat,Gujarat,2019-12-16,2022-02-17,15,2.3,135,9,1159.97,17399.55,17384.46,Home & Kitchen,Offline,Medium Value,Bronze,1588,High,0
CUST101199,David Oliver,Male,41,Patna,Bihar,2020-09-09,2026-02-14,20,3.46,400,20,200.0,4000.0,4001.38,Electronics,Offline,Low Value,Bronze,130,Medium,0
CUST101200,Sheila Greer,Male,38,Chennai,Tamil Nadu,2020-06-30,2025-06-16,1,0.5,2,2,998.65,998.65,2984.33,Beauty,Online,Low Value,Bronze,373,High,1
CUST101201,Michele Holland,Male,36,Vadodara,Gujarat,2023-08-21,2026-06-22,96,33.85,2304,24,6996.24,671639.04,671727.15,Electronics,Offline,High Value,Gold,2,Low,0
CUST101202,Kimberly Morrison,Male,26,Kanpur,Uttar Pradesh,2019-06-15,2025-12-01,126,17.95,3654,29,11720.7,1476808.2,1476882.01,Electronics,Offline,High Value,Platinum,205,High,0
CUST101203,Tracey Phillips,Male,50,Delhi,Delhi,2019-05-16,2026-01-12,49,6.9,392,8,5800.53,284225.97,284247.41,Electronics,Online,High Value,Gold,163,Low,0
CUST101204,Michael Lopez,Male,34,Patna,Bihar,2020-06-07,2024-12-24,15,2.48,90,6,6110.61,91659.15,91527.49,Electronics,Offline,Medium Value,Silver,547,High,0
CUST101205,Jose Bennett,Male,24,Guwahati,Assam,2020-01-10,2026-02-11,8,1.24,72,9,1387.39,11099.12,11092.28,Grocery,Offline,Low Value,Bronze,133,Medium,1
CUST101206,Justin Anderson,Male,48,Surat,Gujarat,2023-10-23,2026-05-15,26,9.76,572,22,1972.94,51296.44,51296.33,Grocery,Offline,Medium Value,Silver,40,Low,0
CUST101207,Dawn Rivera,Male,30,Guwahati,Assam,2023-01-17,2025-12-06,12,3.5,240,20,3970.93,47651.16,47640.29,Fashion,Online,Medium Value,Silver,200,High,0
CUST101208,Brittney Hernandez,Female,40,Nashik,Maharashtra,2022-04-03,2026-05-30,30,7.11,240,8,3143.32,94299.6,94291.08,Home & Kitchen,Online,Medium Value,Silver,25,Low,0
CUST101209,Anthony Randolph,Male,36,Surat,Gujarat,2019-01-31,2023-11-27,9,1.22,18,2,492.94,4436.46,4443.92,Sports,Online,Low Value,Bronze,940,High,1
CUST101210,Mary Henry,Female,39,Lucknow,Uttar Pradesh,2022-11-03,2026-04-05,34,9.36,170,5,200.0,6800.0,6801.22,Fashion,Online,Low Value,Bronze,80,Low,0
CUST101211,Heather Bowers,Male,28,Guwahati,Assam,2023-06-19,2026-05-28,22,7.31,352,16,3845.46,84600.12,84581.06,Grocery,Online,Medium Value,Silver,27,Low,0
CUST101212,Daniel White,Male,63,Hyderabad,Telangana,2023-03-06,2025-12-24,104,31.55,3120,30,7343.16,763688.64,763692.66,Sports,Offline,High Value,Platinum,182,High,0
CUST101213,Jonathan Perry,Male,26,Chennai,Tamil Nadu,2020-11-23,2025-12-25,4,0.72,12,3,200.0,800.0,803.09,Sports,Offline,Low Value,Bronze,181,High,1
CUST101214,Anna Walker,Male,42,Ahmedabad,Gujarat,2020-05-15,2026-01-14,33,5.41,792,24,200.0,6600.0,6603.09,Grocery,Online,Low Value,Bronze,161,Medium,0
CUST101215,Gary Ward,Female,43,Hyderabad,Telangana,2019-08-02,2025-10-27,13,1.89,234,18,2207.83,28701.79,28744.04,Home & Kitchen,Offline,Medium Value,Bronze,240,High,1
CUST101216,Paul Moreno,Male,34,Guwahati,Assam,2024-02-11,2026-05-31,119,50.42,2023,17,5694.79,677680.01,677637.76,Beauty,Online,High Value,Gold,24,Low,0
CUST101217,Samantha Zavala MD,Female,29,Kanpur,Uttar Pradesh,2023-10-28,2025-02-25,25,9.43,175,7,200.0,5000.0,4998.35,Electronics,Online,Low Value,Bronze,484,High,0
CUST101218,Jill Conway,Female,38,Kolkata,West Bengal,2019-05-10,2026-06-03,33,4.64,33,1,5961.39,196725.87,196901.33,Fashion,Offline,Medium Value,Gold,21,Low,0
CUST101219,Lisa Haley,Male,36,Nagpur,Maharashtra,2021-09-11,2026-05-30,29,6.07,522,18,2600.15,75404.35,75403.64,Fashion,Online,Medium Value,Silver,25,Low,0
CUST101220,Erica Moon,Female,18,Guwahati,Assam,2019-07-24,2024-02-21,17,2.46,85,5,1341.79,22810.43,22818.7,Electronics,Online,Medium Value,Bronze,854,High,0
CUST101221,Janice Fernandez,Male,47,Indore,Madhya Pradesh,2024-01-23,2026-03-08,83,34.41,1328,16,8677.13,720201.79,720188.96,Fashion,Offline,High Value,Platinum,108,Medium,0
CUST101222,Thomas Short,Female,24,Bhopal,Madhya Pradesh,2022-03-08,2026-05-19,16,3.73,208,13,3574.39,57190.24,57199.15,Beauty,Online,Medium Value,Silver,36,Low,0
CUST101223,Robert Griffin,Female,44,Vadodara,Gujarat,2019-10-20,2026-02-01,4,0.6,16,4,1371.33,5485.32,5489.83,Sports,Online,Low Value,Bronze,143,Medium,1
CUST101224,Steven Lee,Male,41,Coimbatore,Tamil Nadu,2022-01-09,2026-06-09,41,9.22,779,19,719.98,29519.18,29533.47,Home & Kitchen,Online,Medium Value,Bronze,15,Low,0
CUST101225,Tiffany Jackson,Female,56,Mumbai,Maharashtra,2022-08-02,2026-06-09,18,4.63,162,9,2516.79,45302.22,45302.91,Electronics,Online,Medium Value,Silver,15,Low,0
CUST101226,Kimberly Smith,Female,25,Vadodara,Gujarat,2022-08-01,2025-11-26,31,7.97,403,13,2648.3,82097.3,82116.3,Beauty,Offline,Medium Value,Silver,210,High,0
CUST101227,Michael Ayala,Male,47,Kolkata,West Bengal,2019-12-02,2025-11-17,33,5.03,198,6,7470.42,246523.86,246290.08,Fashion,Online,High Value,Gold,219,High,0
CUST101228,Jessica Garcia,Male,45,Chandigarh,Chandigarh,2022-01-03,2026-05-02,6,1.34,6,1,1241.48,7448.88,7428.62,Home & Kitchen,Online,Low Value,Bronze,53,Low,1
CUST101229,Michele Cherry,Female,32,Chennai,Tamil Nadu,2022-07-24,2025-12-27,24,6.13,384,16,1415.72,33977.28,33953.13,Fashion,Online,Medium Value,Bronze,179,Medium,0
CUST101230,Maria Case,Female,42,Vadodara,Gujarat,2021-12-12,2024-12-13,4,0.88,12,3,907.4,3629.6,3613.8,Electronics,Online,Low Value,Bronze,558,High,1
CUST101231,Brittany Stevens,Male,48,Bhopal,Madhya Pradesh,2020-05-19,2025-12-23,20,3.28,300,15,858.01,17160.2,17143.76,Electronics,Online,Medium Value,Bronze,183,High,0
CUST101232,Brandon Brown,Other,51,Indore,Madhya Pradesh,2022-07-05,2023-12-30,29,7.32,203,7,2807.19,81408.51,81463.16,Sports,Offline,Medium Value,Silver,907,High,0
CUST101233,Kristin Andrews,Female,28,Jaipur,Rajasthan,2024-05-28,2026-04-15,59,28.54,2065,35,4971.56,293322.04,293294.14,Home & Kitchen,Online,High Value,Gold,70,Low,0
CUST101234,David Hughes,Male,30,Surat,Gujarat,2023-07-13,2026-05-13,44,14.95,968,22,7518.22,330801.68,330806.83,Beauty,Offline,High Value,Gold,42,Low,0
CUST101235,Jessica Smith,Female,37,Bengaluru,Karnataka,2022-11-04,2026-04-23,42,11.57,420,10,1547.5,64995.0,65000.59,Sports,Online,Medium Value,Silver,62,Low,0
CUST101236,Kimberly May,Male,36,Lucknow,Uttar Pradesh,2019-01-19,2023-04-09,5,0.67,30,6,232.6,1163.0,1156.71,Sports,Online,Low Value,Bronze,1172,High,1
CUST101237,Nicole Richards,Male,46,Nashik,Maharashtra,2023-01-01,2025-07-08,20,5.76,200,10,4582.59,91651.8,91635.24,Sports,Online,Medium Value,Silver,351,High,0
CUST101238,Angel Reilly,Male,59,Madurai,Tamil Nadu,2022-04-19,2024-11-26,6,1.44,54,9,1061.9,6371.4,6384.48,Grocery,Offline,Low Value,Bronze,575,High,1
CUST101239,Richard Turner,Female,18,Mumbai,Maharashtra,2023-04-04,2026-04-22,74,23.0,2590,35,12379.41,916076.34,915957.71,Home & Kitchen,Offline,High Value,Platinum,63,Low,0
CUST101240,Preston Kim,Male,26,Kolkata,West Bengal,2021-11-02,2026-02-22,3,0.65,24,8,1037.0,3111.0,3124.34,Fashion,Online,Low Value,Bronze,122,Medium,1
CUST101241,Matthew Wells,Male,28,Kochi,Kerala,2020-02-13,2024-12-03,7,1.1,14,2,1113.69,7795.83,7784.7,Electronics,Offline,Low Value,Bronze,568,High,1
CUST101242,Brandy Myers,Male,32,Patna,Bihar,2023-11-19,2026-04-03,5,1.93,45,9,1762.3,8811.5,8809.23,Beauty,Online,Low Value,Bronze,82,Low,1
CUST101243,Kimberly Choi,Male,45,Kanpur,Uttar Pradesh,2022-07-11,2025-08-18,8,2.03,24,3,337.7,2701.6,2706.46,Grocery,Online,Low Value,Bronze,310,High,0
CUST101244,Michael Sloan,Male,50,Kolkata,West Bengal,2020-10-24,2026-03-17,6,1.06,48,8,1241.13,7446.78,7445.15,Grocery,Offline,Low Value,Bronze,99,Medium,1
CUST101245,Monica Brooks,Male,58,Bengaluru,Karnataka,2019-12-13,2026-03-28,19,2.91,19,1,4253.14,80809.66,80748.88,Home & Kitchen,Online,Medium Value,Silver,88,Low,0
CUST101246,Kristen Peters,Male,35,Chennai,Tamil Nadu,2019-10-13,2026-06-02,70,10.46,1400,20,11114.16,777991.2,777892.0,Sports,Offline,High Value,Platinum,22,Low,0
CUST101247,Aaron Carlson,Female,33,Indore,Madhya Pradesh,2022-12-09,2026-03-08,183,51.77,4392,24,10661.52,1951058.16,1950892.36,Fashion,Online,High Value,Platinum,108,Medium,0
CUST101248,Theresa Torres,Female,38,Kolkata,West Bengal,2021-03-09,2026-04-25,1,0.5,2,2,616.09,616.09,1628.57,Beauty,Offline,Low Value,Bronze,60,Low,1
CUST101249,Stephanie Cooper,Male,34,Nagpur,Maharashtra,2021-09-01,2026-03-02,22,4.58,418,19,3765.46,82840.12,82864.86,Grocery,Online,Medium Value,Silver,114,Medium,0
CUST101250,Matthew Hunt,Male,65,Madurai,Tamil Nadu,2023-12-27,2025-08-02,8,3.22,40,5,1385.18,11081.44,11088.11,Grocery,Online,Low Value,Bronze,326,High,0
CUST101251,Daniel Davenport,Male,32,Kolkata,West Bengal,2023-06-10,2026-01-29,25,8.24,350,14,4674.91,116872.75,116855.73,Electronics,Offline,Medium Value,Silver,146,Medium,0
CUST101252,Christopher Marsh,Male,29,Mumbai,Maharashtra,2023-08-14,2026-02-28,94,32.92,3384,36,10757.94,1011246.36,1011307.03,Home & Kitchen,Online,High Value,Platinum,116,Medium,0
CUST101253,Sarah Randolph,Female,19,Madurai,Tamil Nadu,2022-09-06,2026-05-24,90,23.73,2520,28,10756.31,968067.9,967877.95,Electronics,Online,High Value,Platinum,31,Low,0
CUST101254,Julia Dunn MD,Male,53,Pune,Maharashtra,2021-08-12,2025-06-05,20,4.12,180,9,2833.6,56672.0,56734.06,Sports,Online,Medium Value,Silver,384,High,0
CUST101255,Brett Swanson,Female,36,Guwahati,Assam,2021-05-20,2025-07-28,19,3.73,114,6,7262.62,137989.78,137876.84,Electronics,Online,Medium Value,Gold,331,High,0
CUST101256,Mr. Carl Rios,Male,43,Surat,Gujarat,2020-11-04,2026-02-19,19,3.38,361,19,1241.66,23591.54,23623.94,Home & Kitchen,Online,Medium Value,Bronze,125,Medium,0
CUST101257,Manuel Mccullough,Female,60,Delhi,Delhi,2023-09-09,2026-05-16,16,5.75,96,6,3933.2,62931.2,62971.58,Electronics,Online,Medium Value,Silver,39,Low,0
CUST101258,Jerry Jensen,Male,59,Ranchi,Jharkhand,2023-11-08,2026-06-10,115,43.89,805,7,5940.93,683206.95,683190.36,Electronics,Offline,High Value,Platinum,14,Low,0
CUST101259,Kevin Cunningham,Female,51,Coimbatore,Tamil Nadu,2024-05-10,2025-10-06,15,7.09,150,10,5766.56,86498.4,86527.13,Beauty,Offline,Medium Value,Silver,261,High,0
CUST101260,Eugene Patterson,Male,44,Coimbatore,Tamil Nadu,2023-12-24,2026-02-25,25,10.02,575,23,997.67,24941.75,24933.47,Fashion,Online,Medium Value,Bronze,119,Medium,0
CUST101261,David Walker,Male,25,Patna,Bihar,2022-11-26,2026-01-06,4,1.12,12,3,537.81,2151.24,2150.47,Fashion,Offline,Low Value,Bronze,169,Medium,1
CUST101262,Jessica Larsen,Male,46,Kolkata,West Bengal,2020-01-30,2026-04-01,16,2.5,224,14,3705.62,59289.92,59223.97,Home & Kitchen,Offline,Medium Value,Silver,84,Low,0
CUST101263,Nicholas Humphrey,Male,32,Surat,Gujarat,2021-09-12,2026-01-04,14,2.93,168,12,4414.91,61808.74,61765.47,Home & Kitchen,Offline,Medium Value,Silver,171,Medium,0
CUST101264,Ian Torres,Female,48,Bhopal,Madhya Pradesh,2024-03-12,2026-05-29,98,43.02,2156,22,12938.28,1267951.44,1267885.55,Fashion,Offline,High Value,Platinum,26,Low,0
CUST101265,Casey Obrien,Female,48,Coimbatore,Tamil Nadu,2020-01-26,2026-05-04,52,8.12,1456,28,6050.59,314630.68,314625.38,Sports,Offline,High Value,Gold,51,Low,0
CUST101266,Shannon Taylor,Female,42,Kanpur,Uttar Pradesh,2022-03-26,2025-12-15,27,6.37,27,1,1852.85,50026.95,50054.24,Fashion,Online,Medium Value,Silver,191,High,0
CUST101267,Deborah Mercado,Male,38,Kochi,Kerala,2022-03-09,2026-06-08,30,7.0,450,15,390.64,11719.2,11724.01,Home & Kitchen,Offline,Low Value,Bronze,16,Low,0
CUST101268,Bernard Smith,Male,31,Bengaluru,Karnataka,2023-06-01,2026-05-18,25,8.17,200,8,3060.41,76510.25,76465.34,Sports,Online,Medium Value,Silver,37,Low,0
CUST101269,Amanda Perkins,Female,31,Visakhapatnam,Andhra Pradesh,2023-03-09,2026-02-25,14,4.26,98,7,3252.29,45532.06,45556.64,Sports,Online,Medium Value,Silver,119,Medium,0
CUST101270,Kevin Escobar,Male,52,Delhi,Delhi,2023-01-07,2026-03-12,41,11.87,41,1,2867.5,117567.5,117604.32,Beauty,Offline,Medium Value,Silver,104,Medium,0
CUST101271,Kimberly Lutz,Male,45,Chennai,Tamil Nadu,2022-04-11,2025-07-02,3,0.71,9,3,1511.01,4533.03,4502.75,Fashion,Online,Low Value,Bronze,357,High,1
CUST101272,Reginald Diaz,Female,51,Ahmedabad,Gujarat,2021-01-19,2025-10-10,3,0.55,9,3,1148.02,3444.06,3422.84,Fashion,Offline,Low Value,Bronze,257,High,1
CUST101273,Raymond Quinn,Male,55,Patna,Bihar,2023-11-18,2026-04-09,98,37.8,2058,21,9043.37,886250.26,886302.25,Beauty,Online,High Value,Platinum,76,Low,0
CUST101274,John Dixon,Male,47,Patna,Bihar,2023-08-10,2026-06-22,34,11.86,782,23,2495.17,84835.78,84828.4,Electronics,Online,Medium Value,Silver,2,Low,0
CUST101275,Jonathan Bates,Female,54,Nashik,Maharashtra,2020-07-31,2026-05-10,132,22.4,1716,13,12465.28,1645416.96,1645137.11,Home & Kitchen,Online,High Value,Platinum,45,Low,0
CUST101276,Renee Mendez,Male,33,Ranchi,Jharkhand,2020-04-03,2026-05-18,32,5.15,224,7,5442.75,174168.0,174282.0,Beauty,Online,Medium Value,Gold,37,Low,0
CUST101277,Jose Griffin,Female,41,Nashik,Maharashtra,2020-03-03,2026-03-16,2,0.5,20,10,2145.76,4291.52,6761.86,Sports,Offline,Low Value,Bronze,100,Medium,1
CUST101278,Travis Hopkins,Female,48,Nashik,Maharashtra,2021-02-08,2026-06-21,140,26.09,1680,12,5463.56,764898.4,764919.34,Electronics,Online,High Value,Platinum,3,Low,0
CUST101279,Nancy Webb,Female,36,Coimbatore,Tamil Nadu,2021-11-18,2026-05-19,32,6.97,448,14,5259.1,168291.2,168301.14,Sports,Online,Medium Value,Gold,36,Low,0
CUST101280,Daniel Freeman,Male,42,Madurai,Tamil Nadu,2019-05-03,2025-12-13,18,2.52,378,21,2045.02,36810.36,36783.15,Fashion,Offline,Medium Value,Silver,193,High,0
CUST101281,Jacob Williams,Male,42,Nashik,Maharashtra,2021-06-28,2022-12-14,2,0.5,10,5,1335.01,2670.02,3326.1,Home & Kitchen,Online,Low Value,Bronze,1288,High,1
CUST101282,Terry Ward,Male,48,Bengaluru,Karnataka,2022-07-23,2026-04-24,7,1.79,84,12,3366.96,23568.72,23595.91,Home & Kitchen,Online,Medium Value,Bronze,61,Low,1
CUST101283,Jesse Williams,Male,45,Bengaluru,Karnataka,2019-06-14,2026-03-06,107,15.24,2354,22,5015.82,536692.74,536814.27,Fashion,Online,High Value,Gold,110,Low,0
CUST101284,Mrs. Michele Boyd,Female,52,Madurai,Tamil Nadu,2022-12-24,2025-06-16,13,3.72,221,17,6429.76,83586.88,83559.95,Fashion,Online,Medium Value,Silver,373,High,0
CUST101285,Sandy Baker,Female,43,Bhopal,Madhya Pradesh,2021-08-06,2026-06-08,15,3.08,165,11,1772.27,26584.05,26616.71,Grocery,Offline,Medium Value,Bronze,16,Low,0
CUST101286,Carrie Valdez,Female,35,Jaipur,Rajasthan,2020-06-02,2026-06-06,144,23.79,3168,22,5771.55,831103.2,831161.51,Grocery,Offline,High Value,Platinum,18,Low,0
CUST101287,Matthew Houston,Male,41,Lucknow,Uttar Pradesh,2023-09-27,2026-04-24,21,7.68,252,12,1708.9,35886.9,35896.58,Home & Kitchen,Offline,Medium Value,Silver,61,Low,0
CUST101288,Jamie Solomon,Male,24,Patna,Bihar,2024-05-27,2025-10-26,107,51.7,2247,21,9720.18,1040059.26,1040151.07,Beauty,Online,High Value,Platinum,241,High,0
CUST101289,Heather Parrish,Female,37,Kolkata,West Bengal,2021-04-24,2026-05-05,126,24.41,2394,19,13509.79,1702233.54,1701913.6,Grocery,Online,High Value,Platinum,50,Low,0
CUST101290,Mr. Larry Shaw,Female,27,Vadodara,Gujarat,2022-02-25,2025-04-23,31,7.18,372,12,4730.95,146659.45,146753.87,Beauty,Online,Medium Value,Gold,427,High,0
CUST101291,Christopher Jones,Female,22,Kanpur,Uttar Pradesh,2023-08-18,2026-05-04,38,13.36,1026,27,11706.72,444855.36,444904.72,Fashion,Offline,High Value,Gold,51,Low,0
CUST101292,Christine Lopez,Male,38,Mumbai,Maharashtra,2022-02-13,2026-03-02,29,6.66,290,10,3578.94,103789.26,103761.33,Sports,Offline,Medium Value,Silver,114,Medium,0
CUST101293,Mitchell Wilson,Female,47,Patna,Bihar,2024-01-26,2026-02-21,27,11.23,108,4,4042.02,109134.54,109114.51,Electronics,Online,Medium Value,Silver,123,Medium,0
CUST101294,Robert Cortez,Male,29,Kolkata,West Bengal,2021-06-22,2025-05-27,2,0.5,10,5,1516.08,3032.16,3789.68,Sports,Online,Low Value,Bronze,393,High,1
CUST101295,Mr. Daniel Martin,Female,41,Hyderabad,Telangana,2021-08-28,2023-09-30,16,3.32,368,23,5227.09,83633.44,83574.48,Electronics,Offline,Medium Value,Silver,998,High,0
CUST101296,Alison Williams,Female,37,Visakhapatnam,Andhra Pradesh,2022-05-27,2026-03-08,89,21.86,2848,32,13728.96,1221877.44,1221823.69,Fashion,Offline,High Value,Platinum,108,Medium,0
CUST101297,Candace Soto,Female,49,Hyderabad,Telangana,2024-05-12,2026-02-22,51,24.16,969,19,18499.67,943483.17,943463.42,Home & Kitchen,Online,High Value,Platinum,122,Medium,0
CUST101298,Kenneth Brown,Male,21,Nashik,Maharashtra,2021-07-12,2026-04-22,21,4.25,273,13,1179.11,24761.31,24778.26,Fashion,Online,Medium Value,Bronze,63,Low,0
CUST101299,Christopher Mullen,Male,46,Visakhapatnam,Andhra Pradesh,2021-04-27,2026-04-30,1,0.5,2,2,1899.95,1899.95,4894.87,Electronics,Online,Low Value,Bronze,55,Low,1
CUST101300,Kristy Smith,Female,33,Bengaluru,Karnataka,2022-12-22,2025-11-12,99,28.29,1485,15,6796.48,672851.52,672756.06,Sports,Online,High Value,Gold,224,High,0
CUST101301,Mary Campbell,Female,25,Chandigarh,Chandigarh,2023-02-24,2023-02-24,7,2.11,56,8,1644.79,11513.53,11535.1,Fashion,Online,Low Value,Bronze,1216,High,0
CUST101302,Jerry Haney,Other,23,Kanpur,Uttar Pradesh,2020-02-03,2026-02-10,128,20.06,3200,25,7402.68,947543.04,947702.34,Sports,Online,High Value,Platinum,134,Medium,0
CUST101303,Carolyn Greer,Male,18,Mumbai,Maharashtra,2020-01-28,2026-04-15,41,6.41,738,18,3961.42,162418.22,162471.58,Home & Kitchen,Online,Medium Value,Gold,70,Low,0
CUST101304,Rebecca Hoover,Male,61,Vadodara,Gujarat,2020-03-19,2026-01-09,2,0.5,8,4,527.83,1055.66,1651.77,Sports,Online,Low Value,Bronze,166,Medium,1
CUST101305,Matthew Baker,Male,28,Madurai,Tamil Nadu,2022-06-17,2026-01-09,1,0.5,3,3,941.03,941.03,1888.5,Home & Kitchen,Online,Low Value,Bronze,166,Medium,1
CUST101306,Grace Chavez,Female,33,Nashik,Maharashtra,2019-10-10,2026-05-04,2,0.5,16,8,452.52,905.04,1515.83,Fashion,Offline,Low Value,Bronze,51,Low,1
CUST101307,Crystal Cruz,Female,32,Lucknow,Uttar Pradesh,2023-09-19,2023-10-08,9,3.26,36,4,1815.82,16342.38,16320.36,Home & Kitchen,Offline,Medium Value,Bronze,990,High,0
CUST101308,Dale Heath,Female,27,Surat,Gujarat,2022-09-19,2024-11-09,21,5.59,210,10,2791.17,58614.57,58608.69,Sports,Offline,Medium Value,Silver,592,High,0
CUST101309,Jennifer Hernandez,Other,38,Ranchi,Jharkhand,2019-09-19,2026-06-03,4,0.59,28,7,1220.19,4880.76,4864.46,Beauty,Online,Low Value,Bronze,21,Low,1
CUST101310,John Mendez,Male,34,Ahmedabad,Gujarat,2019-08-28,2026-05-14,53,7.77,1484,28,7239.07,383670.71,383453.69,Grocery,Online,High Value,Gold,41,Low,0
CUST101311,Richard Gordon,Female,51,Nagpur,Maharashtra,2019-03-13,2026-04-11,7,0.96,49,7,409.91,2869.37,2863.68,Home & Kitchen,Online,Low Value,Bronze,74,Low,1
CUST101312,John Anderson,Female,44,Bengaluru,Karnataka,2019-08-27,2026-05-26,20,2.93,140,7,4365.59,87311.8,87235.66,Home & Kitchen,Offline,Medium Value,Silver,29,Low,0
CUST101313,Samantha Prince,Male,46,Nashik,Maharashtra,2023-01-18,2025-02-04,9,2.63,81,9,1515.45,13639.05,13651.0,Electronics,Offline,Low Value,Bronze,505,High,0
CUST101314,Marie Boyd,Male,36,Delhi,Delhi,2021-04-07,2026-05-03,20,3.84,100,5,200.0,4000.0,3999.28,Electronics,Online,Low Value,Bronze,52,Low,0
CUST101315,Andrew Moreno,Female,40,Ranchi,Jharkhand,2021-05-03,2025-08-30,36,7.01,432,12,4235.63,152482.68,152503.09,Grocery,Online,Medium Value,Gold,298,High,0
CUST101316,Robert Clarke,Female,18,Ahmedabad,Gujarat,2022-03-22,2026-03-11,28,6.59,392,14,1489.75,41713.0,41742.65,Sports,Offline,Medium Value,Silver,105,Medium,0
CUST101317,Kevin Figueroa,Female,58,Bengaluru,Karnataka,2021-08-18,2026-04-27,2,0.5,16,8,1247.4,2494.8,3020.74,Sports,Online,Low Value,Bronze,58,Low,1
CUST101318,Melissa Davis,Male,18,Indore,Madhya Pradesh,2020-08-11,2026-03-07,200,34.12,3000,15,10492.88,2098576.0,2098602.43,Grocery,Offline,High Value,Platinum,109,Medium,0
CUST101319,John Hall,Male,32,Bengaluru,Karnataka,2023-02-22,2026-05-18,84,25.23,1764,21,4863.12,408502.08,408484.5,Home & Kitchen,Offline,High Value,Gold,37,Low,0
CUST101320,Diane Mcdowell,Male,41,Nashik,Maharashtra,2020-08-14,2026-05-22,22,3.76,352,16,1328.12,29218.64,29230.93,Home & Kitchen,Online,Medium Value,Bronze,33,Low,0
CUST101321,Colin Fletcher,Male,32,Surat,Gujarat,2019-05-14,2026-02-22,50,7.03,1900,38,2838.27,141913.5,141815.43,Electronics,Offline,Medium Value,Gold,122,Low,0
CUST101322,Laura Wilson,Male,42,Coimbatore,Tamil Nadu,2019-02-09,2026-03-15,8,1.09,64,8,881.04,7048.32,7072.68,Electronics,Offline,Low Value,Bronze,101,Medium,1
CUST101323,Matthew Watts,Male,46,Hyderabad,Telangana,2023-06-11,2026-06-16,20,6.6,280,14,6685.03,133700.6,133722.56,Electronics,Online,Medium Value,Gold,8,Low,0
CUST101324,Jack Moore,Male,18,Lucknow,Uttar Pradesh,2024-01-13,2025-11-20,10,4.1,40,4,939.31,9393.1,9394.64,Beauty,Online,Low Value,Bronze,216,High,0
CUST101325,Dawn Wyatt,Male,31,Kochi,Kerala,2022-01-26,2026-04-14,35,7.95,770,22,1808.7,63304.5,63303.76,Home & Kitchen,Offline,Medium Value,Silver,71,Low,0
CUST101326,Jacob Hill,Male,18,Kolkata,West Bengal,2021-09-28,2026-06-08,66,13.95,528,8,10434.97,688708.02,688682.31,Home & Kitchen,Online,High Value,Platinum,16,Low,0
CUST101327,Nicole Gutierrez,Male,54,Madurai,Tamil Nadu,2020-09-28,2026-04-16,13,2.27,52,4,1151.34,14967.42,14976.44,Home & Kitchen,Offline,Medium Value,Bronze,69,Low,0
CUST101328,Karen Wood,Male,42,Lucknow,Uttar Pradesh,2020-07-14,2025-11-26,61,10.27,1220,20,5126.81,312735.41,312670.56,Sports,Online,High Value,Gold,210,High,0
CUST101329,Dawn Parker,Male,26,Lucknow,Uttar Pradesh,2019-05-16,2026-06-21,23,3.24,207,9,826.41,19007.43,19016.05,Fashion,Online,Medium Value,Bronze,3,Low,0
CUST101330,Michael Fitzgerald,Female,46,Nagpur,Maharashtra,2023-03-28,2026-06-04,20,6.18,240,12,3205.47,64109.4,64107.29,Grocery,Online,Medium Value,Silver,20,Low,0
CUST101331,Mary Adkins,Male,31,Pune,Maharashtra,2021-05-28,2023-05-05,2,0.5,8,4,1353.97,2707.94,3430.8,Beauty,Online,Low Value,Bronze,1146,High,1
CUST101332,Michael Martin,Female,56,Indore,Madhya Pradesh,2021-03-05,2026-06-15,19,3.59,190,10,2419.31,45966.89,46012.59,Home & Kitchen,Offline,Medium Value,Silver,9,Low,0
CUST101333,James Morgan,Male,43,Indore,Madhya Pradesh,2023-02-23,2026-03-28,3,0.9,9,3,2012.95,6038.85,6026.45,Sports,Offline,Low Value,Bronze,88,Low,1
CUST101334,Melissa Mann,Female,55,Surat,Gujarat,2021-08-30,2026-06-04,20,4.16,40,2,1371.32,27426.4,27441.87,Fashion,Online,Medium Value,Bronze,20,Low,0
CUST101335,Vincent Smith,Female,47,Bengaluru,Karnataka,2019-10-19,2026-04-14,18,2.7,180,10,2588.54,46593.72,46651.12,Beauty,Online,Medium Value,Silver,71,Low,0
CUST101336,Charles Frost,Female,42,Kanpur,Uttar Pradesh,2019-09-18,2026-03-15,46,6.8,1196,26,11681.62,537354.52,536961.13,Sports,Online,High Value,Gold,101,Low,0
CUST101337,Austin Walker,Male,27,Coimbatore,Tamil Nadu,2022-08-03,2026-05-21,15,3.86,15,1,1102.99,16544.85,16540.59,Electronics,Online,Medium Value,Bronze,34,Low,0
CUST101338,Andrew Cruz,Male,21,Pune,Maharashtra,2022-11-22,2026-02-04,64,17.87,576,9,20000.0,1280000.0,1279888.3,Fashion,Online,High Value,Platinum,140,Medium,0
CUST101339,Miss Kelly Dawson,Male,34,Lucknow,Uttar Pradesh,2020-08-12,2026-02-20,132,22.53,1188,9,14315.9,1889698.8,1889745.83,Fashion,Offline,High Value,Platinum,124,Medium,0
CUST101340,Theresa Wilkins,Male,57,Ahmedabad,Gujarat,2023-04-02,2026-01-14,40,12.41,520,13,3032.58,121303.2,121274.72,Fashion,Online,Medium Value,Silver,161,Medium,0
CUST101341,Jessica Harris,Male,26,Kochi,Kerala,2023-11-17,2026-05-08,10,3.85,50,5,2222.4,22224.0,22207.57,Sports,Offline,Medium Value,Bronze,47,Low,0
CUST101342,Regina Mitchell,Female,18,Delhi,Delhi,2020-11-01,2025-07-09,5,0.89,25,5,1572.85,7864.25,7891.21,Electronics,Online,Low Value,Bronze,350,High,1
CUST101343,Kyle Black,Male,57,Vadodara,Gujarat,2019-12-08,2025-09-20,9,1.38,54,6,1241.7,11175.3,11203.14,Grocery,Online,Low Value,Bronze,277,High,1
CUST101344,Christopher Johnson,Female,57,Lucknow,Uttar Pradesh,2022-01-04,2026-01-15,13,2.91,78,6,200.0,2600.0,2597.29,Beauty,Online,Low Value,Bronze,160,Medium,0
CUST101345,Aaron Moore,Female,40,Lucknow,Uttar Pradesh,2022-12-10,2026-05-13,21,5.95,420,20,3187.71,66941.91,66987.73,Electronics,Online,Medium Value,Silver,42,Low,0
CUST101346,Penny Gomez MD,Female,30,Madurai,Tamil Nadu,2020-10-29,2026-02-27,7,1.24,49,7,2599.7,18197.9,18198.83,Beauty,Online,Medium Value,Bronze,117,Medium,1
CUST101347,Kelly Mclaughlin,Male,41,Nashik,Maharashtra,2024-02-09,2026-04-24,30,12.68,360,12,3987.66,119629.8,119608.18,Home & Kitchen,Online,Medium Value,Silver,61,Low,0
CUST101348,Brandon Mitchell,Male,58,Madurai,Tamil Nadu,2019-11-28,2023-06-10,14,2.13,14,1,455.73,6380.22,6373.03,Beauty,Offline,Low Value,Bronze,1110,High,0
CUST101349,Suzanne Bailey,Female,25,Visakhapatnam,Andhra Pradesh,2024-05-28,2025-09-28,45,21.77,720,16,14175.73,637907.85,637911.73,Grocery,Online,High Value,Gold,269,High,0
CUST101350,Destiny Obrien,Female,18,Bhopal,Madhya Pradesh,2023-05-30,2026-06-17,6,1.96,18,3,1362.76,8176.56,8183.05,Sports,Online,Low Value,Bronze,7,Low,1
CUST101351,Timothy Andrews,Female,18,Chandigarh,Chandigarh,2021-10-28,2026-03-03,50,10.76,300,6,3973.29,198664.5,198751.31,Grocery,Online,Medium Value,Gold,113,Low,0
CUST101352,Jason Rodriguez,Female,54,Hyderabad,Telangana,2022-12-13,2026-03-15,31,8.8,248,8,2381.62,73830.22,73848.8,Home & Kitchen,Online,Medium Value,Silver,101,Medium,0
CUST101353,Edward Arroyo,Female,47,Surat,Gujarat,2020-05-16,2025-11-01,2,0.5,12,6,876.32,1752.64,2672.75,Beauty,Online,Low Value,Bronze,235,High,1
CUST101354,Tina Walter,Male,51,Mumbai,Maharashtra,2021-12-22,2026-05-08,16,3.56,208,13,4735.97,75775.52,75841.39,Sports,Offline,Medium Value,Silver,47,Low,0
CUST101355,Laura Benson,Male,40,Chennai,Tamil Nadu,2024-02-02,2026-06-08,7,2.94,49,7,1230.26,8611.82,8625.26,Beauty,Online,Low Value,Bronze,16,Low,0
CUST101356,Kristine Carrillo,Male,57,Nashik,Maharashtra,2022-07-06,2026-06-09,1,0.5,10,10,1103.48,1103.48,2185.81,Home & Kitchen,Offline,Low Value,Bronze,15,Low,1
CUST101357,Tonya Ellis,Male,27,Bhopal,Madhya Pradesh,2021-02-03,2026-02-13,8,1.49,8,1,3915.93,31327.44,31390.16,Electronics,Online,Medium Value,Bronze,131,Medium,1
CUST101358,Kevin Johnson,Female,26,Lucknow,Uttar Pradesh,2019-05-18,2026-01-14,24,3.38,384,16,5306.58,127357.92,127284.7,Electronics,Online,Medium Value,Gold,161,Low,0
CUST101359,Austin Schultz,Female,32,Guwahati,Assam,2020-01-03,2026-03-15,24,3.71,168,7,2527.75,60666.0,60645.38,Grocery,Offline,Medium Value,Silver,101,Medium,0
CUST101360,Megan Hall MD,Female,31,Pune,Maharashtra,2020-06-13,2025-05-05,6,1.0,30,5,1328.06,7968.36,7999.27,Sports,Offline,Low Value,Bronze,415,High,1
CUST101361,Kelli Smith,Female,35,Indore,Madhya Pradesh,2023-09-19,2026-05-06,24,8.71,144,6,5159.02,123816.48,123886.68,Beauty,Online,Medium Value,Gold,49,Low,0
CUST101362,Danielle Davis,Female,23,Kolkata,West Bengal,2021-06-23,2026-05-24,22,4.4,242,11,4300.55,94612.1,94547.34,Beauty,Online,Medium Value,Silver,31,Low,0
CUST101363,Samantha Jones,Male,33,Madurai,Tamil Nadu,2023-10-07,2026-01-26,19,7.02,266,14,2924.59,55567.21,55591.47,Home & Kitchen,Online,Medium Value,Silver,149,Medium,0
CUST101364,Karen Gomez,Male,57,Bengaluru,Karnataka,2023-03-09,2025-06-10,1,0.5,4,4,775.7,775.7,1275.31,Sports,Online,Low Value,Bronze,379,High,1
CUST101365,Debra Valentine,Female,25,Patna,Bihar,2022-12-05,2026-06-07,65,18.33,2080,32,200.0,13000.0,12997.86,Home & Kitchen,Offline,Low Value,Bronze,17,Low,0
CUST101366,Susan Porter,Female,35,Lucknow,Uttar Pradesh,2020-04-25,2024-10-01,1,0.5,9,9,1496.45,1496.45,4607.14,Electronics,Offline,Low Value,Bronze,631,High,1
CUST101367,Nicolas Salas,Male,70,Visakhapatnam,Andhra Pradesh,2021-06-20,2024-05-25,6,1.2,36,6,1522.8,9136.8,9145.56,Beauty,Online,Low Value,Bronze,760,High,1
CUST101368,Dale Wright,Male,47,Ahmedabad,Gujarat,2023-10-09,2026-06-17,65,24.05,1755,27,8463.4,550121.0,550030.63,Grocery,Online,High Value,Gold,7,Low,0
CUST101369,Brittney Rodriguez,Male,37,Bhopal,Madhya Pradesh,2021-10-08,2026-05-13,35,7.44,665,19,5110.44,178865.4,178839.8,Home & Kitchen,Offline,Medium Value,Gold,42,Low,0
CUST101370,Megan Alvarado,Female,56,Vadodara,Gujarat,2021-09-13,2021-09-13,6,1.26,30,5,1057.37,6344.22,6357.77,Home & Kitchen,Online,Low Value,Bronze,1745,High,1
CUST101371,Pamela Weaver,Female,32,Visakhapatnam,Andhra Pradesh,2021-05-06,2026-05-24,98,19.11,1372,14,12031.02,1179039.96,1178991.54,Grocery,Offline,High Value,Platinum,31,Low,0
CUST101372,John Oliver,Male,45,Nashik,Maharashtra,2021-05-21,2025-07-22,3,0.59,18,6,1433.71,4301.13,4302.97,Grocery,Online,Low Value,Bronze,337,High,1
CUST101373,William Prince PhD,Female,25,Ahmedabad,Gujarat,2024-05-15,2026-04-10,18,8.56,234,13,2997.79,53960.22,53956.77,Sports,Offline,Medium Value,Silver,75,Low,0
CUST101374,William Moon IV,Male,41,Vadodara,Gujarat,2020-06-11,2025-09-12,40,6.63,640,16,5300.18,212007.2,211851.35,Sports,Online,Medium Value,Gold,285,High,0
CUST101375,Kenneth Brown,Male,44,Lucknow,Uttar Pradesh,2023-05-23,2025-05-10,3,0.97,24,8,1679.22,5037.66,5021.43,Fashion,Online,Low Value,Bronze,410,High,1
CUST101376,Karen Fernandez,Female,31,Chandigarh,Chandigarh,2022-10-23,2026-06-04,17,4.64,391,23,511.88,8701.96,8700.66,Grocery,Online,Low Value,Bronze,20,Low,0
CUST101377,Jennifer Parks,Female,53,Kochi,Kerala,2022-05-01,2025-12-28,12,2.9,276,23,4822.8,57873.6,57935.66,Sports,Online,Medium Value,Silver,178,Medium,0
CUST101378,William Wolfe,Female,22,Ahmedabad,Gujarat,2019-04-10,2025-10-29,21,2.92,462,22,2159.39,45347.19,45402.47,Electronics,Offline,Medium Value,Silver,238,High,0
CUST101379,Michael Smith,Male,20,Coimbatore,Tamil Nadu,2020-04-21,2026-06-12,20,3.24,460,23,3492.84,69856.8,69806.31,Grocery,Offline,Medium Value,Silver,12,Low,0
CUST101380,Kevin Nguyen,Female,39,Mumbai,Maharashtra,2022-03-16,2026-04-15,67,15.7,1340,20,7757.41,519746.47,519843.11,Grocery,Online,High Value,Gold,70,Low,0
CUST101381,Debbie Dunn,Female,42,Patna,Bihar,2021-06-21,2026-02-10,43,8.6,473,11,5814.25,250012.75,250115.42,Sports,Online,High Value,Gold,134,Low,0
CUST101382,John Austin,Male,28,Lucknow,Uttar Pradesh,2022-04-08,2025-11-09,4,0.95,48,12,1973.96,7895.84,7886.11,Beauty,Online,Low Value,Bronze,227,High,1
CUST101383,Jonathan Clark,Female,32,Hyderabad,Telangana,2020-01-29,2025-11-11,27,4.22,324,12,5140.71,138799.17,138745.26,Home & Kitchen,Online,Medium Value,Gold,225,High,0
CUST101384,Jacqueline Dickerson,Male,32,Visakhapatnam,Andhra Pradesh,2020-05-12,2026-06-04,27,4.42,486,18,6508.44,175727.88,175793.63,Grocery,Online,Medium Value,Gold,20,Low,0
CUST101385,Christopher Anderson,Female,22,Delhi,Delhi,2020-12-25,2026-04-30,31,5.65,341,11,3746.45,116139.95,116196.36,Fashion,Online,Medium Value,Silver,55,Low,0
CUST101386,Crystal Garcia,Female,39,Bhopal,Madhya Pradesh,2019-08-25,2026-04-13,6,0.88,24,4,200.0,1200.0,1201.28,Grocery,Online,Low Value,Bronze,72,Low,1
CUST101387,David Reynolds,Female,33,Indore,Madhya Pradesh,2021-08-27,2026-02-25,141,29.26,3807,27,10033.61,1414739.01,1414666.21,Home & Kitchen,Online,High Value,Platinum,119,Medium,0
CUST101388,Charles Haley,Male,24,Kochi,Kerala,2023-09-05,2026-01-13,5,1.79,20,4,1220.06,6100.3,6104.78,Sports,Online,Low Value,Bronze,162,Medium,1
CUST101389,Robert Thompson,Female,29,Indore,Madhya Pradesh,2020-07-24,2026-05-13,32,5.41,544,17,3625.7,116022.4,115944.87,Fashion,Offline,Medium Value,Silver,42,Low,0
CUST101390,Dr. Samuel Holmes DDS,Female,66,Kochi,Kerala,2023-07-10,2026-03-28,31,10.5,31,1,655.06,20306.86,20300.13,Fashion,Offline,Medium Value,Bronze,88,Low,0
CUST101391,Elizabeth Hart,Female,41,Chennai,Tamil Nadu,2021-05-20,2026-06-11,116,22.79,1160,10,7371.19,855058.04,855009.81,Sports,Offline,High Value,Platinum,13,Low,0
CUST101392,Jennifer Vaughn,Male,45,Jaipur,Rajasthan,2020-12-03,2026-03-06,64,11.53,1920,30,6080.73,389166.72,389088.64,Home & Kitchen,Offline,High Value,Gold,110,Low,0
CUST101393,Robert Woods,Male,48,Visakhapatnam,Andhra Pradesh,2021-04-18,2025-10-18,15,2.9,45,3,4546.47,68197.05,68261.15,Beauty,Online,Medium Value,Silver,249,High,0
CUST101394,Joanna Cook,Male,33,Chandigarh,Chandigarh,2019-08-16,2026-02-15,37,5.4,111,3,4804.68,177773.16,177727.78,Sports,Offline,Medium Value,Gold,129,Low,0
CUST101395,Justin Frederick,Female,38,Surat,Gujarat,2022-03-08,2026-04-05,5,1.17,5,1,1992.6,9963.0,10001.95,Grocery,Online,Low Value,Bronze,80,Low,1
CUST101396,Alejandro Martinez,Female,26,Jaipur,Rajasthan,2020-04-28,2026-05-14,27,4.39,162,6,1299.99,35099.73,35093.29,Fashion,Online,Medium Value,Silver,41,Low,0
CUST101397,Tracey Gonzalez,Female,23,Guwahati,Assam,2023-09-01,2026-03-05,30,10.69,360,12,3781.0,113430.0,113427.41,Beauty,Offline,Medium Value,Silver,111,Medium,0
CUST101398,Mariah Thompson,Female,27,Ranchi,Jharkhand,2022-07-18,2025-12-15,17,4.33,289,17,1158.32,19691.44,19705.08,Home & Kitchen,Online,Medium Value,Bronze,191,High,0
CUST101399,Heather Nunez,Male,40,Kanpur,Uttar Pradesh,2021-01-25,2026-02-10,1,0.5,3,3,531.51,531.51,1436.28,Home & Kitchen,Online,Low Value,Bronze,134,Medium,1
CUST101400,Dr. Steve James,Female,28,Mumbai,Maharashtra,2024-02-10,2026-06-06,115,48.67,2530,22,200.0,23000.0,22999.16,Grocery,Offline,Medium Value,Bronze,18,Low,0
CUST101401,Mark Thomas,Male,42,Indore,Madhya Pradesh,2021-12-08,2026-03-18,64,14.11,1728,27,4284.02,274177.28,274227.36,Grocery,Online,High Value,Gold,98,Low,0
CUST101402,Robert Rogers,Male,43,Patna,Bihar,2024-01-22,2026-06-15,81,33.54,1296,16,8623.02,698464.62,698394.5,Grocery,Online,High Value,Platinum,9,Low,0
CUST101403,Laura Sweeney,Female,18,Chandigarh,Chandigarh,2019-02-22,2026-05-17,6,0.82,48,8,1313.42,7880.52,7893.61,Grocery,Offline,Low Value,Bronze,38,Low,1
CUST101404,Christopher Perez,Female,22,Ahmedabad,Gujarat,2021-05-08,2025-05-07,17,3.32,153,9,4104.18,69771.06,69798.81,Fashion,Offline,Medium Value,Silver,413,High,0
CUST101405,Eddie Adams,Female,35,Kochi,Kerala,2022-04-24,2026-03-19,12,2.88,288,24,6111.04,73332.48,73242.13,Home & Kitchen,Online,Medium Value,Silver,97,Medium,0
CUST101406,Denise Wallace,Male,36,Coimbatore,Tamil Nadu,2020-07-17,2026-03-02,7,1.18,21,3,804.84,5633.88,5631.96,Home & Kitchen,Offline,Low Value,Bronze,114,Medium,1
CUST101407,Heidi Matthews,Female,29,Indore,Madhya Pradesh,2022-05-20,2025-05-18,13,3.18,65,5,1111.99,14455.87,14464.0,Fashion,Online,Medium Value,Bronze,402,High,0
CUST101408,Jennifer White,Male,39,Ahmedabad,Gujarat,2022-01-22,2026-05-16,24,5.44,288,12,4921.52,118116.48,118160.68,Grocery,Online,Medium Value,Silver,39,Low,0
CUST101409,Nicholas Stanley,Female,38,Ranchi,Jharkhand,2021-02-25,2022-10-14,22,4.14,110,5,1694.83,37286.26,37325.79,Home & Kitchen,Online,Medium Value,Silver,1349,High,0
CUST101410,Mercedes Miller,Male,41,Ranchi,Jharkhand,2022-10-26,2026-01-15,44,12.04,484,11,5596.62,246251.28,246288.05,Electronics,Online,High Value,Gold,160,Low,0
CUST101411,Brian Brown,Male,52,Chandigarh,Chandigarh,2023-05-13,2026-06-09,30,9.65,870,29,2921.09,87632.7,87671.89,Beauty,Online,Medium Value,Silver,15,Low,0
CUST101412,Kimberly Johnson,Female,30,Mumbai,Maharashtra,2019-03-05,2025-01-19,30,4.11,390,13,4200.2,126006.0,126003.24,Electronics,Offline,Medium Value,Gold,521,High,0
CUST101413,Phillip Miller,Female,50,Jaipur,Rajasthan,2024-05-26,2026-06-14,140,67.55,560,4,12404.93,1736690.2,1736702.09,Sports,Online,High Value,Platinum,10,Low,0
CUST101414,Christopher Pena,Male,33,Coimbatore,Tamil Nadu,2019-12-12,2026-05-13,16,2.45,160,10,1722.6,27561.6,27546.51,Sports,Offline,Medium Value,Bronze,42,Low,0
CUST101415,Ellen Wright,Female,48,Lucknow,Uttar Pradesh,2020-06-30,2026-05-16,15,2.51,60,4,1919.15,28787.25,28790.3,Grocery,Online,Medium Value,Bronze,39,Low,0
CUST101416,Mark Anderson,Male,33,Kanpur,Uttar Pradesh,2022-09-01,2026-03-23,72,18.92,1656,23,10052.49,723779.28,723801.3,Beauty,Offline,High Value,Platinum,93,Medium,0
CUST101417,Alyssa Alvarado,Male,30,Chennai,Tamil Nadu,2022-04-10,2026-06-05,166,39.53,3320,20,6117.62,1015524.92,1015650.87,Grocery,Offline,High Value,Platinum,19,Low,0
CUST101418,Erika Alvarez,Male,18,Jaipur,Rajasthan,2023-07-20,2024-12-16,52,17.78,52,1,2039.36,106046.72,106024.61,Home & Kitchen,Offline,Medium Value,Silver,555,High,0
CUST101419,Kimberly Nelson,Female,52,Ranchi,Jharkhand,2019-02-24,2026-02-11,5,0.68,25,5,1714.9,8574.5,8540.46,Beauty,Online,Low Value,Bronze,133,Medium,1
CUST101420,Wayne Wolfe,Female,28,Ranchi,Jharkhand,2022-04-16,2026-06-19,5,1.2,50,10,4603.04,23015.2,23107.83,Fashion,Offline,Medium Value,Bronze,5,Low,1
CUST101421,Kyle Welch,Female,46,Vadodara,Gujarat,2023-03-08,2025-03-20,30,9.12,360,12,4957.32,148719.6,148783.93,Grocery,Offline,Medium Value,Gold,461,High,0
CUST101422,Kristy Mills,Male,29,Kanpur,Uttar Pradesh,2024-02-19,2026-02-01,61,26.09,793,13,7482.99,456462.39,456474.89,Grocery,Online,High Value,Gold,143,Low,0
CUST101423,Emily Reed,Male,46,Chandigarh,Chandigarh,2023-03-20,2026-04-16,36,11.05,936,26,9535.76,343287.36,343300.41,Electronics,Offline,High Value,Gold,69,Low,0
CUST101424,Regina Ramos,Female,47,Delhi,Delhi,2022-12-28,2026-02-02,7,2.01,70,10,1250.15,8751.05,8750.95,Fashion,Online,Low Value,Bronze,142,Medium,0
CUST101425,David Torres,Female,70,Pune,Maharashtra,2020-08-17,2024-06-04,11,1.88,44,4,1377.74,15155.14,15140.24,Beauty,Offline,Medium Value,Bronze,750,High,1
CUST101426,Robert Charles,Male,44,Madurai,Tamil Nadu,2023-01-28,2026-06-05,67,19.72,1541,23,11197.1,750205.7,750229.31,Fashion,Online,High Value,Platinum,19,Low,0
CUST101427,John Smith,Male,42,Chennai,Tamil Nadu,2019-03-23,2026-01-01,3,0.5,21,7,200.0,600.0,724.98,Home & Kitchen,Offline,Low Value,Bronze,174,Medium,1
CUST101428,Theresa Woods,Male,50,Guwahati,Assam,2022-02-21,2025-04-02,21,4.85,189,9,3350.27,70355.67,70378.14,Home & Kitchen,Offline,Medium Value,Silver,448,High,0
CUST101429,Jeffrey Carter,Female,44,Lucknow,Uttar Pradesh,2020-04-01,2025-10-22,9,1.45,45,5,502.0,4518.0,4529.82,Home & Kitchen,Online,Low Value,Bronze,245,High,1
CUST101430,Adam Brooks,Female,55,Kolkata,West Bengal,2020-02-03,2025-11-16,17,2.66,204,12,6649.83,113047.11,112887.08,Sports,Offline,Medium Value,Silver,220,High,0
CUST101431,Justin Foster,Female,33,Bhopal,Madhya Pradesh,2022-10-25,2026-05-31,21,5.74,315,15,2160.13,45362.73,45353.21,Home & Kitchen,Online,Medium Value,Silver,24,Low,0
CUST101432,Omar Price,Male,43,Guwahati,Assam,2020-07-30,2026-05-25,22,3.73,176,8,3891.84,85620.48,85569.23,Fashion,Online,Medium Value,Silver,30,Low,0
CUST101433,Dennis Henderson,Female,30,Mumbai,Maharashtra,2021-09-03,2026-01-08,23,4.79,161,7,2058.27,47340.21,47318.35,Grocery,Online,Medium Value,Silver,167,Medium,0
CUST101434,Phillip Kent,Female,49,Bengaluru,Karnataka,2021-05-26,2026-03-03,155,30.55,2635,17,5374.77,833089.35,833021.66,Electronics,Offline,High Value,Platinum,113,Medium,0
CUST101435,Melinda Mitchell,Other,26,Bengaluru,Karnataka,2020-10-14,2026-06-17,140,24.62,3080,22,9576.21,1340669.4,1340688.8,Electronics,Offline,High Value,Platinum,7,Low,0
CUST101436,Rhonda Gutierrez,Female,35,Nashik,Maharashtra,2022-06-16,2026-03-29,11,2.74,121,11,2640.43,29044.73,29057.96,Beauty,Online,Medium Value,Bronze,87,Low,0
CUST101437,Catherine Roberts,Female,41,Kolkata,West Bengal,2022-09-24,2026-03-11,3,0.8,15,5,2174.39,6523.17,6510.37,Sports,Offline,Low Value,Bronze,105,Medium,1
CUST101438,Lisa Nelson,Female,55,Lucknow,Uttar Pradesh,2020-07-07,2026-06-21,5,0.84,60,12,4654.93,23274.65,23294.91,Home & Kitchen,Offline,Medium Value,Bronze,3,Low,1
CUST101439,Chelsea Smith,Female,43,Kolkata,West Bengal,2022-08-22,2024-10-23,5,1.3,65,13,5316.73,26583.65,26492.67,Fashion,Online,Medium Value,Bronze,609,High,1
CUST101440,Joseph Lopez,Male,33,Madurai,Tamil Nadu,2019-03-18,2026-02-12,1,0.5,1,1,1555.16,1555.16,5647.97,Electronics,Online,Low Value,Bronze,132,Medium,1
CUST101441,Derrick Espinoza,Male,33,Bengaluru,Karnataka,2023-01-04,2026-05-27,75,21.66,1425,19,12608.23,945617.25,945829.54,Grocery,Offline,High Value,Platinum,28,Low,0
CUST101442,Crystal Hernandez,Male,26,Nashik,Maharashtra,2023-03-13,2026-04-15,26,7.93,156,6,3987.86,103684.36,103637.52,Beauty,Offline,Medium Value,Silver,70,Low,0
CUST101443,Glenn Collins DDS,Male,41,Ahmedabad,Gujarat,2019-03-15,2026-06-20,23,3.16,345,15,2288.62,52638.26,52589.45,Electronics,Offline,Medium Value,Silver,4,Low,0
CUST101444,Mrs. Raven Rivera DVM,Female,34,Bhopal,Madhya Pradesh,2023-10-31,2025-03-22,5,1.89,30,6,364.92,1824.6,1822.2,Fashion,Offline,Low Value,Bronze,459,High,1
CUST101445,Amy Rowe,Female,55,Hyderabad,Telangana,2024-05-07,2026-06-11,49,23.06,1225,25,6095.59,298683.91,298639.02,Sports,Online,High Value,Gold,13,Low,0
CUST101446,John Lee,Female,34,Chennai,Tamil Nadu,2019-06-20,2026-06-09,57,8.14,342,6,2859.78,163007.46,163093.66,Beauty,Offline,Medium Value,Gold,15,Low,0
CUST101447,Ruth Clayton,Female,23,Bhopal,Madhya Pradesh,2019-04-10,2025-03-13,9,1.25,117,13,1359.23,12233.07,12234.0,Home & Kitchen,Offline,Low Value,Bronze,468,High,1
CUST101448,Randy Wright,Male,39,Vadodara,Gujarat,2020-02-25,2025-04-20,3,0.5,24,8,1517.04,4551.12,4795.13,Sports,Online,Low Value,Bronze,430,High,1
CUST101449,Jessica Rojas,Female,31,Coimbatore,Tamil Nadu,2020-05-26,2025-06-11,30,4.94,480,16,893.38,26801.4,26799.98,Fashion,Offline,Medium Value,Bronze,378,High,0
CUST101450,Joel Wise,Male,18,Mumbai,Maharashtra,2020-02-16,2026-01-04,41,6.46,369,9,399.1,16363.1,16362.04,Home & Kitchen,Online,Medium Value,Bronze,171,Medium,0
CUST101451,Vickie Kennedy,Male,50,Vadodara,Gujarat,2021-01-11,2026-02-07,21,3.86,105,5,4751.86,99789.06,99833.68,Grocery,Online,Medium Value,Silver,137,Medium,0
CUST101452,Emily Morris,Male,43,Hyderabad,Telangana,2019-06-28,2025-11-26,4,0.57,12,3,425.75,1703.0,1694.92,Sports,Offline,Low Value,Bronze,210,High,1
CUST101453,Amanda Pineda,Female,40,Indore,Madhya Pradesh,2021-09-08,2026-04-22,20,4.18,120,6,4438.3,88766.0,88785.93,Home & Kitchen,Online,Medium Value,Silver,63,Low,0
CUST101454,Dawn Little,Male,49,Nagpur,Maharashtra,2020-06-11,2026-03-22,99,16.42,2277,23,4374.24,433049.76,433014.91,Electronics,Offline,High Value,Gold,94,Low,0
CUST101455,Stephen Boyer,Female,26,Indore,Madhya Pradesh,2021-09-05,2025-10-20,4,0.83,52,13,1144.61,4578.44,4554.4,Electronics,Offline,Low Value,Bronze,247,High,1
CUST101456,Brian Chen,Male,39,Kanpur,Uttar Pradesh,2024-05-02,2026-01-25,26,12.16,234,9,3323.97,86423.22,86427.41,Sports,Online,Medium Value,Silver,150,Medium,0
CUST101457,Christopher Hill,Female,54,Visakhapatnam,Andhra Pradesh,2020-12-20,2026-02-18,33,6.0,165,5,2763.99,91211.67,91262.75,Beauty,Offline,Medium Value,Silver,126,Medium,0
CUST101458,Richard Smith,Other,39,Indore,Madhya Pradesh,2021-04-03,2024-12-14,45,8.62,585,13,3512.59,158066.55,158003.75,Sports,Online,Medium Value,Gold,557,High,0
CUST101459,Richard Alvarez,Other,44,Ranchi,Jharkhand,2023-11-13,2026-05-04,39,14.96,507,13,3745.57,146077.23,146048.21,Electronics,Online,Medium Value,Gold,51,Low,0
CUST101460,Jacqueline Davis,Male,37,Mumbai,Maharashtra,2022-12-16,2025-01-26,26,7.4,286,11,5074.13,131927.38,131998.23,Sports,Online,Medium Value,Gold,514,High,0
CUST101461,Brandon Montgomery,Female,42,Indore,Madhya Pradesh,2020-08-04,2026-04-27,19,3.23,114,6,1916.71,36417.49,36408.52,Beauty,Online,Medium Value,Silver,58,Low,0
CUST101462,Yolanda Garrett,Male,52,Pune,Maharashtra,2020-11-07,2026-04-30,52,9.25,624,12,8397.67,436678.84,436615.61,Electronics,Online,High Value,Gold,55,Low,0
CUST101463,Matthew Miles,Female,55,Ranchi,Jharkhand,2022-01-28,2026-04-07,13,2.96,234,18,557.1,7242.3,7250.7,Home & Kitchen,Online,Low Value,Bronze,78,Low,0
CUST101464,Beth Hall,Female,49,Chennai,Tamil Nadu,2022-02-21,2026-04-08,1,0.5,5,5,1519.8,1519.8,3291.34,Sports,Online,Low Value,Bronze,77,Low,1
CUST101465,Dr. Nicole Trujillo,Female,33,Kochi,Kerala,2021-04-18,2026-03-19,126,24.34,1638,13,13436.91,1693050.66,1693250.79,Grocery,Offline,High Value,Platinum,97,Medium,0
CUST101466,Corey Norris,Female,53,Guwahati,Assam,2023-03-21,2024-10-16,19,5.84,95,5,229.42,4358.98,4361.5,Beauty,Offline,Low Value,Bronze,616,High,0
CUST101467,Chad Roach,Male,23,Visakhapatnam,Andhra Pradesh,2023-12-24,2026-04-26,43,17.24,860,20,411.61,17699.23,17699.11,Home & Kitchen,Offline,Medium Value,Bronze,59,Low,0
CUST101468,Mr. Edward Terry,Male,60,Nagpur,Maharashtra,2023-01-15,2026-05-11,12,3.5,12,1,217.95,2615.4,2618.98,Fashion,Online,Low Value,Bronze,44,Low,0
CUST101469,Cody Bailey,Male,53,Ahmedabad,Gujarat,2022-01-24,2025-09-18,8,1.81,16,2,1785.99,14287.92,14249.29,Beauty,Offline,Low Value,Bronze,279,High,1
CUST101470,Denise Guerra,Male,36,Lucknow,Uttar Pradesh,2019-02-04,2025-06-24,23,3.12,391,17,1519.49,34948.27,34980.1,Sports,Online,Medium Value,Silver,365,High,0
CUST101471,Kristen Jones,Male,40,Kanpur,Uttar Pradesh,2021-04-14,2026-06-02,8,1.54,24,3,1869.26,14954.08,14935.14,Grocery,Online,Medium Value,Bronze,22,Low,1
CUST101472,Edward Baker,Male,38,Lucknow,Uttar Pradesh,2022-07-31,2026-04-24,1,0.5,6,6,767.12,767.12,1493.28,Electronics,Online,Low Value,Bronze,61,Low,1
CUST101473,Aaron Little,Male,40,Kochi,Kerala,2019-03-01,2025-10-29,30,4.1,510,17,3460.61,103818.3,103718.82,Fashion,Online,Medium Value,Silver,238,High,0
CUST101474,Cody Smith,Male,29,Lucknow,Uttar Pradesh,2020-08-03,2026-06-19,10,1.7,40,4,2927.85,29278.5,29284.91,Home & Kitchen,Online,Medium Value,Bronze,5,Low,1
CUST101475,Patty Allen,Female,51,Patna,Bihar,2020-04-07,2026-04-23,17,2.74,153,9,6663.48,113279.16,113321.67,Fashion,Online,Medium Value,Silver,62,Low,0
CUST101476,Mary Ryan,Female,33,Coimbatore,Tamil Nadu,2022-09-12,2026-05-29,4,1.06,16,4,826.53,3306.12,3307.79,Electronics,Online,Low Value,Bronze,26,Low,1
CUST101477,Joseph Jimenez,Female,30,Bhopal,Madhya Pradesh,2019-05-01,2026-04-20,1,0.5,9,9,1504.19,1504.19,5372.25,Grocery,Offline,Low Value,Bronze,65,Low,1
CUST101478,Lisa Morris,Male,33,Kanpur,Uttar Pradesh,2022-03-26,2026-03-12,5,1.18,25,5,609.56,3047.8,3050.42,Grocery,Online,Low Value,Bronze,104,Medium,1
CUST101479,Ashley Mills,Male,32,Coimbatore,Tamil Nadu,2023-03-27,2026-02-19,18,5.56,216,12,3161.79,56912.22,56938.02,Beauty,Online,Medium Value,Silver,125,Medium,0
CUST101480,Russell Anderson,Female,43,Kolkata,West Bengal,2022-07-17,2026-04-27,6,1.53,42,7,1926.58,11559.48,11588.91,Grocery,Online,Low Value,Bronze,58,Low,1
CUST101481,Christina Washington,Male,41,Mumbai,Maharashtra,2020-01-12,2026-06-08,144,22.35,1008,7,10738.15,1546293.6,1546103.97,Sports,Online,High Value,Platinum,16,Low,0
CUST101482,Kenneth Huff,Female,52,Bengaluru,Karnataka,2020-02-11,2026-06-05,9,1.42,225,25,4979.33,44813.97,44969.52,Beauty,Online,Medium Value,Silver,19,Low,1
CUST101483,Kelly Miles,Female,57,Coimbatore,Tamil Nadu,2019-04-25,2026-03-06,81,11.31,1782,22,2585.25,209405.25,209337.3,Home & Kitchen,Online,Medium Value,Gold,110,Low,0
CUST101484,Jacob Obrien,Male,40,Ahmedabad,Gujarat,2024-01-07,2026-02-14,21,8.55,21,1,2749.93,57748.53,57741.75,Sports,Online,Medium Value,Silver,130,Medium,0
CUST101485,Timothy Clark,Female,33,Surat,Gujarat,2020-08-14,2025-12-24,28,4.78,196,7,7665.95,214646.6,214492.13,Fashion,Online,Medium Value,Gold,182,High,0
CUST101486,Steve Miller PhD,Male,35,Lucknow,Uttar Pradesh,2020-10-20,2026-06-15,22,3.88,308,14,4379.12,96340.64,96340.4,Beauty,Online,Medium Value,Silver,9,Low,0
CUST101487,Justin Hurley,Male,24,Visakhapatnam,Andhra Pradesh,2023-07-16,2026-04-22,30,10.22,480,16,5033.37,151001.1,150978.22,Electronics,Online,Medium Value,Gold,63,Low,0
CUST101488,Jacob Erickson,Male,34,Surat,Gujarat,2023-07-18,2026-03-09,29,9.9,783,27,5019.64,145569.56,145579.87,Fashion,Online,Medium Value,Gold,107,Low,0
CUST101489,Deborah Williams,Female,49,Ranchi,Jharkhand,2021-12-08,2025-10-21,20,4.41,240,12,5380.15,107603.0,107637.91,Grocery,Online,Medium Value,Silver,246,High,0
CUST101490,Eric Blackburn,Female,39,Jaipur,Rajasthan,2022-09-13,2025-02-04,14,3.71,210,15,3306.74,46294.36,46284.22,Sports,Online,Medium Value,Silver,505,High,0
CUST101491,Anne Hardy,Female,41,Nashik,Maharashtra,2023-03-08,2026-06-20,34,10.33,408,12,2169.84,73774.56,73763.63,Beauty,Offline,Medium Value,Silver,4,Low,0
CUST101492,Chelsey Fox,Female,29,Surat,Gujarat,2019-01-18,2025-07-09,22,2.96,176,8,4977.99,109515.78,109407.02,Sports,Online,Medium Value,Silver,350,High,0
CUST101493,Mario White,Female,63,Indore,Madhya Pradesh,2019-10-06,2026-06-05,81,12.07,1377,17,4439.56,359604.36,359583.94,Beauty,Online,High Value,Gold,19,Low,0
CUST101494,Jennifer Garcia,Male,28,Coimbatore,Tamil Nadu,2022-07-08,2026-04-25,15,3.79,165,11,200.0,3000.0,2998.8,Grocery,Online,Low Value,Bronze,60,Low,0
CUST101495,Heather Ellis,Female,45,Patna,Bihar,2022-10-13,2025-11-29,16,4.34,32,2,4317.68,69082.88,69157.59,Sports,Online,Medium Value,Silver,207,High,0
CUST101496,Sonya Jackson,Female,35,Bengaluru,Karnataka,2021-01-31,2026-02-14,28,5.2,196,7,6497.65,181934.2,182051.61,Beauty,Online,Medium Value,Gold,130,Low,0
CUST101497,James Morgan,Male,63,Surat,Gujarat,2019-01-22,2026-01-24,20,2.7,140,7,3555.22,71104.4,71168.64,Beauty,Online,Medium Value,Silver,151,Medium,0
CUST101498,Zachary Ramos,Male,45,Nashik,Maharashtra,2023-11-23,2025-12-07,25,9.69,300,12,2802.97,70074.25,70049.16,Fashion,Online,Medium Value,Silver,199,High,0
CUST101499,Ethan Frey,Female,28,Bengaluru,Karnataka,2021-03-16,2023-12-29,12,2.28,72,6,2914.17,34970.04,34999.72,Grocery,Online,Medium Value,Silver,908,High,0
CUST101500,Jacob Duran,Male,33,Nagpur,Maharashtra,2021-01-14,2025-10-20,36,6.62,468,13,4876.24,175544.64,175433.83,Fashion,Online,Medium Value,Gold,247,High,0
CUST101501,Nicholas Franklin,Male,40,Coimbatore,Tamil Nadu,2023-02-19,2026-03-08,24,7.19,216,9,200.0,4800.0,4799.24,Grocery,Online,Low Value,Bronze,108,Medium,0
CUST101502,Cindy Cannon,Male,37,Nagpur,Maharashtra,2021-04-13,2026-01-19,63,12.14,1512,24,10380.34,653961.42,654151.55,Beauty,Online,High Value,Gold,156,Low,0
CUST101503,Dawn Nixon,Male,26,Hyderabad,Telangana,2021-06-16,2026-03-31,38,7.58,418,11,4072.13,154740.94,154819.65,Grocery,Offline,Medium Value,Gold,85,Low,0
CUST101504,James Barber,Male,34,Surat,Gujarat,2019-12-26,2026-02-15,25,3.85,300,12,200.0,5000.0,4996.3,Sports,Online,Low Value,Bronze,129,Medium,0
CUST101505,Ms. Kelly Holder,Male,38,Madurai,Tamil Nadu,2023-05-20,2026-01-07,24,7.76,120,5,4289.22,102941.28,102883.03,Fashion,Online,Medium Value,Silver,168,Medium,0
CUST101506,Eric Walker,Female,19,Bhopal,Madhya Pradesh,2021-10-06,2026-06-05,11,2.34,187,17,2109.94,23209.34,23250.07,Beauty,Offline,Medium Value,Bronze,19,Low,0
CUST101507,Alison Short,Female,33,Mumbai,Maharashtra,2021-06-18,2026-06-05,36,7.19,684,19,2731.44,98331.84,98396.9,Electronics,Offline,Medium Value,Silver,19,Low,0
CUST101508,Desiree Spencer,Male,24,Nashik,Maharashtra,2019-11-28,2026-06-10,14,2.13,182,13,4260.61,59648.54,59581.35,Grocery,Online,Medium Value,Silver,14,Low,0
CUST101509,Tammy Moore,Female,31,Bhopal,Madhya Pradesh,2020-03-29,2025-01-28,1,0.5,4,4,1292.23,1292.23,4026.17,Fashion,Online,Low Value,Bronze,512,High,1
CUST101510,Henry Taylor,Female,51,Delhi,Delhi,2019-08-12,2025-04-07,9,1.31,63,7,1655.97,14903.73,14883.83,Home & Kitchen,Offline,Medium Value,Bronze,443,High,1
CUST101511,Kevin Hall,Female,60,Pune,Maharashtra,2023-01-08,2026-01-08,6,1.74,30,5,530.43,3182.58,3186.41,Grocery,Online,Low Value,Bronze,167,Medium,1
CUST101512,Anna Ross,Male,46,Delhi,Delhi,2022-02-15,2026-05-21,12,2.76,120,10,1986.16,23833.92,23833.27,Beauty,Offline,Medium Value,Bronze,34,Low,0
CUST101513,Morgan Cummings,Male,37,Madurai,Tamil Nadu,2022-07-22,2025-10-24,43,10.98,215,5,11799.65,507384.95,507599.14,Electronics,Online,High Value,Gold,243,High,0
CUST101514,Carrie Petersen,Female,46,Ahmedabad,Gujarat,2019-10-27,2026-06-19,120,18.04,2400,20,6705.51,804661.2,804793.38,Fashion,Online,High Value,Platinum,5,Low,0
CUST101515,Laura Velez,Female,44,Madurai,Tamil Nadu,2019-06-27,2026-05-04,107,15.31,2568,24,10610.08,1135278.56,1134969.77,Electronics,Online,High Value,Platinum,51,Low,0
CUST101516,Elizabeth Cross,Female,45,Pune,Maharashtra,2019-03-07,2025-07-17,8,1.1,40,5,1668.35,13346.8,13385.17,Home & Kitchen,Online,Low Value,Bronze,342,High,1
CUST101517,Angela Brown,Female,50,Delhi,Delhi,2019-04-13,2025-08-30,5,0.7,45,9,1516.88,7584.4,7636.94,Fashion,Online,Low Value,Bronze,298,High,1
CUST101518,Hannah Montoya,Female,32,Ranchi,Jharkhand,2024-05-08,2025-08-08,50,23.56,100,2,4046.75,202337.5,202298.72,Electronics,Online,Medium Value,Gold,320,High,0
CUST101519,Sean Kane,Male,39,Chennai,Tamil Nadu,2021-11-21,2025-09-03,1,0.5,7,7,1221.96,1221.96,2800.22,Grocery,Online,Low Value,Bronze,294,High,1
CUST101520,Matthew Guzman,Female,38,Bengaluru,Karnataka,2019-01-14,2026-05-27,91,12.24,2548,28,13218.72,1202903.52,1203123.92,Home & Kitchen,Offline,High Value,Platinum,28,Low,0
CUST101521,Richard Reyes,Female,30,Lucknow,Uttar Pradesh,2022-01-02,2024-08-27,5,1.12,45,9,1695.42,8477.1,8484.48,Home & Kitchen,Online,Low Value,Bronze,666,High,1
CUST101522,Andrew Fernandez,Male,26,Nagpur,Maharashtra,2019-11-14,2025-12-08,33,5.0,495,15,1356.03,44748.99,44774.05,Home & Kitchen,Online,Medium Value,Silver,198,High,0
CUST101523,Jonathan Walker,Male,29,Surat,Gujarat,2022-05-06,2026-06-21,63,15.26,1890,30,12410.81,781881.03,781926.22,Fashion,Offline,High Value,Platinum,3,Low,0
CUST101524,Nicholas Long,Male,28,Ahmedabad,Gujarat,2022-11-07,2026-03-21,24,6.63,144,6,4224.67,101392.08,101455.58,Home & Kitchen,Online,Medium Value,Silver,95,Medium,0
CUST101525,Kurt Wagner,Female,44,Kanpur,Uttar Pradesh,2020-02-06,2026-03-25,37,5.81,333,9,2322.0,85914.0,85986.66,Fashion,Online,Medium Value,Silver,91,Medium,0
CUST101526,Dylan Foster,Female,45,Delhi,Delhi,2022-09-28,2026-05-13,12,3.22,96,8,3766.08,45192.96,45253.38,Beauty,Offline,Medium Value,Silver,42,Low,0
CUST101527,Bradley Duncan,Male,18,Visakhapatnam,Andhra Pradesh,2022-01-06,2026-06-06,14,3.14,252,18,4471.2,62596.8,62577.46,Sports,Online,Medium Value,Silver,18,Low,0
CUST101528,James Miller,Male,58,Bhopal,Madhya Pradesh,2023-11-16,2023-11-16,10,3.85,10,1,549.87,5498.7,5500.43,Home & Kitchen,Online,Low Value,Bronze,951,High,0
CUST101529,Patricia Anderson,Female,36,Hyderabad,Telangana,2020-04-17,2025-03-13,11,1.78,154,14,3399.42,37393.62,37390.92,Beauty,Online,Medium Value,Silver,468,High,1
CUST101530,Justin Freeman,Male,39,Guwahati,Assam,2021-12-24,2026-02-05,37,8.24,37,1,3231.24,119555.88,119623.03,Sports,Online,Medium Value,Silver,139,Medium,0
CUST101531,Christina Gilbert,Male,18,Visakhapatnam,Andhra Pradesh,2022-03-18,2025-06-12,21,4.93,231,11,2405.31,50511.51,50549.44,Electronics,Online,Medium Value,Silver,377,High,0
CUST101532,Danielle Jones,Other,47,Delhi,Delhi,2021-10-05,2026-05-17,6,1.27,66,11,2479.01,14874.06,14834.49,Sports,Offline,Medium Value,Bronze,38,Low,1
CUST101533,Erica Glass,Female,42,Mumbai,Maharashtra,2022-08-20,2026-05-12,23,5.99,391,17,3867.14,88944.22,88914.89,Electronics,Online,Medium Value,Silver,43,Low,0
CUST101534,Michael Henderson,Female,43,Pune,Maharashtra,2019-05-09,2026-04-06,17,2.39,136,8,2242.84,38128.28,38172.12,Beauty,Online,Medium Value,Silver,79,Low,0
CUST101535,Frank Wheeler,Female,24,Pune,Maharashtra,2024-04-27,2026-06-01,68,31.6,1428,21,12748.23,866879.64,866900.58,Home & Kitchen,Online,High Value,Platinum,23,Low,0
CUST101536,Eric Huerta,Male,43,Bhopal,Madhya Pradesh,2023-01-02,2026-05-03,127,36.61,3556,28,4286.62,544400.74,544378.68,Grocery,Online,High Value,Gold,52,Low,0
CUST101537,Wanda Ramos,Female,24,Patna,Bihar,2021-05-01,2025-11-11,40,7.78,480,12,4519.49,180779.6,180789.99,Sports,Online,Medium Value,Gold,225,High,0
CUST101538,Andrew Meyers,Female,30,Nagpur,Maharashtra,2019-06-16,2026-05-24,84,11.97,1764,21,7665.96,643940.64,643900.97,Electronics,Offline,High Value,Gold,31,Low,0
CUST101539,James Todd,Female,30,Pune,Maharashtra,2020-03-21,2026-04-20,25,4.0,175,7,4931.78,123294.5,123358.64,Sports,Offline,Medium Value,Gold,65,Low,0
CUST101540,Ashley Brown,Male,38,Ranchi,Jharkhand,2023-01-24,2026-05-28,1,0.5,4,4,1676.39,1676.39,2857.09,Fashion,Online,Low Value,Bronze,27,Low,1
CUST101541,Tammy Melton,Female,44,Madurai,Tamil Nadu,2019-04-20,2026-04-11,194,27.05,6014,31,4992.4,968525.6,968696.46,Home & Kitchen,Offline,High Value,Platinum,74,Low,0
CUST101542,Alexis Benson,Female,42,Kochi,Kerala,2021-11-24,2026-06-16,22,4.81,176,8,5772.03,126984.66,127016.42,Beauty,Online,Medium Value,Gold,8,Low,0
CUST101543,Jerry Johnson,Male,29,Surat,Gujarat,2021-05-10,2026-05-12,9,1.76,117,13,6794.39,61149.51,61190.25,Grocery,Online,Medium Value,Silver,43,Low,1
CUST101544,Joshua Harris,Female,31,Madurai,Tamil Nadu,2022-09-26,2024-04-26,1,0.5,7,7,841.57,841.57,1572.54,Electronics,Offline,Low Value,Bronze,789,High,1
CUST101545,Deanna Webb,Female,36,Hyderabad,Telangana,2020-01-17,2026-06-08,26,4.04,234,9,3851.25,100132.5,100020.94,Fashion,Offline,Medium Value,Silver,16,Low,0
CUST101546,Brenda Hale,Male,33,Kolkata,West Bengal,2019-03-30,2025-12-03,3,0.5,12,4,1165.04,3495.12,4212.01,Sports,Online,Low Value,Bronze,203,High,1
CUST101547,Kevin Alvarado,Male,48,Hyderabad,Telangana,2023-11-26,2026-02-23,11,4.28,88,8,1521.43,16735.73,16740.6,Electronics,Offline,Medium Value,Bronze,121,Medium,0
CUST101548,Christopher Campbell,Female,55,Surat,Gujarat,2019-06-09,2026-04-24,122,17.34,2806,23,9679.09,1180848.98,1180936.43,Electronics,Offline,High Value,Platinum,61,Low,0
CUST101549,Lisa Brown,Male,48,Hyderabad,Telangana,2019-02-18,2026-03-24,54,7.36,810,15,6160.25,332653.5,332799.56,Beauty,Offline,High Value,Gold,92,Low,0
CUST101550,Alejandra Price,Female,32,Guwahati,Assam,2023-10-12,2026-03-22,1,0.5,8,8,1776.86,1776.86,2393.47,Sports,Online,Low Value,Bronze,94,Medium,1
CUST101551,Samuel Keller,Male,41,Delhi,Delhi,2020-05-01,2026-04-09,21,3.42,336,16,3670.94,77089.74,77097.88,Fashion,Offline,Medium Value,Silver,76,Low,0
CUST101552,Alicia Dillon,Male,18,Madurai,Tamil Nadu,2022-04-01,2025-09-16,1,0.5,10,10,346.86,346.86,732.66,Sports,Online,Low Value,Bronze,281,High,1
CUST101553,Crystal James,Male,29,Bhopal,Madhya Pradesh,2022-05-19,2025-12-21,12,2.93,60,5,2724.89,32698.68,32678.91,Home & Kitchen,Offline,Medium Value,Bronze,185,High,0
CUST101554,Ariana Stewart,Female,33,Nashik,Maharashtra,2023-05-12,2025-11-30,21,6.75,189,9,3435.44,72144.24,72186.57,Fashion,Online,Medium Value,Silver,206,High,0
CUST101555,Kim Lopez,Male,55,Chennai,Tamil Nadu,2023-02-27,2026-06-14,14,4.22,308,22,200.0,2800.0,2798.31,Electronics,Offline,Low Value,Bronze,10,Low,0
CUST101556,Judith House,Female,47,Hyderabad,Telangana,2020-07-24,2024-12-03,24,4.06,552,23,5880.33,141127.92,141120.51,Grocery,Online,Medium Value,Gold,568,High,0
CUST101557,David Moreno,Female,18,Kochi,Kerala,2019-02-26,2026-05-14,30,4.1,450,15,3213.14,96394.2,96410.03,Grocery,Offline,Medium Value,Silver,41,Low,0
CUST101558,James Moore,Male,63,Kolkata,West Bengal,2021-06-10,2026-01-31,3,0.6,33,11,427.1,1281.3,1289.54,Sports,Online,Low Value,Bronze,144,Medium,1
CUST101559,Harold Garrett,Male,42,Kochi,Kerala,2022-11-10,2024-11-09,4,1.11,32,8,1357.12,5428.48,5444.09,Fashion,Online,Low Value,Bronze,592,High,1
CUST101560,William Mason,Male,30,Madurai,Tamil Nadu,2023-01-22,2026-06-20,17,4.98,272,16,5604.6,95278.2,95290.63,Electronics,Offline,Medium Value,Silver,4,Low,0
CUST101561,Lori Johns,Male,35,Madurai,Tamil Nadu,2019-09-11,2026-04-03,12,1.77,108,9,2803.07,33636.84,33633.16,Sports,Online,Medium Value,Bronze,82,Low,1
CUST101562,Robin Johnson,Female,42,Mumbai,Maharashtra,2022-09-27,2026-04-03,8,2.14,32,4,2405.38,19243.04,19223.02,Beauty,Offline,Medium Value,Bronze,82,Low,0
CUST101563,Diana Hernandez,Female,55,Coimbatore,Tamil Nadu,2021-09-29,2025-05-19,10,2.11,110,11,3430.36,34303.6,34223.49,Grocery,Online,Medium Value,Silver,401,High,0
CUST101564,Mary Miller,Male,67,Coimbatore,Tamil Nadu,2019-04-06,2026-04-15,3,0.5,21,7,1497.9,4493.7,5401.05,Sports,Online,Low Value,Bronze,70,Low,1
CUST101565,Tyler Salazar,Male,42,Indore,Madhya Pradesh,2023-04-12,2026-04-03,17,5.32,153,9,452.44,7691.48,7690.48,Grocery,Online,Low Value,Bronze,82,Low,0
CUST101566,Crystal Allen,Male,32,Delhi,Delhi,2021-12-09,2026-04-02,12,2.65,96,8,4695.7,56348.4,56417.82,Fashion,Offline,Medium Value,Silver,83,Low,0
CUST101567,Wesley Browning,Male,40,Kolkata,West Bengal,2021-11-08,2026-04-08,147,31.83,3969,27,2179.48,320383.56,320416.14,Home & Kitchen,Online,High Value,Gold,77,Low,0
CUST101568,Joshua Clark,Female,43,Mumbai,Maharashtra,2020-10-21,2026-03-04,28,4.94,588,21,1996.9,55913.2,55906.64,Electronics,Online,Medium Value,Silver,112,Medium,0
CUST101569,Joshua Mcbride,Male,57,Vadodara,Gujarat,2019-01-13,2026-06-14,33,4.44,363,11,6005.86,198193.38,198361.59,Fashion,Online,Medium Value,Gold,10,Low,0
CUST101570,Ellen Thornton,Female,39,Kanpur,Uttar Pradesh,2023-09-26,2025-07-06,17,6.21,187,11,200.0,3400.0,3400.41,Fashion,Offline,Low Value,Bronze,353,High,0
CUST101571,Brandy Forbes,Male,34,Coimbatore,Tamil Nadu,2022-05-13,2026-04-19,87,21.17,2175,25,6749.19,587179.53,587168.81,Grocery,Online,High Value,Gold,66,Low,0
CUST101572,Brianna Fitzpatrick,Male,30,Coimbatore,Tamil Nadu,2019-10-27,2025-12-24,1,0.5,8,8,1525.19,1525.19,5073.53,Sports,Online,Low Value,Bronze,182,High,1
CUST101573,Emily Grant,Female,49,Hyderabad,Telangana,2022-07-19,2026-02-13,2,0.51,8,4,1794.67,3589.34,3593.47,Home & Kitchen,Online,Low Value,Bronze,131,Medium,1
CUST101574,Bailey Stewart,Female,27,Kanpur,Uttar Pradesh,2019-12-24,2026-05-26,9,1.39,81,9,2857.61,25718.49,25795.4,Sports,Offline,Medium Value,Bronze,29,Low,1
CUST101575,Monica Cannon,Male,39,Mumbai,Maharashtra,2023-01-28,2026-03-22,59,17.36,1652,28,15204.55,897068.45,896819.1,Grocery,Offline,High Value,Platinum,94,Medium,0
CUST101576,Jennifer Jenkins,Male,40,Chandigarh,Chandigarh,2021-10-08,2026-03-22,88,18.71,2024,23,15155.39,1333674.32,1333748.18,Beauty,Online,High Value,Platinum,94,Medium,0
CUST101577,Timothy Shannon,Male,48,Coimbatore,Tamil Nadu,2020-05-11,2025-08-10,29,4.74,406,14,4319.08,125253.32,125160.73,Electronics,Offline,Medium Value,Gold,318,High,0
CUST101578,Denise Maxwell,Female,59,Patna,Bihar,2023-08-04,2026-04-05,13,4.51,260,20,1489.72,19366.36,19369.54,Home & Kitchen,Offline,Medium Value,Bronze,80,Low,0
CUST101579,Cody Farmer,Female,28,Delhi,Delhi,2021-05-19,2025-08-23,21,4.12,378,18,4117.81,86474.01,86394.53,Grocery,Offline,Medium Value,Silver,305,High,0
CUST101580,Debra Bradley,Male,42,Bengaluru,Karnataka,2023-04-04,2025-01-19,11,3.42,121,11,4371.79,48089.69,48098.67,Grocery,Online,Medium Value,Silver,521,High,0
CUST101581,David Mcdaniel,Male,30,Chennai,Tamil Nadu,2020-08-01,2026-01-17,14,2.38,140,10,4785.39,66995.46,67072.5,Electronics,Offline,Medium Value,Silver,158,Medium,0
CUST101582,Michael Woods,Male,30,Hyderabad,Telangana,2024-03-22,2026-04-29,22,9.78,110,5,4906.42,107941.24,107990.4,Beauty,Offline,Medium Value,Silver,56,Low,0
CUST101583,Lisa Joseph,Male,26,Mumbai,Maharashtra,2023-09-04,2026-06-20,33,11.79,660,20,2995.65,98856.45,98824.71,Beauty,Offline,Medium Value,Silver,4,Low,0
CUST101584,Samuel Henry,Male,27,Kochi,Kerala,2022-09-18,2024-09-28,5,1.33,40,8,379.74,1898.7,1898.53,Fashion,Offline,Low Value,Bronze,634,High,1
CUST101585,Corey Johnson,Male,18,Indore,Madhya Pradesh,2024-05-10,2026-01-24,169,79.85,2873,17,2127.18,359493.42,359474.78,Beauty,Online,High Value,Gold,151,Low,0
CUST101586,Alexis Nelson,Female,32,Guwahati,Assam,2019-12-07,2026-05-23,16,2.45,208,13,5122.52,81960.32,82087.24,Grocery,Offline,Medium Value,Silver,32,Low,0
CUST101587,Patrick Mcneil,Male,18,Visakhapatnam,Andhra Pradesh,2022-07-19,2026-03-14,21,5.35,147,7,4312.15,90555.15,90574.63,Grocery,Offline,Medium Value,Silver,102,Medium,0
CUST101588,Andrea Ho,Female,35,Lucknow,Uttar Pradesh,2019-06-01,2025-04-30,37,5.24,629,17,3123.02,115551.74,115504.46,Grocery,Online,Medium Value,Silver,420,High,0
CUST101589,Dr. Katherine Nguyen,Male,47,Madurai,Tamil Nadu,2021-03-25,2023-05-27,4,0.76,4,1,775.89,3103.56,3091.66,Electronics,Online,Low Value,Bronze,1124,High,1
CUST101590,David Sullivan,Female,29,Chennai,Tamil Nadu,2023-02-15,2026-01-04,22,6.57,176,8,1625.42,35759.24,35757.5,Fashion,Offline,Medium Value,Silver,171,Medium,0
CUST101591,Nicolas James,Female,28,Kolkata,West Bengal,2020-04-25,2026-01-05,7,1.14,42,6,1634.7,11442.9,11474.72,Fashion,Online,Low Value,Bronze,170,Medium,1
CUST101592,Logan Newton,Other,70,Indore,Madhya Pradesh,2023-12-27,2026-05-10,121,48.67,3751,31,9650.56,1167717.76,1167641.4,Grocery,Online,High Value,Platinum,45,Low,0
CUST101593,Kelly Liu,Male,43,Kanpur,Uttar Pradesh,2023-03-08,2026-05-17,107,32.51,3745,35,8725.28,933604.96,933491.97,Sports,Online,High Value,Platinum,38,Low,0
CUST101594,Kelly Hayes,Male,43,Mumbai,Maharashtra,2024-03-11,2024-11-26,4,1.75,24,6,610.79,2443.16,2437.73,Home & Kitchen,Online,Low Value,Bronze,575,High,1
CUST101595,Amanda Forbes,Female,49,Bengaluru,Karnataka,2021-02-16,2025-02-09,24,4.49,264,11,3630.42,87130.08,87114.97,Fashion,Online,Medium Value,Silver,500,High,0
CUST101596,Jennifer Moss,Male,43,Kochi,Kerala,2019-10-04,2024-12-21,21,3.13,273,13,6259.01,131439.21,131570.13,Beauty,Offline,Medium Value,Gold,550,High,0
CUST101597,Kelli Mccoy,Female,42,Bengaluru,Karnataka,2023-07-10,2026-06-20,118,39.98,3068,26,8806.82,1039204.76,1039179.2,Beauty,Offline,High Value,Platinum,4,Low,0
CUST101598,Eddie Sanders,Female,29,Guwahati,Assam,2023-02-06,2026-06-05,83,24.61,1992,24,10127.33,840568.39,840672.92,Sports,Offline,High Value,Platinum,19,Low,0
CUST101599,Ronald Murray,Female,45,Kolkata,West Bengal,2023-03-21,2026-03-27,4,1.23,24,6,995.13,3980.52,3984.53,Beauty,Offline,Low Value,Bronze,89,Low,1
CUST101600,Louis Brown,Female,32,Nashik,Maharashtra,2023-08-19,2026-05-28,50,17.59,950,19,10908.96,545448.0,545326.14,Fashion,Offline,High Value,Gold,27,Low,0
CUST101601,Brenda Gallegos,Female,23,Bhopal,Madhya Pradesh,2019-08-08,2026-05-28,19,2.76,399,21,2303.06,43758.14,43681.53,Fashion,Online,Medium Value,Silver,27,Low,0
CUST101602,Nathan Wilson,Male,19,Mumbai,Maharashtra,2021-10-25,2025-12-04,54,11.6,1080,20,5235.85,282735.9,282852.01,Grocery,Online,High Value,Gold,202,High,0
CUST101603,Teresa Horton,Male,18,Surat,Gujarat,2021-04-14,2026-05-04,18,3.47,252,14,4009.44,72169.92,72182.54,Electronics,Offline,Medium Value,Silver,51,Low,0
CUST101604,Jason Hayes,Female,41,Kanpur,Uttar Pradesh,2022-09-05,2026-03-12,130,34.26,390,3,19548.45,2541298.5,2541398.05,Home & Kitchen,Online,High Value,Platinum,104,Medium,0
CUST101605,Kevin Marquez,Female,55,Indore,Madhya Pradesh,2023-10-23,2026-02-25,27,10.14,594,22,3279.22,88538.94,88579.07,Fashion,Offline,Medium Value,Silver,119,Medium,0
CUST101606,Jesse Wright,Female,28,Hyderabad,Telangana,2024-01-26,2026-03-29,46,19.14,552,12,16415.34,755105.64,755259.34,Fashion,Online,High Value,Platinum,87,Low,0
CUST101607,Susan Hogan,Male,18,Kolkata,West Bengal,2023-10-08,2025-12-03,15,5.55,45,3,1419.62,21294.3,21312.37,Home & Kitchen,Offline,Medium Value,Bronze,203,High,0
CUST101608,Becky Wilson,Male,29,Bhopal,Madhya Pradesh,2020-10-25,2026-04-11,29,5.13,464,16,5136.0,148944.0,149033.01,Electronics,Online,Medium Value,Gold,74,Low,0
CUST101609,Jack Mills,Female,29,Pune,Maharashtra,2024-02-23,2026-04-30,22,9.45,66,3,630.47,13870.34,13865.16,Grocery,Online,Low Value,Bronze,55,Low,0
CUST101610,Richard Hunt,Female,38,Bengaluru,Karnataka,2019-05-27,2026-06-04,3,0.5,15,5,331.6,994.8,1172.52,Home & Kitchen,Offline,Low Value,Bronze,20,Low,1
CUST101611,Jamie James,Female,42,Delhi,Delhi,2020-11-10,2025-12-28,11,1.96,11,1,2775.45,30529.95,30531.85,Beauty,Online,Medium Value,Bronze,178,Medium,1
CUST101612,Susan Cunningham,Male,28,Hyderabad,Telangana,2022-12-03,2026-06-13,5,1.41,65,13,3878.12,19390.6,19417.36,Beauty,Online,Medium Value,Bronze,11,Low,1
CUST101613,Brittany Melton,Male,68,Visakhapatnam,Andhra Pradesh,2022-05-08,2024-10-07,10,2.43,70,7,2798.05,27980.5,28034.74,Grocery,Online,Medium Value,Bronze,625,High,0
CUST101614,Michael Barnes,Female,25,Delhi,Delhi,2021-01-07,2026-02-12,40,7.33,520,13,5106.7,204268.0,204147.2,Sports,Online,Medium Value,Gold,132,Low,0
CUST101615,Randy Griffin,Female,48,Hyderabad,Telangana,2022-05-05,2026-03-31,10,2.42,200,20,747.79,7477.9,7476.43,Beauty,Online,Low Value,Bronze,85,Low,0
CUST101616,Autumn Anderson,Female,27,Ranchi,Jharkhand,2020-02-28,2026-05-30,3,0.5,12,4,1456.93,4370.79,4599.15,Beauty,Offline,Low Value,Bronze,25,Low,1
CUST101617,Marcus King,Female,41,Bhopal,Madhya Pradesh,2019-08-21,2026-03-01,18,2.63,108,6,5425.12,97652.16,97542.4,Fashion,Online,Medium Value,Silver,115,Medium,0
CUST101618,Scott Stephens,Male,18,Bengaluru,Karnataka,2019-11-09,2026-05-09,22,3.32,440,20,2563.78,56403.16,56325.53,Electronics,Online,Medium Value,Silver,46,Low,0
CUST101619,Stephen Young,Male,38,Bengaluru,Karnataka,2023-06-10,2026-03-03,14,4.62,154,11,2086.79,29215.06,29246.25,Sports,Offline,Medium Value,Bronze,113,Medium,0
CUST101620,Karen Ortiz,Female,26,Nashik,Maharashtra,2024-05-05,2024-05-05,24,11.27,528,22,6824.86,163796.64,163835.13,Beauty,Offline,Medium Value,Gold,780,High,0
CUST101621,Kyle Sanchez,Female,49,Chennai,Tamil Nadu,2022-11-10,2026-05-30,33,9.13,462,14,4432.15,146260.95,146240.93,Home & Kitchen,Online,Medium Value,Gold,25,Low,0
CUST101622,Lisa Grant,Female,34,Chandigarh,Chandigarh,2021-02-11,2025-08-04,58,10.82,696,12,3258.86,189013.88,188926.8,Fashion,Offline,Medium Value,Gold,324,High,0
CUST101623,Amber Hernandez,Female,42,Jaipur,Rajasthan,2023-05-24,2026-05-19,4,1.3,24,6,200.0,800.0,800.82,Home & Kitchen,Offline,Low Value,Bronze,36,Low,1
CUST101624,Amanda Nash,Male,56,Chennai,Tamil Nadu,2019-06-03,2026-05-15,79,11.2,2291,29,12169.58,961396.82,961278.54,Beauty,Offline,High Value,Platinum,40,Low,0
CUST101625,Sara Evans,Male,49,Chennai,Tamil Nadu,2023-10-20,2025-12-26,32,11.98,96,3,4384.86,140315.52,140369.3,Fashion,Online,Medium Value,Gold,180,Low,0
CUST101626,Amber Butler,Female,40,Chennai,Tamil Nadu,2020-08-05,2026-03-24,29,4.93,145,5,1886.1,54696.9,54657.96,Fashion,Offline,Medium Value,Silver,92,Medium,0
CUST101627,Michael Carr,Female,36,Surat,Gujarat,2022-04-17,2026-05-22,29,6.94,377,13,2264.53,65671.37,65703.18,Beauty,Online,Medium Value,Silver,33,Low,0
CUST101628,Linda Cobb,Female,38,Hyderabad,Telangana,2020-12-17,2026-04-13,74,13.43,2146,29,8868.14,656242.36,656390.22,Grocery,Online,High Value,Gold,72,Low,0
CUST101629,Jesse Riley,Female,31,Guwahati,Assam,2022-09-30,2026-04-08,24,6.44,288,12,6007.23,144173.52,144154.44,Electronics,Offline,Medium Value,Gold,77,Low,0
CUST101630,Anna Evans,Male,68,Nagpur,Maharashtra,2020-08-12,2025-12-01,6,1.02,24,4,1591.44,9548.64,9510.73,Beauty,Online,Low Value,Bronze,205,High,1
CUST101631,James Jones,Male,25,Jaipur,Rajasthan,2021-06-01,2026-06-06,18,3.56,270,15,2836.84,51063.12,51069.49,Sports,Online,Medium Value,Silver,18,Low,0
CUST101632,Joshua Carter,Male,22,Patna,Bihar,2019-01-16,2026-05-26,39,5.25,312,8,2494.51,97285.89,97311.5,Fashion,Online,Medium Value,Silver,29,Low,0
CUST101633,Michael Hill,Male,32,Surat,Gujarat,2020-01-31,2024-12-07,5,0.78,15,3,2063.49,10317.45,10285.08,Fashion,Online,Low Value,Bronze,564,High,1
CUST101634,Kelly Dominguez,Female,41,Kanpur,Uttar Pradesh,2022-08-16,2025-11-18,3,0.78,3,1,2954.58,8863.74,8871.26,Grocery,Offline,Low Value,Bronze,218,High,1
CUST101635,Ashley Blair,Female,33,Madurai,Tamil Nadu,2020-12-18,2026-01-14,28,5.08,532,19,5196.01,145488.28,145402.36,Sports,Online,Medium Value,Gold,161,Low,0
CUST101636,Victoria Webb,Male,50,Ranchi,Jharkhand,2020-07-24,2025-01-16,11,1.86,198,18,1975.32,21728.52,21717.65,Grocery,Offline,Medium Value,Bronze,524,High,1
CUST101637,Taylor Andersen,Male,41,Guwahati,Assam,2020-08-04,2026-04-17,107,18.19,2033,19,8369.94,895583.58,895362.9,Grocery,Online,High Value,Platinum,68,Low,0
CUST101638,Lee Stewart,Female,29,Chennai,Tamil Nadu,2020-09-05,2026-06-01,2,0.5,6,3,1390.02,2780.04,4026.4,Beauty,Offline,Low Value,Bronze,23,Low,1
CUST101639,Whitney Gomez,Male,25,Bhopal,Madhya Pradesh,2020-01-31,2024-10-04,1,0.5,6,6,849.84,849.84,2715.3,Grocery,Online,Low Value,Bronze,628,High,1
CUST101640,Justin Stone,Female,24,Patna,Bihar,2019-06-04,2026-05-11,18,2.55,234,13,5022.88,90411.84,90298.39,Home & Kitchen,Online,Medium Value,Silver,44,Low,0
CUST101641,Katherine White,Male,18,Mumbai,Maharashtra,2024-05-03,2024-07-29,9,4.21,36,4,2680.54,24124.86,24099.54,Electronics,Offline,Medium Value,Bronze,695,High,0
CUST101642,Michelle Krause,Male,44,Vadodara,Gujarat,2023-07-19,2026-06-16,18,6.15,180,10,2153.93,38770.74,38769.86,Fashion,Offline,Medium Value,Silver,8,Low,0
CUST101643,Alexander Garrett,Male,49,Chennai,Tamil Nadu,2022-12-23,2025-05-28,11,3.15,154,14,5672.55,62398.05,62472.6,Sports,Online,Medium Value,Silver,392,High,0
CUST101644,Ryan Marsh,Male,39,Bengaluru,Karnataka,2021-01-26,2026-05-25,72,13.33,2232,31,13858.27,997795.44,997874.74,Sports,Online,High Value,Platinum,30,Low,0
CUST101645,Mrs. Felicia Castro DDS,Female,40,Indore,Madhya Pradesh,2022-06-04,2024-12-17,4,0.99,16,4,1458.99,5835.96,5848.78,Beauty,Offline,Low Value,Bronze,554,High,1
CUST101646,Curtis Campbell,Male,28,Kochi,Kerala,2021-01-21,2026-05-10,84,15.51,1932,23,11132.07,935093.88,935026.22,Sports,Online,High Value,Platinum,45,Low,0
CUST101647,Elizabeth Hunter,Female,22,Coimbatore,Tamil Nadu,2019-12-14,2026-03-27,6,0.92,30,5,200.0,1200.0,1199.97,Electronics,Online,Low Value,Bronze,89,Low,1
CUST101648,Aaron Jennings,Female,40,Guwahati,Assam,2022-11-24,2025-08-01,6,1.68,12,2,285.74,1714.44,1716.46,Electronics,Offline,Low Value,Bronze,327,High,1
CUST101649,Nathaniel Gilbert,Male,29,Bengaluru,Karnataka,2022-05-26,2026-02-04,2,0.5,6,3,685.38,1370.76,1396.09,Beauty,Online,Low Value,Bronze,140,Medium,1
CUST101650,Christopher Rivera,Male,36,Nashik,Maharashtra,2022-06-09,2026-03-10,109,27.01,2725,25,8020.44,874227.96,874238.72,Beauty,Offline,High Value,Platinum,106,Medium,0
CUST101651,Michael Hendricks,Female,18,Patna,Bihar,2019-03-13,2026-06-03,48,6.6,768,16,4824.55,231578.4,231721.06,Home & Kitchen,Online,Medium Value,Gold,21,Low,0
CUST101652,Maria Olson,Female,34,Surat,Gujarat,2024-03-10,2025-11-17,36,15.77,432,12,2941.92,105909.12,105934.73,Sports,Online,Medium Value,Silver,219,High,0
CUST101653,Stephanie Herrera,Female,47,Visakhapatnam,Andhra Pradesh,2022-03-30,2026-06-08,67,15.84,804,12,6334.08,424383.36,424401.57,Fashion,Online,High Value,Gold,16,Low,0
CUST101654,Richard Gutierrez,Male,55,Surat,Gujarat,2021-11-27,2026-02-04,47,10.29,329,7,16009.24,752434.28,752301.47,Home & Kitchen,Online,High Value,Platinum,140,Medium,0
CUST101655,Sandy Evans,Male,39,Bengaluru,Karnataka,2022-05-11,2026-05-04,15,3.65,60,4,2598.26,38973.9,39025.12,Electronics,Offline,Medium Value,Silver,51,Low,0
CUST101656,Emily Herrera,Male,32,Bhopal,Madhya Pradesh,2019-10-07,2025-12-29,27,4.03,405,15,1934.7,52236.9,52299.14,Beauty,Online,Medium Value,Silver,177,Medium,0
CUST101657,Michael Marsh,Female,34,Kochi,Kerala,2023-04-09,2026-05-24,29,9.05,232,8,7631.38,221310.02,221231.67,Home & Kitchen,Online,Medium Value,Gold,31,Low,0
CUST101658,Heather Montes,Male,59,Bhopal,Madhya Pradesh,2022-11-16,2026-01-15,14,3.89,140,10,4979.88,69718.32,69690.51,Home & Kitchen,Online,Medium Value,Silver,160,Medium,0
CUST101659,Andre Terrell,Female,41,Kanpur,Uttar Pradesh,2022-05-19,2026-04-09,10,2.44,70,7,4094.76,40947.6,40894.91,Grocery,Online,Medium Value,Silver,76,Low,0
CUST101660,Sarah Duncan,Female,39,Chandigarh,Chandigarh,2022-05-20,2026-06-17,24,5.87,432,18,4108.33,98599.92,98642.44,Beauty,Online,Medium Value,Silver,7,Low,0
CUST101661,Kurt Hancock,Male,37,Coimbatore,Tamil Nadu,2021-10-13,2026-04-08,32,6.82,448,14,200.0,6400.0,6397.08,Electronics,Offline,Low Value,Bronze,77,Low,0
CUST101662,Michele Edwards,Female,34,Kochi,Kerala,2021-06-01,2026-04-10,4,0.79,28,7,925.8,3703.2,3698.46,Grocery,Online,Low Value,Bronze,75,Low,1
CUST101663,Jason Crawford,Male,39,Bhopal,Madhya Pradesh,2021-05-28,2026-03-31,11,2.17,198,18,7713.16,84844.76,84821.95,Home & Kitchen,Online,Medium Value,Silver,85,Low,0
CUST101664,Jesse Sampson,Other,27,Bhopal,Madhya Pradesh,2022-12-11,2026-04-04,4,1.13,48,12,671.21,2684.84,2676.7,Fashion,Online,Low Value,Bronze,81,Low,1
CUST101665,Eric Rodriguez,Male,34,Jaipur,Rajasthan,2019-02-09,2026-03-12,1,0.5,7,7,1094.51,1094.51,4030.43,Beauty,Offline,Low Value,Bronze,104,Medium,1
CUST101666,Paula Gentry,Female,31,Bhopal,Madhya Pradesh,2020-02-13,2025-12-06,24,3.78,264,11,1954.66,46911.84,46951.33,Fashion,Online,Medium Value,Silver,200,High,0
CUST101667,Alexander Webb,Male,43,Ranchi,Jharkhand,2023-03-30,2026-04-08,3,0.93,12,4,1593.1,4779.3,4786.5,Home & Kitchen,Online,Low Value,Bronze,77,Low,1
CUST101668,Cheryl Mclean,Female,35,Ranchi,Jharkhand,2023-09-23,2026-05-17,84,30.59,1260,15,200.0,16800.0,16800.42,Home & Kitchen,Online,Medium Value,Bronze,38,Low,0
CUST101669,Kelly Rowe,Female,37,Guwahati,Assam,2022-02-01,2024-09-15,9,2.05,45,5,945.42,8508.78,8500.63,Beauty,Online,Low Value,Bronze,647,High,0
CUST101670,Shane Short,Female,32,Kochi,Kerala,2019-10-28,2026-06-04,19,2.86,190,10,3355.66,63757.54,63823.6,Fashion,Offline,Medium Value,Silver,20,Low,0
CUST101671,Megan Anderson,Male,24,Mumbai,Maharashtra,2020-04-04,2025-10-30,10,1.61,60,6,1267.04,12670.4,12678.03,Grocery,Online,Low Value,Bronze,237,High,1
CUST101672,Julia Reeves,Other,29,Bhopal,Madhya Pradesh,2021-05-14,2025-10-05,6,1.18,12,2,1364.49,8186.94,8221.31,Sports,Offline,Low Value,Bronze,262,High,1
CUST101673,April Randolph,Male,38,Indore,Madhya Pradesh,2019-04-26,2025-12-05,4,0.56,28,7,1522.4,6089.6,6101.44,Fashion,Offline,Low Value,Bronze,201,High,1
CUST101674,Linda Miller,Female,19,Indore,Madhya Pradesh,2020-10-31,2025-12-23,2,0.5,6,3,535.85,1071.7,1511.09,Fashion,Offline,Low Value,Bronze,183,High,1
CUST101675,Angel Meyer,Female,23,Kanpur,Uttar Pradesh,2021-07-17,2026-02-23,26,5.27,416,16,6827.51,177515.26,177417.5,Electronics,Offline,Medium Value,Gold,121,Low,0
CUST101676,Emily Lane,Male,36,Mumbai,Maharashtra,2019-07-19,2026-03-12,78,11.26,2262,29,10366.22,808565.16,808516.91,Home & Kitchen,Online,High Value,Platinum,104,Medium,0
CUST101677,Steven Flores,Female,18,Lucknow,Uttar Pradesh,2024-05-29,2026-03-25,7,3.39,21,3,3631.04,25417.28,25410.42,Home & Kitchen,Offline,Medium Value,Bronze,91,Medium,0
CUST101678,Donald Flores,Male,58,Nagpur,Maharashtra,2020-05-16,2026-06-12,94,15.41,188,2,15613.25,1467645.5,1467644.65,Electronics,Offline,High Value,Platinum,12,Low,0
CUST101679,Bruce Hernandez,Male,43,Nagpur,Maharashtra,2021-02-03,2025-07-24,27,5.02,297,11,2639.21,71258.67,71277.1,Fashion,Online,Medium Value,Silver,335,High,0
CUST101680,Adrian Dean,Male,29,Bengaluru,Karnataka,2021-12-29,2026-02-17,27,6.03,162,6,2857.62,77155.74,77181.79,Beauty,Offline,Medium Value,Silver,127,Medium,0
CUST101681,Christine Bell,Male,42,Vadodara,Gujarat,2019-02-04,2022-10-06,5,0.68,25,5,649.01,3245.05,3256.33,Electronics,Offline,Low Value,Bronze,1357,High,1
CUST101682,Charles Bush,Male,43,Delhi,Delhi,2022-08-31,2025-12-10,16,4.2,272,17,4579.78,73276.48,73253.91,Home & Kitchen,Online,Medium Value,Silver,196,High,0
CUST101683,David Jones,Female,36,Jaipur,Rajasthan,2022-01-31,2025-12-04,2,0.5,2,1,306.89,613.78,673.44,Grocery,Online,Low Value,Bronze,202,High,1
CUST101684,Gina Wallace,Male,37,Mumbai,Maharashtra,2019-06-23,2026-01-28,105,15.0,2415,23,9436.64,990847.2,990556.54,Sports,Offline,High Value,Platinum,147,Medium,0
CUST101685,John Lowe,Female,38,Delhi,Delhi,2019-09-16,2024-12-19,26,3.84,104,4,1107.21,28787.46,28763.63,Beauty,Online,Medium Value,Bronze,552,High,0
CUST101686,Anthony Simmons,Female,29,Ahmedabad,Gujarat,2020-09-02,2026-05-11,10,1.72,20,2,1037.41,10374.1,10351.89,Fashion,Offline,Low Value,Bronze,44,Low,1
CUST101687,Kyle Watkins,Male,50,Indore,Madhya Pradesh,2021-12-08,2026-06-06,24,5.29,288,12,3931.63,94359.12,94354.06,Electronics,Online,Medium Value,Silver,18,Low,0
CUST101688,Melissa Jensen,Male,51,Surat,Gujarat,2021-05-21,2026-05-11,17,3.34,34,2,5859.4,99609.8,99553.17,Sports,Offline,Medium Value,Silver,44,Low,0
CUST101689,Robert Marquez,Female,22,Jaipur,Rajasthan,2021-11-04,2024-10-19,3,0.65,12,4,662.59,1987.77,1993.94,Home & Kitchen,Online,Low Value,Bronze,613,High,1
CUST101690,Kim Beltran,Male,55,Indore,Madhya Pradesh,2022-09-25,2026-02-22,24,6.42,600,25,6933.08,166393.92,166464.53,Home & Kitchen,Online,Medium Value,Gold,122,Low,0
CUST101691,Julie Anderson,Male,35,Vadodara,Gujarat,2020-03-07,2025-06-03,28,4.45,364,13,5308.14,148627.92,148614.84,Beauty,Offline,Medium Value,Gold,386,High,0
CUST101692,Tamara Mcdonald,Male,49,Bengaluru,Karnataka,2019-11-29,2026-02-27,31,4.72,186,6,3322.8,103006.8,102925.74,Sports,Online,Medium Value,Silver,117,Medium,0
CUST101693,Michael Mckinney,Female,54,Visakhapatnam,Andhra Pradesh,2019-07-07,2026-05-26,108,15.52,3024,28,8729.28,942762.24,942877.91,Sports,Online,High Value,Platinum,29,Low,0
CUST101694,David Walker,Female,59,Hyderabad,Telangana,2022-12-18,2026-01-19,22,6.27,88,4,4388.27,96541.94,96573.66,Electronics,Online,Medium Value,Silver,156,Medium,0
CUST101695,Lisa Durham,Female,20,Surat,Gujarat,2023-12-28,2026-02-25,77,31.01,1078,14,1737.68,133801.36,133810.02,Electronics,Offline,Medium Value,Gold,119,Low,0
CUST101696,Michael Ortega,Male,28,Chennai,Tamil Nadu,2021-11-27,2025-10-24,72,15.77,1224,17,19239.37,1385234.64,1385569.65,Sports,Online,High Value,Platinum,243,High,0
CUST101697,Sonya Chavez,Male,57,Bhopal,Madhya Pradesh,2021-03-26,2026-03-02,136,25.95,1088,8,5026.71,683632.56,683554.11,Fashion,Online,High Value,Platinum,114,Medium,0
CUST101698,John Bell,Male,44,Kanpur,Uttar Pradesh,2022-01-16,2022-11-19,10,2.26,80,8,602.0,6020.0,6026.89,Sports,Online,Low Value,Bronze,1313,High,0
CUST101699,Christopher Tate,Female,30,Lucknow,Uttar Pradesh,2022-02-21,2026-02-12,19,4.39,285,15,3330.89,63286.91,63334.6,Fashion,Online,Medium Value,Silver,132,Medium,0
CUST101700,Bethany Garcia,Female,42,Lucknow,Uttar Pradesh,2022-12-31,2025-11-16,17,4.89,68,4,600.48,10208.16,10201.85,Electronics,Online,Low Value,Bronze,220,High,0
CUST101701,Rebecca Nguyen,Male,26,Patna,Bihar,2022-08-17,2026-03-07,17,4.42,357,21,3482.01,59194.17,59202.27,Electronics,Offline,Medium Value,Silver,109,Medium,0
CUST101702,Rebecca Patel,Female,27,Kanpur,Uttar Pradesh,2020-06-27,2026-05-19,17,2.84,119,7,3881.0,65977.0,65966.27,Electronics,Online,Medium Value,Silver,36,Low,0
CUST101703,Jason Oliver,Male,54,Surat,Gujarat,2020-06-03,2026-06-19,19,3.14,399,21,1506.52,28623.88,28622.44,Electronics,Online,Medium Value,Bronze,5,Low,0
CUST101704,Valerie Reyes,Female,48,Vadodara,Gujarat,2020-07-28,2025-10-04,20,3.39,120,6,3160.74,63214.8,63218.69,Sports,Offline,Medium Value,Silver,263,High,0
CUST101705,Robert Garza,Female,20,Visakhapatnam,Andhra Pradesh,2023-02-26,2026-01-11,72,21.7,1224,17,17511.67,1260840.24,1260955.31,Beauty,Online,High Value,Platinum,164,Medium,0
CUST101706,Jessica Cobb,Female,29,Nagpur,Maharashtra,2021-07-16,2026-03-26,26,5.27,364,14,5451.32,141734.32,141734.92,Beauty,Online,Medium Value,Gold,90,Low,0
CUST101707,Cynthia Bates,Other,40,Visakhapatnam,Andhra Pradesh,2020-11-18,2025-05-28,17,3.04,221,13,4544.95,77264.15,77244.61,Sports,Offline,Medium Value,Silver,392,High,0
CUST101708,Timothy Andrews,Female,34,Madurai,Tamil Nadu,2023-12-29,2026-01-28,48,19.35,288,6,3218.05,154466.4,154458.47,Electronics,Offline,Medium Value,Gold,147,Low,0
CUST101709,Mr. Joel Peters,Female,49,Bhopal,Madhya Pradesh,2023-10-23,2026-05-28,20,7.51,500,25,200.0,4000.0,4001.22,Beauty,Online,Low Value,Bronze,27,Low,0
CUST101710,Casey Blanchard,Female,42,Indore,Madhya Pradesh,2019-03-25,2026-05-15,129,17.81,2967,23,12266.69,1582403.01,1582672.02,Electronics,Online,High Value,Platinum,40,Low,0
CUST101711,Brian Cervantes,Male,47,Patna,Bihar,2021-05-10,2026-05-04,45,8.79,765,17,15144.56,681505.2,681184.27,Sports,Online,High Value,Platinum,51,Low,0
CUST101712,Jamie Snyder,Male,37,Delhi,Delhi,2019-08-25,2025-10-26,4,0.59,24,6,996.97,3987.88,4014.82,Beauty,Online,Low Value,Bronze,241,High,1
CUST101713,Ann Montoya,Female,20,Kolkata,West Bengal,2020-03-26,2026-04-28,15,2.4,240,16,3981.39,59720.85,59621.11,Home & Kitchen,Online,Medium Value,Silver,57,Low,0
CUST101714,Stephanie Fields,Male,29,Chandigarh,Chandigarh,2023-08-12,2026-03-23,58,20.27,1160,20,12551.04,727960.32,727879.57,Home & Kitchen,Online,High Value,Platinum,93,Medium,0
CUST101715,Charles Hernandez,Female,35,Delhi,Delhi,2022-02-24,2026-04-22,11,2.54,44,4,529.84,5828.24,5817.96,Sports,Online,Low Value,Bronze,63,Low,0
CUST101716,Jean Lane,Male,25,Hyderabad,Telangana,2022-08-02,2026-05-03,84,21.61,2268,27,5963.03,500894.52,500979.41,Beauty,Online,High Value,Gold,52,Low,0
CUST101717,Michael Stewart,Male,38,Vadodara,Gujarat,2020-03-25,2025-09-01,32,5.13,384,12,2682.02,85824.64,85886.32,Sports,Offline,Medium Value,Silver,296,High,0
CUST101718,Susan Torres,Male,53,Guwahati,Assam,2019-10-15,2026-01-11,1,0.5,4,4,200.0,200.0,668.58,Beauty,Online,Low Value,Bronze,164,Medium,1
CUST101719,Jessica Haas,Female,53,Vadodara,Gujarat,2020-11-13,2026-01-10,40,7.14,520,13,4576.26,183050.4,183120.31,Beauty,Offline,Medium Value,Gold,165,Low,0
CUST101720,Brandon Smith,Male,43,Nagpur,Maharashtra,2024-04-19,2025-12-13,44,20.24,968,22,15363.77,676005.88,675987.37,Grocery,Online,High Value,Gold,193,High,0
CUST101721,Mrs. Bethany Phillips,Female,30,Delhi,Delhi,2021-04-21,2026-06-07,123,23.8,246,2,7445.06,915742.38,915918.7,Grocery,Online,High Value,Platinum,17,Low,0
CUST101722,Joshua Brown,Male,42,Jaipur,Rajasthan,2020-11-16,2025-11-15,14,2.5,210,15,1172.66,16417.24,16406.0,Grocery,Online,Medium Value,Bronze,221,High,0
CUST101723,Samantha Howard,Male,25,Ahmedabad,Gujarat,2020-11-09,2026-04-05,97,17.27,2522,26,6130.94,594701.18,594558.84,Grocery,Online,High Value,Gold,80,Low,0
CUST101724,Sharon Young,Male,36,Nashik,Maharashtra,2020-07-17,2025-10-01,31,5.23,155,5,6391.53,198137.43,198232.45,Home & Kitchen,Offline,Medium Value,Gold,266,High,0
CUST101725,Jennifer Flores,Male,29,Vadodara,Gujarat,2020-07-21,2026-06-10,115,19.43,1955,17,12720.29,1462833.35,1462969.52,Electronics,Online,High Value,Platinum,14,Low,0
CUST101726,James Gardner,Male,18,Patna,Bihar,2023-12-28,2026-01-19,16,6.44,208,13,4916.26,78660.16,78620.86,Fashion,Offline,Medium Value,Silver,156,Medium,0
CUST101727,Karen Lopez,Male,24,Patna,Bihar,2021-06-25,2026-06-01,2,0.5,8,4,1033.53,2067.06,2579.23,Beauty,Offline,Low Value,Bronze,23,Low,1
CUST101728,Tim Larsen,Male,33,Bengaluru,Karnataka,2019-04-01,2024-10-21,1,0.5,4,4,816.23,816.23,2948.71,Home & Kitchen,Online,Low Value,Bronze,611,High,1
CUST101729,Zachary Santiago,Male,37,Hyderabad,Telangana,2019-04-24,2026-04-28,12,1.68,36,3,8473.97,101687.64,101963.26,Grocery,Offline,Medium Value,Silver,57,Low,1
CUST101730,Benjamin Smith,Male,26,Madurai,Tamil Nadu,2020-05-30,2026-06-13,25,4.12,350,14,5469.64,136741.0,136597.69,Fashion,Online,Medium Value,Gold,11,Low,0
CUST101731,Katelyn Kim,Male,52,Bhopal,Madhya Pradesh,2019-11-30,2026-04-23,53,8.08,1484,28,1303.07,69062.71,69067.81,Electronics,Online,Medium Value,Silver,62,Low,0
CUST101732,Angela May MD,Male,28,Visakhapatnam,Andhra Pradesh,2023-03-03,2026-05-10,15,4.54,180,12,3243.93,48658.95,48668.1,Grocery,Online,Medium Value,Silver,45,Low,0
CUST101733,Richard Munoz,Male,53,Patna,Bihar,2022-09-26,2026-05-04,21,5.62,231,11,3438.34,72205.14,72215.02,Beauty,Online,Medium Value,Silver,51,Low,0
CUST101734,Christopher Hicks,Male,37,Madurai,Tamil Nadu,2019-12-02,2026-05-28,77,11.75,1771,23,14835.92,1142365.84,1142579.09,Electronics,Online,High Value,Platinum,27,Low,0
CUST101735,Joanna Kelly,Female,41,Ahmedabad,Gujarat,2024-02-17,2025-09-05,2,0.85,2,1,2180.07,4360.14,4342.83,Electronics,Online,Low Value,Bronze,292,High,1
CUST101736,Larry Lane,Male,47,Hyderabad,Telangana,2021-02-17,2026-02-22,26,4.87,260,10,1561.1,40588.6,40609.41,Grocery,Online,Medium Value,Silver,122,Medium,0
CUST101737,Cynthia Shaw,Female,45,Nagpur,Maharashtra,2019-01-15,2026-06-20,30,4.04,480,16,4572.75,137182.5,137321.47,Sports,Online,Medium Value,Gold,4,Low,0
CUST101738,Joshua Richardson,Female,36,Lucknow,Uttar Pradesh,2024-04-09,2026-01-22,35,15.9,315,9,4561.0,159635.0,159633.13,Grocery,Online,Medium Value,Gold,153,Low,0
CUST101739,Laura Bush,Female,47,Jaipur,Rajasthan,2020-05-06,2026-02-09,21,3.43,294,14,200.0,4200.0,4203.33,Electronics,Offline,Low Value,Bronze,135,Medium,0
CUST101740,John Vaughn,Female,31,Pune,Maharashtra,2020-08-21,2024-10-09,1,0.5,9,9,717.61,717.61,2093.4,Electronics,Online,Low Value,Bronze,623,High,1
CUST101741,Nicholas Terrell,Female,30,Ranchi,Jharkhand,2024-03-21,2026-04-30,7,3.11,42,6,1028.45,7199.15,7206.98,Grocery,Online,Low Value,Bronze,55,Low,0
CUST101742,Dr. Julie Miller,Female,24,Delhi,Delhi,2023-03-20,2025-11-19,2,0.61,8,4,887.41,1774.82,1763.64,Electronics,Online,Low Value,Bronze,217,High,1
CUST101743,Ann Kennedy,Male,35,Nagpur,Maharashtra,2021-03-26,2026-06-02,64,12.21,896,14,9248.23,591886.72,591733.28,Electronics,Online,High Value,Gold,22,Low,0
CUST101744,Toni Miller,Female,45,Madurai,Tamil Nadu,2023-08-11,2025-04-19,35,12.22,455,13,3386.32,118521.2,118506.09,Sports,Online,Medium Value,Silver,431,High,0
CUST101745,Rebecca Edwards,Female,18,Jaipur,Rajasthan,2021-01-05,2025-11-27,21,3.85,126,6,2280.75,47895.75,47937.27,Grocery,Online,Medium Value,Silver,209,High,0
CUST101746,Greg Osborne,Male,40,Surat,Gujarat,2022-05-11,2026-02-09,113,27.46,2599,23,200.0,22600.0,22599.52,Sports,Online,Medium Value,Bronze,135,Medium,0
CUST101747,Jose Harrison,Female,20,Nagpur,Maharashtra,2021-11-16,2026-04-20,30,6.53,300,10,4898.95,146968.5,147053.94,Sports,Online,Medium Value,Gold,65,Low,0
CUST101748,Jennifer Yu,Male,40,Kolkata,West Bengal,2022-01-19,2026-03-29,7,1.58,7,1,1081.0,7567.0,7552.05,Sports,Offline,Low Value,Bronze,87,Low,1
CUST101749,Donna Johnson,Male,23,Chandigarh,Chandigarh,2022-04-17,2026-06-20,50,11.96,800,16,11475.15,573757.5,573770.7,Grocery,Online,High Value,Gold,4,Low,0
CUST101750,Nicole Acosta,Female,38,Lucknow,Uttar Pradesh,2023-03-08,2026-04-19,7,2.13,84,12,5494.26,38459.82,38512.62,Beauty,Offline,Medium Value,Silver,66,Low,0
CUST101751,Amy Kennedy,Female,37,Nashik,Maharashtra,2020-03-06,2026-06-08,16,2.54,224,14,6951.07,111217.12,111130.72,Electronics,Offline,Medium Value,Silver,16,Low,0
CUST101752,Anthony Mooney,Female,55,Indore,Madhya Pradesh,2023-08-07,2026-04-30,115,40.0,2300,20,13667.52,1571764.8,1571624.48,Fashion,Online,High Value,Platinum,55,Low,0
CUST101753,Lori Mitchell,Female,39,Madurai,Tamil Nadu,2022-06-04,2026-06-08,13,3.21,169,13,3562.37,46310.81,46304.37,Sports,Online,Medium Value,Silver,16,Low,0
CUST101754,Jonathan York,Female,33,Delhi,Delhi,2021-12-08,2024-11-04,3,0.66,33,11,628.98,1886.94,1883.27,Fashion,Offline,Low Value,Bronze,597,High,1
CUST101755,Casey Campbell,Female,28,Coimbatore,Tamil Nadu,2019-03-08,2024-11-11,2,0.5,24,12,1268.91,2537.82,4625.75,Home & Kitchen,Offline,Low Value,Bronze,590,High,1
CUST101756,Alexis Rodriguez,Male,35,Jaipur,Rajasthan,2023-12-29,2024-04-03,16,6.45,48,3,876.94,14031.04,14030.32,Grocery,Offline,Low Value,Bronze,812,High,0
CUST101757,Kevin Hernandez,Female,42,Coimbatore,Tamil Nadu,2019-03-17,2026-05-10,23,3.17,322,14,5131.78,118030.94,118205.58,Grocery,Offline,Medium Value,Silver,45,Low,0
CUST101758,Robert Green,Female,55,Bhopal,Madhya Pradesh,2024-03-17,2026-05-31,76,33.57,2128,28,3765.57,286183.32,286218.27,Fashion,Online,High Value,Gold,24,Low,0
CUST101759,Kari Lloyd,Female,42,Chennai,Tamil Nadu,2021-03-03,2025-10-11,11,2.07,187,17,2728.83,30017.13,29956.17,Sports,Online,Medium Value,Bronze,256,High,0
CUST101760,Grace Miller,Female,22,Nagpur,Maharashtra,2023-07-28,2026-05-14,23,7.93,253,11,5775.56,132837.88,132917.73,Sports,Online,Medium Value,Gold,41,Low,0
CUST101761,Timothy Moore,Male,70,Ranchi,Jharkhand,2021-07-06,2026-01-18,14,2.82,84,6,1617.58,22646.12,22629.91,Grocery,Offline,Medium Value,Bronze,157,Medium,0
CUST101762,Wyatt Townsend II,Male,57,Coimbatore,Tamil Nadu,2024-03-29,2026-05-20,170,76.19,3740,22,8073.16,1372437.2,1372489.14,Fashion,Online,High Value,Platinum,35,Low,0
CUST101763,Mark Clark,Female,63,Nagpur,Maharashtra,2023-07-03,2026-03-16,33,11.11,528,16,5452.25,179924.25,179940.67,Sports,Online,Medium Value,Gold,100,Low,0
CUST101764,Haley May,Male,34,Lucknow,Uttar Pradesh,2019-08-02,2026-02-05,70,10.16,2450,35,6141.55,429908.5,429825.44,Electronics,Online,High Value,Gold,139,Low,0
CUST101765,Audrey Jackson,Male,21,Indore,Madhya Pradesh,2021-12-01,2026-04-13,7,1.54,42,6,1741.98,12193.86,12221.57,Sports,Online,Low Value,Bronze,72,Low,1
CUST101766,Eric Reese,Female,18,Indore,Madhya Pradesh,2022-05-24,2025-08-29,5,1.23,20,4,846.19,4230.95,4245.89,Beauty,Offline,Low Value,Bronze,299,High,1
CUST101767,Kim James,Female,69,Coimbatore,Tamil Nadu,2023-09-22,2026-05-02,8,2.91,120,15,1950.36,15602.88,15600.96,Fashion,Online,Medium Value,Bronze,53,Low,0
CUST101768,Karen Thomas,Male,21,Pune,Maharashtra,2023-03-01,2025-07-27,22,6.65,352,16,6978.28,153522.16,153605.27,Electronics,Offline,Medium Value,Gold,332,High,0
CUST101769,Alexandra Ho,Female,55,Coimbatore,Tamil Nadu,2022-09-28,2026-01-08,11,2.95,176,16,4573.72,50310.92,50349.74,Fashion,Online,Medium Value,Silver,167,Medium,0
CUST101770,Michael Nixon,Male,30,Chandigarh,Chandigarh,2020-09-19,2024-11-24,29,5.04,580,20,842.39,24429.31,24433.53,Fashion,Online,Medium Value,Bronze,577,High,0
CUST101771,Amanda Hardin,Female,33,Delhi,Delhi,2023-12-23,2026-06-13,9,3.6,117,13,1733.98,15605.82,15586.59,Grocery,Offline,Medium Value,Bronze,11,Low,0
CUST101772,Tina Reynolds,Female,44,Chennai,Tamil Nadu,2022-08-31,2024-04-17,7,1.84,21,3,1021.4,7149.8,7157.32,Electronics,Offline,Low Value,Bronze,798,High,1
CUST101773,Shannon Rogers,Female,44,Chandigarh,Chandigarh,2020-12-21,2026-03-02,1,0.5,8,8,2659.52,2659.52,7314.14,Electronics,Online,Low Value,Bronze,114,Medium,1
CUST101774,Brett Pena,Female,18,Madurai,Tamil Nadu,2023-11-17,2025-02-16,9,3.47,81,9,1071.68,9645.12,9651.9,Fashion,Offline,Low Value,Bronze,493,High,0
CUST101775,Raymond Curry,Male,24,Lucknow,Uttar Pradesh,2022-03-21,2025-12-16,28,6.58,420,15,803.85,22507.8,22504.1,Sports,Offline,Medium Value,Bronze,190,High,0
CUST101776,Leah Lee,Male,31,Nashik,Maharashtra,2020-04-08,2026-05-23,22,3.55,22,1,5050.97,111121.34,111243.03,Sports,Online,Medium Value,Silver,32,Low,0
CUST101777,Michael White,Male,46,Madurai,Tamil Nadu,2023-06-20,2026-03-20,14,4.66,154,11,5688.13,79633.82,79683.34,Fashion,Online,Medium Value,Silver,96,Medium,0
CUST101778,Megan Decker,Female,35,Bengaluru,Karnataka,2023-08-24,2025-12-22,8,2.83,64,8,4398.67,35189.36,35206.1,Sports,Offline,Medium Value,Silver,184,High,0
CUST101779,Brent Garcia,Male,31,Delhi,Delhi,2023-09-02,2026-01-23,7,2.5,56,8,1454.73,10183.11,10196.05,Home & Kitchen,Online,Low Value,Bronze,152,Medium,0
CUST101780,Daniel Campbell,Male,58,Chennai,Tamil Nadu,2019-10-20,2026-06-08,89,13.34,2314,26,12329.29,1097306.81,1097385.46,Grocery,Offline,High Value,Platinum,16,Low,0
CUST101781,Alexander Davis,Male,25,Patna,Bihar,2023-07-27,2025-02-03,14,4.82,56,4,1054.41,14761.74,14763.24,Sports,Offline,Medium Value,Bronze,506,High,0
CUST101782,Mary Houston,Female,51,Guwahati,Assam,2019-01-15,2026-01-02,20,2.69,260,13,5216.04,104320.8,104297.24,Beauty,Offline,Medium Value,Silver,173,Medium,0
CUST101783,Margaret Erickson,Female,33,Kanpur,Uttar Pradesh,2023-10-16,2026-04-21,29,10.81,203,7,3653.1,105939.9,105955.4,Home & Kitchen,Offline,Medium Value,Silver,64,Low,0
CUST101784,Scott Anderson,Male,41,Nashik,Maharashtra,2020-01-30,2026-01-20,24,3.75,432,18,1123.18,26956.32,26926.34,Home & Kitchen,Offline,Medium Value,Bronze,155,Medium,0
CUST101785,Stephanie Knight,Male,50,Nashik,Maharashtra,2023-05-10,2025-07-13,8,2.57,8,1,1537.48,12299.84,12321.86,Beauty,Offline,Low Value,Bronze,346,High,0
CUST101786,Stephanie Dominguez,Male,39,Ranchi,Jharkhand,2021-07-22,2025-11-18,38,7.73,418,11,2777.28,105536.64,105563.86,Electronics,Online,Medium Value,Silver,218,High,0
CUST101787,John Mayer,Male,19,Kochi,Kerala,2021-06-23,2026-04-03,25,5.0,200,8,2720.51,68012.75,67966.2,Fashion,Offline,Medium Value,Silver,82,Low,0
CUST101788,Tammy Hill,Female,53,Delhi,Delhi,2022-10-19,2026-03-07,94,25.58,1598,17,11175.33,1050481.02,1050323.75,Sports,Online,High Value,Platinum,109,Medium,0
CUST101789,Steven Carrillo,Male,29,Jaipur,Rajasthan,2021-11-17,2026-06-12,25,5.44,350,14,580.64,14516.0,14511.34,Grocery,Online,Medium Value,Bronze,12,Low,0
CUST101790,Christopher Jones,Male,18,Ahmedabad,Gujarat,2019-01-19,2025-12-16,169,22.77,2197,13,12607.99,2130750.31,2130826.94,Beauty,Online,High Value,Platinum,190,High,0
CUST101791,Janet Cook,Male,32,Bhopal,Madhya Pradesh,2023-05-02,2025-06-13,1,0.5,2,2,1322.94,1322.94,2077.22,Home & Kitchen,Online,Low Value,Bronze,376,High,1
CUST101792,Tyler Baker,Female,38,Ahmedabad,Gujarat,2020-05-15,2026-06-07,15,2.46,225,15,6532.0,97980.0,98062.09,Beauty,Online,Medium Value,Silver,17,Low,0
CUST101793,John Mcfarland,Male,38,Ahmedabad,Gujarat,2019-03-22,2026-03-01,5,0.69,45,9,964.7,4823.5,4827.62,Home & Kitchen,Online,Low Value,Bronze,115,Medium,1
CUST101794,Cassandra Vasquez,Female,33,Patna,Bihar,2023-02-10,2026-01-27,80,23.79,2480,31,11684.73,934778.4,934590.29,Electronics,Online,High Value,Platinum,148,Medium,0
CUST101795,Randy Robinson,Male,21,Vadodara,Gujarat,2021-10-23,2026-05-31,41,8.79,861,21,8899.15,364865.15,364721.89,Fashion,Online,High Value,Gold,24,Low,0
CUST101796,Susan Baldwin,Male,36,Delhi,Delhi,2021-10-03,2026-03-18,11,2.33,77,7,200.0,2200.0,2198.27,Electronics,Online,Low Value,Bronze,98,Medium,0
CUST101797,Benjamin Duncan,Female,50,Indore,Madhya Pradesh,2022-03-11,2026-05-31,96,22.42,2688,28,5535.86,531442.56,531455.9,Grocery,Online,High Value,Gold,24,Low,0
CUST101798,Jeremy Mosley,Female,41,Indore,Madhya Pradesh,2020-02-14,2025-11-03,101,15.9,1515,15,11398.0,1151198.0,1151127.79,Grocery,Online,High Value,Platinum,233,High,0
CUST101799,Martin Fitzpatrick,Female,49,Nagpur,Maharashtra,2022-02-15,2026-01-08,29,6.67,232,8,5157.99,149581.71,149577.61,Sports,Online,Medium Value,Gold,167,Low,0
CUST101800,Deborah Graves,Male,55,Kochi,Kerala,2023-11-06,2026-04-16,6,2.29,36,6,1236.21,7417.26,7432.86,Grocery,Online,Low Value,Bronze,69,Low,0
CUST101801,Laura Robertson,Male,39,Bhopal,Madhya Pradesh,2022-01-17,2026-03-19,6,1.36,30,5,2344.41,14066.46,14115.37,Beauty,Offline,Low Value,Bronze,97,Medium,1
CUST101802,Katherine Graham,Female,18,Kanpur,Uttar Pradesh,2022-10-06,2023-07-04,12,3.23,276,23,2588.71,31064.52,31019.51,Grocery,Offline,Medium Value,Bronze,1086,High,0
CUST101803,Priscilla Floyd,Female,49,Visakhapatnam,Andhra Pradesh,2023-06-28,2026-03-07,13,4.36,286,22,4973.37,64653.81,64710.32,Sports,Offline,Medium Value,Silver,109,Medium,0
CUST101804,April Finley,Female,54,Madurai,Tamil Nadu,2022-03-18,2024-12-31,26,6.1,260,10,3431.0,89206.0,89217.27,Sports,Offline,Medium Value,Silver,540,High,0
CUST101805,Karen Bradley,Female,32,Bhopal,Madhya Pradesh,2019-04-24,2025-11-22,14,1.95,84,6,2350.54,32907.56,32828.4,Grocery,Online,Medium Value,Bronze,214,High,1
CUST101806,Heather Maldonado,Female,33,Patna,Bihar,2023-01-01,2026-06-02,22,6.34,176,8,4744.95,104388.9,104435.93,Beauty,Online,Medium Value,Silver,22,Low,0
CUST101807,Mark Benjamin,Female,22,Nashik,Maharashtra,2021-02-08,2026-05-25,64,11.93,1408,22,10330.48,661150.72,661343.05,Sports,Online,High Value,Gold,30,Low,0
CUST101808,Joseph Woodward,Male,39,Bengaluru,Karnataka,2023-09-01,2026-04-08,52,18.53,1404,27,6202.72,322541.44,322545.69,Beauty,Online,High Value,Gold,77,Low,0
CUST101809,Joe Miranda,Female,23,Kanpur,Uttar Pradesh,2019-02-22,2026-06-20,110,15.01,1540,14,3508.11,385892.1,385933.11,Electronics,Online,High Value,Gold,4,Low,0
CUST101810,Cassandra Williams,Female,33,Ranchi,Jharkhand,2023-05-17,2026-06-16,27,8.71,621,23,6542.73,176653.71,176617.35,Sports,Online,Medium Value,Gold,8,Low,0
CUST101811,Connor Dominguez,Male,49,Mumbai,Maharashtra,2019-11-15,2026-03-19,1,0.5,4,4,1689.75,1689.75,5576.98,Sports,Online,Low Value,Bronze,97,Medium,1
CUST101812,Lydia Howard,Female,27,Kolkata,West Bengal,2022-04-28,2026-01-27,26,6.26,156,6,3968.96,103192.96,103124.07,Electronics,Offline,Medium Value,Silver,148,Medium,0
CUST101813,Mark Moss,Female,32,Lucknow,Uttar Pradesh,2023-07-04,2026-05-02,55,18.53,605,11,9505.02,522776.1,522718.07,Fashion,Offline,High Value,Gold,53,Low,0
CUST101814,Corey Cortez,Male,30,Vadodara,Gujarat,2020-09-12,2026-04-19,107,18.53,4173,39,14160.88,1515214.16,1515137.39,Electronics,Online,High Value,Platinum,66,Low,0
CUST101815,Katherine Brown,Male,36,Indore,Madhya Pradesh,2022-09-13,2025-07-12,16,4.24,64,4,843.11,13489.76,13486.81,Beauty,Online,Low Value,Bronze,347,High,0
CUST101816,Elizabeth Ferguson,Male,50,Madurai,Tamil Nadu,2021-07-24,2026-01-16,34,6.92,442,13,4451.9,151364.6,151315.6,Electronics,Online,Medium Value,Gold,159,Low,0
CUST101817,Joann Forbes,Male,33,Chennai,Tamil Nadu,2019-11-21,2026-02-21,6,0.91,60,10,1947.46,11684.76,11669.03,Home & Kitchen,Online,Low Value,Bronze,123,Medium,1
CUST101818,Anthony French,Male,32,Delhi,Delhi,2023-06-30,2026-05-02,21,7.05,126,6,3585.53,75296.13,75297.6,Electronics,Online,Medium Value,Silver,53,Low,0
CUST101819,Bruce Roman,Female,26,Kanpur,Uttar Pradesh,2021-04-17,2026-04-30,15,2.9,150,10,5191.22,77868.3,77982.71,Sports,Online,Medium Value,Silver,55,Low,0
CUST101820,Judy Gregory,Male,45,Chennai,Tamil Nadu,2022-02-28,2026-04-22,11,2.55,176,16,2488.53,27373.83,27363.61,Electronics,Online,Medium Value,Bronze,63,Low,0
CUST101821,Brittany Riley,Female,24,Kolkata,West Bengal,2020-09-24,2026-04-29,71,12.37,2272,32,9589.04,680821.84,681009.29,Beauty,Online,High Value,Gold,56,Low,0
CUST101822,Amanda Thomas,Male,29,Ahmedabad,Gujarat,2022-07-30,2026-03-05,47,12.06,1081,23,2787.19,130997.93,130956.95,Home & Kitchen,Online,Medium Value,Gold,111,Low,0
CUST101823,Kaitlin Hardin,Female,40,Guwahati,Assam,2020-08-23,2025-07-03,9,1.54,45,5,1609.79,14488.11,14450.25,Beauty,Online,Low Value,Bronze,356,High,1
CUST101824,Michael Anderson,Female,39,Ranchi,Jharkhand,2020-06-01,2026-02-28,19,3.14,418,22,1716.97,32622.43,32650.31,Grocery,Offline,Medium Value,Bronze,116,Medium,0
CUST101825,Anthony Parker,Male,36,Ranchi,Jharkhand,2021-03-17,2025-12-11,14,2.66,182,13,3305.55,46277.7,46292.9,Sports,Offline,Medium Value,Silver,195,High,0
CUST101826,Joy Jackson,Female,52,Visakhapatnam,Andhra Pradesh,2019-08-19,2026-06-08,83,12.13,996,12,10534.58,874370.14,874287.07,Fashion,Offline,High Value,Platinum,16,Low,0
CUST101827,Sabrina Rodriguez,Male,36,Lucknow,Uttar Pradesh,2021-08-01,2025-06-04,3,0.61,27,9,613.55,1840.65,1830.08,Grocery,Online,Low Value,Bronze,385,High,1
CUST101828,Robert Walker PhD,Male,58,Coimbatore,Tamil Nadu,2019-10-19,2026-03-06,9,1.35,45,5,435.16,3916.44,3921.27,Fashion,Online,Low Value,Bronze,110,Medium,1
CUST101829,Robert Hendrix,Male,46,Mumbai,Maharashtra,2023-01-23,2026-03-10,23,6.74,161,7,8424.22,193757.06,193694.56,Electronics,Offline,Medium Value,Gold,106,Low,0
CUST101830,Erika Daugherty,Male,34,Chennai,Tamil Nadu,2019-07-16,2026-04-20,2,0.5,20,10,1250.43,2500.86,4335.85,Electronics,Offline,Low Value,Bronze,65,Low,1
CUST101831,Brenda Copeland,Male,47,Bhopal,Madhya Pradesh,2024-02-11,2025-07-04,26,11.02,338,13,3765.59,97905.34,97933.59,Home & Kitchen,Offline,Medium Value,Silver,355,High,0
CUST101832,Pamela Watkins,Female,30,Kanpur,Uttar Pradesh,2024-03-18,2026-05-31,12,5.31,204,17,1156.21,13874.52,13884.21,Beauty,Online,Low Value,Bronze,24,Low,0
CUST101833,Bryan Thomas,Female,25,Nagpur,Maharashtra,2019-07-01,2026-03-11,8,1.15,40,5,803.55,6428.4,6446.44,Fashion,Online,Low Value,Bronze,105,Medium,1
CUST101834,Michael Tran,Male,52,Nagpur,Maharashtra,2020-08-26,2026-03-22,3,0.52,12,4,1864.65,5593.95,5643.83,Home & Kitchen,Offline,Low Value,Bronze,94,Medium,1
CUST101835,Timothy Williams,Male,55,Indore,Madhya Pradesh,2024-05-12,2026-05-28,8,3.79,80,10,1430.28,11442.24,11442.59,Grocery,Online,Low Value,Bronze,27,Low,0
CUST101836,Ryan Salazar,Male,51,Ahmedabad,Gujarat,2021-10-28,2026-06-16,55,11.83,1595,29,9606.25,528343.75,528306.67,Sports,Online,High Value,Gold,8,Low,0
CUST101837,Alexis Tucker,Male,35,Ranchi,Jharkhand,2022-04-08,2026-05-03,27,6.42,54,2,4935.52,133259.04,133250.53,Electronics,Online,Medium Value,Gold,52,Low,0
CUST101838,Christopher Davis,Male,35,Chennai,Tamil Nadu,2020-02-20,2025-10-02,1,0.5,6,6,415.72,415.72,1316.87,Electronics,Online,Low Value,Bronze,265,High,1
CUST101839,Stacie Butler,Female,30,Delhi,Delhi,2021-03-05,2025-07-07,15,2.83,180,12,3834.29,57514.35,57486.01,Beauty,Online,Medium Value,Silver,352,High,0
CUST101840,Patricia Schwartz,Female,42,Guwahati,Assam,2023-08-07,2026-03-18,17,5.91,204,12,4938.09,83947.53,83896.83,Fashion,Online,Medium Value,Silver,98,Medium,0
CUST101841,Mark Mills,Male,39,Hyderabad,Telangana,2022-01-17,2026-06-10,5,1.13,60,12,3616.02,18080.1,18089.6,Home & Kitchen,Offline,Medium Value,Bronze,14,Low,1
CUST101842,Todd Bishop,Female,50,Patna,Bihar,2019-05-12,2025-05-04,13,1.83,182,14,3672.44,47741.72,47802.95,Sports,Online,Medium Value,Silver,416,High,1
CUST101843,Christopher Porter,Male,32,Jaipur,Rajasthan,2021-04-26,2026-05-16,43,8.34,301,7,2587.76,111273.68,111262.84,Home & Kitchen,Online,Medium Value,Silver,39,Low,0
CUST101844,Lori Patton,Female,26,Bhopal,Madhya Pradesh,2020-06-19,2026-05-28,5,0.83,20,4,1734.32,8671.6,8646.77,Home & Kitchen,Offline,Low Value,Bronze,27,Low,1
CUST101845,Aaron Young,Male,38,Bhopal,Madhya Pradesh,2019-09-04,2026-04-05,18,2.65,198,11,4015.69,72282.42,72342.34,Fashion,Online,Medium Value,Silver,80,Low,0
CUST101846,Joseph Davis,Female,43,Ahmedabad,Gujarat,2022-12-09,2026-05-24,51,14.43,459,9,11444.19,583653.69,583696.93,Home & Kitchen,Online,High Value,Gold,31,Low,0
CUST101847,Philip Fernandez,Female,27,Visakhapatnam,Andhra Pradesh,2019-10-05,2025-08-25,54,8.04,1728,32,6348.04,342794.16,342630.44,Electronics,Online,High Value,Gold,303,High,0
CUST101848,Randy Hopkins,Male,30,Surat,Gujarat,2020-12-07,2026-06-19,11,1.99,66,6,529.28,5822.08,5833.7,Beauty,Online,Low Value,Bronze,5,Low,1
CUST101849,Cory Hogan,Male,49,Surat,Gujarat,2019-09-17,2025-05-11,37,5.47,740,20,2360.36,87333.32,87311.67,Sports,Online,Medium Value,Silver,409,High,0
CUST101850,Tracy Wells,Male,40,Patna,Bihar,2023-10-04,2026-03-17,37,13.62,259,7,1929.15,71378.55,71361.6,Grocery,Offline,Medium Value,Silver,99,Medium,0
CUST101851,Michael Williams,Female,50,Ranchi,Jharkhand,2020-11-20,2025-08-24,1,0.5,3,3,1615.94,1615.94,4512.69,Home & Kitchen,Online,Low Value,Bronze,304,High,1
CUST101852,Dominique Hamilton,Female,43,Kanpur,Uttar Pradesh,2023-12-10,2026-04-05,7,2.76,49,7,1769.92,12389.44,12371.27,Beauty,Online,Low Value,Bronze,80,Low,0
CUST101853,Robert Chang,Male,48,Patna,Bihar,2024-02-27,2025-05-05,4,1.73,24,6,1358.66,5434.64,5444.24,Home & Kitchen,Offline,Low Value,Bronze,415,High,1
CUST101854,Patrick Buckley,Female,36,Ranchi,Jharkhand,2020-06-04,2026-04-27,1,0.5,4,4,1469.52,1469.52,4443.76,Electronics,Online,Low Value,Bronze,58,Low,1
CUST101855,Richard Washington,Male,32,Mumbai,Maharashtra,2020-04-21,2025-12-02,16,2.59,16,1,2722.81,43564.96,43499.88,Sports,Online,Medium Value,Silver,204,High,0
CUST101856,Steven Griffith,Male,63,Visakhapatnam,Andhra Pradesh,2024-03-24,2026-04-14,1,0.5,7,7,1685.58,1685.58,1892.1,Beauty,Online,Low Value,Bronze,71,Low,1
CUST101857,Erika Gonzalez,Male,26,Kanpur,Uttar Pradesh,2020-06-28,2026-01-10,17,2.84,306,18,5551.55,94376.35,94317.83,Grocery,Online,Medium Value,Silver,165,Medium,0
CUST101858,Erika Maxwell,Female,47,Mumbai,Maharashtra,2019-11-11,2026-03-10,4,0.6,24,6,1457.88,5831.52,5783.62,Beauty,Online,Low Value,Bronze,106,Medium,1
CUST101859,Brent Rojas,Male,24,Chennai,Tamil Nadu,2019-06-25,2026-05-21,1,0.5,8,8,1771.38,1771.38,6193.16,Fashion,Online,Low Value,Bronze,34,Low,1
CUST101860,Jaime Walker,Female,46,Surat,Gujarat,2021-07-19,2025-12-05,3,0.61,9,3,1253.09,3759.27,3764.9,Home & Kitchen,Offline,Low Value,Bronze,201,High,1
CUST101861,John Zamora,Male,27,Madurai,Tamil Nadu,2020-05-13,2026-01-01,32,5.24,672,21,5846.97,187103.04,187142.1,Fashion,Online,Medium Value,Gold,174,Low,0
CUST101862,Timothy Gibson,Male,34,Delhi,Delhi,2021-07-14,2026-03-09,57,11.54,1482,26,10915.36,622175.52,622142.95,Home & Kitchen,Offline,High Value,Gold,107,Low,0
CUST101863,Chad Cortez,Female,40,Nagpur,Maharashtra,2024-02-23,2025-10-22,39,16.76,624,16,2708.2,105619.8,105629.07,Beauty,Online,Medium Value,Silver,245,High,0
CUST101864,Vanessa Harris,Female,59,Lucknow,Uttar Pradesh,2022-03-04,2022-12-25,9,2.09,63,7,918.18,8263.62,8253.92,Sports,Online,Low Value,Bronze,1277,High,0
CUST101865,Michael Brown,Female,54,Ahmedabad,Gujarat,2024-03-06,2026-01-13,2,0.87,14,7,998.58,1997.16,1993.22,Home & Kitchen,Online,Low Value,Bronze,162,Medium,1
CUST101866,Samuel Ellis,Male,50,Delhi,Delhi,2024-04-23,2026-04-20,111,51.32,1443,13,5540.08,614948.88,614949.64,Beauty,Online,High Value,Gold,65,Low,0
CUST101867,Greg Tanner,Male,40,Indore,Madhya Pradesh,2024-04-13,2026-06-08,102,46.57,2958,29,11016.66,1123699.32,1123714.4,Home & Kitchen,Online,High Value,Platinum,16,Low,0
CUST101868,Rachel Little,Female,30,Bhopal,Madhya Pradesh,2019-08-23,2026-04-01,71,10.39,1562,22,7319.04,519651.84,519457.47,Fashion,Online,High Value,Gold,84,Low,0
CUST101869,Carolyn Cordova,Male,52,Patna,Bihar,2021-05-13,2026-05-09,3,0.59,21,7,345.05,1035.15,1040.05,Sports,Offline,Low Value,Bronze,46,Low,1
CUST101870,Angelica Vincent,Male,49,Ranchi,Jharkhand,2023-05-24,2024-11-22,11,3.57,11,1,1184.31,13027.41,13022.55,Beauty,Offline,Low Value,Bronze,579,High,0
CUST101871,Zachary Vargas PhD,Female,32,Hyderabad,Telangana,2024-01-05,2024-12-31,33,13.41,330,10,2037.47,67236.51,67249.56,Sports,Online,Medium Value,Silver,540,High,0
CUST101872,Nicholas Fitzgerald,Male,34,Delhi,Delhi,2024-02-15,2026-03-13,13,5.53,286,22,4310.74,56039.62,55998.19,Beauty,Offline,Medium Value,Silver,103,Medium,0
CUST101873,Garrett Riley,Male,31,Kochi,Kerala,2022-03-22,2025-11-11,6,1.41,18,3,1826.24,10957.44,10948.59,Electronics,Online,Low Value,Bronze,225,High,1
CUST101874,Leslie Hernandez,Female,61,Chandigarh,Chandigarh,2019-12-27,2025-12-31,12,1.85,60,5,903.02,10836.24,10835.37,Beauty,Online,Low Value,Bronze,175,Medium,1
CUST101875,Abigail Baird,Female,47,Pune,Maharashtra,2023-10-22,2026-03-26,25,9.38,150,6,5123.65,128091.25,128159.57,Electronics,Online,Medium Value,Gold,90,Low,0
CUST101876,John Mack,Female,43,Lucknow,Uttar Pradesh,2019-12-16,2026-01-16,19,2.92,209,11,940.82,17875.58,17900.95,Home & Kitchen,Offline,Medium Value,Bronze,159,Medium,0
CUST101877,Joseph Mendoza,Male,42,Coimbatore,Tamil Nadu,2024-01-29,2026-05-20,29,12.11,58,2,200.0,5800.0,5802.19,Grocery,Offline,Low Value,Bronze,35,Low,0
CUST101878,Samantha Chavez,Male,28,Madurai,Tamil Nadu,2020-08-24,2026-06-16,7,1.2,140,20,598.79,4191.53,4186.37,Electronics,Online,Low Value,Bronze,8,Low,1
CUST101879,Justin Smith,Female,39,Surat,Gujarat,2019-08-13,2026-02-11,18,2.62,270,15,5145.91,92626.38,92465.77,Beauty,Online,Medium Value,Silver,133,Medium,0
CUST101880,Tiffany Anderson,Female,48,Delhi,Delhi,2020-10-14,2026-05-23,22,3.87,550,25,6056.72,133247.84,133289.13,Grocery,Online,Medium Value,Gold,32,Low,0
CUST101881,Matthew Davis,Male,50,Surat,Gujarat,2024-05-18,2026-05-18,5,2.39,30,6,865.3,4326.5,4331.48,Beauty,Offline,Low Value,Bronze,37,Low,0
CUST101882,Eric Warner,Female,34,Visakhapatnam,Andhra Pradesh,2019-01-27,2025-08-18,38,5.13,228,6,1421.69,54024.22,53973.19,Sports,Offline,Medium Value,Silver,310,High,0
CUST101883,Nicole Johnson,Female,24,Mumbai,Maharashtra,2021-11-14,2024-03-03,1,0.5,10,10,1018.9,1018.9,2344.66,Home & Kitchen,Offline,Low Value,Bronze,843,High,1
CUST101884,Raymond Sawyer,Female,31,Indore,Madhya Pradesh,2023-08-11,2026-05-22,91,31.78,3094,34,8838.96,804345.36,804445.3,Fashion,Online,High Value,Platinum,33,Low,0
CUST101885,Richard Wood,Female,35,Guwahati,Assam,2021-03-29,2025-03-31,23,4.4,207,9,2695.35,61993.05,62049.5,Fashion,Online,Medium Value,Silver,450,High,0
CUST101886,Mark Dalton,Female,39,Guwahati,Assam,2020-09-15,2026-06-14,89,15.44,1869,21,8691.69,773560.41,773783.86,Grocery,Online,High Value,Platinum,10,Low,0
CUST101887,Steven Cook,Male,43,Indore,Madhya Pradesh,2024-03-24,2026-02-22,24,10.69,456,19,1313.74,31529.76,31529.04,Home & Kitchen,Online,Medium Value,Bronze,122,Medium,0
CUST101888,Jeffery Nelson,Female,32,Indore,Madhya Pradesh,2019-10-26,2025-02-05,2,0.5,10,5,1475.59,2951.18,4910.55,Fashion,Offline,Low Value,Bronze,504,High,1
CUST101889,Kimberly Norton,Female,36,Mumbai,Maharashtra,2023-02-07,2025-10-26,3,0.89,3,1,1849.47,5548.41,5547.6,Home & Kitchen,Online,Low Value,Bronze,241,High,1
CUST101890,Angela Gilmore,Male,38,Kanpur,Uttar Pradesh,2023-07-08,2026-05-07,200,67.64,5400,27,7728.2,1545640.0,1545665.39,Home & Kitchen,Online,High Value,Platinum,48,Low,0
CUST101891,Amy Dougherty,Male,37,Vadodara,Gujarat,2023-02-26,2026-03-13,12,3.62,12,1,1649.74,19796.88,19816.93,Electronics,Online,Medium Value,Bronze,103,Medium,0
CUST101892,Stacy Rodriguez,Female,48,Lucknow,Uttar Pradesh,2022-10-12,2026-01-10,4,1.08,44,11,806.9,3227.6,3218.59,Beauty,Offline,Low Value,Bronze,165,Medium,1
CUST101893,Manuel Diaz,Other,45,Coimbatore,Tamil Nadu,2021-02-03,2026-04-13,16,2.97,112,7,6830.15,109282.4,109133.74,Beauty,Offline,Medium Value,Silver,72,Low,0
CUST101894,Justin Jones,Male,27,Guwahati,Assam,2020-04-27,2026-06-20,22,3.58,330,15,4590.3,100986.6,101096.69,Fashion,Offline,Medium Value,Silver,4,Low,0
CUST101895,Christine Zavala,Female,26,Kochi,Kerala,2020-07-08,2026-02-02,8,1.34,88,11,790.21,6321.68,6305.45,Grocery,Online,Low Value,Bronze,142,Medium,1
CUST101896,Brian Mendoza,Female,60,Nagpur,Maharashtra,2019-03-03,2026-05-23,7,0.96,49,7,1543.35,10803.45,10822.59,Beauty,Online,Low Value,Bronze,32,Low,1
CUST101897,Lauren Haley,Male,40,Bhopal,Madhya Pradesh,2022-06-11,2026-06-01,23,5.71,161,7,733.95,16880.85,16889.63,Home & Kitchen,Online,Medium Value,Bronze,23,Low,0
CUST101898,Patrick Perez,Female,30,Kochi,Kerala,2023-02-04,2024-12-27,22,6.51,242,11,2935.29,64576.38,64559.02,Beauty,Offline,Medium Value,Silver,544,High,0
CUST101899,Derek Frazier,Male,35,Jaipur,Rajasthan,2019-04-04,2024-09-26,2,0.5,4,2,1150.99,2301.98,4153.33,Sports,Offline,Low Value,Bronze,636,High,1
CUST101900,Arthur Reed,Male,39,Patna,Bihar,2023-02-19,2026-04-10,32,9.59,416,13,5425.18,173605.76,173638.59,Fashion,Offline,Medium Value,Gold,75,Low,0
CUST101901,Mr. Bryan Mckinney,Male,34,Madurai,Tamil Nadu,2019-01-16,2026-05-25,73,9.82,1752,24,7700.09,562106.57,561858.44,Beauty,Online,High Value,Gold,30,Low,0
CUST101902,Kim Carter,Female,52,Mumbai,Maharashtra,2022-10-14,2026-02-19,10,2.71,60,6,1167.13,11671.3,11664.49,Beauty,Online,Low Value,Bronze,125,Medium,0
CUST101903,Rebecca Dougherty,Female,18,Delhi,Delhi,2021-08-22,2026-05-30,44,9.11,1408,32,5403.22,237741.68,237862.24,Beauty,Offline,High Value,Gold,25,Low,0
CUST101904,Teresa Jones,Male,51,Surat,Gujarat,2023-12-27,2024-09-09,2,0.8,6,3,712.32,1424.64,1416.64,Beauty,Online,Low Value,Bronze,653,High,1
CUST101905,Judith Miller,Female,46,Mumbai,Maharashtra,2019-11-23,2025-06-01,10,1.52,60,6,6293.07,62930.7,62931.73,Grocery,Online,Medium Value,Silver,388,High,1
CUST101906,Donna Frye,Female,28,Chandigarh,Chandigarh,2023-11-30,2026-04-19,7,2.73,84,12,626.92,4388.44,4381.23,Electronics,Online,Low Value,Bronze,66,Low,0
CUST101907,Donald Terry,Female,50,Ranchi,Jharkhand,2022-07-13,2026-03-06,16,4.06,64,4,3690.89,59054.24,59078.49,Sports,Online,Medium Value,Silver,110,Medium,0
CUST101908,Shaun Meyer DDS,Female,52,Patna,Bihar,2020-04-16,2026-05-31,12,1.94,84,7,6294.46,75533.52,75490.78,Electronics,Offline,Medium Value,Silver,24,Low,1
CUST101909,Wayne Weaver,Male,40,Kanpur,Uttar Pradesh,2020-11-14,2026-03-17,100,17.85,2000,20,13531.23,1353123.0,1352978.52,Electronics,Online,High Value,Platinum,99,Medium,0
CUST101910,Gregory Wallace,Female,33,Visakhapatnam,Andhra Pradesh,2020-11-30,2025-10-07,21,3.78,42,2,4483.5,94153.5,94192.17,Grocery,Online,Medium Value,Silver,260,High,0
CUST101911,Dorothy Brown,Male,47,Hyderabad,Telangana,2022-08-18,2026-05-14,4,1.04,44,11,727.25,2909.0,2907.33,Sports,Online,Low Value,Bronze,41,Low,1
CUST101912,Crystal Meza,Male,56,Surat,Gujarat,2019-05-31,2026-02-26,1,0.5,3,3,538.95,538.95,1902.74,Home & Kitchen,Online,Low Value,Bronze,118,Medium,1
CUST101913,Jennifer Cooper,Male,39,Hyderabad,Telangana,2022-09-16,2026-04-12,24,6.38,240,10,820.39,19689.36,19703.96,Fashion,Offline,Medium Value,Bronze,73,Low,0
CUST101914,Erin Watkins,Female,37,Ranchi,Jharkhand,2022-12-14,2026-06-07,22,6.25,220,10,2089.03,45958.66,45970.1,Electronics,Online,Medium Value,Silver,17,Low,0
CUST101915,Sarah Wallace,Female,37,Patna,Bihar,2022-02-02,2026-03-26,1,0.5,1,1,532.67,532.67,1167.43,Beauty,Offline,Low Value,Bronze,90,Low,1
CUST101916,Carlos Clarke,Female,34,Nagpur,Maharashtra,2019-05-26,2025-05-20,7,0.99,56,8,2066.25,14463.75,14471.73,Fashion,Offline,Medium Value,Bronze,400,High,1
CUST101917,David Washington,Female,33,Delhi,Delhi,2020-07-12,2025-07-01,46,7.74,460,10,2597.79,119498.34,119512.85,Home & Kitchen,Online,Medium Value,Silver,358,High,0
CUST101918,Patricia Williams,Male,25,Lucknow,Uttar Pradesh,2023-09-15,2026-04-04,31,11.2,465,15,263.46,8167.26,8167.58,Home & Kitchen,Online,Low Value,Bronze,81,Low,0
CUST101919,Jesus Jackson,Female,26,Hyderabad,Telangana,2022-04-18,2023-12-05,32,7.66,384,12,246.11,7875.52,7876.3,Electronics,Online,Low Value,Bronze,932,High,0
CUST101920,Michelle Mitchell,Female,53,Chandigarh,Chandigarh,2021-12-24,2025-06-09,30,6.68,450,15,1308.96,39268.8,39284.5,Grocery,Offline,Medium Value,Silver,380,High,0
CUST101921,Sara Schwartz,Female,32,Visakhapatnam,Andhra Pradesh,2023-03-25,2025-12-14,90,27.74,2700,30,5197.82,467803.8,467795.26,Home & Kitchen,Offline,High Value,Gold,192,High,0
CUST101922,Brittany Young,Female,46,Guwahati,Assam,2021-09-17,2026-04-04,7,1.47,196,28,3445.77,24120.39,24116.43,Home & Kitchen,Online,Medium Value,Bronze,81,Low,1
CUST101923,Eugene Martinez,Female,45,Ahmedabad,Gujarat,2019-03-28,2026-03-07,20,2.76,160,8,3814.86,76297.2,76189.41,Electronics,Online,Medium Value,Silver,109,Medium,0
CUST101924,Cody Hart,Female,24,Hyderabad,Telangana,2019-02-22,2024-10-24,6,0.82,12,2,978.3,5869.8,5879.55,Fashion,Offline,Low Value,Bronze,608,High,1
CUST101925,Evan Cooper,Male,18,Delhi,Delhi,2022-03-26,2026-05-24,61,14.38,2013,33,11295.89,689049.29,688875.17,Sports,Online,High Value,Platinum,31,Low,0
CUST101926,Joshua Martin,Male,53,Patna,Bihar,2020-10-15,2026-05-16,9,1.58,153,17,2581.29,23231.61,23180.94,Sports,Online,Medium Value,Bronze,39,Low,1
CUST101927,Thomas Sullivan,Male,26,Mumbai,Maharashtra,2019-04-11,2026-02-19,55,7.64,440,8,4547.39,250106.45,250066.73,Home & Kitchen,Online,High Value,Gold,125,Low,0
CUST101928,Mr. Jimmy Flores Jr.,Male,21,Mumbai,Maharashtra,2023-09-09,2026-06-18,7,2.51,21,3,3883.34,27183.38,27140.0,Fashion,Online,Medium Value,Bronze,6,Low,0
CUST101929,Vanessa Rivera,Female,51,Visakhapatnam,Andhra Pradesh,2019-10-31,2026-04-21,98,14.75,2548,26,13003.21,1274314.58,1273922.97,Home & Kitchen,Online,High Value,Platinum,64,Low,0
CUST101930,Kara Roberts,Male,29,Coimbatore,Tamil Nadu,2020-03-04,2026-04-18,19,3.02,114,6,3986.87,75750.53,75851.72,Sports,Online,Medium Value,Silver,67,Low,0
CUST101931,Veronica Berry,Female,27,Jaipur,Rajasthan,2023-01-26,2026-06-17,45,13.22,720,16,3230.35,145365.75,145332.23,Home & Kitchen,Online,Medium Value,Gold,7,Low,0
CUST101932,Keith Meadows,Female,46,Kolkata,West Bengal,2022-04-26,2026-05-26,27,6.5,135,5,3015.27,81412.29,81455.63,Sports,Online,Medium Value,Silver,29,Low,0
CUST101933,Michael Dennis,Male,43,Madurai,Tamil Nadu,2019-11-07,2026-06-03,23,3.47,184,8,1493.89,34359.47,34331.58,Electronics,Online,Medium Value,Silver,21,Low,0
CUST101934,Brenda Pierce,Female,19,Kolkata,West Bengal,2021-09-08,2025-05-06,8,1.67,96,12,6516.63,52133.04,52082.37,Grocery,Offline,Medium Value,Silver,414,High,1
CUST101935,James Randall,Male,47,Kolkata,West Bengal,2022-06-06,2026-04-27,5,1.24,15,3,298.27,1491.35,1495.62,Electronics,Online,Low Value,Bronze,58,Low,1
CUST101936,Brandon Brown,Male,37,Guwahati,Assam,2019-01-06,2026-05-29,69,9.25,1380,20,2978.0,205482.0,205439.2,Fashion,Online,Medium Value,Gold,26,Low,0
CUST101937,Lauren Walker,Female,61,Hyderabad,Telangana,2019-04-25,2025-07-11,2,0.5,10,5,1613.92,3227.84,5777.41,Sports,Offline,Low Value,Bronze,348,High,1
CUST101938,Diana Johnson,Male,26,Chandigarh,Chandigarh,2020-12-15,2026-05-06,20,3.63,140,7,5085.85,101717.0,101848.58,Beauty,Offline,Medium Value,Silver,49,Low,0
CUST101939,Jill Powers,Female,37,Kanpur,Uttar Pradesh,2024-04-16,2026-02-27,110,50.41,3300,30,5826.89,640957.9,640946.25,Home & Kitchen,Online,High Value,Gold,117,Low,0
CUST101940,Jorge Lee,Female,55,Madurai,Tamil Nadu,2021-07-11,2026-06-13,74,14.96,1702,23,15628.04,1156474.96,1156655.52,Beauty,Offline,High Value,Platinum,11,Low,0
CUST101941,Larry Harding,Male,39,Mumbai,Maharashtra,2019-03-23,2026-04-17,24,3.31,336,14,1623.21,38957.04,38952.06,Sports,Online,Medium Value,Silver,68,Low,0
CUST101942,Heather Hernandez,Male,19,Bhopal,Madhya Pradesh,2019-04-16,2026-05-16,9,1.25,72,8,2072.08,18648.72,18607.59,Grocery,Offline,Medium Value,Bronze,39,Low,1
CUST101943,Jaclyn Watson,Male,49,Bhopal,Madhya Pradesh,2019-03-22,2024-11-18,13,1.79,91,7,933.19,12131.47,12114.76,Sports,Offline,Low Value,Bronze,583,High,1
CUST101944,Gregory Madden,Male,40,Delhi,Delhi,2022-12-08,2026-04-19,8,2.26,8,1,932.75,7462.0,7456.69,Sports,Online,Low Value,Bronze,66,Low,0
CUST101945,Anita Luna,Male,41,Ahmedabad,Gujarat,2020-06-29,2026-01-24,23,3.85,230,10,1377.84,31690.32,31719.18,Home & Kitchen,Online,Medium Value,Bronze,151,Medium,0
CUST101946,Willie Lara,Female,45,Ahmedabad,Gujarat,2021-11-12,2025-12-22,43,9.33,215,5,4390.98,188812.14,188771.75,Sports,Offline,Medium Value,Gold,184,High,0
CUST101947,Robert Waller,Female,69,Ahmedabad,Gujarat,2022-05-20,2026-04-07,95,23.23,1520,16,7843.98,745178.1,745325.64,Beauty,Online,High Value,Platinum,78,Low,0
CUST101948,Steven Taylor,Female,64,Hyderabad,Telangana,2021-03-12,2026-05-12,16,3.03,16,1,4500.79,72012.64,71986.02,Beauty,Online,Medium Value,Silver,43,Low,0
CUST101949,Angelica Clark,Female,34,Madurai,Tamil Nadu,2022-05-27,2026-05-15,9,2.21,72,8,674.25,6068.25,6066.44,Beauty,Online,Low Value,Bronze,40,Low,0
CUST101950,Sean Hatfield,Female,27,Guwahati,Assam,2022-04-12,2026-04-28,86,20.5,2150,25,17313.82,1488988.52,1488727.81,Sports,Online,High Value,Platinum,57,Low,0
CUST101951,Tyler Avila,Other,40,Hyderabad,Telangana,2021-08-21,2026-03-24,10,2.07,90,9,2775.38,27753.8,27777.51,Home & Kitchen,Online,Medium Value,Bronze,92,Medium,0
CUST101952,Jason Rocha,Male,57,Kochi,Kerala,2023-02-16,2026-04-16,19,5.68,342,18,1078.79,20497.01,20500.58,Electronics,Offline,Medium Value,Bronze,69,Low,0
CUST101953,Justin Page,Female,43,Kanpur,Uttar Pradesh,2023-03-09,2025-01-05,3,0.91,12,4,1089.83,3269.49,3261.02,Home & Kitchen,Online,Low Value,Bronze,535,High,1
CUST101954,Breanna Lopez,Female,55,Surat,Gujarat,2023-05-11,2025-08-27,13,4.17,117,9,1646.82,21408.66,21396.08,Home & Kitchen,Online,Medium Value,Bronze,301,High,0
CUST101955,Julian Williams,Female,47,Delhi,Delhi,2022-02-26,2026-01-27,1,0.5,2,2,2339.21,2339.21,5049.88,Beauty,Online,Low Value,Bronze,148,Medium,1
CUST101956,Sandra Torres,Female,38,Bhopal,Madhya Pradesh,2022-08-29,2026-04-01,25,6.56,175,7,6713.03,167825.75,167951.28,Fashion,Online,Medium Value,Gold,84,Low,0
CUST101957,Julie Johnson,Female,41,Surat,Gujarat,2023-09-18,2026-05-04,15,5.44,135,9,2156.08,32341.2,32369.36,Electronics,Online,Medium Value,Bronze,51,Low,0
CUST101958,Dennis Blanchard,Male,35,Patna,Bihar,2024-01-25,2026-01-19,45,18.7,360,8,2359.16,106162.2,106168.98,Fashion,Online,Medium Value,Silver,156,Medium,0
CUST101959,Kaitlyn Valdez,Female,24,Vadodara,Gujarat,2022-11-03,2022-11-03,10,2.75,10,1,720.82,7208.2,7201.79,Electronics,Online,Low Value,Bronze,1329,High,0
CUST101960,Jennifer Vasquez,Male,56,Nagpur,Maharashtra,2023-07-04,2026-06-17,68,22.91,2176,32,5271.65,358472.2,358435.25,Beauty,Online,High Value,Gold,7,Low,0
CUST101961,Danielle Wilson,Male,27,Visakhapatnam,Andhra Pradesh,2022-03-10,2026-02-02,42,9.8,420,10,2692.55,113087.1,113061.3,Beauty,Offline,Medium Value,Silver,142,Medium,0
CUST101962,Zachary Jones,Female,45,Bhopal,Madhya Pradesh,2021-11-10,2026-04-19,14,3.03,112,8,1011.69,14163.66,14141.64,Fashion,Online,Low Value,Bronze,66,Low,0
CUST101963,Lauren Cunningham,Female,30,Lucknow,Uttar Pradesh,2021-05-19,2026-06-17,16,3.14,256,16,414.0,6624.0,6619.92,Fashion,Online,Low Value,Bronze,7,Low,0
CUST101964,Lori Alvarez,Female,52,Bhopal,Madhya Pradesh,2023-01-04,2026-05-09,22,6.35,506,23,3587.04,78914.88,78887.87,Grocery,Online,Medium Value,Silver,46,Low,0
CUST101965,Barbara Hunt,Male,26,Indore,Madhya Pradesh,2020-10-09,2025-11-27,10,1.75,60,6,1184.79,11847.9,11818.71,Home & Kitchen,Offline,Low Value,Bronze,209,High,1
CUST101966,Sarah Martin,Male,21,Nashik,Maharashtra,2023-02-27,2026-05-15,79,23.83,2212,28,7972.44,629822.76,629896.54,Grocery,Offline,High Value,Gold,40,Low,0
CUST101967,Francisco Johns,Male,33,Ahmedabad,Gujarat,2022-09-23,2026-06-02,19,5.07,361,19,3858.28,73307.32,73265.17,Home & Kitchen,Online,Medium Value,Silver,22,Low,0
CUST101968,Christopher Nelson,Female,48,Patna,Bihar,2023-06-27,2026-02-08,43,14.4,301,7,5765.54,247918.22,247991.62,Beauty,Offline,High Value,Gold,136,Low,0
CUST101969,Thomas Kelly,Female,38,Bhopal,Madhya Pradesh,2020-02-08,2026-06-02,116,18.22,3828,33,13504.68,1566542.88,1566939.24,Fashion,Offline,High Value,Platinum,22,Low,0
CUST101970,Joseph Mayer,Male,33,Nagpur,Maharashtra,2019-11-22,2026-01-28,40,6.08,1200,30,7547.3,301892.0,302022.59,Electronics,Online,High Value,Gold,147,Low,0
CUST101971,Pamela White,Female,38,Hyderabad,Telangana,2020-05-09,2024-04-07,3,0.5,15,5,1739.55,5218.65,5322.24,Electronics,Online,Low Value,Bronze,808,High,1
CUST101972,Paul Stephens,Male,46,Bhopal,Madhya Pradesh,2023-12-15,2025-12-17,26,10.32,338,13,200.0,5200.0,5198.85,Beauty,Online,Low Value,Bronze,189,High,0
CUST101973,Samantha Cohen,Female,53,Chandigarh,Chandigarh,2023-12-12,2026-04-01,57,22.56,456,8,4034.62,229973.34,230013.44,Fashion,Online,Medium Value,Gold,84,Low,0
CUST101974,Michael Barker,Female,40,Jaipur,Rajasthan,2021-10-15,2026-06-17,29,6.19,435,15,6941.41,201300.89,201278.84,Sports,Online,Medium Value,Gold,7,Low,0
CUST101975,Kevin Morrow,Female,38,Bhopal,Madhya Pradesh,2021-11-19,2026-05-03,5,1.09,15,3,1940.28,9701.4,9704.53,Grocery,Offline,Low Value,Bronze,52,Low,1
CUST101976,Joseph Watson,Male,18,Nagpur,Maharashtra,2020-03-07,2026-03-13,17,2.7,272,16,4637.47,78836.99,78777.95,Grocery,Online,Medium Value,Silver,103,Medium,0
CUST101977,Mr. Thomas Garcia,Male,28,Vadodara,Gujarat,2023-01-14,2026-06-11,29,8.44,290,10,1558.41,45193.89,45193.68,Home & Kitchen,Offline,Medium Value,Silver,13,Low,0
CUST101978,Daniel Lopez,Male,41,Chennai,Tamil Nadu,2022-12-15,2025-10-08,8,2.27,32,4,1375.91,11007.28,10988.26,Electronics,Offline,Low Value,Bronze,259,High,0
CUST101979,Lisa Guerra,Female,37,Chennai,Tamil Nadu,2019-05-12,2026-04-25,1,0.5,4,4,1451.92,1451.92,5163.71,Electronics,Online,Low Value,Bronze,60,Low,1
CUST101980,Kim Arnold,Female,26,Visakhapatnam,Andhra Pradesh,2022-03-29,2026-06-16,110,25.99,3190,29,9040.29,994431.9,994507.14,Home & Kitchen,Offline,High Value,Platinum,8,Low,0
CUST101981,Ashley Stevens,Male,56,Kanpur,Uttar Pradesh,2020-11-29,2025-05-12,3,0.54,24,8,981.25,2943.75,2946.41,Grocery,Online,Low Value,Bronze,408,High,1
CUST101982,Robert Mclean,Female,62,Lucknow,Uttar Pradesh,2022-08-12,2026-04-02,7,1.81,49,7,7504.23,52529.61,52434.07,Home & Kitchen,Offline,Medium Value,Silver,83,Low,1
CUST101983,Eric Cox,Male,54,Bengaluru,Karnataka,2024-03-04,2026-01-09,21,9.13,525,25,3025.34,63532.14,63523.44,Fashion,Online,Medium Value,Silver,166,Medium,0
CUST101984,Stacy Harper,Male,39,Jaipur,Rajasthan,2022-07-23,2026-06-19,101,25.8,2020,20,1656.4,167296.4,167313.41,Electronics,Offline,Medium Value,Gold,5,Low,0
CUST101985,Gloria Mckinney,Male,18,Patna,Bihar,2021-10-27,2026-04-05,36,7.74,684,19,4319.99,155519.64,155534.54,Grocery,Online,Medium Value,Gold,80,Low,0
CUST101986,Robert Walker,Female,46,Nagpur,Maharashtra,2019-12-21,2026-05-08,11,1.69,66,6,1782.4,19606.4,19586.88,Beauty,Offline,Medium Value,Bronze,47,Low,1
CUST101987,Brenda Perez,Female,57,Guwahati,Assam,2020-10-30,2026-03-19,30,5.32,390,13,2558.45,76753.5,76802.67,Sports,Online,Medium Value,Silver,97,Medium,0
CUST101988,Carlos Miller,Female,29,Nagpur,Maharashtra,2024-02-23,2026-04-12,19,8.16,209,11,4164.06,79117.14,79074.39,Beauty,Online,Medium Value,Silver,73,Low,0
CUST101989,Rachel Jones,Female,30,Chennai,Tamil Nadu,2022-05-20,2026-03-11,4,0.98,8,2,1885.14,7540.56,7556.66,Grocery,Offline,Low Value,Bronze,105,Medium,1
CUST101990,Nicole Williams,Male,61,Ahmedabad,Gujarat,2019-11-23,2026-02-01,11,1.67,143,13,759.83,8358.13,8348.27,Beauty,Offline,Low Value,Bronze,143,Medium,1
CUST101991,Ricky Palmer,Female,40,Pune,Maharashtra,2023-10-26,2025-12-15,58,21.84,1102,19,12842.74,744878.92,744889.47,Fashion,Online,High Value,Platinum,191,High,0
CUST101992,Bryan King,Male,18,Mumbai,Maharashtra,2023-01-12,2026-05-05,29,8.43,406,14,3883.99,112635.71,112681.01,Electronics,Offline,Medium Value,Silver,50,Low,0
CUST101993,Michael Webster,Female,30,Pune,Maharashtra,2023-09-27,2026-04-11,132,48.26,3300,25,7902.91,1043184.12,1043156.86,Home & Kitchen,Online,High Value,Platinum,74,Low,0
CUST101994,Tamara Harris,Female,40,Ahmedabad,Gujarat,2023-11-03,2025-04-14,1,0.5,6,6,515.91,515.91,679.41,Beauty,Online,Low Value,Bronze,436,High,1
CUST101995,Cathy Bell,Female,36,Visakhapatnam,Andhra Pradesh,2019-07-29,2026-05-19,27,3.91,324,12,6086.97,164348.19,164205.7,Grocery,Online,Medium Value,Gold,36,Low,0
CUST101996,Ryan Mcmahon,Female,44,Hyderabad,Telangana,2020-08-17,2026-03-11,2,0.5,12,6,524.2,1048.4,1532.06,Electronics,Online,Low Value,Bronze,105,Medium,1
CUST101997,Hannah Martin,Male,49,Ahmedabad,Gujarat,2020-09-03,2026-05-24,100,17.25,2000,20,7754.11,775411.0,775633.91,Sports,Offline,High Value,Platinum,31,Low,0
CUST101998,Monica Allen,Female,50,Mumbai,Maharashtra,2022-08-15,2026-04-18,47,12.2,893,19,11852.29,557057.63,557013.82,Sports,Offline,High Value,Gold,67,Low,0
CUST101999,Annette Lane,Female,46,Jaipur,Rajasthan,2020-06-27,2026-01-19,41,6.85,205,5,4988.12,204512.92,204497.21,Grocery,Offline,Medium Value,Gold,156,Low,0
CUST102000,Daniel Lee,Male,44,Guwahati,Assam,2024-02-05,2025-10-07,28,11.78,560,20,4492.84,125799.52,125775.41,Grocery,Online,Medium Value,Gold,260,High,0
CUST102001,Steven Medina,Male,48,Nagpur,Maharashtra,2023-03-29,2026-01-24,15,4.64,210,14,3579.03,53685.45,53696.13,Sports,Offline,Medium Value,Silver,151,Medium,0
CUST102002,Annette Lewis,Male,27,Guwahati,Assam,2021-12-04,2026-05-29,4,0.88,36,9,1443.53,5774.12,5776.81,Grocery,Online,Low Value,Bronze,26,Low,1
CUST102003,Michelle Richardson,Male,39,Surat,Gujarat,2024-01-29,2026-02-07,10,4.17,80,8,2560.53,25605.3,25579.01,Home & Kitchen,Online,Medium Value,Bronze,137,Medium,0
CUST102004,Jessica Rosario,Female,29,Indore,Madhya Pradesh,2020-09-19,2026-02-22,20,3.48,80,4,5598.0,111960.0,112112.65,Beauty,Offline,Medium Value,Silver,122,Medium,0
CUST102005,Henry Gray,Male,41,Indore,Madhya Pradesh,2023-02-17,2026-06-01,8,2.39,56,7,546.88,4375.04,4369.34,Home & Kitchen,Online,Low Value,Bronze,23,Low,0
CUST102006,Darren Rodriguez,Male,25,Kolkata,West Bengal,2022-08-06,2026-05-25,17,4.39,323,19,6112.68,103915.56,104032.54,Beauty,Offline,Medium Value,Silver,30,Low,0
CUST102007,Mrs. Ashley Taylor,Female,27,Mumbai,Maharashtra,2024-01-02,2025-07-14,4,1.62,24,6,1414.92,5659.68,5660.61,Fashion,Offline,Low Value,Bronze,345,High,1
CUST102008,Michele Hawkins,Female,33,Kanpur,Uttar Pradesh,2022-12-25,2026-03-27,61,17.47,793,13,8880.01,541680.61,541534.74,Home & Kitchen,Offline,High Value,Gold,89,Low,0
CUST102009,Garrett Wilson,Female,46,Chandigarh,Chandigarh,2019-01-06,2025-08-07,26,3.49,234,9,2753.45,71589.7,71667.05,Home & Kitchen,Offline,Medium Value,Silver,321,High,0
CUST102010,Kyle Collins,Male,43,Kochi,Kerala,2020-07-14,2026-06-08,57,9.6,1539,27,13039.41,743246.37,743358.82,Grocery,Offline,High Value,Platinum,16,Low,0
CUST102011,Jill Spencer,Female,53,Visakhapatnam,Andhra Pradesh,2022-09-28,2026-04-21,36,9.65,1188,33,10986.23,395504.28,395623.09,Electronics,Offline,High Value,Gold,64,Low,0
CUST102012,Scott Lopez,Male,38,Chennai,Tamil Nadu,2022-04-14,2025-12-08,6,1.43,48,8,1503.42,9020.52,9005.7,Fashion,Online,Low Value,Bronze,198,High,1
CUST102013,Ryan Alvarez,Female,46,Delhi,Delhi,2023-03-28,2025-12-31,82,25.34,492,6,9984.47,818726.54,818764.26,Sports,Online,High Value,Platinum,175,Medium,0
CUST102014,Cassie Lutz,Male,42,Guwahati,Assam,2021-08-07,2025-08-29,42,8.62,840,20,636.04,26713.68,26719.08,Grocery,Online,Medium Value,Bronze,299,High,0
CUST102015,Brian Kim DDS,Male,18,Lucknow,Uttar Pradesh,2021-11-10,2026-06-12,17,3.69,323,19,3863.21,65674.57,65763.42,Fashion,Offline,Medium Value,Silver,12,Low,0
CUST102016,Charles Morales,Male,44,Ahmedabad,Gujarat,2020-07-27,2024-10-20,21,3.56,126,6,2249.06,47230.26,47261.73,Beauty,Online,Medium Value,Silver,612,High,0
CUST102017,Ashley Schaefer,Female,26,Patna,Bihar,2022-08-28,2026-02-11,9,2.36,72,8,2151.68,19365.12,19380.38,Home & Kitchen,Online,Medium Value,Bronze,133,Medium,0
CUST102018,Amy Hester,Male,31,Nagpur,Maharashtra,2022-01-20,2026-05-16,64,14.48,1728,27,6573.85,420726.4,420631.37,Sports,Online,High Value,Gold,39,Low,0
CUST102019,Kurt Ewing,Female,51,Patna,Bihar,2022-10-07,2026-06-19,12,3.24,36,3,6729.79,80757.48,80830.44,Grocery,Offline,Medium Value,Silver,5,Low,0
CUST102020,Ryan Hardy,Female,37,Guwahati,Assam,2023-04-17,2023-08-31,6,1.89,6,1,928.6,5571.6,5583.5,Home & Kitchen,Online,Low Value,Bronze,1028,High,1
CUST102021,Micheal Perkins,Female,31,Jaipur,Rajasthan,2023-06-16,2025-12-14,14,4.64,168,12,2731.83,38245.62,38243.97,Electronics,Offline,Medium Value,Silver,192,High,0
CUST102022,Richard Schneider,Female,41,Lucknow,Uttar Pradesh,2023-05-26,2026-03-18,3,0.98,21,7,200.0,600.0,602.62,Electronics,Online,Low Value,Bronze,98,Medium,1
CUST102023,John Morrison,Male,31,Kochi,Kerala,2019-01-20,2026-04-23,109,14.69,4033,37,13994.35,1525384.15,1525294.11,Fashion,Offline,High Value,Platinum,62,Low,0
CUST102024,John Ramirez,Male,46,Mumbai,Maharashtra,2024-01-21,2026-04-23,34,14.06,544,16,3454.8,117463.2,117429.91,Sports,Online,Medium Value,Silver,62,Low,0
CUST102025,Ashley King,Female,39,Chennai,Tamil Nadu,2020-02-26,2025-09-27,25,3.96,375,15,2756.16,68904.0,68967.61,Electronics,Online,Medium Value,Silver,270,High,0
CUST102026,Mark Taylor Jr.,Male,29,Nagpur,Maharashtra,2019-11-25,2025-12-01,5,0.76,35,7,200.0,1000.0,999.18,Grocery,Online,Low Value,Bronze,205,High,1
CUST102027,Barry Gregory,Female,30,Vadodara,Gujarat,2023-08-08,2026-04-25,6,2.09,36,6,1302.44,7814.64,7817.88,Sports,Online,Low Value,Bronze,60,Low,0
CUST102028,Janet Shelton,Male,49,Vadodara,Gujarat,2019-04-04,2026-04-29,15,2.08,150,10,5522.38,82835.7,82898.14,Beauty,Offline,Medium Value,Silver,56,Low,0
CUST102029,Marco Davis,Male,48,Lucknow,Uttar Pradesh,2022-02-05,2026-06-01,5,1.14,90,18,3949.47,19747.35,19698.37,Beauty,Online,Medium Value,Bronze,23,Low,1
CUST102030,Paul Saunders,Female,18,Surat,Gujarat,2019-04-19,2026-03-24,57,7.94,1140,20,8938.44,509491.08,509282.82,Electronics,Online,High Value,Gold,92,Low,0
CUST102031,Christina Bates,Male,35,Guwahati,Assam,2023-11-23,2026-02-13,20,7.75,340,17,1950.16,39003.2,38979.17,Fashion,Online,Medium Value,Silver,131,Medium,0
CUST102032,Dennis Cooper PhD,Male,19,Lucknow,Uttar Pradesh,2019-10-13,2026-05-05,20,2.99,100,5,2370.54,47410.8,47427.41,Grocery,Offline,Medium Value,Silver,50,Low,0
CUST102033,Tiffany Johnson,Male,36,Kochi,Kerala,2022-05-09,2024-12-26,5,1.21,15,3,2214.59,11072.95,11041.42,Beauty,Online,Low Value,Bronze,545,High,1
CUST102034,Thomas Reyes,Male,35,Surat,Gujarat,2019-07-28,2026-06-11,11,1.59,121,11,4427.35,48700.85,48587.39,Home & Kitchen,Online,Medium Value,Silver,13,Low,1
CUST102035,James Stevens,Female,42,Kolkata,West Bengal,2021-05-14,2026-06-02,35,6.85,735,21,3328.78,116507.3,116429.83,Grocery,Offline,Medium Value,Silver,22,Low,0
CUST102036,Justin Dalton,Female,46,Ranchi,Jharkhand,2021-06-03,2026-06-14,78,15.44,2418,31,4604.57,359156.46,359122.42,Sports,Offline,High Value,Gold,10,Low,0
CUST102037,Michael Henry,Male,55,Kolkata,West Bengal,2019-06-09,2026-06-15,76,10.8,1520,20,9386.31,713359.56,713282.47,Sports,Online,High Value,Platinum,9,Low,0
CUST102038,Mike Freeman,Female,31,Surat,Gujarat,2020-12-27,2026-01-19,11,2.01,99,9,2231.65,24548.15,24598.74,Grocery,Offline,Medium Value,Bronze,156,Medium,0
CUST102039,Michael Keller,Female,50,Pune,Maharashtra,2022-01-29,2025-10-15,6,1.37,78,13,3834.44,23006.64,23083.8,Fashion,Online,Medium Value,Bronze,252,High,1
CUST102040,Laura Alvarez,Female,41,Kanpur,Uttar Pradesh,2024-04-04,2026-06-02,9,4.06,54,6,2094.33,18848.97,18833.43,Sports,Online,Medium Value,Bronze,22,Low,0
CUST102041,Katie Myers,Female,40,Kanpur,Uttar Pradesh,2020-02-08,2026-03-20,32,5.02,256,8,200.0,6400.0,6393.71,Beauty,Offline,Low Value,Bronze,96,Medium,0
CUST102042,Wesley Jensen MD,Female,33,Nashik,Maharashtra,2019-10-19,2026-04-21,24,3.6,360,15,3395.94,81502.56,81602.97,Fashion,Offline,Medium Value,Silver,64,Low,0
CUST102043,Erica Johnson,Female,55,Delhi,Delhi,2022-07-07,2026-04-21,133,33.59,2926,22,12387.82,1647580.06,1647338.92,Sports,Online,High Value,Platinum,64,Low,0
CUST102044,Russell Bailey,Male,38,Nagpur,Maharashtra,2023-11-26,2026-06-01,2,0.78,4,2,1802.11,3604.22,3613.69,Fashion,Offline,Low Value,Bronze,23,Low,1
CUST102045,Alyssa Vance,Male,18,Delhi,Delhi,2020-06-26,2025-05-31,2,0.5,2,1,1141.83,2283.66,3418.46,Beauty,Offline,Low Value,Bronze,389,High,1
CUST102046,Brent Reed,Female,45,Lucknow,Uttar Pradesh,2021-03-11,2026-01-03,114,21.59,2736,24,9839.99,1121758.86,1121990.82,Sports,Online,High Value,Platinum,172,Medium,0
CUST102047,Gregory Stanley,Female,35,Hyderabad,Telangana,2021-04-29,2024-12-14,8,1.55,8,1,898.62,7188.96,7169.28,Electronics,Online,Low Value,Bronze,557,High,1
CUST102048,Matthew Watkins,Male,36,Kochi,Kerala,2023-03-06,2026-03-27,23,6.98,322,14,1620.14,37263.22,37277.28,Beauty,Online,Medium Value,Silver,89,Low,0
CUST102049,Ana Torres,Male,59,Delhi,Delhi,2022-09-09,2026-02-22,74,19.56,1776,24,5205.19,385184.06,385232.8,Home & Kitchen,Online,High Value,Gold,122,Low,0
CUST102050,Alejandro Nguyen,Female,18,Chennai,Tamil Nadu,2023-11-17,2026-03-03,36,13.87,324,9,3635.34,130872.24,130869.85,Beauty,Online,Medium Value,Gold,113,Low,0
CUST102051,Scott Bradley,Female,44,Bhopal,Madhya Pradesh,2024-01-16,2026-06-08,23,9.46,483,21,200.0,4600.0,4599.85,Fashion,Online,Low Value,Bronze,16,Low,0
CUST102052,Deborah Dominguez,Female,43,Visakhapatnam,Andhra Pradesh,2019-05-05,2026-06-21,71,9.95,1633,23,5373.04,381485.84,381294.6,Electronics,Online,High Value,Gold,3,Low,0
CUST102053,Victoria Gray,Male,42,Patna,Bihar,2021-12-16,2026-04-29,2,0.5,16,8,1591.63,3183.26,3592.88,Electronics,Online,Low Value,Bronze,56,Low,1
CUST102054,Kenneth Stokes,Female,55,Patna,Bihar,2024-02-01,2026-02-08,13,5.45,104,8,697.17,9063.21,9071.13,Beauty,Online,Low Value,Bronze,136,Medium,0
CUST102055,Michael Rogers,Female,45,Ranchi,Jharkhand,2020-01-02,2026-02-03,18,2.78,144,8,1577.23,28390.14,28366.99,Beauty,Offline,Medium Value,Bronze,141,Medium,0
CUST102056,Pamela Morgan,Male,44,Hyderabad,Telangana,2022-05-04,2026-06-21,29,7.01,377,13,200.0,5800.0,5796.08,Beauty,Online,Low Value,Bronze,3,Low,0
CUST102057,Heidi Graham,Male,40,Visakhapatnam,Andhra Pradesh,2023-03-21,2026-03-24,41,12.59,574,14,4135.09,169538.69,169473.71,Beauty,Offline,Medium Value,Gold,92,Low,0
CUST102058,Ryan Cobb PhD,Male,67,Kanpur,Uttar Pradesh,2020-11-16,2026-03-28,5,0.89,90,18,2891.02,14455.1,14398.98,Fashion,Online,Low Value,Bronze,88,Low,1
CUST102059,Donna Williams,Female,34,Guwahati,Assam,2019-06-12,2025-10-03,42,5.98,840,20,3217.72,135144.24,135233.75,Fashion,Offline,Medium Value,Gold,264,High,0
CUST102060,Jennifer Perez PhD,Male,24,Mumbai,Maharashtra,2020-11-02,2026-04-30,158,28.04,5688,36,1914.16,302437.28,302420.61,Sports,Online,High Value,Gold,55,Low,0
CUST102061,Ryan Davis,Female,50,Ranchi,Jharkhand,2019-05-22,2025-03-16,22,3.1,374,17,2714.2,59712.4,59618.03,Electronics,Online,Medium Value,Silver,465,High,0
CUST102062,Austin Solis,Male,37,Vadodara,Gujarat,2019-10-03,2026-06-13,1,0.5,1,1,1887.48,1887.48,6340.69,Grocery,Online,Low Value,Bronze,11,Low,1
CUST102063,Daniel Flynn,Male,49,Hyderabad,Telangana,2019-11-10,2026-04-16,51,7.71,1173,23,1786.53,91113.03,91111.12,Electronics,Online,Medium Value,Silver,69,Low,0
CUST102064,Elizabeth Brock,Male,47,Chennai,Tamil Nadu,2020-01-28,2026-06-22,80,12.5,2720,34,14599.87,1167989.6,1167689.81,Sports,Online,High Value,Platinum,2,Low,0
CUST102065,Joshua Gonzalez,Male,51,Kanpur,Uttar Pradesh,2019-10-25,2025-11-25,3,0.5,24,8,910.86,2732.58,3032.46,Home & Kitchen,Offline,Low Value,Bronze,211,High,1
CUST102066,Mario Chavez,Female,38,Ranchi,Jharkhand,2021-03-18,2024-04-30,24,4.56,24,1,5287.72,126905.28,126880.96,Grocery,Offline,Medium Value,Gold,785,High,0
CUST102067,Catherine Smith,Male,55,Chennai,Tamil Nadu,2020-12-11,2026-05-15,40,7.24,360,9,2577.36,103094.4,103147.75,Home & Kitchen,Online,Medium Value,Silver,40,Low,0
CUST102068,Shari Ray,Male,30,Vadodara,Gujarat,2019-04-09,2026-03-20,98,13.6,2352,24,16335.3,1600859.4,1600282.47,Grocery,Offline,High Value,Platinum,96,Medium,0
CUST102069,Victor Harmon,Female,43,Coimbatore,Tamil Nadu,2024-05-15,2026-05-04,23,10.94,299,13,2233.26,51364.98,51372.13,Beauty,Online,Medium Value,Silver,51,Low,0
CUST102070,Timothy Patel,Female,18,Guwahati,Assam,2024-02-15,2026-03-17,4,1.7,16,4,646.72,2586.88,2582.63,Beauty,Online,Low Value,Bronze,99,Medium,1
CUST102071,Patricia Hamilton,Male,18,Bhopal,Madhya Pradesh,2020-01-17,2026-05-15,20,3.11,280,14,4675.88,93517.6,93482.78,Fashion,Offline,Medium Value,Silver,40,Low,0
CUST102072,Lori Boyd,Male,31,Madurai,Tamil Nadu,2019-08-29,2026-03-06,39,5.72,39,1,3587.81,139924.59,139849.25,Electronics,Offline,Medium Value,Gold,110,Low,0
CUST102073,Charles Hernandez,Male,53,Visakhapatnam,Andhra Pradesh,2021-12-06,2025-07-14,4,0.88,24,6,373.3,1493.2,1492.1,Home & Kitchen,Offline,Low Value,Bronze,345,High,1
CUST102074,Elizabeth Graham,Male,31,Jaipur,Rajasthan,2020-03-03,2025-01-14,17,2.7,34,2,200.0,3400.0,3403.37,Fashion,Offline,Low Value,Bronze,526,High,0
CUST102075,Ronald Brown,Female,31,Ranchi,Jharkhand,2024-04-21,2025-03-16,3,1.38,6,2,251.24,753.72,751.8,Electronics,Online,Low Value,Bronze,465,High,1
CUST102076,Jason Colon,Male,33,Surat,Gujarat,2020-07-15,2026-06-16,18,3.03,288,16,4041.93,72754.74,72694.32,Beauty,Offline,Medium Value,Silver,8,Low,0
CUST102077,Dawn Burke,Male,32,Surat,Gujarat,2023-12-23,2026-03-15,27,10.81,108,4,4313.24,116457.48,116421.7,Grocery,Offline,Medium Value,Silver,101,Medium,0
CUST102078,Brian Lee,Male,30,Bhopal,Madhya Pradesh,2020-12-07,2025-07-04,3,0.54,18,6,516.4,1549.2,1544.49,Fashion,Offline,Low Value,Bronze,355,High,1
CUST102079,Ronald Marshall,Female,42,Visakhapatnam,Andhra Pradesh,2021-04-23,2026-01-26,2,0.5,14,7,2079.08,4158.16,5367.75,Beauty,Offline,Low Value,Bronze,149,Medium,1
CUST102080,Jessica Lucas,Female,42,Nashik,Maharashtra,2020-10-27,2026-03-24,69,12.21,1035,15,4017.22,277188.18,277179.27,Sports,Online,High Value,Gold,92,Low,0
CUST102081,Christopher Taylor,Female,24,Surat,Gujarat,2023-04-17,2026-04-15,27,8.49,972,36,9589.12,258906.24,259001.54,Fashion,Online,High Value,Gold,70,Low,0
CUST102082,Robert Hopkins,Male,48,Nagpur,Maharashtra,2021-06-21,2026-03-25,24,4.8,312,13,3348.96,80375.04,80408.05,Sports,Online,Medium Value,Silver,91,Medium,0
CUST102083,Samuel Stuart,Male,37,Lucknow,Uttar Pradesh,2023-09-12,2026-06-03,5,1.8,35,7,2458.36,12291.8,12284.73,Sports,Online,Low Value,Bronze,21,Low,1
CUST102084,Mr. Scott Miller,Female,37,Kolkata,West Bengal,2024-02-08,2026-06-08,39,16.47,390,10,1529.71,59658.69,59666.23,Beauty,Online,Medium Value,Silver,16,Low,0
CUST102085,Sharon Lester,Female,33,Chennai,Tamil Nadu,2021-02-09,2026-03-20,44,8.2,660,15,6313.76,277805.44,277680.98,Electronics,Online,High Value,Gold,96,Low,0
CUST102086,Jack Sandoval,Male,42,Pune,Maharashtra,2023-11-15,2026-06-14,81,31.14,1539,19,10493.23,849951.63,849886.99,Grocery,Offline,High Value,Platinum,10,Low,0
CUST102087,Tony Ramsey,Male,54,Jaipur,Rajasthan,2023-03-27,2026-03-18,24,7.41,24,1,6216.63,149199.12,149199.63,Beauty,Online,Medium Value,Gold,98,Low,0
CUST102088,Brian Navarro,Female,39,Kochi,Kerala,2020-01-02,2026-04-29,3,0.5,27,9,1044.23,3132.69,3377.84,Beauty,Online,Low Value,Bronze,56,Low,1
CUST102089,Kelly Calderon,Male,36,Mumbai,Maharashtra,2022-04-17,2026-05-12,36,8.61,396,11,4400.64,158423.04,158404.61,Fashion,Online,Medium Value,Gold,43,Low,0
CUST102090,Tara King,Male,41,Delhi,Delhi,2023-11-10,2026-03-22,11,4.21,22,2,2144.63,23590.93,23607.37,Sports,Offline,Medium Value,Bronze,94,Medium,0
CUST102091,Cynthia Martinez,Female,26,Nashik,Maharashtra,2022-08-18,2025-07-02,10,2.6,70,7,1115.28,11152.8,11146.39,Fashion,Offline,Low Value,Bronze,357,High,0
CUST102092,Erin Silva,Female,29,Ranchi,Jharkhand,2023-10-28,2026-03-05,12,4.53,156,13,3237.01,38844.12,38862.2,Grocery,Online,Medium Value,Silver,111,Medium,0
CUST102093,Paul Young,Male,36,Surat,Gujarat,2021-07-07,2025-04-09,19,3.83,342,18,1208.4,22959.6,22947.62,Grocery,Online,Medium Value,Bronze,441,High,0
CUST102094,Charles Thompson,Female,38,Hyderabad,Telangana,2024-02-28,2025-11-26,27,11.67,351,13,2802.18,75658.86,75654.26,Beauty,Offline,Medium Value,Silver,210,High,0
CUST102095,Jessica King,Male,22,Lucknow,Uttar Pradesh,2019-06-05,2025-05-07,3,0.5,15,5,1864.76,5594.28,6570.69,Fashion,Online,Low Value,Bronze,413,High,1
CUST102096,Katherine Brooks,Male,20,Indore,Madhya Pradesh,2024-05-23,2026-06-10,18,8.65,162,9,4421.41,79585.38,79579.33,Beauty,Offline,Medium Value,Silver,14,Low,0
CUST102097,Emily Coleman,Male,18,Coimbatore,Tamil Nadu,2020-12-25,2026-02-12,29,5.28,464,16,5630.21,163276.09,163185.91,Sports,Online,Medium Value,Gold,132,Low,0
CUST102098,Tracey Suarez,Female,47,Patna,Bihar,2020-03-17,2025-11-14,9,1.44,72,8,200.0,1800.0,1804.09,Fashion,Online,Low Value,Bronze,222,High,1
CUST102099,Heidi Baldwin,Female,40,Madurai,Tamil Nadu,2024-04-11,2026-02-02,22,10.02,242,11,4164.68,91622.96,91629.12,Home & Kitchen,Online,Medium Value,Silver,142,Medium,0
CUST102100,Alisha Rasmussen,Female,23,Nagpur,Maharashtra,2020-12-05,2025-10-05,5,0.9,40,8,1178.48,5892.4,5880.3,Sports,Online,Low Value,Bronze,262,High,1
CUST102101,Sarah Bates,Male,25,Visakhapatnam,Andhra Pradesh,2020-08-30,2026-02-27,28,4.82,112,4,1088.91,30489.48,30492.58,Home & Kitchen,Online,Medium Value,Bronze,117,Medium,0
CUST102102,Melissa Mccormick,Male,36,Bengaluru,Karnataka,2019-10-13,2026-05-25,86,12.85,1978,23,2628.93,226087.98,226044.07,Electronics,Online,Medium Value,Gold,30,Low,0
CUST102103,Juan Parker,Female,26,Nashik,Maharashtra,2021-12-01,2026-02-14,47,10.32,141,3,2077.48,97641.56,97674.15,Home & Kitchen,Online,Medium Value,Silver,130,Medium,0
CUST102104,Heidi Burnett,Male,46,Visakhapatnam,Andhra Pradesh,2019-06-29,2026-02-22,5,0.72,40,8,1664.59,8322.95,8367.38,Sports,Offline,Low Value,Bronze,122,Medium,1
CUST102105,Sean Mathews,Male,31,Kolkata,West Bengal,2023-12-29,2026-01-07,19,7.66,76,4,3115.28,59190.32,59192.11,Sports,Online,Medium Value,Silver,168,Medium,0
CUST102106,Theodore Long,Female,46,Nagpur,Maharashtra,2020-06-26,2025-11-12,3,0.5,21,7,1414.32,4242.96,4234.25,Home & Kitchen,Offline,Low Value,Bronze,224,High,1
CUST102107,Dawn Davis,Female,40,Bhopal,Madhya Pradesh,2023-05-04,2023-05-04,9,2.87,36,4,1996.38,17967.42,17961.41,Sports,Offline,Medium Value,Bronze,1147,High,0
CUST102108,Cynthia Clark,Female,48,Coimbatore,Tamil Nadu,2024-03-16,2026-06-07,45,19.85,180,4,4730.15,212856.75,212850.92,Electronics,Offline,Medium Value,Gold,17,Low,0
CUST102109,Sydney Welch,Female,37,Visakhapatnam,Andhra Pradesh,2020-04-23,2025-12-11,4,0.65,24,6,1537.36,6149.44,6158.49,Home & Kitchen,Online,Low Value,Bronze,195,High,1
CUST102110,Pamela Sullivan,Male,34,Nashik,Maharashtra,2021-02-24,2026-06-21,52,9.77,1612,31,5023.67,261230.84,261229.19,Fashion,Online,High Value,Gold,3,Low,0
CUST102111,Sean Morrow,Male,52,Pune,Maharashtra,2020-05-13,2025-03-20,65,10.64,910,14,4374.2,284323.0,284282.16,Fashion,Offline,High Value,Gold,461,High,0
CUST102112,Kaitlin Gutierrez,Female,32,Kochi,Kerala,2020-04-30,2026-03-01,56,9.11,1232,22,11537.01,646072.56,645720.05,Fashion,Online,High Value,Gold,115,Low,0
CUST102113,Michelle Mcdowell,Female,22,Madurai,Tamil Nadu,2021-07-08,2024-08-28,3,0.61,18,6,1307.39,3922.17,3952.06,Sports,Online,Low Value,Bronze,665,High,1
CUST102114,Samantha Hale,Female,23,Delhi,Delhi,2022-09-02,2026-06-18,11,2.89,253,23,5377.22,59149.42,59097.3,Fashion,Online,Medium Value,Silver,6,Low,0
CUST102115,Heather Guzman,Female,52,Kanpur,Uttar Pradesh,2022-01-01,2026-04-18,46,10.29,1012,22,11778.77,541823.42,541890.17,Grocery,Offline,High Value,Gold,67,Low,0
CUST102116,Nancy Chavez,Male,43,Patna,Bihar,2024-01-03,2026-03-08,32,12.97,352,11,3470.77,111064.64,111045.35,Beauty,Online,Medium Value,Silver,108,Medium,0
CUST102117,Anthony May,Male,34,Surat,Gujarat,2020-05-31,2026-06-15,5,0.83,60,12,4206.82,21034.1,21155.5,Home & Kitchen,Online,Medium Value,Bronze,9,Low,1
CUST102118,Rachel Taylor,Male,18,Pune,Maharashtra,2019-09-25,2026-05-18,34,5.04,510,15,12444.59,423116.06,422774.66,Beauty,Online,High Value,Gold,37,Low,0
CUST102119,Mark Edwards,Male,36,Vadodara,Gujarat,2019-04-29,2025-02-20,15,2.1,45,3,1752.22,26283.3,26304.17,Electronics,Online,Medium Value,Bronze,489,High,0
CUST102120,Christopher Black,Male,47,Mumbai,Maharashtra,2019-01-14,2025-06-10,3,0.5,15,5,899.28,2697.84,3343.52,Home & Kitchen,Online,Low Value,Bronze,379,High,1
CUST102121,Sandra Hines,Female,24,Nagpur,Maharashtra,2020-06-13,2026-06-02,14,2.32,154,11,3209.68,44935.52,44852.04,Fashion,Offline,Medium Value,Silver,22,Low,0
CUST102122,Melissa Sparks,Male,54,Lucknow,Uttar Pradesh,2022-09-03,2025-04-28,3,0.79,9,3,1334.9,4004.7,4007.51,Fashion,Offline,Low Value,Bronze,422,High,1
CUST102123,John Moss,Female,25,Coimbatore,Tamil Nadu,2019-12-12,2026-06-21,16,2.45,240,15,3224.97,51599.52,51571.27,Grocery,Online,Medium Value,Silver,3,Low,0
CUST102124,Michael Serrano,Female,47,Jaipur,Rajasthan,2021-12-23,2023-03-03,3,0.67,9,3,973.72,2921.16,2932.86,Grocery,Offline,Low Value,Bronze,1209,High,1
CUST102125,Christina Perry,Female,59,Kanpur,Uttar Pradesh,2022-01-17,2026-06-21,10,2.26,90,9,5050.69,50506.9,50533.45,Electronics,Online,Medium Value,Silver,3,Low,0
CUST102126,Shawn Duffy,Male,27,Mumbai,Maharashtra,2023-09-08,2026-04-15,29,10.4,754,26,2051.91,59505.39,59477.02,Sports,Offline,Medium Value,Silver,70,Low,0
CUST102127,Courtney Vaughan,Female,35,Patna,Bihar,2019-09-23,2025-12-15,59,8.75,1534,26,17837.31,1052401.29,1052901.86,Home & Kitchen,Online,High Value,Platinum,191,High,0
CUST102128,Maria Sims,Male,41,Hyderabad,Telangana,2019-06-06,2024-08-30,1,0.5,4,4,200.0,200.0,704.45,Beauty,Online,Low Value,Bronze,663,High,1
CUST102129,Valerie Gonzalez,Male,29,Kochi,Kerala,2022-10-04,2026-05-20,39,10.5,507,13,1983.77,77367.03,77387.4,Home & Kitchen,Offline,Medium Value,Silver,35,Low,0
CUST102130,Caroline Morales,Male,20,Jaipur,Rajasthan,2022-08-19,2026-05-13,117,30.46,1872,16,17074.32,1997695.44,1997748.26,Grocery,Online,High Value,Platinum,42,Low,0
CUST102131,David Davis,Male,39,Bhopal,Madhya Pradesh,2023-06-09,2026-04-24,90,29.64,2610,29,2316.38,208474.2,208463.17,Sports,Online,Medium Value,Gold,61,Low,0
CUST102132,Travis Wilson,Female,63,Kolkata,West Bengal,2022-12-09,2026-04-06,29,8.2,551,19,1494.25,43333.25,43308.5,Electronics,Offline,Medium Value,Silver,79,Low,0
CUST102133,Jessica Mora,Female,29,Coimbatore,Tamil Nadu,2023-07-03,2026-01-06,8,2.69,8,1,5825.6,46604.8,46551.37,Grocery,Online,Medium Value,Silver,169,Medium,0
CUST102134,Michael Wilson,Female,48,Vadodara,Gujarat,2019-08-16,2025-09-02,9,1.31,27,3,1715.92,15443.28,15398.04,Fashion,Offline,Medium Value,Bronze,295,High,1
CUST102135,Cheryl Atkins,Female,34,Mumbai,Maharashtra,2020-04-19,2026-04-13,2,0.5,12,6,1932.2,3864.4,5964.56,Grocery,Online,Low Value,Bronze,72,Low,1
CUST102136,Donna Snyder,Female,45,Bengaluru,Karnataka,2023-10-19,2026-04-22,106,39.63,1696,16,12283.12,1302010.72,1302078.31,Fashion,Offline,High Value,Platinum,63,Low,0
CUST102137,Scott Greene,Male,43,Hyderabad,Telangana,2021-07-29,2025-01-01,4,0.82,24,6,1531.83,6127.32,6152.4,Home & Kitchen,Online,Low Value,Bronze,539,High,1
CUST102138,Diane Byrd MD,Male,29,Ahmedabad,Gujarat,2019-02-27,2026-06-21,60,8.2,2100,35,13923.65,835419.0,835243.64,Sports,Offline,High Value,Platinum,3,Low,0
CUST102139,Charles Roberts,Female,31,Patna,Bihar,2020-03-12,2026-02-21,11,1.75,55,5,200.0,2200.0,2197.26,Fashion,Online,Low Value,Bronze,123,Medium,1
CUST102140,Luke Solomon,Male,39,Bengaluru,Karnataka,2020-12-06,2025-07-24,8,1.44,24,3,200.0,1600.0,1595.93,Beauty,Offline,Low Value,Bronze,335,High,1
CUST102141,Michael Ellis,Female,31,Coimbatore,Tamil Nadu,2021-08-01,2026-02-21,19,3.89,380,20,3380.77,64234.63,64306.73,Fashion,Online,Medium Value,Silver,123,Medium,0
CUST102142,Casey Morris,Other,60,Nagpur,Maharashtra,2023-10-16,2026-04-03,1,0.5,1,1,696.34,696.34,934.17,Grocery,Online,Low Value,Bronze,82,Low,1
CUST102143,Melissa Reeves,Female,34,Jaipur,Rajasthan,2019-05-05,2026-04-21,7,0.98,105,15,485.15,3396.05,3390.94,Beauty,Online,Low Value,Bronze,64,Low,1
CUST102144,Nancy Scott,Female,18,Hyderabad,Telangana,2021-10-14,2026-06-06,21,4.48,21,1,4575.52,96085.92,96079.78,Fashion,Offline,Medium Value,Silver,18,Low,0
CUST102145,Anthony Cook,Male,59,Nashik,Maharashtra,2021-12-04,2025-01-02,1,0.5,9,9,2171.66,2171.66,4937.89,Fashion,Online,Low Value,Bronze,538,High,1
CUST102146,Terry Barajas,Female,59,Bengaluru,Karnataka,2021-07-07,2025-12-23,21,4.24,483,23,986.2,20710.2,20732.85,Electronics,Online,Medium Value,Bronze,183,High,0
CUST102147,Tracy George,Female,34,Ahmedabad,Gujarat,2023-05-09,2026-03-31,23,7.37,253,11,200.0,4600.0,4600.57,Electronics,Online,Low Value,Bronze,85,Low,0
CUST102148,Amber King,Female,59,Madurai,Tamil Nadu,2021-11-27,2026-02-02,22,4.82,88,4,3194.49,70278.78,70316.04,Sports,Online,Medium Value,Silver,142,Medium,0
CUST102149,Elizabeth Foster,Male,32,Bengaluru,Karnataka,2020-01-13,2024-05-30,2,0.5,10,5,270.35,540.7,870.45,Beauty,Online,Low Value,Bronze,755,High,1
CUST102150,Walter Hansen,Male,28,Ranchi,Jharkhand,2024-02-27,2026-03-03,25,10.79,350,14,969.66,24241.5,24233.77,Beauty,Online,Medium Value,Bronze,113,Medium,0
CUST102151,Debbie Gordon,Female,33,Visakhapatnam,Andhra Pradesh,2024-03-24,2026-03-23,69,30.73,138,2,8608.14,593961.66,593875.64,Beauty,Online,High Value,Gold,93,Low,0
CUST102152,Sherry Anderson,Female,25,Surat,Gujarat,2022-06-16,2024-11-08,2,0.5,18,9,1678.99,3357.98,3371.77,Electronics,Offline,Low Value,Bronze,593,High,1
CUST102153,Joseph Thomas,Other,41,Mumbai,Maharashtra,2024-05-18,2025-04-22,7,3.34,35,5,801.97,5613.79,5610.17,Sports,Offline,Low Value,Bronze,428,High,0
CUST102154,Andrew Anderson,Male,70,Delhi,Delhi,2022-12-15,2026-04-14,93,26.43,279,3,7855.11,730525.23,730402.65,Sports,Online,High Value,Platinum,71,Low,0
CUST102155,Sandy Adkins,Male,40,Kolkata,West Bengal,2021-12-27,2026-05-24,14,3.12,168,12,4609.5,64533.0,64495.9,Grocery,Online,Medium Value,Silver,31,Low,0
CUST102156,Diane Mcdowell,Male,18,Indore,Madhya Pradesh,2024-03-29,2026-05-26,119,53.33,2142,18,9354.31,1113162.89,1113142.4,Sports,Offline,High Value,Platinum,29,Low,0
CUST102157,Pam Baker,Female,31,Ranchi,Jharkhand,2020-06-01,2025-10-22,30,4.95,210,7,1640.07,49202.1,49165.73,Home & Kitchen,Online,Medium Value,Silver,245,High,0
CUST102158,Steven Stewart,Male,42,Bhopal,Madhya Pradesh,2021-12-02,2026-02-07,38,8.35,532,14,3012.11,114460.18,114514.2,Electronics,Offline,Medium Value,Silver,137,Medium,0
CUST102159,Pamela Hernandez DVM,Female,35,Pune,Maharashtra,2019-09-13,2026-03-29,2,0.5,16,8,1235.82,2471.64,4185.38,Home & Kitchen,Offline,Low Value,Bronze,87,Low,1
CUST102160,Rebecca Brown,Female,30,Pune,Maharashtra,2023-07-06,2026-02-17,29,9.79,493,17,2771.85,80383.65,80387.67,Beauty,Online,Medium Value,Silver,127,Medium,0
CUST102161,David Johnson,Male,64,Bhopal,Madhya Pradesh,2021-06-25,2025-09-23,6,1.2,60,10,3374.82,20248.92,20212.88,Sports,Online,Medium Value,Bronze,274,High,1
CUST102162,Michael Graham,Male,39,Patna,Bihar,2023-08-06,2025-12-23,42,14.6,840,20,2892.02,121464.84,121497.3,Sports,Online,Medium Value,Silver,183,High,0
CUST102163,Tammy Williams MD,Female,44,Madurai,Tamil Nadu,2024-02-09,2025-08-26,1,0.5,7,7,1671.42,1671.42,1976.87,Beauty,Offline,Low Value,Bronze,302,High,1
CUST102164,Karina Vasquez,Female,22,Madurai,Tamil Nadu,2019-09-09,2026-06-10,35,5.16,70,2,4665.65,163297.75,163332.62,Fashion,Offline,Medium Value,Gold,14,Low,0
CUST102165,Sharon Martinez,Female,64,Coimbatore,Tamil Nadu,2019-03-09,2023-09-25,9,1.23,36,4,1671.29,15041.61,14982.17,Home & Kitchen,Offline,Medium Value,Bronze,1003,High,1
CUST102166,Sean White,Female,18,Madurai,Tamil Nadu,2019-06-01,2026-05-20,27,3.83,243,9,1685.98,45521.46,45576.81,Home & Kitchen,Offline,Medium Value,Silver,35,Low,0
CUST102167,Jordan Nelson,Female,28,Pune,Maharashtra,2021-07-24,2026-05-07,119,24.23,3570,30,11284.22,1342822.18,1342941.74,Home & Kitchen,Online,High Value,Platinum,48,Low,0
CUST102168,Laurie Silva,Male,59,Ranchi,Jharkhand,2019-11-13,2026-03-16,11,1.67,220,20,3496.22,38458.42,38572.9,Electronics,Online,Medium Value,Silver,100,Medium,1
CUST102169,Kelly Duncan,Female,33,Visakhapatnam,Andhra Pradesh,2019-01-24,2026-06-17,23,3.1,230,10,2780.4,63949.2,63856.71,Home & Kitchen,Offline,Medium Value,Silver,7,Low,0
CUST102170,Billy Tate,Female,46,Bengaluru,Karnataka,2019-11-06,2025-10-11,22,3.32,242,11,1477.77,32510.94,32506.49,Sports,Offline,Medium Value,Bronze,256,High,0
CUST102171,Stacy Johnson,Male,27,Guwahati,Assam,2020-07-01,2026-04-14,132,22.1,2640,20,4932.42,651079.44,651203.68,Electronics,Offline,High Value,Gold,71,Low,0
CUST102172,Melanie Long,Female,46,Pune,Maharashtra,2024-01-25,2026-04-30,64,26.59,1216,19,7140.35,456982.4,456916.13,Fashion,Online,High Value,Gold,55,Low,0
CUST102173,Tiffany Hood,Male,18,Nashik,Maharashtra,2021-06-03,2026-01-02,8,1.58,64,8,1381.0,11048.0,11021.91,Grocery,Offline,Low Value,Bronze,173,Medium,1
CUST102174,Brad Rivas,Female,36,Ahmedabad,Gujarat,2023-05-17,2026-01-25,16,5.16,336,21,8747.11,139953.76,139884.79,Beauty,Online,Medium Value,Gold,150,Low,0
CUST102175,Jordan Moses,Male,18,Hyderabad,Telangana,2021-09-27,2024-10-07,1,0.5,6,6,1109.76,1109.76,2626.66,Fashion,Online,Low Value,Bronze,625,High,1
CUST102176,Abigail Booker,Male,33,Patna,Bihar,2019-07-28,2026-05-15,31,4.49,744,24,1832.32,56801.92,56784.56,Electronics,Online,Medium Value,Silver,40,Low,0
CUST102177,Tiffany Nguyen,Female,45,Chennai,Tamil Nadu,2019-04-22,2026-05-10,31,4.32,31,1,3548.18,109993.58,109867.39,Electronics,Online,Medium Value,Silver,45,Low,0
CUST102178,Morgan Bernard,Female,44,Madurai,Tamil Nadu,2019-04-28,2024-11-23,11,1.54,198,18,5958.09,65538.99,65616.15,Beauty,Online,Medium Value,Silver,578,High,1
CUST102179,Christine Williams,Male,18,Nagpur,Maharashtra,2019-01-06,2025-07-23,11,1.47,154,14,586.08,6446.88,6425.27,Beauty,Online,Low Value,Bronze,336,High,1
CUST102180,Erica Brown,Other,42,Nagpur,Maharashtra,2019-07-31,2025-06-20,26,3.77,26,1,2322.18,60376.68,60353.54,Beauty,Online,Medium Value,Silver,369,High,0
CUST102181,Trevor James,Male,18,Ranchi,Jharkhand,2023-01-18,2026-03-10,36,10.51,468,13,911.59,32817.24,32814.77,Home & Kitchen,Online,Medium Value,Bronze,106,Medium,0
CUST102182,Christopher Hanna,Female,39,Surat,Gujarat,2022-02-19,2026-06-18,134,30.9,1608,12,11155.84,1494882.56,1494946.7,Home & Kitchen,Offline,High Value,Platinum,6,Low,0
CUST102183,Ann Phelps,Female,18,Nashik,Maharashtra,2022-05-10,2026-05-02,32,7.77,832,26,5437.22,173991.04,173962.46,Electronics,Online,Medium Value,Gold,53,Low,0
CUST102184,Richard Mitchell,Female,28,Jaipur,Rajasthan,2021-03-22,2026-05-10,53,10.09,477,9,3067.54,162579.62,162532.34,Home & Kitchen,Online,Medium Value,Gold,45,Low,0
CUST102185,Martha Martinez,Other,50,Chennai,Tamil Nadu,2020-07-31,2025-06-03,6,1.02,36,6,1853.03,11118.18,11136.14,Beauty,Online,Low Value,Bronze,386,High,1
CUST102186,Jeffrey Drake MD,Female,61,Chandigarh,Chandigarh,2020-10-05,2026-02-22,5,0.88,50,10,691.88,3459.4,3477.26,Grocery,Offline,Low Value,Bronze,122,Medium,1
CUST102187,Bonnie Wade,Male,30,Kolkata,West Bengal,2020-11-13,2026-01-12,4,0.71,28,7,948.7,3794.8,3774.98,Fashion,Online,Low Value,Bronze,163,Medium,1
CUST102188,Kayla Burns,Female,18,Coimbatore,Tamil Nadu,2022-07-26,2025-07-21,6,1.54,6,1,1961.05,11766.3,11798.94,Electronics,Offline,Low Value,Bronze,338,High,1
CUST102189,Karen Hart,Male,39,Nashik,Maharashtra,2022-07-20,2026-05-06,27,6.88,216,8,3413.18,92155.86,92130.54,Home & Kitchen,Online,Medium Value,Silver,49,Low,0
CUST102190,Peter Shepherd,Male,39,Patna,Bihar,2021-04-16,2026-03-31,15,2.89,300,20,3895.56,58433.4,58348.29,Electronics,Online,Medium Value,Silver,85,Low,0
CUST102191,Jessica Simmons,Male,36,Pune,Maharashtra,2019-06-23,2025-10-20,7,1.0,28,4,1608.05,11256.35,11253.05,Grocery,Offline,Low Value,Bronze,247,High,1
CUST102192,Glenn Ford,Male,46,Visakhapatnam,Andhra Pradesh,2020-09-05,2026-02-10,5,0.86,90,18,1658.41,8292.05,8262.58,Electronics,Online,Low Value,Bronze,134,Medium,1
CUST102193,Michael Moore,Female,41,Surat,Gujarat,2024-04-11,2026-02-11,33,15.03,165,5,4815.54,158912.82,158923.5,Fashion,Offline,Medium Value,Gold,133,Low,0
CUST102194,Mark Warren IV,Male,34,Coimbatore,Tamil Nadu,2021-02-07,2026-05-28,103,19.18,2266,22,8883.25,914974.75,914761.45,Sports,Offline,High Value,Platinum,27,Low,0
CUST102195,Terry Woods,Female,40,Delhi,Delhi,2023-11-29,2026-06-18,22,8.58,352,16,925.84,20368.48,20356.77,Fashion,Offline,Medium Value,Bronze,6,Low,0
CUST102196,Carl Leach,Male,39,Hyderabad,Telangana,2019-05-20,2026-03-26,14,1.97,98,7,3398.01,47572.14,47467.94,Beauty,Online,Medium Value,Silver,90,Low,1
CUST102197,Kelly Phillips,Female,20,Nashik,Maharashtra,2022-07-13,2025-07-27,1,0.5,9,9,1208.23,1208.23,2381.73,Sports,Offline,Low Value,Bronze,332,High,1
CUST102198,Billy Williams,Male,34,Guwahati,Assam,2020-01-22,2026-06-20,24,3.74,240,10,2390.04,57360.96,57340.15,Fashion,Offline,Medium Value,Silver,4,Low,0
CUST102199,Jeffery Davis,Female,47,Vadodara,Gujarat,2022-09-12,2026-02-13,6,1.59,42,7,5819.12,34914.72,34932.4,Fashion,Online,Medium Value,Silver,131,Medium,1
CUST102200,Laura King,Female,32,Nagpur,Maharashtra,2019-09-17,2026-02-23,3,0.5,24,8,586.15,1758.45,1981.92,Home & Kitchen,Online,Low Value,Bronze,121,Medium,1
CUST102201,Brad Gordon,Male,57,Guwahati,Assam,2023-06-13,2026-05-16,68,22.48,2584,38,7282.14,495185.52,495253.31,Grocery,Online,High Value,Gold,39,Low,0
CUST102202,Matthew White,Female,35,Vadodara,Gujarat,2019-10-12,2026-02-06,36,5.38,396,11,2473.14,89033.04,89067.57,Grocery,Online,Medium Value,Silver,138,Medium,0
CUST102203,James Miller,Male,41,Ranchi,Jharkhand,2023-02-14,2026-05-03,92,27.45,2760,30,1400.93,128885.56,128869.45,Sports,Online,Medium Value,Gold,52,Low,0
CUST102204,Elizabeth Matthews,Male,49,Hyderabad,Telangana,2022-05-22,2026-02-13,3,0.73,3,1,1005.79,3017.37,2999.22,Grocery,Online,Low Value,Bronze,131,Medium,1
CUST102205,Michael Hanson,Female,52,Bengaluru,Karnataka,2022-08-31,2025-09-16,5,1.31,25,5,1199.42,5997.1,5983.83,Electronics,Online,Low Value,Bronze,281,High,1
CUST102206,Vincent Savage,Male,40,Lucknow,Uttar Pradesh,2023-07-27,2025-08-13,26,8.95,156,6,2278.77,59248.02,59244.59,Home & Kitchen,Online,Medium Value,Silver,315,High,0
CUST102207,Cody Burgess,Female,31,Lucknow,Uttar Pradesh,2024-04-29,2025-12-04,7,3.26,21,3,429.13,3003.91,3002.84,Home & Kitchen,Online,Low Value,Bronze,202,High,0
CUST102208,Shelby Rodriguez,Female,40,Guwahati,Assam,2019-11-28,2026-06-18,24,3.66,480,20,4548.16,109155.84,109288.83,Home & Kitchen,Online,Medium Value,Silver,6,Low,0
CUST102209,Abigail Wilson,Female,44,Mumbai,Maharashtra,2021-07-07,2025-06-27,2,0.5,2,1,1278.83,2557.66,3170.38,Home & Kitchen,Online,Low Value,Bronze,362,High,1
CUST102210,John Holt,Female,36,Visakhapatnam,Andhra Pradesh,2022-10-04,2026-06-01,7,1.88,21,3,739.61,5177.27,5165.95,Sports,Online,Low Value,Bronze,23,Low,1
CUST102211,Tracy Guzman,Female,25,Chennai,Tamil Nadu,2022-12-29,2024-10-07,4,1.15,32,8,719.67,2878.68,2879.96,Beauty,Online,Low Value,Bronze,625,High,1
CUST102212,Mr. William Ward,Female,36,Coimbatore,Tamil Nadu,2023-10-29,2026-05-21,128,48.35,4992,39,10373.42,1327797.76,1327867.34,Home & Kitchen,Online,High Value,Platinum,34,Low,0
CUST102213,Melissa Foster,Female,37,Ahmedabad,Gujarat,2022-01-18,2026-05-06,3,0.68,15,5,595.75,1787.25,1792.36,Home & Kitchen,Online,Low Value,Bronze,49,Low,1
CUST102214,Calvin Smith,Male,49,Patna,Bihar,2021-10-30,2025-12-17,1,0.5,3,3,2405.52,2405.52,5584.89,Home & Kitchen,Online,Low Value,Bronze,189,High,1
CUST102215,Alan Waller,Female,30,Madurai,Tamil Nadu,2022-03-28,2025-07-16,29,6.85,377,13,2216.92,64290.68,64319.21,Sports,Online,Medium Value,Silver,343,High,0
CUST102216,Christine Wong,Female,37,Chennai,Tamil Nadu,2020-04-22,2025-01-06,1,0.5,7,7,512.75,512.75,1580.72,Sports,Online,Low Value,Bronze,534,High,1
CUST102217,Jessica Garrett,Male,27,Nagpur,Maharashtra,2019-05-05,2026-05-23,18,2.52,144,8,1621.58,29188.44,29144.49,Electronics,Offline,Medium Value,Bronze,32,Low,0
CUST102218,Cheryl Turner,Male,39,Jaipur,Rajasthan,2023-03-19,2026-02-10,1,0.5,7,7,1143.57,1143.57,1864.47,Fashion,Online,Low Value,Bronze,134,Medium,1
CUST102219,John Johnson,Female,19,Bengaluru,Karnataka,2019-04-09,2026-05-28,64,8.88,1792,28,13192.19,844300.16,843840.74,Fashion,Online,High Value,Platinum,27,Low,0
CUST102220,Christian Park,Female,32,Chennai,Tamil Nadu,2019-10-31,2025-06-13,6,0.9,72,12,244.03,1464.18,1458.77,Sports,Online,Low Value,Bronze,376,High,1
CUST102221,Kaitlyn Heath,Male,29,Nagpur,Maharashtra,2021-03-12,2025-07-27,16,3.03,96,6,5182.09,82913.44,82882.79,Home & Kitchen,Online,Medium Value,Silver,332,High,0
CUST102222,Christina Hudson,Female,34,Mumbai,Maharashtra,2021-06-02,2026-06-09,75,14.84,1050,14,11899.34,892450.5,892479.49,Beauty,Online,High Value,Platinum,15,Low,0
CUST102223,Amber Smith,Male,47,Surat,Gujarat,2019-07-08,2026-06-03,9,1.29,90,10,5038.46,45346.14,45217.02,Beauty,Online,Medium Value,Silver,21,Low,1
CUST102224,Michelle Petty,Female,48,Visakhapatnam,Andhra Pradesh,2022-05-26,2026-06-17,46,11.29,644,14,5345.6,245897.6,245868.62,Electronics,Online,High Value,Gold,7,Low,0
CUST102225,Nancy Larson,Male,38,Guwahati,Assam,2020-06-15,2025-12-20,21,3.49,168,8,4507.19,94650.99,94660.49,Home & Kitchen,Offline,Medium Value,Silver,186,High,0
CUST102226,Donna Freeman,Male,28,Patna,Bihar,2020-08-11,2026-03-13,16,2.73,192,12,5570.28,89124.48,89138.66,Beauty,Online,Medium Value,Silver,103,Medium,0
CUST102227,Mr. Logan Gregory,Male,19,Delhi,Delhi,2023-06-19,2026-06-18,25,8.31,300,12,2223.26,55581.5,55590.27,Home & Kitchen,Online,Medium Value,Silver,6,Low,0
CUST102228,Katherine Klein,Male,33,Kolkata,West Bengal,2019-05-22,2026-04-16,22,3.1,198,9,4036.23,88797.06,88656.72,Electronics,Online,Medium Value,Silver,69,Low,0
CUST102229,Jennifer Stewart,Male,49,Delhi,Delhi,2019-05-29,2026-03-27,24,3.4,96,4,646.89,15525.36,15542.01,Grocery,Online,Medium Value,Bronze,89,Low,0
CUST102230,Steven Butler,Male,18,Bengaluru,Karnataka,2023-03-13,2026-05-26,1,0.5,8,8,859.79,859.79,1408.86,Home & Kitchen,Online,Low Value,Bronze,29,Low,1
CUST102231,Johnny Mcmillan,Female,58,Ranchi,Jharkhand,2022-03-03,2026-04-17,123,28.58,3198,26,4022.55,494773.65,494795.79,Electronics,Online,High Value,Gold,68,Low,0
CUST102232,Michael Smith,Male,38,Kanpur,Uttar Pradesh,2019-11-16,2024-08-04,11,1.67,55,5,809.48,8904.28,8919.68,Beauty,Offline,Low Value,Bronze,689,High,1
CUST102233,Corey Cooper,Male,32,Patna,Bihar,2022-07-11,2025-07-30,5,1.27,35,7,338.87,1694.35,1699.07,Electronics,Offline,Low Value,Bronze,329,High,1
CUST102234,Daniel Stout,Female,34,Mumbai,Maharashtra,2023-12-22,2026-01-14,77,30.8,1232,16,3618.55,278628.35,278590.21,Electronics,Offline,High Value,Gold,161,Low,0
CUST102235,Lance Kirby,Female,22,Ahmedabad,Gujarat,2023-07-15,2026-03-08,11,3.74,176,16,4539.64,49936.04,49877.25,Grocery,Online,Medium Value,Silver,108,Medium,0
CUST102236,Bonnie Carter,Female,38,Jaipur,Rajasthan,2020-05-18,2025-05-10,6,0.98,30,5,1195.03,7170.18,7137.4,Beauty,Online,Low Value,Bronze,410,High,1
CUST102237,Toni Whitaker,Female,18,Lucknow,Uttar Pradesh,2022-07-26,2026-05-07,99,25.34,2970,30,6439.84,637544.16,637551.74,Beauty,Online,High Value,Gold,48,Low,0
CUST102238,Morgan Flynn,Female,22,Ahmedabad,Gujarat,2023-04-17,2026-06-22,69,21.69,1587,23,11225.82,774581.58,774628.6,Grocery,Online,High Value,Platinum,2,Low,0
CUST102239,Sarah Howell,Male,34,Kochi,Kerala,2022-08-11,2026-03-31,10,2.59,110,11,6195.27,61952.7,61986.45,Electronics,Online,Medium Value,Silver,85,Low,0
CUST102240,Paul Estrada,Female,26,Coimbatore,Tamil Nadu,2022-02-09,2026-02-09,2,0.5,4,2,2190.32,4380.64,4779.43,Electronics,Offline,Low Value,Bronze,135,Medium,1
CUST102241,Curtis Obrien,Male,59,Pune,Maharashtra,2020-04-12,2026-03-20,84,13.56,1428,17,11816.53,992588.52,992320.65,Sports,Online,High Value,Platinum,96,Medium,0
CUST102242,Jason Chaney,Male,37,Lucknow,Uttar Pradesh,2023-10-05,2026-05-17,5,1.84,30,6,4995.25,24976.25,24937.82,Grocery,Online,Medium Value,Bronze,38,Low,1
CUST102243,Daniel Williams,Female,33,Madurai,Tamil Nadu,2020-01-01,2026-02-21,5,0.77,30,6,1923.22,9616.1,9584.67,Fashion,Online,Low Value,Bronze,123,Medium,1
CUST102244,Stanley Kelly,Male,18,Visakhapatnam,Andhra Pradesh,2019-01-24,2026-02-06,2,0.5,18,9,1163.08,2326.16,4308.41,Grocery,Offline,Low Value,Bronze,138,Medium,1
CUST102245,Ronald Kline,Female,23,Madurai,Tamil Nadu,2019-06-28,2025-09-02,20,2.86,380,19,4476.41,89528.2,89416.18,Electronics,Online,Medium Value,Silver,295,High,0
CUST102246,Arthur Jordan,Male,38,Hyderabad,Telangana,2021-12-24,2026-05-31,78,17.36,936,12,8613.55,671856.9,671815.87,Electronics,Online,High Value,Gold,24,Low,0
CUST102247,Barbara Walker,Female,50,Chennai,Tamil Nadu,2019-09-08,2026-01-04,5,0.74,10,2,1144.83,5724.15,5749.88,Electronics,Online,Low Value,Bronze,171,Medium,1
CUST102248,Gerald Kelly,Female,28,Pune,Maharashtra,2019-09-09,2025-10-14,36,5.31,216,6,383.02,13788.72,13798.35,Electronics,Online,Low Value,Bronze,253,High,0
CUST102249,Shawn Adams,Female,40,Kolkata,West Bengal,2019-05-15,2026-03-11,198,27.87,4158,21,8099.55,1603710.9,1603780.75,Home & Kitchen,Online,High Value,Platinum,105,Medium,0
CUST102250,Michael Robertson,Female,47,Ahmedabad,Gujarat,2020-01-16,2026-05-11,98,15.24,2744,28,6212.46,608821.08,608893.54,Grocery,Offline,High Value,Gold,44,Low,0
CUST102251,Michelle House,Male,49,Nagpur,Maharashtra,2023-11-18,2025-08-01,2,0.77,12,6,1309.73,2619.46,2614.76,Sports,Online,Low Value,Bronze,327,High,1
CUST102252,Jim Skinner,Female,29,Hyderabad,Telangana,2023-01-04,2025-11-09,23,6.64,460,20,437.35,10059.05,10057.67,Beauty,Online,Low Value,Bronze,227,High,0
CUST102253,Brian Bishop,Male,46,Chennai,Tamil Nadu,2022-10-11,2022-10-11,5,1.35,45,9,2306.77,11533.85,11510.17,Home & Kitchen,Offline,Low Value,Bronze,1352,High,1
CUST102254,Theresa Colon,Male,31,Guwahati,Assam,2021-01-05,2025-06-08,6,1.1,24,4,1053.21,6319.26,6324.74,Sports,Online,Low Value,Bronze,381,High,1
CUST102255,Brian Soto,Male,32,Ahmedabad,Gujarat,2020-05-28,2026-04-23,34,5.6,816,24,4255.41,144683.94,144580.25,Home & Kitchen,Online,Medium Value,Gold,62,Low,0
CUST102256,Susan Moore,Male,18,Kochi,Kerala,2019-09-21,2025-06-28,31,4.59,682,22,6610.0,204910.0,204841.05,Sports,Online,Medium Value,Gold,361,High,0
CUST102257,Jeremy Hunter,Male,34,Nagpur,Maharashtra,2022-03-13,2026-05-04,23,5.38,506,22,1335.92,30726.16,30736.44,Beauty,Offline,Medium Value,Bronze,51,Low,0
CUST102258,Annette Holland,Male,47,Pune,Maharashtra,2022-08-12,2026-06-07,8,2.07,144,18,2993.94,23951.52,23924.47,Beauty,Offline,Medium Value,Bronze,17,Low,0
CUST102259,Chad Allison,Female,69,Kolkata,West Bengal,2019-05-04,2026-06-01,12,1.68,84,7,3511.01,42132.12,42084.83,Fashion,Online,Medium Value,Silver,23,Low,1
CUST102260,Jason Mack,Male,36,Vadodara,Gujarat,2024-02-15,2024-02-15,12,5.11,72,6,1664.25,19971.0,19977.29,Grocery,Online,Medium Value,Bronze,860,High,0
CUST102261,Robert Peterson,Female,52,Surat,Gujarat,2022-08-23,2026-04-06,15,3.92,120,8,4862.43,72936.45,73007.41,Beauty,Offline,Medium Value,Silver,79,Low,0
CUST102262,Angela Watson,Female,31,Ahmedabad,Gujarat,2021-03-21,2025-11-20,3,0.57,27,9,1558.12,4674.36,4666.17,Fashion,Offline,Low Value,Bronze,216,High,1
CUST102263,Heather Ortega,Female,40,Visakhapatnam,Andhra Pradesh,2021-01-13,2025-11-12,30,5.52,450,15,694.34,20830.2,20840.12,Electronics,Online,Medium Value,Bronze,224,High,0
CUST102264,Paul Fisher,Male,35,Nashik,Maharashtra,2020-09-21,2026-01-12,24,4.17,312,13,3462.04,83088.96,83003.65,Fashion,Online,Medium Value,Silver,163,Medium,0
CUST102265,Robert Gutierrez,Other,43,Bhopal,Madhya Pradesh,2020-10-21,2025-11-21,15,2.65,225,15,3754.77,56321.55,56390.94,Beauty,Offline,Medium Value,Silver,215,High,0
CUST102266,Jimmy Phelps,Male,32,Kanpur,Uttar Pradesh,2024-05-08,2025-11-04,11,5.18,99,9,3585.72,39442.92,39411.01,Electronics,Offline,Medium Value,Silver,232,High,0
CUST102267,Heidi Johnson,Male,38,Ranchi,Jharkhand,2023-02-08,2024-01-21,2,0.59,6,3,937.38,1874.76,1862.44,Grocery,Online,Low Value,Bronze,885,High,1
CUST102268,Adam Drake,Female,45,Mumbai,Maharashtra,2022-07-09,2026-03-27,11,2.78,187,17,6273.02,69003.22,68944.31,Sports,Offline,Medium Value,Silver,89,Low,0
CUST102269,Angela Edwards,Male,25,Ranchi,Jharkhand,2023-04-12,2026-05-07,13,4.07,260,20,5662.28,73609.64,73631.96,Beauty,Online,Medium Value,Silver,48,Low,0
CUST102270,Mrs. Amy Malone,Male,37,Chennai,Tamil Nadu,2021-11-14,2026-05-19,104,22.6,2808,27,16647.25,1731314.0,1731523.66,Fashion,Online,High Value,Platinum,36,Low,0
CUST102271,Margaret Orr,Female,44,Jaipur,Rajasthan,2020-02-15,2026-03-01,37,5.83,777,21,6766.29,250352.73,250454.99,Home & Kitchen,Offline,High Value,Gold,115,Low,0
CUST102272,Mark Reeves,Male,42,Ranchi,Jharkhand,2020-01-18,2026-06-11,23,3.58,253,11,2872.87,66076.01,66087.89,Sports,Online,Medium Value,Silver,13,Low,0
CUST102273,Kelly Phillips,Male,44,Ahmedabad,Gujarat,2023-08-02,2026-05-17,13,4.5,143,11,3782.27,49169.51,49161.74,Sports,Offline,Medium Value,Silver,38,Low,0
CUST102274,Michael Spencer,Female,48,Nashik,Maharashtra,2019-04-18,2025-05-03,9,1.25,27,3,929.69,8367.21,8342.39,Beauty,Offline,Low Value,Bronze,417,High,1
CUST102275,Patrick Blankenship,Male,26,Patna,Bihar,2022-03-31,2026-05-12,29,6.86,406,14,2894.95,83953.55,83950.3,Grocery,Online,Medium Value,Silver,43,Low,0
CUST102276,Douglas Rose,Male,41,Bengaluru,Karnataka,2019-04-16,2025-07-28,2,0.5,2,1,762.71,1525.42,2739.7,Sports,Online,Low Value,Bronze,331,High,1
CUST102277,Melody Griffin,Female,31,Chennai,Tamil Nadu,2021-08-08,2026-06-09,12,2.46,120,10,1886.82,22641.84,22607.44,Sports,Online,Medium Value,Bronze,15,Low,0
CUST102278,Joshua Kramer,Male,22,Mumbai,Maharashtra,2019-08-12,2026-04-05,8,1.17,80,10,3304.48,26435.84,26526.49,Grocery,Offline,Medium Value,Bronze,80,Low,1
CUST102279,Melissa Barron,Male,33,Visakhapatnam,Andhra Pradesh,2021-12-05,2026-06-06,55,12.1,1210,22,8591.06,472508.3,472443.62,Electronics,Offline,High Value,Gold,18,Low,0
CUST102280,Jennifer Gonzalez,Male,32,Hyderabad,Telangana,2020-10-10,2025-08-17,30,5.27,480,16,4754.23,142626.9,142748.86,Grocery,Offline,Medium Value,Gold,311,High,0
CUST102281,Andrew Cook,Male,38,Kochi,Kerala,2021-07-15,2026-03-21,23,4.66,345,15,3473.52,79890.96,79902.66,Sports,Online,Medium Value,Silver,95,Medium,0
CUST102282,Natalie Martinez,Female,40,Delhi,Delhi,2022-12-05,2026-05-23,18,5.08,306,17,3875.53,69759.54,69803.04,Grocery,Offline,Medium Value,Silver,32,Low,0
CUST102283,Diane Davis DDS,Male,28,Vadodara,Gujarat,2020-12-19,2026-05-01,86,15.62,3096,36,643.45,55336.7,55337.26,Sports,Offline,Medium Value,Silver,54,Low,0
CUST102284,Nicole Moore,Female,52,Ranchi,Jharkhand,2021-09-19,2026-06-22,58,12.2,986,17,8230.39,477362.62,477518.1,Grocery,Offline,High Value,Gold,2,Low,0
CUST102285,Robert Vargas,Female,30,Patna,Bihar,2023-10-15,2026-04-07,28,10.43,672,24,3812.68,106755.04,106805.46,Sports,Online,Medium Value,Silver,78,Low,0
CUST102286,Raymond Barber,Female,36,Kolkata,West Bengal,2022-11-17,2026-04-26,5,1.39,45,9,1378.59,6892.95,6888.5,Sports,Online,Low Value,Bronze,59,Low,1
CUST102287,Mrs. Amy Watson,Male,54,Kolkata,West Bengal,2023-03-13,2026-06-19,13,3.97,78,6,2429.06,31577.78,31603.32,Sports,Offline,Medium Value,Bronze,5,Low,0
CUST102288,Heather Williams,Female,44,Nashik,Maharashtra,2020-06-03,2025-12-29,10,1.65,120,12,3136.4,31364.0,31312.48,Beauty,Online,Medium Value,Bronze,177,Medium,1
CUST102289,Belinda Evans,Male,55,Visakhapatnam,Andhra Pradesh,2023-08-24,2026-03-03,68,24.04,816,12,2706.26,184025.68,183998.41,Electronics,Online,Medium Value,Gold,113,Low,0
CUST102290,Jody Bird,Female,32,Madurai,Tamil Nadu,2022-04-09,2026-01-31,32,7.61,128,4,5963.47,190831.04,190722.46,Fashion,Offline,Medium Value,Gold,144,Low,0
CUST102291,Virginia Cunningham,Female,45,Visakhapatnam,Andhra Pradesh,2022-09-10,2026-04-07,21,5.55,210,10,2184.23,45868.83,45834.74,Fashion,Online,Medium Value,Silver,78,Low,0
CUST102292,Lori Ferguson,Male,30,Chennai,Tamil Nadu,2023-08-04,2026-06-12,56,19.42,1176,21,4815.68,269678.08,269615.58,Electronics,Online,High Value,Gold,12,Low,0
CUST102293,Hayley Mitchell,Female,55,Mumbai,Maharashtra,2022-08-13,2026-06-06,32,8.3,288,9,2337.53,74800.96,74843.84,Grocery,Online,Medium Value,Silver,18,Low,0
CUST102294,Michelle Chambers,Female,39,Kolkata,West Bengal,2023-12-29,2026-03-12,77,31.04,2310,30,11946.44,919875.88,919810.14,Fashion,Online,High Value,Platinum,104,Medium,0
CUST102295,Kelly Wright,Male,46,Vadodara,Gujarat,2019-06-29,2026-06-20,38,5.44,684,18,12438.71,472670.98,472415.57,Sports,Online,High Value,Gold,4,Low,0
CUST102296,Kevin Carson,Male,27,Nagpur,Maharashtra,2020-11-13,2026-02-12,21,3.75,189,9,5718.77,120094.17,120188.11,Grocery,Offline,Medium Value,Silver,132,Medium,0
CUST102297,Brent Dawson,Female,42,Vadodara,Gujarat,2024-02-12,2026-06-19,81,34.36,2592,32,10389.64,841560.84,841524.15,Sports,Offline,High Value,Platinum,5,Low,0
CUST102298,Angela Brown,Female,47,Coimbatore,Tamil Nadu,2024-03-25,2026-01-14,41,18.28,779,19,5076.9,208152.9,208098.27,Sports,Offline,Medium Value,Gold,161,Low,0
CUST102299,Karen Griffin,Male,50,Kochi,Kerala,2022-01-30,2024-08-27,10,2.28,110,11,7427.64,74276.4,74370.35,Grocery,Offline,Medium Value,Silver,666,High,0
CUST102300,Joseph Chapman,Female,59,Surat,Gujarat,2023-11-03,2025-12-10,6,2.28,12,2,1370.75,8224.5,8231.48,Beauty,Online,Low Value,Bronze,196,High,0
CUST102301,Jennifer Baker,Male,33,Visakhapatnam,Andhra Pradesh,2024-04-19,2026-02-21,62,28.52,1302,21,5560.89,344775.18,344765.74,Electronics,Online,High Value,Gold,123,Low,0
CUST102302,Mr. Jeremiah Galvan MD,Male,32,Kanpur,Uttar Pradesh,2019-08-09,2026-06-09,10,1.46,40,4,1381.36,13813.6,13853.84,Home & Kitchen,Online,Low Value,Bronze,15,Low,1
CUST102303,Samantha Thomas,Female,70,Ranchi,Jharkhand,2019-12-31,2025-03-28,9,1.39,63,7,4444.62,40001.58,40002.8,Beauty,Offline,Medium Value,Silver,453,High,1
CUST102304,Michael Anderson,Male,57,Kolkata,West Bengal,2024-02-25,2026-03-25,3,1.29,18,6,643.66,1930.98,1927.76,Home & Kitchen,Online,Low Value,Bronze,91,Medium,1
CUST102305,Sharon Wilson,Female,44,Visakhapatnam,Andhra Pradesh,2023-03-02,2026-03-01,16,4.84,112,7,2192.25,35076.0,35092.33,Beauty,Online,Medium Value,Silver,115,Medium,0
CUST102306,John Francis,Female,40,Chennai,Tamil Nadu,2023-04-11,2026-04-27,46,14.38,1104,24,10313.2,474407.2,474247.38,Sports,Online,High Value,Gold,58,Low,0
CUST102307,Jaclyn Crane,Male,19,Bengaluru,Karnataka,2022-12-28,2026-06-16,42,12.06,672,16,6881.2,289010.4,289007.01,Sports,Online,High Value,Gold,8,Low,0
CUST102308,Jennifer Martinez,Male,25,Kolkata,West Bengal,2023-07-29,2026-05-26,63,21.73,1953,31,12208.19,769115.97,769160.09,Home & Kitchen,Online,High Value,Platinum,29,Low,0
CUST102309,Amanda Hernandez,Male,48,Chennai,Tamil Nadu,2022-12-05,2025-10-25,25,7.05,550,22,3821.46,95536.5,95520.81,Fashion,Online,Medium Value,Silver,242,High,0
CUST102310,William Turner,Male,32,Ranchi,Jharkhand,2021-11-18,2026-01-11,30,6.53,210,7,3363.66,100909.8,100848.19,Home & Kitchen,Online,Medium Value,Silver,164,Medium,0
CUST102311,Dr. Charles Lawrence,Female,29,Ranchi,Jharkhand,2022-02-25,2025-09-08,1,0.5,8,8,809.47,809.47,1748.59,Home & Kitchen,Online,Low Value,Bronze,289,High,1
CUST102312,Steven Small,Male,30,Lucknow,Uttar Pradesh,2019-01-04,2026-06-15,11,1.47,44,4,4605.69,50662.59,50529.81,Grocery,Offline,Medium Value,Silver,9,Low,1
CUST102313,Robert Burns,Female,53,Nashik,Maharashtra,2019-01-02,2025-12-02,5,0.67,30,6,927.67,4638.35,4642.19,Sports,Online,Low Value,Bronze,204,High,1
CUST102314,Gregory Harrell,Male,68,Mumbai,Maharashtra,2022-03-26,2026-01-27,2,0.5,8,4,544.26,1088.52,1154.08,Sports,Online,Low Value,Bronze,148,Medium,1
CUST102315,Kenneth Knight,Female,37,Surat,Gujarat,2021-03-01,2026-05-11,85,16.01,1785,21,16438.24,1397250.4,1397121.68,Grocery,Offline,High Value,Platinum,44,Low,0
CUST102316,Rachael Alvarez,Male,28,Vadodara,Gujarat,2024-05-05,2026-06-21,25,11.74,275,11,2590.3,64757.5,64775.02,Beauty,Offline,Medium Value,Silver,3,Low,0
CUST102317,Lisa Gill,Male,46,Guwahati,Assam,2021-06-19,2026-05-26,13,2.6,65,5,5839.07,75907.91,76022.21,Sports,Online,Medium Value,Silver,29,Low,0
CUST102318,Julia Cole,Female,37,Kochi,Kerala,2020-12-03,2026-06-21,21,3.78,273,13,1314.68,27608.28,27578.8,Sports,Offline,Medium Value,Bronze,3,Low,0
CUST102319,Sean Nguyen,Male,18,Patna,Bihar,2020-04-13,2026-01-29,24,3.88,96,4,4667.45,112018.8,112104.16,Grocery,Online,Medium Value,Silver,146,Medium,0
CUST102320,Mary Ortiz,Male,37,Visakhapatnam,Andhra Pradesh,2022-07-04,2026-06-20,2,0.5,4,2,1336.66,2673.32,2651.36,Beauty,Offline,Low Value,Bronze,4,Low,1
CUST102321,James Weaver,Male,42,Kanpur,Uttar Pradesh,2019-09-10,2026-05-29,3,0.5,9,3,387.07,1161.21,1312.49,Sports,Online,Low Value,Bronze,26,Low,1
CUST102322,Stacy Fitzgerald,Female,28,Visakhapatnam,Andhra Pradesh,2023-01-11,2026-03-15,35,10.16,385,11,3536.66,123783.1,123759.18,Sports,Online,Medium Value,Gold,101,Low,0
CUST102323,Sharon Mann,Female,47,Ranchi,Jharkhand,2022-07-29,2026-04-06,39,10.0,702,18,7689.89,299905.71,299805.7,Grocery,Offline,High Value,Gold,79,Low,0
CUST102324,Rebecca Zimmerman,Male,46,Visakhapatnam,Andhra Pradesh,2022-07-03,2025-04-20,8,2.02,24,3,612.71,4901.68,4913.42,Home & Kitchen,Online,Low Value,Bronze,430,High,0
CUST102325,Becky Hansen,Female,34,Nagpur,Maharashtra,2021-03-01,2025-03-12,6,1.13,60,10,2039.4,12236.4,12234.0,Beauty,Online,Low Value,Bronze,469,High,1
CUST102326,Luke Ray,Male,35,Madurai,Tamil Nadu,2023-06-20,2024-08-09,1,0.5,3,3,851.56,851.56,1279.96,Grocery,Offline,Low Value,Bronze,684,High,1
CUST102327,Kelly Lopez,Female,44,Ahmedabad,Gujarat,2021-02-12,2026-03-11,122,22.78,3050,25,16068.03,1960299.66,1960175.6,Grocery,Online,High Value,Platinum,105,Medium,0
CUST102328,Steven Martinez,Female,52,Bhopal,Madhya Pradesh,2020-02-06,2026-05-02,21,3.29,210,10,5530.91,116149.11,115980.57,Sports,Online,Medium Value,Silver,53,Low,0
CUST102329,Catherine Smith,Male,19,Kanpur,Uttar Pradesh,2022-03-21,2026-03-18,91,21.39,1274,14,11705.71,1065219.61,1065293.64,Home & Kitchen,Offline,High Value,Platinum,98,Medium,0
CUST102330,Danielle Thornton,Male,48,Bhopal,Madhya Pradesh,2021-12-10,2025-11-04,23,5.08,299,13,200.0,4600.0,4603.64,Beauty,Online,Low Value,Bronze,232,High,0
CUST102331,Jill Roman,Male,36,Madurai,Tamil Nadu,2019-03-06,2026-01-16,72,9.87,1728,24,14330.58,1031801.76,1032019.51,Home & Kitchen,Online,High Value,Platinum,159,Medium,0
CUST102332,Jennifer Williams,Male,45,Kolkata,West Bengal,2019-01-14,2026-05-28,14,1.88,154,11,5488.2,76834.8,76723.31,Grocery,Online,Medium Value,Silver,27,Low,1
CUST102333,Allison Kim,Male,43,Surat,Gujarat,2024-04-05,2025-11-07,31,14.01,372,12,1369.71,42461.01,42451.0,Home & Kitchen,Online,Medium Value,Silver,229,High,0
CUST102334,Scott Stewart,Female,41,Patna,Bihar,2023-07-12,2026-06-14,50,16.97,850,17,12430.04,621502.0,621407.39,Beauty,Online,High Value,Gold,10,Low,0
CUST102335,Brian Garcia,Male,59,Visakhapatnam,Andhra Pradesh,2023-07-13,2026-01-04,13,4.42,338,26,3653.35,47493.55,47526.06,Home & Kitchen,Offline,Medium Value,Silver,171,Medium,0
CUST102336,Charles Scott,Male,40,Chennai,Tamil Nadu,2022-08-12,2025-09-28,28,7.25,224,8,6233.39,174534.92,174458.12,Sports,Online,Medium Value,Gold,269,High,0
CUST102337,Eric Russell,Female,41,Nagpur,Maharashtra,2024-05-02,2026-01-27,14,6.55,238,17,1073.76,15032.64,15038.67,Home & Kitchen,Online,Medium Value,Bronze,148,Medium,0
CUST102338,Lucas Nguyen,Female,25,Visakhapatnam,Andhra Pradesh,2021-04-07,2026-05-27,40,7.68,760,19,370.06,14802.4,14799.73,Fashion,Online,Medium Value,Bronze,28,Low,0
CUST102339,Anthony Price,Female,40,Jaipur,Rajasthan,2020-09-14,2026-03-10,18,3.12,162,9,5481.11,98659.98,98650.08,Grocery,Online,Medium Value,Silver,106,Medium,0
CUST102340,Jason Nguyen,Female,31,Nashik,Maharashtra,2022-01-21,2026-04-12,6,1.36,30,5,3234.46,19406.76,19426.06,Sports,Online,Medium Value,Bronze,73,Low,1
CUST102341,Ronald Martinez,Female,26,Kolkata,West Bengal,2019-12-14,2026-03-16,48,7.36,1632,34,3897.68,187088.64,187083.52,Home & Kitchen,Online,Medium Value,Gold,100,Low,0
CUST102342,Paul Willis,Male,26,Chennai,Tamil Nadu,2021-01-07,2026-05-18,151,27.69,3171,21,7904.63,1193599.13,1193723.14,Grocery,Offline,High Value,Platinum,37,Low,0
CUST102343,Paul Cruz Jr.,Male,24,Patna,Bihar,2021-12-05,2026-06-13,28,6.16,364,13,1439.79,40314.12,40308.6,Electronics,Offline,Medium Value,Silver,11,Low,0
CUST102344,John Russell,Female,35,Delhi,Delhi,2019-05-23,2025-09-19,5,0.71,35,7,1110.28,5551.4,5583.38,Electronics,Online,Low Value,Bronze,278,High,1
CUST102345,Mr. David Mercado,Female,35,Kanpur,Uttar Pradesh,2024-04-11,2025-10-10,34,15.48,510,15,4180.98,142153.32,142112.8,Electronics,Online,Medium Value,Gold,257,High,0
CUST102346,Victor Leonard,Female,70,Coimbatore,Tamil Nadu,2023-12-05,2026-04-15,20,7.85,220,11,2334.28,46685.6,46656.84,Electronics,Offline,Medium Value,Silver,70,Low,0
CUST102347,Justin Glover,Male,50,Coimbatore,Tamil Nadu,2021-08-20,2025-09-17,27,5.58,162,6,2172.81,58665.87,58654.63,Grocery,Online,Medium Value,Silver,280,High,0
CUST102348,Jason Miller,Male,39,Jaipur,Rajasthan,2023-02-10,2026-04-28,7,2.08,84,12,1039.29,7275.03,7267.89,Fashion,Online,Low Value,Bronze,57,Low,0
CUST102349,Christina Faulkner,Female,45,Ahmedabad,Gujarat,2019-09-09,2026-04-29,114,16.8,1596,14,5764.91,657199.74,657071.89,Electronics,Offline,High Value,Gold,56,Low,0
CUST102350,William Casey,Female,33,Visakhapatnam,Andhra Pradesh,2020-10-01,2026-03-30,20,3.5,300,15,4640.17,92803.4,92930.44,Grocery,Online,Medium Value,Silver,86,Low,0
CUST102351,Jessica Buck,Male,18,Coimbatore,Tamil Nadu,2024-01-08,2024-12-26,12,4.89,48,4,260.33,3123.96,3122.85,Sports,Offline,Low Value,Bronze,545,High,0
CUST102352,Aaron Marshall,Male,53,Coimbatore,Tamil Nadu,2021-05-24,2026-01-04,23,4.53,184,8,2208.58,50797.34,50811.85,Fashion,Offline,Medium Value,Silver,171,Medium,0
CUST102353,Donna Stanton,Male,36,Vadodara,Gujarat,2023-01-16,2025-04-28,5,1.46,5,1,1643.54,8217.7,8231.78,Sports,Offline,Low Value,Bronze,422,High,1
CUST102354,Timothy Olson,Male,36,Pune,Maharashtra,2024-01-19,2026-02-20,5,2.06,40,8,1743.11,8715.55,8700.52,Electronics,Offline,Low Value,Bronze,124,Medium,0
CUST102355,Sara James,Male,39,Chandigarh,Chandigarh,2022-03-29,2026-02-25,45,10.63,1035,23,6727.42,302733.9,302692.09,Grocery,Online,High Value,Gold,119,Low,0
CUST102356,Mark Richards,Male,51,Lucknow,Uttar Pradesh,2021-08-30,2025-03-17,2,0.5,18,9,1159.03,2318.06,2787.7,Beauty,Offline,Low Value,Bronze,464,High,1
CUST102357,Amber Stevenson,Male,53,Vadodara,Gujarat,2022-09-25,2026-06-11,98,26.2,3234,33,7418.16,726979.68,726872.04,Home & Kitchen,Offline,High Value,Platinum,13,Low,0
CUST102358,Elizabeth Foster,Male,30,Pune,Maharashtra,2022-10-03,2025-07-15,28,7.53,364,13,3549.7,99391.6,99379.35,Fashion,Offline,Medium Value,Silver,344,High,0
CUST102359,Charles Hawkins,Male,31,Nagpur,Maharashtra,2019-06-11,2026-06-16,111,15.79,3108,28,4599.8,510577.8,510652.98,Home & Kitchen,Offline,High Value,Gold,8,Low,0
CUST102360,Jeffrey Bishop,Male,32,Bengaluru,Karnataka,2022-02-01,2026-04-23,27,6.16,621,23,9804.74,264727.98,264904.34,Fashion,Online,High Value,Gold,62,Low,0
CUST102361,Emily Fleming,Female,45,Pune,Maharashtra,2023-11-18,2026-03-13,12,4.63,276,23,3647.42,43769.04,43785.12,Electronics,Online,Medium Value,Silver,103,Medium,0
CUST102362,Dean Mullins,Male,24,Nashik,Maharashtra,2020-04-03,2025-12-27,43,6.92,215,5,3743.08,160952.44,161050.51,Sports,Offline,Medium Value,Gold,179,Low,0
CUST102363,David Bird,Male,34,Hyderabad,Telangana,2019-10-21,2026-05-27,13,1.95,13,1,4727.79,61461.27,61486.51,Sports,Offline,Medium Value,Silver,28,Low,1
CUST102364,Joe Greene,Female,56,Hyderabad,Telangana,2020-12-07,2026-05-25,18,3.25,198,11,1126.42,20275.56,20276.33,Home & Kitchen,Online,Medium Value,Bronze,30,Low,0
CUST102365,Michael Lucas,Male,42,Nagpur,Maharashtra,2021-11-26,2026-06-07,102,22.32,2346,23,13949.05,1422803.1,1422672.49,Home & Kitchen,Offline,High Value,Platinum,17,Low,0
CUST102366,John Valenzuela,Male,25,Nagpur,Maharashtra,2023-08-26,2026-06-06,99,35.07,2376,24,8539.72,845432.28,845371.96,Sports,Online,High Value,Platinum,18,Low,0
CUST102367,Jennifer Woodard,Female,46,Kochi,Kerala,2021-12-22,2025-12-11,15,3.33,120,8,684.21,10263.15,10248.99,Electronics,Online,Low Value,Bronze,195,High,0
CUST102368,Pamela Medina,Male,43,Lucknow,Uttar Pradesh,2020-10-28,2026-06-22,15,2.66,240,16,3801.88,57028.2,57120.11,Electronics,Online,Medium Value,Silver,2,Low,0
CUST102369,Mariah Jones,Female,62,Kolkata,West Bengal,2021-12-17,2026-05-28,1,0.5,2,2,1296.62,1296.62,2925.16,Fashion,Online,Low Value,Bronze,27,Low,1
CUST102370,Ronnie Powers,Male,34,Mumbai,Maharashtra,2023-05-25,2025-11-18,23,7.47,299,13,1615.05,37146.15,37126.38,Beauty,Online,Medium Value,Silver,218,High,0
CUST102371,Heather Hess,Male,27,Ahmedabad,Gujarat,2021-05-04,2026-05-23,2,0.5,2,1,1565.49,3130.98,4018.2,Home & Kitchen,Online,Low Value,Bronze,32,Low,1
CUST102372,Heather Thompson,Female,19,Nagpur,Maharashtra,2022-12-03,2026-06-17,44,12.39,308,7,200.0,8800.0,8799.36,Fashion,Online,Low Value,Bronze,7,Low,0
CUST102373,Melissa Smith,Female,29,Surat,Gujarat,2019-11-24,2026-02-16,45,6.84,765,17,3816.97,171763.65,171694.99,Sports,Online,Medium Value,Gold,128,Low,0
CUST102374,Timothy Wallace,Male,39,Visakhapatnam,Andhra Pradesh,2024-01-19,2026-04-11,20,8.25,400,20,4457.83,89156.6,89110.83,Fashion,Offline,Medium Value,Silver,74,Low,0
CUST102375,Alejandro Campbell,Male,38,Ranchi,Jharkhand,2020-01-06,2026-03-12,22,3.41,352,16,5704.5,125499.0,125634.72,Grocery,Offline,Medium Value,Gold,104,Low,0
CUST102376,Heather Davis,Female,19,Coimbatore,Tamil Nadu,2019-05-29,2026-05-05,41,5.8,410,10,3729.11,152893.51,152837.87,Beauty,Offline,Medium Value,Gold,50,Low,0
CUST102377,Elizabeth Robbins,Female,44,Surat,Gujarat,2021-04-05,2026-02-20,7,1.34,35,5,1313.42,9193.94,9174.56,Home & Kitchen,Online,Low Value,Bronze,124,Medium,1
CUST102378,Johnny Cox,Male,54,Kochi,Kerala,2023-04-13,2026-04-14,38,11.9,684,18,5536.44,210384.72,210322.57,Grocery,Online,Medium Value,Gold,71,Low,0
CUST102379,Tanner Mann,Female,38,Ahmedabad,Gujarat,2020-11-06,2025-04-09,2,0.5,4,2,1436.53,2873.06,4039.2,Home & Kitchen,Online,Low Value,Bronze,441,High,1
CUST102380,Craig Nicholson,Male,29,Pune,Maharashtra,2023-04-11,2026-04-28,12,3.75,72,6,994.51,11934.12,11925.95,Beauty,Online,Low Value,Bronze,57,Low,0
CUST102381,Sergio Carroll,Male,48,Jaipur,Rajasthan,2021-08-14,2026-05-16,4,0.82,24,6,1314.64,5258.56,5232.86,Fashion,Online,Low Value,Bronze,39,Low,1
CUST102382,Juan Keller MD,Female,31,Indore,Madhya Pradesh,2023-12-17,2026-05-19,4,1.59,4,1,412.13,1648.52,1646.96,Beauty,Offline,Low Value,Bronze,36,Low,1
CUST102383,Krystal Jones,Female,29,Vadodara,Gujarat,2021-01-15,2026-02-28,11,2.03,33,3,2970.61,32676.71,32756.17,Sports,Online,Medium Value,Bronze,116,Medium,0
CUST102384,Austin Green,Other,59,Indore,Madhya Pradesh,2022-12-05,2026-04-27,25,7.05,375,15,554.05,13851.25,13848.97,Beauty,Offline,Low Value,Bronze,58,Low,0
CUST102385,Crystal Mills,Female,58,Lucknow,Uttar Pradesh,2021-06-08,2026-03-27,10,1.99,10,1,4711.71,47117.1,47234.49,Sports,Online,Medium Value,Silver,89,Low,1
CUST102386,Cheryl Gregory,Male,37,Kolkata,West Bengal,2022-11-03,2026-04-10,22,6.06,594,27,5897.38,129742.36,129841.17,Home & Kitchen,Online,Medium Value,Gold,75,Low,0
CUST102387,Melissa Patel MD,Male,49,Pune,Maharashtra,2020-06-18,2025-12-11,10,1.66,130,13,747.77,7477.7,7459.68,Beauty,Online,Low Value,Bronze,195,High,1
CUST102388,Jordan Pace,Male,47,Chandigarh,Chandigarh,2019-03-25,2026-01-20,10,1.38,100,10,539.97,5399.7,5398.19,Beauty,Online,Low Value,Bronze,155,Medium,1
CUST102389,Terri Williams,Male,55,Pune,Maharashtra,2019-01-08,2026-02-19,58,7.78,986,17,3429.75,198925.5,198856.58,Grocery,Offline,Medium Value,Gold,125,Low,0
CUST102390,Jessica Carney,Other,55,Hyderabad,Telangana,2021-04-20,2026-01-29,12,2.32,96,8,4257.04,51084.48,51078.42,Electronics,Offline,Medium Value,Silver,146,Medium,0
CUST102391,Michael Owens,Male,33,Patna,Bihar,2023-10-15,2026-05-15,94,35.0,1880,20,7228.64,679492.16,679521.85,Sports,Offline,High Value,Gold,40,Low,0
CUST102392,Peter Stephenson,Female,46,Pune,Maharashtra,2019-09-03,2025-12-11,23,3.38,437,19,3924.98,90274.54,90222.64,Sports,Online,Medium Value,Silver,195,High,0
CUST102393,Donald Fisher,Male,28,Ahmedabad,Gujarat,2023-07-03,2026-05-19,120,40.4,3960,33,3873.53,464823.6,464866.02,Sports,Offline,High Value,Gold,36,Low,0
CUST102394,Aaron Lee,Female,38,Coimbatore,Tamil Nadu,2022-05-06,2024-07-10,4,0.97,44,11,1655.68,6622.72,6630.7,Fashion,Online,Low Value,Bronze,714,High,1
CUST102395,Kenneth Johnson,Female,30,Pune,Maharashtra,2019-04-05,2026-02-23,25,3.47,375,15,2132.46,53311.5,53382.73,Electronics,Online,Medium Value,Silver,121,Medium,0
CUST102396,Vanessa Coleman,Male,38,Kanpur,Uttar Pradesh,2021-11-16,2026-06-19,81,17.62,162,2,5676.41,459789.21,459769.47,Home & Kitchen,Online,High Value,Gold,5,Low,0
CUST102397,David Martin,Male,50,Vadodara,Gujarat,2024-04-02,2026-06-22,169,76.11,3211,19,11383.85,1923870.65,1923807.07,Sports,Online,High Value,Platinum,2,Low,0
CUST102398,Mark Davis,Male,46,Kanpur,Uttar Pradesh,2021-05-28,2026-05-23,26,5.13,338,13,4489.75,116733.5,116722.81,Beauty,Online,Medium Value,Silver,32,Low,0
CUST102399,Robert Watkins,Male,56,Kanpur,Uttar Pradesh,2022-06-27,2025-12-20,21,5.27,231,11,2999.3,62985.3,63008.87,Sports,Online,Medium Value,Silver,186,High,0
CUST102400,Felicia Wright,Female,25,Chandigarh,Chandigarh,2021-08-18,2026-05-07,30,6.19,570,19,4514.69,135440.7,135349.36,Home & Kitchen,Offline,Medium Value,Gold,48,Low,0
CUST102401,David Peterson,Female,22,Bengaluru,Karnataka,2021-01-26,2026-05-18,115,21.29,3565,31,10007.92,1150910.8,1150949.71,Fashion,Online,High Value,Platinum,37,Low,0
CUST102402,Gavin Bauer,Female,52,Mumbai,Maharashtra,2020-12-11,2026-04-21,34,6.15,612,18,200.0,6800.0,6799.1,Electronics,Online,Low Value,Bronze,64,Low,0
CUST102403,Patricia Harvey,Male,48,Madurai,Tamil Nadu,2024-03-03,2026-03-31,19,8.25,171,9,1811.62,34420.78,34413.34,Sports,Offline,Medium Value,Silver,85,Low,0
CUST102404,Lori Riley,Female,25,Coimbatore,Tamil Nadu,2022-01-23,2026-06-03,25,5.67,275,11,3246.76,81169.0,81196.73,Home & Kitchen,Online,Medium Value,Silver,21,Low,0
CUST102405,Antonio Johnson,Female,36,Jaipur,Rajasthan,2023-04-03,2025-03-20,40,12.42,960,24,4206.51,168260.4,168213.41,Electronics,Online,Medium Value,Gold,461,High,0
CUST102406,Ryan Brown,Male,35,Patna,Bihar,2022-09-07,2026-02-22,16,4.22,128,8,4066.87,65069.92,65030.73,Grocery,Offline,Medium Value,Silver,122,Medium,0
CUST102407,Thomas Ramos,Female,18,Mumbai,Maharashtra,2020-02-27,2026-05-26,27,4.27,27,1,1904.78,51429.06,51372.43,Home & Kitchen,Offline,Medium Value,Silver,29,Low,0
CUST102408,Mark Jones,Female,50,Bengaluru,Karnataka,2020-03-10,2025-11-11,7,1.11,42,6,499.29,3495.03,3482.32,Beauty,Online,Low Value,Bronze,225,High,1
CUST102409,Kristin Phillips,Female,46,Mumbai,Maharashtra,2019-11-23,2026-06-01,38,5.78,380,10,3362.25,127765.5,127856.08,Fashion,Online,Medium Value,Gold,23,Low,0
CUST102410,Brendan Walton,Male,35,Pune,Maharashtra,2023-04-24,2026-04-04,13,4.11,169,13,5134.49,66748.37,66731.5,Home & Kitchen,Online,Medium Value,Silver,81,Low,0
CUST102411,Kyle Keller,Male,62,Ahmedabad,Gujarat,2020-10-27,2026-04-04,47,8.32,1128,24,6436.92,302535.24,302636.22,Fashion,Offline,High Value,Gold,81,Low,0
CUST102412,James Pope,Female,35,Kanpur,Uttar Pradesh,2019-06-30,2026-03-13,23,3.3,230,10,1498.6,34467.8,34512.73,Home & Kitchen,Online,Medium Value,Silver,103,Medium,0
CUST102413,Lisa Morgan,Female,36,Pune,Maharashtra,2023-02-13,2026-06-07,98,29.22,2940,30,8119.3,795691.4,795691.4,Grocery,Online,High Value,Platinum,17,Low,0
CUST102414,Rachel Gibson,Male,35,Bhopal,Madhya Pradesh,2019-05-22,2025-12-04,27,3.81,351,13,2578.77,69626.79,69616.41,Sports,Offline,Medium Value,Silver,202,High,0
CUST102415,Corey Garcia,Female,32,Bhopal,Madhya Pradesh,2023-04-02,2026-03-07,6,1.86,42,7,711.81,4270.86,4266.42,Grocery,Online,Low Value,Bronze,109,Medium,1
CUST102416,Andrea Clarke,Female,40,Kochi,Kerala,2023-01-10,2026-01-09,20,5.8,140,7,5392.2,107844.0,107802.66,Home & Kitchen,Offline,Medium Value,Silver,166,Medium,0
CUST102417,Kenneth Walsh,Male,39,Madurai,Tamil Nadu,2019-06-17,2026-06-20,34,4.85,782,23,6269.36,213158.24,213281.82,Home & Kitchen,Offline,Medium Value,Gold,4,Low,0
CUST102418,Jason Hardy,Male,48,Vadodara,Gujarat,2021-04-08,2026-06-16,98,18.83,1862,19,5043.42,494255.16,494273.52,Sports,Online,High Value,Gold,8,Low,0
CUST102419,David Robles,Female,46,Vadodara,Gujarat,2022-05-30,2026-05-26,28,6.89,336,12,5495.71,153879.88,153846.18,Sports,Online,Medium Value,Gold,29,Low,0
CUST102420,Eric Graham,Other,34,Jaipur,Rajasthan,2024-03-09,2026-04-03,79,34.56,1817,23,13922.18,1099852.22,1099960.85,Sports,Online,High Value,Platinum,82,Low,0
CUST102421,Nicole Collins,Other,47,Kanpur,Uttar Pradesh,2021-12-06,2026-05-05,42,9.25,924,22,12803.69,537754.98,537939.02,Beauty,Offline,High Value,Gold,50,Low,0
CUST102422,Patricia Hernandez,Male,49,Nashik,Maharashtra,2021-04-09,2025-12-14,2,0.5,10,5,305.46,610.92,794.49,Fashion,Online,Low Value,Bronze,192,High,1
CUST102423,Grant Wood,Male,40,Vadodara,Gujarat,2024-01-08,2026-01-05,23,9.38,276,12,3594.64,82676.72,82713.43,Home & Kitchen,Offline,Medium Value,Silver,170,Medium,0
CUST102424,Kevin Gregory,Male,37,Indore,Madhya Pradesh,2024-02-15,2026-04-04,11,4.68,55,5,1634.95,17984.45,17974.11,Grocery,Online,Medium Value,Bronze,81,Low,0
CUST102425,Jonathon Conley,Female,56,Nagpur,Maharashtra,2023-03-10,2024-07-03,3,0.91,12,4,256.21,768.63,766.0,Beauty,Offline,Low Value,Bronze,721,High,1
CUST102426,Jennifer Gonzalez,Male,48,Indore,Madhya Pradesh,2022-11-16,2026-06-06,36,10.01,648,18,10816.27,389385.72,389508.32,Beauty,Online,High Value,Gold,18,Low,0
CUST102427,Terry Glover,Female,30,Nagpur,Maharashtra,2019-03-25,2026-04-05,12,1.66,24,2,200.0,2400.0,2405.13,Electronics,Online,Low Value,Bronze,80,Low,1
CUST102428,Michael Neal,Female,33,Nagpur,Maharashtra,2022-11-25,2025-11-10,22,6.16,88,4,3402.79,74861.38,74892.12,Beauty,Offline,Medium Value,Silver,226,High,0
CUST102429,Ms. Erin Lane,Female,33,Guwahati,Assam,2021-12-21,2025-11-05,18,4.0,108,6,777.87,14001.66,14004.85,Home & Kitchen,Online,Low Value,Bronze,231,High,0
CUST102430,Lisa Barnes,Male,32,Madurai,Tamil Nadu,2020-08-13,2026-01-01,58,9.9,638,11,1699.49,98570.42,98531.34,Sports,Online,Medium Value,Silver,174,Medium,0
CUST102431,Jesse Mccormick,Female,35,Visakhapatnam,Andhra Pradesh,2021-10-09,2025-09-19,10,2.13,40,4,502.94,5029.4,5035.89,Grocery,Online,Low Value,Bronze,278,High,0
CUST102432,Daniel Smith,Female,39,Kanpur,Uttar Pradesh,2019-03-20,2026-04-24,13,1.79,65,5,392.39,5101.07,5097.89,Fashion,Offline,Low Value,Bronze,61,Low,1
CUST102433,David Hanson,Female,23,Guwahati,Assam,2023-08-06,2026-03-23,45,15.64,495,11,3105.75,139758.75,139770.57,Home & Kitchen,Offline,Medium Value,Gold,93,Low,0
CUST102434,Nicholas Cisneros,Female,28,Indore,Madhya Pradesh,2021-01-09,2024-11-20,12,2.2,24,2,1448.54,17382.48,17362.65,Fashion,Online,Medium Value,Bronze,581,High,0
CUST102435,Patrick Harris,Female,37,Nagpur,Maharashtra,2023-07-19,2025-10-30,27,9.23,459,17,200.0,5400.0,5402.8,Sports,Online,Low Value,Bronze,237,High,0
CUST102436,William Cox,Female,38,Ranchi,Jharkhand,2020-06-09,2025-02-06,20,3.31,420,21,3522.71,70454.2,70360.07,Fashion,Offline,Medium Value,Silver,503,High,0
CUST102437,Alvin Wilson,Female,42,Nashik,Maharashtra,2020-11-16,2025-12-22,8,1.43,80,10,2422.49,19379.92,19386.02,Grocery,Offline,Medium Value,Bronze,184,High,1
CUST102438,Cory Willis,Female,29,Bengaluru,Karnataka,2020-12-30,2026-03-19,27,4.93,297,11,4597.86,124142.22,124120.19,Electronics,Online,Medium Value,Gold,97,Low,0
CUST102439,Amanda Johnson,Male,18,Hyderabad,Telangana,2021-02-23,2026-06-12,67,12.58,2546,38,11655.21,780899.07,780782.6,Electronics,Online,High Value,Platinum,12,Low,0
CUST102440,Christopher Mcclure,Male,58,Delhi,Delhi,2022-02-19,2026-01-03,11,2.54,99,9,4050.86,44559.46,44621.68,Sports,Online,Medium Value,Silver,172,Medium,0
CUST102441,Gina Spencer,Female,38,Kochi,Kerala,2022-03-19,2026-01-07,19,4.46,171,9,2741.86,52095.34,52095.42,Grocery,Online,Medium Value,Silver,168,Medium,0
CUST102442,Alex Cameron,Female,38,Ranchi,Jharkhand,2021-10-26,2026-02-16,1,0.5,4,4,1174.57,1174.57,2733.43,Sports,Online,Low Value,Bronze,128,Medium,1
CUST102443,Alisha Byrd,Male,22,Indore,Madhya Pradesh,2020-06-26,2026-03-28,3,0.5,18,6,200.0,600.0,598.77,Fashion,Online,Low Value,Bronze,88,Low,1
CUST102444,Richard Rodriguez,Male,22,Bengaluru,Karnataka,2019-09-19,2026-05-22,7,1.04,91,13,3347.29,23431.03,23522.4,Home & Kitchen,Offline,Medium Value,Bronze,33,Low,1
CUST102445,Elizabeth Allen,Male,31,Kochi,Kerala,2020-08-23,2024-09-12,40,6.86,640,16,1561.54,62461.6,62439.97,Home & Kitchen,Online,Medium Value,Silver,650,High,0
CUST102446,Mary Pugh,Male,33,Lucknow,Uttar Pradesh,2021-12-05,2026-02-23,32,7.04,512,16,2898.17,92741.44,92728.74,Sports,Online,Medium Value,Silver,121,Medium,0
CUST102447,Yolanda Keith,Female,27,Lucknow,Uttar Pradesh,2024-03-21,2026-05-29,44,19.53,924,21,6926.39,304761.16,304802.69,Sports,Online,High Value,Gold,26,Low,0
CUST102448,Ana Thomas,Female,48,Chandigarh,Chandigarh,2020-10-18,2026-06-15,107,18.85,3531,33,12056.75,1290072.25,1289884.1,Electronics,Online,High Value,Platinum,9,Low,0
CUST102449,Rebecca Lee,Male,35,Bhopal,Madhya Pradesh,2023-01-23,2025-09-03,24,7.04,432,18,2550.93,61222.32,61263.11,Beauty,Online,Medium Value,Silver,294,High,0
CUST102450,James Greene,Female,25,Jaipur,Rajasthan,2020-03-31,2025-11-17,45,7.23,540,12,1745.9,78565.5,78588.3,Beauty,Online,Medium Value,Silver,219,High,0
CUST102451,Dana Williams,Male,37,Chennai,Tamil Nadu,2021-06-15,2026-02-28,1,0.5,5,5,1987.27,1987.27,4986.54,Fashion,Online,Low Value,Bronze,116,Medium,1
CUST102452,Chelsea Nichols,Male,33,Visakhapatnam,Andhra Pradesh,2019-09-09,2026-06-09,49,7.22,1372,28,1140.27,55873.23,55854.22,Home & Kitchen,Online,Medium Value,Silver,15,Low,0
CUST102453,Erin Brown,Female,42,Guwahati,Assam,2023-05-24,2025-12-06,69,22.4,966,14,1753.45,120988.05,120977.25,Sports,Offline,Medium Value,Silver,200,High,0
CUST102454,Shelley York,Female,43,Jaipur,Rajasthan,2023-07-29,2026-01-20,11,3.79,110,10,7251.33,79764.63,79682.44,Beauty,Offline,Medium Value,Silver,155,Medium,0
CUST102455,Stacey Clark,Male,25,Surat,Gujarat,2021-11-09,2026-05-08,108,23.4,3024,28,13828.26,1493452.08,1493656.52,Beauty,Offline,High Value,Platinum,47,Low,0
CUST102456,John Alvarado,Male,32,Hyderabad,Telangana,2021-11-14,2026-03-28,17,3.69,102,6,3349.3,56938.1,56879.78,Electronics,Online,Medium Value,Silver,88,Low,0
CUST102457,Jordan Potter,Male,43,Lucknow,Uttar Pradesh,2023-11-16,2026-01-06,5,1.92,50,10,4704.94,23524.7,23470.98,Electronics,Online,Medium Value,Bronze,169,Medium,1
CUST102458,Katrina Jimenez,Female,40,Hyderabad,Telangana,2020-03-13,2026-04-25,29,4.62,377,13,4527.41,131294.89,131255.1,Fashion,Online,Medium Value,Gold,60,Low,0
CUST102459,Frank Brooks,Female,53,Hyderabad,Telangana,2023-04-19,2026-04-23,13,4.09,91,7,5397.17,70163.21,70106.32,Beauty,Online,Medium Value,Silver,62,Low,0
CUST102460,Michelle Simpson,Female,36,Nagpur,Maharashtra,2022-08-04,2025-07-27,13,3.35,78,6,542.41,7051.33,7054.37,Electronics,Online,Low Value,Bronze,332,High,0
CUST102461,James Morse,Female,38,Coimbatore,Tamil Nadu,2023-01-07,2023-08-12,1,0.5,4,4,1359.93,1359.93,2349.39,Beauty,Offline,Low Value,Bronze,1047,High,1
CUST102462,Amanda Robinson,Male,40,Jaipur,Rajasthan,2022-12-10,2026-04-23,23,6.51,276,12,4845.1,111437.3,111399.49,Electronics,Online,Medium Value,Silver,62,Low,0
CUST102463,Scott Foster,Male,40,Chennai,Tamil Nadu,2021-04-10,2025-10-04,7,1.35,70,10,5084.86,35594.02,35690.08,Grocery,Offline,Medium Value,Silver,263,High,1
CUST102464,Stephen Duncan,Male,33,Guwahati,Assam,2022-11-03,2026-06-11,25,6.88,300,12,2652.2,66305.0,66294.18,Grocery,Online,Medium Value,Silver,13,Low,0
CUST102465,Jacqueline Pierce,Male,18,Surat,Gujarat,2022-07-15,2026-02-17,17,4.32,34,2,4764.95,81004.15,81042.11,Fashion,Offline,Medium Value,Silver,127,Medium,0
CUST102466,Bradley Wallace,Female,33,Visakhapatnam,Andhra Pradesh,2022-05-24,2026-01-20,16,3.92,208,13,1141.15,18258.4,18248.4,Sports,Online,Medium Value,Bronze,155,Medium,0
CUST102467,Kevin Marshall,Female,56,Coimbatore,Tamil Nadu,2019-06-17,2026-06-08,48,6.84,528,11,10914.4,523891.2,523654.53,Home & Kitchen,Offline,High Value,Gold,16,Low,0
CUST102468,Jessica Mcdonald,Male,32,Madurai,Tamil Nadu,2022-05-14,2026-06-10,63,15.34,693,11,4391.5,276664.5,276655.48,Sports,Offline,High Value,Gold,14,Low,0
CUST102469,Robert Stewart,Female,30,Jaipur,Rajasthan,2020-10-02,2026-01-15,25,4.37,250,10,883.51,22087.75,22082.14,Beauty,Online,Medium Value,Bronze,160,Medium,0
CUST102470,Christopher Hall,Female,36,Nashik,Maharashtra,2020-11-06,2025-10-27,16,2.85,128,8,2897.82,46365.12,46443.66,Electronics,Online,Medium Value,Silver,240,High,0
CUST102471,Heather Miller,Male,32,Chandigarh,Chandigarh,2020-09-04,2025-08-11,6,1.04,24,4,200.0,1200.0,1205.57,Home & Kitchen,Online,Low Value,Bronze,317,High,1
CUST102472,Kayla Schneider,Female,31,Mumbai,Maharashtra,2020-01-04,2024-09-24,5,0.77,10,2,710.7,3553.5,3537.39,Home & Kitchen,Offline,Low Value,Bronze,638,High,1
CUST102473,Tammy Garcia,Female,51,Nagpur,Maharashtra,2023-01-26,2025-01-23,4,1.18,48,12,1653.54,6614.16,6640.15,Electronics,Online,Low Value,Bronze,517,High,1
CUST102474,Andrew Gonzalez,Female,60,Vadodara,Gujarat,2021-05-07,2026-03-05,16,3.12,304,19,4598.85,73581.6,73539.29,Home & Kitchen,Offline,Medium Value,Silver,111,Medium,0
CUST102475,Gary Turner,Male,48,Ahmedabad,Gujarat,2024-03-08,2025-09-11,14,6.12,140,10,200.0,2800.0,2801.54,Grocery,Online,Low Value,Bronze,286,High,0
CUST102476,Melinda Hill,Male,18,Chandigarh,Chandigarh,2021-12-31,2026-04-11,89,19.89,2759,31,873.69,77758.41,77741.69,Fashion,Online,Medium Value,Silver,74,Low,0
CUST102477,Yolanda Murillo,Female,26,Delhi,Delhi,2019-11-27,2024-12-12,7,1.07,63,9,1503.62,10525.34,10567.25,Fashion,Online,Low Value,Bronze,559,High,1
CUST102478,Nancy Gaines,Female,60,Hyderabad,Telangana,2023-09-07,2026-05-31,70,25.09,1470,21,11295.55,790688.5,790664.07,Fashion,Online,High Value,Platinum,24,Low,0
CUST102479,Elijah Short,Male,40,Kanpur,Uttar Pradesh,2020-07-23,2025-07-19,4,0.68,40,10,1343.72,5374.88,5403.58,Home & Kitchen,Offline,Low Value,Bronze,340,High,1
CUST102480,Jennifer Sullivan,Male,35,Kolkata,West Bengal,2020-06-10,2025-12-22,33,5.47,396,12,5726.84,188985.72,188941.19,Sports,Online,Medium Value,Gold,184,High,0
CUST102481,Mary Kennedy,Male,41,Nashik,Maharashtra,2021-12-10,2025-07-29,3,0.66,21,7,1360.41,4081.23,4068.38,Grocery,Online,Low Value,Bronze,330,High,1
CUST102482,Paige Hernandez,Male,38,Kanpur,Uttar Pradesh,2023-11-04,2025-11-04,2,0.76,18,9,346.05,692.1,691.97,Fashion,Online,Low Value,Bronze,232,High,1
CUST102483,Darrell Curry,Female,36,Delhi,Delhi,2020-04-04,2026-04-12,32,5.15,576,18,3375.76,108024.32,108047.43,Fashion,Offline,Medium Value,Silver,73,Low,0
CUST102484,Jose Hartman,Male,18,Surat,Gujarat,2019-08-06,2026-01-18,11,1.6,110,10,5743.87,63182.57,63205.37,Grocery,Offline,Medium Value,Silver,157,Medium,1
CUST102485,Miranda Murray,Female,30,Surat,Gujarat,2019-10-05,2026-01-08,2,0.5,4,2,1163.67,2327.34,3905.98,Electronics,Online,Low Value,Bronze,167,Medium,1
CUST102486,Emily Lopez,Male,29,Coimbatore,Tamil Nadu,2022-05-27,2026-04-09,64,15.72,448,7,200.0,12800.0,12799.8,Home & Kitchen,Online,Low Value,Bronze,76,Low,0
CUST102487,Melissa Clark,Male,26,Chennai,Tamil Nadu,2022-06-07,2025-12-15,4,0.99,20,5,200.0,800.0,800.13,Electronics,Online,Low Value,Bronze,191,High,1
CUST102488,Justin Brooks,Female,34,Pune,Maharashtra,2022-04-16,2025-07-12,19,4.54,209,11,2136.66,40596.54,40581.15,Sports,Offline,Medium Value,Silver,347,High,0
CUST102489,Bethany Harding,Male,21,Kolkata,West Bengal,2022-11-09,2025-09-28,64,17.7,1088,17,4567.44,292316.16,292387.44,Sports,Offline,High Value,Gold,269,High,0
CUST102490,Robert Flowers,Male,46,Madurai,Tamil Nadu,2023-09-19,2025-07-15,15,5.44,210,14,3452.67,51790.05,51783.72,Home & Kitchen,Online,Medium Value,Silver,344,High,0
CUST102491,Jason Jennings,Female,55,Madurai,Tamil Nadu,2022-06-04,2026-01-09,19,4.69,209,11,4636.19,88087.61,88046.48,Home & Kitchen,Online,Medium Value,Silver,166,Medium,0
CUST102492,Richard Medina,Female,39,Kochi,Kerala,2019-05-15,2026-02-21,3,0.5,30,10,1312.78,3938.34,4663.47,Fashion,Online,Low Value,Bronze,123,Medium,1
CUST102493,Alexander Floyd,Male,24,Chandigarh,Chandigarh,2019-04-04,2026-02-01,15,2.08,75,5,5086.75,76301.25,76358.77,Beauty,Online,Medium Value,Silver,143,Medium,0
CUST102494,Brittany Cisneros,Male,36,Kochi,Kerala,2023-04-23,2026-04-12,13,4.11,247,19,2773.87,36060.31,36082.41,Beauty,Online,Medium Value,Silver,73,Low,0
CUST102495,Mark Morrison,Female,41,Vadodara,Gujarat,2023-01-05,2026-03-08,14,4.05,154,11,3869.69,54175.66,54236.05,Sports,Offline,Medium Value,Silver,108,Medium,0
CUST102496,Sharon Baird,Male,49,Coimbatore,Tamil Nadu,2019-06-28,2026-06-20,24,3.44,408,17,4087.36,98096.64,98202.28,Grocery,Offline,Medium Value,Silver,4,Low,0
CUST102497,James Ferguson,Male,38,Lucknow,Uttar Pradesh,2022-05-07,2026-06-06,22,5.33,44,2,1815.89,39949.58,39933.72,Sports,Online,Medium Value,Silver,18,Low,0
CUST102498,Brian Hudson,Female,42,Madurai,Tamil Nadu,2019-02-25,2025-12-11,5,0.68,40,8,1078.97,5394.85,5371.42,Sports,Offline,Low Value,Bronze,195,High,1
CUST102499,Steven Davis,Male,45,Nagpur,Maharashtra,2020-05-05,2025-12-11,25,4.08,400,16,4379.5,109487.5,109533.9,Sports,Online,Medium Value,Silver,195,High,0
CUST102500,Juan Johnson,Male,44,Hyderabad,Telangana,2020-01-31,2025-02-21,8,1.25,40,5,2785.11,22280.88,22246.57,Home & Kitchen,Online,Medium Value,Bronze,488,High,1
CUST102501,Katherine Lopez,Other,46,Guwahati,Assam,2023-10-24,2026-04-11,2,0.75,12,6,720.97,1441.94,1438.98,Beauty,Online,Low Value,Bronze,74,Low,1
CUST102502,Victor Campbell,Male,45,Surat,Gujarat,2022-02-12,2026-03-07,54,12.4,378,7,3489.43,188429.22,188476.03,Beauty,Online,Medium Value,Gold,109,Low,0
CUST102503,Matthew Jones,Female,51,Madurai,Tamil Nadu,2020-08-29,2026-03-31,2,0.5,6,3,2915.28,5830.56,8472.47,Sports,Offline,Low Value,Bronze,85,Low,1
CUST102504,Joseph Jackson,Female,18,Kolkata,West Bengal,2023-10-12,2025-12-29,55,20.42,990,18,4128.16,227048.8,227100.0,Electronics,Offline,Medium Value,Gold,177,Low,0
CUST102505,Jennifer Moore,Female,56,Kolkata,West Bengal,2019-08-26,2026-06-08,55,8.06,1100,20,4624.04,254322.2,254281.31,Grocery,Online,High Value,Gold,16,Low,0
CUST102506,Joshua Mendoza,Female,18,Jaipur,Rajasthan,2019-08-13,2025-10-18,6,0.87,18,3,1326.62,7959.72,7915.59,Electronics,Online,Low Value,Bronze,249,High,1
CUST102507,Troy Glenn,Male,47,Kolkata,West Bengal,2020-07-07,2026-03-02,34,5.71,306,9,2572.1,87451.4,87496.89,Fashion,Online,Medium Value,Silver,114,Medium,0
CUST102508,Daniel Reynolds,Male,48,Chennai,Tamil Nadu,2021-03-29,2026-05-05,5,0.96,40,8,1138.63,5693.15,5719.06,Grocery,Offline,Low Value,Bronze,50,Low,1
CUST102509,Karen Munoz,Male,28,Chandigarh,Chandigarh,2023-05-15,2025-08-11,4,1.29,20,5,200.0,800.0,801.02,Home & Kitchen,Offline,Low Value,Bronze,317,High,1
CUST102510,Laurie Shaw,Female,38,Pune,Maharashtra,2021-03-03,2026-04-11,56,10.56,1848,33,15058.41,843270.96,843300.64,Home & Kitchen,Online,High Value,Platinum,74,Low,0
CUST102511,Desiree Smith,Male,32,Ranchi,Jharkhand,2022-11-09,2025-02-24,16,4.42,64,4,2538.54,40616.64,40580.64,Grocery,Offline,Medium Value,Silver,485,High,0
CUST102512,Austin Ross,Male,31,Ahmedabad,Gujarat,2020-10-22,2026-01-18,29,5.12,638,22,3239.31,93939.99,93949.12,Beauty,Online,Medium Value,Silver,157,Medium,0
CUST102513,Kelly Kent,Other,57,Mumbai,Maharashtra,2024-04-29,2025-01-15,33,15.37,396,12,4263.1,140682.3,140645.3,Fashion,Online,Medium Value,Gold,525,High,0
CUST102514,Julia Johnston,Male,24,Ranchi,Jharkhand,2023-07-12,2024-06-23,8,2.72,128,16,3091.23,24729.84,24769.79,Grocery,Online,Medium Value,Bronze,731,High,0
CUST102515,Donna Ibarra,Female,40,Mumbai,Maharashtra,2019-03-26,2025-07-15,6,0.83,48,8,229.14,1374.84,1377.26,Home & Kitchen,Online,Low Value,Bronze,344,High,1
CUST102516,Michael Dawson,Male,36,Kolkata,West Bengal,2022-07-10,2026-05-23,85,21.52,1955,23,6279.07,533720.95,533843.18,Sports,Online,High Value,Gold,32,Low,0
CUST102517,Louis Patrick,Female,36,Kolkata,West Bengal,2019-09-12,2026-03-26,24,3.54,360,15,5527.08,132649.92,132581.82,Sports,Online,Medium Value,Gold,90,Low,0
CUST102518,David Yoder,Male,33,Nashik,Maharashtra,2021-03-05,2025-10-11,31,5.85,31,1,5553.47,172157.57,172111.96,Grocery,Online,Medium Value,Gold,256,High,0
CUST102519,Judith Bartlett,Female,32,Bengaluru,Karnataka,2019-10-27,2024-08-26,3,0.5,27,9,545.68,1637.04,1815.2,Sports,Offline,Low Value,Bronze,667,High,1
CUST102520,Keith Long,Male,21,Surat,Gujarat,2022-05-05,2026-05-18,28,6.78,868,31,4865.56,136235.68,136289.23,Home & Kitchen,Online,Medium Value,Gold,37,Low,0
CUST102521,Cynthia Harrell,Female,29,Bhopal,Madhya Pradesh,2019-05-08,2026-04-11,74,10.39,2294,31,6513.84,482024.16,482136.16,Beauty,Online,High Value,Gold,74,Low,0
CUST102522,Mark Carter,Male,33,Bengaluru,Karnataka,2021-11-26,2026-01-10,10,2.19,150,15,3344.87,33448.7,33472.6,Electronics,Online,Medium Value,Bronze,165,Medium,0
CUST102523,Melissa Bowen,Male,48,Vadodara,Gujarat,2020-11-11,2026-06-20,37,6.6,555,15,203.17,7517.29,7522.38,Sports,Offline,Low Value,Bronze,4,Low,0
CUST102524,Johnny Riddle,Female,21,Visakhapatnam,Andhra Pradesh,2019-07-29,2025-12-20,4,0.58,20,5,953.34,3813.36,3814.93,Grocery,Online,Low Value,Bronze,186,High,1
CUST102525,Whitney Jones,Other,50,Mumbai,Maharashtra,2023-12-27,2026-04-01,15,6.03,180,12,3877.76,58166.4,58129.14,Fashion,Offline,Medium Value,Silver,84,Low,0
CUST102526,Randall Nguyen,Male,43,Delhi,Delhi,2020-09-07,2026-04-18,22,3.8,374,17,5408.76,118992.72,118958.66,Beauty,Offline,Medium Value,Silver,67,Low,0
CUST102527,David Hunter,Male,34,Lucknow,Uttar Pradesh,2023-06-24,2023-07-26,1,0.5,3,3,869.06,869.06,1301.51,Fashion,Offline,Low Value,Bronze,1064,High,1
CUST102528,Benjamin Neal,Male,35,Chennai,Tamil Nadu,2021-09-22,2026-06-22,56,11.8,1120,20,5902.23,330524.88,330641.23,Grocery,Online,High Value,Gold,2,Low,0
CUST102529,Jane Reese,Male,32,Jaipur,Rajasthan,2021-01-22,2026-02-01,20,3.69,40,2,448.81,8976.2,8964.07,Beauty,Offline,Low Value,Bronze,143,Medium,0
CUST102530,Jennifer Smith,Female,33,Madurai,Tamil Nadu,2021-02-12,2026-02-22,13,2.43,156,12,2372.09,30837.17,30868.54,Home & Kitchen,Online,Medium Value,Bronze,122,Medium,0
CUST102531,Thomas Murphy,Female,30,Chandigarh,Chandigarh,2019-05-10,2026-05-17,3,0.5,6,2,936.57,2809.71,3333.45,Sports,Offline,Low Value,Bronze,38,Low,1
CUST102532,Kari Jones,Female,32,Bengaluru,Karnataka,2023-07-01,2026-05-12,67,22.51,1474,22,2162.07,144858.69,144838.68,Home & Kitchen,Online,Medium Value,Gold,43,Low,0
CUST102533,Dana Dodson,Female,33,Vadodara,Gujarat,2021-11-07,2026-04-24,61,13.2,1708,28,6541.21,399013.81,399037.99,Beauty,Online,High Value,Gold,61,Low,0
CUST102534,Robert Skinner,Female,44,Ranchi,Jharkhand,2021-03-08,2026-06-20,6,1.13,6,1,1545.86,9275.16,9239.86,Fashion,Online,Low Value,Bronze,4,Low,1
CUST102535,Albert Garcia,Female,30,Coimbatore,Tamil Nadu,2019-07-10,2025-12-10,1,0.5,7,7,1148.66,1148.66,3992.4,Sports,Online,Low Value,Bronze,196,High,1
CUST102536,Joseph Myers,Female,48,Patna,Bihar,2022-04-17,2025-06-01,1,0.5,5,5,354.22,354.22,740.44,Electronics,Online,Low Value,Bronze,388,High,1
CUST102537,Phillip Byrd,Male,51,Nashik,Maharashtra,2019-10-28,2026-05-24,56,8.42,560,10,7694.28,430879.68,430841.34,Sports,Online,High Value,Gold,31,Low,0
CUST102538,Hunter Robinson,Female,42,Guwahati,Assam,2024-01-26,2025-10-17,8,3.33,40,5,1754.07,14032.56,14040.92,Home & Kitchen,Online,Low Value,Bronze,250,High,0
CUST102539,Michael Robinson,Female,44,Coimbatore,Tamil Nadu,2022-03-04,2025-03-24,1,0.5,6,6,636.13,636.13,1368.05,Beauty,Offline,Low Value,Bronze,457,High,1
CUST102540,Sara Cain,Female,18,Coimbatore,Tamil Nadu,2021-09-22,2026-04-07,23,4.84,161,7,5916.93,136089.39,135956.71,Grocery,Offline,Medium Value,Gold,78,Low,0
CUST102541,Michelle Prince,Male,25,Pune,Maharashtra,2021-04-12,2026-01-14,3,0.58,6,2,950.27,2850.81,2862.54,Beauty,Offline,Low Value,Bronze,161,Medium,1
CUST102542,Eric Williams,Other,31,Patna,Bihar,2023-10-26,2026-05-05,5,1.88,15,3,667.12,3335.6,3330.76,Grocery,Online,Low Value,Bronze,50,Low,1
CUST102543,Raymond Wang,Female,37,Chandigarh,Chandigarh,2020-11-13,2025-12-02,29,5.17,232,8,2162.95,62725.55,62670.71,Beauty,Offline,Medium Value,Silver,204,High,0
CUST102544,Jade Allen,Female,24,Visakhapatnam,Andhra Pradesh,2023-05-30,2026-02-10,118,38.52,2124,18,3478.27,410435.86,410477.57,Home & Kitchen,Online,High Value,Gold,134,Low,0
CUST102545,Javier Hays,Female,35,Delhi,Delhi,2021-04-18,2026-06-15,20,3.86,300,15,5466.03,109320.6,109234.7,Fashion,Online,Medium Value,Silver,9,Low,0
CUST102546,Corey Caldwell,Female,31,Chandigarh,Chandigarh,2019-06-10,2026-04-12,20,2.84,320,16,3692.95,73859.0,73767.6,Beauty,Online,Medium Value,Silver,73,Low,0
CUST102547,Stephen Robles,Male,18,Mumbai,Maharashtra,2023-04-26,2025-11-28,19,6.02,152,8,5637.45,107111.55,107131.77,Grocery,Offline,Medium Value,Silver,208,High,0
CUST102548,Carol Jackson,Female,38,Indore,Madhya Pradesh,2019-02-22,2026-04-30,5,0.68,70,14,2068.68,10343.4,10310.04,Sports,Online,Low Value,Bronze,55,Low,1
CUST102549,Brian Murphy,Female,33,Lucknow,Uttar Pradesh,2019-05-29,2026-05-03,92,13.02,2116,23,14764.93,1358373.56,1358439.05,Home & Kitchen,Online,High Value,Platinum,52,Low,0
CUST102550,Chelsey Clark,Male,35,Jaipur,Rajasthan,2021-01-09,2026-06-12,39,7.16,234,6,6868.66,267877.74,267946.38,Sports,Online,High Value,Gold,12,Low,0
CUST102551,Teresa Martinez,Female,44,Kolkata,West Bengal,2021-06-26,2026-03-01,87,17.44,2088,24,9031.76,785763.12,785736.66,Fashion,Online,High Value,Platinum,115,Medium,0
CUST102552,Howard Thompson,Male,38,Mumbai,Maharashtra,2019-05-04,2026-05-05,5,0.7,20,4,1497.07,7485.35,7476.95,Beauty,Offline,Low Value,Bronze,50,Low,1
CUST102553,Eugene Price,Female,50,Nashik,Maharashtra,2022-11-02,2025-11-08,2,0.55,12,6,1791.32,3582.64,3582.15,Beauty,Online,Low Value,Bronze,228,High,1
CUST102554,Austin Briggs,Female,54,Bengaluru,Karnataka,2019-03-04,2026-06-07,40,5.48,640,16,11069.1,442764.0,442920.38,Beauty,Online,High Value,Gold,17,Low,0
CUST102555,Jackie Jones,Female,46,Bengaluru,Karnataka,2023-12-25,2025-08-26,1,0.5,6,6,200.0,200.0,249.14,Sports,Online,Low Value,Bronze,302,High,1
CUST102556,Eric George,Male,23,Ahmedabad,Gujarat,2021-03-06,2026-06-02,27,5.1,162,6,3176.96,85777.92,85792.27,Home & Kitchen,Online,Medium Value,Silver,22,Low,0
CUST102557,Mrs. Kimberly Mooney,Male,46,Bengaluru,Karnataka,2023-03-25,2025-06-05,25,7.71,175,7,5056.13,126403.25,126473.85,Fashion,Online,Medium Value,Gold,384,High,0
CUST102558,Carolyn Haley,Female,42,Kochi,Kerala,2019-04-04,2026-04-29,120,16.63,2280,19,16518.3,1982196.0,1982498.1,Fashion,Online,High Value,Platinum,56,Low,0
CUST102559,Vicki Horton,Male,29,Chennai,Tamil Nadu,2022-11-19,2026-06-04,10,2.79,240,24,3001.43,30014.3,30056.95,Grocery,Online,Medium Value,Bronze,20,Low,0
CUST102560,Valerie Benson,Male,39,Nashik,Maharashtra,2019-11-27,2026-05-22,5,0.76,25,5,853.08,4265.4,4258.37,Beauty,Online,Low Value,Bronze,33,Low,1
CUST102561,Mark Henson,Female,60,Jaipur,Rajasthan,2022-07-05,2025-09-28,9,2.27,27,3,1160.36,10443.24,10442.32,Grocery,Offline,Low Value,Bronze,269,High,0
CUST102562,Samuel Olson,Female,24,Nagpur,Maharashtra,2020-06-16,2026-05-12,195,32.42,4290,22,11371.39,2217421.05,2217514.14,Electronics,Offline,High Value,Platinum,43,Low,0
CUST102563,Lee Richards,Male,44,Chandigarh,Chandigarh,2020-07-27,2026-03-17,92,15.59,2484,27,6551.72,602758.24,602920.4,Grocery,Online,High Value,Gold,99,Low,0
CUST102564,Martin Hall,Female,60,Surat,Gujarat,2024-04-27,2025-05-10,31,14.41,527,17,3691.35,114431.85,114467.32,Beauty,Online,Medium Value,Silver,410,High,0
CUST102565,Virginia Hall,Female,37,Ahmedabad,Gujarat,2022-08-13,2026-06-12,37,9.59,999,27,3648.76,135004.12,134984.74,Fashion,Online,Medium Value,Gold,12,Low,0
CUST102566,Stephanie Parker,Female,18,Pune,Maharashtra,2024-02-11,2026-03-03,13,5.51,260,20,3087.49,40137.37,40148.95,Home & Kitchen,Online,Medium Value,Silver,113,Medium,0
CUST102567,Nicole Harvey,Male,50,Jaipur,Rajasthan,2021-09-18,2026-05-12,43,9.04,516,12,1952.05,83938.15,83968.99,Fashion,Online,Medium Value,Silver,43,Low,0
CUST102568,James Phillips,Female,59,Kochi,Kerala,2023-01-23,2026-02-28,12,3.52,24,2,1337.4,16048.8,16059.49,Electronics,Online,Medium Value,Bronze,116,Medium,0
CUST102569,Dan Johnson,Male,47,Kolkata,West Bengal,2021-01-21,2025-12-29,1,0.5,7,7,1570.31,1570.31,4251.98,Beauty,Online,Low Value,Bronze,177,Medium,1
CUST102570,Linda Bautista,Female,53,Chandigarh,Chandigarh,2019-09-09,2025-06-26,9,1.33,63,7,200.0,1800.0,1804.65,Grocery,Online,Low Value,Bronze,363,High,1
CUST102571,Erin Ramirez,Male,49,Surat,Gujarat,2023-08-21,2026-06-13,10,3.53,30,3,1949.13,19491.3,19515.74,Sports,Online,Medium Value,Bronze,11,Low,0
CUST102572,Paige Meyer,Female,40,Guwahati,Assam,2022-12-18,2026-06-20,17,4.84,102,6,4451.09,75668.53,75615.28,Sports,Offline,Medium Value,Silver,4,Low,0
CUST102573,Maria Roberts,Male,31,Coimbatore,Tamil Nadu,2020-10-29,2026-03-30,23,4.07,552,24,3405.71,78331.33,78252.91,Home & Kitchen,Online,Medium Value,Silver,86,Low,0
CUST102574,Ryan Rivera,Female,45,Coimbatore,Tamil Nadu,2022-04-10,2025-09-16,20,4.76,40,2,4880.5,97610.0,97567.78,Fashion,Online,Medium Value,Silver,281,High,0
CUST102575,Joshua Knox,Female,39,Mumbai,Maharashtra,2023-06-13,2026-06-09,31,10.25,279,9,5621.66,174271.46,174325.33,Fashion,Offline,Medium Value,Gold,15,Low,0
CUST102576,Danielle Mcdaniel,Male,38,Ranchi,Jharkhand,2019-02-01,2026-06-04,2,0.5,8,4,955.57,1911.14,3529.26,Electronics,Online,Low Value,Bronze,20,Low,1
CUST102577,Lisa James,Male,43,Surat,Gujarat,2023-05-24,2025-07-14,6,1.95,54,9,1916.55,11499.3,11511.11,Grocery,Online,Low Value,Bronze,345,High,1
CUST102578,Jeremy Smith,Female,22,Bengaluru,Karnataka,2023-01-31,2026-04-09,23,6.79,92,4,3765.15,86598.45,86652.78,Sports,Offline,Medium Value,Silver,76,Low,0
CUST102579,Andrea Lee,Male,30,Delhi,Delhi,2023-08-04,2026-03-07,19,6.59,114,6,3733.62,70938.78,70933.87,Home & Kitchen,Offline,Medium Value,Silver,109,Medium,0
CUST102580,Brenda Harris,Female,38,Kochi,Kerala,2020-05-28,2026-05-22,37,6.1,629,17,10655.24,394243.88,394341.61,Home & Kitchen,Offline,High Value,Gold,33,Low,0
CUST102581,Kevin Guerra,Female,48,Kanpur,Uttar Pradesh,2019-06-29,2026-03-25,8,1.15,8,1,1303.06,10424.48,10461.94,Home & Kitchen,Online,Low Value,Bronze,91,Medium,1
CUST102582,Cynthia Miller,Female,31,Madurai,Tamil Nadu,2022-06-23,2026-02-19,7,1.75,91,13,5273.42,36913.94,36888.67,Grocery,Offline,Medium Value,Silver,125,Medium,1
CUST102583,Emily Griffith,Female,37,Ranchi,Jharkhand,2024-05-03,2026-06-03,15,7.02,210,14,5552.29,83284.35,83236.47,Electronics,Online,Medium Value,Silver,21,Low,0
CUST102584,Christopher Wright,Female,42,Kanpur,Uttar Pradesh,2021-01-27,2026-06-05,39,7.22,312,8,4576.31,178476.09,178389.51,Beauty,Online,Medium Value,Gold,19,Low,0
CUST102585,Jerome Reid,Female,41,Vadodara,Gujarat,2020-07-28,2025-06-05,14,2.37,294,21,6969.08,97567.12,97449.78,Fashion,Offline,Medium Value,Silver,384,High,0
CUST102586,Richard Miller,Female,45,Patna,Bihar,2019-01-25,2026-05-22,131,17.69,1703,13,3634.38,476103.78,476140.6,Fashion,Offline,High Value,Gold,33,Low,0
CUST102587,Jennifer Jackson,Male,44,Chandigarh,Chandigarh,2020-02-22,2024-07-06,21,3.32,231,11,3711.72,77946.12,78002.93,Grocery,Offline,Medium Value,Silver,718,High,0
CUST102588,Jonathan Moss,Male,60,Chennai,Tamil Nadu,2021-05-26,2026-01-06,27,5.32,270,10,4722.39,127504.53,127455.53,Fashion,Online,Medium Value,Gold,169,Low,0
CUST102589,Sally Leon,Male,31,Jaipur,Rajasthan,2022-06-12,2026-04-27,7,1.74,7,1,2208.21,15457.47,15474.34,Home & Kitchen,Online,Medium Value,Bronze,58,Low,1
CUST102590,James Dickerson,Male,28,Nagpur,Maharashtra,2022-06-02,2025-02-25,13,3.21,39,3,946.88,12309.44,12324.37,Home & Kitchen,Online,Low Value,Bronze,484,High,0
CUST102591,Tammy Larson,Male,31,Delhi,Delhi,2021-03-25,2026-04-03,3,0.57,18,6,1401.72,4205.16,4189.04,Grocery,Online,Low Value,Bronze,82,Low,1
CUST102592,Nicholas Scott,Male,51,Vadodara,Gujarat,2023-11-03,2026-01-13,15,5.7,15,1,5721.98,85829.7,85902.55,Beauty,Offline,Medium Value,Silver,162,Medium,0
CUST102593,Jesse Brooks,Male,28,Bengaluru,Karnataka,2020-11-02,2026-05-01,40,7.1,440,11,2433.83,97353.2,97365.19,Electronics,Offline,Medium Value,Silver,54,Low,0
CUST102594,Andrea Taylor,Male,27,Kochi,Kerala,2020-02-15,2026-04-15,99,15.59,1683,17,9560.32,946471.68,946300.5,Home & Kitchen,Offline,High Value,Platinum,70,Low,0
CUST102595,Christopher Lopez,Female,27,Patna,Bihar,2020-05-22,2026-02-03,7,1.15,42,6,1627.99,11395.93,11389.47,Fashion,Online,Low Value,Bronze,141,Medium,1
CUST102596,Jonathan Swanson,Female,31,Jaipur,Rajasthan,2021-06-13,2025-12-12,23,4.58,230,10,5202.15,119649.45,119700.01,Beauty,Online,Medium Value,Silver,194,High,0
CUST102597,Timothy Bentley DVM,Female,26,Indore,Madhya Pradesh,2019-02-08,2026-06-11,36,4.89,612,17,5756.36,207228.96,207386.4,Beauty,Online,Medium Value,Gold,13,Low,0
CUST102598,John Davidson,Male,34,Mumbai,Maharashtra,2019-03-04,2026-03-01,26,3.56,234,9,4984.44,129595.44,129568.42,Grocery,Online,Medium Value,Gold,115,Low,0
CUST102599,Jennifer Williams,Male,35,Chennai,Tamil Nadu,2021-08-21,2026-05-31,102,21.1,2856,28,8810.84,898705.68,898876.95,Grocery,Online,High Value,Platinum,24,Low,0
CUST102600,Janice Cunningham,Female,44,Chennai,Tamil Nadu,2021-06-07,2025-02-11,14,2.78,182,13,2239.96,31359.44,31386.91,Sports,Online,Medium Value,Bronze,498,High,0
CUST102601,Jeffrey Scott,Male,23,Coimbatore,Tamil Nadu,2020-03-29,2025-11-26,49,7.86,1127,23,3145.52,154130.48,154062.53,Fashion,Online,Medium Value,Gold,210,High,0
CUST102602,Miranda Hicks,Female,40,Pune,Maharashtra,2020-01-30,2025-02-09,7,1.09,49,7,2402.18,16815.26,16738.97,Beauty,Online,Medium Value,Bronze,500,High,1
CUST102603,Michael Horton DDS,Female,28,Nagpur,Maharashtra,2022-12-13,2026-05-09,13,3.69,91,7,4132.5,53722.5,53731.33,Grocery,Online,Medium Value,Silver,46,Low,0
CUST102604,Nancy Allen,Female,54,Pune,Maharashtra,2019-08-30,2026-06-03,111,16.3,1887,17,5320.59,590585.49,590755.2,Electronics,Offline,High Value,Gold,21,Low,0
CUST102605,Robert Mccoy,Male,33,Ranchi,Jharkhand,2019-02-03,2026-02-26,35,4.74,35,1,1239.04,43366.4,43350.42,Sports,Offline,Medium Value,Silver,118,Medium,0
CUST102606,Melissa Brewer,Male,45,Delhi,Delhi,2020-08-19,2026-06-11,46,7.88,552,12,9547.32,439176.72,439347.67,Sports,Offline,High Value,Gold,13,Low,0
CUST102607,Jesus Becker,Female,18,Jaipur,Rajasthan,2020-06-21,2025-02-27,24,4.0,648,27,2534.17,60820.08,60833.96,Beauty,Offline,Medium Value,Silver,482,High,0
CUST102608,Lance Lynn,Female,47,Patna,Bihar,2023-03-21,2025-06-19,6,1.84,18,3,2449.16,14694.96,14669.88,Grocery,Online,Medium Value,Bronze,370,High,1
CUST102609,Alexandria Wise,Male,56,Surat,Gujarat,2020-07-11,2026-04-23,118,19.84,3186,27,7026.76,829157.68,829022.63,Sports,Online,High Value,Platinum,62,Low,0
CUST102610,Sydney Sanders,Male,39,Kolkata,West Bengal,2023-02-03,2023-02-03,9,2.66,99,11,962.51,8662.59,8656.92,Home & Kitchen,Offline,Low Value,Bronze,1237,High,0
CUST102611,Stephanie Stone,Female,33,Madurai,Tamil Nadu,2019-10-09,2026-03-21,80,11.94,1200,15,10028.21,802256.8,802507.2,Grocery,Online,High Value,Platinum,95,Medium,0
CUST102612,Jay Gallegos,Male,23,Chennai,Tamil Nadu,2023-12-23,2026-05-25,8,3.2,144,18,3635.25,29082.0,29046.17,Beauty,Online,Medium Value,Bronze,30,Low,0
CUST102613,Eric Ponce,Male,53,Bengaluru,Karnataka,2022-10-15,2025-08-19,2,0.54,2,1,1522.97,3045.94,3030.68,Beauty,Offline,Low Value,Bronze,309,High,1
CUST102614,Janet Parker,Female,48,Delhi,Delhi,2021-06-14,2026-06-08,21,4.18,273,13,6961.19,146184.99,146106.28,Sports,Online,Medium Value,Gold,16,Low,0
CUST102615,Shawn Luna,Male,26,Nagpur,Maharashtra,2022-04-23,2026-06-16,88,21.13,2200,25,6228.18,548079.84,548024.08,Grocery,Offline,High Value,Gold,8,Low,0
CUST102616,Mark Frank,Male,47,Jaipur,Rajasthan,2024-01-21,2026-06-17,50,20.68,400,8,5356.52,267826.0,267795.79,Electronics,Offline,High Value,Gold,7,Low,0
CUST102617,Charles Goodman,Female,64,Delhi,Delhi,2022-08-27,2026-01-25,25,6.55,175,7,2137.6,53440.0,53475.11,Sports,Online,Medium Value,Silver,150,Medium,0
CUST102618,Jennifer Parker,Male,35,Jaipur,Rajasthan,2023-03-03,2025-11-24,2,0.61,18,9,2741.55,5483.1,5526.41,Electronics,Online,Low Value,Bronze,212,High,1
CUST102619,Dr. April Jones,Male,38,Pune,Maharashtra,2023-08-13,2026-04-17,15,5.25,30,2,1166.39,17495.85,17503.04,Grocery,Offline,Medium Value,Bronze,68,Low,0
CUST102620,Kelly Pena,Female,41,Nagpur,Maharashtra,2022-11-13,2025-10-01,8,2.22,72,9,2110.71,16885.68,16895.74,Fashion,Offline,Medium Value,Bronze,266,High,0
CUST102621,Carolyn Brooks,Female,42,Ahmedabad,Gujarat,2023-08-15,2026-03-30,2,0.7,4,2,1485.35,2970.7,2966.23,Fashion,Online,Low Value,Bronze,86,Low,1
CUST102622,Christina White,Female,38,Surat,Gujarat,2022-06-14,2026-06-05,23,5.72,46,2,4000.9,92020.7,92041.84,Grocery,Online,Medium Value,Silver,19,Low,0
CUST102623,Joanne Olsen,Female,23,Visakhapatnam,Andhra Pradesh,2021-10-13,2025-02-14,3,0.64,15,5,1534.34,4603.02,4605.41,Electronics,Offline,Low Value,Bronze,495,High,1
CUST102624,Anthony White,Male,35,Pune,Maharashtra,2021-12-30,2026-04-04,10,2.23,110,11,672.11,6721.1,6709.23,Beauty,Offline,Low Value,Bronze,81,Low,0
CUST102625,Deanna Barrera,Female,54,Lucknow,Uttar Pradesh,2023-08-29,2026-06-10,30,10.66,210,7,1462.92,43887.6,43891.53,Beauty,Offline,Medium Value,Silver,14,Low,0
CUST102626,Mark Weber,Male,43,Guwahati,Assam,2020-10-03,2026-06-11,97,16.97,2813,29,9065.85,879387.45,879489.46,Grocery,Offline,High Value,Platinum,13,Low,0
CUST102627,Carol Carter,Male,45,Coimbatore,Tamil Nadu,2021-09-28,2025-10-21,13,2.75,221,17,6004.58,78059.54,78121.19,Home & Kitchen,Online,Medium Value,Silver,246,High,0
CUST102628,Donald Peterson,Female,29,Kochi,Kerala,2020-12-16,2025-04-15,16,2.9,160,10,3010.53,48168.48,48140.46,Home & Kitchen,Online,Medium Value,Silver,435,High,0
CUST102629,Karen Chambers,Male,55,Bengaluru,Karnataka,2023-10-04,2025-05-14,29,10.68,435,15,1563.74,45348.46,45358.35,Fashion,Offline,Medium Value,Silver,406,High,0
CUST102630,Antonio Walton,Male,49,Ahmedabad,Gujarat,2021-10-11,2026-03-03,23,4.9,207,9,3524.49,81063.27,81089.81,Sports,Online,Medium Value,Silver,113,Medium,0
CUST102631,Kevin Huerta,Female,64,Delhi,Delhi,2022-03-05,2025-02-16,8,1.86,56,7,1730.67,13845.36,13836.83,Fashion,Offline,Low Value,Bronze,493,High,1
CUST102632,Joseph Smith,Other,38,Bhopal,Madhya Pradesh,2024-01-29,2026-05-31,122,50.93,1220,10,13728.94,1674930.68,1675052.84,Fashion,Online,High Value,Platinum,24,Low,0
CUST102633,Victoria Juarez,Female,18,Kolkata,West Bengal,2023-03-11,2026-05-08,72,21.93,2016,28,11536.68,830640.96,830516.83,Home & Kitchen,Online,High Value,Platinum,47,Low,0
CUST102634,Kara Rogers,Female,45,Bengaluru,Karnataka,2023-06-12,2025-07-03,8,2.64,16,2,2355.31,18842.48,18828.55,Home & Kitchen,Online,Medium Value,Bronze,356,High,0
CUST102635,Jacob Wu,Female,36,Madurai,Tamil Nadu,2024-05-16,2026-03-28,22,10.48,418,19,1414.13,31110.86,31121.16,Electronics,Online,Medium Value,Bronze,88,Low,0
CUST102636,Dr. Teresa Ortega MD,Male,24,Kanpur,Uttar Pradesh,2023-11-19,2025-07-15,2,0.77,22,11,1248.57,2497.14,2490.03,Home & Kitchen,Online,Low Value,Bronze,344,High,1
CUST102637,Henry Rivera,Female,22,Surat,Gujarat,2022-10-14,2026-06-10,2,0.54,12,6,1587.01,3174.02,3160.46,Grocery,Online,Low Value,Bronze,14,Low,1
CUST102638,Jesus Hale,Female,29,Ahmedabad,Gujarat,2021-01-31,2026-03-02,3,0.56,12,4,644.34,1933.02,1944.19,Grocery,Offline,Low Value,Bronze,114,Medium,1
CUST102639,Stacy Taylor,Male,58,Kochi,Kerala,2019-04-06,2025-05-19,2,0.5,4,2,680.1,1360.2,2452.27,Home & Kitchen,Offline,Low Value,Bronze,401,High,1
CUST102640,Sheila Ramirez,Male,65,Delhi,Delhi,2019-11-13,2026-06-15,47,7.11,235,5,3580.64,168290.08,168188.91,Home & Kitchen,Offline,Medium Value,Gold,9,Low,0
CUST102641,Robin Richardson,Female,32,Kochi,Kerala,2022-09-06,2026-06-01,123,32.44,2706,22,5874.6,722575.8,722634.51,Home & Kitchen,Online,High Value,Platinum,23,Low,0
CUST102642,Mary Alvarez,Female,52,Coimbatore,Tamil Nadu,2023-08-10,2025-11-01,20,6.98,20,1,1228.14,24562.8,24573.09,Beauty,Offline,Medium Value,Bronze,235,High,0
CUST102643,Cole Andersen,Male,27,Ahmedabad,Gujarat,2023-09-27,2026-05-19,48,17.55,864,18,3702.82,177735.36,177739.92,Fashion,Online,Medium Value,Gold,36,Low,0
CUST102644,Robin Smith,Female,39,Indore,Madhya Pradesh,2024-05-04,2026-06-10,78,36.57,2340,30,8367.35,652653.3,652619.62,Electronics,Online,High Value,Gold,14,Low,0
CUST102645,Angel Aguirre,Female,55,Nashik,Maharashtra,2023-09-19,2026-06-17,16,5.8,16,1,1348.29,21572.64,21560.09,Sports,Online,Medium Value,Bronze,7,Low,0
CUST102646,Jeremy Lawson,Male,39,Visakhapatnam,Andhra Pradesh,2023-01-20,2025-09-24,2,0.58,4,2,945.13,1890.26,1874.53,Electronics,Offline,Low Value,Bronze,273,High,1
CUST102647,Lonnie Miller,Female,70,Bhopal,Madhya Pradesh,2021-06-04,2026-04-26,9,1.78,45,5,5063.66,45572.94,45504.59,Sports,Online,Medium Value,Silver,59,Low,1
CUST102648,Timothy Galvan,Female,47,Ahmedabad,Gujarat,2022-11-07,2025-05-20,6,1.66,84,14,200.0,1200.0,1202.56,Home & Kitchen,Online,Low Value,Bronze,400,High,1
CUST102649,Dr. Susan Navarro,Female,23,Coimbatore,Tamil Nadu,2023-11-10,2026-02-25,16,6.12,272,17,1534.61,24553.76,24556.28,Grocery,Online,Medium Value,Bronze,119,Medium,0
CUST102650,Cory Thomas,Female,43,Ahmedabad,Gujarat,2019-04-03,2026-04-23,36,4.99,360,10,4474.78,161092.08,161210.06,Beauty,Online,Medium Value,Gold,62,Low,0
CUST102651,Laura Vincent,Male,32,Pune,Maharashtra,2022-01-31,2026-04-27,28,6.38,392,14,5268.77,147525.56,147527.58,Fashion,Online,Medium Value,Gold,58,Low,0
CUST102652,Bethany Robles,Female,19,Pune,Maharashtra,2023-02-09,2026-04-29,28,8.32,532,19,5065.4,141831.2,141807.35,Home & Kitchen,Online,Medium Value,Gold,56,Low,0
CUST102653,Michael Dunn,Female,49,Kanpur,Uttar Pradesh,2023-11-13,2026-03-08,126,48.34,3150,25,5600.13,705616.38,705588.48,Fashion,Online,High Value,Platinum,108,Medium,0
CUST102654,Carol Griffin,Male,53,Kolkata,West Bengal,2019-01-10,2025-11-16,10,1.34,60,6,1424.46,14244.6,14214.57,Fashion,Offline,Low Value,Bronze,220,High,1
CUST102655,Matthew Allen,Female,43,Visakhapatnam,Andhra Pradesh,2021-12-14,2025-09-06,47,10.4,376,8,2019.79,94930.13,94950.31,Fashion,Online,Medium Value,Silver,291,High,0
CUST102656,Paul Keller,Female,31,Mumbai,Maharashtra,2023-12-19,2026-03-23,1,0.5,3,3,786.65,786.65,986.41,Sports,Online,Low Value,Bronze,93,Medium,1
CUST102657,Jeffrey Baldwin,Male,38,Bengaluru,Karnataka,2023-03-21,2025-03-20,7,2.15,63,9,200.0,1400.0,1399.78,Beauty,Online,Low Value,Bronze,461,High,0
CUST102658,Timothy Orr,Male,29,Chennai,Tamil Nadu,2022-07-13,2026-06-03,20,5.07,20,1,200.0,4000.0,3997.7,Beauty,Online,Low Value,Bronze,21,Low,0
CUST102659,Connie Scott,Male,35,Chandigarh,Chandigarh,2020-07-26,2026-06-22,18,3.05,108,6,969.95,17459.1,17470.65,Home & Kitchen,Online,Medium Value,Bronze,2,Low,0
CUST102660,Steven Martinez,Male,32,Coimbatore,Tamil Nadu,2023-12-17,2025-11-10,23,9.15,253,11,5125.58,117888.34,117873.61,Home & Kitchen,Offline,Medium Value,Silver,226,High,0
CUST102661,Joseph Swanson,Female,51,Bhopal,Madhya Pradesh,2023-09-15,2026-05-15,2,0.72,20,10,1357.56,2715.12,2705.53,Grocery,Online,Low Value,Bronze,40,Low,1
CUST102662,Michael Wiggins,Female,35,Ahmedabad,Gujarat,2019-02-15,2025-08-31,19,2.59,323,17,6814.33,129472.27,129692.6,Electronics,Online,Medium Value,Gold,297,High,0
CUST102663,Pamela Burke,Female,41,Ahmedabad,Gujarat,2021-10-09,2026-05-23,27,5.74,135,5,2061.67,55665.09,55630.26,Fashion,Online,Medium Value,Silver,32,Low,0
CUST102664,Jamie Love,Female,46,Hyderabad,Telangana,2020-10-20,2025-03-25,26,4.59,182,7,859.74,22353.24,22375.34,Sports,Online,Medium Value,Bronze,456,High,0
CUST102665,Jane May,Male,47,Madurai,Tamil Nadu,2021-08-09,2026-02-18,30,6.16,270,9,6589.6,197688.0,197597.43,Beauty,Offline,Medium Value,Gold,126,Low,0
CUST102666,Savannah Stokes,Female,27,Kochi,Kerala,2023-07-31,2026-06-21,65,22.46,1755,27,8410.97,546713.05,546689.33,Home & Kitchen,Offline,High Value,Gold,3,Low,0
CUST102667,Brian Miller,Female,37,Coimbatore,Tamil Nadu,2022-05-02,2025-04-16,30,7.25,150,5,2936.13,88083.9,88120.07,Fashion,Online,Medium Value,Silver,434,High,0
CUST102668,Patrick Pineda,Male,49,Patna,Bihar,2022-11-08,2026-05-21,5,1.38,15,3,2013.74,10068.7,10058.28,Sports,Online,Low Value,Bronze,34,Low,1
CUST102669,Audrey Richardson,Female,45,Bengaluru,Karnataka,2020-09-30,2026-03-15,13,2.27,39,3,3421.35,44477.55,44461.81,Sports,Online,Medium Value,Silver,101,Medium,0
CUST102670,Tiffany Ray,Female,43,Ahmedabad,Gujarat,2022-11-27,2026-04-05,26,7.29,312,12,4675.85,121572.1,121602.44,Fashion,Online,Medium Value,Silver,80,Low,0
CUST102671,Antonio Nichols,Male,39,Kochi,Kerala,2020-02-08,2025-11-15,27,4.24,162,6,4575.27,123532.29,123538.43,Sports,Offline,Medium Value,Gold,221,High,0
CUST102672,Veronica Flores,Male,23,Indore,Madhya Pradesh,2024-02-11,2026-06-21,1,0.5,1,1,605.37,605.37,714.34,Grocery,Offline,Low Value,Bronze,3,Low,1
CUST102673,Michael Hogan,Male,35,Pune,Maharashtra,2019-06-03,2026-04-24,121,17.16,2057,17,12133.42,1468143.82,1468439.81,Sports,Online,High Value,Platinum,61,Low,0
CUST102674,Lindsay Walker,Male,28,Patna,Bihar,2020-02-24,2026-04-21,12,1.9,24,2,920.13,11041.56,11056.68,Beauty,Online,Low Value,Bronze,64,Low,1
CUST102675,Joshua Murray,Female,42,Mumbai,Maharashtra,2020-12-22,2025-12-24,31,5.64,341,11,6210.82,192535.42,192575.72,Grocery,Online,Medium Value,Gold,182,High,0
CUST102676,Tommy Hood,Male,60,Bhopal,Madhya Pradesh,2023-10-14,2025-11-21,11,4.09,121,11,4394.03,48334.33,48317.85,Electronics,Online,Medium Value,Silver,215,High,0
CUST102677,Mr. Kyle Thomas DDS,Male,29,Vadodara,Gujarat,2022-11-16,2026-01-15,108,30.02,1944,18,10753.95,1161426.6,1161405.4,Fashion,Online,High Value,Platinum,160,Medium,0
CUST102678,Michele George,Male,44,Hyderabad,Telangana,2023-06-15,2026-01-29,96,31.79,1440,15,6302.03,604994.88,605001.26,Fashion,Online,High Value,Gold,146,Low,0
CUST102679,William Martinez,Male,33,Kochi,Kerala,2023-07-21,2026-04-24,32,10.95,64,2,4843.96,155006.72,154949.03,Electronics,Online,Medium Value,Gold,61,Low,0
CUST102680,Michelle Mendoza DVM,Male,35,Indore,Madhya Pradesh,2020-04-13,2026-06-11,14,2.26,112,8,4710.25,65943.5,65896.56,Fashion,Online,Medium Value,Silver,13,Low,0
CUST102681,Michael Bennett DVM,Female,18,Nagpur,Maharashtra,2022-03-09,2025-11-30,10,2.33,80,8,1451.58,14515.8,14501.02,Sports,Online,Medium Value,Bronze,206,High,0
CUST102682,Ronald Clark,Male,32,Kanpur,Uttar Pradesh,2021-11-20,2026-06-14,39,8.5,819,21,9168.43,357568.77,357386.78,Sports,Online,High Value,Gold,10,Low,0
CUST102683,Rita Graves,Female,36,Bengaluru,Karnataka,2021-11-02,2025-08-26,38,8.2,342,9,2744.27,104282.26,104305.55,Electronics,Offline,Medium Value,Silver,302,High,0
CUST102684,Sean White,Female,28,Surat,Gujarat,2024-01-22,2026-03-08,20,8.28,80,4,3435.34,68706.8,68687.61,Sports,Online,Medium Value,Silver,108,Medium,0
CUST102685,Mr. William Hopkins,Male,37,Kochi,Kerala,2020-05-17,2026-06-04,89,14.6,1869,21,3176.42,282701.38,282761.82,Fashion,Online,High Value,Gold,20,Low,0
CUST102686,Wendy Kelley,Male,37,Pune,Maharashtra,2021-03-11,2026-01-05,124,23.48,2976,24,5708.72,707881.28,707911.29,Home & Kitchen,Offline,High Value,Platinum,170,Medium,0
CUST102687,Michael Mooney,Male,41,Kochi,Kerala,2020-11-27,2026-03-05,9,1.62,27,3,2409.88,21688.92,21729.89,Sports,Online,Medium Value,Bronze,111,Medium,1
CUST102688,Jeanne Rose,Female,48,Ranchi,Jharkhand,2019-05-01,2026-03-05,22,3.08,242,11,3473.75,76422.5,76424.59,Beauty,Online,Medium Value,Silver,111,Medium,0
CUST102689,Michael Lee,Female,28,Nashik,Maharashtra,2020-02-28,2026-05-05,43,6.81,774,18,2851.13,122598.59,122583.84,Electronics,Online,Medium Value,Silver,50,Low,0
CUST102690,Jennifer Anderson,Female,18,Guwahati,Assam,2021-12-03,2026-03-21,35,7.69,315,9,3491.5,122202.5,122174.11,Sports,Online,Medium Value,Silver,95,Medium,0
CUST102691,Lauren Trujillo,Male,38,Madurai,Tamil Nadu,2022-12-22,2026-03-09,32,9.15,320,10,2537.53,81200.96,81240.56,Grocery,Online,Medium Value,Silver,107,Medium,0
CUST102692,Michelle Ellis,Female,28,Guwahati,Assam,2021-11-16,2026-06-03,103,22.41,1442,14,8620.32,887892.96,888026.07,Sports,Online,High Value,Platinum,21,Low,0
CUST102693,Chad Dominguez,Female,19,Lucknow,Uttar Pradesh,2022-11-29,2026-01-18,20,5.61,340,17,2968.7,59374.0,59322.06,Sports,Offline,Medium Value,Silver,157,Medium,0
CUST102694,Charles Robinson,Male,29,Visakhapatnam,Andhra Pradesh,2019-05-18,2026-06-05,8,1.13,8,1,411.3,3290.4,3298.24,Electronics,Online,Low Value,Bronze,19,Low,1
CUST102695,Nancy Smith,Male,40,Patna,Bihar,2020-11-03,2025-12-30,27,4.79,432,16,5289.56,142818.12,142691.84,Fashion,Offline,Medium Value,Gold,176,Low,0
CUST102696,Laura Gregory,Female,54,Nashik,Maharashtra,2023-03-21,2026-06-10,8,2.46,80,10,3461.7,27693.6,27721.46,Home & Kitchen,Online,Medium Value,Bronze,14,Low,0
CUST102697,Brittany Clements MD,Male,37,Delhi,Delhi,2019-05-10,2026-01-08,8,1.12,16,2,3269.4,26155.2,26065.69,Sports,Offline,Medium Value,Bronze,167,Medium,1
CUST102698,Tammy Davis,Female,36,Patna,Bihar,2022-05-15,2025-09-13,6,1.46,36,6,886.46,5318.76,5311.58,Grocery,Offline,Low Value,Bronze,284,High,1
CUST102699,Catherine Williams,Male,18,Coimbatore,Tamil Nadu,2021-06-14,2025-08-08,1,0.5,7,7,861.21,861.21,2162.16,Electronics,Online,Low Value,Bronze,320,High,1
CUST102700,Miss Leslie Booker,Male,32,Visakhapatnam,Andhra Pradesh,2020-06-25,2025-09-09,40,6.68,960,24,4869.68,194787.2,194865.06,Fashion,Online,Medium Value,Gold,288,High,0
CUST102701,Jennifer Johnson,Male,42,Kochi,Kerala,2021-02-23,2026-05-20,6,1.13,12,2,1602.68,9616.08,9643.94,Beauty,Offline,Low Value,Bronze,35,Low,1
CUST102702,John Watts,Female,25,Coimbatore,Tamil Nadu,2023-05-05,2026-03-20,62,19.8,992,16,8446.32,523671.84,523803.65,Fashion,Offline,High Value,Gold,96,Low,0
CUST102703,Marissa Bennett,Male,66,Kolkata,West Bengal,2019-09-02,2026-04-16,83,12.2,2241,27,8310.73,689790.59,689819.03,Grocery,Online,High Value,Platinum,69,Low,0
CUST102704,Rebecca Barrett,Male,35,Patna,Bihar,2023-02-10,2025-12-07,6,1.78,48,8,765.57,4593.42,4581.56,Home & Kitchen,Online,Low Value,Bronze,199,High,1
CUST102705,Sharon Santos,Male,24,Kolkata,West Bengal,2019-02-22,2025-09-24,4,0.55,28,7,634.97,2539.88,2559.61,Grocery,Online,Low Value,Bronze,273,High,1
CUST102706,Matthew Richardson,Female,41,Nashik,Maharashtra,2021-09-18,2026-06-19,95,19.96,2280,24,6631.75,630016.25,629866.09,Home & Kitchen,Online,High Value,Gold,5,Low,0
CUST102707,Bradley Burns,Female,50,Coimbatore,Tamil Nadu,2019-07-21,2025-12-07,28,4.05,168,6,4636.87,129832.36,129977.08,Sports,Offline,Medium Value,Gold,199,High,0
CUST102708,Katrina Johnson,Male,30,Ahmedabad,Gujarat,2020-05-12,2026-06-11,130,21.27,1300,10,6662.54,866130.2,865986.83,Fashion,Online,High Value,Platinum,13,Low,0
CUST102709,Laura Hill,Male,27,Pune,Maharashtra,2019-06-20,2025-10-28,8,1.14,144,18,363.93,2911.44,2906.72,Electronics,Online,Low Value,Bronze,239,High,1
CUST102710,Rebecca White,Female,54,Nashik,Maharashtra,2022-12-14,2024-10-27,1,0.5,6,6,889.17,889.17,1565.33,Fashion,Offline,Low Value,Bronze,605,High,1
CUST102711,Mr. Jeffrey Duncan,Female,33,Chandigarh,Chandigarh,2020-06-27,2026-06-16,32,5.35,544,17,1260.78,40344.96,40369.47,Grocery,Online,Medium Value,Silver,8,Low,0
CUST102712,Arthur Stout,Male,26,Kolkata,West Bengal,2019-11-13,2026-05-17,18,2.72,234,13,2000.61,36010.98,35949.96,Fashion,Online,Medium Value,Silver,38,Low,0
CUST102713,Cathy Hess,Female,32,Ahmedabad,Gujarat,2023-12-16,2026-02-23,24,9.54,168,7,1015.37,24368.88,24372.38,Fashion,Offline,Medium Value,Bronze,121,Medium,0
CUST102714,Justin Herrera,Female,28,Nashik,Maharashtra,2019-02-26,2026-06-16,89,12.16,3204,36,12749.79,1134731.31,1134606.69,Grocery,Online,High Value,Platinum,8,Low,0
CUST102715,Katherine Stone,Female,34,Indore,Madhya Pradesh,2019-12-16,2026-01-30,22,3.38,22,1,3783.99,83247.78,83339.98,Fashion,Offline,Medium Value,Silver,145,Medium,0
CUST102716,Michelle Tyler,Male,46,Chandigarh,Chandigarh,2024-04-16,2025-07-19,7,3.21,42,6,5794.29,40560.03,40585.73,Electronics,Offline,Medium Value,Silver,340,High,0
CUST102717,Paul Sheppard,Female,18,Chandigarh,Chandigarh,2022-12-20,2026-06-04,8,2.28,8,1,1367.11,10936.88,10923.41,Sports,Online,Low Value,Bronze,20,Low,0
CUST102718,Catherine George,Female,44,Jaipur,Rajasthan,2021-10-10,2026-03-11,5,1.06,45,9,731.66,3658.3,3643.7,Fashion,Online,Low Value,Bronze,105,Medium,1
CUST102719,Justin Mcbride,Male,48,Nashik,Maharashtra,2022-06-07,2026-04-21,85,21.03,1020,12,11907.13,1012106.05,1011911.43,Beauty,Online,High Value,Platinum,64,Low,0
CUST102720,Carl Harris,Male,32,Guwahati,Assam,2021-04-07,2026-05-06,2,0.5,8,4,2125.38,4250.76,5533.84,Electronics,Offline,Low Value,Bronze,49,Low,1
CUST102721,Justin York,Male,27,Kochi,Kerala,2023-06-04,2025-03-30,14,4.59,70,5,1170.37,16385.18,16384.41,Home & Kitchen,Offline,Medium Value,Bronze,451,High,0
CUST102722,William Hunter,Male,36,Pune,Maharashtra,2024-05-22,2024-08-08,7,3.36,63,9,1499.52,10496.64,10497.5,Beauty,Online,Low Value,Bronze,685,High,0
CUST102723,Joshua Henderson,Female,66,Lucknow,Uttar Pradesh,2019-08-09,2025-12-04,15,2.18,135,9,1335.33,20029.95,19996.57,Sports,Online,Medium Value,Bronze,202,High,0
CUST102724,April Turner,Female,33,Vadodara,Gujarat,2023-03-04,2026-03-03,36,10.9,180,5,3201.66,115259.76,115228.2,Sports,Online,Medium Value,Silver,113,Medium,0
CUST102725,Kelly Patton,Male,25,Coimbatore,Tamil Nadu,2024-03-05,2026-05-28,54,23.51,594,11,1694.23,91488.42,91494.87,Grocery,Online,Medium Value,Silver,27,Low,0
CUST102726,Jill Ray,Female,26,Nagpur,Maharashtra,2019-12-06,2026-05-03,127,19.41,3683,29,2079.77,264130.79,264148.73,Beauty,Online,High Value,Gold,52,Low,0
CUST102727,Kelly Andersen,Female,18,Ahmedabad,Gujarat,2019-04-17,2026-05-08,18,2.51,432,24,4189.19,75405.42,75511.28,Home & Kitchen,Online,Medium Value,Silver,47,Low,0
CUST102728,Joshua Clark,Female,32,Visakhapatnam,Andhra Pradesh,2019-03-15,2025-10-01,9,1.24,144,16,1284.57,11561.13,11582.9,Home & Kitchen,Online,Low Value,Bronze,266,High,1
CUST102729,Robert Young,Male,30,Ahmedabad,Gujarat,2019-01-31,2026-04-11,47,6.36,329,7,5130.92,241153.24,241137.65,Sports,Online,High Value,Gold,74,Low,0
CUST102730,Elijah Wall,Male,27,Mumbai,Maharashtra,2022-10-06,2025-11-11,8,2.16,40,5,1701.96,13615.68,13638.05,Grocery,Online,Low Value,Bronze,225,High,0
CUST102731,Lindsey Robinson,Male,46,Visakhapatnam,Andhra Pradesh,2023-08-14,2026-03-29,15,5.25,345,23,4061.59,60923.85,60890.49,Electronics,Online,Medium Value,Silver,87,Low,0
CUST102732,Carl Dean,Male,37,Bengaluru,Karnataka,2019-06-30,2025-06-29,95,13.61,1615,17,7787.6,739822.0,739675.74,Fashion,Online,High Value,Platinum,360,High,0
CUST102733,David James,Other,38,Vadodara,Gujarat,2020-01-13,2025-05-22,1,0.5,1,1,612.45,612.45,1971.91,Fashion,Offline,Low Value,Bronze,398,High,1
CUST102734,Jennifer Miller,Male,37,Kolkata,West Bengal,2019-02-10,2026-05-06,11,1.49,176,16,1220.04,13420.44,13383.23,Home & Kitchen,Online,Low Value,Bronze,49,Low,1
CUST102735,Jeffery Neal,Other,41,Kanpur,Uttar Pradesh,2019-01-30,2024-08-27,8,1.08,48,6,2618.34,20946.72,20903.71,Fashion,Online,Medium Value,Bronze,666,High,1
CUST102736,Andrea Oconnor,Female,34,Hyderabad,Telangana,2024-04-11,2025-02-15,1,0.5,5,5,997.41,997.41,1095.03,Fashion,Online,Low Value,Bronze,494,High,1
CUST102737,Melissa Lee MD,Female,31,Kolkata,West Bengal,2021-04-06,2026-05-12,31,5.95,31,1,6240.75,193463.25,193464.96,Beauty,Online,Medium Value,Gold,43,Low,0
CUST102738,Samantha Jacobs,Female,38,Ahmedabad,Gujarat,2020-10-14,2026-04-08,1,0.5,5,5,897.54,897.54,2551.94,Fashion,Online,Low Value,Bronze,77,Low,1
CUST102739,Christian Riddle,Female,24,Visakhapatnam,Andhra Pradesh,2022-05-16,2026-06-03,66,16.09,1254,19,13040.06,860643.96,860512.58,Grocery,Online,High Value,Platinum,21,Low,0
CUST102740,Alexander Munoz,Male,44,Chennai,Tamil Nadu,2022-11-30,2026-02-11,32,8.99,384,12,4535.07,145122.24,145109.82,Electronics,Online,Medium Value,Gold,133,Low,0
CUST102741,Caleb Rodriguez,Male,40,Bhopal,Madhya Pradesh,2024-02-27,2024-12-06,32,13.82,192,6,1596.4,51084.8,51101.06,Electronics,Online,Medium Value,Silver,565,High,0
CUST102742,Andrea Bowman,Female,45,Nagpur,Maharashtra,2019-10-01,2026-05-28,87,12.94,1566,18,10588.83,921228.21,921340.98,Grocery,Offline,High Value,Platinum,27,Low,0
CUST102743,Gavin Nelson,Male,19,Chennai,Tamil Nadu,2022-04-08,2025-10-05,28,6.66,616,22,14664.63,410609.64,410720.45,Fashion,Online,High Value,Gold,262,High,0
CUST102744,Courtney Smith,Male,61,Visakhapatnam,Andhra Pradesh,2019-08-02,2026-05-30,25,3.63,200,8,4778.55,119463.75,119487.69,Fashion,Online,Medium Value,Silver,25,Low,0
CUST102745,Wayne Gray,Male,42,Ranchi,Jharkhand,2021-10-20,2025-06-08,9,1.93,99,11,708.76,6378.84,6389.18,Beauty,Offline,Low Value,Bronze,381,High,1
CUST102746,Timothy Thompson,Male,42,Lucknow,Uttar Pradesh,2021-08-22,2026-06-09,32,6.62,96,3,200.0,6400.0,6397.97,Sports,Online,Low Value,Bronze,15,Low,0
CUST102747,Elizabeth Nicholson,Male,58,Chennai,Tamil Nadu,2019-02-19,2026-06-01,73,9.95,1387,19,6383.89,466023.97,466072.03,Grocery,Offline,High Value,Gold,23,Low,0
CUST102748,Joseph Graves PhD,Male,18,Kanpur,Uttar Pradesh,2023-02-26,2026-05-31,1,0.5,7,7,1475.98,1475.98,2448.85,Sports,Online,Low Value,Bronze,24,Low,1
CUST102749,Lisa Mosley,Female,39,Visakhapatnam,Andhra Pradesh,2024-02-15,2026-02-08,25,10.64,250,10,4286.6,107165.0,107140.0,Fashion,Online,Medium Value,Silver,136,Medium,0
CUST102750,Travis Price,Male,37,Kochi,Kerala,2021-09-15,2025-11-15,16,3.36,384,24,4277.77,68444.32,68511.78,Beauty,Online,Medium Value,Silver,221,High,0
CUST102751,Patrick Faulkner,Male,23,Lucknow,Uttar Pradesh,2023-09-09,2026-04-09,14,5.03,210,15,3558.14,49813.96,49833.54,Electronics,Online,Medium Value,Silver,76,Low,0
CUST102752,Linda Atkinson,Male,41,Visakhapatnam,Andhra Pradesh,2019-08-28,2025-05-25,31,4.55,124,4,806.84,25012.04,25026.95,Fashion,Online,Medium Value,Bronze,395,High,0
CUST102753,Cameron Smith,Male,44,Jaipur,Rajasthan,2019-03-31,2025-12-19,15,2.08,345,23,4743.48,71152.2,71313.89,Sports,Online,Medium Value,Silver,187,High,0
CUST102754,Brittney Martinez,Male,18,Chandigarh,Chandigarh,2024-03-09,2026-05-30,5,2.19,35,7,732.49,3662.45,3667.26,Fashion,Offline,Low Value,Bronze,25,Low,0
CUST102755,Nicolas Brown,Female,53,Kanpur,Uttar Pradesh,2023-01-09,2025-12-22,17,4.93,68,4,3430.15,58312.55,58336.5,Home & Kitchen,Offline,Medium Value,Silver,184,High,0
CUST102756,Vanessa Zimmerman,Male,37,Chennai,Tamil Nadu,2023-02-14,2025-11-05,7,2.09,105,15,3252.81,22769.67,22782.23,Beauty,Offline,Medium Value,Bronze,231,High,0
CUST102757,Lee Mann,Female,40,Jaipur,Rajasthan,2022-06-10,2024-09-10,7,1.74,56,8,695.87,4871.09,4883.04,Sports,Offline,Low Value,Bronze,652,High,1
CUST102758,William Lindsey,Male,33,Ahmedabad,Gujarat,2022-07-30,2026-05-23,3,0.77,15,5,1001.34,3004.02,3003.91,Home & Kitchen,Online,Low Value,Bronze,32,Low,1
CUST102759,Desiree Patterson,Female,41,Indore,Madhya Pradesh,2022-11-09,2026-06-01,49,13.55,882,18,10276.98,503572.02,503636.73,Fashion,Online,High Value,Gold,23,Low,0
CUST102760,Sierra Cervantes,Female,18,Mumbai,Maharashtra,2020-08-26,2026-06-13,35,6.01,385,11,6209.16,217320.6,217210.27,Grocery,Online,Medium Value,Gold,11,Low,0
CUST102761,Scott Meza,Male,19,Patna,Bihar,2023-12-20,2026-06-14,48,19.16,960,20,3195.81,153398.88,153393.63,Sports,Online,Medium Value,Gold,10,Low,0
CUST102762,Erik Davis,Male,28,Bhopal,Madhya Pradesh,2020-04-25,2026-05-04,28,4.55,308,11,686.41,19219.48,19230.66,Home & Kitchen,Online,Medium Value,Bronze,51,Low,0
CUST102763,Nicholas Duffy,Female,63,Patna,Bihar,2023-10-09,2025-09-05,36,13.32,396,11,2148.74,77354.64,77341.93,Beauty,Online,Medium Value,Silver,292,High,0
CUST102764,Anthony Paul,Female,47,Bengaluru,Karnataka,2020-11-21,2026-05-05,85,15.23,1955,23,7094.63,603043.55,603193.5,Fashion,Offline,High Value,Gold,50,Low,0
CUST102765,Katherine Baxter,Female,29,Visakhapatnam,Andhra Pradesh,2022-08-27,2025-11-16,10,2.62,80,8,1732.51,17325.1,17336.48,Beauty,Offline,Medium Value,Bronze,220,High,0
CUST102766,Jessica Romero,Female,52,Nashik,Maharashtra,2022-01-31,2026-01-18,25,5.7,650,26,3747.33,93683.25,93743.27,Home & Kitchen,Online,Medium Value,Silver,157,Medium,0
CUST102767,Karen Robertson,Female,36,Chennai,Tamil Nadu,2020-03-30,2025-08-01,12,1.93,216,18,3402.48,40829.76,40901.95,Sports,Online,Medium Value,Silver,327,High,1
CUST102768,Dr. Melissa Sullivan DDS,Female,44,Bhopal,Madhya Pradesh,2021-11-22,2026-01-20,17,3.71,323,19,2469.08,41974.36,41958.0,Beauty,Online,Medium Value,Silver,155,Medium,0
CUST102769,Nichole Klein,Male,22,Ranchi,Jharkhand,2019-07-12,2026-02-06,5,0.72,20,4,3302.85,16514.25,16517.78,Grocery,Online,Medium Value,Bronze,138,Medium,1
CUST102770,Nicole Sanchez,Female,51,Guwahati,Assam,2021-11-27,2026-05-14,97,21.24,3104,32,14618.58,1418002.26,1417965.04,Beauty,Offline,High Value,Platinum,41,Low,0
CUST102771,Tiffany Morrow,Female,25,Ahmedabad,Gujarat,2019-06-15,2025-03-02,19,2.71,152,8,1987.48,37762.12,37809.41,Home & Kitchen,Offline,Medium Value,Silver,479,High,0
CUST102772,Kelsey Lynch,Male,61,Nagpur,Maharashtra,2022-07-04,2025-09-04,9,2.27,81,9,1248.24,11234.16,11240.93,Grocery,Offline,Low Value,Bronze,293,High,0
CUST102773,Traci Craig,Female,23,Jaipur,Rajasthan,2021-05-19,2026-01-31,24,4.71,504,21,2814.32,67543.68,67502.07,Fashion,Offline,Medium Value,Silver,144,Medium,0
CUST102774,Kelly Walker,Female,38,Surat,Gujarat,2021-12-24,2026-03-08,9,2.0,126,14,3067.51,27607.59,27563.5,Electronics,Offline,Medium Value,Bronze,108,Medium,0
CUST102775,Ryan Palmer,Female,38,Mumbai,Maharashtra,2022-06-10,2026-05-22,20,4.96,220,11,3359.04,67180.8,67190.73,Electronics,Offline,Medium Value,Silver,33,Low,0
CUST102776,Jenny Gray,Male,30,Bengaluru,Karnataka,2020-04-17,2026-06-05,65,10.52,2080,32,6443.32,418815.8,418857.96,Sports,Online,High Value,Gold,19,Low,0
CUST102777,Brian Sloan,Male,28,Surat,Gujarat,2019-03-22,2026-06-14,82,11.31,2460,30,10071.23,825840.86,826108.05,Fashion,Offline,High Value,Platinum,10,Low,0
CUST102778,Joshua Miranda,Male,24,Guwahati,Assam,2023-12-01,2026-03-04,14,5.47,238,17,5298.4,74177.6,74112.03,Electronics,Offline,Medium Value,Silver,112,Medium,0
CUST102779,Edwin Carter,Female,26,Chennai,Tamil Nadu,2021-06-08,2026-05-08,18,3.57,144,8,3863.16,69536.88,69476.59,Home & Kitchen,Online,Medium Value,Silver,47,Low,0
CUST102780,Oscar Carroll,Male,33,Kochi,Kerala,2024-01-16,2026-06-08,142,58.41,3692,26,3609.35,512527.7,512553.2,Beauty,Online,High Value,Gold,16,Low,0
CUST102781,Eric Fitzpatrick,Male,39,Kochi,Kerala,2020-02-10,2026-05-14,5,0.79,25,5,1431.28,7156.4,7194.45,Home & Kitchen,Offline,Low Value,Bronze,41,Low,1
CUST102782,Samantha Johnson,Male,45,Surat,Gujarat,2023-06-02,2025-05-02,1,0.5,7,7,384.98,384.98,588.14,Home & Kitchen,Offline,Low Value,Bronze,418,High,1
CUST102783,Luke Freeman,Female,45,Bengaluru,Karnataka,2020-01-22,2024-11-30,10,1.56,90,9,1761.67,17616.7,17629.14,Grocery,Offline,Medium Value,Bronze,571,High,1
CUST102784,Luis Murphy,Male,45,Indore,Madhya Pradesh,2019-04-15,2025-06-25,4,0.56,20,5,1752.23,7008.92,7052.1,Home & Kitchen,Offline,Low Value,Bronze,364,High,1
CUST102785,Aaron Zamora,Female,37,Coimbatore,Tamil Nadu,2022-05-30,2026-02-28,7,1.72,35,5,3386.75,23707.25,23667.66,Fashion,Online,Medium Value,Bronze,116,Medium,1
CUST102786,Henry Garcia,Male,54,Lucknow,Uttar Pradesh,2022-03-14,2025-09-06,8,1.87,32,4,200.0,1600.0,1598.4,Beauty,Online,Low Value,Bronze,291,High,1
CUST102787,Bradley Robertson Jr.,Female,26,Surat,Gujarat,2021-06-06,2026-05-25,106,21.02,2968,28,8369.71,887189.26,887242.88,Electronics,Online,High Value,Platinum,30,Low,0
CUST102788,John Moore,Female,45,Nagpur,Maharashtra,2020-03-29,2026-01-10,9,1.44,45,5,928.86,8359.74,8334.79,Home & Kitchen,Online,Low Value,Bronze,165,Medium,1
CUST102789,Courtney Foster,Male,19,Guwahati,Assam,2022-08-16,2025-04-12,7,1.82,84,12,1899.15,13294.05,13305.33,Beauty,Offline,Low Value,Bronze,438,High,1
CUST102790,Jeffrey White,Female,24,Delhi,Delhi,2022-06-14,2026-04-27,22,5.47,198,9,1289.26,28363.72,28363.47,Home & Kitchen,Offline,Medium Value,Bronze,58,Low,0
CUST102791,Ashley Gonzales,Male,47,Bengaluru,Karnataka,2024-04-20,2026-05-09,5,2.3,35,7,1851.21,9256.05,9244.14,Fashion,Offline,Low Value,Bronze,46,Low,0
CUST102792,Candice Gomez,Female,20,Bengaluru,Karnataka,2023-12-13,2025-12-11,17,6.73,187,11,3850.94,65465.98,65421.8,Electronics,Online,Medium Value,Silver,195,High,0
CUST102793,Ian Harrell,Male,50,Bhopal,Madhya Pradesh,2020-03-12,2026-01-21,21,3.35,294,14,3482.61,73134.81,73242.55,Beauty,Offline,Medium Value,Silver,154,Medium,0
CUST102794,Colton Williams,Male,42,Chennai,Tamil Nadu,2021-02-24,2026-05-09,26,4.89,156,6,3119.32,81102.32,81184.82,Fashion,Offline,Medium Value,Silver,46,Low,0
CUST102795,Patrick Santana,Male,40,Ahmedabad,Gujarat,2020-06-15,2024-10-07,29,4.82,435,15,699.86,20295.94,20299.98,Beauty,Online,Medium Value,Bronze,625,High,0
CUST102796,Cristian Mendoza,Male,61,Pune,Maharashtra,2021-07-26,2026-01-12,101,20.59,2121,21,12000.8,1212080.8,1212311.78,Sports,Online,High Value,Platinum,163,Medium,0
CUST102797,Deborah Fisher,Male,26,Bengaluru,Karnataka,2021-01-16,2026-06-06,20,3.68,140,7,2724.74,54494.8,54438.4,Fashion,Offline,Medium Value,Silver,18,Low,0
CUST102798,Rebecca Klein,Female,49,Visakhapatnam,Andhra Pradesh,2021-08-20,2025-10-28,2,0.5,14,7,2549.88,5099.76,6167.88,Grocery,Offline,Low Value,Bronze,239,High,1
CUST102799,Phillip Macias,Female,55,Coimbatore,Tamil Nadu,2020-07-08,2026-04-30,76,12.76,1748,23,5223.25,396967.0,396881.2,Sports,Offline,High Value,Gold,55,Low,0
CUST102800,Tammy Cameron,Male,42,Mumbai,Maharashtra,2023-09-27,2026-02-27,4,1.46,24,6,2833.07,11332.28,11313.2,Sports,Offline,Low Value,Bronze,117,Medium,1
CUST102801,Brian Rodriguez,Male,31,Chennai,Tamil Nadu,2021-01-20,2026-02-01,2,0.5,8,4,2203.94,4407.88,5970.7,Beauty,Offline,Low Value,Bronze,143,Medium,1
CUST102802,Christopher Porter,Female,39,Lucknow,Uttar Pradesh,2021-05-15,2025-09-27,9,1.76,36,4,1338.02,12042.18,12017.97,Grocery,Online,Low Value,Bronze,270,High,1
CUST102803,Cynthia Gregory,Female,44,Coimbatore,Tamil Nadu,2021-12-19,2023-12-08,4,0.89,24,6,679.84,2719.36,2726.69,Fashion,Online,Low Value,Bronze,929,High,1
CUST102804,William Mclaughlin,Male,18,Bhopal,Madhya Pradesh,2020-07-01,2026-03-22,19,3.18,247,13,4115.53,78195.07,78183.91,Electronics,Offline,Medium Value,Silver,94,Medium,0
CUST102805,Dylan Tucker,Female,28,Nashik,Maharashtra,2022-07-08,2026-05-05,4,1.01,4,1,615.0,2460.0,2457.39,Grocery,Online,Low Value,Bronze,50,Low,1
CUST102806,Danielle Hernandez,Female,38,Nagpur,Maharashtra,2022-11-21,2026-04-27,8,2.23,32,4,313.99,2511.92,2509.4,Fashion,Online,Low Value,Bronze,58,Low,0
CUST102807,Danielle Wang,Male,53,Patna,Bihar,2019-01-22,2026-06-17,79,10.66,1343,17,7847.8,619976.2,620245.42,Electronics,Online,High Value,Gold,7,Low,0
CUST102808,Wendy Wright,Male,18,Patna,Bihar,2021-01-19,2025-06-04,21,3.87,420,20,5036.87,105774.27,105668.77,Sports,Online,Medium Value,Silver,385,High,0
CUST102809,Christina Mccarthy,Male,53,Jaipur,Rajasthan,2021-06-04,2026-05-03,3,0.59,18,6,1399.84,4199.52,4169.66,Sports,Offline,Low Value,Bronze,52,Low,1
CUST102810,Meredith Shaw,Male,36,Nashik,Maharashtra,2021-05-16,2026-04-11,5,0.98,55,11,3242.03,16210.15,16205.62,Home & Kitchen,Online,Medium Value,Bronze,74,Low,1
CUST102811,Willie Garza,Female,35,Bengaluru,Karnataka,2023-06-15,2026-05-11,18,5.96,396,22,3297.43,59353.74,59348.14,Grocery,Offline,Medium Value,Silver,44,Low,0
CUST102812,Crystal Anderson,Female,29,Kolkata,West Bengal,2023-08-15,2025-02-12,29,10.17,377,13,553.69,16057.01,16064.42,Electronics,Offline,Medium Value,Bronze,497,High,0
CUST102813,William Hickman,Female,49,Patna,Bihar,2020-08-26,2026-06-01,76,13.06,2356,31,7937.74,603268.24,603410.8,Fashion,Online,High Value,Gold,23,Low,0
CUST102814,Luis Davis,Male,43,Ahmedabad,Gujarat,2022-07-04,2026-04-28,16,4.03,320,20,4687.33,74997.28,74939.15,Grocery,Offline,Medium Value,Silver,57,Low,0
CUST102815,Jason Torres,Male,42,Ahmedabad,Gujarat,2023-02-05,2025-09-04,1,0.5,5,5,1857.03,1857.03,3134.45,Fashion,Online,Low Value,Bronze,293,High,1
CUST102816,Crystal Rogers,Female,33,Ahmedabad,Gujarat,2023-06-19,2025-03-20,16,5.32,160,10,1485.11,23761.76,23772.66,Fashion,Online,Medium Value,Bronze,461,High,0
CUST102817,Jordan Schneider,Male,45,Indore,Madhya Pradesh,2020-09-26,2026-06-10,112,19.53,1680,15,12747.28,1427695.36,1427951.88,Beauty,Online,High Value,Platinum,14,Low,0
CUST102818,Derrick Ramirez,Female,24,Ahmedabad,Gujarat,2019-02-12,2026-05-29,50,6.8,900,18,4462.44,223122.0,223233.18,Sports,Offline,Medium Value,Gold,26,Low,0
CUST102819,Jason Flores,Male,58,Madurai,Tamil Nadu,2021-08-20,2026-03-05,30,6.2,330,11,5937.81,178134.3,178100.16,Electronics,Online,Medium Value,Gold,111,Low,0
CUST102820,Andrew Williams,Male,33,Visakhapatnam,Andhra Pradesh,2021-11-19,2026-01-05,3,0.65,15,5,822.29,2466.87,2452.57,Electronics,Offline,Low Value,Bronze,170,Medium,1
CUST102821,Christy Kennedy,Female,31,Surat,Gujarat,2023-03-04,2026-06-11,36,10.9,468,13,6718.17,241854.12,241787.9,Sports,Offline,High Value,Gold,13,Low,0
CUST102822,Ashlee Lopez,Male,28,Kochi,Kerala,2019-01-17,2025-02-10,7,0.94,49,7,3280.38,22962.66,22904.01,Fashion,Offline,Medium Value,Bronze,499,High,1
CUST102823,Heidi Torres,Male,48,Visakhapatnam,Andhra Pradesh,2024-04-25,2026-06-17,12,5.56,60,5,1920.49,23045.88,23036.84,Beauty,Offline,Medium Value,Bronze,7,Low,0
CUST102824,Adam Arnold,Male,48,Nagpur,Maharashtra,2020-04-30,2025-09-14,62,10.09,124,2,1885.75,116916.5,116898.22,Grocery,Online,Medium Value,Silver,283,High,0
CUST102825,Erin Figueroa,Male,32,Guwahati,Assam,2023-11-15,2025-10-15,20,7.69,100,5,1556.3,31126.0,31128.13,Beauty,Online,Medium Value,Bronze,252,High,0
CUST102826,Richard Rice,Male,22,Madurai,Tamil Nadu,2022-09-20,2026-01-31,7,1.86,56,8,3634.48,25441.36,25374.79,Fashion,Online,Medium Value,Bronze,144,Medium,1
CUST102827,Matthew Clark,Male,42,Mumbai,Maharashtra,2023-09-03,2026-05-14,68,24.28,1360,20,10540.19,716732.92,716774.47,Electronics,Online,High Value,Platinum,41,Low,0
CUST102828,Stephen Anderson,Female,50,Kolkata,West Bengal,2023-08-12,2025-11-30,9,3.15,54,6,5575.98,50183.82,50252.52,Fashion,Online,Medium Value,Silver,206,High,0
CUST102829,Barbara Willis,Female,30,Delhi,Delhi,2023-01-06,2026-06-04,72,20.82,3024,42,9123.24,656873.28,656814.83,Home & Kitchen,Offline,High Value,Gold,20,Low,0
CUST102830,Martha Lee,Male,53,Madurai,Tamil Nadu,2019-11-12,2026-06-03,13,1.97,195,15,2276.56,29595.28,29640.97,Electronics,Online,Medium Value,Bronze,21,Low,1
CUST102831,Tammy Jones,Female,41,Surat,Gujarat,2022-07-26,2026-06-17,31,7.93,310,10,4735.13,146789.03,146702.95,Home & Kitchen,Offline,Medium Value,Gold,7,Low,0
CUST102832,Grace Swanson,Female,18,Ahmedabad,Gujarat,2024-01-28,2026-04-06,30,12.51,690,23,6711.11,201333.3,201356.45,Grocery,Offline,Medium Value,Gold,79,Low,0
CUST102833,Christina Le MD,Male,35,Jaipur,Rajasthan,2021-05-07,2026-05-30,46,8.98,552,12,3567.63,164110.98,164199.47,Beauty,Online,Medium Value,Gold,25,Low,0
CUST102834,Joshua King,Male,19,Mumbai,Maharashtra,2021-07-11,2026-03-06,9,1.82,99,11,775.07,6975.63,6978.79,Sports,Online,Low Value,Bronze,110,Medium,1
CUST102835,Sarah Meadows,Female,42,Vadodara,Gujarat,2020-01-25,2026-05-17,11,1.72,22,2,200.0,2200.0,2203.86,Electronics,Online,Low Value,Bronze,38,Low,1
CUST102836,Stephanie West,Male,27,Nashik,Maharashtra,2022-02-20,2026-06-15,5,1.15,20,4,1149.1,5745.5,5727.25,Sports,Offline,Low Value,Bronze,9,Low,1
CUST102837,Susan Jones,Female,32,Bengaluru,Karnataka,2022-12-12,2026-04-29,113,32.04,3051,27,17181.12,1941466.56,1941197.02,Fashion,Online,High Value,Platinum,56,Low,0
CUST102838,Timothy Gordon,Female,18,Hyderabad,Telangana,2021-11-01,2026-04-22,4,0.86,4,1,523.79,2095.16,2089.19,Sports,Online,Low Value,Bronze,63,Low,1
CUST102839,Kyle Horton,Male,43,Indore,Madhya Pradesh,2020-04-06,2026-04-16,26,4.19,338,13,3478.02,90428.52,90489.65,Grocery,Online,Medium Value,Silver,69,Low,0
CUST102840,Angel Knight,Female,37,Surat,Gujarat,2022-03-01,2026-06-03,24,5.57,192,8,3377.25,81054.0,81064.91,Grocery,Online,Medium Value,Silver,21,Low,0
CUST102841,Melissa Yang,Female,45,Ahmedabad,Gujarat,2020-08-30,2024-07-14,14,2.41,154,11,1005.69,14079.66,14081.09,Electronics,Online,Low Value,Bronze,710,High,0
CUST102842,Michael Berg,Female,38,Ranchi,Jharkhand,2022-04-28,2025-11-27,5,1.2,35,7,231.75,1158.75,1154.28,Fashion,Offline,Low Value,Bronze,209,High,1
CUST102843,Carol Christensen,Male,48,Chandigarh,Chandigarh,2022-01-28,2026-02-05,1,0.5,7,7,200.0,200.0,439.7,Grocery,Offline,Low Value,Bronze,139,Medium,1
CUST102844,Richard Morales,Female,34,Bhopal,Madhya Pradesh,2020-09-05,2025-01-12,28,4.83,196,7,1454.71,40731.88,40705.12,Grocery,Online,Medium Value,Silver,528,High,0
CUST102845,Clinton Moore,Female,50,Guwahati,Assam,2022-04-03,2025-05-13,22,5.21,220,10,5358.29,117882.38,117781.3,Grocery,Online,Medium Value,Silver,407,High,0
CUST102846,Michael Suarez,Male,39,Chennai,Tamil Nadu,2019-03-17,2026-06-11,17,2.34,153,9,1415.31,24060.27,24064.57,Fashion,Offline,Medium Value,Bronze,13,Low,0
CUST102847,Joy Zimmerman,Male,18,Patna,Bihar,2020-02-19,2025-12-08,19,3.0,228,12,5644.1,107237.9,107319.03,Sports,Online,Medium Value,Silver,198,High,0
CUST102848,Elizabeth Robinson,Female,53,Indore,Madhya Pradesh,2020-11-06,2026-01-24,5,0.89,95,19,4583.42,22917.1,22939.81,Beauty,Online,Medium Value,Bronze,151,Medium,1
CUST102849,Kristen Jackson,Female,32,Nagpur,Maharashtra,2019-04-05,2026-04-02,14,1.94,112,8,4910.92,68752.88,68731.37,Grocery,Online,Medium Value,Silver,83,Low,1
CUST102850,David Williams,Male,28,Bhopal,Madhya Pradesh,2021-01-08,2026-04-01,11,2.02,176,16,5217.26,57389.86,57448.0,Fashion,Online,Medium Value,Silver,84,Low,0
CUST102851,Stephen Ho,Female,40,Ranchi,Jharkhand,2021-07-05,2026-04-06,39,7.86,429,11,3731.5,145528.5,145583.97,Sports,Online,Medium Value,Gold,79,Low,0
CUST102852,Richard Day,Male,30,Chennai,Tamil Nadu,2019-09-01,2026-03-30,45,6.61,1485,33,9047.18,407123.1,407029.22,Fashion,Online,High Value,Gold,86,Low,0
CUST102853,Rodney Nichols,Male,40,Bhopal,Madhya Pradesh,2024-01-04,2025-10-17,8,3.25,64,8,1988.32,15906.56,15922.89,Fashion,Online,Medium Value,Bronze,250,High,0
CUST102854,Gregory Jacobs,Female,26,Bhopal,Madhya Pradesh,2023-12-10,2026-02-11,66,26.06,990,15,12964.89,855682.74,855647.24,Beauty,Online,High Value,Platinum,133,Medium,0
CUST102855,Bradley Thornton,Male,18,Madurai,Tamil Nadu,2019-12-24,2026-05-23,25,3.85,275,11,2700.2,67505.0,67512.02,Grocery,Online,Medium Value,Silver,32,Low,0
CUST102856,Miranda Ortiz,Female,46,Ahmedabad,Gujarat,2022-06-29,2024-08-26,35,8.79,315,9,4379.46,153281.1,153244.05,Home & Kitchen,Online,Medium Value,Gold,667,High,0
CUST102857,Erika Brown,Female,42,Coimbatore,Tamil Nadu,2023-05-07,2026-05-25,105,33.58,3570,34,9058.8,951174.0,951102.32,Home & Kitchen,Online,High Value,Platinum,30,Low,0
CUST102858,Samantha Robinson,Other,26,Patna,Bihar,2021-10-17,2026-05-17,120,25.65,3360,28,9952.08,1194249.6,1194409.0,Sports,Offline,High Value,Platinum,38,Low,0
CUST102859,Cassandra Bonilla,Female,49,Ranchi,Jharkhand,2020-08-01,2026-06-15,100,16.98,2200,22,9508.4,950840.0,950813.45,Home & Kitchen,Online,High Value,Platinum,9,Low,0
CUST102860,Veronica Osborne,Female,26,Chennai,Tamil Nadu,2022-11-28,2026-03-15,7,1.96,49,7,1254.03,8778.21,8761.63,Beauty,Offline,Low Value,Bronze,101,Medium,1
CUST102861,Ashley Reese,Male,28,Mumbai,Maharashtra,2019-11-17,2026-02-15,21,3.18,252,12,3270.18,68673.78,68587.56,Sports,Online,Medium Value,Silver,129,Medium,0
CUST102862,Matthew Berg,Female,18,Visakhapatnam,Andhra Pradesh,2022-09-09,2024-10-18,4,1.06,24,6,1725.4,6901.6,6920.12,Fashion,Offline,Low Value,Bronze,614,High,1
CUST102863,Kristen Montoya,Female,39,Coimbatore,Tamil Nadu,2021-05-26,2026-01-17,12,2.37,144,12,1470.5,17646.0,17680.66,Grocery,Offline,Medium Value,Bronze,158,Medium,0
CUST102864,Derrick Perkins,Male,46,Lucknow,Uttar Pradesh,2019-06-06,2025-06-23,29,4.12,377,13,1409.06,40862.74,40895.57,Beauty,Online,Medium Value,Silver,366,High,0
CUST102865,Nicole Moore,Female,47,Surat,Gujarat,2022-02-12,2025-12-15,44,10.1,572,13,5626.84,247580.96,247551.69,Beauty,Online,High Value,Gold,191,High,0
CUST102866,Nicholas Richardson,Female,56,Mumbai,Maharashtra,2021-08-12,2026-05-14,26,5.35,494,19,3881.24,100912.24,100909.58,Home & Kitchen,Online,Medium Value,Silver,41,Low,0
CUST102867,Anna White,Female,18,Delhi,Delhi,2024-03-23,2025-04-12,1,0.5,8,8,2411.84,2411.84,2710.64,Beauty,Online,Low Value,Bronze,438,High,1
CUST102868,Scott Lopez,Male,32,Bhopal,Madhya Pradesh,2021-07-19,2026-01-12,24,4.87,192,8,5548.34,133160.16,133086.18,Fashion,Online,Medium Value,Gold,163,Low,0
CUST102869,Nicholas Holland Jr.,Female,32,Kochi,Kerala,2024-02-29,2026-06-03,15,6.49,150,10,1798.0,26970.0,26964.14,Home & Kitchen,Online,Medium Value,Bronze,21,Low,0
CUST102870,Christopher Long,Female,47,Ranchi,Jharkhand,2023-02-11,2025-11-17,10,2.98,20,2,286.53,2865.3,2868.41,Grocery,Offline,Low Value,Bronze,219,High,0
CUST102871,Andrea Jones,Female,42,Chennai,Tamil Nadu,2020-07-28,2026-03-29,7,1.19,42,6,873.4,6113.8,6132.21,Electronics,Online,Low Value,Bronze,87,Low,1
CUST102872,Terry Waller,Other,18,Bhopal,Madhya Pradesh,2020-02-10,2026-05-14,5,0.79,10,2,200.0,1000.0,1005.32,Fashion,Online,Low Value,Bronze,41,Low,1
CUST102873,Joseph Acosta,Male,26,Nashik,Maharashtra,2023-10-15,2026-04-24,37,13.78,259,7,1930.28,71420.36,71441.13,Fashion,Online,Medium Value,Silver,61,Low,0
CUST102874,Lindsey Gray,Male,36,Indore,Madhya Pradesh,2019-11-23,2026-03-26,4,0.61,28,7,2400.12,9600.48,9632.22,Sports,Offline,Low Value,Bronze,90,Low,1
CUST102875,Ronald Hines,Male,35,Vadodara,Gujarat,2022-03-07,2025-08-30,34,7.92,442,13,3443.38,117074.92,117075.49,Beauty,Online,Medium Value,Silver,298,High,0
CUST102876,Amanda Wright,Female,24,Ranchi,Jharkhand,2020-11-14,2025-12-09,17,3.03,323,19,2942.61,50024.37,49944.85,Fashion,Online,Medium Value,Silver,197,High,0
CUST102877,Charles Burton,Male,18,Visakhapatnam,Andhra Pradesh,2020-11-05,2025-06-27,29,5.15,319,11,1196.26,34691.54,34662.06,Fashion,Online,Medium Value,Silver,362,High,0
CUST102878,Vincent Rosario,Male,55,Vadodara,Gujarat,2021-10-27,2026-03-17,25,5.37,175,7,3460.14,86503.5,86431.31,Home & Kitchen,Offline,Medium Value,Silver,99,Medium,0
CUST102879,Noah Morgan,Male,31,Nashik,Maharashtra,2022-10-18,2026-03-20,37,10.06,777,21,7168.19,265223.03,265151.0,Home & Kitchen,Online,High Value,Gold,96,Low,0
CUST102880,Christina Castillo,Female,46,Visakhapatnam,Andhra Pradesh,2019-04-09,2026-04-03,12,1.67,180,15,5526.86,66322.32,66485.29,Electronics,Online,Medium Value,Silver,82,Low,1
CUST102881,Jill Martin,Female,57,Chandigarh,Chandigarh,2020-05-04,2024-12-23,6,0.98,30,5,788.77,4732.62,4740.61,Grocery,Online,Low Value,Bronze,548,High,1
CUST102882,Christopher Brown,Male,57,Ahmedabad,Gujarat,2023-08-13,2026-05-17,36,12.59,576,16,2963.33,106679.88,106638.99,Fashion,Online,Medium Value,Silver,38,Low,0
CUST102883,Lori Martinez,Female,18,Patna,Bihar,2020-03-22,2026-06-01,92,14.72,1380,15,5476.36,503825.12,503866.5,Fashion,Online,High Value,Gold,23,Low,0
CUST102884,Ashley Phillips,Male,39,Bengaluru,Karnataka,2019-10-11,2026-05-01,75,11.2,600,8,9755.34,731650.5,731689.23,Fashion,Online,High Value,Platinum,54,Low,0
CUST102885,Sara Thomas,Other,43,Chandigarh,Chandigarh,2019-04-26,2025-01-07,4,0.56,40,10,1053.57,4214.28,4222.47,Grocery,Online,Low Value,Bronze,533,High,1
CUST102886,Allison Simmons,Male,32,Guwahati,Assam,2020-07-20,2026-04-04,8,1.35,8,1,2370.45,18963.6,18950.94,Beauty,Online,Medium Value,Bronze,81,Low,1
CUST102887,Matthew Perez,Male,31,Vadodara,Gujarat,2023-02-27,2026-01-12,28,8.45,196,7,2544.89,71256.92,71298.38,Fashion,Offline,Medium Value,Silver,163,Medium,0
CUST102888,Janice Henson,Male,43,Chandigarh,Chandigarh,2020-05-15,2024-10-24,4,0.66,20,5,1622.46,6489.84,6534.88,Home & Kitchen,Online,Low Value,Bronze,608,High,1
CUST102889,Ashley Jackson,Female,47,Visakhapatnam,Andhra Pradesh,2022-06-29,2024-03-14,1,0.5,9,9,1250.47,1250.47,2488.96,Home & Kitchen,Online,Low Value,Bronze,832,High,1
CUST102890,Brian Sosa,Male,36,Hyderabad,Telangana,2022-04-21,2025-12-31,15,3.6,75,5,6319.55,94793.25,94863.32,Sports,Online,Medium Value,Silver,175,Medium,0
CUST102891,Luis Wilson,Female,28,Hyderabad,Telangana,2019-03-24,2025-01-15,30,4.14,420,14,3470.8,104124.0,104134.26,Grocery,Online,Medium Value,Silver,525,High,0
CUST102892,Tamara Huang,Female,24,Bhopal,Madhya Pradesh,2019-01-01,2025-09-17,4,0.54,16,4,419.03,1676.12,1690.64,Beauty,Offline,Low Value,Bronze,280,High,1
CUST102893,Cassandra Moreno,Other,38,Vadodara,Gujarat,2019-02-21,2026-03-20,23,3.14,138,6,2422.57,55719.11,55773.3,Electronics,Online,Medium Value,Silver,96,Medium,0
CUST102894,Meghan Hernandez,Male,24,Madurai,Tamil Nadu,2019-01-08,2026-04-04,34,4.56,918,27,8958.57,304591.38,304439.8,Fashion,Online,High Value,Gold,81,Low,0
CUST102895,Elizabeth Roth,Female,18,Surat,Gujarat,2021-01-11,2025-10-31,4,0.73,16,4,1009.72,4038.88,4011.9,Beauty,Offline,Low Value,Bronze,236,High,1
CUST102896,Brian Hendricks,Female,57,Pune,Maharashtra,2020-08-10,2026-03-30,16,2.73,80,5,5583.46,89335.36,89391.31,Electronics,Offline,Medium Value,Silver,86,Low,0
CUST102897,Tasha Cochran,Female,45,Delhi,Delhi,2021-07-22,2026-05-27,12,2.44,216,18,4054.39,48652.68,48644.24,Beauty,Online,Medium Value,Silver,28,Low,0
CUST102898,Angela Smith,Female,38,Lucknow,Uttar Pradesh,2020-12-31,2026-05-01,35,6.4,385,11,1716.4,60074.0,60120.29,Grocery,Offline,Medium Value,Silver,54,Low,0
CUST102899,Brittany Rios,Female,52,Chennai,Tamil Nadu,2019-04-30,2026-03-23,92,12.87,2484,27,11785.82,1084295.44,1083898.55,Electronics,Offline,High Value,Platinum,93,Medium,0
CUST102900,James Griffith,Female,33,Hyderabad,Telangana,2021-04-28,2026-05-08,82,15.92,2460,30,15309.32,1255364.24,1255155.51,Grocery,Online,High Value,Platinum,47,Low,0
CUST102901,Karen Jones,Male,23,Kanpur,Uttar Pradesh,2022-11-28,2026-01-18,3,0.84,12,4,852.32,2556.96,2552.13,Home & Kitchen,Online,Low Value,Bronze,157,Medium,1
CUST102902,Tina Ramirez,Male,24,Bengaluru,Karnataka,2023-05-17,2026-06-19,89,28.72,1068,12,7635.87,679592.43,679671.66,Home & Kitchen,Online,High Value,Gold,5,Low,0
CUST102903,Zachary White,Male,54,Kochi,Kerala,2022-07-30,2026-04-22,16,4.11,144,9,1791.78,28668.48,28690.7,Beauty,Online,Medium Value,Bronze,63,Low,0
CUST102904,Francisco Coleman,Female,49,Coimbatore,Tamil Nadu,2019-11-01,2026-03-07,15,2.26,135,9,2962.12,44431.8,44445.99,Fashion,Online,Medium Value,Silver,109,Medium,0
CUST102905,Jennifer Leon,Male,32,Ahmedabad,Gujarat,2024-02-21,2026-05-11,143,61.3,3718,26,3982.93,569558.99,569524.64,Sports,Offline,High Value,Gold,44,Low,0
CUST102906,Robert Valdez,Male,26,Ahmedabad,Gujarat,2019-07-15,2025-09-07,10,1.44,80,8,1048.8,10488.0,10477.84,Electronics,Online,Low Value,Bronze,290,High,1
CUST102907,Jason Crawford,Female,37,Indore,Madhya Pradesh,2021-08-27,2025-12-06,13,2.7,130,10,3255.08,42316.04,42349.46,Sports,Offline,Medium Value,Silver,200,High,0
CUST102908,Kim Underwood,Male,39,Vadodara,Gujarat,2022-12-30,2026-06-01,19,5.46,304,16,4675.92,88842.48,88771.43,Grocery,Offline,Medium Value,Silver,23,Low,0
CUST102909,Kevin Fisher,Male,46,Coimbatore,Tamil Nadu,2024-04-09,2026-03-29,18,8.18,252,14,2584.55,46521.9,46537.61,Grocery,Online,Medium Value,Silver,87,Low,0
CUST102910,Melissa Goodman,Male,35,Ranchi,Jharkhand,2020-02-05,2026-01-04,19,2.98,209,11,3146.98,59792.62,59798.39,Beauty,Online,Medium Value,Silver,171,Medium,0
CUST102911,Cynthia Smith,Female,44,Bhopal,Madhya Pradesh,2020-10-16,2026-06-17,96,16.9,2112,22,4518.93,433817.28,433860.58,Sports,Online,High Value,Gold,7,Low,0
CUST102912,Alicia Grant DVM,Female,39,Surat,Gujarat,2022-01-23,2024-09-21,10,2.27,50,5,1380.84,13808.4,13825.3,Sports,Online,Low Value,Bronze,641,High,0
CUST102913,Amy Bailey,Male,35,Kolkata,West Bengal,2023-05-06,2025-08-04,5,1.6,5,1,1156.12,5780.6,5788.67,Home & Kitchen,Online,Low Value,Bronze,324,High,1
CUST102914,Sharon Fuentes,Female,36,Lucknow,Uttar Pradesh,2022-08-14,2026-05-10,21,5.45,21,1,200.0,4200.0,4201.83,Beauty,Online,Low Value,Bronze,45,Low,0
CUST102915,Charles Castaneda,Male,33,Kanpur,Uttar Pradesh,2023-06-16,2026-04-04,23,7.62,184,8,3887.4,89410.2,89372.84,Home & Kitchen,Offline,Medium Value,Silver,81,Low,0
CUST102916,Susan Sanchez,Male,18,Indore,Madhya Pradesh,2019-08-17,2026-04-22,1,0.5,8,8,1317.1,1317.1,4509.33,Grocery,Online,Low Value,Bronze,63,Low,1
CUST102917,Amy Taylor,Male,28,Bengaluru,Karnataka,2023-06-09,2025-11-17,4,1.32,32,8,1621.35,6485.4,6498.18,Electronics,Online,Low Value,Bronze,219,High,1
CUST102918,Michele Bennett,Female,43,Hyderabad,Telangana,2020-11-05,2026-06-07,11,1.96,143,13,4399.33,48392.63,48513.68,Fashion,Online,Medium Value,Silver,17,Low,1
CUST102919,Vincent Watson,Female,31,Ranchi,Jharkhand,2022-07-31,2026-06-01,22,5.65,110,5,3112.67,68478.74,68468.51,Sports,Online,Medium Value,Silver,23,Low,0
CUST102920,Mary Jones,Female,42,Surat,Gujarat,2024-05-12,2026-04-26,18,8.53,36,2,1104.22,19875.96,19882.4,Beauty,Online,Medium Value,Bronze,59,Low,0
CUST102921,Sheila Johnson,Male,47,Chandigarh,Chandigarh,2020-11-11,2026-02-21,4,0.71,12,3,1916.63,7666.52,7633.93,Home & Kitchen,Online,Low Value,Bronze,123,Medium,1
CUST102922,Bob Jones,Female,46,Jaipur,Rajasthan,2019-04-06,2025-07-19,1,0.5,4,4,1286.88,1286.88,4640.17,Sports,Online,Low Value,Bronze,340,High,1
CUST102923,Robin Hernandez,Female,35,Kanpur,Uttar Pradesh,2019-09-15,2026-05-10,67,9.9,2211,33,11408.18,764348.06,764380.86,Electronics,Online,High Value,Platinum,45,Low,0
CUST102924,Patrick Adkins,Male,32,Chandigarh,Chandigarh,2020-09-19,2026-06-20,6,1.04,48,8,1587.22,9523.32,9499.77,Grocery,Offline,Low Value,Bronze,4,Low,1
CUST102925,Elizabeth Jenkins,Male,31,Hyderabad,Telangana,2023-04-05,2025-06-17,9,2.8,54,6,200.0,1800.0,1799.97,Electronics,Offline,Low Value,Bronze,372,High,0
CUST102926,Richard Dominguez,Male,51,Mumbai,Maharashtra,2020-03-30,2025-10-03,3,0.5,12,4,640.24,1920.72,1993.9,Beauty,Online,Low Value,Bronze,264,High,1
CUST102927,Christopher Ibarra,Female,32,Hyderabad,Telangana,2022-02-01,2024-08-02,2,0.5,12,6,1652.23,3304.46,3623.37,Fashion,Online,Low Value,Bronze,691,High,1
CUST102928,Paul Gordon,Male,52,Pune,Maharashtra,2019-04-14,2025-07-22,9,1.25,27,3,908.3,8174.7,8162.89,Grocery,Online,Low Value,Bronze,337,High,1
CUST102929,Ronnie Frazier,Male,21,Ranchi,Jharkhand,2022-04-02,2026-03-05,23,5.45,414,18,2681.48,61674.04,61697.17,Electronics,Online,Medium Value,Silver,111,Medium,0
CUST102930,Kristen Gallegos,Female,39,Chandigarh,Chandigarh,2022-09-16,2026-05-26,25,6.64,425,17,2476.48,61912.0,61903.52,Electronics,Offline,Medium Value,Silver,29,Low,0
CUST102931,Kathryn Fletcher,Male,38,Jaipur,Rajasthan,2021-01-13,2026-02-10,18,3.31,144,8,3336.75,60061.5,60053.83,Sports,Offline,Medium Value,Silver,134,Medium,0
CUST102932,Christopher Dudley,Female,36,Kanpur,Uttar Pradesh,2024-05-19,2026-06-07,86,41.11,2580,30,10713.12,921328.32,921226.84,Beauty,Online,High Value,Platinum,17,Low,0
CUST102933,Vanessa Martinez,Male,18,Lucknow,Uttar Pradesh,2023-12-21,2026-04-15,12,4.8,72,6,3395.34,40744.08,40783.12,Grocery,Offline,Medium Value,Silver,70,Low,0
CUST102934,Manuel Robinson,Female,41,Pune,Maharashtra,2019-11-10,2025-10-22,2,0.5,4,2,1145.58,2291.16,3788.8,Electronics,Online,Low Value,Bronze,245,High,1
CUST102935,Paul Hansen,Female,22,Surat,Gujarat,2022-08-30,2026-05-30,114,29.91,456,4,14772.91,1684111.74,1683958.85,Sports,Online,High Value,Platinum,25,Low,0
CUST102936,Rose Mcdonald,Male,29,Patna,Bihar,2019-10-17,2025-02-15,2,0.5,14,7,1368.5,2737.0,4571.03,Fashion,Offline,Low Value,Bronze,494,High,1
CUST102937,Martin Wilcox,Male,39,Ranchi,Jharkhand,2022-12-02,2026-04-12,19,5.35,323,17,3298.03,62662.57,62703.65,Electronics,Offline,Medium Value,Silver,73,Low,0
CUST102938,Robert Lucas,Female,31,Kolkata,West Bengal,2022-11-03,2026-05-18,6,1.65,18,3,1352.79,8116.74,8109.52,Electronics,Online,Low Value,Bronze,37,Low,1
CUST102939,Brian Miller,Female,26,Jaipur,Rajasthan,2019-08-18,2026-06-18,48,7.01,576,12,11345.28,544573.44,544356.01,Sports,Online,High Value,Gold,6,Low,0
CUST102940,Sarah Johnson,Female,46,Coimbatore,Tamil Nadu,2020-02-28,2026-01-12,32,5.07,32,1,764.55,24465.6,24472.76,Grocery,Online,Medium Value,Bronze,163,Medium,0
CUST102941,Joshua Jones,Female,21,Pune,Maharashtra,2019-03-09,2026-03-17,16,2.2,272,17,4328.73,69259.68,69406.64,Electronics,Offline,Medium Value,Silver,99,Medium,0
CUST102942,Nicole Parker,Male,33,Madurai,Tamil Nadu,2021-06-23,2025-08-07,8,1.6,96,12,6997.72,55981.76,55943.44,Fashion,Offline,Medium Value,Silver,321,High,1
CUST102943,Margaret Johnson,Female,34,Ranchi,Jharkhand,2019-11-19,2024-10-24,7,1.06,56,8,2762.33,19336.31,19296.0,Home & Kitchen,Online,Medium Value,Bronze,608,High,1
CUST102944,William Cunningham,Female,44,Hyderabad,Telangana,2023-02-08,2024-10-14,6,1.78,66,11,200.0,1200.0,1198.85,Fashion,Offline,Low Value,Bronze,618,High,1
CUST102945,Rachel Williams,Male,55,Chandigarh,Chandigarh,2023-08-18,2026-03-17,33,11.6,990,30,10703.46,353214.18,353189.27,Home & Kitchen,Online,High Value,Gold,99,Low,0
CUST102946,Tony Smith,Female,55,Ranchi,Jharkhand,2024-04-20,2026-06-06,45,20.73,135,3,5359.7,241186.5,241225.24,Grocery,Offline,High Value,Gold,18,Low,0
CUST102947,Douglas Sanders,Male,48,Surat,Gujarat,2020-07-19,2026-05-18,45,7.6,540,12,4979.2,224064.0,224202.37,Fashion,Online,Medium Value,Gold,37,Low,0
CUST102948,Paul Swanson,Male,24,Coimbatore,Tamil Nadu,2022-04-23,2026-05-13,5,1.2,15,3,5772.96,28864.8,28848.2,Electronics,Online,Medium Value,Bronze,42,Low,1
CUST102949,Michele Davis,Female,23,Nagpur,Maharashtra,2022-08-31,2025-01-29,3,0.79,6,2,656.28,1968.84,1974.48,Beauty,Online,Low Value,Bronze,511,High,1
CUST102950,Patrick Garcia,Female,34,Hyderabad,Telangana,2023-12-23,2025-04-25,10,4.0,70,7,1172.92,11729.2,11714.75,Fashion,Offline,Low Value,Bronze,425,High,0
CUST102951,Brittany Matthews,Female,43,Guwahati,Assam,2023-02-02,2026-06-14,31,9.16,248,8,1859.63,57648.53,57643.49,Fashion,Offline,Medium Value,Silver,10,Low,0
CUST102952,Kevin Christian,Female,44,Visakhapatnam,Andhra Pradesh,2019-06-26,2026-05-22,11,1.57,55,5,333.32,3666.52,3657.81,Sports,Online,Low Value,Bronze,33,Low,1
CUST102953,Christian Ford,Female,36,Kochi,Kerala,2019-05-16,2025-06-16,9,1.27,126,14,4140.33,37262.97,37343.79,Home & Kitchen,Online,Medium Value,Silver,373,High,1
CUST102954,Anna Higgins,Male,43,Bhopal,Madhya Pradesh,2024-04-09,2025-12-04,1,0.5,2,2,1733.73,1733.73,1908.17,Grocery,Online,Low Value,Bronze,202,High,1
CUST102955,Rhonda Pena,Female,40,Mumbai,Maharashtra,2023-02-12,2026-06-21,23,6.85,161,7,200.0,4600.0,4598.55,Beauty,Online,Low Value,Bronze,3,Low,0
CUST102956,Candace Stuart,Female,29,Kochi,Kerala,2019-01-27,2024-04-15,2,0.5,8,4,1547.96,3095.92,5727.77,Electronics,Online,Low Value,Bronze,800,High,1
CUST102957,Monica Curtis,Male,41,Coimbatore,Tamil Nadu,2020-01-20,2023-09-01,15,2.34,150,10,1102.03,16530.45,16556.25,Beauty,Offline,Medium Value,Bronze,1027,High,0
CUST102958,Gloria Floyd,Female,43,Kanpur,Uttar Pradesh,2024-04-09,2026-03-02,27,12.27,135,5,6098.84,164668.68,164724.28,Beauty,Offline,Medium Value,Gold,114,Low,0
CUST102959,Isaac Chase,Male,52,Hyderabad,Telangana,2022-04-02,2025-05-19,5,1.18,30,6,1438.18,7190.9,7164.56,Beauty,Online,Low Value,Bronze,401,High,1
CUST102960,Steven Schroeder,Female,36,Vadodara,Gujarat,2021-05-13,2026-03-11,40,7.83,1200,30,3404.15,136166.0,136173.27,Sports,Online,Medium Value,Gold,105,Low,0
CUST102961,Daniel Bishop,Male,37,Kanpur,Uttar Pradesh,2021-10-04,2026-04-27,30,6.36,570,19,4326.63,129798.9,129732.8,Sports,Offline,Medium Value,Gold,58,Low,0
CUST102962,Christian Burton,Female,47,Surat,Gujarat,2021-10-11,2025-09-26,5,1.06,85,17,4733.27,23666.35,23558.14,Grocery,Online,Medium Value,Bronze,271,High,1
CUST102963,Robert Thomas PhD,Male,29,Ahmedabad,Gujarat,2019-06-17,2026-02-07,4,0.57,4,1,1506.08,6024.32,6021.6,Grocery,Online,Low Value,Bronze,137,Medium,1
CUST102964,Tracy Harrington,Male,41,Ranchi,Jharkhand,2020-06-30,2026-03-17,5,0.84,30,6,200.0,1000.0,1004.09,Sports,Offline,Low Value,Bronze,99,Medium,1
CUST102965,Brandon Edwards,Male,35,Ranchi,Jharkhand,2022-06-24,2024-08-13,1,0.5,8,8,1074.71,1074.71,2146.48,Grocery,Offline,Low Value,Bronze,680,High,1
CUST102966,Candice Ramirez,Male,54,Madurai,Tamil Nadu,2021-10-13,2025-10-24,7,1.49,21,3,1440.41,10082.87,10065.6,Electronics,Offline,Low Value,Bronze,243,High,1
CUST102967,Brandon White,Male,60,Chennai,Tamil Nadu,2019-12-29,2025-10-04,11,1.7,11,1,3521.64,38738.04,38797.34,Fashion,Online,Medium Value,Silver,263,High,1
CUST102968,Deanna Kennedy,Female,48,Jaipur,Rajasthan,2021-08-31,2026-06-14,2,0.5,18,9,1278.4,2556.8,3073.06,Grocery,Online,Low Value,Bronze,10,Low,1
CUST102969,Shawn Santos,Female,32,Indore,Madhya Pradesh,2020-09-26,2025-09-13,35,6.1,175,5,2862.25,100178.75,100145.45,Electronics,Online,Medium Value,Silver,284,High,0
CUST102970,Caleb Carroll,Male,30,Kanpur,Uttar Pradesh,2020-04-15,2026-05-04,17,2.75,68,4,5530.72,94022.24,94067.67,Home & Kitchen,Online,Medium Value,Silver,51,Low,0
CUST102971,Scott Morales,Male,27,Jaipur,Rajasthan,2023-01-18,2026-04-13,36,10.51,1404,39,11922.0,429192.0,429159.69,Home & Kitchen,Offline,High Value,Gold,72,Low,0
CUST102972,Sylvia Anderson,Male,67,Kolkata,West Bengal,2022-01-22,2025-03-02,5,1.13,20,4,1116.66,5583.3,5568.96,Home & Kitchen,Online,Low Value,Bronze,479,High,1
CUST102973,Ryan Crane,Male,52,Kolkata,West Bengal,2022-07-30,2026-05-03,9,2.31,99,11,1071.37,9642.33,9641.98,Grocery,Online,Low Value,Bronze,52,Low,0
CUST102974,Michael Hunter,Female,43,Bengaluru,Karnataka,2024-01-25,2025-11-09,38,15.79,342,9,8019.34,304734.92,304732.94,Home & Kitchen,Online,High Value,Gold,227,High,0
CUST102975,Shawn Fleming,Male,51,Jaipur,Rajasthan,2024-05-16,2026-03-22,51,24.29,918,18,8452.0,431052.0,431114.02,Electronics,Online,High Value,Gold,94,Low,0
CUST102976,Maria Figueroa,Male,28,Delhi,Delhi,2019-01-06,2026-02-04,7,0.94,56,8,796.05,5572.35,5580.65,Home & Kitchen,Online,Low Value,Bronze,140,Medium,1
CUST102977,Roberto Smith,Male,39,Kolkata,West Bengal,2022-05-27,2026-05-31,20,4.91,500,25,2511.56,50231.2,50204.86,Fashion,Offline,Medium Value,Silver,24,Low,0
CUST102978,Donna Moore,Female,41,Nagpur,Maharashtra,2020-02-10,2025-04-19,10,1.57,70,7,882.29,8822.9,8813.67,Beauty,Online,Low Value,Bronze,431,High,1
CUST102979,Benjamin Price,Male,56,Madurai,Tamil Nadu,2019-06-11,2026-06-03,4,0.57,40,10,827.93,3311.72,3317.98,Fashion,Online,Low Value,Bronze,21,Low,1
CUST102980,Brandon Owens,Male,41,Jaipur,Rajasthan,2023-05-16,2026-06-19,16,5.16,64,4,5315.01,85040.16,85073.34,Fashion,Online,Medium Value,Silver,5,Low,0
CUST102981,Stephanie Marshall,Other,32,Madurai,Tamil Nadu,2023-11-20,2026-05-01,29,11.21,609,21,5269.65,152819.85,152837.16,Beauty,Online,Medium Value,Gold,54,Low,0
CUST102982,Nicholas Lowery,Male,47,Visakhapatnam,Andhra Pradesh,2022-04-23,2026-06-01,1,0.5,7,7,1939.64,1939.64,4038.59,Fashion,Offline,Low Value,Bronze,23,Low,1
CUST102983,Patricia Gonzalez,Female,60,Mumbai,Maharashtra,2020-05-14,2026-05-08,10,1.64,50,5,1076.15,10761.5,10775.35,Home & Kitchen,Offline,Low Value,Bronze,47,Low,1
CUST102984,Evan Davies,Male,54,Bhopal,Madhya Pradesh,2021-11-19,2026-06-12,35,7.63,175,5,2815.56,98544.6,98576.44,Home & Kitchen,Offline,Medium Value,Silver,12,Low,0
CUST102985,Dr. John Ramirez,Female,18,Madurai,Tamil Nadu,2020-12-02,2025-11-18,2,0.5,10,5,200.0,400.0,555.24,Fashion,Online,Low Value,Bronze,218,High,1
CUST102986,Christopher Harrison,Female,35,Coimbatore,Tamil Nadu,2019-03-15,2026-05-29,69,9.49,345,5,9101.86,628028.34,628107.83,Grocery,Online,High Value,Gold,26,Low,0
CUST102987,Erica Johnson,Female,44,Lucknow,Uttar Pradesh,2021-01-29,2026-02-18,32,5.93,320,10,7339.63,234868.16,234749.6,Home & Kitchen,Online,Medium Value,Gold,126,Low,0
CUST102988,Jamie Mayer,Female,33,Kanpur,Uttar Pradesh,2020-10-03,2026-04-24,5,0.87,45,9,1120.45,5602.25,5572.52,Home & Kitchen,Online,Low Value,Bronze,61,Low,1
CUST102989,Jeffrey Kennedy,Female,43,Vadodara,Gujarat,2022-01-09,2026-03-18,7,1.57,49,7,550.91,3856.37,3848.07,Electronics,Online,Low Value,Bronze,98,Medium,1
CUST102990,Sean Cisneros,Male,18,Kolkata,West Bengal,2022-09-10,2026-06-03,122,32.27,4392,36,12440.77,1517773.94,1517922.79,Fashion,Online,High Value,Platinum,21,Low,0
CUST102991,Debra Reid,Male,29,Bhopal,Madhya Pradesh,2023-02-01,2025-02-21,6,1.77,24,4,1917.8,11506.8,11496.25,Electronics,Offline,Low Value,Bronze,488,High,1
CUST102992,Benjamin Sullivan,Female,27,Chennai,Tamil Nadu,2022-02-08,2026-01-16,24,5.5,240,10,3609.43,86626.32,86690.55,Home & Kitchen,Online,Medium Value,Silver,159,Medium,0
CUST102993,Michael Savage,Male,38,Kolkata,West Bengal,2023-04-16,2026-04-04,28,8.79,336,12,3906.62,109385.36,109340.12,Sports,Online,Medium Value,Silver,81,Low,0
CUST102994,Mckenzie Green,Female,26,Nagpur,Maharashtra,2021-10-23,2026-03-18,103,22.09,2781,27,9855.97,1015164.91,1015124.97,Fashion,Online,High Value,Platinum,98,Medium,0
CUST102995,Anna Valenzuela,Female,38,Patna,Bihar,2020-10-19,2025-06-14,3,0.53,18,6,2401.98,7205.94,7221.79,Fashion,Online,Low Value,Bronze,375,High,1
CUST102996,Paul Martin,Male,34,Mumbai,Maharashtra,2022-06-08,2026-05-14,26,6.44,520,20,4490.12,116743.12,116773.85,Sports,Online,Medium Value,Silver,41,Low,0
CUST102997,Jason Alvarez,Male,21,Visakhapatnam,Andhra Pradesh,2020-04-10,2026-02-12,18,2.9,234,13,4416.48,79496.64,79389.02,Electronics,Online,Medium Value,Silver,132,Medium,0
CUST102998,Caitlyn Horton,Male,37,Kanpur,Uttar Pradesh,2019-05-04,2026-04-30,35,4.91,280,8,5368.78,187907.3,188079.42,Grocery,Online,Medium Value,Gold,55,Low,0
CUST102999,Michael Price,Other,50,Delhi,Delhi,2020-05-18,2026-04-22,5,0.82,35,7,1023.41,5117.05,5114.44,Grocery,Online,Low Value,Bronze,63,Low,1
CUST103000,Richard Harper,Female,38,Bhopal,Madhya Pradesh,2019-06-25,2026-03-08,34,4.86,442,13,1807.78,61464.52,61434.53,Beauty,Online,Medium Value,Silver,108,Medium,0
CUST103001,Michael Jensen,Male,45,Madurai,Tamil Nadu,2021-11-18,2024-06-07,7,1.52,7,1,1444.44,10111.08,10080.59,Sports,Online,Low Value,Bronze,747,High,1
CUST103002,William Mcmillan,Male,55,Delhi,Delhi,2023-06-04,2026-06-16,17,5.57,68,4,2582.9,43909.3,43879.1,Beauty,Online,Medium Value,Silver,8,Low,0
CUST103003,Nancy Stewart,Male,29,Indore,Madhya Pradesh,2019-09-17,2026-03-19,9,1.33,189,21,5218.46,46966.14,46935.42,Beauty,Online,Medium Value,Silver,97,Medium,1
CUST103004,Jimmy Hernandez,Male,43,Ahmedabad,Gujarat,2023-08-18,2026-04-02,34,11.95,544,16,5174.77,175942.18,175907.47,Grocery,Online,Medium Value,Gold,83,Low,0
CUST103005,Ashley Cordova,Male,30,Bengaluru,Karnataka,2019-06-06,2026-05-05,14,1.99,112,8,1827.39,25583.46,25617.33,Fashion,Online,Medium Value,Bronze,50,Low,1
CUST103006,Joseph Smith,Male,33,Chandigarh,Chandigarh,2022-04-08,2026-04-24,4,0.95,40,10,1323.55,5294.2,5287.68,Fashion,Online,Low Value,Bronze,61,Low,1
CUST103007,Ronnie Martinez,Female,37,Bengaluru,Karnataka,2019-03-05,2026-05-24,79,10.82,1580,20,6185.1,488622.9,488476.76,Home & Kitchen,Online,High Value,Gold,31,Low,0
CUST103008,Wayne Davis,Male,26,Lucknow,Uttar Pradesh,2020-12-06,2026-06-13,7,1.26,70,10,4417.7,30923.9,30845.16,Sports,Online,Medium Value,Bronze,11,Low,1
CUST103009,William Fisher,Male,18,Delhi,Delhi,2019-05-02,2026-05-14,92,12.88,1564,17,12119.72,1115014.24,1114617.38,Electronics,Online,High Value,Platinum,41,Low,0
CUST103010,Carol Gray,Male,69,Ranchi,Jharkhand,2019-07-13,2026-06-16,5,0.72,35,7,3097.54,15487.7,15484.9,Grocery,Online,Medium Value,Bronze,8,Low,1
CUST103011,Tristan Bonilla,Female,18,Hyderabad,Telangana,2024-03-23,2026-06-19,53,23.58,954,18,6316.09,334752.77,334768.85,Sports,Online,High Value,Gold,5,Low,0
CUST103012,Alexis Cervantes,Male,53,Bengaluru,Karnataka,2023-12-11,2026-05-30,21,8.3,42,2,3088.99,64868.79,64859.91,Home & Kitchen,Offline,Medium Value,Silver,25,Low,0
CUST103013,Steven Shaw,Male,39,Kochi,Kerala,2020-02-14,2026-02-04,49,7.71,637,13,6267.2,307092.8,306920.36,Grocery,Online,High Value,Gold,140,Low,0
CUST103014,Melissa Banks,Male,32,Mumbai,Maharashtra,2024-04-03,2026-05-25,10,4.51,180,18,3364.18,33641.8,33647.33,Grocery,Offline,Medium Value,Bronze,30,Low,0
CUST103015,Jason Bell,Male,21,Kolkata,West Bengal,2020-02-01,2026-02-26,16,2.5,16,1,5210.31,83364.96,83200.91,Electronics,Online,Medium Value,Silver,118,Medium,0
CUST103016,Kelly Hubbard,Male,54,Ranchi,Jharkhand,2023-07-26,2024-09-22,3,1.03,15,5,1854.26,5562.78,5553.19,Grocery,Offline,Low Value,Bronze,640,High,1
CUST103017,Christopher Patterson,Male,55,Indore,Madhya Pradesh,2021-04-28,2026-02-13,20,3.88,120,6,2640.4,52808.0,52759.42,Sports,Online,Medium Value,Silver,131,Medium,0
CUST103018,Kurt Daniels,Female,29,Visakhapatnam,Andhra Pradesh,2022-01-29,2026-04-14,47,10.7,846,18,13057.47,613701.09,613942.4,Fashion,Online,High Value,Gold,71,Low,0
CUST103019,Ryan Barker,Male,36,Hyderabad,Telangana,2022-11-12,2024-06-04,2,0.55,8,4,1525.52,3051.04,3027.65,Grocery,Offline,Low Value,Bronze,750,High,1
CUST103020,Douglas Oliver,Male,36,Coimbatore,Tamil Nadu,2022-06-23,2026-03-07,62,15.51,1178,19,2346.47,145481.14,145475.36,Fashion,Online,Medium Value,Gold,109,Low,0
CUST103021,Shannon Cowan,Female,59,Vadodara,Gujarat,2021-04-30,2026-06-19,31,6.03,620,20,4982.23,154449.13,154553.07,Electronics,Offline,Medium Value,Gold,5,Low,0
CUST103022,Ashley Banks,Male,18,Chennai,Tamil Nadu,2021-02-12,2025-11-11,17,3.17,221,13,2881.63,48987.71,48918.83,Grocery,Offline,Medium Value,Silver,225,High,0
CUST103023,Jennifer Crawford,Male,50,Lucknow,Uttar Pradesh,2021-05-06,2025-08-06,20,3.9,280,14,2800.27,56005.4,56003.1,Electronics,Offline,Medium Value,Silver,322,High,0
CUST103024,Tammy Garcia,Male,54,Lucknow,Uttar Pradesh,2020-05-28,2026-03-06,38,6.26,684,18,14368.11,545988.18,545699.44,Grocery,Offline,High Value,Gold,110,Low,0
CUST103025,Kevin Johnson,Female,35,Guwahati,Assam,2023-12-08,2025-10-13,35,13.79,875,25,2208.91,77311.85,77309.31,Beauty,Online,Medium Value,Silver,254,High,0
CUST103026,Jason Walker,Female,32,Surat,Gujarat,2019-05-12,2024-08-03,6,0.84,36,6,200.0,1200.0,1194.97,Sports,Offline,Low Value,Bronze,690,High,1
CUST103027,James Gonzalez,Male,50,Ahmedabad,Gujarat,2022-04-04,2026-04-07,5,1.19,55,11,4784.88,23924.4,24007.59,Electronics,Online,Medium Value,Bronze,78,Low,1
CUST103028,Caleb Ponce,Female,56,Vadodara,Gujarat,2021-02-03,2025-03-28,10,1.86,110,11,2579.43,25794.3,25811.25,Fashion,Online,Medium Value,Bronze,453,High,1
CUST103029,Jennifer Hoover,Male,39,Pune,Maharashtra,2020-04-20,2026-05-16,14,2.27,126,9,4877.99,68291.86,68332.99,Grocery,Online,Medium Value,Silver,39,Low,0
CUST103030,Natalie Smith,Female,35,Surat,Gujarat,2020-03-03,2026-06-02,62,9.84,1116,18,9597.74,595059.88,595222.27,Electronics,Online,High Value,Gold,22,Low,0
CUST103031,Danny Campbell,Male,55,Kanpur,Uttar Pradesh,2022-07-22,2026-02-22,29,7.4,319,11,2825.65,81943.85,81921.8,Electronics,Offline,Medium Value,Silver,122,Medium,0
CUST103032,Deborah Roberson,Female,65,Lucknow,Uttar Pradesh,2023-08-14,2025-08-17,9,3.15,63,7,1231.15,11080.35,11074.28,Grocery,Offline,Low Value,Bronze,311,High,0
CUST103033,Jennifer Allen,Male,32,Vadodara,Gujarat,2023-07-12,2026-06-02,61,20.71,1769,29,2171.2,132443.2,132465.25,Beauty,Online,Medium Value,Gold,22,Low,0
CUST103034,Jennifer Smith,Male,27,Lucknow,Uttar Pradesh,2022-08-05,2026-02-21,10,2.58,150,15,5762.15,57621.5,57674.51,Sports,Online,Medium Value,Silver,123,Medium,0
CUST103035,James Montoya,Male,26,Visakhapatnam,Andhra Pradesh,2023-05-06,2026-06-06,47,15.02,329,7,1154.49,54261.03,54264.54,Electronics,Offline,Medium Value,Silver,18,Low,0
CUST103036,Lindsay Rogers,Female,18,Nashik,Maharashtra,2022-08-20,2026-05-29,19,4.95,361,19,4032.44,76616.36,76618.02,Sports,Offline,Medium Value,Silver,26,Low,0
CUST103037,Wendy Allen,Female,41,Madurai,Tamil Nadu,2019-08-25,2024-08-30,3,0.5,18,6,2186.86,6560.58,7463.16,Electronics,Online,Low Value,Bronze,663,High,1
CUST103038,Cheryl Newman,Female,23,Vadodara,Gujarat,2020-09-02,2026-01-16,93,16.03,1674,18,11315.54,1052345.22,1052324.15,Grocery,Offline,High Value,Platinum,159,Medium,0
CUST103039,Rebecca Lane,Male,42,Nagpur,Maharashtra,2020-05-27,2026-05-18,42,6.92,546,13,766.46,32191.32,32193.71,Sports,Online,Medium Value,Bronze,37,Low,0
CUST103040,Mark Madden,Male,48,Madurai,Tamil Nadu,2021-04-27,2026-06-21,127,24.65,3429,27,9073.42,1152324.34,1152437.37,Fashion,Offline,High Value,Platinum,3,Low,0
CUST103041,Tanner Holmes,Female,55,Chennai,Tamil Nadu,2024-03-26,2026-06-20,1,0.5,5,5,406.02,406.02,454.65,Fashion,Online,Low Value,Bronze,4,Low,1
CUST103042,Brett Owen,Female,39,Kochi,Kerala,2022-06-03,2026-05-14,30,7.4,510,17,12543.74,376312.2,376123.31,Fashion,Offline,High Value,Gold,41,Low,0
CUST103043,Lynn Mueller,Female,49,Mumbai,Maharashtra,2020-03-06,2026-02-20,17,2.7,68,4,6032.7,102555.9,102523.69,Home & Kitchen,Offline,Medium Value,Silver,124,Medium,0
CUST103044,Lori Green,Male,54,Visakhapatnam,Andhra Pradesh,2022-05-29,2024-02-08,4,0.98,4,1,2373.87,9495.48,9458.43,Electronics,Online,Low Value,Bronze,867,High,1
CUST103045,Tiffany Harris,Male,33,Guwahati,Assam,2021-03-14,2026-04-04,7,1.33,42,6,3094.53,21661.71,21702.63,Sports,Online,Medium Value,Bronze,81,Low,1
CUST103046,Jeffrey Fuller,Male,47,Guwahati,Assam,2019-06-21,2025-10-08,31,4.43,341,11,5347.33,165767.23,165901.77,Sports,Offline,Medium Value,Gold,259,High,0
CUST103047,Alyssa Zimmerman,Female,30,Ranchi,Jharkhand,2020-10-20,2025-08-04,11,1.94,132,12,4019.21,44211.31,44211.2,Home & Kitchen,Offline,Medium Value,Silver,324,High,1
CUST103048,Angela Reyes,Male,23,Coimbatore,Tamil Nadu,2020-05-13,2026-06-12,36,5.89,36,1,3431.79,123544.44,123465.42,Grocery,Online,Medium Value,Gold,12,Low,0
CUST103049,Bianca Chavez,Female,38,Nashik,Maharashtra,2023-10-15,2025-05-06,11,4.1,88,8,2971.02,32681.22,32716.6,Electronics,Online,Medium Value,Bronze,414,High,0
CUST103050,Heather Allen,Male,21,Surat,Gujarat,2021-11-06,2026-06-07,40,8.65,80,2,4172.72,166908.8,166907.09,Sports,Online,Medium Value,Gold,17,Low,0
CUST103051,Elizabeth Nichols,Female,26,Nashik,Maharashtra,2020-09-22,2025-10-18,12,2.09,240,20,2876.77,34521.24,34552.04,Beauty,Online,Medium Value,Silver,249,High,0
CUST103052,Richard Hartman,Female,38,Surat,Gujarat,2020-09-07,2025-06-29,35,6.05,630,18,200.0,7000.0,7003.26,Sports,Online,Low Value,Bronze,360,High,0
CUST103053,Mary Hill,Female,29,Coimbatore,Tamil Nadu,2019-08-12,2024-12-13,25,3.64,425,17,2696.86,67421.5,67352.02,Fashion,Offline,Medium Value,Silver,558,High,0
CUST103054,Lori Little,Female,25,Ranchi,Jharkhand,2022-12-17,2026-02-15,36,10.25,756,21,3512.77,126459.72,126476.55,Fashion,Offline,Medium Value,Gold,129,Low,0
CUST103055,Ashley Stevens,Male,22,Hyderabad,Telangana,2021-07-28,2026-02-18,16,3.26,96,6,689.44,11031.04,11014.81,Sports,Online,Low Value,Bronze,126,Medium,0
CUST103056,Ashley Campbell,Female,30,Nagpur,Maharashtra,2019-03-28,2025-12-04,33,4.56,528,16,2932.17,96761.61,96752.22,Grocery,Online,Medium Value,Silver,202,High,0
CUST103057,Anna Snyder,Male,46,Chandigarh,Chandigarh,2019-08-31,2026-06-19,75,11.01,1725,23,6681.65,501123.75,500906.42,Home & Kitchen,Offline,High Value,Gold,5,Low,0
CUST103058,Ryan Myers,Female,30,Chandigarh,Chandigarh,2019-10-06,2026-05-17,84,12.52,2352,28,11180.02,939121.68,939290.64,Sports,Online,High Value,Platinum,38,Low,0
CUST103059,Alex Jones DVM,Male,32,Chennai,Tamil Nadu,2022-02-22,2026-06-10,1,0.5,9,9,2569.4,2569.4,5560.88,Beauty,Online,Low Value,Bronze,14,Low,1
CUST103060,Michael Brooks,Female,35,Hyderabad,Telangana,2023-02-14,2026-05-25,33,9.85,495,15,4432.4,146269.2,146307.43,Grocery,Offline,Medium Value,Gold,30,Low,0
CUST103061,Terry Stokes,Female,27,Coimbatore,Tamil Nadu,2020-05-07,2025-12-04,79,12.9,2686,34,13834.32,1092911.28,1093007.86,Sports,Online,High Value,Platinum,202,High,0
CUST103062,Adam White,Female,18,Chennai,Tamil Nadu,2023-12-18,2025-09-13,12,4.78,156,13,3234.2,38810.4,38812.7,Beauty,Online,Medium Value,Silver,284,High,0
CUST103063,Lisa Johnson,Male,30,Chandigarh,Chandigarh,2021-07-19,2026-01-02,22,4.47,176,8,1181.68,25996.96,26016.47,Grocery,Online,Medium Value,Bronze,173,Medium,0
CUST103064,Wendy Webb,Male,32,Surat,Gujarat,2022-02-18,2026-05-26,19,4.38,304,16,3241.6,61590.4,61613.03,Grocery,Online,Medium Value,Silver,29,Low,0
CUST103065,Kimberly Moore,Other,18,Kochi,Kerala,2023-04-20,2026-05-05,21,6.62,441,21,2718.08,57079.68,57097.02,Beauty,Online,Medium Value,Silver,50,Low,0
CUST103066,Tammy Lee,Female,40,Lucknow,Uttar Pradesh,2021-10-14,2026-06-02,135,28.8,4185,31,10474.64,1414076.4,1413986.06,Sports,Online,High Value,Platinum,22,Low,0
CUST103067,Alexander Hunt,Male,26,Kochi,Kerala,2019-03-22,2025-05-25,6,0.83,12,2,1417.11,8502.66,8530.48,Grocery,Offline,Low Value,Bronze,395,High,1
CUST103068,Sean Wilson,Female,35,Chennai,Tamil Nadu,2020-01-30,2026-04-04,27,4.22,459,17,1624.54,43862.58,43826.78,Sports,Offline,Medium Value,Silver,81,Low,0
CUST103069,Garrett Robinson,Female,48,Kochi,Kerala,2022-03-18,2025-02-19,24,5.63,336,14,7593.71,182249.04,182247.17,Beauty,Online,Medium Value,Gold,490,High,0
CUST103070,Teresa Adams,Female,34,Guwahati,Assam,2023-05-14,2025-02-04,3,0.97,24,8,989.23,2967.69,2981.77,Electronics,Offline,Low Value,Bronze,505,High,1
CUST103071,Dr. Gregory Arnold,Female,24,Vadodara,Gujarat,2023-03-27,2025-06-27,21,6.48,231,11,3745.62,78658.02,78612.8,Grocery,Online,Medium Value,Silver,362,High,0
CUST103072,Patrick Simpson,Male,50,Guwahati,Assam,2021-10-08,2026-06-15,16,3.4,144,9,5159.96,82559.36,82519.8,Home & Kitchen,Online,Medium Value,Silver,9,Low,0
CUST103073,Jennifer Lee,Female,29,Nagpur,Maharashtra,2024-01-10,2026-05-27,18,7.35,270,15,3974.52,71541.36,71502.19,Grocery,Offline,Medium Value,Silver,28,Low,0
CUST103074,Michael Clay,Female,39,Kolkata,West Bengal,2023-05-10,2025-02-22,23,7.38,207,9,1490.42,34279.66,34300.35,Beauty,Offline,Medium Value,Silver,487,High,0
CUST103075,James Silva,Male,45,Kolkata,West Bengal,2023-07-02,2026-05-01,4,1.35,12,3,1674.67,6698.68,6722.06,Grocery,Offline,Low Value,Bronze,54,Low,1
CUST103076,Emily Bauer,Male,40,Ranchi,Jharkhand,2021-04-04,2025-11-16,6,1.15,6,1,1072.55,6435.3,6433.1,Fashion,Online,Low Value,Bronze,220,High,1
CUST103077,Katherine Andrade,Other,36,Surat,Gujarat,2019-11-25,2026-06-21,44,6.69,792,18,8947.5,393690.0,393486.43,Sports,Online,High Value,Gold,3,Low,0
CUST103078,Paul Cabrera,Female,33,Delhi,Delhi,2020-06-07,2025-12-30,132,21.86,3300,25,7376.99,973762.68,973967.88,Electronics,Offline,High Value,Platinum,176,Medium,0
CUST103079,Lisa Patterson,Female,18,Nashik,Maharashtra,2020-01-17,2026-06-04,6,0.93,18,3,1170.57,7023.42,6998.23,Grocery,Online,Low Value,Bronze,20,Low,1
CUST103080,Jacqueline Chen,Female,58,Kolkata,West Bengal,2022-12-19,2025-05-19,4,1.14,24,6,2278.09,9112.36,9108.24,Beauty,Online,Low Value,Bronze,401,High,1
CUST103081,Christopher Johnson,Male,30,Chandigarh,Chandigarh,2019-09-08,2026-04-02,12,1.77,72,6,1682.66,20191.92,20214.17,Beauty,Offline,Medium Value,Bronze,83,Low,1
CUST103082,Laurie Carter,Male,70,Guwahati,Assam,2021-12-11,2026-05-26,29,6.4,493,17,4352.43,126220.47,126141.23,Home & Kitchen,Online,Medium Value,Gold,29,Low,0
CUST103083,Maria Sanford,Female,21,Kanpur,Uttar Pradesh,2022-03-02,2026-05-01,36,8.36,504,14,982.88,35383.68,35387.12,Sports,Online,Medium Value,Silver,54,Low,0
CUST103084,Allen White,Female,45,Ranchi,Jharkhand,2024-04-19,2026-03-16,7,3.22,14,2,2240.24,15681.68,15681.25,Electronics,Offline,Medium Value,Bronze,100,Medium,0
CUST103085,Richard Howard,Male,32,Ranchi,Jharkhand,2022-03-23,2025-11-08,8,1.88,128,16,1543.91,12351.28,12333.36,Grocery,Online,Low Value,Bronze,228,High,1
CUST103086,Matthew Watson,Female,26,Kanpur,Uttar Pradesh,2023-05-23,2026-04-02,48,15.57,1104,23,3600.15,172807.2,172805.43,Grocery,Online,Medium Value,Gold,83,Low,0
CUST103087,Barbara Flores,Female,40,Vadodara,Gujarat,2023-11-21,2026-06-18,75,29.02,825,11,15169.19,1137689.25,1137736.18,Sports,Online,High Value,Platinum,6,Low,0
CUST103088,Gary Marshall,Female,32,Jaipur,Rajasthan,2021-06-08,2026-05-27,26,5.16,104,4,2939.9,76437.4,76420.5,Beauty,Online,Medium Value,Silver,28,Low,0
CUST103089,Stephanie Hoffman,Female,25,Delhi,Delhi,2020-02-25,2025-12-16,5,0.79,55,11,1686.27,8431.35,8421.47,Grocery,Online,Low Value,Bronze,190,High,1
CUST103090,Lance Rose,Male,54,Indore,Madhya Pradesh,2022-07-11,2026-03-30,12,3.04,180,15,3291.2,39494.4,39500.53,Sports,Offline,Medium Value,Silver,86,Low,0
CUST103091,Donald Franklin,Male,31,Surat,Gujarat,2020-03-12,2026-02-05,3,0.5,24,8,200.0,600.0,627.79,Home & Kitchen,Offline,Low Value,Bronze,139,Medium,1
CUST103092,Shannon Jones,Male,37,Mumbai,Maharashtra,2020-07-26,2025-12-27,19,3.22,304,16,7047.74,133907.06,134018.78,Beauty,Online,Medium Value,Gold,179,Low,0
CUST103093,Jennifer Avila,Female,24,Bengaluru,Karnataka,2022-03-23,2025-05-17,12,2.82,120,10,360.26,4323.12,4316.85,Grocery,Online,Low Value,Bronze,403,High,0
CUST103094,Francisco Gonzalez,Male,28,Vadodara,Gujarat,2021-12-26,2026-04-07,60,13.37,1920,32,8229.54,493772.4,493737.03,Grocery,Offline,High Value,Gold,78,Low,0
CUST103095,Kathleen Mooney,Female,41,Bengaluru,Karnataka,2022-02-20,2026-02-17,13,3.0,104,8,2448.7,31833.1,31838.13,Beauty,Online,Medium Value,Bronze,127,Medium,0
CUST103096,Caleb Jackson,Male,48,Madurai,Tamil Nadu,2022-02-10,2025-11-29,4,0.92,16,4,593.35,2373.4,2380.81,Electronics,Online,Low Value,Bronze,207,High,1
CUST103097,James Ray,Female,25,Ranchi,Jharkhand,2023-11-19,2026-02-15,110,42.47,2970,27,9647.88,1061266.8,1061243.56,Sports,Online,High Value,Platinum,129,Medium,0
CUST103098,Mason Chase,Male,36,Visakhapatnam,Andhra Pradesh,2019-12-11,2026-06-05,69,10.57,2346,34,6212.89,428689.41,428811.88,Beauty,Online,High Value,Gold,19,Low,0
CUST103099,Susan Mitchell DVM,Female,48,Madurai,Tamil Nadu,2023-01-23,2026-06-13,26,7.62,182,7,6179.25,160660.5,160627.0,Sports,Online,Medium Value,Gold,11,Low,0
CUST103100,Steven Hull,Male,54,Indore,Madhya Pradesh,2021-10-14,2026-05-30,71,15.15,284,4,5563.08,394978.68,395040.37,Grocery,Online,High Value,Gold,25,Low,0
CUST103101,Matthew Jones,Male,25,Madurai,Tamil Nadu,2019-01-17,2025-02-17,12,1.62,36,3,729.38,8752.56,8776.64,Grocery,Online,Low Value,Bronze,492,High,1
CUST103102,Robert Cummings,Male,36,Pune,Maharashtra,2019-11-24,2026-05-22,2,0.5,4,2,610.39,1220.78,2007.06,Fashion,Online,Low Value,Bronze,33,Low,1
CUST103103,Paul Ross,Male,25,Patna,Bihar,2022-02-17,2025-12-27,22,5.07,308,14,4239.39,93266.58,93330.65,Home & Kitchen,Online,Medium Value,Silver,179,Medium,0
CUST103104,Emily Salazar,Other,42,Nashik,Maharashtra,2020-08-14,2026-04-10,10,1.71,40,4,3037.1,30371.0,30399.94,Grocery,Online,Medium Value,Bronze,75,Low,1
CUST103105,Michael Gibson,Female,27,Ahmedabad,Gujarat,2021-03-30,2026-01-17,27,5.16,216,8,2909.34,78552.18,78503.19,Beauty,Online,Medium Value,Silver,158,Medium,0
CUST103106,Tracy Martinez,Female,69,Vadodara,Gujarat,2023-09-27,2026-02-09,10,3.66,100,10,851.13,8511.3,8520.25,Beauty,Offline,Low Value,Bronze,135,Medium,0
CUST103107,Luke Johnson,Male,26,Lucknow,Uttar Pradesh,2023-03-12,2026-05-24,74,22.56,2368,32,3664.54,271175.96,271159.71,Sports,Online,High Value,Gold,31,Low,0
CUST103108,Adam Garcia,Male,50,Kanpur,Uttar Pradesh,2021-01-09,2025-07-31,14,2.57,196,14,3636.68,50913.52,50921.49,Beauty,Offline,Medium Value,Silver,328,High,0
CUST103109,Michael Graham,Male,18,Jaipur,Rajasthan,2019-02-04,2025-05-11,8,1.08,88,11,5032.87,40262.96,40105.88,Sports,Online,Medium Value,Silver,409,High,1
CUST103110,Corey Barrera,Female,46,Bengaluru,Karnataka,2023-12-18,2026-06-10,22,8.76,154,7,2657.1,58456.2,58437.43,Sports,Offline,Medium Value,Silver,14,Low,0
CUST103111,Steven Mayo,Male,35,Chandigarh,Chandigarh,2022-09-06,2026-04-10,17,4.48,102,6,1235.63,21005.71,20990.66,Fashion,Online,Medium Value,Bronze,75,Low,0
CUST103112,Shawna Green,Female,23,Chennai,Tamil Nadu,2019-01-15,2026-06-04,1,0.5,6,6,930.89,930.89,3459.78,Home & Kitchen,Offline,Low Value,Bronze,20,Low,1
CUST103113,Ashley Valentine,Male,49,Bengaluru,Karnataka,2020-05-18,2026-06-20,42,6.89,462,11,13251.84,556577.28,556455.37,Electronics,Offline,High Value,Gold,4,Low,0
CUST103114,Gary Salazar,Male,28,Bengaluru,Karnataka,2019-08-14,2026-04-25,95,13.86,1900,20,11961.28,1136321.6,1136540.69,Beauty,Offline,High Value,Platinum,60,Low,0
CUST103115,Debra Jackson,Male,27,Patna,Bihar,2023-09-20,2026-05-24,5,1.82,35,7,1014.44,5072.2,5085.17,Fashion,Offline,Low Value,Bronze,31,Low,1
CUST103116,Joe Martinez,Male,64,Nagpur,Maharashtra,2021-01-18,2026-01-19,4,0.74,32,8,200.0,800.0,802.7,Electronics,Offline,Low Value,Bronze,156,Medium,1
CUST103117,Nicole Barron,Female,40,Jaipur,Rajasthan,2022-03-02,2026-04-22,95,22.06,1615,17,7613.68,723299.6,723333.58,Electronics,Online,High Value,Platinum,63,Low,0
CUST103118,Jennifer Griffin,Male,31,Bhopal,Madhya Pradesh,2022-03-12,2026-04-15,12,2.8,84,7,4466.51,53598.12,53517.41,Sports,Online,Medium Value,Silver,70,Low,0
CUST103119,Joseph Lane,Male,35,Coimbatore,Tamil Nadu,2019-01-21,2026-06-19,7,0.94,98,14,5212.9,36490.3,36343.44,Sports,Online,Medium Value,Silver,5,Low,1
CUST103120,Vanessa Morris,Female,31,Pune,Maharashtra,2021-12-07,2026-02-26,24,5.29,384,16,4142.89,99429.36,99484.03,Electronics,Offline,Medium Value,Silver,118,Medium,0
CUST103121,Courtney Baker,Male,40,Jaipur,Rajasthan,2023-06-02,2026-02-12,22,7.2,110,5,426.53,9383.66,9383.31,Sports,Offline,Low Value,Bronze,132,Medium,0
CUST103122,Bradley Hansen,Male,48,Nashik,Maharashtra,2020-08-06,2026-06-04,112,19.06,1680,15,17690.36,1981320.32,1981066.53,Sports,Online,High Value,Platinum,20,Low,0
CUST103123,Mary Moss,Female,47,Visakhapatnam,Andhra Pradesh,2023-05-24,2025-04-10,15,4.87,135,9,2844.99,42674.85,42674.85,Grocery,Online,Medium Value,Silver,440,High,0
CUST103124,Blake Bonilla,Female,45,Kochi,Kerala,2019-05-09,2024-06-06,5,0.7,35,7,1671.03,8355.15,8329.76,Sports,Offline,Low Value,Bronze,748,High,1
CUST103125,Adam Robinson,Male,40,Delhi,Delhi,2019-03-30,2026-05-29,21,2.9,378,18,551.13,11573.73,11556.6,Home & Kitchen,Offline,Low Value,Bronze,26,Low,0
CUST103126,Chelsea Garcia,Female,54,Guwahati,Assam,2020-05-10,2026-05-19,10,1.63,150,15,3265.36,32653.6,32554.54,Home & Kitchen,Online,Medium Value,Bronze,36,Low,1
CUST103127,Kevin Rose,Female,46,Ranchi,Jharkhand,2019-09-03,2026-04-26,105,15.44,1365,13,13314.01,1397971.05,1398033.38,Sports,Online,High Value,Platinum,59,Low,0
CUST103128,Paige Collins,Male,28,Jaipur,Rajasthan,2022-02-13,2026-05-28,5,1.15,20,4,200.0,1000.0,1001.23,Sports,Offline,Low Value,Bronze,27,Low,1
CUST103129,Christian Wagner,Male,52,Guwahati,Assam,2024-03-27,2025-01-06,3,1.34,6,2,510.94,1532.82,1531.46,Sports,Online,Low Value,Bronze,534,High,1
CUST103130,Colleen Cox,Male,28,Lucknow,Uttar Pradesh,2020-02-10,2026-03-10,9,1.41,54,6,3028.97,27260.73,27174.4,Sports,Online,Medium Value,Bronze,106,Medium,1
CUST103131,Shawna Palmer,Female,32,Chennai,Tamil Nadu,2020-04-09,2026-02-22,2,0.5,18,9,1466.27,2932.54,4546.34,Sports,Offline,Low Value,Bronze,122,Medium,1
CUST103132,Chelsea Ramirez,Female,26,Nagpur,Maharashtra,2021-03-22,2025-01-11,1,0.5,6,6,200.0,200.0,525.12,Home & Kitchen,Offline,Low Value,Bronze,529,High,1
CUST103133,Eric Kane,Male,36,Madurai,Tamil Nadu,2021-01-12,2026-04-18,5,0.92,25,5,2091.26,10456.3,10466.55,Fashion,Offline,Low Value,Bronze,67,Low,1
CUST103134,Bridget Walter,Female,38,Chennai,Tamil Nadu,2019-09-19,2026-02-10,13,1.92,65,5,4052.7,52685.1,52577.58,Beauty,Online,Medium Value,Silver,134,Medium,1
CUST103135,Cynthia Shannon,Male,21,Bhopal,Madhya Pradesh,2022-09-08,2025-10-24,25,6.6,75,3,5830.57,145764.25,145709.18,Sports,Online,Medium Value,Gold,243,High,0
CUST103136,Allen Stanley,Male,19,Kolkata,West Bengal,2020-04-21,2025-04-29,1,0.5,4,4,700.61,700.61,2160.81,Home & Kitchen,Online,Low Value,Bronze,421,High,1
CUST103137,Derek Mcintosh,Male,40,Lucknow,Uttar Pradesh,2024-04-09,2024-12-06,1,0.5,14,14,1492.89,1492.89,1643.1,Beauty,Online,Low Value,Bronze,565,High,1
CUST103138,Jeffrey Hernandez,Female,57,Surat,Gujarat,2021-10-09,2025-10-03,45,9.57,900,20,2694.63,121258.35,121224.71,Beauty,Offline,Medium Value,Silver,264,High,0
CUST103139,Katie Brown,Female,35,Kolkata,West Bengal,2020-03-01,2026-04-03,108,17.12,2916,27,13694.05,1478957.4,1478862.92,Electronics,Online,High Value,Platinum,82,Low,0
CUST103140,Brent Wong,Male,21,Kolkata,West Bengal,2021-04-10,2026-01-16,20,3.85,300,15,814.24,16284.8,16298.51,Home & Kitchen,Offline,Medium Value,Bronze,159,Medium,0
CUST103141,Jenny Carter,Male,48,Surat,Gujarat,2020-07-19,2023-08-31,19,3.21,57,3,200.0,3800.0,3803.66,Sports,Online,Low Value,Bronze,1028,High,0
CUST103142,Kirk Moreno,Female,39,Pune,Maharashtra,2020-08-25,2024-11-25,37,6.35,703,19,2546.94,94236.78,94182.39,Home & Kitchen,Online,Medium Value,Silver,576,High,0
CUST103143,Jeffrey Maldonado DDS,Male,18,Hyderabad,Telangana,2022-08-04,2026-05-31,13,3.35,260,20,6706.72,87187.36,87225.0,Sports,Offline,Medium Value,Silver,24,Low,0
CUST103144,Colleen Brown,Male,36,Ahmedabad,Gujarat,2023-06-04,2025-08-11,6,1.97,84,14,200.0,1200.0,1201.69,Electronics,Offline,Low Value,Bronze,317,High,1
CUST103145,Derek Jones,Female,23,Pune,Maharashtra,2023-03-05,2024-05-01,28,8.49,196,7,5588.85,156487.8,156540.59,Grocery,Offline,Medium Value,Gold,784,High,0
CUST103146,Darrell Oliver,Male,45,Coimbatore,Tamil Nadu,2020-06-01,2026-02-16,4,0.66,20,5,649.95,2599.8,2597.88,Sports,Online,Low Value,Bronze,128,Medium,1
CUST103147,Jenna Garcia,Other,23,Bengaluru,Karnataka,2021-07-07,2025-10-25,13,2.62,156,12,3722.62,48394.06,48359.1,Fashion,Offline,Medium Value,Silver,242,High,0
CUST103148,Sherry Adams,Male,51,Lucknow,Uttar Pradesh,2019-06-11,2025-02-19,15,2.13,150,10,347.24,5208.6,5200.13,Home & Kitchen,Online,Low Value,Bronze,490,High,0
CUST103149,Richard Bailey,Female,18,Nagpur,Maharashtra,2023-12-01,2025-04-10,20,7.82,40,2,3131.14,62622.8,62613.2,Beauty,Online,Medium Value,Silver,440,High,0
CUST103150,Kyle Gross,Male,43,Pune,Maharashtra,2019-04-26,2026-06-19,32,4.47,384,12,5048.01,161536.32,161489.05,Beauty,Online,Medium Value,Gold,5,Low,0
CUST103151,Jonathan Graves,Male,33,Bhopal,Madhya Pradesh,2022-05-29,2026-03-20,13,3.2,169,13,5252.54,68283.02,68336.95,Grocery,Online,Medium Value,Silver,96,Medium,0
CUST103152,Eric Knox,Male,27,Delhi,Delhi,2020-07-05,2026-01-30,3,0.5,6,2,868.19,2604.57,2588.53,Grocery,Online,Low Value,Bronze,145,Medium,1
CUST103153,Ethan Jones,Male,36,Nashik,Maharashtra,2024-04-12,2026-03-05,9,4.1,72,8,2357.91,21221.19,21200.85,Beauty,Offline,Medium Value,Bronze,111,Medium,0
CUST103154,Steven Thomas,Female,50,Kanpur,Uttar Pradesh,2020-07-17,2026-06-03,29,4.89,522,18,2697.42,78225.18,78221.41,Fashion,Online,Medium Value,Silver,21,Low,0
CUST103155,John Cook,Male,37,Delhi,Delhi,2020-06-22,2026-05-08,44,7.34,572,13,2591.99,114047.56,114125.2,Home & Kitchen,Online,Medium Value,Silver,47,Low,0
CUST103156,Dennis Jones,Female,39,Bengaluru,Karnataka,2024-05-21,2025-02-12,11,5.27,22,2,2500.43,27504.73,27490.97,Beauty,Offline,Medium Value,Bronze,497,High,0
CUST103157,Sarah Wheeler,Male,30,Patna,Bihar,2020-11-27,2026-03-15,100,17.97,1300,13,9828.41,982841.0,983056.54,Sports,Online,High Value,Platinum,101,Medium,0
CUST103158,Lauren Freeman,Male,18,Vadodara,Gujarat,2021-05-10,2026-05-31,10,1.95,50,5,1426.69,14266.9,14235.85,Beauty,Online,Low Value,Bronze,24,Low,1
CUST103159,Brian Fuentes,Male,39,Visakhapatnam,Andhra Pradesh,2021-10-13,2026-06-21,8,1.71,104,13,2440.88,19527.04,19575.36,Electronics,Offline,Medium Value,Bronze,3,Low,1
CUST103160,Wanda Conley,Female,38,Visakhapatnam,Andhra Pradesh,2022-12-31,2026-06-18,21,6.04,399,19,3346.0,70266.0,70215.71,Grocery,Offline,Medium Value,Silver,6,Low,0
CUST103161,Carol Thomas,Male,47,Bhopal,Madhya Pradesh,2021-09-02,2026-06-01,128,26.65,2048,16,11415.64,1461201.92,1460955.01,Grocery,Offline,High Value,Platinum,23,Low,0
CUST103162,Eric Fitzgerald,Male,42,Guwahati,Assam,2022-01-06,2026-03-09,23,5.16,230,10,2627.44,60431.12,60429.18,Fashion,Offline,Medium Value,Silver,107,Medium,0
CUST103163,Nicholas Fritz,Other,35,Surat,Gujarat,2023-12-21,2026-04-29,12,4.8,240,20,5637.08,67644.96,67709.78,Beauty,Online,Medium Value,Silver,56,Low,0
CUST103164,John Diaz,Male,36,Vadodara,Gujarat,2024-05-15,2025-12-05,59,28.06,413,7,13234.49,780834.91,780846.87,Grocery,Offline,High Value,Platinum,201,High,0
CUST103165,Harold Mckinney,Female,39,Visakhapatnam,Andhra Pradesh,2021-12-28,2025-09-21,7,1.56,21,3,765.49,5358.43,5352.08,Fashion,Online,Low Value,Bronze,276,High,1
CUST103166,Patricia Vincent,Male,56,Indore,Madhya Pradesh,2023-09-27,2026-03-01,4,1.46,36,9,2195.71,8782.84,8768.05,Sports,Offline,Low Value,Bronze,115,Medium,1
CUST103167,Linda Rodriguez,Female,30,Nashik,Maharashtra,2020-10-19,2026-04-08,108,19.04,1296,12,5984.83,646361.64,646425.22,Sports,Online,High Value,Gold,77,Low,0
CUST103168,Monica Smith,Female,42,Guwahati,Assam,2024-05-16,2024-12-08,6,2.86,6,1,1246.42,7478.52,7485.75,Grocery,Offline,Low Value,Bronze,563,High,0
CUST103169,Selena Hopkins,Female,34,Nashik,Maharashtra,2023-11-26,2026-05-02,33,12.84,297,9,2117.42,69874.86,69895.21,Beauty,Offline,Medium Value,Silver,53,Low,0
CUST103170,Jonathan Sanchez,Male,36,Hyderabad,Telangana,2019-11-13,2026-05-11,30,4.54,240,8,200.0,6000.0,5998.64,Beauty,Offline,Low Value,Bronze,44,Low,0
CUST103171,Valerie Howard,Female,21,Vadodara,Gujarat,2022-10-19,2025-05-24,29,7.89,29,1,200.0,5800.0,5797.88,Fashion,Online,Low Value,Bronze,396,High,0
CUST103172,Cheryl Blevins,Male,30,Vadodara,Gujarat,2020-07-02,2026-05-19,41,6.87,1312,32,5872.03,240753.23,240885.38,Electronics,Offline,High Value,Gold,36,Low,0
CUST103173,Tracie Wiley,Male,40,Madurai,Tamil Nadu,2021-06-26,2026-06-20,74,14.83,2738,37,7193.41,532312.34,532150.06,Home & Kitchen,Online,High Value,Gold,4,Low,0
CUST103174,Stephanie Cole,Male,29,Bhopal,Madhya Pradesh,2023-03-05,2026-06-09,118,35.77,2832,24,9650.54,1138763.72,1138852.23,Home & Kitchen,Offline,High Value,Platinum,15,Low,0
CUST103175,Kelsey Baker,Female,36,Madurai,Tamil Nadu,2020-07-22,2026-06-06,88,14.87,1584,18,10880.47,957481.36,957245.13,Home & Kitchen,Online,High Value,Platinum,18,Low,0
CUST103176,Stacy Myers,Male,59,Indore,Madhya Pradesh,2023-06-14,2025-07-30,23,7.61,184,8,4144.82,95330.86,95338.69,Beauty,Offline,Medium Value,Silver,329,High,0
CUST103177,Xavier Parker,Female,18,Guwahati,Assam,2019-09-15,2025-08-13,4,0.59,24,6,2340.75,9363.0,9346.85,Beauty,Offline,Low Value,Bronze,315,High,1
CUST103178,Joseph Cooper,Male,37,Guwahati,Assam,2019-09-27,2026-05-11,1,0.5,3,3,1906.39,1906.39,6419.88,Home & Kitchen,Offline,Low Value,Bronze,44,Low,1
CUST103179,Jessica Gibson,Female,28,Bhopal,Madhya Pradesh,2021-03-11,2026-04-27,18,3.41,324,18,654.74,11785.32,11791.4,Beauty,Offline,Low Value,Bronze,58,Low,0
CUST103180,Rebecca Roberts,Female,55,Chandigarh,Chandigarh,2021-11-30,2026-06-03,72,15.79,1152,16,12207.45,878936.4,878680.72,Grocery,Online,High Value,Platinum,21,Low,0
CUST103181,Kathryn Jennings,Female,35,Bengaluru,Karnataka,2021-04-20,2026-03-23,25,4.83,450,18,3963.11,99077.75,98997.67,Fashion,Online,Medium Value,Silver,93,Medium,0
CUST103182,Chris Levy,Male,37,Nashik,Maharashtra,2021-05-27,2025-09-09,10,1.97,100,10,3349.73,33497.3,33460.07,Electronics,Online,Medium Value,Bronze,288,High,1
CUST103183,Mary Torres,Male,21,Guwahati,Assam,2019-01-02,2026-06-03,17,2.28,153,9,200.0,3400.0,3405.8,Sports,Offline,Low Value,Bronze,21,Low,0
CUST103184,Robert Smith,Female,22,Coimbatore,Tamil Nadu,2020-07-21,2026-02-07,40,6.76,240,6,831.78,33271.2,33282.86,Sports,Offline,Medium Value,Bronze,137,Medium,0
CUST103185,Douglas Watkins,Female,37,Visakhapatnam,Andhra Pradesh,2020-07-05,2025-11-20,34,5.7,476,14,1786.23,60731.82,60712.75,Grocery,Offline,Medium Value,Silver,216,High,0
CUST103186,Eric Jordan,Female,44,Guwahati,Assam,2021-10-04,2025-11-10,31,6.58,341,11,1807.93,56045.83,56085.48,Electronics,Online,Medium Value,Silver,226,High,0
CUST103187,April King,Male,45,Nagpur,Maharashtra,2023-12-20,2024-02-15,32,12.77,32,1,4951.78,158456.96,158410.19,Home & Kitchen,Offline,Medium Value,Gold,860,High,0
CUST103188,Douglas Trevino,Male,22,Lucknow,Uttar Pradesh,2019-10-19,2026-03-24,3,0.5,12,4,800.94,2402.82,2673.09,Home & Kitchen,Offline,Low Value,Bronze,92,Medium,1
CUST103189,Patricia Moore,Male,37,Patna,Bihar,2021-09-07,2026-01-26,1,0.5,8,8,1341.57,1341.57,3212.05,Grocery,Offline,Low Value,Bronze,149,Medium,1
CUST103190,Devin Ferrell,Female,23,Kolkata,West Bengal,2020-07-28,2025-09-06,28,4.75,420,15,200.0,5600.0,5605.07,Sports,Offline,Low Value,Bronze,291,High,0
CUST103191,Kevin Miller,Female,44,Jaipur,Rajasthan,2023-06-22,2024-08-21,3,1.0,27,9,1996.13,5988.39,5989.76,Sports,Online,Low Value,Bronze,672,High,1
CUST103192,John Gomez,Male,58,Chennai,Tamil Nadu,2022-02-12,2026-04-03,10,2.3,50,5,1337.76,13377.6,13402.51,Sports,Offline,Low Value,Bronze,82,Low,0
CUST103193,Mandy Henderson,Female,51,Delhi,Delhi,2023-01-30,2026-05-24,20,5.9,180,9,5750.16,115003.2,115083.49,Beauty,Offline,Medium Value,Silver,31,Low,0
CUST103194,Annette Green,Female,42,Kolkata,West Bengal,2022-09-11,2025-08-23,17,4.5,51,3,2635.02,44795.34,44800.75,Electronics,Online,Medium Value,Silver,305,High,0
CUST103195,Eric Elliott,Male,48,Nashik,Maharashtra,2019-03-07,2025-11-15,26,3.56,208,8,4080.84,106101.84,105960.39,Beauty,Online,Medium Value,Silver,221,High,0
CUST103196,Erica Lane,Male,44,Madurai,Tamil Nadu,2022-01-17,2026-05-18,1,0.5,8,8,2099.45,2099.45,4647.24,Electronics,Online,Low Value,Bronze,37,Low,1
CUST103197,Christina Taylor,Female,30,Surat,Gujarat,2024-01-01,2026-05-17,10,4.04,30,3,200.0,2000.0,1997.6,Home & Kitchen,Offline,Low Value,Bronze,38,Low,0
CUST103198,Elizabeth Miller,Male,18,Pune,Maharashtra,2019-10-28,2026-06-16,128,19.25,2432,19,18480.28,2365475.84,2365792.07,Fashion,Online,High Value,Platinum,8,Low,0
CUST103199,Lori Gardner,Female,34,Chennai,Tamil Nadu,2019-01-10,2025-07-25,8,1.07,168,21,3381.52,27052.16,26944.77,Electronics,Online,Medium Value,Bronze,334,High,1
CUST103200,Shawn Kim,Female,51,Nashik,Maharashtra,2020-01-30,2025-11-08,20,3.13,120,6,2785.32,55706.4,55733.47,Fashion,Offline,Medium Value,Silver,228,High,0
CUST103201,Jeremy Edwards,Female,18,Nashik,Maharashtra,2022-12-01,2026-03-19,30,8.44,240,8,1511.52,45345.6,45370.68,Grocery,Online,Medium Value,Silver,97,Medium,0
CUST103202,Michelle Mcdonald,Female,38,Indore,Madhya Pradesh,2024-01-23,2025-10-30,53,21.97,795,15,12055.56,638944.68,638856.22,Home & Kitchen,Offline,High Value,Gold,237,High,0
CUST103203,Jason Jenkins,Female,56,Ahmedabad,Gujarat,2020-09-11,2026-05-20,6,1.04,48,8,1345.77,8074.62,8085.31,Fashion,Online,Low Value,Bronze,35,Low,1
CUST103204,Justin Bernard,Female,39,Patna,Bihar,2020-11-09,2026-06-04,21,3.74,21,1,4344.74,91239.54,91245.37,Home & Kitchen,Online,Medium Value,Silver,20,Low,0
CUST103205,Peter Gilbert,Male,33,Ranchi,Jharkhand,2023-06-09,2026-03-26,5,1.65,25,5,1060.69,5303.45,5313.9,Sports,Online,Low Value,Bronze,90,Low,1
CUST103206,David Hunt,Male,18,Chennai,Tamil Nadu,2022-02-07,2026-05-24,5,1.14,25,5,364.46,1822.3,1815.5,Electronics,Offline,Low Value,Bronze,31,Low,1
CUST103207,Joshua Cunningham,Male,59,Chennai,Tamil Nadu,2021-07-14,2026-03-27,2,0.5,8,4,1410.0,2820.0,3482.05,Beauty,Online,Low Value,Bronze,89,Low,1
CUST103208,Pedro Long,Female,27,Pune,Maharashtra,2020-08-01,2025-10-09,5,0.85,30,6,3034.77,15173.85,15191.3,Electronics,Online,Medium Value,Bronze,258,High,1
CUST103209,Aaron Aguirre,Male,18,Ahmedabad,Gujarat,2020-06-04,2025-01-13,17,2.81,204,12,1552.31,26389.27,26380.94,Home & Kitchen,Online,Medium Value,Bronze,527,High,0
CUST103210,Julia Brown,Male,55,Chennai,Tamil Nadu,2020-10-31,2026-04-01,23,4.08,161,7,6881.55,158275.65,158351.95,Grocery,Online,Medium Value,Gold,84,Low,0
CUST103211,Ronald Santos,Female,41,Pune,Maharashtra,2020-06-18,2025-03-12,32,5.32,512,16,3398.75,108760.0,108661.36,Home & Kitchen,Online,Medium Value,Silver,469,High,0
CUST103212,Brent Roberts,Female,34,Hyderabad,Telangana,2023-01-09,2026-02-08,51,14.78,1275,25,6148.67,313582.17,313498.84,Fashion,Offline,High Value,Gold,136,Low,0
CUST103213,Mr. Antonio Yang,Male,33,Lucknow,Uttar Pradesh,2021-12-26,2026-03-01,20,4.46,180,9,200.0,4000.0,4002.7,Sports,Online,Low Value,Bronze,115,Medium,0
CUST103214,Nancy Brown,Male,37,Vadodara,Gujarat,2022-05-03,2025-12-27,19,4.59,399,21,4671.29,88754.51,88700.03,Home & Kitchen,Online,Medium Value,Silver,179,Medium,0
CUST103215,Charles Yang,Female,37,Pune,Maharashtra,2022-05-11,2025-12-06,87,21.14,1740,20,8873.46,771991.02,771910.12,Grocery,Offline,High Value,Platinum,200,High,0
CUST103216,Danny Lowe PhD,Male,36,Patna,Bihar,2021-06-25,2026-04-07,55,11.02,1430,26,8880.47,488425.85,488443.11,Electronics,Online,High Value,Gold,78,Low,0
CUST103217,Eric Hays,Female,35,Chandigarh,Chandigarh,2023-12-17,2025-12-11,63,25.07,1323,21,6805.71,428759.73,428825.13,Beauty,Offline,High Value,Gold,195,High,0
CUST103218,John Watts,Male,37,Visakhapatnam,Andhra Pradesh,2019-07-30,2026-05-18,1,0.5,6,6,1480.04,1480.04,5103.66,Sports,Offline,Low Value,Bronze,37,Low,1
CUST103219,Aaron Munoz,Male,18,Ranchi,Jharkhand,2019-06-24,2025-12-15,2,0.5,18,9,1947.25,3894.5,6810.71,Electronics,Offline,Low Value,Bronze,191,High,1
CUST103220,Brent Harris,Male,22,Surat,Gujarat,2019-12-21,2025-05-02,31,4.77,341,11,1837.26,56955.06,56985.24,Grocery,Online,Medium Value,Silver,418,High,0
CUST103221,Ross Wallace,Female,27,Visakhapatnam,Andhra Pradesh,2020-03-16,2025-11-30,151,24.09,4681,31,1783.42,269296.42,269243.98,Beauty,Online,High Value,Gold,206,High,0
CUST103222,Bryan Sullivan,Female,34,Vadodara,Gujarat,2024-02-28,2026-03-23,90,38.9,2340,26,6315.32,568378.8,568344.22,Home & Kitchen,Offline,High Value,Gold,93,Low,0
CUST103223,Dr. Sarah Payne,Male,31,Vadodara,Gujarat,2023-09-11,2025-09-01,30,10.8,810,27,9163.36,274900.8,275013.7,Grocery,Online,High Value,Gold,296,High,0
CUST103224,Melanie Villarreal,Female,35,Lucknow,Uttar Pradesh,2023-03-09,2026-06-15,98,29.8,2842,29,13368.41,1310104.18,1309932.16,Beauty,Online,High Value,Platinum,9,Low,0
CUST103225,Jessica Fields,Male,37,Bengaluru,Karnataka,2019-03-21,2026-03-02,3,0.5,18,6,1247.59,3742.77,4525.82,Fashion,Online,Low Value,Bronze,114,Medium,1
CUST103226,Robert Sandoval,Male,40,Vadodara,Gujarat,2021-10-27,2025-06-08,30,6.45,240,8,3373.43,101202.9,101212.6,Grocery,Offline,Medium Value,Silver,381,High,0
CUST103227,Patrick Payne,Female,18,Vadodara,Gujarat,2024-05-19,2025-12-07,24,11.47,24,1,2216.07,53185.68,53167.96,Fashion,Offline,Medium Value,Silver,199,High,0
CUST103228,Dylan Contreras,Female,28,Kochi,Kerala,2021-07-06,2026-05-04,53,10.68,1060,20,8385.2,444415.6,444275.79,Home & Kitchen,Online,High Value,Gold,51,Low,0
CUST103229,Katherine Contreras,Female,45,Patna,Bihar,2022-11-05,2026-05-16,29,7.99,261,9,4975.61,144292.69,144217.77,Grocery,Online,Medium Value,Gold,39,Low,0
CUST103230,Michael Rodriguez,Female,40,Kochi,Kerala,2024-02-26,2026-02-07,27,11.64,162,6,3162.04,85375.08,85351.97,Grocery,Online,Medium Value,Silver,137,Medium,0
CUST103231,Jeffery Johnson,Male,18,Vadodara,Gujarat,2021-07-11,2026-06-19,29,5.86,435,15,3715.91,107761.39,107728.53,Beauty,Online,Medium Value,Silver,5,Low,0
CUST103232,Justin Smith,Male,36,Kolkata,West Bengal,2020-08-28,2026-01-03,22,3.78,418,19,6104.99,134309.78,134196.46,Beauty,Online,Medium Value,Gold,172,Low,0
CUST103233,Matthew Barry,Female,24,Vadodara,Gujarat,2021-04-17,2026-04-21,125,24.13,3375,27,9080.12,1135015.0,1134958.07,Sports,Offline,High Value,Platinum,64,Low,0
CUST103234,Amanda Meadows,Male,18,Pune,Maharashtra,2024-05-01,2026-03-08,18,8.41,252,14,5571.48,100286.64,100318.98,Home & Kitchen,Online,Medium Value,Silver,108,Medium,0
CUST103235,Julie Sharp,Female,24,Vadodara,Gujarat,2019-12-30,2026-04-28,11,1.7,66,6,3894.19,42836.09,42883.53,Electronics,Online,Medium Value,Silver,57,Low,1
CUST103236,William Howard,Female,42,Indore,Madhya Pradesh,2021-01-27,2026-06-12,30,5.56,360,12,5090.9,152727.0,152822.06,Home & Kitchen,Online,Medium Value,Gold,12,Low,0
CUST103237,Kathy Bailey,Female,25,Chennai,Tamil Nadu,2019-07-31,2026-04-20,2,0.5,16,8,1179.57,2359.14,4065.92,Beauty,Offline,Low Value,Bronze,65,Low,1
CUST103238,Jeanette Brown,Male,34,Vadodara,Gujarat,2019-10-21,2026-06-12,15,2.25,180,12,6391.16,95867.4,95906.77,Grocery,Offline,Medium Value,Silver,12,Low,0
CUST103239,Heather Ball,Female,29,Nagpur,Maharashtra,2021-11-06,2026-04-01,28,6.06,588,21,5513.99,154391.72,154517.62,Grocery,Offline,Medium Value,Gold,84,Low,0
CUST103240,Mike Buchanan,Male,38,Chandigarh,Chandigarh,2022-11-08,2026-05-03,42,11.6,714,17,2857.8,120027.6,119986.13,Grocery,Online,Medium Value,Silver,52,Low,0
CUST103241,Phillip Turner,Male,35,Bhopal,Madhya Pradesh,2021-01-10,2026-02-20,19,3.49,171,9,4692.95,89166.05,89189.95,Fashion,Online,Medium Value,Silver,124,Medium,0
CUST103242,Thomas Brewer,Male,29,Hyderabad,Telangana,2023-01-22,2026-06-19,28,8.2,504,18,4835.28,135387.84,135366.66,Electronics,Offline,Medium Value,Gold,5,Low,0
CUST103243,John Hopkins,Male,49,Nagpur,Maharashtra,2023-09-03,2026-02-13,13,4.64,65,5,1800.6,23407.8,23400.26,Electronics,Online,Medium Value,Bronze,131,Medium,0
CUST103244,Tammy Rowe,Male,30,Chandigarh,Chandigarh,2022-01-14,2025-08-13,12,2.71,144,12,1470.19,17642.28,17671.26,Grocery,Online,Medium Value,Bronze,315,High,0
CUST103245,Beverly Nguyen,Male,35,Lucknow,Uttar Pradesh,2024-03-26,2026-03-04,23,10.27,989,43,6266.26,144123.98,144125.87,Fashion,Offline,Medium Value,Gold,112,Low,0
CUST103246,Hannah Williamson,Male,65,Nashik,Maharashtra,2019-12-31,2026-05-11,20,3.09,20,1,1652.92,33058.4,33071.3,Fashion,Online,Medium Value,Bronze,44,Low,0
CUST103247,Andrew Christian,Male,62,Ahmedabad,Gujarat,2021-09-11,2026-03-23,15,3.14,150,10,4500.75,67511.25,67518.03,Beauty,Online,Medium Value,Silver,93,Medium,0
CUST103248,Brent Rodriguez,Female,40,Guwahati,Assam,2019-01-09,2023-01-12,6,0.81,48,8,1463.57,8781.42,8831.55,Sports,Online,Low Value,Bronze,1259,High,1
CUST103249,Karen Wolf,Female,53,Mumbai,Maharashtra,2023-08-15,2026-02-15,5,1.75,5,1,1489.37,7446.85,7435.64,Fashion,Online,Low Value,Bronze,129,Medium,1
CUST103250,Dr. Morgan Young,Male,57,Kanpur,Uttar Pradesh,2023-04-03,2026-04-25,13,4.04,156,12,2422.12,31487.56,31506.06,Beauty,Online,Medium Value,Bronze,60,Low,0
CUST103251,Carrie Stafford,Female,25,Chandigarh,Chandigarh,2023-08-26,2026-02-05,139,49.24,2363,17,12148.9,1688697.1,1688587.0,Sports,Online,High Value,Platinum,139,Medium,0
CUST103252,Jennifer Brown,Male,35,Guwahati,Assam,2023-12-25,2025-09-27,43,17.26,516,12,3309.6,142312.8,142320.5,Home & Kitchen,Online,Medium Value,Gold,270,High,0
CUST103253,Ashley Bradford,Female,48,Mumbai,Maharashtra,2023-04-04,2026-06-05,34,10.57,1258,37,7936.26,269832.84,269860.0,Fashion,Online,High Value,Gold,19,Low,0
CUST103254,Phillip Obrien,Male,22,Bhopal,Madhya Pradesh,2021-01-29,2025-08-26,17,3.15,85,5,4073.59,69251.03,69209.21,Grocery,Online,Medium Value,Silver,302,High,0
CUST103255,Tammy Morris,Male,31,Nagpur,Maharashtra,2019-02-14,2025-11-08,69,9.39,1656,24,4338.75,299373.75,299491.35,Sports,Offline,High Value,Gold,228,High,0
CUST103256,Jamie Zhang,Male,37,Bengaluru,Karnataka,2019-04-17,2025-08-22,10,1.39,20,2,3808.48,38084.8,38016.71,Electronics,Online,Medium Value,Silver,306,High,1
CUST103257,Christina King,Male,45,Kolkata,West Bengal,2021-09-06,2026-04-02,21,4.38,147,7,2299.61,48291.81,48258.76,Sports,Online,Medium Value,Silver,83,Low,0
CUST103258,Dustin Harris,Male,37,Lucknow,Uttar Pradesh,2020-10-16,2026-04-03,22,3.87,264,12,2897.03,63734.66,63693.02,Beauty,Online,Medium Value,Silver,82,Low,0
CUST103259,Robert Stokes,Female,63,Chennai,Tamil Nadu,2022-01-18,2025-10-11,2,0.5,12,6,945.71,1891.42,2092.08,Grocery,Online,Low Value,Bronze,256,High,1
CUST103260,Kevin Soto,Female,36,Lucknow,Uttar Pradesh,2023-04-21,2026-04-18,15,4.73,315,21,2695.06,40425.9,40415.5,Electronics,Online,Medium Value,Silver,67,Low,0
CUST103261,Christina Patrick,Male,41,Vadodara,Gujarat,2024-02-16,2025-12-11,7,2.98,63,9,200.0,1400.0,1398.42,Sports,Online,Low Value,Bronze,195,High,0
CUST103262,Heather Russell,Male,33,Ahmedabad,Gujarat,2022-05-15,2025-09-28,9,2.19,126,14,1202.92,10826.28,10811.66,Grocery,Offline,Low Value,Bronze,269,High,0
CUST103263,Andrea Lopez,Female,49,Pune,Maharashtra,2022-12-10,2026-01-25,63,17.84,1197,19,5988.31,377263.53,377310.26,Electronics,Offline,High Value,Gold,150,Low,0
CUST103264,Susan May,Female,45,Ranchi,Jharkhand,2020-02-04,2025-07-27,1,0.5,7,7,200.0,200.0,637.92,Sports,Offline,Low Value,Bronze,332,High,1
CUST103265,Ronnie Hudson MD,Male,35,Kanpur,Uttar Pradesh,2023-02-23,2026-03-15,66,19.84,1122,17,11966.63,789797.58,789768.09,Grocery,Online,High Value,Platinum,101,Medium,0
CUST103266,Luke Hansen,Male,35,Nashik,Maharashtra,2019-07-29,2025-10-02,34,4.93,850,25,4270.56,145199.04,145258.67,Grocery,Online,Medium Value,Gold,265,High,0
CUST103267,Austin Patterson,Male,57,Delhi,Delhi,2020-06-11,2026-06-02,15,2.49,120,8,4858.05,72870.75,72927.01,Fashion,Online,Medium Value,Silver,22,Low,0
CUST103268,Benjamin Miller,Male,19,Kolkata,West Bengal,2020-02-15,2024-11-11,33,5.2,429,13,1695.23,55942.59,55968.35,Beauty,Online,Medium Value,Silver,590,High,0
CUST103269,Elizabeth Wilson,Female,32,Madurai,Tamil Nadu,2023-03-18,2026-04-27,39,11.95,351,9,1812.28,70678.92,70677.18,Sports,Offline,Medium Value,Silver,58,Low,0
CUST103270,Kyle Rivera,Male,39,Kochi,Kerala,2021-03-03,2026-05-29,8,1.51,112,14,2168.06,17344.48,17361.52,Electronics,Online,Medium Value,Bronze,26,Low,1
CUST103271,Todd Nielsen,Male,28,Lucknow,Uttar Pradesh,2019-10-30,2026-05-30,96,14.45,1152,12,11670.06,1120325.76,1120522.26,Beauty,Online,High Value,Platinum,25,Low,0
CUST103272,Michael Jones,Female,24,Ahmedabad,Gujarat,2023-09-12,2026-04-29,6,2.16,30,5,2497.85,14987.1,14978.48,Home & Kitchen,Online,Medium Value,Bronze,56,Low,0
CUST103273,Tracy Jones,Male,53,Ahmedabad,Gujarat,2023-05-25,2026-06-12,21,6.82,63,3,200.0,4200.0,4197.5,Beauty,Offline,Low Value,Bronze,12,Low,0
CUST103274,Sarah Frederick,Male,39,Jaipur,Rajasthan,2022-02-25,2026-04-05,5,1.16,40,8,593.5,2967.5,2974.37,Home & Kitchen,Online,Low Value,Bronze,80,Low,1
CUST103275,Jennifer Brown,Male,53,Madurai,Tamil Nadu,2020-02-08,2026-01-10,7,1.1,56,8,1892.38,13246.66,13256.24,Fashion,Offline,Low Value,Bronze,165,Medium,1
CUST103276,Ashley Ruiz,Female,28,Pune,Maharashtra,2020-05-09,2026-01-14,4,0.65,4,1,251.11,1004.44,998.77,Electronics,Online,Low Value,Bronze,161,Medium,1
CUST103277,Deborah Johnson,Male,18,Madurai,Tamil Nadu,2022-07-09,2026-05-29,6,1.52,144,24,4836.93,29021.58,29066.34,Grocery,Online,Medium Value,Bronze,26,Low,1
CUST103278,Dean Cook,Female,42,Chennai,Tamil Nadu,2024-04-12,2025-10-28,8,3.65,32,4,3228.48,25827.84,25842.42,Fashion,Offline,Medium Value,Bronze,239,High,0
CUST103279,Brenda Payne,Male,37,Nagpur,Maharashtra,2023-11-09,2025-05-15,1,0.5,5,5,396.99,396.99,519.54,Home & Kitchen,Online,Low Value,Bronze,405,High,1
CUST103280,Tammy Alvarado,Male,28,Kochi,Kerala,2021-10-08,2026-03-22,24,5.1,240,10,200.0,4800.0,4797.7,Sports,Online,Low Value,Bronze,94,Medium,0
CUST103281,Cynthia Jones,Male,27,Bhopal,Madhya Pradesh,2020-05-20,2026-04-20,48,7.88,768,16,3053.1,146548.8,146491.29,Electronics,Online,Medium Value,Gold,65,Low,0
CUST103282,Sue Warner,Female,18,Chennai,Tamil Nadu,2019-03-30,2025-08-09,5,0.69,35,7,1010.29,5051.45,5040.5,Beauty,Offline,Low Value,Bronze,319,High,1
CUST103283,Amanda Zavala,Male,34,Bengaluru,Karnataka,2023-02-16,2025-09-21,1,0.5,6,6,1465.64,1465.64,2451.76,Fashion,Online,Low Value,Bronze,276,High,1
CUST103284,Linda Salazar,Female,44,Visakhapatnam,Andhra Pradesh,2021-07-11,2026-03-12,26,5.26,442,17,3234.73,84102.98,84176.66,Beauty,Offline,Medium Value,Silver,104,Medium,0
CUST103285,Juan Potts,Female,22,Jaipur,Rajasthan,2021-08-26,2026-03-24,74,15.35,2072,28,13081.67,968043.58,968145.65,Sports,Online,High Value,Platinum,92,Medium,0
CUST103286,Andrew Johnson,Male,45,Lucknow,Uttar Pradesh,2019-06-20,2026-05-06,57,8.14,741,13,3473.71,198001.47,198106.18,Home & Kitchen,Offline,Medium Value,Gold,49,Low,0
CUST103287,Marie Reynolds,Male,41,Jaipur,Rajasthan,2022-09-03,2025-12-13,1,0.5,5,5,200.0,200.0,380.01,Electronics,Offline,Low Value,Bronze,193,High,1
CUST103288,Samuel Mata,Male,31,Guwahati,Assam,2019-01-06,2024-09-17,7,0.94,42,6,968.01,6776.07,6786.17,Grocery,Online,Low Value,Bronze,645,High,1
CUST103289,Anthony Ayala,Male,37,Ahmedabad,Gujarat,2022-10-08,2026-04-18,18,4.86,306,17,4169.8,75056.4,75068.73,Home & Kitchen,Online,Medium Value,Silver,67,Low,0
CUST103290,Kimberly Dalton,Female,24,Hyderabad,Telangana,2023-04-12,2026-01-02,61,19.09,1525,25,5710.42,348335.62,348300.91,Home & Kitchen,Online,High Value,Gold,173,Low,0
CUST103291,Nancy Tran,Male,47,Chennai,Tamil Nadu,2020-11-28,2025-07-13,3,0.54,6,2,1333.4,4000.2,4005.79,Electronics,Offline,Low Value,Bronze,346,High,1
CUST103292,Ralph Dominguez,Female,25,Chandigarh,Chandigarh,2020-01-09,2026-02-26,6,0.93,102,17,5445.57,32673.42,32667.16,Sports,Online,Medium Value,Bronze,118,Medium,1
CUST103293,Jeffery Taylor,Male,23,Nagpur,Maharashtra,2022-03-30,2025-06-24,32,7.57,384,12,1011.83,32378.56,32399.75,Beauty,Offline,Medium Value,Bronze,365,High,0
CUST103294,Steven Haas,Male,36,Vadodara,Gujarat,2021-08-02,2026-05-02,2,0.5,10,5,1008.49,2016.98,2464.28,Electronics,Online,Low Value,Bronze,53,Low,1
CUST103295,Cory Kim,Male,18,Ranchi,Jharkhand,2021-04-17,2026-05-06,85,16.41,1785,21,9816.79,834427.15,834466.66,Beauty,Offline,High Value,Platinum,49,Low,0
CUST103296,David Chapman,Female,34,Visakhapatnam,Andhra Pradesh,2021-12-04,2026-01-29,28,6.16,280,10,1976.77,55349.56,55375.32,Beauty,Online,Medium Value,Silver,146,Medium,0
CUST103297,Paul Beasley,Female,30,Chandigarh,Chandigarh,2023-06-03,2026-04-12,61,19.98,427,7,5066.59,309061.99,309026.62,Sports,Online,High Value,Gold,73,Low,0
CUST103298,Laura Ritter,Male,54,Kolkata,West Bengal,2023-06-23,2025-11-04,30,10.01,270,9,6497.7,194931.0,194992.37,Fashion,Offline,Medium Value,Gold,232,High,0
CUST103299,Nathan Hess,Male,41,Nashik,Maharashtra,2019-11-13,2024-07-20,8,1.21,16,2,200.0,1600.0,1598.76,Fashion,Online,Low Value,Bronze,704,High,1
CUST103300,Cameron White,Female,23,Bhopal,Madhya Pradesh,2019-07-28,2026-05-04,74,10.72,1036,14,1543.87,114246.38,114232.09,Electronics,Offline,Medium Value,Silver,51,Low,0
CUST103301,Gregory Rios,Male,33,Ranchi,Jharkhand,2021-08-27,2025-12-19,8,1.66,8,1,637.93,5103.44,5102.74,Home & Kitchen,Online,Low Value,Bronze,187,High,1
CUST103302,Eduardo Obrien,Male,35,Bengaluru,Karnataka,2021-09-21,2026-04-26,13,2.74,221,17,3398.63,44182.19,44234.76,Electronics,Offline,Medium Value,Silver,59,Low,0
CUST103303,Bryan Jones,Male,49,Nagpur,Maharashtra,2019-06-02,2025-07-13,16,2.27,96,6,6845.2,109523.2,109631.71,Sports,Online,Medium Value,Silver,346,High,0
CUST103304,Joshua Simpson,Male,38,Coimbatore,Tamil Nadu,2020-09-21,2025-09-12,55,9.57,220,4,937.22,51547.1,51568.27,Beauty,Online,Medium Value,Silver,285,High,0
CUST103305,Heather Herman,Male,37,Delhi,Delhi,2019-12-19,2025-10-07,12,1.84,156,13,2274.63,27295.56,27237.52,Electronics,Online,Medium Value,Bronze,260,High,1
CUST103306,Micheal Pugh,Other,48,Ranchi,Jharkhand,2019-10-23,2026-06-04,25,3.75,475,19,5838.8,145970.0,145910.05,Electronics,Online,Medium Value,Gold,20,Low,0
CUST103307,Eileen Valdez,Female,28,Visakhapatnam,Andhra Pradesh,2021-02-15,2026-03-21,148,27.68,2664,18,15311.11,2266044.28,2266129.8,Home & Kitchen,Online,High Value,Platinum,95,Medium,0
CUST103308,Debra Wolfe,Female,30,Guwahati,Assam,2023-01-16,2026-03-24,49,14.28,931,19,8269.28,405194.72,405094.88,Home & Kitchen,Offline,High Value,Gold,92,Low,0
CUST103309,Amy Mccullough,Male,55,Coimbatore,Tamil Nadu,2020-01-11,2026-02-22,7,1.09,49,7,2502.21,17515.47,17577.88,Sports,Online,Medium Value,Bronze,122,Medium,1
CUST103310,Lisa Ramirez,Female,32,Lucknow,Uttar Pradesh,2024-04-03,2026-01-04,3,1.35,27,9,1006.56,3019.68,3013.48,Home & Kitchen,Online,Low Value,Bronze,171,Medium,1
CUST103311,Chad Daugherty,Male,38,Kanpur,Uttar Pradesh,2023-01-18,2025-11-30,10,2.92,60,6,1903.19,19031.9,19034.09,Sports,Online,Medium Value,Bronze,206,High,0
CUST103312,Patrick Clark,Male,36,Bengaluru,Karnataka,2020-11-30,2026-03-27,1,0.5,5,5,1242.81,1242.81,3453.67,Fashion,Offline,Low Value,Bronze,89,Low,1
CUST103313,Robert Thomas,Female,66,Surat,Gujarat,2019-06-02,2026-06-21,63,8.93,1764,28,4353.0,274239.0,274261.17,Grocery,Offline,High Value,Gold,3,Low,0
CUST103314,Melissa Santos,Male,41,Kanpur,Uttar Pradesh,2022-01-15,2026-03-09,51,11.51,816,16,1484.43,75705.93,75734.14,Sports,Offline,Medium Value,Silver,107,Medium,0
CUST103315,Brian Porter,Female,58,Madurai,Tamil Nadu,2019-12-30,2026-05-25,38,5.87,456,12,2451.24,93147.12,93206.98,Home & Kitchen,Online,Medium Value,Silver,30,Low,0
CUST103316,Donald Cruz,Female,31,Visakhapatnam,Andhra Pradesh,2020-12-22,2026-05-03,39,7.09,663,17,5694.02,222066.78,221941.6,Beauty,Offline,Medium Value,Gold,52,Low,0
CUST103317,Angela Ramirez,Male,39,Indore,Madhya Pradesh,2020-10-13,2026-06-16,78,13.71,1560,20,11273.6,879340.8,879337.1,Beauty,Offline,High Value,Platinum,8,Low,0
CUST103318,Kathleen Roy,Female,41,Chennai,Tamil Nadu,2021-01-31,2025-05-31,2,0.5,6,3,293.12,586.24,789.68,Fashion,Offline,Low Value,Bronze,389,High,1
CUST103319,Andrew Harris,Female,56,Indore,Madhya Pradesh,2021-12-18,2024-11-26,2,0.5,22,11,1905.58,3811.16,4296.36,Home & Kitchen,Offline,Low Value,Bronze,575,High,1
CUST103320,Jeffrey Williams,Female,42,Delhi,Delhi,2021-06-29,2025-10-30,27,5.42,351,13,4728.85,127678.95,127643.09,Grocery,Offline,Medium Value,Gold,237,High,0
CUST103321,Joshua Bailey,Female,50,Kochi,Kerala,2022-05-26,2026-06-06,128,31.42,3456,27,13173.39,1686193.92,1686228.54,Beauty,Online,High Value,Platinum,18,Low,0
CUST103322,Lee Barry,Female,41,Ranchi,Jharkhand,2022-03-10,2025-10-16,4,0.93,28,7,2035.61,8142.44,8111.51,Grocery,Offline,Low Value,Bronze,251,High,1
CUST103323,Susan Patrick,Male,36,Madurai,Tamil Nadu,2022-08-01,2026-04-13,16,4.11,208,13,3657.18,58514.88,58477.93,Home & Kitchen,Offline,Medium Value,Silver,72,Low,0
CUST103324,Nicole Peterson,Female,54,Ahmedabad,Gujarat,2021-06-28,2026-05-31,5,1.0,25,5,1894.47,9472.35,9439.93,Fashion,Offline,Low Value,Bronze,24,Low,1
CUST103325,Jessica Patterson,Female,27,Chandigarh,Chandigarh,2023-10-15,2026-03-17,6,2.23,54,9,781.01,4686.06,4677.78,Electronics,Offline,Low Value,Bronze,99,Medium,0
CUST103326,Nancy Brown,Female,28,Kolkata,West Bengal,2023-10-07,2025-03-23,14,5.17,42,3,973.12,13623.68,13622.69,Electronics,Offline,Low Value,Bronze,458,High,0
CUST103327,James Griffith,Female,28,Kolkata,West Bengal,2021-04-08,2026-01-12,30,5.76,300,10,2531.48,75944.4,75890.76,Home & Kitchen,Online,Medium Value,Silver,163,Medium,0
CUST103328,Shannon Hurley,Male,37,Nashik,Maharashtra,2022-05-01,2026-06-20,83,20.04,1162,14,6488.09,538511.47,538596.2,Electronics,Online,High Value,Gold,4,Low,0
CUST103329,Kenneth Carroll,Male,34,Visakhapatnam,Andhra Pradesh,2023-07-24,2026-06-16,43,14.76,43,1,4402.23,189295.89,189282.51,Sports,Offline,Medium Value,Gold,8,Low,0
CUST103330,Carla James,Male,35,Chennai,Tamil Nadu,2024-05-04,2026-06-06,10,4.69,190,19,2293.09,22930.9,22937.24,Fashion,Offline,Medium Value,Bronze,18,Low,0
CUST103331,Tammy Anderson,Male,57,Guwahati,Assam,2022-04-09,2024-11-21,2,0.5,8,4,1311.35,2622.7,2755.54,Fashion,Online,Low Value,Bronze,580,High,1
CUST103332,Robert Tapia,Female,45,Chandigarh,Chandigarh,2023-07-11,2026-05-12,53,17.97,1590,30,7809.57,413907.21,413809.71,Grocery,Offline,High Value,Gold,43,Low,0
CUST103333,David Daniels,Female,38,Bengaluru,Karnataka,2019-06-24,2026-06-19,113,16.15,1469,13,6524.78,737300.14,737121.5,Beauty,Online,High Value,Platinum,5,Low,0
CUST103334,James Gilbert,Female,29,Mumbai,Maharashtra,2022-11-05,2025-10-10,3,0.83,9,3,1656.51,4969.53,4987.67,Sports,Online,Low Value,Bronze,257,High,1
CUST103335,Matthew Patton,Female,70,Kanpur,Uttar Pradesh,2020-01-04,2025-08-07,10,1.55,30,3,1727.85,17278.5,17311.85,Grocery,Offline,Medium Value,Bronze,321,High,1
CUST103336,Lisa Martinez,Female,35,Mumbai,Maharashtra,2019-05-12,2026-01-30,1,0.5,3,3,2589.05,2589.05,9207.87,Electronics,Online,Low Value,Bronze,145,Medium,1
CUST103337,Erica Baker,Male,40,Nashik,Maharashtra,2024-03-07,2024-03-07,3,1.31,15,5,1903.04,5709.12,5712.87,Beauty,Offline,Low Value,Bronze,839,High,1
CUST103338,Joel Gonzales,Female,43,Nagpur,Maharashtra,2020-12-03,2026-05-20,6,1.08,90,15,3180.55,19083.3,19062.92,Grocery,Online,Medium Value,Bronze,35,Low,1
CUST103339,Vincent Castillo,Female,70,Kolkata,West Bengal,2024-02-14,2026-03-20,30,12.76,810,27,5914.75,177442.5,177496.59,Electronics,Offline,Medium Value,Gold,96,Low,0
CUST103340,Claudia Brown,Male,49,Coimbatore,Tamil Nadu,2021-11-16,2025-09-09,3,0.65,6,2,2796.86,8390.58,8356.89,Beauty,Online,Low Value,Bronze,288,High,1
CUST103341,Destiny Bishop,Male,38,Guwahati,Assam,2023-06-06,2026-03-04,12,3.94,192,16,4265.29,51183.48,51163.39,Beauty,Offline,Medium Value,Silver,112,Medium,0
CUST103342,Austin White,Male,62,Mumbai,Maharashtra,2022-09-07,2026-05-25,40,10.56,480,12,5314.66,212586.4,212659.74,Electronics,Offline,Medium Value,Gold,30,Low,0
CUST103343,Desiree Booth,Male,50,Patna,Bihar,2023-04-01,2025-11-17,115,35.66,1610,14,5448.43,626569.45,626625.09,Beauty,Offline,High Value,Gold,219,High,0
CUST103344,Mark Thomas,Female,31,Lucknow,Uttar Pradesh,2019-01-04,2025-08-15,6,0.8,66,11,4189.46,25136.76,25014.03,Fashion,Online,Medium Value,Bronze,313,High,1
CUST103345,Amber Wilson,Female,22,Visakhapatnam,Andhra Pradesh,2020-08-17,2026-05-30,1,0.5,3,3,928.75,928.75,2714.42,Home & Kitchen,Offline,Low Value,Bronze,25,Low,1
CUST103346,Michael Valencia,Male,55,Bengaluru,Karnataka,2021-10-01,2025-06-07,19,4.02,95,5,5079.74,96515.06,96442.05,Sports,Offline,Medium Value,Silver,382,High,0
CUST103347,Amanda Love,Female,57,Pune,Maharashtra,2019-06-15,2026-06-20,37,5.27,222,6,3052.94,112958.78,112942.31,Electronics,Online,Medium Value,Silver,4,Low,0
CUST103348,Miguel Green,Male,28,Ahmedabad,Gujarat,2023-09-10,2026-03-15,7,2.52,49,7,4648.19,32537.33,32582.76,Sports,Offline,Medium Value,Bronze,101,Medium,0
CUST103349,Michael Mathews,Male,55,Ahmedabad,Gujarat,2020-04-07,2026-01-15,19,3.06,323,17,5183.55,98487.45,98448.71,Home & Kitchen,Offline,Medium Value,Silver,160,Medium,0
CUST103350,Nathan Burke,Male,70,Surat,Gujarat,2023-10-11,2026-06-03,7,2.6,70,10,859.42,6015.94,6025.94,Sports,Online,Low Value,Bronze,21,Low,0
CUST103351,Billy Wallace,Male,45,Surat,Gujarat,2023-12-18,2026-04-15,13,5.18,78,6,1087.04,14131.52,14136.91,Home & Kitchen,Online,Low Value,Bronze,70,Low,0
CUST103352,Cynthia Nguyen,Male,54,Nagpur,Maharashtra,2021-05-09,2026-04-29,4,0.78,32,8,274.54,1098.16,1096.36,Beauty,Online,Low Value,Bronze,56,Low,1
CUST103353,Rodney Perry,Female,38,Nashik,Maharashtra,2023-01-01,2026-06-16,51,14.69,714,14,3125.13,159381.63,159374.53,Fashion,Online,Medium Value,Gold,8,Low,0
CUST103354,Sherri Thomas,Male,26,Chennai,Tamil Nadu,2024-02-15,2026-05-10,94,40.02,2162,23,11446.7,1075989.8,1076104.5,Sports,Offline,High Value,Platinum,45,Low,0
CUST103355,Richard Rogers,Male,32,Ahmedabad,Gujarat,2023-10-13,2026-05-26,67,24.89,670,10,2136.33,143134.11,143105.57,Grocery,Offline,Medium Value,Gold,29,Low,0
CUST103356,Matthew Ruiz,Female,70,Ranchi,Jharkhand,2019-12-17,2026-05-27,20,3.07,200,10,3293.1,65862.0,65848.75,Home & Kitchen,Offline,Medium Value,Silver,28,Low,0
CUST103357,Lisa Martin,Male,41,Surat,Gujarat,2022-08-29,2026-06-03,20,5.24,300,15,2064.39,41287.8,41255.7,Sports,Offline,Medium Value,Silver,21,Low,0
CUST103358,Timothy Buck,Female,30,Surat,Gujarat,2024-02-10,2026-01-29,6,2.54,6,1,2533.69,15202.14,15205.75,Home & Kitchen,Offline,Medium Value,Bronze,146,Medium,0
CUST103359,Lee Morton,Female,31,Nagpur,Maharashtra,2022-05-26,2026-01-07,28,6.87,476,17,2469.62,69149.36,69119.34,Beauty,Offline,Medium Value,Silver,168,Medium,0
CUST103360,Priscilla Romero,Male,67,Kanpur,Uttar Pradesh,2021-08-15,2025-09-29,3,0.62,6,2,1238.81,3716.43,3726.23,Sports,Online,Low Value,Bronze,268,High,1
CUST103361,Hailey Lewis,Male,18,Bhopal,Madhya Pradesh,2020-02-22,2026-06-04,12,1.9,360,30,200.0,2400.0,2405.37,Grocery,Online,Low Value,Bronze,20,Low,1
CUST103362,Amanda Barber,Male,19,Madurai,Tamil Nadu,2020-03-27,2026-02-20,22,3.53,264,12,4511.79,99259.38,99331.52,Grocery,Online,Medium Value,Silver,124,Medium,0
CUST103363,Zachary Miller,Male,30,Nashik,Maharashtra,2021-09-09,2026-04-20,14,2.93,14,1,2601.61,36422.54,36459.65,Sports,Online,Medium Value,Silver,65,Low,0
CUST103364,Timothy Walker,Female,32,Ranchi,Jharkhand,2019-06-09,2026-05-31,8,1.14,64,8,1216.72,9733.76,9759.74,Fashion,Offline,Low Value,Bronze,24,Low,1
CUST103365,Laura Kelley,Male,46,Hyderabad,Telangana,2024-02-27,2026-06-09,25,10.79,350,14,4115.44,102886.0,102853.21,Sports,Offline,Medium Value,Silver,15,Low,0
CUST103366,Nicholas Abbott,Female,37,Indore,Madhya Pradesh,2019-03-18,2026-05-05,29,3.99,725,25,2348.84,68116.36,68072.76,Grocery,Online,Medium Value,Silver,50,Low,0
CUST103367,Amber Kennedy,Other,49,Delhi,Delhi,2020-01-26,2026-06-03,23,3.59,276,12,2614.16,60125.68,60098.91,Fashion,Online,Medium Value,Silver,21,Low,0
CUST103368,Jessica Adams,Male,36,Lucknow,Uttar Pradesh,2023-01-26,2026-06-20,129,37.91,3612,28,10231.91,1319916.39,1320053.1,Grocery,Offline,High Value,Platinum,4,Low,0
CUST103369,Eileen Sanchez,Female,41,Nagpur,Maharashtra,2019-09-29,2026-01-27,17,2.53,34,2,3278.26,55730.42,55815.6,Electronics,Online,Medium Value,Silver,148,Medium,0
CUST103370,Randall Cox,Male,39,Lucknow,Uttar Pradesh,2023-12-16,2025-06-06,12,4.77,12,1,5654.0,67848.0,67857.75,Fashion,Online,Medium Value,Silver,383,High,0
CUST103371,Paul Wilson,Male,40,Patna,Bihar,2021-07-05,2026-06-12,27,5.44,405,15,2319.95,62638.65,62644.81,Home & Kitchen,Online,Medium Value,Silver,12,Low,0
CUST103372,Nicholas Beard,Male,30,Chandigarh,Chandigarh,2020-07-25,2025-10-03,18,3.05,108,6,1105.09,19891.62,19914.01,Fashion,Online,Medium Value,Bronze,264,High,0
CUST103373,Harold Wagner,Female,25,Kanpur,Uttar Pradesh,2023-09-29,2025-09-24,8,2.93,104,13,3164.28,25314.24,25307.4,Electronics,Online,Medium Value,Bronze,273,High,0
CUST103374,Martha Jacobs,Male,49,Jaipur,Rajasthan,2022-08-07,2026-06-06,4,1.03,24,6,989.23,3956.92,3947.31,Grocery,Offline,Low Value,Bronze,18,Low,1
CUST103375,Jason Hudson,Female,37,Jaipur,Rajasthan,2021-11-25,2025-02-26,1,0.5,1,1,1143.38,1143.38,2613.89,Home & Kitchen,Online,Low Value,Bronze,483,High,1
CUST103376,Beth Medina,Female,39,Ranchi,Jharkhand,2022-06-07,2024-12-08,4,0.99,40,10,2087.15,8348.6,8349.97,Beauty,Offline,Low Value,Bronze,563,High,1
CUST103377,Jennifer Richards,Male,25,Madurai,Tamil Nadu,2022-09-16,2026-05-12,44,11.69,484,11,7712.38,339344.72,339402.79,Beauty,Offline,High Value,Gold,43,Low,0
CUST103378,David Mitchell,Female,34,Chandigarh,Chandigarh,2020-09-08,2026-06-02,69,11.93,1587,23,11867.0,818823.0,819012.74,Electronics,Offline,High Value,Platinum,22,Low,0
CUST103379,Brad Fisher,Male,45,Visakhapatnam,Andhra Pradesh,2021-05-12,2026-06-13,32,6.26,512,16,2380.75,76184.0,76180.22,Fashion,Online,Medium Value,Silver,11,Low,0
CUST103380,Ms. Mackenzie Barton,Female,66,Bengaluru,Karnataka,2022-06-01,2026-04-11,14,3.45,196,14,5129.76,71816.64,71808.21,Fashion,Online,Medium Value,Silver,74,Low,0
CUST103381,Sherri Smith,Male,31,Surat,Gujarat,2020-09-02,2026-01-27,15,2.59,15,1,3692.65,55389.75,55485.39,Fashion,Online,Medium Value,Silver,148,Medium,0
CUST103382,Dennis Spencer,Female,21,Guwahati,Assam,2024-01-19,2026-04-25,92,37.97,2300,25,11239.85,1034066.2,1034080.05,Sports,Offline,High Value,Platinum,60,Low,0
CUST103383,Natalie Martinez,Male,36,Pune,Maharashtra,2022-01-29,2026-05-23,13,2.96,182,14,2799.04,36387.52,36407.06,Home & Kitchen,Online,Medium Value,Silver,32,Low,0
CUST103384,Jeffrey Vaughn,Female,44,Hyderabad,Telangana,2021-09-02,2026-04-13,56,11.66,672,12,1863.22,104340.32,104328.28,Home & Kitchen,Online,Medium Value,Silver,72,Low,0
CUST103385,Brandi Camacho DVM,Male,39,Nagpur,Maharashtra,2019-12-18,2025-07-04,6,0.92,48,8,1233.32,7399.92,7387.29,Sports,Online,Low Value,Bronze,355,High,1
CUST103386,Heather Morales,Female,47,Pune,Maharashtra,2023-07-09,2026-02-18,17,5.75,323,19,7088.96,120512.32,120415.28,Grocery,Offline,Medium Value,Silver,126,Medium,0
CUST103387,Michelle Wilson,Male,31,Jaipur,Rajasthan,2024-05-26,2025-11-01,23,11.1,184,8,4054.02,93242.46,93264.1,Grocery,Online,Medium Value,Silver,235,High,0
CUST103388,Stephanie Vargas,Male,24,Pune,Maharashtra,2021-05-28,2026-04-01,66,13.02,1650,25,10869.64,717396.24,717203.4,Fashion,Offline,High Value,Platinum,84,Low,0
CUST103389,Wendy Williams,Male,39,Nagpur,Maharashtra,2020-03-06,2026-04-27,13,2.07,117,9,3604.51,46858.63,46964.03,Home & Kitchen,Online,Medium Value,Silver,58,Low,0
CUST103390,Heather Cole,Female,29,Bengaluru,Karnataka,2020-08-08,2026-06-08,38,6.47,266,7,2835.61,107753.18,107692.47,Sports,Online,Medium Value,Silver,16,Low,0
CUST103391,Jerry Davenport,Female,31,Vadodara,Gujarat,2019-07-09,2026-04-25,1,0.5,5,5,2777.93,2777.93,9659.06,Beauty,Online,Low Value,Bronze,60,Low,1
CUST103392,John Taylor,Female,39,Lucknow,Uttar Pradesh,2020-08-27,2026-03-30,7,1.2,49,7,437.41,3061.87,3053.79,Home & Kitchen,Offline,Low Value,Bronze,86,Low,1
CUST103393,Ralph Hendricks,Male,44,Nashik,Maharashtra,2021-12-29,2026-05-26,10,2.23,50,5,5138.77,51387.7,51328.33,Sports,Online,Medium Value,Silver,29,Low,0
CUST103394,Angela Huang,Female,36,Ahmedabad,Gujarat,2022-08-03,2025-03-16,3,0.77,15,5,1142.06,3426.18,3416.42,Beauty,Online,Low Value,Bronze,465,High,1
CUST103395,Jacqueline Banks,Female,36,Bhopal,Madhya Pradesh,2020-07-09,2025-10-29,4,0.67,8,2,260.88,1043.52,1040.36,Home & Kitchen,Online,Low Value,Bronze,238,High,1
CUST103396,Jeffrey Romero,Male,42,Ahmedabad,Gujarat,2021-01-24,2021-01-24,2,0.5,6,3,345.5,691.0,934.1,Sports,Online,Low Value,Bronze,1977,High,1
CUST103397,Theresa Davis,Female,45,Lucknow,Uttar Pradesh,2019-05-19,2025-08-07,9,1.27,54,6,2831.41,25482.69,25508.43,Fashion,Offline,Medium Value,Bronze,321,High,1
CUST103398,Glenn Elliott,Male,30,Kanpur,Uttar Pradesh,2021-09-06,2023-08-04,18,3.76,360,20,939.56,16912.08,16926.23,Fashion,Online,Medium Value,Bronze,1055,High,0
CUST103399,Lauren Anthony,Male,45,Lucknow,Uttar Pradesh,2022-12-28,2025-06-06,19,5.46,228,12,3217.4,61130.6,61177.9,Grocery,Online,Medium Value,Silver,383,High,0
CUST103400,Frank Flores,Female,35,Ahmedabad,Gujarat,2019-08-19,2025-10-05,84,12.28,2436,29,15384.16,1292269.44,1292552.48,Grocery,Online,High Value,Platinum,262,High,0
CUST103401,Charles Cervantes,Male,21,Nagpur,Maharashtra,2023-11-28,2025-11-14,124,48.34,2232,18,7760.44,962294.56,962370.62,Home & Kitchen,Offline,High Value,Platinum,222,High,0
CUST103402,Virginia Clark,Female,51,Patna,Bihar,2020-05-28,2026-06-16,6,0.99,30,5,1019.16,6114.96,6121.49,Electronics,Online,Low Value,Bronze,8,Low,1
CUST103403,Laura Gilbert,Female,41,Kanpur,Uttar Pradesh,2023-12-28,2025-08-31,35,14.09,350,10,200.0,7000.0,6997.74,Electronics,Offline,Low Value,Bronze,297,High,0
CUST103404,Dustin Wilson,Female,30,Bengaluru,Karnataka,2022-12-08,2026-02-17,13,3.68,91,7,1352.71,17585.23,17608.6,Home & Kitchen,Online,Medium Value,Bronze,127,Medium,0
CUST103405,Jeffrey Mcclure,Female,37,Ranchi,Jharkhand,2020-05-13,2025-09-25,2,0.5,6,3,696.74,1393.48,2127.89,Fashion,Offline,Low Value,Bronze,272,High,1
CUST103406,Thomas Zhang,Female,44,Chennai,Tamil Nadu,2019-04-12,2025-07-20,17,2.36,68,4,1636.07,27813.19,27781.07,Sports,Offline,Medium Value,Bronze,339,High,0
CUST103407,Tammy Estrada,Female,49,Surat,Gujarat,2024-05-18,2025-10-07,1,0.5,6,6,1431.06,1431.06,1498.65,Fashion,Online,Low Value,Bronze,260,High,1
CUST103408,Daniel Roberson,Male,49,Nashik,Maharashtra,2022-07-07,2026-01-11,37,9.35,518,14,1941.5,71835.5,71866.6,Grocery,Offline,Medium Value,Silver,164,Medium,0
CUST103409,Alyssa Orr,Female,45,Surat,Gujarat,2022-08-10,2026-02-16,129,33.37,4515,35,10606.86,1368284.94,1368319.5,Fashion,Online,High Value,Platinum,128,Medium,0
CUST103410,Kimberly Lloyd,Female,48,Guwahati,Assam,2023-09-27,2025-10-24,21,7.68,105,5,2812.58,59064.18,59080.12,Electronics,Offline,Medium Value,Silver,243,High,0
CUST103411,Ronnie Johnson,Male,38,Jaipur,Rajasthan,2023-11-02,2026-06-17,70,26.55,1750,25,13692.07,958444.9,958450.52,Fashion,Online,High Value,Platinum,7,Low,0
CUST103412,Tom Duncan,Female,41,Kanpur,Uttar Pradesh,2020-09-03,2025-05-17,143,24.66,3432,24,6123.45,875653.35,875638.76,Electronics,Online,High Value,Platinum,403,High,0
CUST103413,Kelly Guerra,Female,41,Chennai,Tamil Nadu,2024-05-04,2026-03-13,40,18.75,720,18,631.35,25254.0,25247.52,Fashion,Offline,Medium Value,Bronze,103,Medium,0
CUST103414,Brian Mccarthy,Male,52,Mumbai,Maharashtra,2022-03-05,2026-03-03,9,2.09,36,4,433.86,3904.74,3897.67,Electronics,Online,Low Value,Bronze,113,Medium,0
CUST103415,Jill Reynolds,Male,32,Indore,Madhya Pradesh,2019-04-10,2025-10-08,26,3.61,26,1,1251.15,32529.9,32522.36,Fashion,Offline,Medium Value,Bronze,259,High,0
CUST103416,Sean Kaiser,Female,21,Patna,Bihar,2019-01-14,2026-05-21,36,4.84,432,12,1997.39,71906.04,71886.57,Electronics,Offline,Medium Value,Silver,34,Low,0
CUST103417,Audrey Gomez,Female,35,Nagpur,Maharashtra,2022-05-26,2026-05-20,42,10.31,672,16,3247.83,136408.86,136415.8,Home & Kitchen,Online,Medium Value,Gold,35,Low,0
CUST103418,Ricky Luna,Male,31,Bhopal,Madhya Pradesh,2022-11-16,2026-06-14,9,2.5,72,8,5297.71,47679.39,47646.76,Electronics,Online,Medium Value,Silver,10,Low,0
CUST103419,Jonathon Hill,Female,57,Madurai,Tamil Nadu,2023-07-11,2026-04-13,41,13.9,369,9,9984.29,409355.89,409220.58,Sports,Online,High Value,Gold,72,Low,0
CUST103420,Kayla Waters,Male,61,Visakhapatnam,Andhra Pradesh,2019-08-24,2026-05-28,1,0.5,1,1,1597.14,1597.14,5452.8,Electronics,Online,Low Value,Bronze,27,Low,1
CUST103421,Emily Middleton,Male,49,Guwahati,Assam,2022-06-27,2026-02-28,23,5.77,184,8,1925.2,44279.6,44281.55,Sports,Online,Medium Value,Silver,116,Medium,0
CUST103422,Timothy Bauer,Male,39,Bengaluru,Karnataka,2019-09-23,2025-07-24,7,1.04,70,10,521.39,3649.73,3658.02,Beauty,Online,Low Value,Bronze,335,High,1
CUST103423,Ryan Guerrero,Male,42,Jaipur,Rajasthan,2023-10-15,2026-05-29,102,37.98,1224,12,12843.05,1309991.1,1310092.37,Fashion,Online,High Value,Platinum,26,Low,0
CUST103424,Amanda Walters,Female,63,Kolkata,West Bengal,2023-04-28,2023-09-25,4,1.27,20,5,1126.42,4505.68,4508.05,Fashion,Online,Low Value,Bronze,1003,High,1
CUST103425,Chad Bennett,Male,32,Visakhapatnam,Andhra Pradesh,2021-08-31,2026-02-07,14,2.91,14,1,3083.12,43163.68,43133.8,Sports,Offline,Medium Value,Silver,137,Medium,0
CUST103426,Megan Baker,Female,34,Visakhapatnam,Andhra Pradesh,2019-08-13,2026-03-21,12,1.75,228,19,7043.87,84526.44,84540.9,Electronics,Online,Medium Value,Silver,95,Medium,1
CUST103427,Robert Gross,Female,36,Lucknow,Uttar Pradesh,2021-06-19,2026-03-15,29,5.79,638,22,4691.39,136050.31,136020.25,Home & Kitchen,Offline,Medium Value,Gold,101,Low,0
CUST103428,Craig Liu,Female,53,Visakhapatnam,Andhra Pradesh,2022-03-10,2026-03-18,10,2.33,70,7,2094.61,20946.1,20911.4,Home & Kitchen,Online,Medium Value,Bronze,98,Medium,0
CUST103429,Shannon Curry,Male,32,Surat,Gujarat,2022-01-05,2026-06-18,19,4.26,342,18,5358.34,101808.46,101805.38,Fashion,Online,Medium Value,Silver,6,Low,0
CUST103430,Austin Grant,Male,43,Ranchi,Jharkhand,2019-02-18,2026-03-28,16,2.18,160,10,2537.53,40600.48,40604.51,Grocery,Offline,Medium Value,Silver,88,Low,0
CUST103431,Christopher Barnes,Male,43,Nagpur,Maharashtra,2019-07-22,2026-03-17,1,0.5,6,6,467.72,467.72,1617.97,Electronics,Offline,Low Value,Bronze,99,Medium,1
CUST103432,James Silva,Female,38,Hyderabad,Telangana,2021-05-03,2024-10-31,1,0.5,7,7,1438.75,1438.75,3694.86,Grocery,Online,Low Value,Bronze,601,High,1
CUST103433,Kari Sandoval,Male,32,Jaipur,Rajasthan,2022-03-01,2026-05-12,12,2.78,72,6,1685.84,20230.08,20196.48,Sports,Offline,Medium Value,Bronze,43,Low,0
CUST103434,Eric Hall,Female,48,Mumbai,Maharashtra,2022-08-31,2025-11-10,2,0.53,18,9,1786.05,3572.1,3605.01,Home & Kitchen,Offline,Low Value,Bronze,226,High,1
CUST103435,John Robles,Male,56,Visakhapatnam,Andhra Pradesh,2022-05-26,2026-02-28,8,1.96,104,13,4243.01,33944.08,33879.96,Fashion,Online,Medium Value,Bronze,116,Medium,1
CUST103436,Howard Castillo,Female,54,Kolkata,West Bengal,2021-05-09,2026-03-05,46,8.98,138,3,7507.38,345339.48,345156.55,Sports,Offline,High Value,Gold,111,Low,0
CUST103437,Brian Ibarra,Male,25,Bhopal,Madhya Pradesh,2024-03-10,2026-04-08,13,5.69,156,12,4598.54,59781.02,59745.89,Fashion,Offline,Medium Value,Silver,77,Low,0
CUST103438,Donna Montes,Male,43,Madurai,Tamil Nadu,2022-03-01,2025-04-11,7,1.62,35,5,609.78,4268.46,4256.99,Electronics,Offline,Low Value,Bronze,439,High,1
CUST103439,Matthew Wilson,Male,31,Mumbai,Maharashtra,2022-02-02,2025-08-21,8,1.83,16,2,452.92,3623.36,3633.07,Electronics,Online,Low Value,Bronze,307,High,1
CUST103440,Francis Wilson,Male,44,Kochi,Kerala,2023-03-15,2026-04-29,11,3.36,264,24,4306.17,47367.87,47337.81,Electronics,Offline,Medium Value,Silver,56,Low,0
CUST103441,Michele Ayala,Male,34,Hyderabad,Telangana,2021-09-21,2025-12-10,10,2.11,180,18,200.0,2000.0,2004.57,Grocery,Offline,Low Value,Bronze,196,High,0
CUST103442,Dr. John Jenkins,Female,26,Lucknow,Uttar Pradesh,2023-04-17,2024-09-03,10,3.14,140,14,1079.94,10799.4,10788.11,Fashion,Offline,Low Value,Bronze,659,High,0
CUST103443,Earl Romero,Male,41,Ranchi,Jharkhand,2019-06-18,2025-09-13,4,0.57,16,4,1773.38,7093.52,7087.55,Electronics,Online,Low Value,Bronze,284,High,1
CUST103444,Rachel Brown,Female,22,Chandigarh,Chandigarh,2021-08-18,2024-03-21,1,0.5,5,5,1816.08,1816.08,4397.87,Beauty,Online,Low Value,Bronze,825,High,1
CUST103445,Deborah Stewart,Female,52,Kochi,Kerala,2020-01-24,2026-04-09,47,7.33,893,19,6297.36,295975.92,295851.44,Beauty,Offline,High Value,Gold,76,Low,0
CUST103446,Jeremy Ross,Female,38,Kochi,Kerala,2023-10-18,2026-03-25,5,1.87,35,7,1960.83,9804.15,9818.16,Grocery,Offline,Low Value,Bronze,91,Medium,1
CUST103447,Debra Chandler,Female,25,Lucknow,Uttar Pradesh,2021-11-16,2024-06-29,4,0.87,36,9,200.0,800.0,799.85,Electronics,Online,Low Value,Bronze,725,High,1
CUST103448,Robert Parker,Female,37,Jaipur,Rajasthan,2023-06-14,2026-05-27,8,2.65,80,10,3752.07,30016.56,30053.54,Electronics,Offline,Medium Value,Bronze,28,Low,0
CUST103449,Kenneth Jackson,Female,37,Jaipur,Rajasthan,2023-05-02,2025-11-16,64,20.38,832,13,12064.06,772099.84,772095.22,Fashion,Online,High Value,Platinum,220,High,0
CUST103450,Mario Gould,Female,42,Lucknow,Uttar Pradesh,2024-04-22,2025-12-21,24,11.08,264,11,2561.4,61473.6,61461.54,Grocery,Offline,Medium Value,Silver,185,High,0
CUST103451,Erin Jacobs,Male,54,Nashik,Maharashtra,2020-05-24,2026-01-26,21,3.46,189,9,5513.48,115783.08,115948.37,Fashion,Online,Medium Value,Silver,149,Medium,0
CUST103452,Nathan Lang,Female,36,Indore,Madhya Pradesh,2020-07-12,2025-07-22,20,3.36,160,8,3058.61,61172.2,61084.78,Fashion,Offline,Medium Value,Silver,337,High,0
CUST103453,Michael Barr,Male,23,Ranchi,Jharkhand,2024-03-28,2026-03-27,8,3.58,104,13,1909.78,15278.24,15274.48,Grocery,Online,Medium Value,Bronze,89,Low,0
CUST103454,Kristen Pena,Male,24,Guwahati,Assam,2022-08-28,2026-04-05,2,0.52,2,1,1524.42,3048.84,3025.38,Beauty,Online,Low Value,Bronze,80,Low,1
CUST103455,Heidi Gonzalez,Male,40,Jaipur,Rajasthan,2019-02-05,2026-06-10,104,14.1,2392,23,8918.0,927472.0,927457.35,Grocery,Online,High Value,Platinum,14,Low,0
CUST103456,Joseph Heath,Female,26,Visakhapatnam,Andhra Pradesh,2020-10-07,2025-09-02,41,7.19,1066,26,4326.02,177366.82,177469.98,Electronics,Offline,Medium Value,Gold,295,High,0
CUST103457,Robert Lozano,Female,41,Nashik,Maharashtra,2022-06-02,2026-02-18,14,3.45,112,8,2743.41,38407.74,38377.32,Beauty,Online,Medium Value,Silver,126,Medium,0
CUST103458,Daniel Quinn,Male,46,Surat,Gujarat,2021-05-08,2026-06-09,17,3.32,221,13,5086.58,86471.86,86506.26,Home & Kitchen,Offline,Medium Value,Silver,15,Low,0
CUST103459,Amanda Smith,Male,36,Nagpur,Maharashtra,2022-09-06,2026-06-06,45,11.87,45,1,264.46,11900.7,11903.38,Grocery,Online,Low Value,Bronze,18,Low,0
CUST103460,Ashley Sanders,Male,28,Ranchi,Jharkhand,2022-11-10,2025-07-02,20,5.53,180,9,3496.85,69937.0,69885.3,Beauty,Online,Medium Value,Silver,357,High,0
CUST103461,Mr. Eric Hall,Female,37,Delhi,Delhi,2024-04-22,2026-06-13,45,20.78,1080,24,10956.5,493042.5,493064.4,Fashion,Online,High Value,Gold,11,Low,0
CUST103462,Danielle Nelson,Male,28,Ranchi,Jharkhand,2019-05-17,2025-06-10,22,3.1,308,14,2230.49,49070.78,49087.88,Grocery,Online,Medium Value,Silver,379,High,0
CUST103463,Richard Rios,Female,55,Patna,Bihar,2019-10-18,2025-11-11,14,2.1,126,9,4579.29,64110.06,64215.37,Grocery,Offline,Medium Value,Silver,225,High,0
CUST103464,Patrick Nelson,Female,22,Bengaluru,Karnataka,2021-07-18,2026-05-07,113,22.93,3390,30,5467.65,617844.45,617855.68,Sports,Offline,High Value,Gold,48,Low,0
CUST103465,Benjamin Bowen,Female,24,Bhopal,Madhya Pradesh,2021-09-01,2025-05-05,1,0.5,8,8,2171.6,2171.6,5217.19,Home & Kitchen,Online,Low Value,Bronze,415,High,1
CUST103466,Jennifer Smith,Male,52,Mumbai,Maharashtra,2021-03-28,2026-01-23,7,1.34,84,12,3868.76,27081.32,27137.78,Beauty,Offline,Medium Value,Bronze,152,Medium,1
CUST103467,Lisa Hernandez,Male,28,Mumbai,Maharashtra,2021-09-08,2026-02-19,18,3.76,144,8,3125.77,56263.86,56246.57,Beauty,Offline,Medium Value,Silver,125,Medium,0
CUST103468,Rebecca Lee,Female,66,Visakhapatnam,Andhra Pradesh,2023-11-14,2025-12-08,11,4.22,99,9,295.71,3252.81,3249.14,Home & Kitchen,Online,Low Value,Bronze,198,High,0
CUST103469,Emily Morris,Female,28,Kolkata,West Bengal,2023-09-29,2026-06-10,70,25.64,1260,18,13059.59,914171.3,914013.26,Grocery,Online,High Value,Platinum,14,Low,0
CUST103470,Allison Hill,Male,22,Kolkata,West Bengal,2024-03-18,2026-06-09,102,45.1,1632,16,9502.78,969283.56,969208.11,Home & Kitchen,Online,High Value,Platinum,15,Low,0
CUST103471,Dennis Douglas,Male,49,Coimbatore,Tamil Nadu,2023-02-05,2026-04-14,3,0.89,18,6,1467.19,4401.57,4408.08,Fashion,Online,Low Value,Bronze,71,Low,1
CUST103472,Eddie Davis,Male,32,Nagpur,Maharashtra,2021-03-16,2026-02-10,22,4.18,440,20,1799.01,39578.22,39611.81,Sports,Offline,Medium Value,Silver,134,Medium,0
CUST103473,Kristina Webb,Female,18,Chennai,Tamil Nadu,2019-04-04,2026-05-18,17,2.36,255,15,3808.44,64743.48,64865.58,Grocery,Offline,Medium Value,Silver,37,Low,0
CUST103474,Kim Sanchez,Female,23,Mumbai,Maharashtra,2021-03-12,2026-05-28,10,1.89,50,5,1259.21,12592.1,12562.52,Grocery,Offline,Low Value,Bronze,27,Low,1
CUST103475,Jonathan Long,Male,46,Bhopal,Madhya Pradesh,2022-03-03,2024-07-23,1,0.5,3,3,1457.83,1457.83,3137.18,Electronics,Online,Low Value,Bronze,701,High,1
CUST103476,Joshua Rodriguez,Female,32,Kanpur,Uttar Pradesh,2019-09-12,2026-04-05,13,1.92,91,7,2297.69,29869.97,29893.56,Sports,Online,Medium Value,Bronze,80,Low,1
CUST103477,William Sanders,Female,42,Hyderabad,Telangana,2021-01-15,2026-02-10,46,8.47,690,15,2852.56,131217.76,131241.03,Fashion,Online,Medium Value,Gold,134,Low,0
CUST103478,Jacob Hart,Male,18,Kolkata,West Bengal,2022-11-10,2025-07-26,16,4.43,192,12,2859.72,45755.52,45783.71,Fashion,Online,Medium Value,Silver,333,High,0
CUST103479,Evelyn Pacheco,Female,36,Bhopal,Madhya Pradesh,2021-06-23,2024-12-19,25,5.0,425,17,8046.06,201151.5,201013.82,Fashion,Online,Medium Value,Gold,552,High,0
CUST103480,Anna Jackson,Female,44,Hyderabad,Telangana,2023-03-04,2026-06-10,20,6.06,580,29,11487.93,229758.6,229864.28,Sports,Online,Medium Value,Gold,14,Low,0
CUST103481,Katherine Wright,Female,31,Jaipur,Rajasthan,2021-03-15,2026-06-20,40,7.59,520,13,5902.47,236098.8,236110.92,Beauty,Offline,High Value,Gold,4,Low,0
CUST103482,Luis Wells,Male,22,Kanpur,Uttar Pradesh,2023-09-26,2026-04-16,20,7.31,300,15,5359.04,107180.8,107254.16,Home & Kitchen,Online,Medium Value,Silver,69,Low,0
CUST103483,Lacey Hall,Female,18,Kanpur,Uttar Pradesh,2023-07-29,2026-02-20,1,0.5,5,5,1226.9,1226.9,1778.63,Electronics,Online,Low Value,Bronze,124,Medium,1
CUST103484,Darlene Collins,Male,44,Nagpur,Maharashtra,2019-10-19,2026-06-18,22,3.3,308,14,3091.37,68010.14,68093.93,Sports,Offline,Medium Value,Silver,6,Low,0
CUST103485,Chris Morris,Male,42,Visakhapatnam,Andhra Pradesh,2019-02-27,2025-12-30,16,2.19,256,16,4995.37,79925.92,80030.96,Electronics,Online,Medium Value,Silver,176,Medium,0
CUST103486,Jennifer Smith,Male,42,Delhi,Delhi,2022-12-18,2026-05-05,12,3.42,24,2,4139.26,49671.12,49687.44,Home & Kitchen,Offline,Medium Value,Silver,50,Low,0
CUST103487,Nicole Norton,Male,36,Mumbai,Maharashtra,2020-11-25,2026-04-27,80,14.36,2160,27,8533.07,682645.6,682706.34,Electronics,Online,High Value,Platinum,58,Low,0
CUST103488,Emily Pearson,Female,39,Kochi,Kerala,2022-11-04,2026-06-21,109,30.02,2071,19,12195.67,1329328.03,1329136.71,Beauty,Online,High Value,Platinum,3,Low,0
CUST103489,Michael Robertson,Female,40,Mumbai,Maharashtra,2020-02-17,2025-11-22,38,5.99,570,15,3577.82,135957.16,135950.6,Electronics,Online,Medium Value,Gold,214,High,0
CUST103490,Wendy Miller,Female,46,Kanpur,Uttar Pradesh,2021-02-13,2026-04-14,21,3.92,651,31,8039.41,168827.61,168681.24,Sports,Online,Medium Value,Gold,71,Low,0
CUST103491,Michael Bennett,Female,35,Ranchi,Jharkhand,2023-02-23,2026-03-15,24,7.21,504,21,200.0,4800.0,4796.8,Home & Kitchen,Online,Low Value,Bronze,101,Medium,0
CUST103492,Carla Goodman,Male,27,Patna,Bihar,2023-10-10,2024-11-22,1,0.5,9,9,809.73,809.73,1092.94,Beauty,Offline,Low Value,Bronze,579,High,1
CUST103493,Jeffrey Stanton,Female,18,Chandigarh,Chandigarh,2019-07-13,2025-11-21,11,1.58,66,6,1874.0,20614.0,20558.23,Grocery,Offline,Medium Value,Bronze,215,High,1
CUST103494,Jeff Jackson,Male,44,Jaipur,Rajasthan,2019-10-16,2026-03-23,13,1.95,39,3,3510.64,45638.32,45750.78,Electronics,Online,Medium Value,Silver,93,Medium,1
CUST103495,Katelyn Curry,Male,18,Nashik,Maharashtra,2020-04-20,2025-12-27,12,1.94,132,11,1529.56,18354.72,18311.84,Home & Kitchen,Offline,Medium Value,Bronze,179,Medium,1
CUST103496,Jennifer Phillips,Female,28,Mumbai,Maharashtra,2023-11-21,2025-12-05,6,2.32,24,4,1466.42,8798.52,8792.82,Home & Kitchen,Offline,Low Value,Bronze,201,High,0
CUST103497,Edward Weeks,Male,22,Bengaluru,Karnataka,2024-03-17,2026-05-20,4,1.77,16,4,1383.46,5533.84,5544.41,Sports,Online,Low Value,Bronze,35,Low,1
CUST103498,Kelly Gilbert,Other,38,Mumbai,Maharashtra,2019-07-21,2026-05-28,46,6.65,1242,27,7763.57,357124.22,357330.4,Sports,Offline,High Value,Gold,27,Low,0
CUST103499,Matthew Thomas,Male,38,Visakhapatnam,Andhra Pradesh,2021-10-20,2026-03-17,1,0.5,3,3,519.5,519.5,1213.23,Beauty,Online,Low Value,Bronze,99,Medium,1
CUST103500,Christine Mendez,Male,24,Delhi,Delhi,2020-06-18,2026-03-07,15,2.5,300,20,2492.24,37383.6,37443.3,Grocery,Online,Medium Value,Silver,109,Medium,0
CUST103501,Kelly King,Male,46,Kochi,Kerala,2019-02-04,2026-03-25,8,1.08,64,8,1275.53,10204.24,10164.43,Beauty,Online,Low Value,Bronze,91,Medium,1
CUST103502,Timothy Ho,Female,20,Vadodara,Gujarat,2019-03-22,2026-03-14,2,0.5,8,4,1526.93,3053.86,5537.08,Sports,Online,Low Value,Bronze,102,Medium,1
CUST103503,Sarah Taylor,Male,32,Pune,Maharashtra,2024-05-25,2026-06-17,26,12.53,416,16,13165.24,342296.24,342340.94,Beauty,Online,High Value,Gold,7,Low,0
CUST103504,Sandra Smith,Female,33,Pune,Maharashtra,2023-01-08,2026-04-10,1,0.5,6,6,1423.62,1423.62,2457.47,Grocery,Online,Low Value,Bronze,75,Low,1
CUST103505,Chris Jones,Other,25,Hyderabad,Telangana,2023-04-10,2026-06-17,43,13.44,516,12,3071.03,132054.29,132101.46,Home & Kitchen,Offline,Medium Value,Gold,7,Low,0
CUST103506,Emily Lopez,Female,31,Nagpur,Maharashtra,2024-02-24,2025-12-24,6,2.58,24,4,431.98,2591.88,2590.6,Sports,Online,Low Value,Bronze,182,High,0
CUST103507,Kimberly Rivera,Female,43,Chandigarh,Chandigarh,2024-05-05,2026-01-01,31,14.55,124,4,3464.17,107389.27,107362.24,Sports,Online,Medium Value,Silver,174,Medium,0
CUST103508,John Moore,Male,36,Delhi,Delhi,2019-03-28,2026-06-05,2,0.5,12,6,2119.83,4239.66,7669.69,Electronics,Online,Low Value,Bronze,19,Low,1
CUST103509,Justin Perez,Male,32,Pune,Maharashtra,2021-01-04,2026-03-29,133,24.35,4655,35,9500.07,1263509.31,1263509.31,Grocery,Offline,High Value,Platinum,87,Low,0
CUST103510,Tanya Hill,Male,18,Hyderabad,Telangana,2020-09-23,2026-06-19,57,9.92,285,5,3593.12,204807.84,204738.09,Sports,Online,Medium Value,Gold,5,Low,0
CUST103511,Shawna Silva,Female,32,Hyderabad,Telangana,2023-06-27,2026-04-17,82,27.45,1804,22,8275.25,678570.5,678512.73,Fashion,Offline,High Value,Gold,68,Low,0
CUST103512,Marcus Powell,Male,45,Bhopal,Madhya Pradesh,2023-05-01,2025-09-06,8,2.55,80,10,1189.12,9512.96,9530.54,Fashion,Online,Low Value,Bronze,291,High,0
CUST103513,Joshua Hopkins,Female,37,Lucknow,Uttar Pradesh,2022-08-13,2025-12-08,8,2.07,64,8,249.04,1992.32,1988.66,Fashion,Online,Low Value,Bronze,198,High,0
CUST103514,Christian Cross,Male,39,Mumbai,Maharashtra,2019-09-02,2025-09-01,4,0.59,28,7,678.08,2712.32,2721.88,Fashion,Online,Low Value,Bronze,296,High,1
CUST103515,Dennis Garcia,Male,38,Ranchi,Jharkhand,2022-03-22,2025-04-06,8,1.88,64,8,539.71,4317.68,4314.19,Fashion,Online,Low Value,Bronze,444,High,1
CUST103516,Laurie Miranda,Male,36,Nagpur,Maharashtra,2022-10-28,2026-06-10,138,37.81,2622,19,13369.49,1844989.62,1844851.62,Beauty,Online,High Value,Platinum,14,Low,0
CUST103517,Raymond Vargas,Female,45,Kochi,Kerala,2021-11-17,2026-06-02,8,1.74,128,16,3024.67,24197.36,24178.48,Grocery,Online,Medium Value,Bronze,22,Low,1
CUST103518,Robert Savage,Female,42,Delhi,Delhi,2020-03-07,2026-02-23,69,10.97,2139,31,6584.97,454362.93,454485.71,Fashion,Offline,High Value,Gold,121,Low,0
CUST103519,Kara Jackson,Female,23,Indore,Madhya Pradesh,2022-01-28,2025-08-05,40,9.1,160,4,6720.68,268827.2,268911.84,Sports,Offline,High Value,Gold,323,High,0
CUST103520,Virginia Davis,Female,50,Nashik,Maharashtra,2022-04-17,2026-04-20,18,4.31,162,9,7481.34,134664.12,134804.84,Electronics,Online,Medium Value,Gold,65,Low,0
CUST103521,Brianna Martin,Male,34,Coimbatore,Tamil Nadu,2020-08-28,2026-05-06,28,4.81,224,8,3146.92,88113.76,88022.78,Fashion,Offline,Medium Value,Silver,49,Low,0
CUST103522,Erica Huang,Male,47,Mumbai,Maharashtra,2021-11-10,2026-02-05,21,4.55,315,15,3829.18,80412.78,80376.09,Fashion,Online,Medium Value,Silver,139,Medium,0
CUST103523,Jorge Gonzales,Female,25,Bengaluru,Karnataka,2021-08-21,2026-04-04,73,15.1,1606,22,13901.77,1014829.21,1014956.71,Home & Kitchen,Online,High Value,Platinum,81,Low,0
CUST103524,Erin Mason,Female,52,Visakhapatnam,Andhra Pradesh,2021-01-27,2026-06-05,81,15.0,2268,28,4369.24,353908.44,353845.64,Sports,Offline,High Value,Gold,19,Low,0
CUST103525,Justin Bennett,Male,58,Ahmedabad,Gujarat,2021-07-04,2026-05-31,41,8.26,656,16,12826.99,525906.59,526201.23,Electronics,Online,High Value,Gold,24,Low,0
CUST103526,John Collins,Female,38,Delhi,Delhi,2022-11-03,2026-02-16,4,1.1,36,9,1301.07,5204.28,5199.65,Beauty,Online,Low Value,Bronze,128,Medium,1
CUST103527,Kerry Ware,Female,51,Vadodara,Gujarat,2024-03-15,2025-03-16,7,3.08,42,6,2189.65,15327.55,15306.99,Electronics,Online,Medium Value,Bronze,465,High,0
CUST103528,Tina Dougherty,Female,32,Hyderabad,Telangana,2022-07-23,2026-03-05,3,0.77,9,3,2656.54,7969.62,8008.53,Electronics,Offline,Low Value,Bronze,111,Medium,1
CUST103529,Michelle Larsen,Female,33,Chennai,Tamil Nadu,2022-06-06,2026-05-11,25,6.18,325,13,2552.18,63804.5,63780.81,Beauty,Online,Medium Value,Silver,44,Low,0
CUST103530,Katherine Mccormick,Male,39,Lucknow,Uttar Pradesh,2020-01-20,2026-04-23,19,2.96,114,6,6713.47,127555.93,127582.58,Home & Kitchen,Online,Medium Value,Gold,62,Low,0
CUST103531,Kristin Graham,Female,30,Kolkata,West Bengal,2023-11-28,2025-11-26,4,1.56,28,7,1396.39,5585.56,5588.31,Sports,Offline,Low Value,Bronze,210,High,1
CUST103532,Alexander Diaz,Male,56,Coimbatore,Tamil Nadu,2021-03-22,2026-04-20,8,1.52,64,8,4611.62,36892.96,36809.12,Grocery,Online,Medium Value,Silver,65,Low,1
CUST103533,Michael Chandler,Male,24,Ranchi,Jharkhand,2019-10-31,2026-02-11,9,1.36,9,1,4683.31,42149.79,42305.07,Electronics,Offline,Medium Value,Silver,133,Medium,1
CUST103534,Justin Cuevas,Male,33,Madurai,Tamil Nadu,2023-05-29,2026-06-10,29,9.46,348,12,3301.4,95740.6,95767.26,Home & Kitchen,Offline,Medium Value,Silver,14,Low,0
CUST103535,Janet White,Male,47,Nashik,Maharashtra,2023-10-13,2026-03-28,55,20.44,1045,19,6402.89,352158.95,352225.04,Sports,Online,High Value,Gold,88,Low,0
CUST103536,Alexandra Ramos,Male,27,Pune,Maharashtra,2022-06-21,2026-02-12,20,5.0,220,11,2658.89,53177.8,53214.2,Fashion,Online,Medium Value,Silver,132,Medium,0
CUST103537,Abigail Collins,Male,56,Mumbai,Maharashtra,2021-04-23,2026-06-08,42,8.13,420,10,3075.7,129179.4,129117.76,Electronics,Offline,Medium Value,Gold,16,Low,0
CUST103538,Jacob King,Female,62,Vadodara,Gujarat,2021-08-17,2025-11-20,20,4.13,100,5,5878.47,117569.4,117651.48,Home & Kitchen,Online,Medium Value,Silver,216,High,0
CUST103539,Lisa Johnson,Female,31,Bhopal,Madhya Pradesh,2021-08-27,2026-05-15,120,24.9,1920,16,7457.46,894895.2,894772.7,Fashion,Offline,High Value,Platinum,40,Low,0
CUST103540,John Williams,Male,32,Visakhapatnam,Andhra Pradesh,2021-10-25,2025-12-31,12,2.58,204,17,4330.78,51969.36,52035.52,Fashion,Online,Medium Value,Silver,175,Medium,0
CUST103541,Dawn Garrett,Male,37,Chandigarh,Chandigarh,2022-11-12,2023-10-09,10,2.77,50,5,200.0,2000.0,1999.1,Fashion,Online,Low Value,Bronze,989,High,0
CUST103542,Samantha Roy,Other,30,Ahmedabad,Gujarat,2023-12-25,2026-04-02,108,43.35,2592,24,13856.91,1496546.28,1496603.19,Grocery,Offline,High Value,Platinum,83,Low,0
CUST103543,Yolanda Chen,Female,52,Lucknow,Uttar Pradesh,2019-03-14,2026-02-20,18,2.47,216,12,2061.22,37101.96,37035.88,Beauty,Offline,Medium Value,Silver,124,Medium,0
CUST103544,John Golden DDS,Female,46,Surat,Gujarat,2019-06-28,2024-10-09,2,0.5,14,7,398.51,797.02,1391.65,Beauty,Online,Low Value,Bronze,623,High,1
CUST103545,Amanda Johnson,Male,47,Mumbai,Maharashtra,2021-02-24,2026-01-29,74,13.9,1110,15,11864.4,877965.6,877741.47,Electronics,Offline,High Value,Platinum,146,Medium,0
CUST103546,Brittany Fitzgerald,Female,67,Bengaluru,Karnataka,2020-08-09,2026-03-18,80,13.64,1040,13,9080.19,726415.2,726676.73,Grocery,Offline,High Value,Platinum,98,Medium,0
CUST103547,Bonnie Barnes,Male,48,Coimbatore,Tamil Nadu,2022-09-13,2026-01-16,26,6.89,338,13,1058.16,27512.16,27506.13,Sports,Online,Medium Value,Bronze,159,Medium,0
CUST103548,Amy Walsh,Other,34,Pune,Maharashtra,2019-06-18,2026-06-14,27,3.85,189,7,5218.67,140904.09,140876.94,Grocery,Online,Medium Value,Gold,10,Low,0
CUST103549,Brent Stephens,Other,42,Surat,Gujarat,2021-11-24,2026-04-11,20,4.37,200,10,2682.66,53653.2,53633.15,Electronics,Offline,Medium Value,Silver,74,Low,0
CUST103550,Mrs. Lisa Smith,Female,35,Kanpur,Uttar Pradesh,2022-04-23,2025-09-07,2,0.5,12,6,229.53,459.06,477.91,Electronics,Online,Low Value,Bronze,290,High,1
CUST103551,Sarah Stewart,Female,52,Coimbatore,Tamil Nadu,2021-09-28,2026-06-19,48,10.15,816,17,15400.03,739201.44,739505.01,Fashion,Online,High Value,Platinum,5,Low,0
CUST103552,Susan Matthews,Male,37,Jaipur,Rajasthan,2022-12-18,2026-04-19,32,9.12,576,18,2418.39,77388.48,77413.91,Electronics,Online,Medium Value,Silver,66,Low,0
CUST103553,Kelli Shepard,Male,35,Lucknow,Uttar Pradesh,2019-03-13,2026-06-09,16,2.2,192,12,3061.97,48991.52,49021.7,Home & Kitchen,Offline,Medium Value,Silver,15,Low,0
CUST103554,Ryan Caldwell,Female,33,Lucknow,Uttar Pradesh,2023-09-16,2025-08-30,81,29.29,2916,36,10178.35,824446.35,824380.86,Sports,Offline,High Value,Platinum,298,High,0
CUST103555,Roger Mason,Female,45,Surat,Gujarat,2023-03-12,2026-03-31,23,7.01,368,16,200.0,4600.0,4598.48,Electronics,Online,Low Value,Bronze,85,Low,0
CUST103556,Angela Ramos,Other,63,Vadodara,Gujarat,2020-01-31,2026-02-21,14,2.19,70,5,3601.61,50422.54,50402.42,Beauty,Online,Medium Value,Silver,123,Medium,0
CUST103557,Craig Wagner,Male,40,Guwahati,Assam,2024-02-12,2025-12-22,27,11.45,324,12,4020.7,108558.9,108522.57,Home & Kitchen,Offline,Medium Value,Silver,184,High,0
CUST103558,Paul Massey,Female,41,Guwahati,Assam,2020-06-02,2026-05-21,73,12.06,2117,29,15502.88,1131710.24,1131770.09,Electronics,Online,High Value,Platinum,34,Low,0
CUST103559,Donald Bell,Male,22,Ahmedabad,Gujarat,2021-06-17,2026-04-26,8,1.6,40,5,2922.62,23380.96,23441.77,Sports,Online,Medium Value,Bronze,59,Low,1
CUST103560,Keith Horton,Male,42,Visakhapatnam,Andhra Pradesh,2022-04-23,2025-12-21,10,2.4,160,16,5033.18,50331.8,50302.86,Electronics,Online,Medium Value,Silver,185,High,0
CUST103561,Julie Wilson,Female,43,Kolkata,West Bengal,2020-08-17,2025-06-15,6,1.03,30,5,1781.39,10688.34,10725.16,Fashion,Offline,Low Value,Bronze,374,High,1
CUST103562,Nicholas Lopez,Male,42,Patna,Bihar,2022-09-25,2026-06-20,31,8.29,775,25,4954.23,153581.13,153599.98,Fashion,Online,Medium Value,Gold,4,Low,0
CUST103563,Tracy Wang,Male,46,Hyderabad,Telangana,2023-02-26,2026-02-16,19,5.73,399,21,2656.04,50464.76,50501.19,Grocery,Online,Medium Value,Silver,128,Medium,0
CUST103564,Claudia Brooks,Female,27,Chennai,Tamil Nadu,2019-12-26,2026-05-08,7,1.08,7,1,4786.17,33503.19,33540.54,Fashion,Online,Medium Value,Bronze,47,Low,1
CUST103565,Nathaniel Wright,Female,37,Chennai,Tamil Nadu,2024-02-15,2026-03-30,16,6.81,128,8,1518.71,24299.36,24295.12,Fashion,Online,Medium Value,Bronze,86,Low,0
CUST103566,Maria Valenzuela,Female,28,Visakhapatnam,Andhra Pradesh,2021-08-21,2026-04-28,25,5.17,50,2,4441.78,111044.5,111031.97,Home & Kitchen,Online,Medium Value,Silver,57,Low,0
CUST103567,Peter Anderson,Female,56,Pune,Maharashtra,2019-07-20,2026-03-24,44,6.35,176,4,5147.8,226503.2,226336.19,Grocery,Online,Medium Value,Gold,92,Low,0
CUST103568,Michael Thompson,Female,52,Vadodara,Gujarat,2023-07-05,2023-07-05,6,2.02,42,7,1550.74,9304.44,9288.14,Home & Kitchen,Online,Low Value,Bronze,1085,High,0
CUST103569,Ethan Perez,Female,29,Indore,Madhya Pradesh,2020-02-09,2025-06-05,13,2.04,26,2,977.22,12703.86,12689.81,Grocery,Online,Low Value,Bronze,384,High,0
CUST103570,Stephen Thompson,Male,18,Guwahati,Assam,2020-04-01,2026-01-31,22,3.54,198,9,4900.63,107813.86,107960.38,Sports,Online,Medium Value,Silver,144,Medium,0
CUST103571,Michael Baker,Female,47,Ranchi,Jharkhand,2020-02-28,2026-04-16,20,3.17,20,1,5894.38,117887.6,117968.61,Sports,Online,Medium Value,Silver,69,Low,0
CUST103572,Kenneth Bailey DDS,Female,33,Coimbatore,Tamil Nadu,2024-03-18,2025-12-31,3,1.33,15,5,2215.64,6646.92,6664.09,Beauty,Offline,Low Value,Bronze,175,Medium,1
CUST103573,Mark Decker,Female,59,Guwahati,Assam,2021-08-23,2026-04-17,6,1.24,54,9,1338.46,8030.76,8015.59,Electronics,Online,Low Value,Bronze,68,Low,1
CUST103574,Ruben Cruz,Male,19,Lucknow,Uttar Pradesh,2021-08-16,2026-04-16,4,0.82,12,3,887.28,3549.12,3527.79,Grocery,Offline,Low Value,Bronze,69,Low,1
CUST103575,Christine Park,Male,40,Vadodara,Gujarat,2022-09-15,2026-06-04,13,3.45,156,12,3038.89,39505.57,39496.83,Fashion,Offline,Medium Value,Silver,20,Low,0
CUST103576,Robert Hogan,Female,31,Vadodara,Gujarat,2022-06-22,2026-06-10,63,15.75,1764,28,10166.31,640477.53,640477.53,Beauty,Online,High Value,Gold,14,Low,0
CUST103577,Michael Gordon,Male,53,Ranchi,Jharkhand,2021-02-13,2025-10-03,44,8.22,396,9,832.96,36650.24,36648.19,Grocery,Online,Medium Value,Silver,264,High,0
CUST103578,Rebecca Davis,Female,31,Mumbai,Maharashtra,2020-05-18,2025-11-10,4,0.66,32,8,2088.84,8355.36,8402.03,Grocery,Online,Low Value,Bronze,226,High,1
CUST103579,Deanna Mcdonald,Male,42,Surat,Gujarat,2024-04-04,2026-05-26,19,8.58,152,8,3566.5,67763.5,67777.85,Fashion,Offline,Medium Value,Silver,29,Low,0
CUST103580,Brian Barrett,Female,31,Vadodara,Gujarat,2023-11-20,2026-03-07,33,12.75,99,3,4030.33,133000.89,132951.24,Electronics,Online,Medium Value,Gold,109,Low,0
CUST103581,Charles Willis,Male,48,Nagpur,Maharashtra,2019-02-03,2024-06-14,22,2.98,66,3,2287.24,50319.28,50310.39,Beauty,Online,Medium Value,Silver,740,High,0
CUST103582,James Chapman,Male,43,Bhopal,Madhya Pradesh,2022-05-30,2025-08-15,71,17.47,1775,25,2977.63,211411.73,211352.46,Beauty,Online,Medium Value,Gold,313,High,0
CUST103583,Michael Soto,Female,28,Chennai,Tamil Nadu,2019-02-28,2024-12-27,5,0.68,30,6,1287.99,6439.95,6404.79,Home & Kitchen,Offline,Low Value,Bronze,544,High,1
CUST103584,Aimee Fisher,Female,37,Ahmedabad,Gujarat,2023-09-23,2025-04-12,40,14.57,720,18,2388.0,95520.0,95544.26,Sports,Online,Medium Value,Silver,438,High,0
CUST103585,Matthew Garcia,Male,20,Bhopal,Madhya Pradesh,2020-05-11,2025-09-17,19,3.11,190,10,2681.03,50939.57,50975.39,Home & Kitchen,Online,Medium Value,Silver,280,High,0
CUST103586,Elizabeth Owens,Female,51,Guwahati,Assam,2024-04-02,2026-02-15,9,4.05,207,23,6780.83,61027.47,60977.34,Grocery,Online,Medium Value,Silver,129,Medium,0
CUST103587,Alex Lamb,Female,53,Delhi,Delhi,2022-12-09,2026-01-14,1,0.5,6,6,1194.87,1194.87,2111.67,Home & Kitchen,Online,Low Value,Bronze,161,Medium,1
CUST103588,Kenneth Graham,Male,39,Madurai,Tamil Nadu,2020-06-24,2026-06-17,79,13.18,2528,32,15570.4,1230061.6,1229902.59,Electronics,Online,High Value,Platinum,7,Low,0
CUST103589,Roy King,Female,38,Hyderabad,Telangana,2019-05-16,2026-04-27,106,14.93,3180,30,6448.03,683491.18,683701.61,Sports,Online,High Value,Platinum,58,Low,0
CUST103590,George Gregory,Male,28,Pune,Maharashtra,2023-08-06,2026-02-26,1,0.5,9,9,868.52,868.52,1249.57,Home & Kitchen,Online,Low Value,Bronze,118,Medium,1
CUST103591,Wesley Rich,Female,32,Bhopal,Madhya Pradesh,2020-04-01,2026-06-21,146,23.46,1898,13,10948.46,1598475.16,1598417.61,Sports,Online,High Value,Platinum,3,Low,0
CUST103592,Stephanie Hunter,Female,20,Nashik,Maharashtra,2021-10-22,2025-11-11,20,4.29,100,5,2890.14,57802.8,57843.63,Sports,Online,Medium Value,Silver,225,High,0
CUST103593,Raymond Finley,Male,56,Kochi,Kerala,2019-07-07,2026-01-29,9,1.29,54,6,2414.66,21731.94,21678.59,Sports,Offline,Medium Value,Bronze,146,Medium,1
CUST103594,Allen Hunt,Female,52,Mumbai,Maharashtra,2019-08-24,2024-12-22,32,4.69,192,6,2650.67,84821.44,84885.74,Beauty,Offline,Medium Value,Silver,549,High,0
CUST103595,Stacie Sanford,Male,42,Jaipur,Rajasthan,2021-06-27,2026-03-06,13,2.61,91,7,3434.52,44648.76,44691.64,Sports,Online,Medium Value,Silver,110,Medium,0
CUST103596,Christina Compton,Female,24,Kanpur,Uttar Pradesh,2022-08-15,2026-01-19,27,7.01,648,24,200.0,5400.0,5400.72,Home & Kitchen,Online,Low Value,Bronze,156,Medium,0
CUST103597,Beverly Cook,Female,40,Chandigarh,Chandigarh,2023-02-10,2026-06-01,20,5.95,60,3,2281.14,45622.8,45632.79,Home & Kitchen,Offline,Medium Value,Silver,23,Low,0
CUST103598,Tracy Parker,Male,44,Kochi,Kerala,2022-03-08,2025-12-24,12,2.8,48,4,6188.71,74264.52,74342.46,Fashion,Offline,Medium Value,Silver,182,High,0
CUST103599,Rebecca Ellis,Female,54,Pune,Maharashtra,2023-06-08,2026-04-23,26,8.56,52,2,2657.38,69091.88,69128.99,Sports,Offline,Medium Value,Silver,62,Low,0
CUST103600,Aaron Hernandez,Male,61,Indore,Madhya Pradesh,2020-02-28,2026-06-20,60,9.5,1140,19,1167.69,70061.4,70035.82,Grocery,Offline,Medium Value,Silver,4,Low,0
CUST103601,Elizabeth Miller,Female,28,Madurai,Tamil Nadu,2023-04-15,2026-06-01,40,12.55,40,1,1911.22,76448.8,76439.38,Electronics,Online,Medium Value,Silver,23,Low,0
CUST103602,Dalton Davis,Male,35,Patna,Bihar,2022-10-15,2026-06-19,60,16.28,1020,17,402.01,24120.6,24118.27,Sports,Online,Medium Value,Bronze,5,Low,0
CUST103603,Michael Singleton,Female,29,Madurai,Tamil Nadu,2020-09-08,2025-11-28,49,8.47,490,10,2666.81,130673.69,130672.67,Grocery,Online,Medium Value,Gold,208,High,0
CUST103604,John Cooper,Other,29,Kolkata,West Bengal,2020-10-23,2025-12-21,12,2.12,168,14,3101.43,37217.16,37227.01,Grocery,Online,Medium Value,Silver,185,High,0
CUST103605,Michael Hale,Male,33,Surat,Gujarat,2021-06-19,2026-05-17,87,17.37,2697,31,14226.9,1237740.3,1237466.86,Beauty,Offline,High Value,Platinum,38,Low,0
CUST103606,Mary Guerra,Male,32,Kochi,Kerala,2023-09-04,2026-05-03,10,3.57,30,3,1592.13,15921.3,15904.04,Fashion,Offline,Medium Value,Bronze,52,Low,0
CUST103607,Pamela Davis,Female,21,Visakhapatnam,Andhra Pradesh,2022-07-01,2026-05-30,10,2.52,160,16,6560.95,65609.5,65726.98,Fashion,Online,Medium Value,Silver,25,Low,0
CUST103608,Phillip Anderson,Male,28,Hyderabad,Telangana,2020-07-04,2024-07-21,2,0.5,14,7,829.0,1658.0,2472.81,Grocery,Offline,Low Value,Bronze,703,High,1
CUST103609,Stephanie Weiss,Female,30,Kolkata,West Bengal,2022-03-07,2025-06-07,1,0.5,6,6,1697.63,1697.63,3643.92,Electronics,Offline,Low Value,Bronze,382,High,1
CUST103610,Jessica Long,Male,43,Bengaluru,Karnataka,2020-10-19,2025-10-18,18,3.17,342,19,1381.96,24875.28,24851.59,Sports,Online,Medium Value,Bronze,249,High,0
CUST103611,John Yang,Female,34,Bhopal,Madhya Pradesh,2022-09-10,2026-04-16,147,38.88,3234,22,2773.69,407732.43,407744.05,Fashion,Online,High Value,Gold,69,Low,0
CUST103612,Connie Franklin,Male,46,Madurai,Tamil Nadu,2019-01-29,2025-08-11,35,4.73,840,24,6228.98,218014.3,217877.53,Home & Kitchen,Online,Medium Value,Gold,317,High,0
CUST103613,Jackie Morgan,Male,42,Lucknow,Uttar Pradesh,2024-01-02,2026-03-24,1,0.5,5,5,200.0,200.0,246.95,Beauty,Offline,Low Value,Bronze,92,Medium,1
CUST103614,Lisa Walton,Male,37,Lucknow,Uttar Pradesh,2021-11-18,2026-03-20,16,3.48,96,6,3516.41,56262.56,56185.16,Fashion,Online,Medium Value,Silver,96,Medium,0
CUST103615,Maria Taylor,Female,27,Madurai,Tamil Nadu,2020-12-28,2026-05-23,72,13.14,576,8,9491.51,683388.72,683603.89,Fashion,Offline,High Value,Platinum,32,Low,0
CUST103616,Daniel Graham,Male,36,Lucknow,Uttar Pradesh,2021-10-14,2025-12-31,44,9.39,924,21,4952.75,217921.0,217984.46,Grocery,Online,Medium Value,Gold,175,Low,0
CUST103617,Matthew Simmons,Male,40,Madurai,Tamil Nadu,2020-11-12,2026-02-10,4,0.71,16,4,1390.47,5561.88,5535.54,Grocery,Offline,Low Value,Bronze,134,Medium,1
CUST103618,James Nicholson,Female,32,Chennai,Tamil Nadu,2022-03-26,2026-04-17,3,0.71,12,4,1505.23,4515.69,4532.34,Home & Kitchen,Online,Low Value,Bronze,68,Low,1
CUST103619,Tyler Fisher,Other,59,Ranchi,Jharkhand,2022-01-01,2026-05-02,62,13.87,1178,19,13233.79,820494.98,820647.52,Grocery,Online,High Value,Platinum,53,Low,0
CUST103620,Michael Flowers,Male,32,Hyderabad,Telangana,2022-04-22,2026-03-17,14,3.36,98,7,2430.38,34025.32,34028.11,Grocery,Online,Medium Value,Bronze,99,Medium,0
CUST103621,Bradley Parks,Female,20,Hyderabad,Telangana,2022-10-01,2025-10-01,34,9.13,340,10,6781.65,230576.1,230544.54,Fashion,Online,Medium Value,Gold,266,High,0
CUST103622,Scott Lara,Male,28,Lucknow,Uttar Pradesh,2020-11-06,2026-02-04,16,2.85,256,16,5065.25,81044.0,81181.29,Grocery,Offline,Medium Value,Silver,140,Medium,0
CUST103623,Francis Andrews,Male,46,Lucknow,Uttar Pradesh,2019-05-24,2026-02-17,1,0.5,5,5,200.0,200.0,708.01,Fashion,Online,Low Value,Bronze,127,Medium,1
CUST103624,Jesse Tucker,Female,44,Patna,Bihar,2021-05-23,2026-01-19,14,2.76,42,3,3055.52,42777.28,42853.07,Electronics,Online,Medium Value,Silver,156,Medium,0
CUST103625,Jennifer Wise,Female,42,Coimbatore,Tamil Nadu,2024-05-28,2025-12-22,14,6.77,154,11,4411.09,61755.26,61729.29,Fashion,Offline,Medium Value,Silver,184,High,0
CUST103626,David Walters,Male,50,Nagpur,Maharashtra,2019-09-25,2026-05-08,71,10.53,852,12,8861.79,629187.09,628995.66,Fashion,Online,High Value,Gold,47,Low,0
CUST103627,Rebekah Cole,Female,42,Visakhapatnam,Andhra Pradesh,2021-01-13,2026-01-02,2,0.5,12,6,1898.08,3796.16,5160.28,Electronics,Online,Low Value,Bronze,173,Medium,1
CUST103628,John Rogers,Male,18,Ahmedabad,Gujarat,2019-02-27,2026-06-17,4,0.55,28,7,1594.91,6379.64,6417.19,Fashion,Offline,Low Value,Bronze,7,Low,1
CUST103629,Holly Floyd,Male,28,Pune,Maharashtra,2021-06-20,2025-11-01,55,10.99,715,13,5326.05,292932.75,292946.89,Home & Kitchen,Offline,High Value,Gold,235,High,0
CUST103630,Ms. Janet Leonard,Male,41,Vadodara,Gujarat,2019-06-23,2025-05-07,4,0.57,24,6,1923.97,7695.88,7674.39,Home & Kitchen,Offline,Low Value,Bronze,413,High,1
CUST103631,George Villa,Male,54,Bengaluru,Karnataka,2019-04-17,2026-03-23,66,9.19,1122,17,6827.42,450609.72,450588.6,Beauty,Offline,High Value,Gold,93,Low,0
CUST103632,Christina Hess,Female,30,Delhi,Delhi,2023-10-15,2026-06-15,21,7.82,315,15,4015.69,84329.49,84342.35,Grocery,Online,Medium Value,Silver,9,Low,0
CUST103633,Jordan Williams,Female,38,Chennai,Tamil Nadu,2019-12-29,2026-06-19,33,5.09,297,9,2655.28,87624.24,87586.29,Electronics,Online,Medium Value,Silver,5,Low,0
CUST103634,Bryan Burns,Male,44,Lucknow,Uttar Pradesh,2022-02-23,2026-06-12,94,21.73,1410,15,10271.68,965537.92,965535.11,Sports,Online,High Value,Platinum,12,Low,0
CUST103635,Stephen Parks,Female,26,Bhopal,Madhya Pradesh,2024-03-06,2025-04-20,11,4.79,66,6,4836.34,53199.74,53150.35,Sports,Offline,Medium Value,Silver,430,High,0
CUST103636,George Phillips,Female,42,Bengaluru,Karnataka,2020-12-30,2026-03-23,4,0.73,4,1,200.0,800.0,799.45,Grocery,Online,Low Value,Bronze,93,Medium,1
CUST103637,Kimberly White,Male,51,Vadodara,Gujarat,2021-12-01,2026-03-17,68,14.93,1360,20,13557.45,921906.6,922148.61,Sports,Offline,High Value,Platinum,99,Medium,0
CUST103638,Alan Nguyen,Male,34,Chennai,Tamil Nadu,2021-04-02,2026-04-11,20,3.83,340,17,2506.28,50125.6,50117.43,Beauty,Online,Medium Value,Silver,74,Low,0
CUST103639,Linda Howard,Female,51,Coimbatore,Tamil Nadu,2020-06-02,2026-01-19,20,3.3,360,18,2566.1,51322.0,51260.88,Electronics,Online,Medium Value,Silver,156,Medium,0
CUST103640,Parker Wright,Male,51,Pune,Maharashtra,2021-03-29,2025-12-11,22,4.2,154,7,1034.85,22766.7,22740.35,Beauty,Online,Medium Value,Bronze,195,High,0
CUST103641,Brandon Acosta,Male,61,Bengaluru,Karnataka,2019-03-26,2026-04-22,8,1.1,80,10,1046.07,8368.56,8332.76,Home & Kitchen,Online,Low Value,Bronze,63,Low,1
CUST103642,Jessica Hill,Female,43,Bengaluru,Karnataka,2020-06-17,2025-06-25,30,4.99,30,1,3179.15,95374.5,95379.2,Home & Kitchen,Online,Medium Value,Silver,364,High,0
CUST103643,Melissa Sanchez,Male,29,Jaipur,Rajasthan,2020-11-21,2026-03-25,24,4.3,264,11,1218.18,29236.32,29241.99,Fashion,Online,Medium Value,Bronze,91,Medium,0
CUST103644,Sandy Oconnor,Female,28,Indore,Madhya Pradesh,2022-06-01,2025-12-14,2,0.5,12,6,1273.09,2546.18,2582.78,Grocery,Online,Low Value,Bronze,192,High,1
CUST103645,Judy Jones,Female,26,Surat,Gujarat,2019-06-02,2026-06-19,24,3.4,720,30,15557.8,373387.2,373208.3,Electronics,Offline,High Value,Gold,5,Low,0
CUST103646,Charles Davila,Male,62,Kochi,Kerala,2022-12-12,2026-02-26,29,8.22,377,13,2241.31,64997.99,64967.98,Home & Kitchen,Offline,Medium Value,Silver,118,Medium,0
CUST103647,Sonia Reyes,Female,37,Pune,Maharashtra,2019-11-25,2026-03-21,21,3.19,84,4,3522.66,73975.86,73869.19,Grocery,Online,Medium Value,Silver,95,Medium,0
CUST103648,Mrs. Tammy Curry,Male,58,Ahmedabad,Gujarat,2019-12-28,2025-12-22,24,3.7,312,13,4296.47,103115.28,103063.52,Grocery,Offline,Medium Value,Silver,184,High,0
CUST103649,Alex Clements,Male,44,Bengaluru,Karnataka,2020-09-08,2025-02-26,3,0.52,36,12,266.0,798.0,800.19,Electronics,Offline,Low Value,Bronze,483,High,1
CUST103650,Matthew Andrade,Female,28,Visakhapatnam,Andhra Pradesh,2023-10-26,2026-05-27,4,1.51,20,5,1655.41,6621.64,6638.41,Sports,Online,Low Value,Bronze,28,Low,1
CUST103651,Jessica Wilson,Male,30,Coimbatore,Tamil Nadu,2022-11-26,2026-04-24,15,4.2,180,12,1179.46,17691.9,17685.6,Home & Kitchen,Offline,Medium Value,Bronze,61,Low,0
CUST103652,Dean Turner,Male,34,Pune,Maharashtra,2020-08-21,2025-10-18,6,1.03,36,6,1151.91,6911.46,6922.28,Grocery,Online,Low Value,Bronze,249,High,1
CUST103653,Sarah Sanchez,Female,48,Bengaluru,Karnataka,2021-02-15,2026-05-22,105,19.64,3045,29,1789.21,187867.05,187894.83,Beauty,Online,Medium Value,Gold,33,Low,0
CUST103654,Jacqueline Kennedy,Female,42,Guwahati,Assam,2020-02-09,2026-05-28,54,8.48,486,9,11941.78,644856.12,644610.91,Electronics,Online,High Value,Gold,27,Low,0
CUST103655,Jessica Burgess,Male,31,Coimbatore,Tamil Nadu,2021-05-13,2025-05-17,28,5.48,28,1,3789.21,106097.88,106084.19,Sports,Online,Medium Value,Silver,403,High,0
CUST103656,Destiny Powers,Female,32,Lucknow,Uttar Pradesh,2019-04-29,2026-02-05,8,1.12,200,25,1791.48,14331.84,14343.22,Fashion,Online,Low Value,Bronze,139,Medium,1
CUST103657,Susan Gregory,Female,36,Pune,Maharashtra,2022-07-10,2026-03-11,12,3.04,192,16,5770.65,69247.8,69306.57,Fashion,Online,Medium Value,Silver,105,Medium,0
CUST103658,Jason Smith,Male,30,Kolkata,West Bengal,2021-02-12,2026-03-13,11,2.05,231,21,3527.85,38806.35,38729.56,Beauty,Online,Medium Value,Silver,103,Medium,0
CUST103659,Carlos Adams,Female,24,Chennai,Tamil Nadu,2021-02-05,2024-03-26,2,0.5,10,5,671.02,1342.04,1803.17,Beauty,Online,Low Value,Bronze,820,High,1
CUST103660,Vanessa Flores,Male,37,Nagpur,Maharashtra,2020-05-19,2026-05-16,26,4.27,286,11,3860.24,100366.24,100411.16,Electronics,Online,Medium Value,Silver,39,Low,0
CUST103661,Albert Nguyen,Male,32,Nashik,Maharashtra,2023-08-28,2026-02-19,41,14.55,451,11,4518.16,185244.56,185203.74,Home & Kitchen,Offline,Medium Value,Gold,125,Low,0
CUST103662,Dwayne Joseph,Male,31,Coimbatore,Tamil Nadu,2023-11-20,2026-04-17,65,25.12,1365,21,14289.41,928811.65,928700.15,Fashion,Online,High Value,Platinum,68,Low,0
CUST103663,Leah Walters,Female,27,Kanpur,Uttar Pradesh,2019-07-26,2026-06-06,72,10.42,1296,18,200.0,14400.0,14395.43,Home & Kitchen,Online,Low Value,Bronze,18,Low,0
CUST103664,James Spears,Male,47,Kochi,Kerala,2019-10-17,2026-04-12,29,4.34,29,1,2492.15,72272.35,72254.27,Beauty,Online,Medium Value,Silver,73,Low,0
CUST103665,Gilbert Reed,Female,36,Nagpur,Maharashtra,2020-03-05,2024-12-04,33,5.24,495,15,4821.38,159105.54,159089.04,Beauty,Offline,Medium Value,Gold,567,High,0
CUST103666,Joel Newton,Female,18,Chennai,Tamil Nadu,2021-10-15,2026-04-03,8,1.71,32,4,496.32,3970.56,3975.74,Grocery,Online,Low Value,Bronze,82,Low,1
CUST103667,Michael Chambers,Male,35,Surat,Gujarat,2021-03-02,2025-12-06,56,10.55,616,11,8528.73,477608.88,477419.74,Home & Kitchen,Offline,High Value,Gold,200,High,0
CUST103668,Andrew Phelps,Male,34,Bengaluru,Karnataka,2022-11-24,2026-06-12,27,7.55,216,8,6626.57,178917.39,178891.08,Beauty,Online,Medium Value,Gold,12,Low,0
CUST103669,Lynn Hoffman,Male,55,Pune,Maharashtra,2021-10-26,2025-06-12,22,4.73,88,4,3418.62,75209.64,75261.12,Electronics,Online,Medium Value,Silver,377,High,0
CUST103670,Daniel Mercer,Female,42,Hyderabad,Telangana,2023-05-15,2026-05-27,9,2.9,108,12,3951.22,35560.98,35575.58,Sports,Offline,Medium Value,Silver,28,Low,0
CUST103671,Edgar Stewart,Female,35,Guwahati,Assam,2022-09-20,2026-06-08,40,10.66,560,14,11766.29,470651.6,470808.16,Home & Kitchen,Offline,High Value,Gold,16,Low,0
CUST103672,Alyssa Weber,Male,34,Patna,Bihar,2023-03-15,2026-02-26,10,3.06,90,9,1461.46,14614.6,14631.41,Fashion,Online,Medium Value,Bronze,118,Medium,0
CUST103673,Guy Reynolds,Male,29,Mumbai,Maharashtra,2021-11-10,2026-04-13,113,24.49,3955,35,10650.06,1203456.78,1203235.18,Grocery,Online,High Value,Platinum,72,Low,0
CUST103674,Allison Mcpherson DDS,Male,41,Ranchi,Jharkhand,2023-06-15,2025-10-16,19,6.29,190,10,3087.05,58653.95,58638.06,Electronics,Offline,Medium Value,Silver,251,High,0
CUST103675,David Morse Jr.,Female,35,Kolkata,West Bengal,2020-04-24,2026-04-01,36,5.84,396,11,1145.1,41223.6,41195.38,Home & Kitchen,Online,Medium Value,Silver,84,Low,0
CUST103676,Sarah Davis,Female,51,Coimbatore,Tamil Nadu,2023-07-02,2026-06-09,95,31.95,2090,22,10019.17,951821.15,951792.35,Grocery,Online,High Value,Platinum,15,Low,0
CUST103677,Willie Duncan,Female,45,Kolkata,West Bengal,2019-07-19,2026-04-19,28,4.04,28,1,4467.93,125102.04,125031.09,Home & Kitchen,Online,Medium Value,Gold,66,Low,0
CUST103678,Christopher Waters,Female,52,Nagpur,Maharashtra,2020-06-04,2025-09-01,1,0.5,6,6,2078.12,2078.12,6284.14,Grocery,Offline,Low Value,Bronze,296,High,1
CUST103679,Jennifer Ortiz,Female,47,Kochi,Kerala,2022-04-02,2026-01-28,32,7.58,448,14,5132.66,164245.12,164250.18,Electronics,Offline,Medium Value,Gold,147,Low,0
CUST103680,Jennifer Greene,Male,28,Coimbatore,Tamil Nadu,2022-09-25,2025-05-18,1,0.5,4,4,842.23,842.23,1574.93,Electronics,Offline,Low Value,Bronze,402,High,1
CUST103681,Jack Garcia,Male,39,Patna,Bihar,2022-04-06,2026-06-09,120,28.5,3600,30,8996.21,1079545.2,1079619.09,Sports,Offline,High Value,Platinum,15,Low,0
CUST103682,Toni Gill,Female,49,Ranchi,Jharkhand,2023-11-10,2025-05-14,13,4.97,65,5,200.0,2600.0,2598.96,Grocery,Online,Low Value,Bronze,406,High,0
CUST103683,Joseph Myers,Female,34,Chennai,Tamil Nadu,2023-01-16,2026-05-08,18,5.25,288,16,2293.68,41286.24,41309.79,Beauty,Offline,Medium Value,Silver,47,Low,0
CUST103684,Kathleen Marshall,Female,23,Vadodara,Gujarat,2022-11-01,2025-09-08,24,6.6,456,19,4468.64,107247.36,107313.43,Grocery,Offline,Medium Value,Silver,289,High,0
CUST103685,Joanna Bradshaw,Other,30,Guwahati,Assam,2023-01-19,2025-05-28,10,2.92,170,17,9507.29,95072.9,95007.83,Fashion,Online,Medium Value,Silver,392,High,0
CUST103686,Dylan Patel,Male,37,Delhi,Delhi,2023-02-03,2025-04-02,19,5.62,114,6,1597.22,30347.18,30351.33,Grocery,Online,Medium Value,Bronze,448,High,0
CUST103687,John Jackson,Female,31,Bhopal,Madhya Pradesh,2023-01-03,2026-06-04,19,5.48,266,14,4496.52,85433.88,85408.4,Home & Kitchen,Offline,Medium Value,Silver,20,Low,0
CUST103688,Janet Delgado,Male,24,Bengaluru,Karnataka,2022-03-13,2026-05-19,88,20.58,1232,14,18030.63,1586695.44,1586890.93,Grocery,Online,High Value,Platinum,36,Low,0
CUST103689,Jennifer Fields,Female,42,Chennai,Tamil Nadu,2020-04-13,2026-05-02,70,11.31,1330,19,2054.21,143794.7,143819.5,Electronics,Online,Medium Value,Gold,53,Low,0
CUST103690,Brenda Harvey,Male,38,Chandigarh,Chandigarh,2019-01-16,2025-10-01,2,0.5,16,8,1020.67,2041.34,3792.06,Grocery,Offline,Low Value,Bronze,266,High,1
CUST103691,Ms. Monique Dougherty MD,Male,64,Chandigarh,Chandigarh,2020-09-28,2026-06-14,8,1.4,128,16,5198.23,41585.84,41702.54,Electronics,Online,Medium Value,Silver,10,Low,1
CUST103692,Keith Kennedy,Male,35,Visakhapatnam,Andhra Pradesh,2022-03-25,2026-06-19,7,1.65,28,4,1960.61,13724.27,13728.3,Sports,Online,Low Value,Bronze,5,Low,1
CUST103693,Jacob Paul,Male,64,Jaipur,Rajasthan,2024-02-15,2026-03-07,30,12.77,150,5,1556.44,46693.2,46689.62,Home & Kitchen,Online,Medium Value,Silver,109,Medium,0
CUST103694,Martha Arnold,Female,29,Bhopal,Madhya Pradesh,2020-05-14,2026-06-02,14,2.29,182,13,5871.8,82205.2,82095.88,Beauty,Online,Medium Value,Silver,22,Low,0
CUST103695,Sarah Martin,Male,44,Vadodara,Gujarat,2020-07-26,2026-05-26,82,13.89,2132,26,10184.13,835098.66,835383.9,Sports,Online,High Value,Platinum,29,Low,0
CUST103696,Shaun Thompson,Male,47,Vadodara,Gujarat,2020-09-03,2025-07-14,4,0.69,24,6,1916.05,7664.2,7666.4,Beauty,Offline,Low Value,Bronze,345,High,1
CUST103697,Tammy Morris,Other,50,Jaipur,Rajasthan,2019-07-03,2026-02-09,24,3.44,456,19,737.24,17693.76,17678.1,Beauty,Online,Medium Value,Bronze,135,Medium,0
CUST103698,Steven Clark,Female,27,Ahmedabad,Gujarat,2021-09-22,2025-09-14,5,1.05,40,8,419.92,2099.6,2093.22,Beauty,Online,Low Value,Bronze,283,High,1
CUST103699,David Morrison,Male,23,Nashik,Maharashtra,2019-05-28,2026-02-26,26,3.68,234,9,5770.63,150036.38,150119.48,Home & Kitchen,Online,Medium Value,Gold,118,Low,0
CUST103700,Rebecca Kaufman DDS,Male,36,Mumbai,Maharashtra,2023-02-19,2026-06-12,12,3.6,168,14,6391.99,76703.88,76798.38,Fashion,Offline,Medium Value,Silver,12,Low,0
CUST103701,Larry Rivera,Female,52,Kochi,Kerala,2020-10-26,2026-06-22,45,7.96,45,1,5489.05,247007.25,247024.53,Electronics,Online,High Value,Gold,2,Low,0
CUST103702,Caitlin Ford,Male,47,Ahmedabad,Gujarat,2019-03-22,2026-05-26,24,3.31,120,5,1753.14,42075.36,42085.87,Electronics,Online,Medium Value,Silver,29,Low,0
CUST103703,Adriana Johnson,Male,28,Delhi,Delhi,2020-03-25,2025-10-19,1,0.5,7,7,1463.43,1463.43,4567.58,Fashion,Online,Low Value,Bronze,248,High,1
CUST103704,Sharon Cowan,Male,29,Hyderabad,Telangana,2023-12-02,2024-09-02,5,1.96,35,7,520.11,2600.55,2604.01,Home & Kitchen,Offline,Low Value,Bronze,660,High,1
CUST103705,Andrea Butler,Female,21,Madurai,Tamil Nadu,2020-09-03,2026-05-10,1,0.5,1,1,1073.72,1073.72,3113.13,Beauty,Online,Low Value,Bronze,45,Low,1
CUST103706,Mike Martinez,Female,31,Vadodara,Gujarat,2024-02-04,2025-10-02,5,2.1,45,9,1057.96,5289.8,5285.89,Electronics,Online,Low Value,Bronze,265,High,0
CUST103707,Maria Ferguson,Female,45,Chandigarh,Chandigarh,2021-12-27,2026-04-30,56,12.49,672,12,5725.95,320653.2,320725.63,Fashion,Online,High Value,Gold,55,Low,0
CUST103708,John Barber,Female,45,Ahmedabad,Gujarat,2021-01-25,2025-04-02,24,4.44,288,12,4909.18,117820.32,117800.97,Sports,Online,Medium Value,Silver,448,High,0
CUST103709,James Short,Male,49,Patna,Bihar,2023-11-01,2026-06-05,6,2.27,36,6,676.56,4059.36,4053.4,Fashion,Online,Low Value,Bronze,19,Low,0
CUST103710,Heidi Moran,Male,25,Bhopal,Madhya Pradesh,2019-08-17,2026-04-27,58,8.47,1740,30,11632.76,674700.08,674667.28,Sports,Offline,High Value,Gold,58,Low,0
CUST103711,Marie Patterson,Female,49,Delhi,Delhi,2021-02-18,2026-04-12,10,1.87,50,5,496.24,4962.4,4954.25,Beauty,Offline,Low Value,Bronze,73,Low,1
CUST103712,Charles Baker,Male,50,Bengaluru,Karnataka,2023-02-22,2025-11-16,6,1.8,48,8,1884.93,11309.58,11295.65,Sports,Online,Low Value,Bronze,220,High,1
CUST103713,Nicole Rodriguez,Male,34,Kanpur,Uttar Pradesh,2019-04-26,2026-06-06,21,2.93,357,17,4531.62,95164.02,95024.69,Electronics,Online,Medium Value,Silver,18,Low,0
CUST103714,Jason Morgan,Male,30,Guwahati,Assam,2022-10-17,2025-10-23,3,0.82,6,2,1488.89,4466.67,4492.47,Grocery,Online,Low Value,Bronze,244,High,1
CUST103715,Rebecca Clark,Female,29,Jaipur,Rajasthan,2019-11-16,2026-01-26,11,1.67,121,11,2614.62,28760.82,28810.57,Sports,Online,Medium Value,Bronze,149,Medium,1
CUST103716,Martin Jones,Male,45,Chandigarh,Chandigarh,2020-10-02,2026-05-29,25,4.37,500,20,3609.88,90247.0,90224.07,Sports,Online,Medium Value,Silver,26,Low,0
CUST103717,Katherine Sanchez,Male,42,Indore,Madhya Pradesh,2023-10-18,2026-06-21,100,37.35,2900,29,10597.69,1059769.0,1059864.75,Home & Kitchen,Online,High Value,Platinum,3,Low,0
CUST103718,Edward Wallace,Female,37,Guwahati,Assam,2020-07-17,2026-06-18,29,4.89,522,18,5007.69,145223.01,145216.02,Sports,Online,Medium Value,Gold,6,Low,0
CUST103719,Melissa Carroll,Male,28,Ahmedabad,Gujarat,2020-08-08,2026-06-13,29,4.94,290,10,2057.7,59673.3,59668.29,Sports,Online,Medium Value,Silver,11,Low,0
CUST103720,Pam Hernandez,Female,34,Ahmedabad,Gujarat,2020-02-29,2025-10-23,16,2.54,240,15,3896.24,62339.84,62453.98,Grocery,Online,Medium Value,Silver,244,High,0
CUST103721,Daniel Wood,Female,25,Kochi,Kerala,2023-01-20,2026-01-06,4,1.17,20,5,1285.07,5140.28,5141.44,Electronics,Offline,Low Value,Bronze,169,Medium,1
CUST103722,Eddie Duffy,Male,50,Indore,Madhya Pradesh,2022-09-12,2026-05-18,8,2.12,8,1,2229.91,17839.28,17848.32,Beauty,Online,Medium Value,Bronze,37,Low,0
CUST103723,Mark Alvarez,Male,35,Surat,Gujarat,2020-06-01,2026-06-15,89,14.7,2581,29,15555.37,1384427.93,1384817.61,Grocery,Offline,High Value,Platinum,9,Low,0
CUST103724,Edward Manning,Female,33,Madurai,Tamil Nadu,2024-01-29,2025-01-28,22,9.18,396,18,3352.69,73759.18,73731.64,Beauty,Online,Medium Value,Silver,512,High,0
CUST103725,Bridget Carter,Female,47,Ranchi,Jharkhand,2021-02-19,2025-01-25,5,0.94,20,4,1843.74,9218.7,9248.03,Electronics,Online,Low Value,Bronze,515,High,1
CUST103726,Mark Johnson,Female,31,Jaipur,Rajasthan,2021-08-12,2025-12-31,54,11.11,1566,29,7985.22,431201.88,431130.83,Electronics,Online,High Value,Gold,175,Low,0
CUST103727,Eric Silva,Male,47,Jaipur,Rajasthan,2023-10-25,2026-04-19,84,31.6,840,10,3292.05,276532.2,276555.63,Fashion,Offline,High Value,Gold,66,Low,0
CUST103728,Nathan Mcgee,Female,28,Indore,Madhya Pradesh,2022-01-11,2026-05-21,75,16.88,1275,17,10521.05,789078.75,789150.47,Beauty,Online,High Value,Platinum,34,Low,0
CUST103729,Jennifer Montgomery MD,Female,23,Visakhapatnam,Andhra Pradesh,2021-12-05,2026-05-03,29,6.38,580,20,4977.7,144353.3,144333.54,Sports,Online,Medium Value,Gold,52,Low,0
CUST103730,Christopher Farrell,Female,47,Pune,Maharashtra,2021-06-17,2026-01-15,42,8.38,966,23,10983.02,461286.84,461385.47,Grocery,Online,High Value,Gold,160,Low,0
CUST103731,James Grimes,Male,54,Madurai,Tamil Nadu,2021-09-07,2026-06-03,1,0.5,3,3,1386.65,1386.65,3319.99,Electronics,Offline,Low Value,Bronze,21,Low,1
CUST103732,Mr. Joseph Thompson,Female,37,Hyderabad,Telangana,2020-08-14,2025-07-21,13,2.22,169,13,200.0,2600.0,2598.97,Sports,Online,Low Value,Bronze,338,High,0
CUST103733,Alexis Arroyo,Male,40,Pune,Maharashtra,2021-05-12,2026-06-08,23,4.5,437,19,1988.16,45727.68,45731.76,Sports,Online,Medium Value,Silver,16,Low,0
CUST103734,Eric Walker,Female,42,Kolkata,West Bengal,2022-08-17,2026-01-20,24,6.24,240,10,2220.22,53285.28,53292.57,Sports,Online,Medium Value,Silver,155,Medium,0
CUST103735,Richard Mccormick,Female,45,Jaipur,Rajasthan,2022-10-13,2026-02-23,19,5.15,361,19,1658.2,31505.8,31516.92,Grocery,Online,Medium Value,Bronze,121,Medium,0
CUST103736,Heather Stevens,Male,20,Kochi,Kerala,2022-08-04,2026-01-14,19,4.89,152,8,3597.84,68358.96,68302.52,Home & Kitchen,Online,Medium Value,Silver,161,Medium,0
CUST103737,Susan Larsen,Male,58,Guwahati,Assam,2020-12-25,2025-10-20,7,1.28,35,5,988.8,6921.6,6947.72,Home & Kitchen,Online,Low Value,Bronze,247,High,1
CUST103738,Rachel Warren,Female,33,Kochi,Kerala,2021-06-10,2026-03-19,11,2.19,55,5,576.01,6336.11,6347.89,Grocery,Offline,Low Value,Bronze,97,Medium,0
CUST103739,Dale Beck,Female,46,Indore,Madhya Pradesh,2022-05-13,2025-04-24,45,10.95,585,13,2748.52,123683.4,123681.14,Grocery,Online,Medium Value,Gold,426,High,0
CUST103740,Brett Rivera,Female,42,Ranchi,Jharkhand,2019-05-31,2025-09-07,2,0.5,8,4,1322.41,2644.82,4668.71,Sports,Offline,Low Value,Bronze,290,High,1
CUST103741,Juan Nichols,Male,22,Pune,Maharashtra,2020-12-15,2026-04-06,6,1.09,24,4,1566.54,9399.24,9420.04,Grocery,Offline,Low Value,Bronze,79,Low,1
CUST103742,Shelia Waller,Female,30,Bengaluru,Karnataka,2021-09-14,2026-01-31,1,0.5,6,6,1636.18,1636.18,3901.75,Electronics,Offline,Low Value,Bronze,144,Medium,1
CUST103743,Keith Wright,Female,42,Lucknow,Uttar Pradesh,2023-10-04,2026-06-04,94,34.61,3102,33,6645.6,624686.4,624679.49,Home & Kitchen,Online,High Value,Gold,20,Low,0
CUST103744,Patrick Norris,Male,23,Nagpur,Maharashtra,2023-05-16,2026-06-14,44,14.18,1320,30,11312.05,497730.2,497573.49,Home & Kitchen,Online,High Value,Gold,10,Low,0
CUST103745,Danielle Norris,Female,18,Bhopal,Madhya Pradesh,2024-04-08,2026-05-13,29,13.16,203,7,5747.79,166685.91,166710.3,Sports,Online,Medium Value,Gold,42,Low,0
CUST103746,Andrew Lynch,Female,38,Madurai,Tamil Nadu,2023-09-01,2026-04-12,18,6.41,162,9,5002.46,90044.28,89986.07,Electronics,Online,Medium Value,Silver,73,Low,0
CUST103747,Anna Lee,Female,18,Mumbai,Maharashtra,2021-06-18,2026-02-06,16,3.19,384,24,4018.25,64292.0,64222.69,Fashion,Online,Medium Value,Silver,138,Medium,0
CUST103748,Amy Leach,Female,31,Ahmedabad,Gujarat,2021-03-03,2026-05-11,15,2.83,135,9,2165.82,32487.3,32504.85,Grocery,Offline,Medium Value,Bronze,44,Low,0
CUST103749,Amy Perez,Female,34,Kolkata,West Bengal,2019-10-05,2026-01-19,5,0.74,45,9,771.22,3856.1,3831.25,Fashion,Offline,Low Value,Bronze,156,Medium,1
CUST103750,Lauren Marshall,Female,25,Indore,Madhya Pradesh,2023-11-06,2026-06-03,14,5.33,84,6,994.0,13916.0,13910.48,Beauty,Online,Low Value,Bronze,21,Low,0
CUST103751,Rachael Flores,Male,22,Visakhapatnam,Andhra Pradesh,2020-05-08,2024-11-21,3,0.5,27,9,1117.16,3351.48,3419.53,Electronics,Online,Low Value,Bronze,580,High,1
CUST103752,Christina Wilson,Female,44,Lucknow,Uttar Pradesh,2020-08-29,2026-01-04,31,5.33,217,7,5236.17,162321.27,162218.63,Sports,Online,Medium Value,Gold,171,Low,0
CUST103753,Craig Daniels,Female,18,Madurai,Tamil Nadu,2021-09-07,2026-03-03,27,5.64,324,12,3062.64,82691.28,82713.16,Electronics,Online,Medium Value,Silver,113,Medium,0
CUST103754,John Hudson,Female,23,Ahmedabad,Gujarat,2022-02-08,2025-06-22,11,2.52,99,9,4926.55,54192.05,54214.31,Beauty,Online,Medium Value,Silver,367,High,0
CUST103755,Shannon Rodriguez,Female,46,Ranchi,Jharkhand,2019-03-16,2026-05-11,200,27.51,3600,18,9985.17,1997034.0,1996734.65,Home & Kitchen,Online,High Value,Platinum,44,Low,0
CUST103756,Paula Lee,Female,24,Bengaluru,Karnataka,2022-07-13,2026-06-15,112,28.41,1568,14,7369.29,825360.48,825408.9,Fashion,Offline,High Value,Platinum,9,Low,0
CUST103757,Lisa Bryant,Male,41,Bengaluru,Karnataka,2023-09-08,2026-05-08,27,9.69,135,5,6127.8,165450.6,165495.39,Sports,Online,Medium Value,Gold,47,Low,0
CUST103758,Paul Guzman,Male,50,Guwahati,Assam,2021-07-06,2026-04-06,15,3.02,255,17,2715.41,40731.15,40682.75,Fashion,Online,Medium Value,Silver,79,Low,0
CUST103759,Christopher Hunter MD,Male,18,Vadodara,Gujarat,2021-12-25,2026-06-15,1,0.5,7,7,1335.89,1335.89,2999.12,Sports,Offline,Low Value,Bronze,9,Low,1
CUST103760,Elizabeth Camacho,Male,42,Indore,Madhya Pradesh,2019-02-04,2026-06-12,54,7.32,1350,25,3712.68,200484.72,200524.36,Sports,Offline,Medium Value,Gold,12,Low,0
CUST103761,Donald Hoffman,Female,26,Chennai,Tamil Nadu,2019-08-10,2026-03-02,6,0.87,42,7,729.14,4374.84,4355.8,Fashion,Online,Low Value,Bronze,114,Medium,1
CUST103762,Jeremiah Rowland,Female,36,Indore,Madhya Pradesh,2020-02-14,2026-04-16,20,3.15,60,3,200.0,4000.0,4001.64,Home & Kitchen,Online,Low Value,Bronze,69,Low,0
CUST103763,Katherine Flores,Female,37,Bhopal,Madhya Pradesh,2024-04-14,2026-01-15,13,5.94,52,4,4690.33,60974.29,60946.17,Home & Kitchen,Offline,Medium Value,Silver,160,Medium,0
CUST103764,Julie Martin,Male,21,Indore,Madhya Pradesh,2021-11-22,2026-04-03,15,3.27,420,28,3735.19,56027.85,55945.63,Beauty,Online,Medium Value,Silver,82,Low,0
CUST103765,Jeffrey Torres,Female,41,Patna,Bihar,2024-04-02,2026-04-19,49,22.07,1176,24,3556.61,174273.89,174288.69,Grocery,Online,Medium Value,Gold,66,Low,0
CUST103766,Jessica Little,Female,32,Patna,Bihar,2023-02-02,2026-03-05,19,5.61,171,9,4722.58,89729.02,89654.16,Home & Kitchen,Offline,Medium Value,Silver,111,Medium,0
CUST103767,Catherine Maxwell,Female,61,Delhi,Delhi,2024-04-28,2026-06-09,31,14.42,31,1,2064.37,63995.47,63978.23,Home & Kitchen,Offline,Medium Value,Silver,15,Low,0
CUST103768,Cindy Shaw,Male,24,Nagpur,Maharashtra,2020-03-08,2026-04-12,71,11.29,1917,27,12578.78,893093.38,893106.47,Home & Kitchen,Online,High Value,Platinum,73,Low,0
CUST103769,Joseph Garcia,Male,43,Bhopal,Madhya Pradesh,2023-04-22,2026-06-16,57,17.99,1596,28,9213.25,525155.25,525033.67,Grocery,Offline,High Value,Gold,8,Low,0
CUST103770,Leon Duncan,Male,39,Coimbatore,Tamil Nadu,2022-01-15,2026-04-01,9,2.03,36,4,4603.45,41431.05,41422.48,Electronics,Offline,Medium Value,Silver,84,Low,0
CUST103771,Christopher Miranda,Male,18,Vadodara,Gujarat,2020-08-24,2023-02-02,5,0.86,30,6,1746.21,8731.05,8749.36,Home & Kitchen,Online,Low Value,Bronze,1238,High,1
CUST103772,Sarah Bishop,Male,23,Kolkata,West Bengal,2023-09-03,2026-02-17,9,3.21,162,18,1732.77,15594.93,15578.71,Sports,Offline,Medium Value,Bronze,127,Medium,0
CUST103773,Tyler Zavala,Female,23,Chennai,Tamil Nadu,2021-12-21,2025-09-05,1,0.5,9,9,1440.49,1440.49,3241.84,Sports,Online,Low Value,Bronze,292,High,1
CUST103774,Rachel Chan,Female,40,Kolkata,West Bengal,2023-04-27,2026-06-21,42,13.32,462,11,4638.35,194810.7,194863.27,Sports,Offline,Medium Value,Gold,3,Low,0
CUST103775,Timothy Kennedy,Male,38,Lucknow,Uttar Pradesh,2019-09-11,2026-03-17,1,0.5,6,6,282.88,282.88,958.81,Fashion,Online,Low Value,Bronze,99,Medium,1
CUST103776,Elizabeth Thomas,Male,27,Visakhapatnam,Andhra Pradesh,2022-11-16,2024-10-11,4,1.11,4,1,1363.44,5453.76,5444.58,Fashion,Online,Low Value,Bronze,621,High,1
CUST103777,Hector Mcgee,Female,32,Pune,Maharashtra,2022-08-06,2026-04-14,29,7.48,348,12,6768.34,196281.86,196271.3,Electronics,Offline,Medium Value,Gold,71,Low,0
CUST103778,Jeffery Long,Male,23,Visakhapatnam,Andhra Pradesh,2020-05-16,2026-01-21,28,4.59,336,12,3960.54,110895.12,110889.92,Fashion,Online,Medium Value,Silver,154,Medium,0
CUST103779,Philip Powell,Male,29,Indore,Madhya Pradesh,2022-09-09,2025-08-20,9,2.38,63,7,585.76,5271.84,5274.9,Fashion,Offline,Low Value,Bronze,308,High,0
CUST103780,Heather Trujillo,Male,34,Coimbatore,Tamil Nadu,2022-03-25,2026-06-03,24,5.66,336,14,1997.74,47945.76,47984.05,Beauty,Online,Medium Value,Silver,21,Low,0
CUST103781,Pamela Smith,Male,46,Kanpur,Uttar Pradesh,2023-01-29,2025-09-11,23,6.77,368,16,200.0,4600.0,4596.74,Electronics,Online,Low Value,Bronze,286,High,0
CUST103782,Christine Moran,Female,30,Ahmedabad,Gujarat,2021-01-04,2026-06-04,78,14.28,1950,25,6016.12,469257.36,469242.54,Grocery,Online,High Value,Gold,20,Low,0
CUST103783,James Morris,Male,36,Kanpur,Uttar Pradesh,2021-06-24,2026-01-07,26,5.21,234,9,1260.71,32778.46,32801.03,Home & Kitchen,Online,Medium Value,Bronze,168,Medium,0
CUST103784,Erika Castro,Male,30,Guwahati,Assam,2021-07-24,2026-03-04,12,2.44,120,10,1347.21,16166.52,16145.72,Home & Kitchen,Offline,Medium Value,Bronze,112,Medium,0
CUST103785,Daniel Shaw,Male,31,Ahmedabad,Gujarat,2023-10-23,2026-03-12,45,16.89,1125,25,4930.64,221878.8,221848.02,Electronics,Online,Medium Value,Gold,104,Low,0
CUST103786,Ashley Sanchez,Male,38,Bhopal,Madhya Pradesh,2019-12-08,2025-10-14,18,2.75,180,10,2304.76,41485.68,41438.35,Sports,Online,Medium Value,Silver,253,High,0
CUST103787,John Griffith,Female,20,Bengaluru,Karnataka,2020-02-13,2026-06-09,18,2.83,162,9,200.0,3600.0,3596.68,Beauty,Offline,Low Value,Bronze,15,Low,0
CUST103788,Wesley Williams,Female,42,Patna,Bihar,2019-05-14,2026-06-13,58,8.16,1508,26,11412.8,661942.4,661906.78,Fashion,Online,High Value,Gold,11,Low,0
CUST103789,Melissa Stout,Female,37,Chandigarh,Chandigarh,2019-09-08,2025-10-14,3,0.5,18,6,2161.28,6483.84,7334.45,Beauty,Offline,Low Value,Bronze,253,High,1
CUST103790,Mr. Lawrence Brooks,Female,32,Delhi,Delhi,2023-03-22,2025-01-18,25,7.69,350,14,200.0,5000.0,5002.45,Beauty,Online,Low Value,Bronze,522,High,0
CUST103791,Mark Hill,Male,56,Surat,Gujarat,2022-12-24,2026-06-16,28,8.01,700,25,7757.46,217208.88,217076.35,Grocery,Online,Medium Value,Gold,8,Low,0
CUST103792,Thomas Rodriguez,Male,42,Bengaluru,Karnataka,2022-11-19,2025-11-21,23,6.41,138,6,3229.56,74279.88,74304.28,Grocery,Online,Medium Value,Silver,215,High,0
CUST103793,Paul Nguyen,Male,47,Chennai,Tamil Nadu,2022-01-16,2024-03-15,3,0.68,9,3,393.67,1181.01,1185.85,Beauty,Offline,Low Value,Bronze,831,High,1
CUST103794,Jennifer Hernandez,Male,38,Ahmedabad,Gujarat,2023-03-24,2026-05-11,131,40.34,1703,13,9704.15,1271243.65,1271123.83,Sports,Offline,High Value,Platinum,44,Low,0
CUST103795,Edwin Gonzalez,Female,34,Ahmedabad,Gujarat,2022-09-16,2025-06-22,47,12.48,564,12,5717.11,268704.17,268598.51,Grocery,Online,High Value,Gold,367,High,0
CUST103796,David Armstrong,Male,44,Coimbatore,Tamil Nadu,2024-04-15,2026-03-23,14,6.41,196,14,2033.42,28467.88,28477.23,Sports,Online,Medium Value,Bronze,93,Medium,0
CUST103797,Debbie Schmidt,Male,36,Lucknow,Uttar Pradesh,2019-06-30,2026-05-21,94,13.47,2444,26,16729.73,1572594.62,1572664.7,Fashion,Online,High Value,Platinum,34,Low,0
CUST103798,Alex Barton,Male,52,Nashik,Maharashtra,2020-10-18,2025-08-11,92,16.21,1564,17,9791.83,900848.36,900857.21,Grocery,Offline,High Value,Platinum,317,High,0
CUST103799,Richard Dawson,Female,36,Lucknow,Uttar Pradesh,2019-07-06,2026-03-12,21,3.02,252,12,2769.66,58162.86,58235.73,Sports,Online,Medium Value,Silver,104,Medium,0
CUST103800,Scott Stein,Male,42,Kolkata,West Bengal,2019-11-14,2025-06-10,56,8.48,280,5,2244.8,125708.8,125707.32,Electronics,Online,Medium Value,Gold,379,High,0
CUST103801,Stephen Lopez,Male,30,Kolkata,West Bengal,2023-02-01,2024-10-21,1,0.5,3,3,1745.91,1745.91,2956.46,Fashion,Online,Low Value,Bronze,611,High,1
CUST103802,Joel Cook,Female,48,Visakhapatnam,Andhra Pradesh,2023-11-30,2024-08-26,9,3.52,27,3,200.0,1800.0,1802.16,Grocery,Online,Low Value,Bronze,667,High,0
CUST103803,Michele Scott,Male,29,Kolkata,West Bengal,2022-11-29,2025-01-24,4,1.12,32,8,2001.97,8007.88,7986.61,Electronics,Online,Low Value,Bronze,516,High,1
CUST103804,Allison Wilson,Other,31,Lucknow,Uttar Pradesh,2020-08-03,2026-03-03,31,5.27,217,7,4796.02,148676.62,148709.18,Fashion,Offline,Medium Value,Gold,113,Low,0
CUST103805,James Tucker,Female,37,Surat,Gujarat,2022-06-06,2026-05-20,1,0.5,2,2,1300.05,1300.05,2628.57,Sports,Online,Low Value,Bronze,35,Low,1
CUST103806,Joseph Durham,Male,33,Lucknow,Uttar Pradesh,2021-11-25,2025-10-17,5,1.09,65,13,1173.98,5869.9,5850.78,Home & Kitchen,Offline,Low Value,Bronze,250,High,1
CUST103807,Alexis Kim,Female,28,Ahmedabad,Gujarat,2021-04-27,2026-06-11,9,1.75,108,12,1975.88,17782.92,17816.73,Grocery,Offline,Medium Value,Bronze,13,Low,1
CUST103808,Jonathan Yates,Male,27,Guwahati,Assam,2019-06-10,2026-04-09,115,16.35,2990,26,12006.85,1380787.75,1380768.03,Home & Kitchen,Online,High Value,Platinum,76,Low,0
CUST103809,Katherine Andrews,Male,55,Pune,Maharashtra,2023-11-11,2026-05-18,141,53.98,1692,12,8617.56,1215075.96,1214997.39,Sports,Online,High Value,Platinum,37,Low,0
CUST103810,Morgan Cunningham,Female,45,Nagpur,Maharashtra,2023-06-12,2026-03-01,18,5.94,324,18,3128.76,56317.68,56276.05,Grocery,Online,Medium Value,Silver,115,Medium,0
CUST103811,Phyllis Schmidt,Female,46,Surat,Gujarat,2021-04-25,2025-11-20,36,6.98,108,3,6431.63,231538.68,231561.92,Beauty,Online,Medium Value,Gold,216,High,0
CUST103812,Sarah Miller,Female,49,Madurai,Tamil Nadu,2022-09-29,2026-04-04,15,4.02,285,19,2681.37,40220.55,40194.78,Fashion,Online,Medium Value,Silver,81,Low,0
CUST103813,Lisa Kaiser,Male,45,Lucknow,Uttar Pradesh,2024-04-06,2026-06-13,49,22.18,245,5,6573.99,322125.51,322161.69,Electronics,Online,High Value,Gold,11,Low,0
CUST103814,Pamela Jordan,Female,40,Surat,Gujarat,2022-10-02,2026-01-18,26,6.99,364,14,5123.75,133217.5,133258.32,Fashion,Online,Medium Value,Gold,157,Low,0
CUST103815,Jerry Gilmore,Male,37,Kochi,Kerala,2023-12-07,2026-06-19,36,14.17,360,10,1738.57,62588.52,62592.14,Grocery,Online,Medium Value,Silver,5,Low,0
CUST103816,Marie Jones,Female,45,Ahmedabad,Gujarat,2020-09-04,2026-05-31,15,2.59,75,5,2759.59,41393.85,41426.19,Fashion,Online,Medium Value,Silver,24,Low,0
CUST103817,Gina Rose,Male,40,Hyderabad,Telangana,2023-12-25,2025-11-06,11,4.42,121,11,200.0,2200.0,2202.44,Sports,Offline,Low Value,Bronze,230,High,0
CUST103818,Samantha Reynolds,Female,18,Delhi,Delhi,2020-08-25,2025-08-07,3,0.52,12,4,701.86,2105.58,2125.35,Grocery,Online,Low Value,Bronze,321,High,1
CUST103819,Kenneth Smith,Female,24,Visakhapatnam,Andhra Pradesh,2021-03-11,2026-04-04,7,1.33,84,12,2837.68,19863.76,19932.28,Electronics,Offline,Medium Value,Bronze,81,Low,1
CUST103820,Alicia Perez,Female,46,Ranchi,Jharkhand,2021-03-17,2026-05-20,24,4.56,336,14,4529.74,108713.76,108749.48,Fashion,Offline,Medium Value,Silver,35,Low,0
CUST103821,David Walker,Male,51,Chandigarh,Chandigarh,2020-02-24,2026-06-21,15,2.37,75,5,5427.48,81412.2,81352.02,Electronics,Online,Medium Value,Silver,3,Low,0
CUST103822,Erin Ellis,Male,29,Delhi,Delhi,2019-10-18,2025-12-05,6,0.9,30,5,1350.88,8105.28,8118.59,Fashion,Offline,Low Value,Bronze,201,High,1
CUST103823,Patricia Andrews,Male,37,Madurai,Tamil Nadu,2019-03-01,2025-06-12,43,5.88,602,14,6117.6,263056.8,262953.79,Home & Kitchen,Online,High Value,Gold,377,High,0
CUST103824,Spencer Camacho,Female,39,Bhopal,Madhya Pradesh,2019-10-07,2026-03-03,29,4.32,522,18,1765.67,51204.43,51164.55,Electronics,Online,Medium Value,Silver,113,Medium,0
CUST103825,Raymond Harris,Male,61,Ranchi,Jharkhand,2022-02-25,2026-05-28,127,29.4,1524,12,7096.43,901246.61,901371.93,Grocery,Online,High Value,Platinum,27,Low,0
CUST103826,Alexander Guzman,Female,39,Nagpur,Maharashtra,2019-07-25,2025-09-18,12,1.74,36,3,661.18,7934.16,7950.02,Home & Kitchen,Online,Low Value,Bronze,279,High,1
CUST103827,Penny Fernandez,Male,40,Kochi,Kerala,2024-04-23,2025-08-11,17,7.86,153,9,4174.82,70971.94,70973.65,Home & Kitchen,Online,Medium Value,Silver,317,High,0
CUST103828,Erin Stewart,Male,42,Nagpur,Maharashtra,2019-11-26,2025-04-29,1,0.5,6,6,1539.06,1539.06,5056.46,Electronics,Offline,Low Value,Bronze,421,High,1
CUST103829,Daniel Turner,Male,28,Nagpur,Maharashtra,2024-03-27,2026-06-01,35,15.65,140,4,5068.74,177405.9,177437.82,Home & Kitchen,Online,Medium Value,Gold,23,Low,0
CUST103830,Devin Mayer,Female,32,Mumbai,Maharashtra,2020-01-10,2026-01-09,47,7.29,658,14,4409.14,207229.58,207244.07,Sports,Online,Medium Value,Gold,166,Low,0
CUST103831,Henry Taylor,Female,23,Nashik,Maharashtra,2021-07-12,2025-11-17,5,1.01,20,4,2633.12,13165.6,13149.81,Grocery,Online,Low Value,Bronze,219,High,1
CUST103832,Jessica Flowers,Female,18,Indore,Madhya Pradesh,2020-06-20,2025-10-31,13,2.17,39,3,599.68,7795.84,7813.18,Fashion,Offline,Low Value,Bronze,236,High,0
CUST103833,Jeremy Manning,Male,61,Chandigarh,Chandigarh,2020-03-08,2025-12-10,34,5.41,408,12,2470.42,83994.28,84050.22,Grocery,Online,Medium Value,Silver,196,High,0
CUST103834,Jamie Griffin,Female,36,Chandigarh,Chandigarh,2019-04-07,2026-02-26,31,4.3,403,13,4726.8,146530.8,146519.8,Fashion,Online,Medium Value,Gold,118,Low,0
CUST103835,Daniel James,Female,50,Ahmedabad,Gujarat,2021-07-20,2026-02-07,36,7.31,720,20,5797.32,208703.52,208614.32,Fashion,Online,Medium Value,Gold,137,Low,0
CUST103836,Anna Thompson,Female,55,Madurai,Tamil Nadu,2022-07-08,2025-11-06,4,1.01,16,4,1469.89,5879.56,5873.32,Home & Kitchen,Offline,Low Value,Bronze,230,High,1
CUST103837,Misty Martinez,Female,40,Ahmedabad,Gujarat,2019-08-14,2026-03-29,66,9.63,990,15,10131.23,668661.18,668855.9,Fashion,Online,High Value,Gold,87,Low,0
CUST103838,Barbara Burns,Female,36,Lucknow,Uttar Pradesh,2024-04-04,2024-08-21,2,0.9,12,6,2094.1,4188.2,4174.44,Beauty,Online,Low Value,Bronze,672,High,1
CUST103839,Nicole Stewart,Female,31,Bhopal,Madhya Pradesh,2024-01-02,2026-01-19,34,13.77,340,10,3316.92,112775.28,112793.81,Home & Kitchen,Online,Medium Value,Silver,156,Medium,0
CUST103840,William Marsh,Female,18,Delhi,Delhi,2021-08-12,2026-04-16,19,3.91,323,17,3115.1,59186.9,59191.16,Fashion,Online,Medium Value,Silver,69,Low,0
CUST103841,David Rodriguez,Male,58,Vadodara,Gujarat,2019-12-05,2026-03-22,158,24.14,3950,25,4004.98,632786.84,632888.16,Home & Kitchen,Online,High Value,Gold,94,Low,0
CUST103842,Adam Lara,Female,18,Madurai,Tamil Nadu,2022-01-15,2026-04-11,25,5.64,275,11,3162.22,79055.5,79054.72,Home & Kitchen,Online,Medium Value,Silver,74,Low,0
CUST103843,Scott Gomez,Male,59,Pune,Maharashtra,2021-04-29,2026-05-23,19,3.69,190,10,2220.44,42188.36,42172.86,Electronics,Online,Medium Value,Silver,32,Low,0
CUST103844,Sara Hamilton,Male,35,Pune,Maharashtra,2023-05-12,2026-04-21,140,44.97,1960,14,8987.72,1258280.8,1258179.67,Home & Kitchen,Online,High Value,Platinum,64,Low,0
CUST103845,Elizabeth Key,Male,23,Kochi,Kerala,2024-05-27,2025-07-31,42,20.29,336,8,3893.38,163521.96,163508.53,Electronics,Online,Medium Value,Gold,328,High,0
CUST103846,Mason Price,Female,29,Coimbatore,Tamil Nadu,2019-07-06,2025-11-29,1,0.5,1,1,200.0,200.0,696.24,Grocery,Offline,Low Value,Bronze,207,High,1
CUST103847,Trevor Hill,Male,32,Ranchi,Jharkhand,2019-08-29,2026-03-28,22,3.23,264,12,7503.83,165084.26,165165.82,Fashion,Offline,Medium Value,Gold,88,Low,0
CUST103848,Erica Taylor,Female,61,Vadodara,Gujarat,2023-04-26,2024-12-29,4,1.27,32,8,1306.3,5225.2,5237.04,Sports,Online,Low Value,Bronze,542,High,1
CUST103849,Justin Anderson,Male,27,Vadodara,Gujarat,2024-02-03,2026-06-02,112,47.02,2128,19,3461.67,387707.04,387701.35,Grocery,Online,High Value,Gold,22,Low,0
CUST103850,Michael Farmer,Female,56,Kochi,Kerala,2021-08-20,2026-02-04,18,3.72,360,20,3378.21,60807.78,60796.13,Beauty,Online,Medium Value,Silver,140,Medium,0
CUST103851,Robert Cline,Male,19,Bengaluru,Karnataka,2024-05-30,2026-06-12,143,69.36,3289,23,9696.44,1386590.92,1386520.04,Home & Kitchen,Online,High Value,Platinum,12,Low,0
CUST103852,Jacqueline Perry,Female,27,Patna,Bihar,2023-07-26,2025-06-18,13,4.47,247,19,5626.05,73138.65,73121.55,Home & Kitchen,Online,Medium Value,Silver,371,High,0
CUST103853,Christopher Mayer,Female,46,Nagpur,Maharashtra,2019-02-13,2025-12-31,9,1.22,36,4,547.77,4929.93,4914.44,Sports,Online,Low Value,Bronze,175,Medium,1
CUST103854,Natalie Patrick,Male,31,Coimbatore,Tamil Nadu,2021-01-21,2026-04-01,11,2.03,242,22,4768.36,52451.96,52420.5,Beauty,Online,Medium Value,Silver,84,Low,0
CUST103855,Shawn Rodriguez,Male,39,Jaipur,Rajasthan,2023-12-27,2026-05-26,173,69.59,3287,19,14026.08,2426511.84,2426491.49,Grocery,Offline,High Value,Platinum,29,Low,0
CUST103856,Jonathan Torres,Male,43,Nashik,Maharashtra,2024-03-10,2026-02-02,14,6.13,154,11,5953.92,83354.88,83337.27,Electronics,Offline,Medium Value,Silver,142,Medium,0
CUST103857,Susan Baker,Female,33,Patna,Bihar,2021-07-29,2025-09-12,5,1.02,55,11,808.83,4044.15,4040.89,Grocery,Online,Low Value,Bronze,285,High,1
CUST103858,Richard Rivera,Male,40,Guwahati,Assam,2020-05-29,2025-10-19,14,2.31,14,1,2789.44,39052.16,39076.22,Electronics,Online,Medium Value,Silver,248,High,0
CUST103859,Amanda Wiggins,Male,22,Bhopal,Madhya Pradesh,2022-03-15,2026-05-23,10,2.34,70,7,1554.66,15546.6,15537.66,Beauty,Online,Medium Value,Bronze,32,Low,0
CUST103860,Amber Bennett,Female,54,Chandigarh,Chandigarh,2024-01-01,2024-10-08,1,0.5,7,7,1029.04,1029.04,1272.04,Electronics,Offline,Low Value,Bronze,624,High,1
CUST103861,Kelly Moore,Male,40,Pune,Maharashtra,2020-12-04,2026-02-03,14,2.52,238,17,5485.02,76790.28,76670.44,Grocery,Online,Medium Value,Silver,141,Medium,0
CUST103862,Steven Davis,Female,40,Surat,Gujarat,2020-11-28,2025-12-10,27,4.85,189,7,2862.98,77300.46,77249.12,Grocery,Offline,Medium Value,Silver,196,High,0
CUST103863,Ashley Alvarez DVM,Female,31,Chandigarh,Chandigarh,2019-04-12,2025-12-02,28,3.89,252,9,3225.14,90303.92,90267.89,Sports,Online,Medium Value,Silver,204,High,0
CUST103864,Kimberly Taylor,Female,44,Madurai,Tamil Nadu,2023-03-11,2026-02-18,104,31.68,1976,19,3206.89,333516.56,333501.81,Home & Kitchen,Offline,High Value,Gold,126,Low,0
CUST103865,Mallory Collins,Female,42,Patna,Bihar,2023-07-02,2026-04-24,5,1.68,45,9,3710.15,18550.75,18532.77,Grocery,Online,Medium Value,Bronze,61,Low,1
CUST103866,Steven Anderson,Male,37,Kochi,Kerala,2024-02-14,2025-10-19,13,5.53,286,22,1491.91,19394.83,19403.08,Grocery,Offline,Medium Value,Bronze,248,High,0
CUST103867,Holly Austin,Female,18,Bengaluru,Karnataka,2022-07-02,2025-11-10,46,11.58,414,9,4901.73,225479.58,225494.07,Sports,Online,Medium Value,Gold,226,High,0
CUST103868,Karen Goodman,Male,18,Surat,Gujarat,2021-12-31,2026-04-19,15,3.35,105,7,4752.76,71291.4,71228.29,Beauty,Online,Medium Value,Silver,66,Low,0
CUST103869,Christina Robinson,Male,44,Bhopal,Madhya Pradesh,2022-03-09,2026-02-20,179,41.75,1790,10,6354.35,1137428.65,1137441.7,Electronics,Online,High Value,Platinum,124,Medium,0
CUST103870,Tom Perez,Female,34,Visakhapatnam,Andhra Pradesh,2023-02-18,2026-02-09,36,10.78,468,13,2302.22,82879.92,82896.31,Grocery,Online,Medium Value,Silver,135,Medium,0
CUST103871,Brandon Powell,Male,55,Kolkata,West Bengal,2020-07-08,2026-04-10,89,14.95,1424,16,8215.41,731171.49,731373.92,Grocery,Online,High Value,Platinum,75,Low,0
CUST103872,Ashley Perez,Male,48,Chennai,Tamil Nadu,2020-11-09,2026-06-15,125,22.26,3125,25,9903.28,1237910.0,1237883.16,Beauty,Online,High Value,Platinum,9,Low,0
CUST103873,Matthew Murphy,Male,42,Patna,Bihar,2021-01-10,2026-03-13,1,0.5,5,5,206.88,206.88,563.29,Sports,Online,Low Value,Bronze,103,Medium,1
CUST103874,Mary Meyer,Female,41,Kolkata,West Bengal,2021-07-17,2026-05-22,76,15.41,1596,21,11978.05,910331.8,910148.48,Home & Kitchen,Offline,High Value,Platinum,33,Low,0
CUST103875,Sophia Wolf,Male,37,Visakhapatnam,Andhra Pradesh,2021-10-20,2026-05-11,37,7.92,407,11,2613.85,96712.45,96692.91,Electronics,Online,Medium Value,Silver,44,Low,0
CUST103876,Javier Stanley,Male,25,Pune,Maharashtra,2021-03-12,2026-03-06,101,19.13,3131,31,870.89,87959.89,87941.74,Electronics,Online,Medium Value,Silver,110,Medium,0
CUST103877,Taylor Johnson,Male,21,Lucknow,Uttar Pradesh,2019-12-19,2026-05-14,2,0.5,2,1,1046.06,2092.12,3403.81,Sports,Online,Low Value,Bronze,41,Low,1
CUST103878,Janice Williams,Female,38,Kolkata,West Bengal,2019-04-15,2025-12-31,32,4.45,576,18,5561.33,177962.56,177859.78,Sports,Online,Medium Value,Gold,175,Low,0
CUST103879,Christopher Thomas,Male,43,Delhi,Delhi,2024-03-29,2026-04-19,9,4.03,126,14,3238.76,29148.84,29124.01,Electronics,Offline,Medium Value,Bronze,66,Low,0
CUST103880,Robert Martin,Male,33,Delhi,Delhi,2022-10-03,2026-04-01,25,6.72,25,1,3410.16,85254.0,85202.74,Electronics,Online,Medium Value,Silver,84,Low,0
CUST103881,Kenneth Webb,Male,23,Patna,Bihar,2022-11-02,2026-02-07,7,1.93,56,8,2019.94,14139.58,14174.37,Fashion,Offline,Low Value,Bronze,137,Medium,1
CUST103882,Mark Montoya,Male,45,Ranchi,Jharkhand,2019-01-21,2026-01-30,3,0.5,24,8,1059.34,3178.02,3928.48,Grocery,Online,Low Value,Bronze,145,Medium,1
CUST103883,Jodi Lewis,Male,26,Indore,Madhya Pradesh,2024-03-20,2026-06-20,23,10.2,230,10,3030.87,69710.01,69743.62,Home & Kitchen,Online,Medium Value,Silver,4,Low,0
CUST103884,Kimberly Wilson,Female,18,Madurai,Tamil Nadu,2021-05-17,2024-08-17,4,0.78,20,5,629.75,2519.0,2504.1,Electronics,Online,Low Value,Bronze,676,High,1
CUST103885,Randy Bradshaw,Male,20,Nagpur,Maharashtra,2024-05-26,2026-05-15,4,1.93,16,4,1504.91,6019.64,6019.68,Fashion,Offline,Low Value,Bronze,40,Low,1
CUST103886,Steven Scott,Female,39,Mumbai,Maharashtra,2023-12-25,2023-12-25,1,0.5,7,7,1004.69,1004.69,1251.56,Beauty,Online,Low Value,Bronze,912,High,1
CUST103887,Katherine Dunn,Male,29,Bengaluru,Karnataka,2020-10-26,2025-04-14,8,1.42,160,20,4209.86,33678.88,33797.6,Fashion,Online,Medium Value,Bronze,436,High,1
CUST103888,Mary Peterson,Female,22,Delhi,Delhi,2023-11-11,2026-06-14,21,8.04,210,10,5119.8,107515.8,107514.54,Home & Kitchen,Online,Medium Value,Silver,10,Low,0
CUST103889,Amy Diaz,Female,31,Nagpur,Maharashtra,2023-09-17,2025-01-15,30,10.86,870,29,2894.13,86823.9,86825.8,Home & Kitchen,Online,Medium Value,Silver,525,High,0
CUST103890,Traci Martinez,Male,29,Vadodara,Gujarat,2022-10-08,2025-04-05,5,1.35,35,7,343.32,1716.6,1716.88,Beauty,Online,Low Value,Bronze,445,High,1
CUST103891,Jim Rodriguez,Male,18,Vadodara,Gujarat,2019-03-29,2025-08-25,24,3.32,336,14,3391.2,81388.8,81439.31,Fashion,Online,Medium Value,Silver,303,High,0
CUST103892,Elizabeth Marks,Male,40,Visakhapatnam,Andhra Pradesh,2019-01-18,2025-09-22,25,3.37,275,11,7354.71,183867.75,184032.66,Electronics,Online,Medium Value,Gold,275,High,0
CUST103893,Jeffrey Joyce,Female,34,Lucknow,Uttar Pradesh,2020-09-07,2026-04-05,14,2.42,140,10,7879.18,110308.52,110359.86,Grocery,Offline,Medium Value,Silver,80,Low,0
CUST103894,Sean Wagner,Female,36,Ahmedabad,Gujarat,2022-09-16,2024-04-29,8,2.13,48,6,1531.69,12253.52,12281.83,Beauty,Offline,Low Value,Bronze,786,High,0
CUST103895,Todd Lutz,Female,18,Jaipur,Rajasthan,2022-08-15,2025-11-28,4,1.04,12,3,1126.9,4507.6,4514.63,Beauty,Online,Low Value,Bronze,208,High,1
CUST103896,Ryan Walker,Female,41,Lucknow,Uttar Pradesh,2019-06-23,2026-03-19,53,7.57,1908,36,6597.02,349642.06,349473.54,Fashion,Online,High Value,Gold,97,Low,0
CUST103897,Nicholas Gomez,Female,30,Kolkata,West Bengal,2024-05-21,2026-03-21,1,0.5,5,5,2035.77,2035.77,2123.55,Grocery,Online,Low Value,Bronze,95,Medium,1
CUST103898,Brittany Heath,Female,41,Mumbai,Maharashtra,2024-03-21,2025-04-15,31,13.76,620,20,5249.19,162724.89,162749.75,Sports,Offline,Medium Value,Gold,435,High,0
CUST103899,Rebecca Cox,Female,28,Hyderabad,Telangana,2021-09-08,2025-10-10,1,0.5,5,5,291.93,291.93,698.55,Fashion,Online,Low Value,Bronze,257,High,1
CUST103900,Travis Schmidt,Male,34,Nagpur,Maharashtra,2022-02-10,2026-05-13,9,2.06,72,8,5417.27,48755.43,48671.33,Grocery,Offline,Medium Value,Silver,42,Low,0
CUST103901,Brett Martin,Male,43,Ranchi,Jharkhand,2020-05-17,2026-05-18,44,7.22,528,12,2604.67,114605.48,114662.1,Electronics,Online,Medium Value,Silver,37,Low,0
CUST103902,Lisa Bridges,Female,32,Ahmedabad,Gujarat,2022-05-27,2026-03-26,5,1.23,45,9,889.29,4446.45,4453.17,Beauty,Online,Low Value,Bronze,90,Low,1
CUST103903,Brittany Dunlap,Female,33,Kochi,Kerala,2020-05-27,2026-04-09,20,3.29,380,19,3620.18,72403.6,72293.88,Beauty,Online,Medium Value,Silver,76,Low,0
CUST103904,Shannon Ramirez,Male,58,Nashik,Maharashtra,2022-08-04,2025-12-04,1,0.5,7,7,1641.66,1641.66,3186.69,Fashion,Offline,Low Value,Bronze,202,High,1
CUST103905,Tiffany Phillips,Female,53,Bhopal,Madhya Pradesh,2021-11-25,2026-06-06,20,4.37,160,8,2778.62,55572.4,55518.39,Fashion,Offline,Medium Value,Silver,18,Low,0
CUST103906,Valerie English,Female,54,Patna,Bihar,2019-04-27,2025-04-29,42,5.87,210,5,5428.0,227976.0,227943.45,Beauty,Online,Medium Value,Gold,421,High,0
CUST103907,Chad Hurley,Male,47,Bengaluru,Karnataka,2019-05-07,2026-06-15,35,4.91,385,11,3092.21,108227.35,108201.78,Electronics,Online,Medium Value,Silver,9,Low,0
CUST103908,David Peters,Female,27,Coimbatore,Tamil Nadu,2024-03-17,2026-01-18,24,10.6,144,6,2424.08,58177.92,58179.25,Sports,Online,Medium Value,Silver,157,Medium,0
CUST103909,Thomas Austin,Female,23,Chennai,Tamil Nadu,2023-03-10,2026-01-27,13,3.96,130,10,3974.68,51670.84,51711.65,Beauty,Offline,Medium Value,Silver,148,Medium,0
CUST103910,Amy Jenkins,Male,42,Mumbai,Maharashtra,2019-12-25,2025-11-23,84,12.94,2520,30,8639.72,725736.48,725730.33,Fashion,Online,High Value,Platinum,213,High,0
CUST103911,Rodney Duran,Female,24,Hyderabad,Telangana,2021-04-27,2026-04-27,18,3.49,54,3,2744.2,49395.6,49348.12,Grocery,Offline,Medium Value,Silver,58,Low,0
CUST103912,Tiffany Sanchez,Female,29,Pune,Maharashtra,2022-04-05,2026-05-08,54,12.82,1512,28,13732.01,741528.54,741772.16,Sports,Online,High Value,Platinum,47,Low,0
CUST103913,Maria Myers,Female,23,Nagpur,Maharashtra,2020-08-31,2026-02-10,6,1.03,66,11,994.5,5967.0,5948.29,Home & Kitchen,Online,Low Value,Bronze,134,Medium,1
CUST103914,Ruben Jones,Male,18,Chennai,Tamil Nadu,2021-03-19,2025-11-14,6,1.14,6,1,1590.78,9544.68,9537.89,Home & Kitchen,Offline,Low Value,Bronze,222,High,1
CUST103915,Desiree Stafford,Female,18,Chennai,Tamil Nadu,2022-11-12,2025-03-20,30,8.31,330,11,501.36,15040.8,15034.05,Electronics,Online,Medium Value,Bronze,461,High,0
CUST103916,Patrick Blackburn,Female,45,Jaipur,Rajasthan,2023-04-28,2024-09-10,10,3.17,50,5,1643.73,16437.3,16420.06,Grocery,Online,Medium Value,Bronze,652,High,0
CUST103917,Jeremy Chambers,Female,29,Bengaluru,Karnataka,2019-05-31,2025-09-07,21,2.97,273,13,3494.99,73394.79,73293.17,Fashion,Online,Medium Value,Silver,290,High,0
CUST103918,Alexandra Wilson,Female,41,Kochi,Kerala,2021-12-02,2025-12-03,22,4.83,176,8,5121.85,112680.7,112635.69,Fashion,Offline,Medium Value,Silver,203,High,0
CUST103919,Brian Fuller,Male,21,Jaipur,Rajasthan,2023-06-22,2026-04-13,7,2.33,49,7,1235.1,8645.7,8635.32,Fashion,Online,Low Value,Bronze,72,Low,0
CUST103920,Matthew Evans,Female,34,Delhi,Delhi,2023-11-26,2024-10-08,4,1.56,24,6,1462.44,5849.76,5865.14,Sports,Offline,Low Value,Bronze,624,High,1
CUST103921,Patrick Gibson,Female,36,Nagpur,Maharashtra,2021-04-09,2026-06-17,41,7.88,615,15,2603.19,106730.79,106707.63,Electronics,Online,Medium Value,Silver,7,Low,0
CUST103922,William Lozano,Male,37,Vadodara,Gujarat,2023-03-23,2026-05-15,9,2.77,63,7,1700.02,15300.18,15303.62,Grocery,Offline,Medium Value,Bronze,40,Low,0
CUST103923,Dillon Travis,Male,27,Jaipur,Rajasthan,2022-07-17,2026-06-05,5,1.27,55,11,5988.0,29940.0,29898.52,Home & Kitchen,Online,Medium Value,Bronze,19,Low,1
CUST103924,Steven Rodriguez,Male,32,Mumbai,Maharashtra,2022-01-26,2026-04-05,10,2.27,70,7,200.0,2000.0,1998.72,Beauty,Offline,Low Value,Bronze,80,Low,0
CUST103925,Kevin Walter,Female,51,Surat,Gujarat,2019-10-21,2026-03-13,117,17.54,1872,16,3883.19,454333.23,454260.83,Sports,Online,High Value,Gold,103,Low,0
CUST103926,Rebecca Blake,Female,55,Nashik,Maharashtra,2021-07-02,2026-06-04,33,6.64,495,15,6096.27,201176.91,201260.2,Fashion,Offline,Medium Value,Gold,20,Low,0
CUST103927,Brian Bright,Female,38,Patna,Bihar,2023-09-20,2025-08-20,6,2.18,42,7,1774.47,10646.82,10654.5,Sports,Online,Low Value,Bronze,308,High,0
CUST103928,Linda Cox,Male,56,Nagpur,Maharashtra,2020-08-05,2026-04-01,16,2.72,112,7,2103.38,33654.08,33630.12,Beauty,Online,Medium Value,Bronze,84,Low,0
CUST103929,Mary Copeland,Male,31,Bengaluru,Karnataka,2021-09-09,2025-11-30,44,9.2,1276,29,6062.35,266743.4,266766.64,Beauty,Online,High Value,Gold,206,High,0
CUST103930,Jennifer Little,Female,29,Chandigarh,Chandigarh,2024-04-18,2026-05-18,2,0.92,18,9,1795.86,3591.72,3596.15,Beauty,Online,Low Value,Bronze,37,Low,1
CUST103931,Diana Ramsey,Female,48,Chennai,Tamil Nadu,2021-08-17,2026-03-15,77,15.89,693,9,3180.18,244873.86,244883.0,Electronics,Online,High Value,Gold,101,Low,0
CUST103932,David Romero,Male,44,Patna,Bihar,2021-10-30,2026-03-13,9,1.94,144,16,4845.84,43612.56,43652.23,Beauty,Online,Medium Value,Silver,103,Medium,1
CUST103933,Russell Bird,Male,57,Nashik,Maharashtra,2019-11-02,2026-06-13,20,3.01,480,24,4426.24,88524.8,88418.64,Beauty,Online,Medium Value,Silver,11,Low,0
CUST103934,Brian Shaffer,Female,43,Jaipur,Rajasthan,2019-12-16,2026-04-26,23,3.53,69,3,3971.28,91339.44,91346.51,Beauty,Online,Medium Value,Silver,59,Low,0
CUST103935,Jon Garza,Male,47,Visakhapatnam,Andhra Pradesh,2021-04-09,2025-10-27,5,0.96,40,8,4915.39,24576.95,24546.67,Home & Kitchen,Online,Medium Value,Bronze,240,High,1
CUST103936,Ashley Norman,Male,27,Nagpur,Maharashtra,2021-10-21,2026-04-04,39,8.35,234,6,3319.32,129453.48,129380.78,Home & Kitchen,Offline,Medium Value,Gold,81,Low,0
CUST103937,Kristina Monroe,Male,18,Bhopal,Madhya Pradesh,2020-09-22,2026-04-18,44,7.66,2024,46,11744.81,516771.64,517007.66,Home & Kitchen,Online,High Value,Gold,67,Low,0
CUST103938,Joseph Schaefer,Male,26,Lucknow,Uttar Pradesh,2021-12-13,2025-11-21,54,11.94,864,16,6924.01,373896.54,373922.7,Sports,Online,High Value,Gold,215,High,0
CUST103939,Kyle Garza,Female,36,Lucknow,Uttar Pradesh,2021-05-24,2026-05-16,34,6.69,884,26,620.8,21107.2,21092.67,Sports,Offline,Medium Value,Bronze,39,Low,0
CUST103940,Tiffany Johnston,Female,18,Jaipur,Rajasthan,2024-02-17,2025-06-10,5,2.13,25,5,943.51,4717.55,4709.88,Home & Kitchen,Online,Low Value,Bronze,379,High,0
CUST103941,Phillip Ward,Female,42,Surat,Gujarat,2020-06-20,2026-05-10,6,1.0,18,3,1543.63,9261.78,9268.12,Fashion,Offline,Low Value,Bronze,45,Low,1
CUST103942,Stephanie Fisher,Male,46,Ahmedabad,Gujarat,2024-03-28,2026-06-15,72,32.23,1224,17,8905.48,641194.56,641235.52,Fashion,Online,High Value,Gold,9,Low,0
CUST103943,Patrick Reed,Male,56,Kochi,Kerala,2024-04-09,2026-06-04,44,19.99,440,10,1756.54,77287.76,77292.38,Grocery,Online,Medium Value,Silver,20,Low,0
CUST103944,Sarah Berry,Male,58,Kochi,Kerala,2020-11-01,2026-03-18,48,8.51,1488,31,7539.81,361910.88,361706.31,Fashion,Offline,High Value,Gold,98,Low,0
CUST103945,Teresa Li,Male,28,Chandigarh,Chandigarh,2022-01-18,2026-04-10,81,18.31,2268,28,13959.68,1130734.08,1130875.87,Fashion,Offline,High Value,Platinum,75,Low,0
CUST103946,Paula Caldwell,Male,46,Nagpur,Maharashtra,2020-08-18,2026-06-15,26,4.45,208,8,3993.63,103834.38,103832.19,Beauty,Online,Medium Value,Silver,9,Low,0
CUST103947,Keith Johnson,Female,51,Bengaluru,Karnataka,2023-03-02,2026-05-25,20,6.05,260,13,3603.98,72079.6,72113.15,Electronics,Offline,Medium Value,Silver,30,Low,0
CUST103948,Annette Knapp,Male,29,Vadodara,Gujarat,2020-01-13,2026-04-04,62,9.63,806,13,20000.0,1240000.0,1240233.26,Grocery,Online,High Value,Platinum,81,Low,0
CUST103949,Monica Atkinson,Female,26,Bhopal,Madhya Pradesh,2022-01-03,2026-06-22,22,4.93,286,13,5306.36,116739.92,116817.35,Fashion,Offline,Medium Value,Silver,2,Low,0
CUST103950,Robert Cooper,Female,57,Hyderabad,Telangana,2020-05-19,2026-01-11,92,15.1,1840,20,7693.34,707787.28,707671.43,Fashion,Offline,High Value,Platinum,164,Medium,0
CUST103951,Danielle Griffin,Male,32,Ahmedabad,Gujarat,2021-12-03,2024-09-07,6,1.32,30,5,716.72,4300.32,4304.91,Beauty,Offline,Low Value,Bronze,655,High,1
CUST103952,Jimmy Ritter,Male,45,Hyderabad,Telangana,2019-05-18,2025-04-05,1,0.5,7,7,1465.21,1465.21,5198.94,Beauty,Online,Low Value,Bronze,445,High,1
CUST103953,Riley Clark,Male,28,Surat,Gujarat,2024-02-23,2026-05-20,81,34.81,1620,20,12280.21,994697.01,994806.28,Sports,Online,High Value,Platinum,35,Low,0
CUST103954,Kimberly Morris,Male,48,Hyderabad,Telangana,2021-03-04,2026-05-10,11,2.08,88,8,2562.84,28191.24,28255.3,Beauty,Offline,Medium Value,Bronze,45,Low,0
CUST103955,Gregory Ochoa,Female,51,Kanpur,Uttar Pradesh,2019-01-04,2026-03-08,2,0.5,18,9,1548.59,3097.18,5778.86,Sports,Online,Low Value,Bronze,108,Medium,1
CUST103956,Shannon Cook,Female,43,Ahmedabad,Gujarat,2024-04-05,2026-02-06,1,0.5,2,2,547.5,547.5,605.59,Fashion,Online,Low Value,Bronze,138,Medium,1
CUST103957,Natalie Huff,Male,26,Chandigarh,Chandigarh,2021-06-12,2025-03-14,36,7.16,396,11,3685.87,132691.32,132658.62,Electronics,Online,Medium Value,Gold,467,High,0
CUST103958,Ronald Garcia,Male,18,Coimbatore,Tamil Nadu,2022-03-22,2026-06-03,67,15.76,1876,28,11245.86,753472.62,753581.31,Electronics,Offline,High Value,Platinum,21,Low,0
CUST103959,Margaret Edwards,Female,44,Chandigarh,Chandigarh,2019-02-09,2026-06-03,75,10.18,2100,28,7145.67,535925.25,535738.42,Sports,Online,High Value,Gold,21,Low,0
CUST103960,Cody Reyes III,Female,46,Bhopal,Madhya Pradesh,2023-01-16,2025-11-02,13,3.79,286,22,4115.59,53502.67,53509.66,Grocery,Offline,Medium Value,Silver,234,High,0
CUST103961,Heather Shaffer,Male,45,Kanpur,Uttar Pradesh,2022-07-13,2026-04-24,68,17.25,884,13,5010.4,340707.2,340748.35,Beauty,Offline,High Value,Gold,61,Low,0
CUST103962,Nicole Chung,Male,21,Jaipur,Rajasthan,2019-05-11,2026-06-04,77,10.82,693,9,11348.47,873832.19,873736.8,Home & Kitchen,Online,High Value,Platinum,20,Low,0
CUST103963,Brian Perkins,Male,21,Guwahati,Assam,2019-08-22,2025-12-05,19,2.78,133,7,200.0,3800.0,3799.52,Grocery,Online,Low Value,Bronze,201,High,0
CUST103964,Melody Castro,Male,23,Kochi,Kerala,2021-01-06,2026-06-06,59,10.81,1003,17,9459.8,558128.2,557987.82,Fashion,Online,High Value,Gold,18,Low,0
CUST103965,Kimberly Sanders,Male,28,Visakhapatnam,Andhra Pradesh,2022-12-12,2026-06-15,10,2.84,30,3,1278.29,12782.9,12801.87,Electronics,Offline,Low Value,Bronze,9,Low,0
CUST103966,Christina Davis,Male,18,Jaipur,Rajasthan,2019-05-19,2025-01-02,16,2.26,144,9,2922.56,46760.96,46854.26,Beauty,Online,Medium Value,Silver,538,High,0
CUST103967,Sherri Sullivan,Female,18,Guwahati,Assam,2022-05-28,2026-05-21,172,42.28,5676,33,14355.09,2469075.48,2469275.13,Grocery,Online,High Value,Platinum,34,Low,0
CUST103968,Mike Patel,Male,45,Surat,Gujarat,2022-12-25,2026-05-05,56,16.04,784,14,6609.78,370147.68,370093.39,Sports,Online,High Value,Gold,50,Low,0
CUST103969,Thomas Garcia,Other,35,Indore,Madhya Pradesh,2022-11-16,2025-12-28,15,4.17,225,15,3775.8,56637.0,56643.51,Beauty,Online,Medium Value,Silver,178,Medium,0
CUST103970,Robin Clay,Female,19,Indore,Madhya Pradesh,2019-07-04,2026-06-09,8,1.15,64,8,2040.48,16323.84,16350.38,Beauty,Offline,Medium Value,Bronze,15,Low,1
CUST103971,Kelly Miller,Male,43,Bhopal,Madhya Pradesh,2020-07-07,2025-10-28,28,4.7,28,1,1407.86,39420.08,39420.85,Sports,Online,Medium Value,Silver,239,High,0
CUST103972,Mrs. Amanda Kelley DDS,Male,34,Delhi,Delhi,2021-01-05,2026-05-07,19,3.48,171,9,5102.31,96943.89,96935.09,Home & Kitchen,Offline,Medium Value,Silver,48,Low,0
CUST103973,Johnny Whitaker,Female,47,Bengaluru,Karnataka,2022-06-15,2024-02-29,3,0.75,3,1,769.94,2309.82,2320.89,Beauty,Online,Low Value,Bronze,846,High,1
CUST103974,Mrs. Courtney Wong,Female,35,Lucknow,Uttar Pradesh,2020-02-17,2025-10-01,16,2.52,160,10,6686.74,106987.84,106893.37,Beauty,Offline,Medium Value,Silver,266,High,0
CUST103975,Adam Sanchez,Female,54,Coimbatore,Tamil Nadu,2020-10-09,2025-12-08,3,0.53,24,8,578.5,1735.5,1747.71,Electronics,Offline,Low Value,Bronze,198,High,1
CUST103976,Logan Massey,Male,55,Kolkata,West Bengal,2024-02-11,2026-05-01,28,11.86,448,16,3892.74,108996.72,108957.5,Home & Kitchen,Offline,Medium Value,Silver,54,Low,0
CUST103977,Juan Carroll,Female,29,Ahmedabad,Gujarat,2022-04-01,2026-05-15,14,3.31,154,11,5533.86,77474.04,77380.56,Electronics,Offline,Medium Value,Silver,40,Low,0
CUST103978,Ryan Carpenter,Female,18,Chandigarh,Chandigarh,2022-04-19,2026-06-04,59,14.13,1475,25,10609.02,625932.18,625888.61,Grocery,Offline,High Value,Gold,20,Low,0
CUST103979,Stacy Werner,Male,27,Kanpur,Uttar Pradesh,2019-01-02,2026-05-05,42,5.62,462,11,3239.98,136079.16,135998.08,Home & Kitchen,Online,Medium Value,Gold,50,Low,0
CUST103980,Michelle Holden,Female,22,Madurai,Tamil Nadu,2023-01-27,2025-05-17,5,1.47,25,5,712.56,3562.8,3561.81,Home & Kitchen,Online,Low Value,Bronze,403,High,1
CUST103981,Deborah Wood,Male,33,Delhi,Delhi,2020-12-14,2025-04-22,4,0.72,40,10,1132.6,4530.4,4501.0,Grocery,Online,Low Value,Bronze,428,High,1
CUST103982,Taylor Flores,Female,48,Chandigarh,Chandigarh,2023-11-07,2026-05-24,26,9.91,130,5,2961.32,76994.32,76972.27,Fashion,Offline,Medium Value,Silver,31,Low,0
CUST103983,Tyler Taylor,Female,43,Indore,Madhya Pradesh,2022-08-22,2026-04-05,14,3.65,70,5,2739.85,38357.9,38331.65,Electronics,Online,Medium Value,Silver,80,Low,0
CUST103984,Victoria Wright,Female,42,Kolkata,West Bengal,2023-11-20,2024-12-11,2,0.77,12,6,1402.94,2805.88,2794.93,Fashion,Online,Low Value,Bronze,560,High,1
CUST103985,Betty Pollard,Female,19,Delhi,Delhi,2019-05-26,2025-11-21,14,1.98,42,3,287.73,4028.22,4030.44,Electronics,Offline,Low Value,Bronze,215,High,1
CUST103986,Katie Alvarez,Male,26,Guwahati,Assam,2023-03-15,2026-05-18,46,14.06,1518,33,3388.7,155880.2,155882.06,Sports,Online,Medium Value,Gold,37,Low,0
CUST103987,Robert Munoz,Male,36,Vadodara,Gujarat,2023-05-29,2026-05-24,16,5.22,144,9,5396.2,86339.2,86374.66,Grocery,Online,Medium Value,Silver,31,Low,0
CUST103988,Michelle Newman,Male,18,Surat,Gujarat,2019-04-13,2026-05-27,21,2.92,357,17,3376.53,70907.13,70912.58,Grocery,Online,Medium Value,Silver,28,Low,0
CUST103989,Victoria Marshall,Male,32,Mumbai,Maharashtra,2022-03-13,2026-05-19,2,0.5,10,5,2561.04,5122.08,5476.17,Fashion,Offline,Low Value,Bronze,36,Low,1
CUST103990,Amy Montgomery,Female,26,Chennai,Tamil Nadu,2019-03-17,2026-05-01,148,20.37,3404,23,14220.96,2104702.08,2104895.98,Electronics,Offline,High Value,Platinum,54,Low,0
CUST103991,Jeffrey Benton Jr.,Female,42,Nagpur,Maharashtra,2022-03-22,2025-09-23,17,4.0,170,10,847.34,14404.78,14411.16,Beauty,Online,Low Value,Bronze,274,High,0
CUST103992,Kristin Brown,Male,37,Nashik,Maharashtra,2023-03-21,2026-02-11,2,0.61,16,8,1876.93,3753.86,3727.09,Home & Kitchen,Offline,Low Value,Bronze,133,Medium,1
CUST103993,Sean Hernandez,Female,30,Ranchi,Jharkhand,2023-11-24,2026-04-26,119,46.19,3213,27,16279.7,1937284.3,1937286.08,Home & Kitchen,Offline,High Value,Platinum,59,Low,0
CUST103994,Ana Higgins,Female,36,Vadodara,Gujarat,2019-08-08,2026-02-15,10,1.46,160,16,503.39,5033.9,5050.58,Fashion,Online,Low Value,Bronze,129,Medium,1
CUST103995,Theresa Luna,Female,26,Bengaluru,Karnataka,2019-12-27,2026-06-16,22,3.39,198,9,1315.34,28937.48,28920.95,Grocery,Online,Medium Value,Bronze,8,Low,0
CUST103996,Katherine Padilla,Male,29,Bhopal,Madhya Pradesh,2022-08-29,2026-04-18,15,3.93,240,16,2108.26,31623.9,31599.31,Sports,Online,Medium Value,Bronze,67,Low,0
CUST103997,Victoria Lewis,Male,46,Nagpur,Maharashtra,2023-04-15,2025-07-29,27,8.47,162,6,5065.89,136779.03,136742.0,Sports,Online,Medium Value,Gold,330,High,0
CUST103998,Joshua Leonard,Male,20,Nagpur,Maharashtra,2019-03-16,2025-12-22,29,3.99,29,1,3082.17,89382.93,89393.06,Sports,Offline,Medium Value,Silver,184,High,0
CUST103999,Kelly Liu,Male,37,Visakhapatnam,Andhra Pradesh,2021-10-28,2026-03-07,33,7.1,825,25,8133.7,268412.1,268468.89,Sports,Online,High Value,Gold,109,Low,0
CUST104000,Brianna Ryan,Male,33,Coimbatore,Tamil Nadu,2022-08-09,2026-06-03,26,6.72,364,14,1204.5,31317.0,31313.24,Sports,Offline,Medium Value,Bronze,21,Low,0
CUST104001,Emily Smith,Male,19,Jaipur,Rajasthan,2023-10-19,2025-04-13,24,8.97,240,10,316.23,7589.52,7587.52,Fashion,Offline,Low Value,Bronze,437,High,0
CUST104002,Michelle Howard,Female,30,Delhi,Delhi,2019-12-06,2025-06-09,1,0.5,6,6,1061.94,1061.94,3474.38,Electronics,Online,Low Value,Bronze,380,High,1
CUST104003,William Austin,Male,38,Patna,Bihar,2022-03-31,2026-05-15,64,15.14,1664,26,8073.63,516712.32,516715.86,Home & Kitchen,Online,High Value,Gold,40,Low,0
CUST104004,Monica Oconnor,Male,48,Chennai,Tamil Nadu,2023-10-13,2026-06-11,94,34.93,2444,26,9499.17,892921.98,892991.94,Beauty,Online,High Value,Platinum,13,Low,0
CUST104005,Kyle Blake,Female,51,Indore,Madhya Pradesh,2024-05-22,2026-03-15,23,11.04,230,10,1958.35,45042.05,45045.75,Electronics,Online,Medium Value,Silver,101,Medium,0
CUST104006,Christopher Banks,Female,37,Hyderabad,Telangana,2021-04-26,2025-01-14,32,6.21,448,14,3565.76,114104.32,114157.33,Sports,Offline,Medium Value,Silver,526,High,0
CUST104007,Bryan Davis DVM,Female,54,Kolkata,West Bengal,2023-09-23,2026-04-02,25,9.1,25,1,1690.98,42274.5,42256.21,Home & Kitchen,Online,Medium Value,Silver,83,Low,0
CUST104008,Tiffany Hughes,Male,36,Kochi,Kerala,2023-01-29,2026-04-02,15,4.42,120,8,1969.82,29547.3,29558.36,Home & Kitchen,Offline,Medium Value,Bronze,83,Low,0
CUST104009,Michael Taylor,Female,38,Surat,Gujarat,2022-09-07,2026-06-15,86,22.7,1548,18,6596.44,567293.84,567389.56,Fashion,Online,High Value,Gold,9,Low,0
CUST104010,Brendan Kelly,Female,36,Madurai,Tamil Nadu,2019-04-10,2026-05-08,67,9.3,1005,15,4584.35,307151.45,306991.42,Electronics,Offline,High Value,Gold,47,Low,0
CUST104011,Sherry Porter,Male,40,Vadodara,Gujarat,2019-08-14,2024-06-21,22,3.21,220,10,200.0,4400.0,4401.28,Electronics,Online,Low Value,Bronze,733,High,0
CUST104012,James Perez,Female,52,Lucknow,Uttar Pradesh,2019-12-23,2026-01-15,14,2.15,252,18,6754.91,94568.74,94355.14,Home & Kitchen,Online,Medium Value,Silver,160,Medium,0
CUST104013,Miss Gina Walton,Male,70,Indore,Madhya Pradesh,2022-12-15,2026-05-12,80,22.74,320,4,4627.2,370176.0,370187.4,Home & Kitchen,Online,High Value,Gold,43,Low,0
CUST104014,Alicia Obrien,Female,41,Chandigarh,Chandigarh,2020-01-06,2025-06-29,19,2.94,342,18,2185.68,41527.92,41502.25,Sports,Online,Medium Value,Silver,360,High,0
CUST104015,Mrs. Jacqueline Jackson,Male,39,Surat,Gujarat,2023-03-17,2026-04-21,18,5.51,144,8,2531.83,45572.94,45565.52,Beauty,Online,Medium Value,Silver,64,Low,0
CUST104016,Kendra Smith,Female,38,Pune,Maharashtra,2022-07-10,2025-02-20,3,0.76,12,4,925.21,2775.63,2777.99,Beauty,Online,Low Value,Bronze,489,High,1
CUST104017,Alexander Stein,Female,47,Jaipur,Rajasthan,2022-06-17,2026-05-04,4,1.0,8,2,1233.78,4935.12,4952.01,Beauty,Online,Low Value,Bronze,51,Low,1
CUST104018,Shannon Sosa,Female,30,Ranchi,Jharkhand,2022-11-23,2026-06-01,11,3.07,154,14,3906.14,42967.54,42911.29,Home & Kitchen,Offline,Medium Value,Silver,23,Low,0
CUST104019,Marc White,Female,35,Chandigarh,Chandigarh,2020-02-12,2025-11-24,22,3.46,264,12,3357.76,73870.72,73858.03,Beauty,Offline,Medium Value,Silver,212,High,0
CUST104020,Gregory Wiggins,Female,33,Kochi,Kerala,2020-12-21,2026-06-07,15,2.73,195,13,501.37,7520.55,7528.54,Electronics,Offline,Low Value,Bronze,17,Low,0
CUST104021,Linda Berry,Male,38,Jaipur,Rajasthan,2023-10-20,2026-01-19,47,17.59,987,21,5331.79,250594.13,250610.04,Electronics,Online,High Value,Gold,156,Low,0
CUST104022,Michelle Hobbs,Female,42,Lucknow,Uttar Pradesh,2022-01-12,2026-05-29,30,6.76,90,3,1216.66,36499.8,36523.85,Home & Kitchen,Online,Medium Value,Silver,26,Low,0
CUST104023,Charles Fuentes,Male,39,Nashik,Maharashtra,2023-05-10,2025-07-29,2,0.64,16,8,1052.51,2105.02,2100.58,Home & Kitchen,Online,Low Value,Bronze,330,High,1
CUST104024,Andrew Medina,Female,32,Kolkata,West Bengal,2019-02-21,2025-10-19,19,2.59,323,17,2109.38,40078.22,40056.68,Beauty,Online,Medium Value,Silver,248,High,0
CUST104025,Teresa Aguirre,Female,20,Chandigarh,Chandigarh,2021-10-17,2025-08-25,1,0.5,6,6,2011.61,2011.61,4706.15,Beauty,Online,Low Value,Bronze,303,High,1
CUST104026,Eddie Bailey,Female,43,Guwahati,Assam,2021-08-18,2026-06-10,16,3.3,160,10,4793.21,76691.36,76608.68,Sports,Online,Medium Value,Silver,14,Low,0
CUST104027,Joseph Mccullough,Female,37,Jaipur,Rajasthan,2019-09-13,2026-06-09,24,3.54,312,13,10766.65,258399.6,258162.6,Electronics,Offline,High Value,Gold,15,Low,0
CUST104028,Mr. Zachary Mora DVM,Male,41,Vadodara,Gujarat,2022-01-02,2023-11-15,2,0.5,6,3,1900.57,3801.14,4246.04,Grocery,Online,Low Value,Bronze,952,High,1
CUST104029,Kimberly Price,Female,62,Ranchi,Jharkhand,2020-04-21,2026-06-05,38,6.16,304,8,2156.57,81949.66,81943.64,Grocery,Online,Medium Value,Silver,19,Low,0
CUST104030,Bruce Spencer,Female,35,Ahmedabad,Gujarat,2019-09-02,2026-06-11,35,5.14,455,13,1081.91,37866.85,37834.71,Fashion,Online,Medium Value,Silver,13,Low,0
CUST104031,Jacob Allen,Female,28,Madurai,Tamil Nadu,2022-02-06,2026-05-19,58,13.27,58,1,200.0,11600.0,11604.21,Sports,Online,Low Value,Bronze,36,Low,0
CUST104032,Chelsea Powell,Female,27,Surat,Gujarat,2022-08-05,2026-05-20,82,21.14,2460,30,4710.86,386290.52,386353.46,Fashion,Online,High Value,Gold,35,Low,0
CUST104033,Thomas Morse,Female,50,Surat,Gujarat,2023-10-04,2026-04-26,5,1.84,50,10,790.36,3951.8,3949.7,Home & Kitchen,Offline,Low Value,Bronze,59,Low,1
CUST104034,Susan Zimmerman,Male,18,Delhi,Delhi,2022-07-25,2026-05-12,78,19.95,1872,24,9394.07,732737.46,732714.31,Fashion,Online,High Value,Platinum,43,Low,0
CUST104035,Annette Meyer,Male,21,Ranchi,Jharkhand,2021-12-07,2024-09-01,2,0.5,10,5,2032.66,4065.32,4613.48,Home & Kitchen,Online,Low Value,Bronze,661,High,1
CUST104036,Erica Rose,Female,20,Surat,Gujarat,2022-11-29,2026-06-10,19,5.33,114,6,2027.56,38523.64,38493.55,Sports,Online,Medium Value,Silver,14,Low,0
CUST104037,Kim Long,Female,46,Hyderabad,Telangana,2020-11-14,2024-07-09,7,1.25,7,1,555.38,3887.66,3888.8,Beauty,Offline,Low Value,Bronze,715,High,1
CUST104038,Christina Flores,Female,52,Kochi,Kerala,2022-05-13,2024-06-07,18,4.38,288,16,4089.66,73613.88,73612.54,Beauty,Online,Medium Value,Silver,747,High,0
CUST104039,Craig Raymond,Male,25,Hyderabad,Telangana,2021-02-10,2026-06-04,6,1.12,18,3,3984.42,23906.52,23922.45,Beauty,Online,Medium Value,Bronze,20,Low,1
CUST104040,Jeffrey Miller,Male,47,Bengaluru,Karnataka,2023-06-08,2023-10-09,1,0.5,1,1,1157.23,1157.23,1758.42,Fashion,Offline,Low Value,Bronze,989,High,1
CUST104041,Brian Hoffman,Female,25,Bhopal,Madhya Pradesh,2019-01-30,2026-06-15,36,4.87,396,11,4373.99,157463.64,157463.64,Sports,Online,Medium Value,Gold,9,Low,0
CUST104042,Elizabeth Gay,Female,27,Bengaluru,Karnataka,2021-11-13,2026-01-13,17,3.69,340,20,5136.99,87328.83,87291.28,Grocery,Offline,Medium Value,Silver,162,Medium,0
CUST104043,Patricia Hale,Other,35,Ranchi,Jharkhand,2022-04-27,2026-02-02,13,3.13,39,3,1623.39,21104.07,21103.89,Fashion,Offline,Medium Value,Bronze,142,Medium,0
CUST104044,Amanda Arroyo,Male,43,Chennai,Tamil Nadu,2020-12-10,2026-05-16,10,1.81,90,9,200.0,2000.0,2002.03,Fashion,Online,Low Value,Bronze,39,Low,1
CUST104045,Kevin Mccullough,Male,53,Pune,Maharashtra,2019-02-12,2026-03-22,9,1.22,153,17,5106.51,45958.59,45831.22,Grocery,Offline,Medium Value,Silver,94,Medium,1
CUST104046,Margaret Stevenson,Female,25,Lucknow,Uttar Pradesh,2023-07-01,2026-01-18,44,14.78,396,9,2244.15,98742.6,98711.02,Sports,Offline,Medium Value,Silver,157,Medium,0
CUST104047,Amber Turner,Male,23,Chandigarh,Chandigarh,2023-10-10,2026-02-16,20,7.41,100,5,3507.0,70140.0,70152.1,Beauty,Offline,Medium Value,Silver,128,Medium,0
CUST104048,Victor Williams,Male,47,Kanpur,Uttar Pradesh,2023-10-19,2026-06-19,5,1.87,20,4,1556.99,7784.95,7788.1,Fashion,Offline,Low Value,Bronze,5,Low,1
CUST104049,Shelly Rodgers,Male,44,Nashik,Maharashtra,2020-12-20,2026-03-31,19,3.45,285,15,6470.32,122936.08,122843.08,Fashion,Offline,Medium Value,Silver,85,Low,0
CUST104050,Cassandra Wood,Male,34,Lucknow,Uttar Pradesh,2021-09-19,2025-11-08,4,0.84,4,1,1293.64,5174.56,5167.76,Electronics,Offline,Low Value,Bronze,228,High,1
CUST104051,Susan Garcia,Male,48,Bhopal,Madhya Pradesh,2019-09-24,2025-12-19,17,2.52,102,6,5731.94,97442.98,97403.9,Home & Kitchen,Offline,Medium Value,Silver,187,High,0
CUST104052,Stephanie Joseph,Male,37,Nagpur,Maharashtra,2023-07-11,2025-12-23,3,1.02,21,7,1189.26,3567.78,3576.86,Fashion,Offline,Low Value,Bronze,183,High,1
CUST104053,Dalton Clark,Female,24,Lucknow,Uttar Pradesh,2021-03-06,2026-03-31,10,1.89,150,15,5455.87,54558.7,54599.93,Electronics,Online,Medium Value,Silver,85,Low,1
CUST104054,Alexis Weeks,Female,31,Visakhapatnam,Andhra Pradesh,2022-11-01,2026-02-25,6,1.65,30,5,1857.07,11142.42,11149.28,Fashion,Online,Low Value,Bronze,119,Medium,1
CUST104055,Michael Glass,Male,29,Patna,Bihar,2023-05-19,2025-12-05,150,48.48,3300,22,10848.09,1627213.5,1627062.03,Grocery,Online,High Value,Platinum,201,High,0
CUST104056,David Cervantes,Male,21,Kanpur,Uttar Pradesh,2022-07-20,2025-04-10,3,0.76,27,9,283.51,850.53,845.35,Fashion,Online,Low Value,Bronze,440,High,1
CUST104057,Victoria Benitez,Female,32,Bhopal,Madhya Pradesh,2021-02-27,2026-06-14,67,12.61,2144,32,7847.07,525753.69,525845.21,Beauty,Offline,High Value,Gold,10,Low,0
CUST104058,Jacqueline Monroe,Female,33,Ahmedabad,Gujarat,2020-11-12,2025-08-13,10,1.78,100,10,1441.73,14417.3,14389.43,Electronics,Online,Low Value,Bronze,315,High,1
CUST104059,Charles Sanchez,Male,33,Hyderabad,Telangana,2024-03-03,2026-03-19,1,0.5,5,5,262.92,262.92,302.69,Grocery,Online,Low Value,Bronze,97,Medium,1
CUST104060,Sonia Henderson,Female,25,Kochi,Kerala,2021-06-14,2026-06-17,17,3.39,204,12,3553.44,60408.48,60486.41,Fashion,Online,Medium Value,Silver,7,Low,0
CUST104061,Sharon Sims,Male,33,Chandigarh,Chandigarh,2023-09-29,2026-05-04,29,10.62,29,1,7673.74,222538.46,222452.11,Beauty,Online,Medium Value,Gold,51,Low,0
CUST104062,Shawn Doyle,Female,34,Hyderabad,Telangana,2021-04-26,2025-06-08,4,0.78,32,8,1405.68,5622.72,5652.51,Sports,Offline,Low Value,Bronze,381,High,1
CUST104063,Michael Perry,Male,36,Chandigarh,Chandigarh,2022-02-04,2025-02-01,12,2.74,72,6,1753.59,21043.08,21034.73,Sports,Offline,Medium Value,Bronze,508,High,0
CUST104064,Donald Santana,Female,53,Chennai,Tamil Nadu,2019-10-21,2026-05-01,4,0.6,28,7,1265.42,5061.68,5063.76,Home & Kitchen,Online,Low Value,Bronze,54,Low,1
CUST104065,Katherine Greene,Male,51,Ahmedabad,Gujarat,2019-02-23,2026-03-29,28,3.82,896,32,7075.83,198123.24,198032.58,Fashion,Online,Medium Value,Gold,87,Low,0
CUST104066,Jennifer Dominguez,Female,23,Surat,Gujarat,2022-05-19,2026-04-26,137,33.47,1370,10,1695.1,232228.7,232221.27,Electronics,Online,Medium Value,Gold,59,Low,0
CUST104067,Matthew Walker,Female,59,Lucknow,Uttar Pradesh,2021-03-04,2026-03-10,23,4.34,115,5,1759.78,40474.94,40482.12,Beauty,Online,Medium Value,Silver,106,Medium,0
CUST104068,Ashley Barrera,Male,29,Kolkata,West Bengal,2023-08-07,2025-05-06,56,19.48,616,11,1068.97,59862.32,59862.32,Grocery,Online,Medium Value,Silver,414,High,0
CUST104069,Clifford Murphy DVM,Female,46,Ranchi,Jharkhand,2023-01-25,2025-09-15,6,1.76,54,9,656.88,3941.28,3937.58,Electronics,Online,Low Value,Bronze,282,High,1
CUST104070,Michael Arias,Female,47,Ranchi,Jharkhand,2021-03-14,2026-04-07,31,5.88,744,24,3247.39,100669.09,100688.03,Home & Kitchen,Online,Medium Value,Silver,78,Low,0
CUST104071,Joshua Mitchell,Female,26,Kochi,Kerala,2022-07-12,2026-06-19,23,5.83,161,7,4247.71,97697.33,97700.59,Electronics,Online,Medium Value,Silver,5,Low,0
CUST104072,Ashley Wilson,Female,36,Kanpur,Uttar Pradesh,2023-10-19,2026-02-27,10,3.74,90,9,3355.0,33550.0,33563.59,Sports,Online,Medium Value,Bronze,117,Medium,0
CUST104073,Stacey Clements,Female,63,Hyderabad,Telangana,2023-07-18,2025-12-10,32,10.92,288,9,5334.04,170689.28,170636.71,Sports,Online,Medium Value,Gold,196,High,0
CUST104074,Kathleen Martinez,Female,28,Chennai,Tamil Nadu,2020-10-06,2026-06-17,24,4.2,336,14,4700.06,112801.44,112685.63,Sports,Online,Medium Value,Silver,7,Low,0
CUST104075,Julie Rodriguez MD,Female,49,Pune,Maharashtra,2019-07-31,2025-08-10,42,6.09,378,9,3131.54,131524.68,131474.27,Beauty,Online,Medium Value,Gold,318,High,0
CUST104076,Cathy Farmer,Male,60,Kanpur,Uttar Pradesh,2023-04-20,2026-03-31,22,6.93,638,29,3730.51,82071.22,82034.14,Fashion,Online,Medium Value,Silver,85,Low,0
CUST104077,Dana Gilbert,Male,48,Bhopal,Madhya Pradesh,2020-09-15,2026-06-07,19,3.3,57,3,6338.1,120423.9,120598.3,Sports,Online,Medium Value,Silver,17,Low,0
CUST104078,Charles Harper,Female,20,Vadodara,Gujarat,2023-05-29,2025-10-21,3,0.98,15,5,960.69,2882.07,2886.94,Fashion,Online,Low Value,Bronze,246,High,1
CUST104079,Timothy Wang,Female,65,Guwahati,Assam,2024-05-13,2025-06-22,15,7.12,150,10,3677.94,55169.1,55205.85,Fashion,Offline,Medium Value,Silver,367,High,0
CUST104080,Daniel Stewart,Female,18,Chennai,Tamil Nadu,2023-03-22,2026-05-02,38,11.68,418,11,3635.78,138159.64,138123.21,Beauty,Offline,Medium Value,Gold,53,Low,0
CUST104081,Tiffany Peterson,Female,32,Visakhapatnam,Andhra Pradesh,2021-11-03,2026-06-20,12,2.59,228,19,200.0,2400.0,2399.61,Electronics,Offline,Low Value,Bronze,4,Low,0
CUST104082,Tammy Bell,Male,33,Lucknow,Uttar Pradesh,2019-10-31,2026-03-16,21,3.16,294,14,5138.74,107913.54,107856.0,Home & Kitchen,Online,Medium Value,Silver,100,Medium,0
CUST104083,Mathew Myers,Male,23,Indore,Madhya Pradesh,2021-04-01,2025-09-27,4,0.77,40,10,2171.81,8687.24,8735.76,Sports,Online,Low Value,Bronze,270,High,1
CUST104084,Edgar Brown,Female,26,Jaipur,Rajasthan,2021-04-05,2026-05-28,19,3.64,399,21,4180.84,79435.96,79330.77,Home & Kitchen,Offline,Medium Value,Silver,27,Low,0
CUST104085,Cory Barrett,Female,42,Nashik,Maharashtra,2022-10-28,2026-06-10,55,15.07,1320,24,10050.21,552761.55,552749.44,Beauty,Online,High Value,Gold,14,Low,0
CUST104086,Seth Jones,Female,32,Guwahati,Assam,2021-06-24,2026-05-11,89,17.82,2492,28,7473.11,665106.79,665033.75,Fashion,Online,High Value,Gold,44,Low,0
CUST104087,Joseph Hawkins,Female,34,Kanpur,Uttar Pradesh,2020-02-12,2026-03-03,57,8.97,912,16,6103.3,347888.1,348039.99,Sports,Online,High Value,Gold,113,Low,0
CUST104088,Victor Brown,Male,46,Surat,Gujarat,2022-09-25,2026-03-24,4,1.07,24,6,2364.28,9457.12,9461.13,Beauty,Offline,Low Value,Bronze,92,Medium,1
CUST104089,Jennifer Ferguson,Male,47,Visakhapatnam,Andhra Pradesh,2023-10-04,2026-04-07,92,33.87,2116,23,16656.41,1532389.72,1532209.13,Fashion,Online,High Value,Platinum,78,Low,0
CUST104090,Carolyn Cantu,Female,40,Ahmedabad,Gujarat,2019-08-19,2022-02-11,1,0.5,6,6,1102.19,1102.19,3770.53,Grocery,Online,Low Value,Bronze,1594,High,1
CUST104091,Charles Garcia,Male,46,Coimbatore,Tamil Nadu,2022-09-13,2026-05-05,7,1.86,49,7,1626.84,11387.88,11416.07,Home & Kitchen,Online,Low Value,Bronze,50,Low,1
CUST104092,James Hart,Male,47,Bhopal,Madhya Pradesh,2020-09-04,2026-03-24,19,3.28,19,1,4293.18,81570.42,81617.55,Home & Kitchen,Offline,Medium Value,Silver,92,Medium,0
CUST104093,Patricia Wilson,Male,42,Nashik,Maharashtra,2021-01-29,2026-04-03,6,1.11,60,10,1719.96,10319.76,10297.16,Beauty,Online,Low Value,Bronze,82,Low,1
CUST104094,Mark Elliott,Female,25,Pune,Maharashtra,2022-01-27,2025-01-16,14,3.18,84,6,3840.71,53769.94,53735.87,Home & Kitchen,Online,Medium Value,Silver,524,High,0
CUST104095,Matthew Bartlett,Female,33,Ahmedabad,Gujarat,2022-05-23,2025-12-28,18,4.41,306,17,6667.56,120016.08,120030.87,Fashion,Online,Medium Value,Silver,178,Medium,0
CUST104096,Maria Campbell,Male,25,Lucknow,Uttar Pradesh,2023-10-29,2026-05-15,103,38.9,2369,23,11377.94,1171927.82,1171789.2,Home & Kitchen,Online,High Value,Platinum,40,Low,0
CUST104097,Joanna Adkins,Male,35,Bengaluru,Karnataka,2019-07-17,2026-06-08,68,9.81,1564,23,7626.07,518572.76,518612.85,Fashion,Online,High Value,Gold,16,Low,0
CUST104098,Lisa Reed,Male,32,Nashik,Maharashtra,2019-06-24,2026-04-12,21,3.0,105,5,5562.04,116802.84,116722.89,Beauty,Online,Medium Value,Silver,73,Low,0
CUST104099,Jordan Calhoun MD,Female,32,Ranchi,Jharkhand,2019-01-14,2026-05-03,76,10.22,2204,29,9026.92,686045.92,686009.34,Beauty,Online,High Value,Platinum,52,Low,0
CUST104100,Heather Thomas,Female,43,Bengaluru,Karnataka,2020-08-25,2026-03-11,21,3.61,63,3,2112.78,44368.38,44415.93,Sports,Online,Medium Value,Silver,105,Medium,0
CUST104101,Carrie Coffey,Female,33,Vadodara,Gujarat,2023-11-12,2025-12-03,6,2.3,66,11,6966.76,41800.56,41808.19,Grocery,Offline,Medium Value,Silver,203,High,0
CUST104102,Dr. Isabel Smith PhD,Female,42,Coimbatore,Tamil Nadu,2019-09-04,2026-05-21,26,3.82,364,14,2464.65,64080.9,64003.7,Grocery,Online,Medium Value,Silver,34,Low,0
CUST104103,Joe Page,Female,39,Kolkata,West Bengal,2023-10-10,2026-05-06,83,30.75,249,3,9683.75,803751.25,803850.67,Sports,Offline,High Value,Platinum,49,Low,0
CUST104104,Crystal Morales,Female,24,Kochi,Kerala,2022-03-17,2026-04-22,15,3.52,180,12,4313.63,64704.45,64768.34,Electronics,Offline,Medium Value,Silver,63,Low,0
CUST104105,Heather Mcmahon,Female,24,Guwahati,Assam,2021-05-31,2025-06-12,5,0.99,75,15,4560.09,22800.45,22841.28,Grocery,Online,Medium Value,Bronze,377,High,1
CUST104106,Jason Quinn,Male,43,Vadodara,Gujarat,2023-06-06,2025-06-18,8,2.63,56,7,219.59,1756.72,1758.26,Sports,Offline,Low Value,Bronze,371,High,0
CUST104107,James Cox,Female,37,Kolkata,West Bengal,2022-10-31,2026-05-20,55,15.1,1430,26,11617.59,638967.45,638784.56,Sports,Online,High Value,Gold,35,Low,0
CUST104108,James Cummings,Male,41,Bhopal,Madhya Pradesh,2022-03-04,2024-03-21,7,1.63,35,5,1233.05,8631.35,8644.79,Grocery,Online,Low Value,Bronze,825,High,1
CUST104109,Daniel Lee,Female,18,Bengaluru,Karnataka,2024-04-14,2026-05-05,10,4.57,160,16,4990.17,49901.7,49887.08,Sports,Online,Medium Value,Silver,50,Low,0
CUST104110,Shane Hopkins,Female,40,Indore,Madhya Pradesh,2022-11-06,2026-02-23,8,2.21,184,23,1860.09,14880.72,14901.29,Grocery,Offline,Medium Value,Bronze,121,Medium,0
CUST104111,Stephanie Kelley,Male,49,Vadodara,Gujarat,2022-04-14,2025-06-05,14,3.34,140,10,6008.4,84117.6,84063.31,Electronics,Online,Medium Value,Silver,384,High,0
CUST104112,Jennifer Schneider,Male,21,Hyderabad,Telangana,2019-12-01,2026-04-11,92,14.03,1380,15,11874.69,1092471.48,1092434.09,Fashion,Online,High Value,Platinum,74,Low,0
CUST104113,Charles Rodriguez,Male,47,Pune,Maharashtra,2020-10-30,2026-03-06,64,11.34,2304,36,9333.41,597338.24,597229.38,Electronics,Offline,High Value,Gold,110,Low,0
CUST104114,Elizabeth Wall,Male,61,Patna,Bihar,2021-10-27,2026-06-01,14,3.01,210,15,200.0,2800.0,2800.27,Beauty,Online,Low Value,Bronze,23,Low,0
CUST104115,Loretta Williams,Male,37,Hyderabad,Telangana,2022-01-27,2024-08-20,25,5.68,475,19,4335.19,108379.75,108338.33,Grocery,Offline,Medium Value,Silver,673,High,0
CUST104116,Juan Moore,Male,21,Madurai,Tamil Nadu,2021-11-08,2025-07-15,3,0.65,18,6,200.0,600.0,600.44,Sports,Online,Low Value,Bronze,344,High,1
CUST104117,Joseph White,Female,33,Hyderabad,Telangana,2022-05-30,2025-11-03,12,2.95,84,7,4838.76,58065.12,57996.23,Fashion,Online,Medium Value,Silver,233,High,0
CUST104118,Michael Cruz,Female,26,Patna,Bihar,2023-12-27,2026-06-02,51,20.52,1071,21,10751.11,548306.61,548436.42,Home & Kitchen,Online,High Value,Gold,22,Low,0
CUST104119,Denise Reese,Other,26,Mumbai,Maharashtra,2022-10-28,2025-11-10,14,3.84,28,2,1651.92,23126.88,23150.49,Beauty,Online,Medium Value,Bronze,226,High,0
CUST104120,Brittney Morales,Male,38,Mumbai,Maharashtra,2020-06-14,2026-02-19,13,2.16,182,14,6029.3,78380.9,78407.15,Fashion,Online,Medium Value,Silver,125,Medium,0
CUST104121,Christina Jenkins,Male,61,Patna,Bihar,2020-02-27,2026-06-12,11,1.74,198,18,3618.48,39803.28,39767.91,Electronics,Online,Medium Value,Silver,12,Low,1
CUST104122,Sean Anderson,Male,39,Lucknow,Uttar Pradesh,2020-03-14,2026-01-28,39,6.22,897,23,2244.96,87553.44,87585.83,Home & Kitchen,Online,Medium Value,Silver,147,Medium,0
CUST104123,Emily Fitzpatrick,Female,27,Kanpur,Uttar Pradesh,2019-10-21,2024-08-13,1,0.5,1,1,1322.06,1322.06,4408.68,Beauty,Offline,Low Value,Bronze,680,High,1
CUST104124,Nancy Liu,Female,38,Madurai,Tamil Nadu,2024-04-27,2025-10-08,23,10.69,115,5,1482.52,34097.96,34104.41,Fashion,Online,Medium Value,Bronze,259,High,0
CUST104125,Rachel Miller,Male,60,Madurai,Tamil Nadu,2020-01-04,2026-03-12,16,2.48,176,11,6330.35,101285.6,101481.1,Electronics,Online,Medium Value,Silver,104,Medium,0
CUST104126,Scott Brown,Female,46,Ahmedabad,Gujarat,2021-12-03,2025-12-27,22,4.83,462,21,3734.99,82169.78,82087.56,Home & Kitchen,Online,Medium Value,Silver,179,Medium,0
CUST104127,Emily Winters,Female,38,Chennai,Tamil Nadu,2023-12-20,2023-12-20,9,3.59,45,5,2218.63,19967.67,19953.09,Electronics,Offline,Medium Value,Bronze,917,High,0
CUST104128,Chris Lewis,Male,28,Chandigarh,Chandigarh,2020-07-06,2026-03-28,23,3.86,391,17,3564.35,81980.05,82004.15,Beauty,Offline,Medium Value,Silver,88,Low,0
CUST104129,Heidi Blankenship,Male,51,Chandigarh,Chandigarh,2024-03-02,2026-06-18,36,15.62,468,13,8030.33,289091.88,289158.72,Electronics,Offline,High Value,Gold,6,Low,0
CUST104130,Sandra Alvarez,Other,23,Delhi,Delhi,2019-12-11,2025-08-06,18,2.76,378,21,3191.02,57438.36,57509.13,Electronics,Online,Medium Value,Silver,322,High,0
CUST104131,Donna Garcia,Female,46,Visakhapatnam,Andhra Pradesh,2022-06-19,2026-01-16,18,4.49,18,1,3796.3,68333.4,68321.55,Beauty,Offline,Medium Value,Silver,159,Medium,0
CUST104132,Stephanie Hernandez,Male,28,Visakhapatnam,Andhra Pradesh,2019-06-24,2026-02-23,21,3.0,42,2,4006.19,84129.99,84072.41,Electronics,Offline,Medium Value,Silver,121,Medium,0
CUST104133,Joseph Montgomery,Female,40,Ranchi,Jharkhand,2024-04-03,2025-11-22,18,8.12,144,8,2666.7,48000.6,48020.31,Grocery,Online,Medium Value,Silver,214,High,0
CUST104134,Juan Harrison,Female,21,Coimbatore,Tamil Nadu,2020-06-18,2026-06-19,27,4.49,135,5,4797.67,129537.09,129455.65,Electronics,Online,Medium Value,Gold,5,Low,0
CUST104135,Miss Stephanie Cherry,Male,18,Visakhapatnam,Andhra Pradesh,2021-09-11,2026-05-20,85,17.79,1020,12,11826.67,1005266.95,1005179.52,Fashion,Online,High Value,Platinum,35,Low,0
CUST104136,Bridget Wallace,Female,29,Surat,Gujarat,2023-05-15,2026-04-13,5,1.61,15,3,1424.67,7123.35,7121.36,Fashion,Online,Low Value,Bronze,72,Low,1
CUST104137,Brandy James,Female,46,Coimbatore,Tamil Nadu,2023-04-03,2025-09-01,10,3.11,240,24,5269.21,52692.1,52762.21,Electronics,Online,Medium Value,Silver,296,High,0
CUST104138,Christopher Smith,Male,18,Visakhapatnam,Andhra Pradesh,2024-02-21,2026-05-01,16,6.86,32,2,4770.63,76330.08,76339.48,Beauty,Offline,Medium Value,Silver,54,Low,0
CUST104139,Sabrina Galvan,Female,37,Kolkata,West Bengal,2021-11-22,2026-05-10,19,4.15,209,11,3258.67,61914.73,61943.28,Home & Kitchen,Offline,Medium Value,Silver,45,Low,0
CUST104140,Catherine Shannon,Female,39,Kanpur,Uttar Pradesh,2023-09-10,2026-02-10,22,7.91,462,21,2613.89,57505.58,57513.17,Fashion,Online,Medium Value,Silver,134,Medium,0
CUST104141,Theresa Knight,Male,21,Patna,Bihar,2020-06-14,2026-01-16,50,8.3,950,19,11524.8,576240.0,575899.23,Fashion,Online,High Value,Gold,159,Low,0
CUST104142,Victoria Tanner,Male,37,Hyderabad,Telangana,2023-10-01,2026-05-01,76,27.9,1520,20,10058.09,764414.84,764456.15,Fashion,Offline,High Value,Platinum,54,Low,0
CUST104143,Chad Evans,Female,35,Visakhapatnam,Andhra Pradesh,2022-08-11,2025-07-10,4,1.04,36,9,1872.91,7491.64,7524.66,Beauty,Online,Low Value,Bronze,349,High,1
CUST104144,Chase Haney,Male,44,Chandigarh,Chandigarh,2021-01-22,2025-12-19,1,0.5,1,1,1634.31,1634.31,4423.04,Fashion,Online,Low Value,Bronze,187,High,1
CUST104145,Maureen Nixon,Male,43,Chennai,Tamil Nadu,2021-02-08,2026-01-12,8,1.49,128,16,4948.26,39586.08,39564.4,Electronics,Offline,Medium Value,Silver,163,Medium,1
CUST104146,Michael Rush,Male,41,Bengaluru,Karnataka,2021-04-27,2026-05-03,84,16.3,1512,18,7567.57,635675.88,635584.72,Beauty,Offline,High Value,Gold,52,Low,0
CUST104147,Larry Lloyd,Male,40,Indore,Madhya Pradesh,2021-12-18,2026-04-21,21,4.66,105,5,4502.72,94557.12,94615.92,Home & Kitchen,Online,Medium Value,Silver,64,Low,0
CUST104148,Steven Butler,Male,32,Kochi,Kerala,2024-05-21,2026-04-08,20,9.59,40,2,2045.8,40916.0,40930.45,Home & Kitchen,Online,Medium Value,Silver,77,Low,0
CUST104149,Samuel Lee,Female,45,Surat,Gujarat,2020-09-15,2026-06-17,6,1.04,24,4,1457.58,8745.48,8740.45,Home & Kitchen,Online,Low Value,Bronze,7,Low,1
CUST104150,Joseph Moon,Male,30,Mumbai,Maharashtra,2020-11-01,2026-06-15,75,13.3,1350,18,3248.15,243611.25,243530.77,Beauty,Online,High Value,Gold,9,Low,0
CUST104151,Taylor Williams II,Female,23,Kolkata,West Bengal,2019-12-06,2026-02-21,73,11.16,2701,37,2938.68,214523.64,214597.26,Electronics,Offline,Medium Value,Gold,123,Low,0
CUST104152,Jerry Hamilton,Other,47,Kanpur,Uttar Pradesh,2024-02-28,2026-04-25,5,2.16,20,4,570.92,2854.6,2852.96,Sports,Online,Low Value,Bronze,60,Low,0
CUST104153,Paul Wolf,Female,31,Nagpur,Maharashtra,2021-07-13,2026-03-06,21,4.25,84,4,4295.99,90215.79,90227.55,Fashion,Offline,Medium Value,Silver,110,Medium,0
CUST104154,Bobby Arnold,Female,42,Indore,Madhya Pradesh,2022-10-23,2026-03-10,6,1.64,96,16,8633.53,51801.18,51867.84,Sports,Online,Medium Value,Silver,106,Medium,1
CUST104155,William Weber,Male,52,Indore,Madhya Pradesh,2022-06-25,2026-06-07,69,17.29,966,14,7087.58,489043.02,489170.51,Beauty,Offline,High Value,Gold,17,Low,0
CUST104156,Alicia James,Female,37,Chennai,Tamil Nadu,2022-12-21,2026-02-27,22,6.28,198,9,4390.42,96589.24,96548.61,Home & Kitchen,Online,Medium Value,Silver,117,Medium,0
CUST104157,Jamie Johnson,Female,32,Kochi,Kerala,2019-07-24,2025-06-06,8,1.16,32,4,1265.72,10125.76,10150.02,Beauty,Online,Low Value,Bronze,383,High,1
CUST104158,Melissa Rogers,Female,36,Surat,Gujarat,2020-10-08,2026-05-22,1,0.5,12,12,519.25,519.25,1480.63,Electronics,Offline,Low Value,Bronze,33,Low,1
CUST104159,Sarah Mueller,Female,57,Delhi,Delhi,2022-11-01,2026-06-03,40,10.99,40,1,919.52,36780.8,36770.0,Sports,Online,Medium Value,Silver,21,Low,0
CUST104160,Gordon Hahn,Female,29,Jaipur,Rajasthan,2024-02-28,2025-08-06,28,12.1,28,1,4051.24,113434.72,113406.99,Electronics,Online,Medium Value,Silver,322,High,0
CUST104161,Kristen Burns,Female,39,Nagpur,Maharashtra,2020-05-14,2026-02-12,60,9.83,1260,21,11301.96,678117.6,678300.16,Sports,Online,High Value,Gold,132,Low,0
CUST104162,Thomas Sellers,Male,56,Lucknow,Uttar Pradesh,2019-09-24,2025-12-09,38,5.64,380,10,2765.78,105099.64,105189.14,Electronics,Online,Medium Value,Silver,197,High,0
CUST104163,Melvin Flores,Male,26,Visakhapatnam,Andhra Pradesh,2022-11-01,2025-08-01,29,7.97,377,13,2165.47,62798.63,62797.92,Sports,Online,Medium Value,Silver,327,High,0
CUST104164,Ashley Cochran,Male,29,Kolkata,West Bengal,2022-06-06,2025-08-08,27,6.68,243,9,5758.65,155483.55,155556.23,Beauty,Online,Medium Value,Gold,320,High,0
CUST104165,Ashley Jones,Female,32,Bhopal,Madhya Pradesh,2021-05-10,2025-10-25,20,3.91,360,18,3219.97,64399.4,64424.0,Sports,Online,Medium Value,Silver,242,High,0
CUST104166,Christian Solis,Female,34,Vadodara,Gujarat,2019-03-25,2025-11-02,45,6.21,405,9,4132.39,185957.55,185905.62,Electronics,Online,Medium Value,Gold,234,High,0
CUST104167,Sharon Smith,Female,29,Kanpur,Uttar Pradesh,2021-03-11,2026-06-19,63,11.93,1386,22,9023.71,568493.73,568548.58,Fashion,Online,High Value,Gold,5,Low,0
CUST104168,Robert Berg,Male,23,Delhi,Delhi,2019-12-28,2025-07-27,46,7.1,506,11,2956.25,135987.5,136078.96,Home & Kitchen,Online,Medium Value,Gold,332,High,0
CUST104169,Brooke Sims,Female,48,Guwahati,Assam,2022-11-01,2026-01-12,65,17.86,1755,27,7440.87,483656.55,483548.37,Home & Kitchen,Online,High Value,Gold,163,Low,0
CUST104170,Julia Marks,Female,45,Hyderabad,Telangana,2019-09-30,2026-06-15,90,13.38,810,9,6737.49,606374.1,606413.94,Fashion,Offline,High Value,Gold,9,Low,0
CUST104171,Ashley Martinez,Male,34,Coimbatore,Tamil Nadu,2019-08-05,2025-09-13,1,0.5,5,5,1734.99,1734.99,5968.56,Electronics,Online,Low Value,Bronze,284,High,1
CUST104172,Christina Reese,Female,41,Patna,Bihar,2021-07-08,2025-05-24,24,4.84,168,7,4574.18,109780.32,109710.19,Beauty,Offline,Medium Value,Silver,396,High,0
CUST104173,Brandon Bean,Female,28,Lucknow,Uttar Pradesh,2021-01-23,2026-06-22,35,6.47,140,4,3737.12,130799.2,130809.12,Beauty,Offline,Medium Value,Gold,2,Low,0
CUST104174,Rickey Hall,Male,29,Lucknow,Uttar Pradesh,2019-02-01,2026-02-23,4,0.54,16,4,1500.6,6002.4,5985.64,Fashion,Offline,Low Value,Bronze,121,Medium,1
CUST104175,Bobby Flores,Female,26,Indore,Madhya Pradesh,2020-08-22,2025-05-31,2,0.5,18,9,375.73,751.46,1095.56,Beauty,Online,Low Value,Bronze,389,High,1
CUST104176,Karen Gonzalez,Female,48,Ahmedabad,Gujarat,2019-01-27,2026-04-11,14,1.89,28,2,4181.21,58536.94,58481.65,Grocery,Online,Medium Value,Silver,74,Low,1
CUST104177,Lisa Lopez MD,Female,55,Ahmedabad,Gujarat,2019-12-29,2025-06-15,11,1.7,11,1,1483.53,16318.83,16343.81,Grocery,Offline,Medium Value,Bronze,374,High,1
CUST104178,Sharon Brown,Male,35,Nagpur,Maharashtra,2020-10-16,2026-05-24,11,1.94,198,18,3280.79,36088.69,36158.3,Home & Kitchen,Online,Medium Value,Silver,31,Low,1
CUST104179,Aaron Thompson,Female,45,Patna,Bihar,2022-09-25,2024-08-07,34,9.09,306,9,4616.48,156960.32,156940.6,Home & Kitchen,Offline,Medium Value,Gold,686,High,0
CUST104180,Charles Weaver,Female,29,Jaipur,Rajasthan,2023-01-09,2025-12-07,43,12.46,172,4,4180.04,179741.72,179671.34,Home & Kitchen,Online,Medium Value,Gold,199,High,0
CUST104181,Melissa Warner,Male,49,Hyderabad,Telangana,2019-07-20,2025-11-18,22,3.18,308,14,2826.21,62176.62,62228.62,Beauty,Online,Medium Value,Silver,218,High,0
CUST104182,Cody Morris,Male,47,Lucknow,Uttar Pradesh,2019-09-05,2026-02-28,22,3.24,110,5,5629.54,123849.88,123945.13,Grocery,Online,Medium Value,Gold,116,Low,0
CUST104183,Carla Reid DDS,Male,37,Nagpur,Maharashtra,2021-03-06,2026-05-11,32,6.04,512,16,1323.52,42352.64,42328.58,Electronics,Online,Medium Value,Silver,44,Low,0
CUST104184,Katie Mitchell,Female,23,Bhopal,Madhya Pradesh,2022-01-19,2026-06-21,60,13.57,1320,22,7953.78,477226.8,477238.78,Electronics,Online,High Value,Gold,3,Low,0
CUST104185,Roger Moss,Male,49,Indore,Madhya Pradesh,2022-03-17,2026-02-07,56,13.13,280,5,6159.8,344948.8,344991.64,Beauty,Offline,High Value,Gold,137,Low,0
CUST104186,Mary Donaldson,Male,28,Indore,Madhya Pradesh,2019-07-28,2026-05-29,88,12.75,2200,25,5876.26,517110.88,517122.95,Home & Kitchen,Online,High Value,Gold,26,Low,0
CUST104187,Paul Brown,Male,52,Nagpur,Maharashtra,2020-09-11,2026-04-02,41,7.1,533,13,6529.24,267698.84,267801.63,Electronics,Online,High Value,Gold,83,Low,0
CUST104188,Gregory Quinn,Male,45,Vadodara,Gujarat,2022-12-14,2026-03-27,15,4.26,210,14,2102.86,31542.9,31540.65,Beauty,Offline,Medium Value,Bronze,89,Low,0
CUST104189,Sabrina Miller,Female,21,Vadodara,Gujarat,2021-04-28,2024-03-24,6,1.17,66,11,1180.03,7080.18,7110.13,Fashion,Online,Low Value,Bronze,822,High,1
CUST104190,Michelle Smith,Female,44,Kolkata,West Bengal,2019-05-26,2026-03-06,9,1.27,36,4,2389.34,21504.06,21467.62,Electronics,Offline,Medium Value,Bronze,110,Medium,1
CUST104191,Anita Chapman,Male,41,Surat,Gujarat,2023-10-13,2026-05-14,11,4.09,55,5,1308.85,14397.35,14407.1,Sports,Offline,Low Value,Bronze,41,Low,0
CUST104192,Heather Becker,Female,57,Hyderabad,Telangana,2020-04-18,2026-05-12,15,2.43,225,15,1577.13,23656.95,23671.33,Sports,Online,Medium Value,Bronze,43,Low,0
CUST104193,Andrea Baker,Male,40,Guwahati,Assam,2021-11-16,2026-05-14,5,1.09,15,3,1077.1,5385.5,5396.88,Electronics,Offline,Low Value,Bronze,41,Low,1
CUST104194,Joanne Harmon,Male,51,Madurai,Tamil Nadu,2024-04-09,2025-10-09,9,4.09,126,14,1927.57,17348.13,17353.99,Sports,Offline,Medium Value,Bronze,258,High,0
CUST104195,Mr. Phillip Edwards,Female,49,Bhopal,Madhya Pradesh,2021-03-29,2026-06-21,136,25.99,2312,17,5703.39,775661.04,775550.02,Electronics,Online,High Value,Platinum,3,Low,0
CUST104196,Mrs. Laurie Williams MD,Female,43,Mumbai,Maharashtra,2023-02-08,2026-05-06,85,25.24,1615,19,4241.69,360543.65,360531.46,Grocery,Online,High Value,Gold,49,Low,0
CUST104197,Joel Mclean,Female,37,Kochi,Kerala,2020-05-03,2026-03-27,35,5.7,385,11,3437.87,120325.45,120230.86,Fashion,Offline,Medium Value,Silver,89,Low,0
CUST104198,Valerie Ford,Male,32,Vadodara,Gujarat,2019-11-28,2026-03-20,30,4.57,510,17,5269.98,158099.4,158119.02,Home & Kitchen,Offline,Medium Value,Gold,96,Low,0
CUST104199,Jodi Thomas,Male,29,Ahmedabad,Gujarat,2024-03-16,2024-08-10,54,23.82,378,7,4729.38,255386.52,255379.53,Electronics,Offline,High Value,Gold,683,High,0
CUST104200,Jennifer Johnson,Female,49,Madurai,Tamil Nadu,2021-09-09,2026-03-16,13,2.72,52,4,2077.04,27001.52,27021.93,Beauty,Online,Medium Value,Bronze,100,Medium,0
CUST104201,Eugene Fritz,Male,52,Pune,Maharashtra,2020-07-02,2026-03-07,79,13.23,2054,26,7737.99,611301.21,611298.67,Grocery,Offline,High Value,Gold,109,Low,0
CUST104202,Jennifer Smith,Male,55,Madurai,Tamil Nadu,2024-03-12,2026-05-10,124,54.44,3720,30,4420.07,548088.68,548125.95,Home & Kitchen,Offline,High Value,Gold,45,Low,0
CUST104203,Mary Thompson,Female,59,Patna,Bihar,2020-04-16,2024-06-29,9,1.46,27,3,1703.86,15334.74,15378.73,Fashion,Online,Medium Value,Bronze,725,High,1
CUST104204,Catherine Davis,Female,47,Coimbatore,Tamil Nadu,2021-10-23,2025-12-21,91,19.52,2639,29,4379.17,398504.47,398562.14,Sports,Online,High Value,Gold,185,High,0
CUST104205,Chris Rogers,Female,23,Jaipur,Rajasthan,2020-06-22,2025-03-07,7,1.17,119,17,865.55,6058.85,6074.77,Grocery,Offline,Low Value,Bronze,474,High,1
CUST104206,James Torres,Female,32,Mumbai,Maharashtra,2023-10-09,2026-03-06,12,4.44,132,11,4598.51,55182.12,55173.06,Beauty,Online,Medium Value,Silver,110,Medium,0
CUST104207,Kirsten Perez,Female,41,Chennai,Tamil Nadu,2023-07-18,2025-12-24,63,21.51,1197,19,1811.18,114104.34,114128.89,Home & Kitchen,Online,Medium Value,Silver,182,High,0
CUST104208,Dr. Jeffrey Valentine,Male,35,Madurai,Tamil Nadu,2019-10-16,2026-06-03,118,17.66,1062,9,9280.76,1095129.68,1095347.18,Electronics,Online,High Value,Platinum,21,Low,0
CUST104209,Wayne Brown,Male,25,Visakhapatnam,Andhra Pradesh,2019-06-28,2026-05-21,66,9.45,726,11,13048.01,861168.66,861184.74,Grocery,Online,High Value,Platinum,34,Low,0
CUST104210,Andrea Morris,Male,40,Pune,Maharashtra,2020-08-11,2026-04-02,82,13.99,1394,17,17773.26,1457407.32,1457509.02,Sports,Online,High Value,Platinum,83,Low,0
CUST104211,Dylan Young,Female,50,Pune,Maharashtra,2021-05-20,2026-02-03,15,2.95,210,14,3503.68,52555.2,52606.04,Sports,Online,Medium Value,Silver,141,Medium,0
CUST104212,Regina Butler,Male,43,Madurai,Tamil Nadu,2022-10-05,2026-03-10,28,7.54,280,10,6479.78,181433.84,181384.88,Electronics,Offline,Medium Value,Gold,106,Low,0
CUST104213,Eric Moore,Male,52,Visakhapatnam,Andhra Pradesh,2021-05-30,2026-02-20,21,4.15,294,14,7983.91,167662.11,167729.87,Home & Kitchen,Online,Medium Value,Gold,124,Low,0
CUST104214,Melinda Patterson,Male,32,Chennai,Tamil Nadu,2020-01-01,2026-03-18,11,1.7,132,12,4019.73,44217.03,44228.59,Beauty,Online,Medium Value,Silver,98,Medium,1
CUST104215,Carl Campbell,Male,53,Kolkata,West Bengal,2023-01-21,2026-05-24,11,3.22,55,5,329.13,3620.43,3621.16,Home & Kitchen,Online,Low Value,Bronze,31,Low,0
CUST104216,Renee Shields,Male,41,Nagpur,Maharashtra,2021-02-03,2026-04-23,40,7.44,520,13,7391.97,295678.8,295873.09,Fashion,Offline,High Value,Gold,62,Low,0
CUST104217,Wesley Brown,Female,29,Bengaluru,Karnataka,2020-03-18,2026-06-11,23,3.67,276,12,2716.03,62468.69,62413.22,Beauty,Offline,Medium Value,Silver,13,Low,0
CUST104218,Jason Clark,Female,33,Guwahati,Assam,2019-06-05,2025-05-29,12,1.7,168,14,2556.8,30681.6,30631.2,Sports,Offline,Medium Value,Bronze,391,High,1
CUST104219,David Wiggins,Female,46,Pune,Maharashtra,2021-05-22,2026-03-27,27,5.31,324,12,4330.01,116910.27,116897.47,Home & Kitchen,Online,Medium Value,Silver,89,Low,0
CUST104220,Thomas Kaufman,Female,28,Jaipur,Rajasthan,2020-12-02,2025-07-16,14,2.52,154,11,3141.49,43980.86,43955.57,Sports,Offline,Medium Value,Silver,343,High,0
CUST104221,Kristen Ray,Male,37,Jaipur,Rajasthan,2020-01-01,2024-07-09,16,2.47,64,4,3714.4,59430.4,59380.37,Sports,Online,Medium Value,Silver,715,High,0
CUST104222,Cory Martinez,Female,44,Visakhapatnam,Andhra Pradesh,2021-03-08,2026-04-27,10,1.89,40,4,2600.1,26001.0,25993.74,Beauty,Offline,Medium Value,Bronze,58,Low,1
CUST104223,Mark Maddox,Female,64,Kochi,Kerala,2023-09-28,2024-06-06,5,1.83,25,5,200.0,1000.0,1000.05,Beauty,Online,Low Value,Bronze,748,High,1
CUST104224,Kevin Young,Male,33,Bengaluru,Karnataka,2019-05-21,2026-04-05,7,0.99,77,11,1461.9,10233.3,10258.76,Electronics,Online,Low Value,Bronze,80,Low,1
CUST104225,Katherine Harrison,Female,35,Jaipur,Rajasthan,2024-04-12,2026-06-03,1,0.5,7,7,1051.94,1051.94,1153.46,Home & Kitchen,Online,Low Value,Bronze,21,Low,1
CUST104226,Jorge Davis,Male,39,Guwahati,Assam,2024-02-04,2026-06-10,35,14.71,245,7,2098.0,73430.0,73425.63,Electronics,Online,Medium Value,Silver,14,Low,0
CUST104227,Loretta Miller,Female,39,Delhi,Delhi,2021-11-15,2026-06-01,60,13.04,1140,19,5228.76,313725.6,313613.94,Sports,Offline,High Value,Gold,23,Low,0
CUST104228,Lance Macdonald DVM,Male,25,Ahmedabad,Gujarat,2020-04-30,2025-12-31,32,5.21,160,5,2537.0,81184.0,81206.5,Grocery,Offline,Medium Value,Silver,175,Medium,0
CUST104229,Jerry Waters,Male,43,Delhi,Delhi,2020-06-14,2026-02-05,28,4.65,616,22,12152.46,340268.88,340213.98,Home & Kitchen,Offline,High Value,Gold,139,Low,0
CUST104230,Desiree Thomas,Female,35,Vadodara,Gujarat,2022-06-02,2026-06-21,2,0.5,12,6,1627.73,3255.46,3300.02,Home & Kitchen,Offline,Low Value,Bronze,3,Low,1
CUST104231,Amy Wright,Female,37,Bhopal,Madhya Pradesh,2019-10-21,2026-06-12,22,3.3,132,6,2943.64,64760.08,64786.68,Fashion,Online,Medium Value,Silver,12,Low,0
CUST104232,Erin Summers,Male,30,Chandigarh,Chandigarh,2022-04-09,2026-05-29,18,4.28,108,6,2856.23,51412.14,51375.39,Grocery,Online,Medium Value,Silver,26,Low,0
CUST104233,Mr. Don Flores,Female,27,Bhopal,Madhya Pradesh,2021-07-23,2026-01-28,9,1.83,99,11,502.53,4522.77,4519.47,Sports,Offline,Low Value,Bronze,147,Medium,1
CUST104234,Miss Kimberly Holloway,Male,39,Visakhapatnam,Andhra Pradesh,2019-06-10,2026-05-09,40,5.69,680,17,12005.75,480230.0,480480.14,Beauty,Offline,High Value,Gold,46,Low,0
CUST104235,Tina Harper,Female,23,Vadodara,Gujarat,2023-03-25,2025-02-22,38,11.71,722,19,4179.02,158802.76,158766.72,Beauty,Online,Medium Value,Gold,487,High,0
CUST104236,Nicholas Moss,Male,25,Delhi,Delhi,2023-02-15,2026-05-18,91,27.18,2275,25,6184.02,562745.82,562803.22,Grocery,Offline,High Value,Gold,37,Low,0
CUST104237,Robert Campbell,Male,28,Chandigarh,Chandigarh,2020-08-06,2026-05-17,11,1.87,33,3,245.28,2698.08,2694.9,Fashion,Online,Low Value,Bronze,38,Low,1
CUST104238,Jenny Cardenas,Male,47,Visakhapatnam,Andhra Pradesh,2020-03-26,2025-10-20,4,0.64,8,2,1890.96,7563.84,7551.21,Electronics,Offline,Low Value,Bronze,247,High,1
CUST104239,Dean Thomas,Female,43,Indore,Madhya Pradesh,2021-12-25,2026-05-24,23,5.12,322,14,4005.0,92115.0,92071.69,Sports,Online,Medium Value,Silver,31,Low,0
CUST104240,Matthew Farmer,Female,43,Kochi,Kerala,2023-12-03,2025-04-15,53,20.77,53,1,6997.13,370847.89,370836.2,Fashion,Online,High Value,Gold,435,High,0
CUST104241,John Browning,Male,24,Guwahati,Assam,2021-04-03,2026-05-05,26,4.98,546,21,2865.94,74514.44,74478.19,Grocery,Offline,Medium Value,Silver,50,Low,0
CUST104242,Mario Peters,Male,24,Kanpur,Uttar Pradesh,2023-09-26,2026-02-28,2,0.73,10,5,200.0,400.0,399.73,Electronics,Online,Low Value,Bronze,116,Medium,1
CUST104243,Olivia Rodriguez,Female,53,Nagpur,Maharashtra,2020-01-03,2026-05-06,25,3.87,200,8,895.77,22394.25,22418.01,Grocery,Offline,Medium Value,Bronze,49,Low,0
CUST104244,Donald Mccarthy,Female,49,Kanpur,Uttar Pradesh,2021-01-19,2026-02-20,16,2.95,160,10,1598.52,25576.32,25563.19,Fashion,Offline,Medium Value,Bronze,124,Medium,0
CUST104245,Christopher Anderson,Other,29,Ahmedabad,Gujarat,2023-03-21,2026-03-24,11,3.38,33,3,1700.27,18702.97,18707.95,Fashion,Online,Medium Value,Bronze,92,Medium,0
CUST104246,Becky Parrish,Female,47,Vadodara,Gujarat,2022-02-09,2026-06-12,9,2.06,90,10,2939.04,26451.36,26422.31,Electronics,Online,Medium Value,Bronze,12,Low,0
CUST104247,Jackie Stewart,Female,49,Jaipur,Rajasthan,2022-08-03,2026-05-25,31,7.98,930,30,13213.03,409603.93,409635.4,Fashion,Online,High Value,Gold,30,Low,0
CUST104248,Krista Fuller,Male,34,Madurai,Tamil Nadu,2021-11-03,2026-04-18,24,5.18,360,15,3965.67,95176.08,95160.45,Grocery,Online,Medium Value,Silver,67,Low,0
CUST104249,Jennifer Nguyen,Other,36,Lucknow,Uttar Pradesh,2024-04-25,2024-07-30,5,2.32,25,5,677.99,3389.95,3393.5,Electronics,Online,Low Value,Bronze,694,High,0
CUST104250,Amanda Campbell,Male,41,Ranchi,Jharkhand,2024-02-02,2026-01-13,14,5.87,224,16,4799.74,67196.36,67186.77,Fashion,Offline,Medium Value,Silver,162,Medium,0
CUST104251,Laura Ware,Male,53,Vadodara,Gujarat,2020-01-03,2026-03-14,81,12.53,2187,27,11273.77,913175.37,913502.86,Grocery,Offline,High Value,Platinum,102,Medium,0
CUST104252,Mitchell Anderson,Male,34,Delhi,Delhi,2019-05-01,2026-05-17,13,1.82,195,15,3538.54,46001.02,46002.28,Electronics,Offline,Medium Value,Silver,38,Low,1
CUST104253,Barry Hernandez,Male,38,Guwahati,Assam,2021-10-17,2026-02-19,10,2.14,190,19,6100.86,61008.6,61088.11,Grocery,Online,Medium Value,Silver,125,Medium,0
CUST104254,Teresa Young,Male,61,Chandigarh,Chandigarh,2020-11-09,2026-06-21,113,20.12,3277,29,7656.36,865168.68,865019.22,Home & Kitchen,Offline,High Value,Platinum,3,Low,0
CUST104255,Valerie Morgan,Male,35,Ranchi,Jharkhand,2024-03-15,2026-01-14,15,6.61,195,13,2175.13,32626.95,32632.55,Electronics,Online,Medium Value,Bronze,161,Medium,0
CUST104256,Paul Vasquez,Female,41,Coimbatore,Tamil Nadu,2021-07-23,2026-02-09,7,1.42,7,1,747.05,5229.35,5213.29,Fashion,Online,Low Value,Bronze,135,Medium,1
CUST104257,Kelly May,Female,33,Jaipur,Rajasthan,2024-02-15,2026-02-20,37,15.75,333,9,5740.34,212392.58,212380.79,Grocery,Offline,Medium Value,Gold,124,Low,0
CUST104258,Christopher Carson,Male,40,Vadodara,Gujarat,2019-11-09,2025-10-16,19,2.87,38,2,5204.07,98877.33,98835.16,Sports,Offline,Medium Value,Silver,251,High,0
CUST104259,Joan Wilson,Male,46,Kochi,Kerala,2021-04-02,2026-04-25,32,6.13,384,12,2897.69,92726.08,92741.23,Sports,Online,Medium Value,Silver,60,Low,0
CUST104260,Debbie Allen,Male,42,Hyderabad,Telangana,2023-01-25,2026-05-19,72,21.14,2160,30,8661.08,623597.76,623601.55,Sports,Online,High Value,Gold,36,Low,0
CUST104261,Kristin Williams,Female,39,Chandigarh,Chandigarh,2023-04-23,2026-03-05,6,1.9,6,1,2247.42,13484.52,13514.67,Sports,Offline,Low Value,Bronze,111,Medium,1
CUST104262,Courtney Williams,Female,38,Hyderabad,Telangana,2022-01-24,2025-04-19,25,5.67,125,5,4375.42,109385.5,109354.95,Grocery,Online,Medium Value,Silver,431,High,0
CUST104263,David Hernandez,Female,18,Vadodara,Gujarat,2022-09-24,2026-02-25,45,12.02,405,9,3457.66,155594.7,155548.22,Home & Kitchen,Offline,Medium Value,Gold,119,Low,0
CUST104264,Kathryn Morris,Female,26,Hyderabad,Telangana,2019-08-28,2025-12-19,20,2.93,180,9,4096.78,81935.6,81831.29,Grocery,Offline,Medium Value,Silver,187,High,0
CUST104265,Meagan Smith,Male,36,Coimbatore,Tamil Nadu,2022-09-27,2026-04-10,14,3.75,182,13,3763.25,52685.5,52700.95,Fashion,Offline,Medium Value,Silver,75,Low,0
CUST104266,Katherine Caldwell,Female,46,Kanpur,Uttar Pradesh,2022-09-13,2026-06-16,73,19.35,438,6,2958.51,215971.23,215979.73,Electronics,Online,Medium Value,Gold,8,Low,0
CUST104267,Krista Williams,Male,29,Chandigarh,Chandigarh,2019-01-27,2026-06-19,80,10.81,2480,31,5460.49,436839.2,436830.68,Beauty,Online,High Value,Gold,5,Low,0
CUST104268,Christine Aguilar,Female,39,Ahmedabad,Gujarat,2020-09-01,2026-02-03,1,0.5,2,2,1457.17,1457.17,4228.88,Beauty,Online,Low Value,Bronze,141,Medium,1
CUST104269,Michael Perkins,Female,35,Chennai,Tamil Nadu,2019-04-10,2026-03-20,4,0.56,24,6,2113.58,8454.32,8522.6,Beauty,Online,Low Value,Bronze,96,Medium,1
CUST104270,Steven Martin,Female,42,Lucknow,Uttar Pradesh,2023-05-10,2026-06-12,19,6.09,95,5,3328.68,63244.92,63215.39,Sports,Offline,Medium Value,Silver,12,Low,0
CUST104271,Joshua Herman,Female,18,Bengaluru,Karnataka,2024-01-18,2026-03-04,2,0.82,8,4,449.91,899.82,894.92,Home & Kitchen,Online,Low Value,Bronze,112,Medium,1
CUST104272,Diana Hawkins,Female,47,Hyderabad,Telangana,2020-12-27,2026-03-02,200,36.47,7200,36,7046.0,1409200.0,1409188.62,Electronics,Offline,High Value,Platinum,114,Medium,0
CUST104273,Caitlin Harris,Female,18,Chennai,Tamil Nadu,2021-08-12,2025-08-15,16,3.29,208,13,1263.93,20222.88,20208.17,Sports,Online,Medium Value,Bronze,313,High,0
CUST104274,Felicia Murphy,Female,41,Kochi,Kerala,2019-01-05,2025-08-02,12,1.61,168,14,200.0,2400.0,2402.33,Beauty,Offline,Low Value,Bronze,326,High,1
CUST104275,Bryan Mitchell,Male,52,Nagpur,Maharashtra,2019-07-29,2026-02-13,25,3.62,500,20,4130.62,103265.5,103165.42,Home & Kitchen,Offline,Medium Value,Silver,131,Medium,0
CUST104276,Larry Curtis,Female,63,Visakhapatnam,Andhra Pradesh,2021-08-23,2025-10-04,37,7.66,370,10,1513.48,55998.76,55990.43,Sports,Online,Medium Value,Silver,263,High,0
CUST104277,Jennifer Lopez,Male,41,Mumbai,Maharashtra,2021-01-12,2025-03-15,40,7.35,680,17,2436.66,97466.4,97429.37,Beauty,Offline,Medium Value,Silver,466,High,0
CUST104278,Robert Newton,Male,18,Mumbai,Maharashtra,2021-06-21,2026-05-05,56,11.2,728,13,13483.56,755079.36,755389.45,Electronics,Online,High Value,Platinum,50,Low,0
CUST104279,Christina Hudson,Male,18,Pune,Maharashtra,2020-05-22,2026-06-05,29,4.77,348,12,941.34,27298.86,27316.1,Sports,Online,Medium Value,Bronze,19,Low,0
CUST104280,Sandra Craig,Female,42,Patna,Bihar,2021-10-20,2026-02-17,56,11.99,1568,28,4031.85,225783.6,225793.98,Beauty,Online,Medium Value,Gold,127,Low,0
CUST104281,Sabrina Ward,Male,49,Hyderabad,Telangana,2022-08-03,2025-12-02,5,1.29,20,4,3046.62,15233.1,15268.63,Grocery,Offline,Medium Value,Bronze,204,High,1
CUST104282,Mark Knight,Male,43,Kanpur,Uttar Pradesh,2020-01-15,2025-12-18,20,3.11,180,9,3188.16,63763.2,63793.75,Grocery,Online,Medium Value,Silver,188,High,0
CUST104283,Darlene Dixon,Male,63,Kanpur,Uttar Pradesh,2020-07-09,2026-03-27,98,16.46,1470,15,6176.23,605270.54,605093.67,Electronics,Online,High Value,Gold,89,Low,0
CUST104284,Daniel White,Female,19,Surat,Gujarat,2021-09-24,2025-07-03,30,6.33,330,11,3002.28,90068.4,90118.21,Home & Kitchen,Online,Medium Value,Silver,356,High,0
CUST104285,Jonathan Cortez,Female,24,Coimbatore,Tamil Nadu,2024-03-03,2026-06-07,40,17.37,840,21,4064.85,162594.0,162573.63,Home & Kitchen,Offline,Medium Value,Gold,17,Low,0
CUST104286,Judith Myers,Male,33,Kolkata,West Bengal,2024-03-17,2026-05-10,2,0.88,10,5,734.31,1468.62,1463.11,Electronics,Online,Low Value,Bronze,45,Low,1
CUST104287,Tammie Castillo,Male,21,Madurai,Tamil Nadu,2019-08-18,2026-04-09,26,3.8,208,8,4418.46,114879.96,114922.3,Electronics,Offline,Medium Value,Silver,76,Low,0
CUST104288,Rebecca Estrada,Male,29,Chandigarh,Chandigarh,2023-09-07,2026-06-05,33,11.83,495,15,4924.7,162515.1,162535.59,Electronics,Online,Medium Value,Gold,19,Low,0
CUST104289,Angela Rodriguez,Female,39,Hyderabad,Telangana,2023-05-17,2026-02-17,16,5.16,64,4,275.7,4411.2,4409.03,Electronics,Online,Low Value,Bronze,127,Medium,0
CUST104290,Andre Williams,Male,37,Vadodara,Gujarat,2021-01-01,2026-06-20,17,3.11,102,6,3330.76,56622.92,56664.23,Home & Kitchen,Online,Medium Value,Silver,4,Low,0
CUST104291,Donald Smith,Male,56,Nagpur,Maharashtra,2024-05-07,2026-06-17,106,49.89,1060,10,5362.73,568449.38,568422.07,Electronics,Online,High Value,Gold,7,Low,0
CUST104292,Nicholas Ali,Female,18,Chandigarh,Chandigarh,2019-03-03,2025-05-19,30,4.11,180,6,1094.31,32829.3,32853.21,Grocery,Offline,Medium Value,Bronze,401,High,0
CUST104293,Jacob Brewer,Female,52,Ahmedabad,Gujarat,2019-12-02,2026-04-14,2,0.5,10,5,295.68,591.36,969.0,Electronics,Online,Low Value,Bronze,71,Low,1
CUST104294,Natalie Watson,Female,18,Nashik,Maharashtra,2019-12-27,2026-03-22,43,6.63,473,11,3402.56,146310.08,146316.79,Home & Kitchen,Offline,Medium Value,Gold,94,Low,0
CUST104295,Matthew Evans,Female,51,Nashik,Maharashtra,2019-05-13,2025-11-08,44,6.19,352,8,2636.95,116025.8,116057.78,Fashion,Online,Medium Value,Silver,228,High,0
CUST104296,Bryan Thomas,Female,50,Kochi,Kerala,2019-08-05,2026-02-05,89,12.94,2492,28,5779.64,514387.96,514561.55,Grocery,Online,High Value,Gold,139,Low,0
CUST104297,Timothy Lucero,Female,18,Delhi,Delhi,2019-11-06,2026-04-26,158,23.85,632,4,4122.36,651332.88,651417.53,Beauty,Online,High Value,Gold,59,Low,0
CUST104298,Barbara Fields,Female,31,Indore,Madhya Pradesh,2023-05-27,2026-06-02,21,6.84,210,10,6942.73,145797.33,145877.73,Beauty,Offline,Medium Value,Gold,22,Low,0
CUST104299,Rebecca Beard,Male,43,Mumbai,Maharashtra,2019-03-14,2025-08-10,44,6.05,132,3,4921.45,216543.8,216595.68,Grocery,Online,Medium Value,Gold,318,High,0
CUST104300,Carrie Rodriguez,Male,64,Bhopal,Madhya Pradesh,2023-01-04,2026-04-13,58,16.75,1276,22,8530.23,494753.34,494852.6,Sports,Offline,High Value,Gold,72,Low,0
CUST104301,Jordan Tanner,Male,49,Kochi,Kerala,2021-10-30,2026-03-10,4,0.86,16,4,1360.07,5440.28,5431.19,Electronics,Offline,Low Value,Bronze,106,Medium,1
CUST104302,Denise Johnson,Female,40,Lucknow,Uttar Pradesh,2019-08-24,2024-09-24,1,0.5,8,8,318.03,318.03,1085.79,Fashion,Online,Low Value,Bronze,638,High,1
CUST104303,Amy Holt,Other,45,Ahmedabad,Gujarat,2022-07-05,2025-12-28,15,3.78,210,14,1793.02,26895.3,26869.23,Grocery,Online,Medium Value,Bronze,178,Medium,0
CUST104304,James Bennett,Male,45,Lucknow,Uttar Pradesh,2020-11-20,2024-07-04,5,0.9,30,6,1239.22,6196.1,6229.18,Home & Kitchen,Offline,Low Value,Bronze,720,High,1
CUST104305,Jeffrey Owens,Male,45,Bhopal,Madhya Pradesh,2023-03-02,2026-04-23,94,28.42,2256,24,2266.98,213096.12,213082.84,Electronics,Online,Medium Value,Gold,62,Low,0
CUST104306,Adam Merritt,Female,40,Pune,Maharashtra,2022-12-27,2026-04-28,12,3.44,24,2,4167.65,50011.8,49967.53,Fashion,Online,Medium Value,Silver,57,Low,0
CUST104307,Tina Walter,Male,31,Indore,Madhya Pradesh,2023-02-23,2026-05-05,24,7.21,24,1,311.41,7473.84,7468.85,Electronics,Online,Low Value,Bronze,50,Low,0
CUST104308,Michelle Harris,Male,43,Vadodara,Gujarat,2019-05-11,2026-01-20,17,2.39,34,2,1466.05,24922.85,24932.32,Beauty,Online,Medium Value,Bronze,155,Medium,0
CUST104309,Michael Richmond,Female,39,Surat,Gujarat,2022-01-30,2025-10-16,2,0.5,14,7,1399.27,2798.54,3072.46,Sports,Online,Low Value,Bronze,251,High,1
CUST104310,Michael Patrick,Female,30,Indore,Madhya Pradesh,2023-01-20,2026-06-12,11,3.22,33,3,3462.11,38083.21,38121.41,Home & Kitchen,Online,Medium Value,Silver,12,Low,0
CUST104311,Amanda Hart DVM,Male,34,Nagpur,Maharashtra,2022-12-30,2026-06-09,1,0.5,6,6,826.39,826.39,1436.71,Beauty,Online,Low Value,Bronze,15,Low,1
CUST104312,Michele Conner,Female,41,Coimbatore,Tamil Nadu,2019-09-24,2026-03-01,73,10.83,1606,22,6767.1,493998.3,494202.84,Fashion,Offline,High Value,Gold,115,Low,0
CUST104313,Natalie Mitchell,Male,42,Surat,Gujarat,2019-08-07,2026-05-28,5,0.73,35,7,1637.48,8187.4,8217.8,Sports,Online,Low Value,Bronze,27,Low,1
CUST104314,Jacob Hoover,Female,32,Indore,Madhya Pradesh,2023-05-27,2026-02-15,1,0.5,1,1,438.69,438.69,673.8,Beauty,Online,Low Value,Bronze,129,Medium,1
CUST104315,Jacqueline Winters,Male,39,Bengaluru,Karnataka,2020-11-21,2026-06-04,69,12.36,2277,33,10602.41,731566.29,731560.19,Beauty,Online,High Value,Platinum,20,Low,0
CUST104316,Kimberly Flores,Female,38,Coimbatore,Tamil Nadu,2020-01-11,2026-04-25,6,0.93,54,9,600.52,3603.12,3599.37,Electronics,Online,Low Value,Bronze,60,Low,1
CUST104317,Jennifer Carpenter,Female,23,Mumbai,Maharashtra,2023-02-01,2026-05-21,113,33.37,2034,18,1764.4,199377.2,199403.48,Fashion,Online,Medium Value,Gold,34,Low,0
CUST104318,William Saunders,Male,55,Mumbai,Maharashtra,2024-04-25,2025-09-17,17,7.88,68,4,3414.13,58040.21,58041.99,Electronics,Online,Medium Value,Silver,280,High,0
CUST104319,Michael Preston,Male,23,Pune,Maharashtra,2024-05-18,2026-05-03,14,6.68,210,15,5224.89,73148.46,73101.25,Home & Kitchen,Online,Medium Value,Silver,52,Low,0
CUST104320,Jennifer Ali,Male,32,Indore,Madhya Pradesh,2023-12-17,2025-08-22,43,17.11,344,8,1789.73,76958.39,76964.42,Electronics,Online,Medium Value,Silver,306,High,0
CUST104321,David Taylor,Female,18,Delhi,Delhi,2022-12-06,2023-10-30,5,1.41,30,6,200.0,1000.0,999.06,Fashion,Offline,Low Value,Bronze,968,High,1
CUST104322,Maria Hayes,Female,38,Delhi,Delhi,2021-01-16,2025-12-13,13,2.39,26,2,3893.99,50621.87,50527.2,Electronics,Online,Medium Value,Silver,193,High,0
CUST104323,Melanie Preston,Male,34,Surat,Gujarat,2023-09-05,2026-01-28,48,17.17,240,5,7059.61,338861.28,338833.64,Sports,Offline,High Value,Gold,147,Low,0
CUST104324,Thomas Mcgrath,Female,48,Bengaluru,Karnataka,2021-11-02,2026-06-09,9,1.94,9,1,950.75,8556.75,8549.38,Electronics,Offline,Low Value,Bronze,15,Low,1
CUST104325,Glenn Chen,Female,41,Visakhapatnam,Andhra Pradesh,2019-05-05,2024-10-02,5,0.7,65,13,1202.36,6011.8,6002.75,Electronics,Offline,Low Value,Bronze,630,High,1
CUST104326,Sarah Berry,Female,30,Ahmedabad,Gujarat,2020-12-07,2026-04-02,98,17.69,1078,11,11416.49,1118816.02,1118577.53,Home & Kitchen,Online,High Value,Platinum,83,Low,0
CUST104327,Rebecca Summers,Female,55,Guwahati,Assam,2021-04-04,2025-05-13,1,0.5,8,8,1229.15,1229.15,3205.38,Home & Kitchen,Offline,Low Value,Bronze,407,High,1
CUST104328,Rodney Gilmore,Male,24,Coimbatore,Tamil Nadu,2019-02-07,2026-01-11,30,4.07,780,26,12297.66,368929.8,368894.11,Fashion,Online,High Value,Gold,164,Low,0
CUST104329,Kimberly Stone DDS,Male,46,Indore,Madhya Pradesh,2021-12-01,2026-05-07,5,1.1,15,3,1040.84,5204.2,5216.03,Electronics,Online,Low Value,Bronze,48,Low,1
CUST104330,Joshua Dunlap,Female,19,Nagpur,Maharashtra,2019-01-25,2026-05-27,31,4.19,186,6,3790.51,117505.81,117622.04,Home & Kitchen,Offline,Medium Value,Silver,28,Low,0
CUST104331,Melinda French,Female,57,Nagpur,Maharashtra,2019-01-17,2026-05-02,76,10.23,1672,22,8595.44,653253.44,653135.54,Electronics,Online,High Value,Gold,53,Low,0
CUST104332,Gabriel Copeland MD,Female,28,Chandigarh,Chandigarh,2019-03-15,2024-12-19,28,3.85,476,17,2637.19,73841.32,73831.21,Grocery,Offline,Medium Value,Silver,552,High,0
CUST104333,Kelly Weiss,Male,44,Coimbatore,Tamil Nadu,2023-04-17,2025-09-23,32,10.06,416,13,3238.89,103644.48,103659.73,Grocery,Online,Medium Value,Silver,274,High,0
CUST104334,Gregory Russell,Female,28,Jaipur,Rajasthan,2023-05-07,2024-06-07,70,22.39,490,7,4707.93,329555.1,329579.33,Sports,Online,High Value,Gold,747,High,0
CUST104335,Ashley Bowman,Female,31,Kanpur,Uttar Pradesh,2023-10-17,2026-05-14,90,33.58,2340,26,6765.83,608924.7,608967.68,Fashion,Online,High Value,Gold,41,Low,0
CUST104336,Ruben Woodard,Female,31,Ahmedabad,Gujarat,2020-03-27,2025-07-03,20,3.21,360,18,2918.7,58374.0,58432.97,Electronics,Online,Medium Value,Silver,356,High,0
CUST104337,Aaron Leon,Female,43,Pune,Maharashtra,2024-05-15,2025-09-08,6,2.85,24,4,1553.09,9318.54,9307.06,Fashion,Online,Low Value,Bronze,289,High,0
CUST104338,Ashley Thomas,Male,37,Pune,Maharashtra,2022-07-11,2026-06-06,10,2.53,160,16,3578.21,35782.1,35740.56,Electronics,Offline,Medium Value,Silver,18,Low,0
CUST104339,Travis Allen,Female,33,Indore,Madhya Pradesh,2021-09-09,2026-03-31,23,4.81,115,5,2232.76,51353.48,51367.66,Home & Kitchen,Online,Medium Value,Silver,85,Low,0
CUST104340,Roger Weaver,Female,34,Bengaluru,Karnataka,2024-05-19,2026-04-22,7,3.35,56,8,2860.45,20023.15,20043.9,Beauty,Online,Medium Value,Bronze,63,Low,0
CUST104341,Robert Johnson,Male,55,Guwahati,Assam,2023-03-28,2026-06-20,51,15.76,1683,33,10476.39,534295.89,534312.24,Fashion,Offline,High Value,Gold,4,Low,0
CUST104342,Bryan Lopez,Male,38,Coimbatore,Tamil Nadu,2023-01-26,2023-04-28,14,4.11,84,6,740.85,10371.9,10362.22,Sports,Online,Low Value,Bronze,1153,High,0
CUST104343,Andrea King,Male,46,Madurai,Tamil Nadu,2020-03-25,2026-05-20,15,2.4,75,5,2247.5,33712.5,33670.97,Fashion,Offline,Medium Value,Bronze,35,Low,0
CUST104344,Jennifer Howard,Male,40,Vadodara,Gujarat,2023-09-22,2026-04-29,22,8.0,308,14,3000.79,66017.38,65988.62,Home & Kitchen,Online,Medium Value,Silver,56,Low,0
CUST104345,Michael Evans,Female,40,Kolkata,West Bengal,2021-09-07,2026-06-13,17,3.55,238,14,1885.75,32057.75,32056.2,Electronics,Online,Medium Value,Bronze,11,Low,0
CUST104346,Daniel Patterson,Female,28,Nagpur,Maharashtra,2023-11-19,2025-10-07,1,0.5,7,7,1919.21,1919.21,2485.38,Electronics,Offline,Low Value,Bronze,260,High,1
CUST104347,Karen Mendez,Male,42,Ahmedabad,Gujarat,2023-02-16,2026-06-08,14,4.18,126,9,646.82,9055.48,9045.67,Fashion,Online,Low Value,Bronze,16,Low,0
CUST104348,John Johnson,Male,49,Chennai,Tamil Nadu,2024-03-09,2025-01-05,4,1.75,36,9,1447.3,5789.2,5790.19,Fashion,Online,Low Value,Bronze,535,High,1
CUST104349,Andre Haynes,Female,38,Coimbatore,Tamil Nadu,2023-09-23,2026-04-29,8,2.91,80,10,7001.37,56010.96,55948.28,Electronics,Offline,Medium Value,Silver,56,Low,0
CUST104350,Janet Ryan,Male,28,Lucknow,Uttar Pradesh,2022-09-11,2026-06-14,6,1.59,36,6,1845.64,11073.84,11087.48,Home & Kitchen,Online,Low Value,Bronze,10,Low,1
CUST104351,Michael Oliver,Female,46,Ahmedabad,Gujarat,2019-07-14,2025-09-08,10,1.44,50,5,3252.75,32527.5,32508.8,Home & Kitchen,Offline,Medium Value,Bronze,289,High,1
CUST104352,Wesley Henry,Male,33,Bengaluru,Karnataka,2022-02-27,2026-06-18,20,4.64,220,11,1755.4,35108.0,35144.72,Electronics,Online,Medium Value,Silver,6,Low,0
CUST104353,Andrew Freeman,Male,41,Surat,Gujarat,2020-05-23,2025-10-16,4,0.66,4,1,2342.55,9370.2,9401.37,Sports,Offline,Low Value,Bronze,251,High,1
CUST104354,Karen Stephens,Female,37,Delhi,Delhi,2024-04-25,2026-04-14,13,6.03,117,9,1767.22,22973.86,22990.26,Grocery,Offline,Medium Value,Bronze,71,Low,0
CUST104355,Nathaniel Baldwin,Male,44,Vadodara,Gujarat,2022-07-08,2026-06-11,14,3.54,168,12,1184.75,16586.5,16592.34,Grocery,Online,Medium Value,Bronze,13,Low,0
CUST104356,Jordan Curry,Female,45,Bhopal,Madhya Pradesh,2020-08-31,2026-06-13,15,2.58,240,16,5668.8,85032.0,84930.03,Electronics,Online,Medium Value,Silver,11,Low,0
CUST104357,William Johnson,Female,29,Chandigarh,Chandigarh,2023-12-17,2026-04-24,40,15.92,560,14,6652.64,266105.6,266188.66,Sports,Offline,High Value,Gold,61,Low,0
CUST104358,Richard Bond,Female,22,Lucknow,Uttar Pradesh,2022-03-15,2026-05-26,22,5.15,352,16,1957.64,43068.08,43060.04,Sports,Offline,Medium Value,Silver,29,Low,0
CUST104359,Jason Smith,Male,42,Surat,Gujarat,2019-02-19,2026-06-18,82,11.18,1558,19,9648.38,791167.16,791481.51,Electronics,Online,High Value,Platinum,6,Low,0
CUST104360,Scott Norman,Male,26,Indore,Madhya Pradesh,2022-12-23,2026-04-12,52,14.87,1196,23,11174.45,581071.4,580948.72,Electronics,Offline,High Value,Gold,73,Low,0
CUST104361,Jill Shaw,Male,28,Jaipur,Rajasthan,2019-02-09,2026-01-05,28,3.8,56,2,2267.34,63485.52,63454.48,Electronics,Offline,Medium Value,Silver,170,Medium,0
CUST104362,Michael Price,Female,54,Patna,Bihar,2019-09-22,2026-06-12,2,0.5,4,2,2200.58,4401.16,7425.64,Fashion,Online,Low Value,Bronze,12,Low,1
CUST104363,Martha Williams,Male,27,Bhopal,Madhya Pradesh,2024-02-18,2026-03-24,13,5.55,52,4,3376.06,43888.78,43861.05,Home & Kitchen,Online,Medium Value,Silver,92,Medium,0
CUST104364,Melissa Henry,Female,28,Vadodara,Gujarat,2020-07-02,2026-04-19,22,3.68,154,7,2533.48,55736.56,55671.22,Sports,Online,Medium Value,Silver,66,Low,0
CUST104365,Elaine Martin,Male,18,Mumbai,Maharashtra,2022-11-10,2025-11-30,18,4.98,36,2,593.3,10679.4,10677.94,Grocery,Online,Low Value,Bronze,206,High,0
CUST104366,Gary Rodriguez,Female,45,Kanpur,Uttar Pradesh,2019-07-24,2026-03-20,60,8.68,1080,18,15800.46,948027.6,948114.12,Beauty,Offline,High Value,Platinum,96,Medium,0
CUST104367,Ryan Gonzalez,Female,29,Nagpur,Maharashtra,2019-07-18,2026-06-11,16,2.31,192,12,3178.78,50860.48,50883.19,Beauty,Offline,Medium Value,Silver,13,Low,0
CUST104368,Mr. Reginald Roman,Female,43,Coimbatore,Tamil Nadu,2020-04-02,2026-05-23,110,17.68,1980,18,2860.11,314612.1,314545.23,Home & Kitchen,Offline,High Value,Gold,32,Low,0
CUST104369,Patricia Williams,Male,43,Kolkata,West Bengal,2022-05-27,2026-05-02,79,19.4,2212,28,3061.68,241872.72,241814.46,Beauty,Online,High Value,Gold,53,Low,0
CUST104370,Gerald Vega,Male,35,Surat,Gujarat,2019-12-02,2026-02-02,16,2.44,368,23,3007.31,48116.96,48095.22,Electronics,Online,Medium Value,Silver,142,Medium,0
CUST104371,Crystal Wallace,Male,47,Ranchi,Jharkhand,2019-05-07,2026-01-19,31,4.35,744,24,5387.74,167019.94,167024.37,Sports,Offline,Medium Value,Gold,156,Low,0
CUST104372,Susan Garcia,Female,28,Pune,Maharashtra,2020-01-21,2026-06-18,65,10.13,520,8,8271.56,537651.4,537729.98,Fashion,Online,High Value,Gold,6,Low,0
CUST104373,Patrick Potts,Female,70,Vadodara,Gujarat,2019-05-01,2026-04-06,42,5.88,672,16,3734.28,156839.76,156844.05,Beauty,Online,Medium Value,Gold,79,Low,0
CUST104374,Jessica Richardson,Male,35,Bhopal,Madhya Pradesh,2019-05-31,2026-03-16,13,1.84,299,23,3218.84,41844.92,41819.45,Grocery,Online,Medium Value,Silver,100,Medium,1
CUST104375,Alicia Warren,Female,29,Chennai,Tamil Nadu,2019-06-05,2026-04-22,32,4.54,160,5,3332.34,106634.88,106616.27,Beauty,Online,Medium Value,Silver,63,Low,0
CUST104376,Madison Rodriguez,Male,23,Kochi,Kerala,2024-03-13,2025-08-09,25,10.99,100,4,2714.18,67854.5,67865.2,Sports,Online,Medium Value,Silver,319,High,0
CUST104377,Douglas Grant,Male,18,Jaipur,Rajasthan,2022-03-06,2026-01-24,1,0.5,8,8,200.0,200.0,429.57,Beauty,Online,Low Value,Bronze,151,Medium,1
CUST104378,Austin Baker,Male,29,Chennai,Tamil Nadu,2021-01-02,2026-04-26,108,19.75,1512,14,7213.79,779089.32,778965.88,Grocery,Offline,High Value,Platinum,59,Low,0
CUST104379,Heather Morales,Male,24,Kochi,Kerala,2024-02-25,2026-04-04,27,11.63,297,11,4135.44,111656.88,111662.43,Sports,Online,Medium Value,Silver,81,Low,0
CUST104380,Susan Hutchinson,Female,53,Vadodara,Gujarat,2020-06-22,2026-02-24,98,16.34,1764,18,9955.2,975609.6,975785.13,Home & Kitchen,Offline,High Value,Platinum,120,Medium,0
CUST104381,Christopher Hudson,Male,56,Patna,Bihar,2024-04-01,2026-04-10,23,10.35,253,11,3051.81,70191.63,70220.46,Electronics,Online,Medium Value,Silver,75,Low,0
CUST104382,Jill Barajas,Female,45,Lucknow,Uttar Pradesh,2019-03-16,2026-05-15,42,5.78,42,1,4299.65,180585.3,180648.87,Sports,Online,Medium Value,Gold,40,Low,0
CUST104383,Dennis Jones,Male,38,Madurai,Tamil Nadu,2021-09-30,2026-02-16,13,2.75,195,15,2264.86,29443.18,29432.33,Sports,Offline,Medium Value,Bronze,128,Medium,0
CUST104384,Charlene Gutierrez,Male,29,Pune,Maharashtra,2021-09-17,2025-09-24,18,3.78,126,7,2612.66,47027.88,47020.15,Grocery,Offline,Medium Value,Silver,273,High,0
CUST104385,Crystal Hernandez,Male,35,Chandigarh,Chandigarh,2023-03-31,2026-02-21,15,4.65,120,8,7176.86,107652.9,107723.64,Beauty,Online,Medium Value,Silver,123,Medium,0
CUST104386,Michael Smith,Male,25,Nashik,Maharashtra,2019-08-17,2025-12-26,17,2.48,102,6,1229.91,20908.47,20885.67,Home & Kitchen,Online,Medium Value,Bronze,180,Medium,0
CUST104387,Richard Rodriguez,Female,31,Pune,Maharashtra,2019-09-16,2026-06-14,85,12.56,2380,28,10787.85,916967.25,916657.42,Fashion,Online,High Value,Platinum,10,Low,0
CUST104388,Lauren Smith,Female,38,Kochi,Kerala,2023-03-30,2026-06-16,110,34.05,1540,14,8740.51,961456.1,961492.0,Home & Kitchen,Offline,High Value,Platinum,8,Low,0
CUST104389,Breanna Mccall,Female,33,Ahmedabad,Gujarat,2020-11-13,2026-05-01,92,16.42,1196,13,19880.23,1828981.16,1829456.87,Home & Kitchen,Online,High Value,Platinum,54,Low,0
CUST104390,Rebecca Lopez,Female,37,Visakhapatnam,Andhra Pradesh,2020-02-29,2026-05-05,68,10.78,1700,25,8598.72,584712.96,584969.57,Grocery,Online,High Value,Gold,50,Low,0
CUST104391,John Garcia,Male,26,Pune,Maharashtra,2020-12-10,2026-06-19,25,4.52,275,11,2417.66,60441.5,60435.87,Electronics,Online,Medium Value,Silver,5,Low,0
CUST104392,Mark Weaver,Female,57,Patna,Bihar,2022-01-29,2026-03-17,21,4.78,84,4,3414.91,71713.11,71728.54,Electronics,Online,Medium Value,Silver,99,Medium,0
CUST104393,Brianna Martinez,Female,60,Ranchi,Jharkhand,2022-12-08,2026-05-16,148,41.84,2072,14,12361.46,1829496.08,1829505.56,Electronics,Online,High Value,Platinum,39,Low,0
CUST104394,Shannon Jones,Female,46,Jaipur,Rajasthan,2020-02-21,2026-03-21,3,0.5,21,7,557.55,1672.65,1765.38,Sports,Offline,Low Value,Bronze,95,Medium,1
CUST104395,Victoria Knight,Male,44,Delhi,Delhi,2019-04-10,2026-06-18,3,0.5,3,1,697.48,2092.44,2511.12,Fashion,Online,Low Value,Bronze,6,Low,1
CUST104396,Paul Franco,Female,39,Kanpur,Uttar Pradesh,2021-12-05,2026-02-10,31,6.82,310,10,4710.02,146010.62,145990.63,Fashion,Online,Medium Value,Gold,134,Low,0
CUST104397,Darin Baker,Male,24,Surat,Gujarat,2021-05-09,2025-09-16,88,17.19,2552,29,5662.37,498288.56,498339.72,Fashion,Online,High Value,Gold,281,High,0
CUST104398,Jeffrey Harrell,Male,41,Hyderabad,Telangana,2024-05-04,2026-05-23,101,47.36,909,9,13868.76,1400744.76,1400865.89,Beauty,Online,High Value,Platinum,32,Low,0
CUST104399,Alyssa Powers,Female,42,Surat,Gujarat,2021-02-23,2026-05-14,108,20.28,2376,22,200.0,21600.0,21598.69,Fashion,Offline,Medium Value,Bronze,41,Low,0
CUST104400,Jeanette Obrien,Male,38,Hyderabad,Telangana,2020-11-26,2026-05-28,70,12.57,980,14,5359.69,375178.3,375176.54,Beauty,Offline,High Value,Gold,27,Low,0
CUST104401,Nicole Anderson,Other,65,Guwahati,Assam,2020-04-13,2026-01-19,35,5.65,595,17,3222.46,112786.1,112705.81,Grocery,Online,Medium Value,Silver,156,Medium,0
CUST104402,Rachel Oneal,Female,56,Jaipur,Rajasthan,2021-10-15,2026-04-02,20,4.27,20,1,3505.91,70118.2,70127.51,Home & Kitchen,Online,Medium Value,Silver,83,Low,0
CUST104403,Nicole Moore,Female,34,Ranchi,Jharkhand,2023-04-07,2026-04-03,7,2.18,63,9,6282.28,43975.96,43945.17,Electronics,Online,Medium Value,Silver,82,Low,0
CUST104404,Donna Mejia,Female,38,Coimbatore,Tamil Nadu,2019-01-26,2025-09-27,1,0.5,6,6,1399.65,1399.65,5180.91,Grocery,Online,Low Value,Bronze,270,High,1
CUST104405,Andre Jones,Male,50,Delhi,Delhi,2020-04-27,2026-06-17,11,1.79,11,1,1204.41,13248.51,13262.95,Beauty,Offline,Low Value,Bronze,7,Low,1
CUST104406,Steven Thomas,Female,33,Patna,Bihar,2019-03-19,2025-08-05,8,1.1,40,5,1244.44,9955.52,9939.17,Grocery,Online,Low Value,Bronze,323,High,1
CUST104407,Jaclyn Long,Male,37,Surat,Gujarat,2024-05-06,2026-05-28,75,35.26,750,10,6556.18,491713.5,491772.2,Beauty,Online,High Value,Gold,27,Low,0
CUST104408,Robert Stark,Female,40,Madurai,Tamil Nadu,2023-09-23,2026-04-28,14,5.1,28,2,1994.03,27916.42,27926.25,Beauty,Online,Medium Value,Bronze,57,Low,0
CUST104409,Joseph Murphy,Male,33,Lucknow,Uttar Pradesh,2020-04-15,2024-12-25,13,2.1,13,1,2371.94,30835.22,30806.97,Fashion,Offline,Medium Value,Bronze,546,High,0
CUST104410,Travis Dixon,Male,37,Kochi,Kerala,2019-11-13,2026-03-16,108,16.35,2592,24,15636.4,1688731.2,1688968.8,Electronics,Offline,High Value,Platinum,100,Medium,0
CUST104411,Seth Barker,Female,35,Bhopal,Madhya Pradesh,2022-01-10,2026-05-10,31,6.97,1085,35,8767.72,271799.32,271716.02,Home & Kitchen,Online,High Value,Gold,45,Low,0
CUST104412,Tammy Jacobs,Male,50,Nashik,Maharashtra,2023-09-05,2025-12-06,26,9.3,728,28,2819.51,73307.26,73298.0,Home & Kitchen,Offline,Medium Value,Silver,200,High,0
CUST104413,Laura Harrison,Female,25,Kanpur,Uttar Pradesh,2022-08-17,2026-02-28,32,8.32,512,16,5881.41,188205.12,188230.88,Home & Kitchen,Offline,Medium Value,Gold,116,Low,0
CUST104414,John Peterson,Female,18,Nashik,Maharashtra,2019-10-28,2026-01-28,16,2.41,192,12,2975.01,47600.16,47680.72,Fashion,Online,Medium Value,Silver,147,Medium,0
CUST104415,Lynn King,Male,42,Coimbatore,Tamil Nadu,2020-04-12,2025-11-24,30,4.84,810,27,2354.76,70642.8,70582.07,Home & Kitchen,Offline,Medium Value,Silver,212,High,0
CUST104416,Devon Roberts,Male,58,Vadodara,Gujarat,2019-05-09,2025-12-17,14,1.97,126,9,200.0,2800.0,2805.73,Sports,Online,Low Value,Bronze,189,High,1
CUST104417,Emily Bullock,Female,21,Surat,Gujarat,2022-01-11,2026-05-24,68,15.3,1564,23,5680.88,386299.84,386220.52,Fashion,Offline,High Value,Gold,31,Low,0
CUST104418,Kylie Bailey,Female,37,Indore,Madhya Pradesh,2024-04-04,2026-02-26,25,11.29,50,2,5040.6,126015.0,126047.57,Beauty,Offline,Medium Value,Gold,118,Low,0
CUST104419,Roger Holmes,Male,51,Kolkata,West Bengal,2024-01-06,2026-05-09,83,33.76,1328,16,2835.01,235305.83,235311.5,Fashion,Offline,Medium Value,Gold,46,Low,0
CUST104420,Dennis Coleman,Female,39,Visakhapatnam,Andhra Pradesh,2024-04-07,2026-06-13,56,25.38,616,11,9041.75,506338.0,506394.44,Home & Kitchen,Online,High Value,Gold,11,Low,0
CUST104421,Patricia Zamora,Male,18,Chennai,Tamil Nadu,2024-02-21,2026-06-21,12,5.14,12,1,1521.94,18263.28,18247.78,Fashion,Offline,Medium Value,Bronze,3,Low,0
CUST104422,Randy Phillips,Female,37,Coimbatore,Tamil Nadu,2021-02-19,2025-05-15,11,2.06,44,4,7005.47,77060.17,77006.27,Grocery,Offline,Medium Value,Silver,405,High,0
CUST104423,Heather Daniels,Male,23,Visakhapatnam,Andhra Pradesh,2021-02-19,2026-04-04,6,1.12,60,10,2061.67,12370.02,12321.36,Home & Kitchen,Offline,Low Value,Bronze,81,Low,1
CUST104424,Robert Perkins,Female,37,Nagpur,Maharashtra,2022-05-08,2026-06-14,19,4.61,133,7,4613.44,87655.36,87692.12,Home & Kitchen,Offline,Medium Value,Silver,10,Low,0
CUST104425,Nathaniel Walter,Male,51,Jaipur,Rajasthan,2020-09-04,2026-05-07,29,5.0,29,1,4251.44,123291.76,123207.37,Electronics,Online,Medium Value,Gold,48,Low,0
CUST104426,Christine Tyler,Other,25,Madurai,Tamil Nadu,2020-12-17,2026-03-29,16,2.9,192,12,4401.82,70429.12,70353.2,Sports,Online,Medium Value,Silver,87,Low,0
CUST104427,Catherine Holland,Female,29,Mumbai,Maharashtra,2019-12-22,2026-06-11,94,14.46,1786,19,4641.73,436322.62,436253.23,Fashion,Offline,High Value,Gold,13,Low,0
CUST104428,David Washington III,Male,45,Nagpur,Maharashtra,2021-09-05,2026-06-13,73,15.23,2044,28,8875.8,647933.4,648042.27,Home & Kitchen,Online,High Value,Gold,11,Low,0
CUST104429,Kimberly Thomas,Female,20,Ranchi,Jharkhand,2020-03-01,2026-06-11,4,0.63,24,6,2448.89,9795.56,9732.0,Sports,Online,Low Value,Bronze,13,Low,1
CUST104430,Dawn Levy,Male,54,Bhopal,Madhya Pradesh,2020-04-10,2026-03-29,10,1.61,120,12,5078.15,50781.5,50677.78,Beauty,Offline,Medium Value,Silver,87,Low,1
CUST104431,Victoria Smith,Female,46,Indore,Madhya Pradesh,2023-12-11,2026-06-19,29,11.46,29,1,4826.1,139956.9,139914.49,Sports,Online,Medium Value,Gold,5,Low,0
CUST104432,Timothy Reilly,Female,52,Kochi,Kerala,2020-01-06,2026-04-07,11,1.7,99,9,3330.52,36635.72,36567.79,Fashion,Online,Medium Value,Silver,78,Low,1
CUST104433,William Silva,Female,41,Madurai,Tamil Nadu,2024-03-12,2025-11-21,2,0.88,18,9,932.78,1865.56,1869.8,Electronics,Offline,Low Value,Bronze,215,High,1
CUST104434,Keith Gonzalez,Male,46,Chandigarh,Chandigarh,2023-03-24,2026-06-18,112,34.49,1344,12,5604.15,627664.8,627620.92,Beauty,Online,High Value,Gold,6,Low,0
CUST104435,Jeffrey Holden,Female,54,Guwahati,Assam,2019-12-22,2026-06-10,31,4.77,341,11,1631.87,50587.97,50593.47,Electronics,Online,Medium Value,Silver,14,Low,0
CUST104436,Karen Hughes,Female,57,Ahmedabad,Gujarat,2019-05-03,2025-03-01,10,1.4,70,7,3490.5,34905.0,34879.2,Sports,Online,Medium Value,Silver,480,High,1
CUST104437,Christopher Ward,Male,30,Jaipur,Rajasthan,2024-05-26,2024-11-01,12,5.79,132,11,1668.36,20020.32,20020.46,Home & Kitchen,Online,Medium Value,Bronze,600,High,0
CUST104438,Amy Boone,Male,33,Lucknow,Uttar Pradesh,2019-08-13,2025-10-16,11,1.6,66,6,1027.45,11301.95,11274.52,Beauty,Online,Low Value,Bronze,251,High,1
CUST104439,Joshua Adams,Female,38,Indore,Madhya Pradesh,2021-12-24,2026-03-31,32,7.12,640,20,3992.74,127767.68,127723.08,Home & Kitchen,Offline,Medium Value,Gold,85,Low,0
CUST104440,Tammy Mcdaniel,Male,34,Pune,Maharashtra,2023-11-19,2026-04-09,14,5.41,84,6,1016.13,14225.82,14237.95,Electronics,Online,Low Value,Bronze,76,Low,0
CUST104441,Steven Knight,Male,23,Mumbai,Maharashtra,2020-07-22,2025-10-31,7,1.18,77,11,1175.38,8227.66,8205.87,Grocery,Offline,Low Value,Bronze,236,High,1
CUST104442,George Weber,Male,24,Ahmedabad,Gujarat,2019-08-22,2026-01-27,31,4.54,372,12,2866.11,88849.41,88920.74,Beauty,Offline,Medium Value,Silver,148,Medium,0
CUST104443,Jeffrey Hall,Male,33,Kochi,Kerala,2021-07-07,2025-11-08,14,2.82,238,17,3855.78,53980.92,53912.51,Home & Kitchen,Online,Medium Value,Silver,228,High,0
CUST104444,Laura Adams,Female,31,Mumbai,Maharashtra,2023-09-06,2026-03-11,45,16.11,360,8,1901.41,85563.45,85542.37,Beauty,Online,Medium Value,Silver,105,Medium,0
CUST104445,Sara Hernandez,Female,18,Jaipur,Rajasthan,2023-12-02,2024-12-14,7,2.74,42,6,1135.3,7947.1,7946.07,Sports,Offline,Low Value,Bronze,557,High,0
CUST104446,Emily Robinson,Female,34,Ranchi,Jharkhand,2022-05-22,2026-06-17,51,12.49,306,6,8151.47,415724.97,415888.56,Electronics,Online,High Value,Gold,7,Low,0
CUST104447,Samantha Harris,Male,21,Ranchi,Jharkhand,2022-09-03,2026-03-16,10,2.63,30,3,406.84,4068.4,4066.11,Home & Kitchen,Online,Low Value,Bronze,100,Medium,0
CUST104448,Tiffany Davis,Female,31,Bhopal,Madhya Pradesh,2020-04-29,2026-06-21,19,3.09,361,19,3283.14,62379.66,62355.39,Sports,Offline,Medium Value,Silver,3,Low,0
CUST104449,Veronica Nelson,Male,29,Ranchi,Jharkhand,2022-01-09,2025-01-11,8,1.8,8,1,1613.35,12906.8,12920.05,Electronics,Online,Low Value,Bronze,529,High,1
CUST104450,Mr. Ryan Walker,Male,26,Mumbai,Maharashtra,2020-06-17,2026-06-04,29,4.82,551,19,3474.85,100770.65,100699.01,Electronics,Offline,Medium Value,Silver,20,Low,0
CUST104451,Christopher Thompson,Female,46,Nashik,Maharashtra,2021-12-03,2026-05-20,22,4.83,396,18,1454.25,31993.5,31961.49,Fashion,Online,Medium Value,Bronze,35,Low,0
CUST104452,Brian Allen,Male,40,Nagpur,Maharashtra,2023-03-30,2025-12-22,2,0.62,8,4,2389.23,4778.46,4785.66,Sports,Offline,Low Value,Bronze,184,High,1
CUST104453,Kevin Greene,Female,39,Chennai,Tamil Nadu,2021-06-29,2026-02-06,1,0.5,4,4,1700.15,1700.15,4233.5,Fashion,Online,Low Value,Bronze,138,Medium,1
CUST104454,Daniel Garcia,Male,32,Visakhapatnam,Andhra Pradesh,2021-09-07,2026-01-09,6,1.25,72,12,1315.65,7893.9,7874.99,Fashion,Online,Low Value,Bronze,166,Medium,1
CUST104455,Micheal Ramos,Female,35,Hyderabad,Telangana,2022-07-25,2026-05-21,99,25.32,2376,24,6442.87,637844.13,637794.92,Fashion,Offline,High Value,Gold,34,Low,0
CUST104456,Janice Gilbert,Female,27,Chandigarh,Chandigarh,2023-02-10,2024-09-05,38,11.3,532,14,1923.1,73077.8,73061.48,Fashion,Online,Medium Value,Silver,657,High,0
CUST104457,Joshua Nelson,Female,27,Guwahati,Assam,2020-06-10,2026-05-19,45,7.46,540,12,11024.62,496107.9,496051.46,Grocery,Online,High Value,Gold,36,Low,0
CUST104458,Katherine Clarke,Female,44,Vadodara,Gujarat,2023-10-24,2026-03-10,39,14.66,858,22,2167.14,84518.46,84546.76,Electronics,Offline,Medium Value,Silver,106,Medium,0
CUST104459,Erica Porter,Male,39,Hyderabad,Telangana,2022-03-06,2026-03-04,40,9.31,360,9,2315.11,92604.4,92587.86,Fashion,Online,Medium Value,Silver,112,Medium,0
CUST104460,Sara Obrien,Male,37,Bengaluru,Karnataka,2022-05-16,2026-02-06,24,5.85,360,15,5124.93,122998.32,122960.44,Beauty,Online,Medium Value,Gold,138,Low,0
CUST104461,Michael Burke,Female,40,Surat,Gujarat,2022-01-18,2026-03-25,13,2.94,169,13,3378.05,43914.65,43940.45,Beauty,Offline,Medium Value,Silver,91,Medium,0
CUST104462,Jamie French,Female,45,Surat,Gujarat,2022-07-05,2026-01-12,1,0.5,8,8,1637.0,1637.0,3244.87,Fashion,Online,Low Value,Bronze,163,Medium,1
CUST104463,Ernest Sullivan,Female,41,Surat,Gujarat,2021-12-31,2026-06-22,66,14.75,1188,18,17793.61,1174378.26,1174134.68,Fashion,Offline,High Value,Platinum,2,Low,0
CUST104464,Earl Hall,Male,56,Guwahati,Assam,2023-12-30,2026-05-25,33,13.32,264,8,4305.43,142079.19,142095.1,Sports,Offline,Medium Value,Gold,30,Low,0
CUST104465,Julie Johnson,Female,18,Nashik,Maharashtra,2021-09-05,2025-05-22,24,5.01,384,16,639.86,15356.64,15368.04,Beauty,Online,Medium Value,Bronze,398,High,0
CUST104466,Dana Wolfe,Male,36,Kolkata,West Bengal,2020-12-24,2026-05-06,43,7.83,602,14,6734.02,289562.86,289585.54,Electronics,Offline,High Value,Gold,49,Low,0
CUST104467,Robert Price,Female,18,Ranchi,Jharkhand,2023-05-28,2026-03-31,110,35.84,2530,23,14978.5,1647635.0,1647599.73,Grocery,Online,High Value,Platinum,85,Low,0
CUST104468,James Henry,Female,33,Pune,Maharashtra,2022-07-31,2023-10-10,2,0.51,2,1,585.49,1170.98,1162.52,Fashion,Offline,Low Value,Bronze,988,High,1
CUST104469,Susan Davis,Female,56,Guwahati,Assam,2022-08-31,2026-04-16,13,3.41,65,5,1382.5,17972.5,17953.8,Fashion,Online,Medium Value,Bronze,69,Low,0
CUST104470,Darryl Richardson,Male,50,Bengaluru,Karnataka,2020-11-26,2024-12-30,12,2.15,72,6,883.09,10597.08,10573.14,Home & Kitchen,Online,Low Value,Bronze,541,High,0
CUST104471,Karen Jackson DVM,Female,34,Bhopal,Madhya Pradesh,2023-05-30,2025-12-05,6,1.96,24,4,1589.03,9534.18,9541.75,Electronics,Online,Low Value,Bronze,201,High,1
CUST104472,Linda Patrick,Female,37,Guwahati,Assam,2023-06-22,2025-09-05,23,7.66,23,1,2932.0,67436.0,67392.73,Home & Kitchen,Online,Medium Value,Silver,292,High,0
CUST104473,Veronica Diaz,Male,63,Pune,Maharashtra,2019-09-10,2026-04-15,19,2.8,209,11,3301.33,62725.27,62687.76,Grocery,Online,Medium Value,Silver,70,Low,0
CUST104474,Ann Moon,Female,28,Indore,Madhya Pradesh,2022-03-07,2026-05-03,8,1.86,112,14,3262.8,26102.4,26053.09,Home & Kitchen,Online,Medium Value,Bronze,52,Low,1
CUST104475,Michael Williams,Male,40,Bhopal,Madhya Pradesh,2023-07-22,2025-05-05,31,10.62,465,15,3329.6,103217.6,103200.92,Sports,Online,Medium Value,Silver,415,High,0
CUST104476,Timothy Chavez,Female,23,Chandigarh,Chandigarh,2023-04-01,2025-06-28,35,10.85,455,13,2913.69,101979.15,101959.61,Beauty,Online,Medium Value,Silver,361,High,0
CUST104477,Scott Ramirez,Male,60,Patna,Bihar,2020-03-07,2026-05-16,5,0.79,85,17,360.04,1800.2,1789.52,Beauty,Online,Low Value,Bronze,39,Low,1
CUST104478,Crystal Collins,Male,43,Bengaluru,Karnataka,2019-08-20,2026-03-31,24,3.51,24,1,1793.69,43048.56,43058.28,Beauty,Online,Medium Value,Silver,85,Low,0
CUST104479,Crystal Davis,Female,18,Kanpur,Uttar Pradesh,2024-05-14,2026-03-21,34,16.15,238,7,1848.38,62844.92,62849.22,Home & Kitchen,Online,Medium Value,Silver,95,Medium,0
CUST104480,Matthew Mueller,Female,30,Visakhapatnam,Andhra Pradesh,2022-11-15,2026-06-18,73,20.28,1679,23,6380.61,465784.53,465871.0,Fashion,Online,High Value,Gold,6,Low,0
CUST104481,Teresa Thompson,Male,47,Kolkata,West Bengal,2022-02-15,2025-11-22,20,4.6,160,8,1024.31,20486.2,20485.64,Home & Kitchen,Online,Medium Value,Bronze,214,High,0
CUST104482,Teresa Jacobson,Male,70,Chandigarh,Chandigarh,2019-10-07,2026-05-29,22,3.28,198,9,4213.49,92696.78,92702.55,Beauty,Offline,Medium Value,Silver,26,Low,0
CUST104483,Robert Gonzalez,Male,40,Nagpur,Maharashtra,2021-09-04,2026-04-19,13,2.71,156,12,4457.53,57947.89,57943.86,Beauty,Online,Medium Value,Silver,66,Low,0
CUST104484,Andrea Garcia,Male,37,Visakhapatnam,Andhra Pradesh,2019-02-07,2025-11-03,14,1.9,98,7,6587.37,92223.18,92246.63,Home & Kitchen,Offline,Medium Value,Silver,233,High,1
CUST104485,Cassandra Martinez,Female,33,Visakhapatnam,Andhra Pradesh,2019-03-27,2026-05-07,4,0.55,36,9,2137.04,8548.16,8508.37,Grocery,Online,Low Value,Bronze,48,Low,1
CUST104486,Philip Cummings,Male,48,Patna,Bihar,2019-10-10,2026-02-02,130,19.4,1170,9,9729.12,1264785.6,1264500.59,Electronics,Offline,High Value,Platinum,142,Medium,0
CUST104487,Timothy Sanchez,Male,35,Hyderabad,Telangana,2022-06-07,2026-01-01,33,8.17,429,13,4418.7,145817.1,145885.69,Electronics,Online,Medium Value,Gold,174,Low,0
CUST104488,Scott Miranda,Female,37,Visakhapatnam,Andhra Pradesh,2022-06-03,2025-08-04,4,0.99,32,8,1597.29,6389.16,6407.53,Sports,Online,Low Value,Bronze,324,High,1
CUST104489,Alicia Wagner,Male,18,Bhopal,Madhya Pradesh,2022-11-01,2026-02-07,19,5.22,304,16,818.97,15560.43,15555.12,Home & Kitchen,Online,Medium Value,Bronze,137,Medium,0
CUST104490,Chad Williams,Female,51,Hyderabad,Telangana,2024-05-11,2026-04-25,18,8.52,288,16,4038.52,72693.36,72725.87,Grocery,Offline,Medium Value,Silver,60,Low,0
CUST104491,Carlos Hensley,Female,43,Patna,Bihar,2023-08-08,2026-01-09,12,4.18,108,9,4497.22,53966.64,53989.05,Beauty,Online,Medium Value,Silver,166,Medium,0
CUST104492,Laura Ramirez,Female,18,Chennai,Tamil Nadu,2023-04-10,2026-02-24,49,15.31,686,14,2039.87,99953.63,99954.41,Fashion,Offline,Medium Value,Silver,120,Medium,0
CUST104493,Christopher Rodriguez,Female,24,Lucknow,Uttar Pradesh,2020-04-09,2025-01-06,4,0.65,24,6,200.0,800.0,806.16,Sports,Offline,Low Value,Bronze,534,High,1
CUST104494,Mark Webster,Female,28,Nagpur,Maharashtra,2023-01-03,2026-03-20,5,1.44,35,7,2050.48,10252.4,10234.38,Electronics,Offline,Low Value,Bronze,96,Medium,1
CUST104495,James Smith,Female,53,Mumbai,Maharashtra,2021-11-06,2026-01-29,22,4.76,176,8,2792.83,61442.26,61473.92,Beauty,Online,Medium Value,Silver,146,Medium,0
CUST104496,Robert Byrd,Female,27,Vadodara,Gujarat,2020-04-01,2026-04-14,36,5.78,864,24,3263.53,117487.08,117388.26,Home & Kitchen,Online,Medium Value,Silver,71,Low,0
CUST104497,Joshua Powell,Male,42,Delhi,Delhi,2020-12-14,2026-06-12,89,16.12,712,8,15330.13,1364381.57,1363989.97,Fashion,Online,High Value,Platinum,12,Low,0
CUST104498,Tonya Harding,Female,43,Patna,Bihar,2020-10-31,2026-01-17,15,2.66,225,15,1895.97,28439.55,28443.96,Home & Kitchen,Offline,Medium Value,Bronze,158,Medium,0
CUST104499,Larry Higgins,Female,28,Patna,Bihar,2022-04-20,2025-03-27,16,3.83,272,17,1598.14,25570.24,25539.26,Home & Kitchen,Online,Medium Value,Bronze,454,High,0
CUST104500,Nicole Mills,Female,62,Coimbatore,Tamil Nadu,2019-07-14,2026-04-12,19,2.74,361,19,3460.42,65747.98,65806.25,Sports,Offline,Medium Value,Silver,73,Low,0
CUST104501,Jonathan Porter,Male,56,Mumbai,Maharashtra,2022-02-11,2025-12-15,26,5.97,468,18,2847.34,74030.84,74091.18,Beauty,Offline,Medium Value,Silver,191,High,0
CUST104502,Christine Greene,Male,43,Patna,Bihar,2024-01-30,2026-01-10,33,13.79,231,7,4980.29,164349.57,164338.8,Grocery,Online,Medium Value,Gold,165,Low,0
CUST104503,Edwin Munoz,Male,35,Ahmedabad,Gujarat,2019-01-02,2026-02-02,71,9.51,1633,23,4576.01,324896.71,325028.63,Grocery,Online,High Value,Gold,142,Low,0
CUST104504,James Brooks,Male,18,Jaipur,Rajasthan,2023-12-27,2026-04-16,51,20.52,918,18,2628.38,134047.38,134079.11,Grocery,Online,Medium Value,Gold,69,Low,0
CUST104505,Craig Smith,Male,66,Bhopal,Madhya Pradesh,2019-04-20,2026-05-16,16,2.23,64,4,2922.03,46752.48,46741.28,Grocery,Online,Medium Value,Silver,39,Low,0
CUST104506,Mark Thomas,Male,32,Pune,Maharashtra,2023-10-07,2026-06-13,10,3.69,50,5,872.74,8727.4,8720.02,Electronics,Online,Low Value,Bronze,11,Low,0
CUST104507,Rachel Curry,Female,44,Coimbatore,Tamil Nadu,2020-09-20,2026-04-16,102,17.73,1734,17,5050.6,515161.2,515095.24,Sports,Offline,High Value,Gold,69,Low,0
CUST104508,Elizabeth Sanchez,Female,27,Lucknow,Uttar Pradesh,2024-04-29,2026-06-15,25,11.65,375,15,2758.66,68966.5,68984.25,Sports,Offline,Medium Value,Silver,9,Low,0
CUST104509,Darren Gonzales,Female,30,Kolkata,West Bengal,2020-10-31,2026-02-02,1,0.5,4,4,2669.36,2669.36,7527.56,Home & Kitchen,Online,Low Value,Bronze,142,Medium,1
CUST104510,Mr. John Khan,Female,42,Nashik,Maharashtra,2022-06-14,2026-05-24,82,20.39,2296,28,8351.28,684804.96,684860.06,Grocery,Offline,High Value,Platinum,31,Low,0
CUST104511,Jason Williams,Male,29,Bhopal,Madhya Pradesh,2023-10-11,2026-05-03,31,11.5,310,10,3796.78,117700.18,117749.56,Fashion,Offline,Medium Value,Silver,52,Low,0
CUST104512,Stephanie Livingston,Male,46,Nashik,Maharashtra,2023-06-04,2026-06-22,59,19.34,1947,33,9100.22,536912.98,536788.65,Beauty,Online,High Value,Gold,2,Low,0
CUST104513,Anthony Marshall,Male,45,Patna,Bihar,2019-11-09,2026-04-13,11,1.66,231,21,1288.97,14178.67,14159.15,Beauty,Online,Low Value,Bronze,72,Low,1
CUST104514,Matthew Hamilton,Female,53,Vadodara,Gujarat,2020-04-23,2025-09-18,23,3.73,529,23,6880.97,158262.31,158177.16,Beauty,Online,Medium Value,Gold,279,High,0
CUST104515,Heather Hunt,Male,61,Indore,Madhya Pradesh,2022-04-07,2026-01-11,15,3.56,225,15,4120.7,61810.5,61731.19,Electronics,Online,Medium Value,Silver,164,Medium,0
CUST104516,Timothy Melton,Male,42,Bengaluru,Karnataka,2021-06-20,2026-04-08,23,4.6,506,22,1990.97,45792.31,45836.19,Home & Kitchen,Offline,Medium Value,Silver,77,Low,0
CUST104517,Harold Lee,Male,32,Bengaluru,Karnataka,2020-11-28,2026-06-20,6,1.08,54,9,949.83,5698.98,5706.94,Grocery,Offline,Low Value,Bronze,4,Low,1
CUST104518,Carol Gay,Female,34,Surat,Gujarat,2020-09-28,2026-04-09,97,16.93,2619,27,7105.91,689273.27,689375.21,Grocery,Online,High Value,Platinum,76,Low,0
CUST104519,Michael Nelson,Male,31,Nashik,Maharashtra,2021-11-25,2026-06-15,31,6.78,434,14,5429.98,168329.38,168327.15,Beauty,Online,Medium Value,Gold,9,Low,0
CUST104520,Daniel Meyer,Male,37,Chandigarh,Chandigarh,2023-07-23,2025-11-12,1,0.5,4,4,896.44,896.44,1306.92,Grocery,Offline,Low Value,Bronze,224,High,1
CUST104521,Jamie Lindsey,Female,47,Chennai,Tamil Nadu,2023-12-12,2026-06-18,20,7.91,280,14,3797.21,75944.2,75901.89,Sports,Online,Medium Value,Silver,6,Low,0
CUST104522,Marc Mitchell,Female,26,Bhopal,Madhya Pradesh,2020-07-03,2025-11-24,5,0.84,45,9,1244.07,6220.35,6237.21,Home & Kitchen,Online,Low Value,Bronze,212,High,1
CUST104523,Jose Martinez,Female,47,Guwahati,Assam,2020-02-10,2026-04-01,8,1.26,96,12,6517.36,52138.88,52250.22,Electronics,Offline,Medium Value,Silver,84,Low,1
CUST104524,John Gallagher,Male,34,Kolkata,West Bengal,2021-06-17,2026-03-17,7,1.4,63,9,881.66,6171.62,6187.67,Sports,Online,Low Value,Bronze,99,Medium,1
CUST104525,Richard Chandler,Female,48,Nashik,Maharashtra,2019-01-18,2026-05-31,9,1.21,171,19,1584.22,14257.98,14233.13,Electronics,Offline,Low Value,Bronze,24,Low,1
CUST104526,Andrea Donaldson,Female,52,Bhopal,Madhya Pradesh,2022-08-24,2024-09-17,5,1.31,20,4,1294.74,6473.7,6491.88,Beauty,Online,Low Value,Bronze,645,High,1
CUST104527,Jamie Guerrero,Male,42,Mumbai,Maharashtra,2019-06-16,2025-12-09,5,0.71,35,7,1491.41,7457.05,7430.43,Electronics,Online,Low Value,Bronze,197,High,1
CUST104528,Nathan Adams,Male,45,Bhopal,Madhya Pradesh,2023-05-12,2026-05-21,39,12.53,312,8,2265.47,88353.33,88364.87,Beauty,Offline,Medium Value,Silver,34,Low,0
CUST104529,Thomas Davis,Male,19,Pune,Maharashtra,2020-05-15,2026-01-28,66,10.81,1650,25,6920.79,456772.14,456563.52,Fashion,Offline,High Value,Gold,147,Low,0
CUST104530,James Williams,Female,44,Nashik,Maharashtra,2019-05-14,2026-01-04,42,5.91,714,17,4951.26,207952.92,207978.13,Grocery,Online,Medium Value,Gold,171,Low,0
CUST104531,Troy Lee,Male,27,Pune,Maharashtra,2022-09-28,2026-02-01,84,22.51,1680,20,10637.85,893579.4,893583.19,Home & Kitchen,Offline,High Value,Platinum,143,Medium,0
CUST104532,Jennifer Mckenzie,Male,27,Surat,Gujarat,2020-02-10,2026-06-07,25,3.93,475,19,3155.57,78889.25,78907.13,Beauty,Online,Medium Value,Silver,17,Low,0
CUST104533,Joshua Scott,Female,43,Bengaluru,Karnataka,2019-05-21,2026-05-01,54,7.62,702,13,5455.77,294611.58,294681.49,Sports,Online,High Value,Gold,54,Low,0
CUST104534,April Jones,Male,50,Kolkata,West Bengal,2022-07-22,2026-02-28,15,3.83,15,1,3954.89,59323.35,59344.79,Grocery,Offline,Medium Value,Silver,116,Medium,0
CUST104535,Deborah Webb,Male,34,Chandigarh,Chandigarh,2021-07-29,2025-11-06,18,3.67,414,23,3157.03,56826.54,56749.87,Electronics,Online,Medium Value,Silver,230,High,0
CUST104536,John Zavala,Female,44,Indore,Madhya Pradesh,2019-06-01,2026-05-09,8,1.13,48,6,4811.17,38489.36,38372.65,Fashion,Online,Medium Value,Silver,46,Low,1
CUST104537,Katherine Miller,Female,36,Kanpur,Uttar Pradesh,2021-04-08,2026-05-13,11,2.11,187,17,4095.78,45053.58,44979.12,Sports,Offline,Medium Value,Silver,42,Low,0
CUST104538,Steven Jensen,Female,31,Chennai,Tamil Nadu,2019-07-30,2026-06-22,83,12.03,1743,21,13040.03,1082322.49,1081887.64,Grocery,Online,High Value,Platinum,2,Low,0
CUST104539,Sarah Sosa,Female,48,Pune,Maharashtra,2024-04-05,2026-04-04,105,47.46,2625,25,7097.74,745262.7,745193.33,Sports,Online,High Value,Platinum,81,Low,0
CUST104540,Justin Small,Female,61,Kanpur,Uttar Pradesh,2023-11-20,2025-11-25,160,61.84,1920,12,11181.58,1789052.8,1789016.06,Fashion,Offline,High Value,Platinum,211,High,0
CUST104541,Erin Ortega,Female,48,Patna,Bihar,2020-01-10,2026-04-07,16,2.48,224,14,2487.08,39793.28,39768.77,Sports,Offline,Medium Value,Silver,78,Low,0
CUST104542,Mary Conley,Female,33,Nashik,Maharashtra,2023-11-28,2025-08-31,22,8.58,110,5,7323.51,161117.22,161196.62,Beauty,Online,Medium Value,Gold,297,High,0
CUST104543,Melanie Drake,Female,30,Kochi,Kerala,2019-08-06,2026-06-09,24,3.49,264,11,2837.85,68108.4,68115.24,Home & Kitchen,Online,Medium Value,Silver,15,Low,0
CUST104544,Danielle Briggs,Male,29,Madurai,Tamil Nadu,2020-05-30,2026-03-06,26,4.29,208,8,3357.65,87298.9,87313.24,Grocery,Online,Medium Value,Silver,110,Medium,0
CUST104545,Dillon Case,Male,23,Patna,Bihar,2022-04-17,2025-09-12,4,0.96,32,8,1002.98,4011.92,4025.43,Beauty,Online,Low Value,Bronze,285,High,1
CUST104546,William Esparza,Female,53,Guwahati,Assam,2023-07-03,2026-01-22,95,31.98,2470,26,12487.2,1186284.0,1186268.62,Sports,Online,High Value,Platinum,153,Medium,0
CUST104547,Kevin Solis,Male,50,Ranchi,Jharkhand,2022-02-07,2026-05-19,41,9.38,123,3,2971.43,121828.63,121789.82,Sports,Online,Medium Value,Silver,36,Low,0
CUST104548,Roger Peters,Male,41,Bengaluru,Karnataka,2022-02-26,2026-02-24,63,14.59,567,9,2147.76,135308.88,135295.24,Fashion,Offline,Medium Value,Gold,120,Low,0
CUST104549,Colleen Blanchard,Male,48,Lucknow,Uttar Pradesh,2022-03-07,2025-01-24,4,0.93,24,6,1344.95,5379.8,5369.64,Electronics,Offline,Low Value,Bronze,516,High,1
CUST104550,Christian Garcia,Female,31,Bhopal,Madhya Pradesh,2020-06-04,2025-12-31,6,0.99,54,9,416.51,2499.06,2493.83,Beauty,Offline,Low Value,Bronze,175,Medium,1
CUST104551,Heidi Newton,Male,35,Guwahati,Assam,2021-06-23,2025-12-05,89,17.81,2403,27,7454.97,663492.33,663410.69,Electronics,Online,High Value,Gold,201,High,0
CUST104552,Gary Miller,Male,46,Ranchi,Jharkhand,2020-02-20,2026-05-10,145,22.89,3480,24,10221.46,1482111.7,1482285.49,Home & Kitchen,Online,High Value,Platinum,45,Low,0
CUST104553,John Hebert,Female,47,Lucknow,Uttar Pradesh,2022-07-24,2024-09-20,7,1.79,49,7,2087.68,14613.76,14620.39,Sports,Online,Medium Value,Bronze,642,High,1
CUST104554,Erik Small,Female,35,Patna,Bihar,2024-05-18,2026-05-18,10,4.77,150,15,1869.88,18698.8,18681.14,Sports,Offline,Medium Value,Bronze,37,Low,0
CUST104555,Robert Moore,Female,43,Lucknow,Uttar Pradesh,2022-10-13,2026-06-20,38,10.3,266,7,200.0,7600.0,7602.68,Electronics,Online,Low Value,Bronze,4,Low,0
CUST104556,Andre Pace,Female,18,Lucknow,Uttar Pradesh,2022-01-30,2026-06-09,16,3.64,112,7,5867.88,93886.08,93798.68,Home & Kitchen,Offline,Medium Value,Silver,15,Low,0
CUST104557,David Koch,Female,36,Pune,Maharashtra,2024-05-18,2026-05-14,15,7.16,225,15,200.0,3000.0,2999.26,Beauty,Offline,Low Value,Bronze,41,Low,0
CUST104558,Tyler Chapman MD,Female,30,Jaipur,Rajasthan,2023-11-02,2026-03-31,3,1.14,33,11,2050.45,6151.35,6162.97,Grocery,Online,Low Value,Bronze,85,Low,1
CUST104559,Donna Bishop,Female,56,Nagpur,Maharashtra,2023-10-10,2025-07-25,12,4.45,72,6,1497.68,17972.16,17991.43,Beauty,Online,Medium Value,Bronze,334,High,0
CUST104560,Christopher Murphy,Male,51,Visakhapatnam,Andhra Pradesh,2023-10-01,2025-10-25,7,2.57,63,9,792.46,5547.22,5548.09,Beauty,Offline,Low Value,Bronze,242,High,0
CUST104561,Bradley Miller,Female,43,Vadodara,Gujarat,2021-04-04,2025-12-31,26,4.99,78,3,6080.32,158088.32,158245.63,Sports,Online,Medium Value,Gold,175,Low,0
CUST104562,Alejandra Fernandez,Male,27,Jaipur,Rajasthan,2022-04-26,2024-12-22,13,3.13,26,2,1658.53,21560.89,21574.92,Home & Kitchen,Online,Medium Value,Bronze,549,High,0
CUST104563,Brandon Cordova PhD,Male,46,Mumbai,Maharashtra,2019-01-26,2026-02-25,153,20.67,2754,18,12169.74,1861970.22,1862251.1,Sports,Offline,High Value,Platinum,119,Medium,0
CUST104564,Wendy Smith,Male,18,Indore,Madhya Pradesh,2020-09-14,2026-06-08,32,5.55,352,11,4666.15,149316.8,149391.54,Sports,Online,Medium Value,Gold,16,Low,0
CUST104565,Casey Terrell,Female,46,Ahmedabad,Gujarat,2021-03-08,2025-07-13,4,0.76,28,7,242.49,969.96,974.82,Sports,Offline,Low Value,Bronze,346,High,1
CUST104566,Michael Serrano,Male,20,Pune,Maharashtra,2022-08-25,2026-03-20,21,5.49,525,25,2789.88,58587.48,58581.98,Grocery,Offline,Medium Value,Silver,96,Medium,0
CUST104567,Kenneth Williams,Female,32,Ahmedabad,Gujarat,2021-05-29,2026-05-27,33,6.52,231,7,3807.11,125634.63,125725.83,Grocery,Online,Medium Value,Gold,28,Low,0
CUST104568,Erin Williams,Female,25,Bengaluru,Karnataka,2019-11-30,2026-05-12,90,13.72,1890,21,10288.86,925997.4,926014.87,Sports,Offline,High Value,Platinum,43,Low,0
CUST104569,Virginia Mendez,Male,32,Pune,Maharashtra,2020-07-09,2024-12-17,2,0.5,12,6,2186.93,4373.86,6508.4,Home & Kitchen,Online,Low Value,Bronze,554,High,1
CUST104570,Cheryl Jackson,Male,42,Kanpur,Uttar Pradesh,2022-02-12,2025-01-22,36,8.26,684,19,5083.61,183009.96,182907.8,Home & Kitchen,Online,Medium Value,Gold,518,High,0
CUST104571,Wyatt Rodriguez,Male,20,Mumbai,Maharashtra,2019-06-19,2026-06-13,21,3.0,231,11,469.82,9866.22,9878.76,Beauty,Online,Low Value,Bronze,11,Low,0
CUST104572,Lisa Fox,Male,31,Patna,Bihar,2019-11-22,2026-06-20,21,3.19,210,10,2694.77,56590.17,56579.18,Grocery,Online,Medium Value,Silver,4,Low,0
CUST104573,Diane Brown,Male,42,Surat,Gujarat,2022-08-07,2025-05-16,9,2.32,63,7,1476.87,13291.83,13273.84,Sports,Online,Low Value,Bronze,404,High,0
CUST104574,Debbie Schneider,Female,34,Chennai,Tamil Nadu,2022-04-21,2026-04-07,11,2.64,11,1,1691.39,18605.29,18619.04,Electronics,Online,Medium Value,Bronze,78,Low,0
CUST104575,Anne Obrien,Female,37,Hyderabad,Telangana,2020-04-03,2025-12-26,26,4.18,494,19,3253.62,84594.12,84560.98,Home & Kitchen,Offline,Medium Value,Silver,180,Medium,0
CUST104576,Amanda Phelps,Female,27,Kanpur,Uttar Pradesh,2023-08-05,2026-05-28,48,16.67,816,17,5446.65,261439.2,261511.37,Electronics,Online,High Value,Gold,27,Low,0
CUST104577,Melissa Patrick,Other,44,Guwahati,Assam,2019-03-04,2025-12-06,27,3.7,459,17,2037.83,55021.41,55055.72,Electronics,Online,Medium Value,Silver,200,High,0
CUST104578,Jordan Carter,Male,50,Chennai,Tamil Nadu,2020-08-05,2024-02-01,6,1.02,54,9,2363.03,14178.18,14168.09,Beauty,Online,Low Value,Bronze,874,High,1
CUST104579,Jennifer Roman,Male,43,Ahmedabad,Gujarat,2020-03-11,2026-06-09,70,11.15,840,12,4495.16,314661.2,314791.66,Fashion,Online,High Value,Gold,15,Low,0
CUST104580,William Parker,Female,42,Visakhapatnam,Andhra Pradesh,2023-04-19,2023-07-05,12,3.78,120,10,1458.33,17499.96,17507.15,Home & Kitchen,Online,Medium Value,Bronze,1085,High,0
CUST104581,David Hernandez,Female,48,Madurai,Tamil Nadu,2023-07-13,2026-05-15,19,6.46,209,11,200.0,3800.0,3802.6,Electronics,Offline,Low Value,Bronze,40,Low,0
CUST104582,Bobby Matthews,Male,39,Pune,Maharashtra,2020-02-06,2026-03-22,5,0.78,25,5,200.0,1000.0,994.3,Beauty,Online,Low Value,Bronze,94,Medium,1
CUST104583,Brian Cole,Female,44,Patna,Bihar,2020-10-28,2026-03-26,5,0.89,25,5,1040.46,5202.3,5230.27,Grocery,Online,Low Value,Bronze,90,Low,1
CUST104584,Benjamin Townsend,Male,31,Mumbai,Maharashtra,2020-07-03,2026-05-21,28,4.69,308,11,7892.92,221001.76,220941.25,Electronics,Offline,Medium Value,Gold,34,Low,0
CUST104585,Lauren Higgins,Male,44,Nashik,Maharashtra,2022-01-05,2025-04-04,3,0.67,24,8,2016.78,6050.34,6026.49,Beauty,Online,Low Value,Bronze,446,High,1
CUST104586,Bryan Newman,Female,50,Chandigarh,Chandigarh,2023-05-25,2026-05-31,37,12.02,370,10,4817.76,178257.12,178207.39,Grocery,Offline,Medium Value,Gold,24,Low,0
CUST104587,Kristen Matthews,Female,66,Kolkata,West Bengal,2023-07-03,2026-03-18,99,33.33,1980,20,10797.65,1068967.35,1069064.91,Sports,Online,High Value,Platinum,98,Medium,0
CUST104588,Christine Kennedy,Female,37,Indore,Madhya Pradesh,2019-06-30,2026-06-18,43,6.16,473,11,1741.7,74893.1,74874.46,Fashion,Offline,Medium Value,Silver,6,Low,0
CUST104589,Christopher Lee,Female,31,Delhi,Delhi,2022-05-25,2023-10-21,1,0.5,8,8,2180.27,2180.27,4444.11,Grocery,Online,Low Value,Bronze,977,High,1
CUST104590,Andre Farrell,Female,33,Guwahati,Assam,2020-12-10,2026-01-25,8,1.45,80,10,5092.15,40737.2,40834.79,Electronics,Online,Medium Value,Silver,150,Medium,1
CUST104591,Cody Jimenez,Female,37,Visakhapatnam,Andhra Pradesh,2021-02-16,2025-12-27,43,8.05,430,10,3088.5,132805.5,132871.88,Electronics,Offline,Medium Value,Gold,179,Low,0
CUST104592,Jennifer Fletcher,Male,48,Vadodara,Gujarat,2021-11-21,2026-06-05,16,3.49,336,21,3750.68,60010.88,59993.01,Fashion,Offline,Medium Value,Silver,19,Low,0
CUST104593,Casey Murphy,Male,44,Delhi,Delhi,2021-03-24,2026-04-08,35,6.67,700,20,4024.09,140843.15,140798.75,Electronics,Offline,Medium Value,Gold,77,Low,0
CUST104594,Jennifer Edwards,Male,47,Chandigarh,Chandigarh,2019-12-13,2026-05-06,20,3.07,320,16,2154.97,43099.4,43163.18,Sports,Online,Medium Value,Silver,49,Low,0
CUST104595,Lacey Graves,Male,48,Vadodara,Gujarat,2022-08-03,2026-05-19,9,2.32,126,14,1376.21,12385.89,12404.09,Fashion,Offline,Low Value,Bronze,36,Low,0
CUST104596,Richard Best,Female,26,Delhi,Delhi,2021-06-22,2026-04-05,2,0.5,2,1,1419.72,2839.44,3548.81,Electronics,Online,Low Value,Bronze,80,Low,1
CUST104597,John Mcneil,Female,34,Kochi,Kerala,2021-10-25,2024-10-28,23,4.94,437,19,2414.21,55526.83,55541.31,Fashion,Online,Medium Value,Silver,604,High,0
CUST104598,Stephen Allen,Male,41,Pune,Maharashtra,2023-02-07,2026-01-07,21,6.23,336,16,3064.29,64350.09,64340.69,Electronics,Offline,Medium Value,Silver,168,Medium,0
CUST104599,Tina Solomon,Male,25,Kolkata,West Bengal,2020-02-01,2026-03-31,10,1.57,60,6,3780.88,37808.8,37915.52,Sports,Online,Medium Value,Silver,85,Low,1
CUST104600,Jennifer Townsend,Male,63,Chandigarh,Chandigarh,2022-04-01,2026-03-30,80,18.94,2240,28,13302.63,1064210.4,1064371.38,Beauty,Offline,High Value,Platinum,86,Low,0
CUST104601,Michelle Mcbride,Male,61,Pune,Maharashtra,2020-03-27,2025-03-17,5,0.8,25,5,496.26,2481.3,2476.07,Fashion,Online,Low Value,Bronze,464,High,1
CUST104602,Aaron Webb,Male,32,Indore,Madhya Pradesh,2022-12-10,2025-09-17,5,1.42,5,1,815.64,4078.2,4090.59,Home & Kitchen,Online,Low Value,Bronze,280,High,1
CUST104603,Kathryn Clark,Female,35,Jaipur,Rajasthan,2021-06-09,2026-06-12,19,3.77,304,16,4062.4,77185.6,77110.86,Electronics,Online,Medium Value,Silver,12,Low,0
CUST104604,Matthew Doyle,Male,51,Kanpur,Uttar Pradesh,2020-12-23,2025-01-12,17,3.09,102,6,1398.87,23780.79,23751.61,Electronics,Online,Medium Value,Bronze,528,High,0
CUST104605,Kiara Preston,Female,33,Jaipur,Rajasthan,2023-05-14,2025-04-25,2,0.64,8,4,1484.97,2969.94,2953.27,Beauty,Online,Low Value,Bronze,425,High,1
CUST104606,Lisa Salazar MD,Male,38,Chandigarh,Chandigarh,2022-09-23,2026-03-17,2,0.53,14,7,2465.13,4930.26,4893.41,Grocery,Online,Low Value,Bronze,99,Medium,1
CUST104607,Rebecca Gibson,Male,43,Coimbatore,Tamil Nadu,2020-01-12,2026-05-11,111,17.23,2553,23,9153.55,1016044.05,1016030.02,Home & Kitchen,Offline,High Value,Platinum,44,Low,0
CUST104608,Kimberly Ryan,Male,55,Surat,Gujarat,2024-04-13,2026-05-27,7,3.2,7,1,1134.98,7944.86,7954.96,Home & Kitchen,Offline,Low Value,Bronze,28,Low,0
CUST104609,Amanda Cook,Male,18,Delhi,Delhi,2021-07-23,2026-01-25,26,5.29,520,20,5715.74,148609.24,148594.37,Fashion,Online,Medium Value,Gold,150,Low,0
CUST104610,Mark Conner,Male,50,Pune,Maharashtra,2019-01-19,2026-03-26,21,2.83,399,19,2362.19,49605.99,49618.15,Fashion,Offline,Medium Value,Silver,90,Low,0
CUST104611,Shawn Hickman,Female,21,Guwahati,Assam,2023-12-09,2026-05-11,37,14.59,444,12,15685.46,580362.02,580194.11,Grocery,Online,High Value,Gold,44,Low,0
CUST104612,Lisa Hall,Male,45,Kochi,Kerala,2021-09-30,2026-04-20,28,5.93,168,6,5115.83,143243.24,143357.81,Home & Kitchen,Offline,Medium Value,Gold,65,Low,0
CUST104613,Kevin Cole,Female,42,Mumbai,Maharashtra,2019-08-30,2026-04-24,68,9.98,1700,25,11880.31,807861.08,807641.2,Beauty,Online,High Value,Platinum,61,Low,0
CUST104614,Matthew Williams,Female,35,Nagpur,Maharashtra,2021-02-25,2025-10-31,22,4.14,374,17,1643.96,36167.12,36205.47,Home & Kitchen,Online,Medium Value,Silver,236,High,0
CUST104615,Tanner King,Male,35,Guwahati,Assam,2019-11-04,2025-04-01,35,5.28,70,2,4035.3,141235.5,141284.22,Fashion,Offline,Medium Value,Gold,449,High,0
CUST104616,Joseph Williams,Female,24,Kolkata,West Bengal,2019-04-14,2026-03-01,4,0.56,40,10,1675.33,6701.32,6745.17,Beauty,Online,Low Value,Bronze,115,Medium,1
CUST104617,Joann Sanders,Male,58,Chandigarh,Chandigarh,2023-07-28,2026-05-29,3,1.03,18,6,1553.7,4661.1,4644.3,Fashion,Online,Low Value,Bronze,26,Low,1
CUST104618,Tyler Lang,Female,54,Bhopal,Madhya Pradesh,2020-08-24,2024-12-14,41,7.04,492,12,3284.06,134646.46,134699.24,Beauty,Online,Medium Value,Gold,557,High,0
CUST104619,Robert Payne,Male,21,Madurai,Tamil Nadu,2020-07-07,2025-11-12,12,2.01,48,4,1399.48,16793.76,16758.36,Grocery,Offline,Medium Value,Bronze,224,High,0
CUST104620,Jonathan Cisneros,Male,18,Surat,Gujarat,2020-08-07,2026-06-19,7,1.19,49,7,601.37,4209.59,4202.67,Electronics,Online,Low Value,Bronze,5,Low,1
CUST104621,Margaret Torres,Female,23,Ahmedabad,Gujarat,2023-01-03,2025-12-03,5,1.44,25,5,767.23,3836.15,3829.41,Sports,Online,Low Value,Bronze,203,High,1
CUST104622,Amber Zhang,Female,42,Delhi,Delhi,2023-05-06,2026-05-11,135,43.14,3780,28,11560.61,1560682.35,1560690.9,Grocery,Online,High Value,Platinum,44,Low,0
CUST104623,Matthew Roberts,Female,55,Lucknow,Uttar Pradesh,2023-11-24,2026-03-20,12,4.66,12,1,4594.1,55129.2,55155.11,Fashion,Offline,Medium Value,Silver,96,Medium,0
CUST104624,David Hays,Female,38,Kanpur,Uttar Pradesh,2022-03-26,2026-05-23,15,3.54,105,7,541.11,8116.65,8123.63,Sports,Offline,Low Value,Bronze,32,Low,0
CUST104625,Erin Gardner,Female,60,Hyderabad,Telangana,2022-03-19,2026-02-26,21,4.93,210,10,2180.78,45796.38,45801.34,Home & Kitchen,Online,Medium Value,Silver,118,Medium,0
CUST104626,Michael Miller,Male,27,Surat,Gujarat,2019-09-03,2025-12-22,42,6.18,336,8,6693.18,281113.56,281308.17,Grocery,Offline,High Value,Gold,184,High,0
CUST104627,Theresa Smith,Female,30,Ranchi,Jharkhand,2023-02-20,2026-04-04,21,6.3,273,13,1901.52,39931.92,39948.32,Fashion,Online,Medium Value,Silver,81,Low,0
CUST104628,Paul Scott,Female,20,Surat,Gujarat,2023-12-15,2025-10-08,11,4.37,165,15,6817.21,74989.31,75038.77,Grocery,Online,Medium Value,Silver,259,High,0
CUST104629,Megan Perry,Female,41,Ahmedabad,Gujarat,2019-11-08,2026-06-17,35,5.29,420,12,5469.2,191422.0,191533.85,Grocery,Online,Medium Value,Gold,7,Low,0
CUST104630,Christina Martin,Male,33,Lucknow,Uttar Pradesh,2024-04-15,2026-02-14,96,43.94,1248,13,16166.06,1551941.76,1551947.07,Fashion,Offline,High Value,Platinum,130,Medium,0
CUST104631,Timothy Collins,Female,51,Bengaluru,Karnataka,2022-09-26,2026-02-06,15,4.01,120,8,2531.24,37968.6,37933.26,Sports,Online,Medium Value,Silver,138,Medium,0
CUST104632,Kimberly Jones,Male,36,Nashik,Maharashtra,2019-09-12,2026-01-23,5,0.74,45,9,2193.71,10968.55,11000.08,Sports,Offline,Low Value,Bronze,152,Medium,1
CUST104633,Dr. Sarah Smith,Female,41,Madurai,Tamil Nadu,2019-01-02,2025-12-09,8,1.07,80,10,200.0,1600.0,1598.34,Grocery,Online,Low Value,Bronze,197,High,1
CUST104634,Richard Bauer,Male,18,Jaipur,Rajasthan,2022-05-18,2026-05-17,134,32.72,2680,20,10919.19,1463171.46,1463339.47,Beauty,Offline,High Value,Platinum,38,Low,0
CUST104635,Traci Wilson,Female,46,Coimbatore,Tamil Nadu,2023-12-20,2025-12-19,9,3.59,9,1,200.0,1800.0,1798.69,Sports,Offline,Low Value,Bronze,187,High,0
CUST104636,Bryan Miranda,Male,18,Patna,Bihar,2021-05-16,2026-01-13,21,4.12,294,14,4603.85,96680.85,96747.78,Electronics,Online,Medium Value,Silver,162,Medium,0
CUST104637,Julie Martinez,Male,42,Ahmedabad,Gujarat,2022-06-10,2026-06-01,16,3.97,48,3,3063.87,49021.92,49053.88,Electronics,Online,Medium Value,Silver,23,Low,0
CUST104638,Diana Miller,Male,31,Nashik,Maharashtra,2019-08-26,2025-11-17,2,0.5,16,8,1102.92,2205.84,3762.46,Electronics,Offline,Low Value,Bronze,219,High,1
CUST104639,Heather Hughes,Male,27,Ranchi,Jharkhand,2023-01-26,2024-12-15,2,0.59,4,2,440.67,881.34,884.8,Fashion,Offline,Low Value,Bronze,556,High,1
CUST104640,Tony Swanson,Male,31,Ahmedabad,Gujarat,2023-10-13,2024-08-22,9,3.34,18,2,3181.74,28635.66,28600.55,Grocery,Offline,Medium Value,Bronze,671,High,0
CUST104641,Lisa Montes,Male,35,Patna,Bihar,2023-08-27,2025-09-02,7,2.48,42,6,2637.32,18461.24,18444.27,Home & Kitchen,Offline,Medium Value,Bronze,295,High,0
CUST104642,Wendy Martin,Female,46,Jaipur,Rajasthan,2019-11-01,2025-08-14,9,1.36,72,8,1343.88,12094.92,12134.47,Electronics,Online,Low Value,Bronze,314,High,1
CUST104643,Joseph Norris,Male,45,Patna,Bihar,2023-09-02,2026-04-18,119,42.45,5236,44,8241.78,980771.82,980863.21,Fashion,Online,High Value,Platinum,67,Low,0
CUST104644,William Todd,Male,46,Madurai,Tamil Nadu,2019-07-21,2025-09-21,3,0.5,24,8,902.28,2706.84,3122.47,Electronics,Online,Low Value,Bronze,276,High,1
CUST104645,Gerald Price,Male,19,Madurai,Tamil Nadu,2023-11-06,2024-08-29,2,0.76,22,11,467.15,934.3,932.18,Beauty,Offline,Low Value,Bronze,664,High,1
CUST104646,Ashley Hunt,Female,54,Pune,Maharashtra,2023-09-19,2026-03-18,23,8.34,115,5,3531.1,81215.3,81192.39,Home & Kitchen,Online,Medium Value,Silver,98,Medium,0
CUST104647,Christy Lee,Female,18,Visakhapatnam,Andhra Pradesh,2023-02-25,2025-07-13,19,5.72,247,13,3747.47,71201.93,71187.67,Fashion,Online,Medium Value,Silver,346,High,0
CUST104648,Patricia Adkins,Female,37,Indore,Madhya Pradesh,2021-12-28,2024-03-20,7,1.56,28,4,496.41,3474.87,3470.75,Sports,Offline,Low Value,Bronze,826,High,1
CUST104649,Willie Perez,Male,55,Surat,Gujarat,2022-08-19,2026-03-10,83,21.61,1743,21,14360.13,1191890.79,1192011.88,Sports,Online,High Value,Platinum,106,Medium,0
CUST104650,Susan Snyder,Female,30,Chennai,Tamil Nadu,2019-09-21,2026-03-08,138,20.44,2346,17,7958.1,1098217.8,1098229.57,Beauty,Online,High Value,Platinum,108,Medium,0
CUST104651,Jasmine Day,Female,29,Guwahati,Assam,2023-04-28,2024-06-06,3,0.95,6,2,2069.03,6207.09,6194.06,Beauty,Online,Low Value,Bronze,748,High,1
CUST104652,Andrew Chavez,Female,37,Madurai,Tamil Nadu,2022-02-15,2026-05-17,18,4.14,396,22,1992.2,35859.6,35858.62,Grocery,Offline,Medium Value,Silver,38,Low,0
CUST104653,Henry Huerta,Male,22,Nagpur,Maharashtra,2022-03-17,2026-06-14,4,0.94,4,1,1507.79,6031.16,6045.69,Grocery,Offline,Low Value,Bronze,10,Low,1
CUST104654,Mariah Perry,Male,53,Indore,Madhya Pradesh,2019-08-05,2026-03-25,12,1.74,168,14,4318.63,51823.56,51700.83,Electronics,Offline,Medium Value,Silver,91,Medium,1
CUST104655,Tracy Atkins,Male,32,Ranchi,Jharkhand,2020-03-15,2026-03-09,20,3.19,400,20,15907.84,318156.8,318161.16,Home & Kitchen,Online,High Value,Gold,107,Low,0
CUST104656,Ryan Wheeler,Male,54,Kolkata,West Bengal,2023-09-20,2026-06-18,8,2.9,80,10,1257.05,10056.4,10040.57,Electronics,Online,Low Value,Bronze,6,Low,0
CUST104657,Audrey Taylor,Male,43,Visakhapatnam,Andhra Pradesh,2020-04-16,2025-10-14,32,5.18,704,22,4929.8,157753.6,157867.52,Fashion,Offline,Medium Value,Gold,253,High,0
CUST104658,Zachary Swanson MD,Male,45,Bengaluru,Karnataka,2021-08-30,2026-04-27,108,22.45,1944,18,8109.91,875870.28,875818.1,Home & Kitchen,Online,High Value,Platinum,58,Low,0
CUST104659,Amanda Conley,Female,35,Nashik,Maharashtra,2019-06-05,2025-10-02,2,0.5,6,3,1358.22,2716.44,4785.84,Grocery,Online,Low Value,Bronze,265,High,1
CUST104660,Eric Short,Male,28,Ahmedabad,Gujarat,2021-05-10,2026-04-16,14,2.74,196,14,2605.63,36478.82,36532.75,Beauty,Online,Medium Value,Silver,69,Low,0
CUST104661,Scott Brown,Other,32,Coimbatore,Tamil Nadu,2021-02-27,2026-05-10,13,2.45,52,4,5620.11,73061.43,73172.22,Grocery,Offline,Medium Value,Silver,45,Low,0
CUST104662,Victor Taylor,Female,36,Nagpur,Maharashtra,2024-05-28,2026-04-28,34,16.45,442,13,4986.81,169551.54,169568.61,Electronics,Online,Medium Value,Gold,57,Low,0
CUST104663,James Hernandez,Female,31,Guwahati,Assam,2022-10-22,2026-02-21,12,3.27,60,5,2144.55,25734.6,25708.35,Electronics,Online,Medium Value,Bronze,123,Medium,0
CUST104664,Jason Jones,Male,27,Pune,Maharashtra,2023-11-28,2023-11-28,9,3.51,90,10,200.0,1800.0,1800.89,Grocery,Online,Low Value,Bronze,939,High,0
CUST104665,Angela Parker,Male,48,Nashik,Maharashtra,2023-07-13,2025-05-28,8,2.72,64,8,1582.27,12658.16,12666.82,Grocery,Online,Low Value,Bronze,392,High,0
CUST104666,Alexander Zavala,Female,33,Pune,Maharashtra,2019-10-13,2026-06-17,52,7.77,988,19,10908.86,567260.72,567167.54,Home & Kitchen,Online,High Value,Gold,7,Low,0
CUST104667,Michael Kane,Male,61,Indore,Madhya Pradesh,2021-07-04,2025-07-01,2,0.5,14,7,862.53,1725.06,2141.86,Electronics,Online,Low Value,Bronze,358,High,1
CUST104668,Lindsey York,Female,60,Kochi,Kerala,2023-12-09,2025-11-08,17,6.71,323,19,2262.09,38455.53,38481.6,Fashion,Offline,Medium Value,Silver,228,High,0
CUST104669,Brandon Baker,Female,44,Ranchi,Jharkhand,2023-11-17,2026-05-14,35,13.48,595,17,3348.2,117187.0,117143.82,Grocery,Online,Medium Value,Silver,41,Low,0
CUST104670,Stephen White,Male,33,Jaipur,Rajasthan,2022-05-01,2026-04-01,23,5.55,345,15,2751.95,63294.85,63267.73,Beauty,Online,Medium Value,Silver,84,Low,0
CUST104671,Robert Hall,Female,44,Pune,Maharashtra,2023-09-21,2026-06-07,4,1.45,8,2,1786.84,7147.36,7129.01,Sports,Online,Low Value,Bronze,17,Low,1
CUST104672,Ryan Pierce,Male,51,Lucknow,Uttar Pradesh,2023-08-23,2026-05-01,2,0.71,22,11,1116.74,2233.48,2244.61,Home & Kitchen,Online,Low Value,Bronze,54,Low,1
CUST104673,Shannon Cain,Male,45,Patna,Bihar,2021-08-05,2026-04-01,43,8.81,774,18,12879.69,553826.67,553603.46,Sports,Offline,High Value,Gold,84,Low,0
CUST104674,Laura Vaughn,Female,47,Ranchi,Jharkhand,2023-01-18,2026-01-17,13,3.8,260,20,3334.07,43342.91,43393.57,Beauty,Offline,Medium Value,Silver,158,Medium,0
CUST104675,Juan Evans,Female,27,Chennai,Tamil Nadu,2020-09-05,2026-04-27,3,0.52,18,6,1345.92,4037.76,4054.6,Fashion,Online,Low Value,Bronze,58,Low,1
CUST104676,Nicole Williams,Male,37,Lucknow,Uttar Pradesh,2020-12-26,2026-06-11,37,6.74,185,5,6250.04,231251.48,231126.74,Electronics,Online,Medium Value,Gold,13,Low,0
CUST104677,Jennifer Barrett,Male,44,Chennai,Tamil Nadu,2019-09-17,2025-11-26,12,1.77,72,6,466.58,5598.96,5584.78,Electronics,Online,Low Value,Bronze,210,High,1
CUST104678,Anthony Jones,Male,18,Patna,Bihar,2024-05-18,2025-11-06,23,10.98,253,11,4175.47,96035.81,96023.81,Fashion,Offline,Medium Value,Silver,230,High,0
CUST104679,Leah Rodriguez,Female,62,Kanpur,Uttar Pradesh,2019-02-19,2026-06-19,16,2.18,80,5,572.17,9154.72,9152.21,Sports,Offline,Low Value,Bronze,5,Low,0
CUST104680,John Ward,Male,31,Chennai,Tamil Nadu,2019-12-27,2026-03-16,41,6.32,615,15,4234.08,173597.28,173560.53,Grocery,Online,Medium Value,Gold,100,Low,0
CUST104681,Deborah Garza,Female,60,Surat,Gujarat,2023-04-06,2025-09-28,13,4.05,195,15,4753.67,61797.71,61828.95,Electronics,Online,Medium Value,Silver,269,High,0
CUST104682,Rebecca Miller,Female,48,Delhi,Delhi,2019-07-04,2025-02-04,14,2.01,154,11,322.45,4514.3,4516.02,Sports,Offline,Low Value,Bronze,505,High,0
CUST104683,Matthew Carroll,Female,50,Bhopal,Madhya Pradesh,2024-02-20,2026-05-31,29,12.42,174,6,1949.65,56539.85,56550.58,Home & Kitchen,Offline,Medium Value,Silver,24,Low,0
CUST104684,Lynn Smith,Male,43,Coimbatore,Tamil Nadu,2022-08-08,2023-08-30,5,1.29,35,7,681.59,3407.95,3403.86,Beauty,Online,Low Value,Bronze,1029,High,1
CUST104685,Michael Jackson,Female,41,Kolkata,West Bengal,2022-07-14,2026-06-07,12,3.05,132,11,1054.33,12651.96,12669.14,Grocery,Online,Low Value,Bronze,17,Low,0
CUST104686,Sharon Hicks,Female,39,Indore,Madhya Pradesh,2023-02-13,2026-05-26,100,29.82,1800,18,5572.19,557219.0,557287.65,Home & Kitchen,Online,High Value,Gold,29,Low,0
CUST104687,Abigail Mills MD,Female,39,Kochi,Kerala,2020-02-07,2026-04-07,83,13.03,2075,25,7173.08,595365.64,595465.01,Home & Kitchen,Online,High Value,Gold,78,Low,0
CUST104688,Paula Lopez,Female,42,Indore,Madhya Pradesh,2021-08-16,2025-11-19,21,4.33,231,11,1471.68,30905.28,30897.95,Electronics,Online,Medium Value,Bronze,217,High,0
CUST104689,Amy Clark,Female,47,Vadodara,Gujarat,2023-03-15,2025-12-17,1,0.5,2,2,1485.13,1485.13,2429.47,Fashion,Offline,Low Value,Bronze,189,High,1
CUST104690,Cheryl Rose,Male,50,Ranchi,Jharkhand,2019-10-21,2025-12-31,50,7.5,1250,25,2438.23,121911.5,121961.57,Home & Kitchen,Offline,Medium Value,Silver,175,Medium,0
CUST104691,Jared Garza,Male,43,Madurai,Tamil Nadu,2023-04-26,2025-02-07,16,5.07,256,16,5773.81,92380.96,92407.99,Fashion,Offline,Medium Value,Silver,502,High,0
CUST104692,Donna Wright,Male,52,Patna,Bihar,2023-05-30,2026-04-03,9,2.94,180,20,2334.96,21014.64,21031.33,Home & Kitchen,Offline,Medium Value,Bronze,82,Low,0
CUST104693,Belinda Fisher,Female,37,Delhi,Delhi,2022-06-26,2024-09-22,16,4.01,256,16,200.0,3200.0,3199.22,Beauty,Offline,Low Value,Bronze,640,High,0
CUST104694,Kathleen Levine,Male,42,Nagpur,Maharashtra,2020-07-01,2025-11-02,16,2.68,96,6,5420.81,86732.96,86788.76,Grocery,Online,Medium Value,Silver,234,High,0
CUST104695,Corey King,Male,62,Guwahati,Assam,2021-06-12,2025-05-27,7,1.39,42,6,454.89,3184.23,3178.36,Grocery,Online,Low Value,Bronze,393,High,1
CUST104696,Cody Davidson,Male,21,Chandigarh,Chandigarh,2020-03-27,2026-06-05,38,6.09,494,13,1657.06,62968.28,62938.88,Sports,Online,Medium Value,Silver,19,Low,0
CUST104697,Michael Anderson,Female,22,Vadodara,Gujarat,2020-05-12,2026-05-18,20,3.27,140,7,3492.13,69842.6,69781.79,Sports,Online,Medium Value,Silver,37,Low,0
CUST104698,Zachary Mcgee,Male,35,Bhopal,Madhya Pradesh,2019-04-07,2026-06-18,68,9.43,1768,26,13984.43,950941.24,950642.22,Fashion,Online,High Value,Platinum,6,Low,0
CUST104699,Melinda Anderson,Male,44,Jaipur,Rajasthan,2021-08-11,2025-11-14,6,1.23,60,10,200.0,1200.0,1196.16,Grocery,Online,Low Value,Bronze,222,High,1
CUST104700,Tyler Andrews,Female,18,Madurai,Tamil Nadu,2020-03-11,2025-07-22,5,0.8,60,12,4455.91,22279.55,22388.74,Grocery,Online,Medium Value,Bronze,337,High,1
CUST104701,Michelle Greer,Female,39,Chandigarh,Chandigarh,2019-04-28,2026-05-30,50,6.99,1500,30,6956.67,347833.5,347745.51,Sports,Online,High Value,Gold,25,Low,0
CUST104702,Brian Clark,Female,35,Mumbai,Maharashtra,2022-12-22,2026-05-06,7,2.0,35,5,200.0,1400.0,1399.59,Sports,Online,Low Value,Bronze,49,Low,0
CUST104703,Nathaniel Floyd,Male,25,Kolkata,West Bengal,2021-09-11,2026-03-14,23,4.81,23,1,4942.22,113671.06,113572.28,Grocery,Online,Medium Value,Silver,102,Medium,0
CUST104704,Erika Jenkins,Female,29,Jaipur,Rajasthan,2022-07-04,2026-06-19,15,3.78,15,1,4068.63,61029.45,61012.41,Home & Kitchen,Online,Medium Value,Silver,5,Low,0
CUST104705,Melanie Ramos,Male,43,Guwahati,Assam,2024-01-10,2026-02-21,18,7.35,360,20,2585.27,46534.86,46509.38,Electronics,Online,Medium Value,Silver,123,Medium,0
CUST104706,Mark Clark,Female,50,Mumbai,Maharashtra,2021-02-04,2026-03-30,7,1.3,49,7,1451.62,10161.34,10147.23,Fashion,Online,Low Value,Bronze,86,Low,1
CUST104707,Sergio Hodge,Male,39,Visakhapatnam,Andhra Pradesh,2023-04-21,2026-03-14,89,28.07,3026,34,6588.92,586413.88,586374.37,Electronics,Online,High Value,Gold,102,Low,0
CUST104708,Katherine Avery,Female,35,Madurai,Tamil Nadu,2019-05-13,2026-04-25,1,0.5,6,6,1079.05,1079.05,3836.13,Home & Kitchen,Online,Low Value,Bronze,60,Low,1
CUST104709,David Hamilton,Male,18,Guwahati,Assam,2024-04-22,2026-05-28,30,13.85,330,11,4197.82,125934.6,125909.89,Electronics,Offline,Medium Value,Gold,27,Low,0
CUST104710,Richard Bass,Female,18,Hyderabad,Telangana,2021-12-07,2026-05-11,15,3.3,135,9,4440.04,66600.6,66511.25,Grocery,Online,Medium Value,Silver,44,Low,0
CUST104711,Kelly Harris,Male,55,Patna,Bihar,2023-08-26,2026-02-04,16,5.67,144,9,5000.01,80000.16,80024.39,Home & Kitchen,Online,Medium Value,Silver,140,Medium,0
CUST104712,Dustin Campbell,Female,18,Kolkata,West Bengal,2024-01-06,2026-01-08,12,4.88,72,6,3944.02,47328.24,47320.03,Sports,Online,Medium Value,Silver,167,Medium,0
CUST104713,Randy Kennedy,Female,34,Surat,Gujarat,2023-02-10,2025-08-19,4,1.19,36,9,1087.47,4349.88,4350.83,Beauty,Online,Low Value,Bronze,309,High,1
CUST104714,Ana Gibson,Male,35,Mumbai,Maharashtra,2021-10-20,2026-05-28,23,4.92,368,16,2901.85,66742.55,66685.11,Home & Kitchen,Online,Medium Value,Silver,27,Low,0
CUST104715,Danny Harris,Male,36,Coimbatore,Tamil Nadu,2020-04-23,2025-06-30,25,4.06,175,7,1871.34,46783.5,46823.51,Fashion,Online,Medium Value,Silver,359,High,0
CUST104716,Sara Stuart,Male,60,Kanpur,Uttar Pradesh,2020-09-24,2025-08-20,28,4.88,448,16,2843.14,79607.92,79657.43,Beauty,Offline,Medium Value,Silver,308,High,0
CUST104717,John Kim,Male,29,Chandigarh,Chandigarh,2024-01-26,2026-06-15,3,1.25,15,5,899.09,2697.27,2701.58,Home & Kitchen,Online,Low Value,Bronze,9,Low,1
CUST104718,Richard Brewer,Female,27,Coimbatore,Tamil Nadu,2019-03-04,2026-05-30,33,4.52,264,8,4674.45,154256.85,154277.2,Sports,Online,Medium Value,Gold,25,Low,0
CUST104719,William Arnold,Male,27,Chennai,Tamil Nadu,2020-01-28,2026-01-15,6,0.94,30,5,2198.94,13193.64,13225.43,Grocery,Online,Low Value,Bronze,160,Medium,1
CUST104720,Brianna Adams,Female,43,Ahmedabad,Gujarat,2019-05-02,2025-09-27,24,3.36,288,12,765.28,18366.72,18360.18,Sports,Offline,Medium Value,Bronze,270,High,0
CUST104721,David Garcia,Female,54,Pune,Maharashtra,2023-06-30,2026-04-25,52,17.46,624,12,9108.33,473633.16,473719.94,Home & Kitchen,Online,High Value,Gold,60,Low,0
CUST104722,Kelli Collins,Female,39,Vadodara,Gujarat,2023-07-25,2026-02-09,12,4.12,168,14,2638.78,31665.36,31640.51,Home & Kitchen,Online,Medium Value,Bronze,135,Medium,0
CUST104723,Arthur Krueger,Female,58,Bhopal,Madhya Pradesh,2021-10-18,2026-05-30,25,5.35,25,1,7259.22,181480.5,181610.68,Home & Kitchen,Offline,Medium Value,Gold,25,Low,0
CUST104724,Steven King,Male,40,Delhi,Delhi,2023-03-20,2026-05-12,36,11.05,144,4,4097.75,147519.0,147524.61,Fashion,Online,Medium Value,Gold,43,Low,0
CUST104725,Tyler Velazquez,Female,68,Surat,Gujarat,2021-02-24,2026-05-11,62,11.65,1798,29,10036.72,622276.64,622334.35,Fashion,Online,High Value,Gold,44,Low,0
CUST104726,Laura Middleton,Female,29,Indore,Madhya Pradesh,2022-06-24,2024-06-22,10,2.5,50,5,372.1,3721.0,3715.91,Grocery,Offline,Low Value,Bronze,732,High,0
CUST104727,Lori Madden,Female,32,Guwahati,Assam,2019-11-19,2025-09-13,5,0.76,25,5,1533.5,7667.5,7680.39,Home & Kitchen,Online,Low Value,Bronze,284,High,1
CUST104728,Tyler Murphy,Male,55,Vadodara,Gujarat,2023-05-09,2026-01-10,7,2.24,7,1,200.0,1400.0,1398.28,Electronics,Online,Low Value,Bronze,165,Medium,0
CUST104729,Kristen Bradley,Male,30,Guwahati,Assam,2019-01-26,2026-06-21,52,7.02,676,13,3319.01,172588.52,172489.29,Beauty,Offline,Medium Value,Gold,3,Low,0
CUST104730,Corey Rodriguez,Male,56,Chennai,Tamil Nadu,2023-04-01,2026-05-28,65,20.15,1235,19,9780.01,635700.65,635578.82,Electronics,Offline,High Value,Gold,27,Low,0
CUST104731,Phillip King,Male,46,Nagpur,Maharashtra,2019-04-18,2026-06-14,106,14.77,2862,27,7202.16,763428.96,763634.82,Beauty,Offline,High Value,Platinum,10,Low,0
CUST104732,Laurie Fuller,Female,18,Madurai,Tamil Nadu,2024-04-17,2024-04-17,5,2.29,5,1,963.03,4815.15,4806.16,Grocery,Online,Low Value,Bronze,798,High,0
CUST104733,Toni Cunningham,Female,39,Vadodara,Gujarat,2023-02-23,2026-03-26,1,0.5,4,4,1058.01,1058.01,1759.73,Home & Kitchen,Online,Low Value,Bronze,90,Low,1
CUST104734,James Weber,Male,26,Delhi,Delhi,2020-12-11,2026-02-13,10,1.81,160,16,587.98,5879.8,5882.84,Home & Kitchen,Offline,Low Value,Bronze,131,Medium,1
CUST104735,Erika Hodge,Male,34,Lucknow,Uttar Pradesh,2020-02-17,2026-02-17,41,6.46,1148,28,12336.91,505813.31,505562.35,Fashion,Offline,High Value,Gold,127,Low,0
CUST104736,Peter Patel,Female,47,Chennai,Tamil Nadu,2020-08-23,2026-05-16,21,3.6,273,13,1373.75,28848.75,28826.75,Electronics,Online,Medium Value,Bronze,39,Low,0
CUST104737,Jeffrey Hart DDS,Female,24,Coimbatore,Tamil Nadu,2021-01-21,2025-02-24,37,6.83,666,18,4517.47,167146.39,167090.61,Home & Kitchen,Online,Medium Value,Gold,485,High,0
CUST104738,Steven Hall,Female,46,Vadodara,Gujarat,2020-11-10,2026-02-11,25,4.45,75,3,4400.86,110021.5,109916.07,Fashion,Offline,Medium Value,Silver,133,Medium,0
CUST104739,Christine Gutierrez,Male,42,Guwahati,Assam,2022-06-03,2025-07-12,28,6.91,252,9,2205.07,61741.96,61740.75,Beauty,Offline,Medium Value,Silver,347,High,0
CUST104740,Angel Becker DVM,Male,39,Lucknow,Uttar Pradesh,2023-01-16,2025-02-20,8,2.33,24,3,1082.96,8663.68,8656.24,Grocery,Offline,Low Value,Bronze,489,High,0
CUST104741,Chad Rojas,Male,38,Vadodara,Gujarat,2023-02-23,2026-03-02,75,22.55,1650,22,3322.32,249174.0,249214.93,Fashion,Online,High Value,Gold,114,Low,0
CUST104742,Brent Scott,Female,39,Coimbatore,Tamil Nadu,2019-09-26,2026-06-21,134,19.89,2144,16,10129.65,1357373.1,1357533.68,Fashion,Offline,High Value,Platinum,3,Low,0
CUST104743,Jennifer Esparza,Female,56,Hyderabad,Telangana,2023-12-30,2025-04-20,8,3.23,80,10,736.57,5892.56,5894.88,Fashion,Offline,Low Value,Bronze,430,High,0
CUST104744,Stacy Orozco,Male,60,Indore,Madhya Pradesh,2020-12-21,2025-08-08,28,5.09,532,19,4156.2,116373.6,116360.06,Home & Kitchen,Online,Medium Value,Silver,320,High,0
CUST104745,Thomas Carr,Female,57,Coimbatore,Tamil Nadu,2021-07-12,2026-04-27,109,22.04,2725,25,7183.39,782989.51,782831.98,Electronics,Offline,High Value,Platinum,58,Low,0
CUST104746,David George,Male,54,Vadodara,Gujarat,2019-08-26,2026-06-05,88,12.9,1936,22,9307.29,819041.52,819163.83,Sports,Online,High Value,Platinum,19,Low,0
CUST104747,Teresa Allen,Female,38,Chandigarh,Chandigarh,2024-01-12,2026-05-15,103,42.18,2266,22,10780.53,1110394.59,1110507.04,Fashion,Offline,High Value,Platinum,40,Low,0
CUST104748,Donald Jackson,Male,37,Coimbatore,Tamil Nadu,2019-10-06,2025-12-03,20,2.98,260,13,2732.88,54657.6,54649.97,Electronics,Online,Medium Value,Silver,203,High,0
CUST104749,Monica Howe,Male,56,Lucknow,Uttar Pradesh,2019-11-22,2024-11-25,7,1.06,7,1,756.72,5297.04,5279.41,Beauty,Online,Low Value,Bronze,576,High,1
CUST104750,Willie Flynn PhD,Female,38,Chennai,Tamil Nadu,2020-07-19,2025-11-19,27,4.56,189,7,1591.79,42978.33,43004.87,Beauty,Offline,Medium Value,Silver,217,High,0
CUST104751,Jonathan Perez,Female,39,Nagpur,Maharashtra,2023-05-13,2025-04-11,16,5.14,112,7,3169.02,50704.32,50661.29,Home & Kitchen,Online,Medium Value,Silver,439,High,0
CUST104752,April Horton,Female,41,Patna,Bihar,2024-04-28,2026-06-21,10,4.65,10,1,1880.66,18806.6,18795.01,Home & Kitchen,Online,Medium Value,Bronze,3,Low,0
CUST104753,Nicole Hawkins,Male,35,Chandigarh,Chandigarh,2022-12-24,2026-05-04,19,5.44,38,2,5183.32,98483.08,98507.06,Electronics,Online,Medium Value,Silver,51,Low,0
CUST104754,Patrick Hooper,Male,21,Bhopal,Madhya Pradesh,2023-05-17,2026-05-30,4,1.29,24,6,857.82,3431.28,3429.59,Sports,Offline,Low Value,Bronze,25,Low,1
CUST104755,Mary Lee,Female,42,Pune,Maharashtra,2019-10-20,2025-06-25,1,0.5,7,7,1939.43,1939.43,6470.08,Sports,Offline,Low Value,Bronze,364,High,1
CUST104756,Cynthia Williams,Male,50,Delhi,Delhi,2023-05-02,2025-12-02,86,27.39,2408,28,14706.97,1264799.42,1264993.9,Beauty,Online,High Value,Platinum,204,High,0
CUST104757,Ronald Gonzalez,Female,49,Nashik,Maharashtra,2021-01-25,2025-01-03,6,1.11,18,3,552.4,3314.4,3313.86,Beauty,Offline,Low Value,Bronze,537,High,1
CUST104758,Antonio Cole,Male,29,Vadodara,Gujarat,2021-05-15,2026-01-13,16,3.14,176,11,3144.12,50305.92,50383.05,Grocery,Offline,Medium Value,Silver,162,Medium,0
CUST104759,Amanda Swanson,Female,23,Visakhapatnam,Andhra Pradesh,2020-03-25,2024-09-16,2,0.5,2,1,678.48,1356.96,2117.64,Beauty,Online,Low Value,Bronze,646,High,1
CUST104760,Holly Sherman,Male,47,Visakhapatnam,Andhra Pradesh,2023-11-15,2026-02-26,11,4.23,110,10,3738.0,41118.0,41125.68,Fashion,Online,Medium Value,Silver,118,Medium,0
CUST104761,Sandy Reynolds,Female,33,Indore,Madhya Pradesh,2022-08-05,2024-03-20,4,1.03,36,9,1549.18,6196.72,6190.4,Sports,Offline,Low Value,Bronze,826,High,1
CUST104762,Sandra Moore,Male,38,Vadodara,Gujarat,2019-09-24,2026-06-01,7,1.04,63,9,1561.25,10928.75,10949.14,Electronics,Online,Low Value,Bronze,23,Low,1
CUST104763,Christopher Johnson,Female,43,Surat,Gujarat,2023-03-25,2026-06-15,26,8.01,104,4,3670.61,95435.86,95389.13,Sports,Online,Medium Value,Silver,9,Low,0
CUST104764,Ryan Fisher,Male,52,Nashik,Maharashtra,2024-03-14,2026-02-09,18,7.92,198,11,2447.38,44052.84,44046.81,Sports,Online,Medium Value,Silver,135,Medium,0
CUST104765,Christopher Jones,Female,22,Nashik,Maharashtra,2023-08-15,2026-06-14,4,1.4,36,9,1728.5,6914.0,6903.59,Beauty,Online,Low Value,Bronze,10,Low,1
CUST104766,Jeffrey Lyons,Female,46,Pune,Maharashtra,2022-10-28,2024-03-17,8,2.19,88,11,249.64,1997.12,1995.25,Fashion,Online,Low Value,Bronze,829,High,0
CUST104767,Miguel Reeves,Male,53,Hyderabad,Telangana,2023-01-10,2026-02-06,74,21.47,1554,21,6647.88,491943.12,491983.71,Grocery,Offline,High Value,Gold,138,Low,0
CUST104768,Kiara Santana,Female,47,Ahmedabad,Gujarat,2022-02-10,2025-10-15,2,0.5,6,3,200.0,400.0,436.14,Fashion,Offline,Low Value,Bronze,252,High,1
CUST104769,Tonya Richards,Female,35,Lucknow,Uttar Pradesh,2022-06-24,2026-06-05,29,7.26,580,20,4866.28,141122.12,141123.32,Grocery,Offline,Medium Value,Gold,19,Low,0
CUST104770,Jesse Poole,Female,37,Nashik,Maharashtra,2020-05-13,2026-04-10,76,12.44,2356,31,8895.75,676077.0,675946.46,Grocery,Online,High Value,Gold,75,Low,0
CUST104771,Mary Lewis,Female,44,Nagpur,Maharashtra,2019-08-27,2025-12-09,30,4.4,750,25,2415.24,72457.2,72476.38,Electronics,Online,Medium Value,Silver,197,High,0
CUST104772,Christopher Copeland,Male,39,Chandigarh,Chandigarh,2023-04-01,2026-04-23,46,14.26,368,8,4335.74,199444.04,199405.82,Beauty,Online,Medium Value,Gold,62,Low,0
CUST104773,Ethan Obrien,Female,30,Jaipur,Rajasthan,2023-10-31,2025-03-23,11,4.16,33,3,2552.77,28080.47,28057.06,Electronics,Online,Medium Value,Bronze,458,High,0
CUST104774,Rebecca Houston,Male,40,Delhi,Delhi,2019-12-01,2025-06-19,34,5.19,510,15,3220.94,109511.96,109613.81,Grocery,Online,Medium Value,Silver,370,High,0
CUST104775,Edward Barton,Female,23,Visakhapatnam,Andhra Pradesh,2022-11-02,2025-03-25,1,0.5,1,1,2390.15,2390.15,4345.13,Home & Kitchen,Offline,Low Value,Bronze,456,High,1
CUST104776,Brandon Perkins,Female,22,Visakhapatnam,Andhra Pradesh,2020-06-25,2026-05-28,107,17.86,2461,23,11022.5,1179407.5,1179284.68,Fashion,Offline,High Value,Platinum,27,Low,0
CUST104777,Beth Brown,Male,51,Chandigarh,Chandigarh,2020-09-29,2026-04-23,16,2.79,160,10,4366.71,69867.36,69779.85,Home & Kitchen,Offline,Medium Value,Silver,62,Low,0
CUST104778,Kim Vincent,Female,31,Coimbatore,Tamil Nadu,2023-11-28,2025-11-30,25,9.75,25,1,7293.56,182339.0,182428.86,Sports,Online,Medium Value,Gold,206,High,0
CUST104779,Jennifer Banks,Male,60,Surat,Gujarat,2023-04-17,2026-05-25,22,6.92,242,11,4328.51,95227.22,95292.87,Fashion,Offline,Medium Value,Silver,30,Low,0
CUST104780,Ruth Brown,Female,56,Ahmedabad,Gujarat,2019-10-01,2025-12-28,53,7.88,1537,29,11709.62,620609.86,620450.53,Sports,Online,High Value,Gold,178,Low,0
CUST104781,Shawn Lindsey,Male,46,Chandigarh,Chandigarh,2019-03-23,2026-06-06,54,7.45,270,5,7195.38,388550.52,388631.29,Electronics,Online,High Value,Gold,18,Low,0
CUST104782,Anthony Garrison,Female,66,Nagpur,Maharashtra,2022-09-19,2026-04-23,10,2.66,70,7,5721.39,57213.9,57167.22,Electronics,Online,Medium Value,Silver,62,Low,0
CUST104783,Angela Ryan,Male,41,Kanpur,Uttar Pradesh,2023-01-03,2026-01-08,24,6.92,96,4,2665.39,63969.36,63930.83,Sports,Online,Medium Value,Silver,167,Medium,0
CUST104784,Joseph Davis,Female,42,Visakhapatnam,Andhra Pradesh,2022-03-01,2025-05-13,21,4.87,84,4,200.0,4200.0,4197.33,Fashion,Offline,Low Value,Bronze,407,High,0
CUST104785,Joshua Clayton,Male,38,Madurai,Tamil Nadu,2024-02-22,2026-06-17,20,8.58,140,7,1441.33,28826.6,28813.1,Grocery,Online,Medium Value,Bronze,7,Low,0
CUST104786,John Massey,Male,45,Kolkata,West Bengal,2022-01-26,2026-01-10,1,0.5,4,4,1385.58,1385.58,3049.98,Electronics,Online,Low Value,Bronze,165,Medium,1
CUST104787,Richard Hale,Female,41,Delhi,Delhi,2019-03-07,2025-03-05,4,0.55,24,6,2673.12,10692.48,10723.22,Electronics,Offline,Low Value,Bronze,476,High,1
CUST104788,Charles Ramos,Male,55,Delhi,Delhi,2019-12-06,2025-10-16,38,5.81,228,6,2640.93,100355.34,100401.62,Electronics,Offline,Medium Value,Silver,251,High,0
CUST104789,Mark Miller,Male,30,Chandigarh,Chandigarh,2019-11-24,2025-10-06,32,4.87,480,15,2306.01,73792.32,73853.81,Beauty,Online,Medium Value,Silver,261,High,0
CUST104790,Julia Maldonado,Male,28,Surat,Gujarat,2023-11-24,2026-06-10,97,37.65,2328,24,9808.21,951396.37,951380.26,Fashion,Online,High Value,Platinum,14,Low,0
CUST104791,Gail Johnson MD,Male,52,Bhopal,Madhya Pradesh,2020-04-19,2026-03-02,1,0.5,5,5,1048.41,1048.41,3236.36,Fashion,Online,Low Value,Bronze,114,Medium,1
CUST104792,Maurice Johnson,Male,27,Vadodara,Gujarat,2019-06-09,2026-06-15,100,14.21,1500,15,9839.42,983942.0,983799.22,Beauty,Online,High Value,Platinum,9,Low,0
CUST104793,Amanda Morris,Male,59,Vadodara,Gujarat,2020-07-04,2025-11-08,20,3.35,420,21,5041.08,100821.6,100747.76,Grocery,Offline,Medium Value,Silver,228,High,0
CUST104794,Rhonda Willis,Female,28,Coimbatore,Tamil Nadu,2023-08-31,2026-06-12,20,7.12,300,15,2265.61,45312.2,45312.94,Grocery,Offline,Medium Value,Silver,12,Low,0
CUST104795,Connor Benton,Female,46,Chennai,Tamil Nadu,2022-12-03,2026-02-10,14,3.94,196,14,7801.43,109220.02,109149.11,Beauty,Online,Medium Value,Silver,134,Medium,0
CUST104796,Richard Ryan,Male,29,Nagpur,Maharashtra,2019-10-30,2026-06-09,93,14.0,93,1,11801.89,1097575.77,1097890.81,Fashion,Online,High Value,Platinum,15,Low,0
CUST104797,Richard Goodman,Female,39,Chennai,Tamil Nadu,2021-05-27,2026-04-04,3,0.59,21,7,701.72,2105.16,2099.26,Electronics,Online,Low Value,Bronze,81,Low,1
CUST104798,Michelle Mcneil,Male,25,Delhi,Delhi,2022-03-03,2026-05-03,94,21.84,2068,22,10596.99,996117.06,996087.47,Sports,Online,High Value,Platinum,52,Low,0
CUST104799,Michael Norton,Female,53,Delhi,Delhi,2020-09-18,2026-02-12,20,3.47,60,3,4368.23,87364.6,87273.83,Beauty,Online,Medium Value,Silver,132,Medium,0
CUST104800,Donna Carter,Female,56,Ahmedabad,Gujarat,2021-06-13,2026-03-17,97,19.31,2037,21,19467.99,1888395.03,1888640.21,Home & Kitchen,Online,High Value,Platinum,99,Medium,0
CUST104801,Joshua Hernandez,Male,45,Bengaluru,Karnataka,2021-08-26,2026-03-29,64,13.27,1536,24,12618.9,807609.6,807349.45,Beauty,Offline,High Value,Platinum,87,Low,0
CUST104802,Kimberly Mitchell,Female,52,Ranchi,Jharkhand,2023-07-19,2025-07-10,4,1.37,28,7,988.33,3953.32,3962.87,Grocery,Online,Low Value,Bronze,349,High,1
CUST104803,Patricia Hernandez,Male,42,Ranchi,Jharkhand,2023-09-12,2026-03-15,63,22.69,1575,25,8747.86,551115.18,551041.17,Sports,Online,High Value,Gold,101,Low,0
CUST104804,Donna Howell,Male,32,Mumbai,Maharashtra,2023-04-11,2024-10-21,4,1.25,56,14,1747.14,6988.56,6983.78,Electronics,Online,Low Value,Bronze,611,High,1
CUST104805,James Williams,Female,51,Kochi,Kerala,2023-01-23,2026-01-11,28,8.21,336,12,5634.87,157776.36,157817.4,Sports,Online,Medium Value,Gold,164,Low,0
CUST104806,Alexander Greene,Female,18,Chandigarh,Chandigarh,2024-02-29,2026-05-22,74,32.02,2664,36,4101.6,303518.4,303477.75,Beauty,Online,High Value,Gold,33,Low,0
CUST104807,Dean Sanchez,Male,28,Jaipur,Rajasthan,2021-04-01,2026-04-24,10,1.91,70,7,2505.71,25057.1,25000.71,Electronics,Online,Medium Value,Bronze,61,Low,1
CUST104808,Glenn Ward,Female,28,Madurai,Tamil Nadu,2019-01-16,2026-04-25,32,4.31,256,8,4006.19,128198.08,128300.52,Fashion,Offline,Medium Value,Gold,60,Low,0
CUST104809,Kendra Sullivan,Female,39,Coimbatore,Tamil Nadu,2022-08-12,2026-06-04,2,0.52,16,8,1527.59,3055.18,3066.47,Home & Kitchen,Offline,Low Value,Bronze,20,Low,1
CUST104810,Cynthia Hernandez,Male,25,Bhopal,Madhya Pradesh,2021-04-26,2026-04-23,61,11.83,305,5,11495.91,701250.51,701113.28,Grocery,Online,High Value,Platinum,62,Low,0
CUST104811,Darren Morris,Female,18,Nashik,Maharashtra,2024-01-24,2024-09-12,4,1.66,16,4,2417.51,9670.04,9668.72,Beauty,Online,Low Value,Bronze,650,High,1
CUST104812,Holly Underwood,Female,18,Mumbai,Maharashtra,2019-03-16,2026-06-14,185,25.45,3885,21,10897.8,2016093.0,2016048.25,Beauty,Online,High Value,Platinum,10,Low,0
CUST104813,Jaime Williams,Female,56,Kochi,Kerala,2019-11-09,2026-06-03,16,2.42,288,18,1620.61,25929.76,25952.57,Electronics,Online,Medium Value,Bronze,21,Low,0
CUST104814,Lori Brown,Female,29,Nashik,Maharashtra,2023-05-27,2024-08-09,4,1.3,40,10,1988.81,7955.24,7942.17,Home & Kitchen,Offline,Low Value,Bronze,684,High,1
CUST104815,Jason Chase,Female,28,Guwahati,Assam,2020-01-20,2026-04-15,2,0.5,10,5,1697.59,3395.18,5449.48,Electronics,Online,Low Value,Bronze,70,Low,1
CUST104816,Lisa Buchanan,Female,20,Hyderabad,Telangana,2022-02-26,2026-01-08,4,0.93,8,2,679.12,2716.48,2726.91,Beauty,Offline,Low Value,Bronze,167,Medium,1
CUST104817,Marcus Fields,Male,53,Chennai,Tamil Nadu,2019-06-02,2025-11-16,6,0.85,48,8,2015.28,12091.68,12085.89,Electronics,Online,Low Value,Bronze,220,High,1
CUST104818,Tammy Lopez,Female,42,Chennai,Tamil Nadu,2019-06-24,2026-03-24,3,0.5,18,6,1047.97,3143.91,3665.38,Beauty,Online,Low Value,Bronze,92,Medium,1
CUST104819,Derek Williams,Female,49,Guwahati,Assam,2022-07-07,2026-06-07,128,32.33,2304,18,3792.86,485486.08,485456.8,Beauty,Offline,High Value,Gold,17,Low,0
CUST104820,James Davenport,Male,65,Vadodara,Gujarat,2020-03-06,2026-03-09,23,3.65,230,10,2125.39,48883.97,48829.27,Grocery,Online,Medium Value,Silver,107,Medium,0
CUST104821,Justin Moreno,Male,19,Indore,Madhya Pradesh,2024-02-29,2026-02-04,28,12.12,392,14,4807.98,134623.44,134653.45,Sports,Online,Medium Value,Gold,140,Low,0
CUST104822,Mario Green,Female,18,Guwahati,Assam,2020-10-26,2025-03-21,28,4.95,168,6,6772.41,189627.48,189530.14,Home & Kitchen,Online,Medium Value,Gold,460,High,0
CUST104823,Cassandra Fry,Female,25,Nagpur,Maharashtra,2023-05-29,2026-03-17,21,6.85,147,7,1098.42,23066.82,23072.08,Grocery,Online,Medium Value,Bronze,99,Medium,0
CUST104824,Dr. Jose Gray DDS,Female,42,Hyderabad,Telangana,2019-12-06,2026-01-05,17,2.6,85,5,6513.63,110731.71,110816.42,Beauty,Online,Medium Value,Silver,170,Medium,0
CUST104825,Amy Adams,Male,31,Kochi,Kerala,2019-04-15,2026-06-11,59,8.21,177,3,9563.95,564273.05,564312.33,Beauty,Online,High Value,Gold,13,Low,0
CUST104826,Austin Horton,Male,43,Indore,Madhya Pradesh,2023-04-18,2025-12-02,7,2.2,119,17,2458.9,17212.3,17195.13,Beauty,Offline,Medium Value,Bronze,204,High,0
CUST104827,Elizabeth Jackson,Male,48,Hyderabad,Telangana,2020-04-15,2026-06-20,115,18.59,2875,25,10731.46,1234117.9,1233855.23,Fashion,Offline,High Value,Platinum,4,Low,0
CUST104828,Maureen Cross,Male,55,Ranchi,Jharkhand,2020-11-07,2026-06-09,32,5.69,384,12,4534.49,145103.68,145023.85,Electronics,Offline,Medium Value,Gold,15,Low,0
CUST104829,Christopher Sanchez,Male,38,Nashik,Maharashtra,2022-01-04,2025-12-22,29,6.5,348,12,4660.79,135162.91,135198.0,Electronics,Online,Medium Value,Gold,184,High,0
CUST104830,Mitchell Richardson,Female,39,Bhopal,Madhya Pradesh,2021-11-27,2026-02-28,7,1.53,21,3,621.63,4351.41,4343.39,Home & Kitchen,Offline,Low Value,Bronze,116,Medium,1
CUST104831,Kelsey Lewis,Male,41,Kolkata,West Bengal,2019-04-07,2025-11-06,11,1.53,22,2,1545.18,16996.98,17042.42,Fashion,Offline,Medium Value,Bronze,230,High,1
CUST104832,Richard Miller,Male,54,Kochi,Kerala,2024-01-16,2026-03-19,37,15.22,74,2,1712.91,63377.67,63382.88,Electronics,Online,Medium Value,Silver,97,Medium,0
CUST104833,Samantha Carter,Female,50,Patna,Bihar,2019-06-27,2026-04-19,88,12.59,2552,29,9573.42,842460.96,842138.05,Electronics,Online,High Value,Platinum,66,Low,0
CUST104834,Mrs. Heather Christensen,Male,38,Kanpur,Uttar Pradesh,2019-04-01,2025-05-27,13,1.8,78,6,3612.25,46959.25,46978.54,Electronics,Online,Medium Value,Silver,393,High,1
CUST104835,Sharon Williams,Male,27,Pune,Maharashtra,2024-02-10,2026-05-18,54,22.85,756,14,7554.27,407930.58,407848.88,Fashion,Offline,High Value,Gold,37,Low,0
CUST104836,Daryl Lowe,Female,29,Lucknow,Uttar Pradesh,2021-11-06,2026-05-19,22,4.76,242,11,3761.44,82751.68,82794.31,Sports,Offline,Medium Value,Silver,36,Low,0
CUST104837,Michael Carter,Female,43,Bhopal,Madhya Pradesh,2020-01-04,2026-03-12,28,4.33,140,5,4118.92,115329.76,115286.12,Home & Kitchen,Online,Medium Value,Silver,104,Medium,0
CUST104838,Susan Johnson,Male,59,Bengaluru,Karnataka,2020-02-28,2026-05-05,84,13.3,2100,25,1286.29,108048.36,108008.92,Beauty,Offline,Medium Value,Silver,50,Low,0
CUST104839,James Jenkins,Female,23,Surat,Gujarat,2021-01-11,2026-04-03,7,1.29,126,18,3826.52,26785.64,26867.04,Electronics,Online,Medium Value,Bronze,82,Low,1
CUST104840,Dylan Johnston,Male,34,Nashik,Maharashtra,2024-03-10,2024-03-10,8,3.5,40,5,1531.8,12254.4,12241.82,Grocery,Offline,Low Value,Bronze,836,High,0
CUST104841,Kathy Hull,Female,25,Indore,Madhya Pradesh,2020-05-31,2025-07-26,2,0.5,2,1,1331.01,2662.02,4032.2,Home & Kitchen,Online,Low Value,Bronze,333,High,1
CUST104842,Monica Richardson,Male,35,Jaipur,Rajasthan,2021-04-11,2026-02-27,15,2.89,150,10,2196.35,32945.25,32984.16,Beauty,Offline,Medium Value,Bronze,117,Medium,0
CUST104843,Kathryn White,Female,31,Jaipur,Rajasthan,2019-07-09,2026-06-07,76,10.93,1520,20,8039.1,610971.6,611042.03,Beauty,Offline,High Value,Gold,17,Low,0
CUST104844,Mrs. Valerie Owens,Male,38,Visakhapatnam,Andhra Pradesh,2020-02-03,2026-05-26,84,13.16,1008,12,3686.22,309642.48,309591.61,Fashion,Online,High Value,Gold,29,Low,0
CUST104845,Amy Watts,Male,18,Jaipur,Rajasthan,2024-03-06,2026-02-13,21,9.15,231,11,5006.91,105145.11,105110.15,Grocery,Online,Medium Value,Silver,131,Medium,0
CUST104846,Michael Brown,Male,48,Patna,Bihar,2020-06-19,2024-12-24,5,0.83,25,5,1235.64,6178.2,6160.51,Home & Kitchen,Online,Low Value,Bronze,547,High,1
CUST104847,Cynthia Hendricks,Male,21,Jaipur,Rajasthan,2023-12-03,2026-04-01,54,21.16,810,15,14934.75,806476.5,806379.18,Beauty,Offline,High Value,Platinum,84,Low,0
CUST104848,Phillip Kelly,Male,46,Chennai,Tamil Nadu,2024-02-14,2025-11-17,5,2.13,25,5,1689.38,8446.9,8462.72,Fashion,Online,Low Value,Bronze,219,High,0
CUST104849,Deanna Edwards,Male,46,Indore,Madhya Pradesh,2022-06-18,2026-02-27,116,28.92,2668,23,1887.5,218950.0,218943.8,Beauty,Online,Medium Value,Gold,117,Low,0
CUST104850,Jennifer Walker,Male,22,Vadodara,Gujarat,2022-01-31,2025-03-26,3,0.68,18,6,327.92,983.76,978.63,Beauty,Offline,Low Value,Bronze,455,High,1
CUST104851,Brian Davis,Female,30,Coimbatore,Tamil Nadu,2020-11-13,2025-08-08,21,3.75,294,14,4095.41,86003.61,86070.89,Fashion,Online,Medium Value,Silver,320,High,0
CUST104852,Kelsey Griffith,Male,35,Mumbai,Maharashtra,2023-02-22,2025-08-04,6,1.8,48,8,355.85,2135.1,2132.47,Electronics,Offline,Low Value,Bronze,324,High,1
CUST104853,Kimberly Obrien,Male,25,Visakhapatnam,Andhra Pradesh,2020-08-19,2026-05-18,10,1.71,230,23,2606.65,26066.5,26030.32,Grocery,Online,Medium Value,Bronze,37,Low,1
CUST104854,Kevin Mccoy,Male,35,Visakhapatnam,Andhra Pradesh,2023-08-28,2026-05-24,22,7.81,308,14,2487.27,54719.94,54726.68,Home & Kitchen,Offline,Medium Value,Silver,31,Low,0
CUST104855,Daniel Sullivan,Male,27,Guwahati,Assam,2020-08-21,2026-05-21,93,15.94,2046,22,7322.31,680974.83,680972.62,Beauty,Online,High Value,Gold,34,Low,0
CUST104856,Darius Khan,Female,24,Pune,Maharashtra,2019-12-01,2026-05-25,57,8.69,969,17,5041.56,287368.92,287276.44,Grocery,Online,High Value,Gold,30,Low,0
CUST104857,Miranda Huber,Female,46,Delhi,Delhi,2021-04-11,2025-12-15,5,0.96,15,3,1111.7,5558.5,5545.81,Beauty,Offline,Low Value,Bronze,191,High,1
CUST104858,Lisa Wagner,Female,49,Surat,Gujarat,2021-10-22,2024-11-12,11,2.36,88,8,418.83,4607.13,4611.36,Home & Kitchen,Online,Low Value,Bronze,589,High,0
CUST104859,Erin Price,Male,37,Patna,Bihar,2019-10-25,2026-05-24,5,0.75,15,3,358.79,1793.95,1791.74,Beauty,Online,Low Value,Bronze,31,Low,1
CUST104860,Jonathan Russell,Female,42,Indore,Madhya Pradesh,2021-10-06,2025-12-15,36,7.64,360,10,908.56,32708.16,32687.76,Electronics,Online,Medium Value,Bronze,191,High,0
CUST104861,Sharon Snow,Male,18,Indore,Madhya Pradesh,2021-06-24,2024-12-12,6,1.2,36,6,1067.87,6407.22,6399.33,Sports,Offline,Low Value,Bronze,559,High,1
CUST104862,Cody Hoover,Male,37,Kochi,Kerala,2022-10-07,2026-05-22,113,30.48,2373,21,7617.18,860741.34,860671.89,Beauty,Online,High Value,Platinum,33,Low,0
CUST104863,Alyssa Rodriguez PhD,Female,33,Guwahati,Assam,2019-04-16,2026-06-07,22,3.06,286,13,4347.96,95655.12,95582.98,Beauty,Online,Medium Value,Silver,17,Low,0
CUST104864,Carl Harper,Female,37,Hyderabad,Telangana,2023-02-06,2024-10-31,27,8.0,243,9,1680.17,45364.59,45338.14,Fashion,Offline,Medium Value,Silver,601,High,0
CUST104865,Dana Bennett,Female,32,Ranchi,Jharkhand,2022-10-11,2026-03-29,54,14.61,972,18,5959.82,321830.28,321830.28,Grocery,Online,High Value,Gold,87,Low,0
CUST104866,Michael Baker,Female,55,Kolkata,West Bengal,2024-02-23,2025-11-29,19,8.16,228,12,2735.83,51980.77,51952.68,Home & Kitchen,Online,Medium Value,Silver,207,High,0
CUST104867,William Wilson,Male,42,Kanpur,Uttar Pradesh,2023-03-22,2025-11-26,88,27.06,968,11,11468.39,1009218.32,1009384.11,Fashion,Online,High Value,Platinum,210,High,0
CUST104868,Jennifer Smith,Male,56,Patna,Bihar,2023-08-26,2025-07-29,7,2.48,49,7,2643.05,18501.35,18502.29,Beauty,Online,Medium Value,Bronze,330,High,0
CUST104869,Cindy Richardson,Female,25,Bhopal,Madhya Pradesh,2020-01-24,2026-02-12,2,0.5,6,3,2151.52,4303.04,6894.88,Beauty,Online,Low Value,Bronze,132,Medium,1
CUST104870,Brandi Brown,Female,35,Coimbatore,Tamil Nadu,2022-09-07,2026-05-27,21,5.54,315,15,2139.15,44922.15,44905.22,Home & Kitchen,Offline,Medium Value,Silver,28,Low,0
CUST104871,Benjamin Martinez,Female,55,Mumbai,Maharashtra,2023-05-13,2025-12-03,62,19.93,558,9,1040.84,64532.08,64517.77,Grocery,Online,Medium Value,Silver,203,High,0
CUST104872,Patricia Mitchell,Male,44,Visakhapatnam,Andhra Pradesh,2019-02-25,2026-05-19,87,11.88,1653,19,7258.12,631456.44,631265.08,Home & Kitchen,Online,High Value,Gold,36,Low,0
CUST104873,Courtney Sanders,Male,18,Pune,Maharashtra,2023-10-26,2026-04-20,19,7.15,266,14,3293.76,62581.44,62543.11,Fashion,Offline,Medium Value,Silver,65,Low,0
CUST104874,Ryan Willis,Female,41,Nashik,Maharashtra,2021-12-24,2026-02-12,47,10.46,1128,24,4121.52,193711.44,193690.11,Grocery,Online,Medium Value,Gold,132,Low,0
CUST104875,Jennifer Jackson,Female,54,Nagpur,Maharashtra,2023-09-17,2026-06-05,23,8.33,207,9,3972.9,91376.7,91422.6,Beauty,Online,Medium Value,Silver,19,Low,0
CUST104876,Teresa Obrien,Female,35,Indore,Madhya Pradesh,2021-07-04,2026-05-12,30,6.04,300,10,4465.53,133965.9,133954.41,Electronics,Online,Medium Value,Gold,43,Low,0
CUST104877,Angel Hayes,Male,43,Coimbatore,Tamil Nadu,2020-06-29,2026-04-03,23,3.85,414,18,6059.32,139364.36,139491.27,Beauty,Offline,Medium Value,Gold,82,Low,0
CUST104878,Jason Davis,Male,43,Nashik,Maharashtra,2019-02-17,2026-03-24,31,4.22,310,10,2802.19,86867.89,86831.75,Sports,Offline,Medium Value,Silver,92,Medium,0
CUST104879,Melissa Mathews,Female,54,Visakhapatnam,Andhra Pradesh,2023-09-21,2026-05-22,4,1.45,16,4,2655.12,10620.48,10593.22,Grocery,Online,Low Value,Bronze,33,Low,1
CUST104880,Joseph Russell,Female,18,Ahmedabad,Gujarat,2020-07-12,2026-05-09,19,3.2,342,18,1903.66,36169.54,36208.37,Sports,Offline,Medium Value,Silver,46,Low,0
CUST104881,Sandra Mccoy,Male,27,Chandigarh,Chandigarh,2021-04-19,2026-05-25,18,3.48,18,1,5778.55,104013.9,104056.62,Home & Kitchen,Online,Medium Value,Silver,30,Low,0
CUST104882,Gail Vasquez,Male,47,Delhi,Delhi,2020-09-14,2026-06-16,5,0.87,40,8,2196.37,10981.85,11022.98,Fashion,Online,Low Value,Bronze,8,Low,1
CUST104883,Jeffrey Gibbs,Female,18,Ahmedabad,Gujarat,2020-07-30,2026-06-22,50,8.48,1050,21,4774.49,238724.5,238658.36,Fashion,Online,High Value,Gold,2,Low,0
CUST104884,Michael Wilson,Male,40,Ranchi,Jharkhand,2024-03-03,2026-05-21,69,29.97,2346,34,2546.26,175691.94,175709.51,Grocery,Online,Medium Value,Gold,34,Low,0
CUST104885,Richard Smith,Female,54,Vadodara,Gujarat,2019-04-01,2026-06-16,2,0.5,8,4,409.61,819.22,1479.75,Grocery,Online,Low Value,Bronze,8,Low,1
CUST104886,Corey Mooney,Female,56,Kolkata,West Bengal,2021-09-27,2026-06-13,20,4.22,300,15,4171.67,83433.4,83334.95,Grocery,Online,Medium Value,Silver,11,Low,0
CUST104887,Christina Myers,Female,40,Madurai,Tamil Nadu,2022-12-12,2025-10-31,37,10.49,333,9,2333.89,86353.93,86333.93,Fashion,Offline,Medium Value,Silver,236,High,0
CUST104888,Anita Pitts,Female,63,Bengaluru,Karnataka,2023-09-03,2026-05-30,103,36.77,4429,43,10449.45,1076293.35,1076149.16,Home & Kitchen,Online,High Value,Platinum,25,Low,0
CUST104889,Christian Bryant,Female,60,Jaipur,Rajasthan,2021-08-19,2026-06-03,17,3.51,391,23,5338.85,90760.45,90708.27,Beauty,Online,Medium Value,Silver,21,Low,0
CUST104890,Patrick Garcia,Male,46,Ahmedabad,Gujarat,2023-12-15,2026-05-19,23,9.13,345,15,3265.6,75108.8,75098.52,Sports,Online,Medium Value,Silver,36,Low,0
CUST104891,Daniel Merritt,Female,39,Guwahati,Assam,2024-03-18,2026-05-30,125,55.27,2125,17,2824.07,353008.75,352983.78,Home & Kitchen,Online,High Value,Gold,25,Low,0
CUST104892,Robert Hicks,Male,36,Nagpur,Maharashtra,2024-03-01,2025-10-17,13,5.63,117,9,4712.53,61262.89,61235.02,Fashion,Offline,Medium Value,Silver,250,High,0
CUST104893,Kenneth Washington,Female,44,Vadodara,Gujarat,2021-02-13,2026-04-15,15,2.8,15,1,2424.27,36364.05,36332.52,Beauty,Online,Medium Value,Silver,70,Low,0
CUST104894,Jessica Hoffman,Male,33,Vadodara,Gujarat,2023-10-15,2025-11-18,18,6.7,180,10,6378.15,114806.7,114775.27,Electronics,Offline,Medium Value,Silver,218,High,0
CUST104895,Lisa Riggs,Female,36,Visakhapatnam,Andhra Pradesh,2021-12-21,2026-06-15,101,22.44,808,8,6719.78,678697.78,678718.2,Electronics,Offline,High Value,Gold,9,Low,0
CUST104896,Donna Mccarty,Male,53,Chandigarh,Chandigarh,2023-04-28,2026-02-18,52,16.5,1196,23,2578.42,134077.84,134067.25,Home & Kitchen,Offline,Medium Value,Gold,126,Low,0
CUST104897,Eric Spencer,Female,54,Hyderabad,Telangana,2023-04-04,2026-01-11,17,5.28,153,9,4640.12,78882.04,78815.34,Beauty,Offline,Medium Value,Silver,164,Medium,0
CUST104898,Victoria Deleon,Female,39,Guwahati,Assam,2022-01-05,2026-04-18,44,9.87,1056,24,13101.62,576471.28,576730.62,Home & Kitchen,Offline,High Value,Gold,67,Low,0
CUST104899,David Roy,Male,41,Kochi,Kerala,2020-09-29,2026-06-22,14,2.44,140,10,1435.88,20102.32,20066.86,Beauty,Offline,Medium Value,Bronze,2,Low,0
CUST104900,Nancy Rice,Male,27,Ahmedabad,Gujarat,2023-09-15,2026-06-13,108,39.02,1728,16,11502.13,1242230.04,1242299.95,Sports,Offline,High Value,Platinum,11,Low,0
CUST104901,Daniel Brewer,Male,33,Mumbai,Maharashtra,2022-11-27,2026-04-22,13,3.64,117,9,6675.91,86786.83,86689.41,Home & Kitchen,Online,Medium Value,Silver,63,Low,0
CUST104902,Becky Garcia,Male,18,Bhopal,Madhya Pradesh,2024-05-09,2026-06-01,135,63.71,1350,10,1236.01,166861.35,166870.79,Home & Kitchen,Online,Medium Value,Gold,23,Low,0
CUST104903,Michael Smith,Female,50,Kochi,Kerala,2020-08-19,2026-03-12,24,4.11,216,9,2362.98,56711.52,56715.6,Home & Kitchen,Online,Medium Value,Silver,104,Medium,0
CUST104904,Katie Kaiser,Female,37,Jaipur,Rajasthan,2023-09-26,2026-01-04,1,0.5,7,7,826.45,826.45,1131.35,Beauty,Online,Low Value,Bronze,171,Medium,1
CUST104905,Amy Roberts,Male,50,Bhopal,Madhya Pradesh,2023-06-03,2026-06-21,113,37.02,2260,20,13427.96,1517359.48,1517508.37,Sports,Online,High Value,Platinum,3,Low,0
CUST104906,Taylor Espinoza,Male,50,Ahmedabad,Gujarat,2022-10-05,2025-06-29,1,0.5,2,2,585.13,585.13,1086.16,Sports,Online,Low Value,Bronze,360,High,1
CUST104907,David Aguirre,Male,28,Nagpur,Maharashtra,2019-03-21,2026-05-08,31,4.27,31,1,4889.29,151567.99,151470.94,Beauty,Online,Medium Value,Gold,47,Low,0
CUST104908,Kyle Armstrong,Male,27,Nashik,Maharashtra,2022-08-05,2022-09-23,5,1.29,5,1,1385.48,6927.4,6933.77,Fashion,Online,Low Value,Bronze,1370,High,1
CUST104909,Jennifer Weber,Female,46,Indore,Madhya Pradesh,2022-03-18,2025-07-04,21,4.93,189,9,1890.0,39690.0,39719.81,Sports,Online,Medium Value,Silver,355,High,0
CUST104910,Sheila Douglas,Female,38,Pune,Maharashtra,2023-11-04,2026-05-22,1,0.5,3,3,1633.25,1633.25,2148.6,Electronics,Online,Low Value,Bronze,33,Low,1
CUST104911,Maria Malone,Male,59,Surat,Gujarat,2023-11-06,2026-02-05,24,9.14,456,19,3271.29,78510.96,78504.33,Electronics,Online,Medium Value,Silver,139,Medium,0
CUST104912,Megan Juarez,Male,18,Ranchi,Jharkhand,2021-10-02,2025-10-30,10,2.12,110,11,4163.25,41632.5,41659.63,Fashion,Offline,Medium Value,Silver,237,High,0
CUST104913,Ann Boyd,Male,19,Kanpur,Uttar Pradesh,2023-06-17,2026-04-21,134,44.45,1876,14,12365.99,1657042.66,1656905.54,Electronics,Offline,High Value,Platinum,64,Low,0
CUST104914,Richard Riley,Male,35,Guwahati,Assam,2022-05-04,2026-06-09,105,25.4,2520,24,12994.54,1364426.7,1364524.54,Home & Kitchen,Online,High Value,Platinum,15,Low,0
CUST104915,Laura Thomas,Male,31,Ranchi,Jharkhand,2021-01-24,2025-04-15,15,2.77,75,5,1172.51,17587.65,17561.97,Fashion,Online,Medium Value,Bronze,435,High,0
CUST104916,Elizabeth Barton,Male,43,Kochi,Kerala,2022-05-16,2026-02-07,12,2.93,216,18,5926.9,71122.8,71222.43,Home & Kitchen,Online,Medium Value,Silver,137,Medium,0
CUST104917,Laura Sparks,Female,33,Kolkata,West Bengal,2021-03-11,2026-05-03,40,7.57,680,17,4013.38,160535.2,160453.12,Fashion,Online,Medium Value,Gold,52,Low,0
CUST104918,Tiffany Zamora,Female,27,Chandigarh,Chandigarh,2022-12-03,2026-01-13,9,2.53,45,5,1264.41,11379.69,11359.47,Beauty,Offline,Low Value,Bronze,162,Medium,0
CUST104919,Ryan Roman,Male,38,Madurai,Tamil Nadu,2019-10-06,2026-02-05,45,6.71,315,7,2112.73,95072.85,95130.46,Beauty,Offline,Medium Value,Silver,139,Medium,0
CUST104920,Richard Parsons,Male,44,Jaipur,Rajasthan,2024-04-14,2025-02-27,1,0.5,7,7,707.62,707.62,773.97,Grocery,Offline,Low Value,Bronze,482,High,1
CUST104921,Justin Yu,Female,32,Hyderabad,Telangana,2019-04-09,2026-06-01,3,0.5,6,2,922.07,2766.21,3320.97,Fashion,Online,Low Value,Bronze,23,Low,1
CUST104922,Marcus Johnson,Female,57,Nagpur,Maharashtra,2022-11-28,2026-04-27,25,7.01,225,9,3512.42,87810.5,87769.82,Grocery,Online,Medium Value,Silver,58,Low,0
CUST104923,Brittney Bowman,Female,43,Nashik,Maharashtra,2021-06-06,2024-12-20,3,0.59,18,6,200.0,600.0,595.09,Electronics,Online,Low Value,Bronze,551,High,1
CUST104924,Jason Snow,Other,51,Ahmedabad,Gujarat,2023-07-27,2026-06-22,86,29.61,1118,13,13080.2,1124897.2,1125065.87,Home & Kitchen,Online,High Value,Platinum,2,Low,0
CUST104925,Carrie Lewis,Female,57,Coimbatore,Tamil Nadu,2020-09-15,2026-04-07,69,11.97,621,9,4392.21,303062.49,303141.5,Fashion,Offline,High Value,Gold,78,Low,0
CUST104926,Wendy Perez,Female,31,Jaipur,Rajasthan,2023-02-03,2026-05-16,9,2.66,63,7,4307.25,38765.25,38739.9,Electronics,Online,Medium Value,Silver,39,Low,0
CUST104927,Erika Bates,Female,35,Nashik,Maharashtra,2020-11-09,2026-06-16,25,4.45,100,4,2897.21,72430.25,72396.14,Grocery,Online,Medium Value,Silver,8,Low,0
CUST104928,Marie Roach,Female,38,Nagpur,Maharashtra,2020-02-23,2025-12-10,7,1.11,84,12,1771.48,12400.36,12441.39,Electronics,Online,Low Value,Bronze,196,High,1
CUST104929,Mary Hoffman,Female,38,Coimbatore,Tamil Nadu,2022-05-07,2023-07-30,1,0.5,6,6,200.0,200.0,412.59,Fashion,Online,Low Value,Bronze,1060,High,1
CUST104930,Robert Mitchell,Male,18,Vadodara,Gujarat,2022-02-04,2026-04-29,42,9.59,630,15,6058.25,254446.5,254345.49,Sports,Online,High Value,Gold,56,Low,0
CUST104931,Gregory Russell,Male,27,Ahmedabad,Gujarat,2024-01-24,2026-01-22,12,4.98,24,2,3779.64,45355.68,45349.47,Home & Kitchen,Online,Medium Value,Silver,153,Medium,0
CUST104932,Vicki Barrera,Female,44,Mumbai,Maharashtra,2021-09-24,2026-02-07,8,1.69,56,7,1745.8,13966.4,13990.68,Beauty,Online,Low Value,Bronze,137,Medium,1
CUST104933,Jessica Johnson,Female,31,Chandigarh,Chandigarh,2022-11-09,2026-03-14,10,2.76,180,18,2461.94,24619.4,24575.32,Electronics,Online,Medium Value,Bronze,102,Medium,0
CUST104934,Rachel Sullivan,Female,48,Vadodara,Gujarat,2021-12-14,2026-01-17,10,2.21,50,5,3752.32,37523.2,37484.26,Electronics,Online,Medium Value,Silver,158,Medium,0
CUST104935,Kimberly Thomas,Female,61,Patna,Bihar,2019-04-06,2026-05-08,25,3.47,250,10,3102.65,77566.25,77640.41,Home & Kitchen,Online,Medium Value,Silver,47,Low,0
CUST104936,Anna Pierce,Male,51,Bhopal,Madhya Pradesh,2020-11-11,2026-03-12,1,0.5,6,6,1424.75,1424.75,3996.32,Grocery,Online,Low Value,Bronze,104,Medium,1
CUST104937,Haley Mccoy,Other,45,Ahmedabad,Gujarat,2019-07-09,2026-02-28,16,2.3,256,16,2286.93,36590.88,36578.36,Home & Kitchen,Offline,Medium Value,Silver,116,Medium,0
CUST104938,Claire Hoffman,Female,24,Bengaluru,Karnataka,2019-03-17,2025-04-30,7,0.96,49,7,610.96,4276.72,4261.82,Electronics,Online,Low Value,Bronze,420,High,1
CUST104939,Annette Rivas,Male,18,Lucknow,Uttar Pradesh,2023-04-18,2023-10-27,6,1.89,30,5,928.57,5571.42,5578.51,Fashion,Online,Low Value,Bronze,971,High,1
CUST104940,Pamela Aguirre,Male,24,Nashik,Maharashtra,2021-09-30,2025-12-24,13,2.75,247,19,5275.94,68587.22,68561.94,Beauty,Online,Medium Value,Silver,182,High,0
CUST104941,George Bradshaw,Male,43,Ahmedabad,Gujarat,2019-09-15,2026-06-13,7,1.03,98,14,2363.13,16541.91,16473.39,Electronics,Online,Medium Value,Bronze,11,Low,1
CUST104942,Ryan Waters,Male,43,Ranchi,Jharkhand,2019-09-26,2023-10-07,4,0.59,40,10,1036.86,4147.44,4121.86,Sports,Online,Low Value,Bronze,991,High,1
CUST104943,Chase Matthews,Male,41,Madurai,Tamil Nadu,2023-09-19,2026-01-05,5,1.81,15,3,2624.23,13121.15,13095.43,Sports,Online,Low Value,Bronze,170,Medium,1
CUST104944,Sarah Nelson,Male,32,Ahmedabad,Gujarat,2024-03-09,2026-01-11,7,3.06,35,5,1222.75,8559.25,8553.73,Grocery,Online,Low Value,Bronze,164,Medium,0
CUST104945,Sarah Wall,Female,23,Ranchi,Jharkhand,2019-04-07,2026-03-31,3,0.5,30,10,1495.86,4487.58,5391.65,Electronics,Online,Low Value,Bronze,85,Low,1
CUST104946,Paul Smith,Female,21,Ahmedabad,Gujarat,2023-02-10,2026-03-26,39,11.6,585,15,3803.89,148351.71,148352.23,Beauty,Online,Medium Value,Gold,90,Low,0
CUST104947,Kayla Burke,Male,29,Delhi,Delhi,2020-08-30,2025-10-24,3,0.52,18,6,731.32,2193.96,2209.36,Home & Kitchen,Online,Low Value,Bronze,243,High,1
CUST104948,Jean Murillo,Male,29,Kolkata,West Bengal,2023-09-15,2026-06-08,3,1.08,6,2,1642.65,4927.95,4910.55,Grocery,Online,Low Value,Bronze,16,Low,1
CUST104949,William Hughes,Male,39,Coimbatore,Tamil Nadu,2020-06-06,2024-02-29,3,0.5,30,10,1339.85,4019.55,4047.98,Grocery,Online,Low Value,Bronze,846,High,1
CUST104950,Brad Lee,Male,20,Madurai,Tamil Nadu,2024-03-18,2026-06-07,26,11.5,364,14,1065.49,27702.74,27710.03,Electronics,Online,Medium Value,Bronze,17,Low,0
CUST104951,Samantha Morrow,Female,30,Nashik,Maharashtra,2020-09-15,2026-01-15,73,12.66,1095,15,13018.92,950381.16,950335.18,Electronics,Online,High Value,Platinum,160,Medium,0
CUST104952,Tony Brooks,Female,46,Madurai,Tamil Nadu,2021-10-26,2026-04-08,12,2.58,264,22,3586.95,43043.4,43072.86,Beauty,Offline,Medium Value,Silver,77,Low,0
CUST104953,Matthew Miller,Female,27,Hyderabad,Telangana,2023-04-12,2025-01-26,38,11.89,532,14,2091.54,79478.52,79456.36,Fashion,Online,Medium Value,Silver,514,High,0
CUST104954,Angel Rojas,Male,43,Mumbai,Maharashtra,2022-01-21,2026-06-09,17,3.85,323,19,3002.14,51036.38,51042.96,Grocery,Online,Medium Value,Silver,15,Low,0
CUST104955,Jason Thompson,Female,43,Chandigarh,Chandigarh,2020-03-23,2025-04-13,8,1.28,24,3,997.22,7977.76,7974.92,Grocery,Online,Low Value,Bronze,437,High,1
CUST104956,Christina Aguilar,Female,45,Jaipur,Rajasthan,2019-05-20,2025-04-25,11,1.55,143,13,878.98,9668.78,9660.96,Grocery,Offline,Low Value,Bronze,425,High,1
CUST104957,Jason Thomas,Male,22,Pune,Maharashtra,2020-11-07,2026-06-13,18,3.2,18,1,5299.72,95394.96,95323.86,Sports,Offline,Medium Value,Silver,11,Low,0
CUST104958,Connie Ramirez,Female,26,Chennai,Tamil Nadu,2019-12-22,2026-06-20,41,6.31,533,13,13299.03,545260.23,545431.0,Home & Kitchen,Online,High Value,Gold,4,Low,0
CUST104959,Jon Ramos,Male,28,Patna,Bihar,2024-03-29,2025-12-18,5,2.24,15,3,711.53,3557.65,3556.38,Fashion,Online,Low Value,Bronze,188,High,0
CUST104960,Christopher Klein,Female,34,Guwahati,Assam,2019-09-10,2025-02-28,45,6.64,540,12,5226.9,235210.5,235368.34,Sports,Online,Medium Value,Gold,481,High,0
CUST104961,Charles Powell,Male,24,Lucknow,Uttar Pradesh,2020-12-16,2025-10-10,15,2.72,300,20,6454.1,96811.5,96799.66,Grocery,Offline,Medium Value,Silver,257,High,0
CUST104962,Megan Carlson,Female,45,Jaipur,Rajasthan,2024-01-30,2026-06-07,26,10.87,546,21,3380.15,87883.9,87919.81,Home & Kitchen,Online,Medium Value,Silver,17,Low,0
CUST104963,Justin Davis,Female,45,Lucknow,Uttar Pradesh,2022-11-03,2025-11-05,2,0.55,18,9,1731.7,3463.4,3460.32,Grocery,Online,Low Value,Bronze,231,High,1
CUST104964,Molly Mckenzie,Male,24,Chandigarh,Chandigarh,2022-09-20,2025-09-09,69,18.38,1311,19,2048.36,141336.84,141318.5,Home & Kitchen,Online,Medium Value,Gold,288,High,0
CUST104965,Tammy Hendrix,Male,42,Indore,Madhya Pradesh,2020-04-29,2026-04-04,20,3.25,200,10,3921.21,78424.2,78330.26,Fashion,Online,Medium Value,Silver,81,Low,0
CUST104966,Tara Jones,Male,51,Coimbatore,Tamil Nadu,2020-12-18,2025-08-21,12,2.18,12,1,393.68,4724.16,4727.57,Sports,Offline,Low Value,Bronze,307,High,0
CUST104967,Alison Zuniga,Male,54,Kanpur,Uttar Pradesh,2022-09-03,2026-06-11,4,1.05,48,12,1274.39,5097.56,5085.0,Electronics,Online,Low Value,Bronze,13,Low,1
CUST104968,Deborah Waller,Female,54,Indore,Madhya Pradesh,2022-12-16,2025-11-01,12,3.41,96,8,2677.98,32135.76,32102.33,Sports,Online,Medium Value,Bronze,235,High,0
CUST104969,Jesse Davis,Female,44,Hyderabad,Telangana,2023-06-03,2026-03-30,20,6.55,60,3,5623.08,112461.6,112434.66,Home & Kitchen,Offline,Medium Value,Silver,86,Low,0
CUST104970,Timothy Howard,Male,18,Chennai,Tamil Nadu,2019-04-10,2026-05-11,19,2.64,247,13,6057.41,115090.79,115148.01,Sports,Online,Medium Value,Silver,44,Low,0
CUST104971,Christina Moon,Male,25,Lucknow,Uttar Pradesh,2020-11-14,2025-03-10,7,1.25,21,3,1465.13,10255.91,10258.92,Home & Kitchen,Online,Low Value,Bronze,471,High,1
CUST104972,John Ho,Male,32,Pune,Maharashtra,2021-11-17,2025-12-15,48,10.45,240,5,200.0,9600.0,9601.7,Home & Kitchen,Online,Low Value,Bronze,191,High,0
CUST104973,Daniel Ferrell,Female,42,Delhi,Delhi,2019-02-02,2025-08-26,1,0.5,8,8,2115.82,2115.82,7811.59,Grocery,Online,Low Value,Bronze,302,High,1
CUST104974,Megan Miller,Female,49,Nashik,Maharashtra,2021-03-13,2026-03-17,22,4.17,462,21,5859.94,128918.68,128920.12,Home & Kitchen,Online,Medium Value,Gold,99,Low,0
CUST104975,James Robinson,Male,60,Pune,Maharashtra,2020-07-06,2025-03-28,50,8.39,700,14,4099.31,204965.5,204993.89,Beauty,Offline,Medium Value,Gold,453,High,0
CUST104976,Roger Petty,Male,57,Bengaluru,Karnataka,2020-01-03,2026-06-14,103,15.93,3090,30,13236.97,1363407.91,1363622.09,Fashion,Online,High Value,Platinum,10,Low,0
CUST104977,John Payne,Female,20,Visakhapatnam,Andhra Pradesh,2023-04-13,2026-06-05,25,7.83,425,17,3561.18,89029.5,89015.17,Sports,Online,Medium Value,Silver,19,Low,0
CUST104978,Jamie Lee,Male,36,Ahmedabad,Gujarat,2020-02-20,2026-04-15,85,13.42,850,10,9756.88,829334.8,829538.62,Fashion,Online,High Value,Platinum,70,Low,0
CUST104979,Steven Gardner,Male,41,Pune,Maharashtra,2019-10-10,2026-01-19,39,5.82,1287,33,6485.74,252943.86,252886.86,Home & Kitchen,Online,High Value,Gold,156,Low,0
CUST104980,Kevin Barber,Male,57,Lucknow,Uttar Pradesh,2022-04-09,2026-02-22,4,0.95,16,4,2410.91,9643.64,9625.49,Home & Kitchen,Online,Low Value,Bronze,122,Medium,1
CUST104981,Kenneth Williams,Female,40,Hyderabad,Telangana,2020-03-25,2025-04-28,9,1.44,126,14,4097.39,36876.51,36831.08,Home & Kitchen,Online,Medium Value,Silver,422,High,1
CUST104982,Elizabeth Williams,Male,29,Nashik,Maharashtra,2023-12-24,2026-04-22,23,9.22,161,7,2096.44,48218.12,48210.49,Home & Kitchen,Online,Medium Value,Silver,63,Low,0
CUST104983,Jessica Mitchell,Male,64,Ahmedabad,Gujarat,2023-12-11,2025-02-23,2,0.79,8,4,1148.76,2297.52,2295.82,Electronics,Online,Low Value,Bronze,486,High,1
CUST104984,Jesse Fleming,Female,32,Bhopal,Madhya Pradesh,2019-04-15,2026-06-12,13,1.81,208,16,3665.33,47649.29,47679.4,Beauty,Online,Medium Value,Silver,12,Low,1
CUST104985,Jennifer Ferguson,Female,25,Kanpur,Uttar Pradesh,2019-08-07,2026-04-25,44,6.4,396,9,5411.61,238110.84,238101.95,Home & Kitchen,Online,High Value,Gold,60,Low,0
CUST104986,Susan Figueroa,Female,18,Ahmedabad,Gujarat,2023-05-03,2025-11-06,2,0.64,14,7,1183.22,2366.44,2375.96,Fashion,Offline,Low Value,Bronze,230,High,1
CUST104987,Mr. Thomas Jones PhD,Female,21,Patna,Bihar,2020-03-03,2026-05-27,15,2.38,255,17,4706.66,70599.9,70600.03,Sports,Offline,Medium Value,Silver,28,Low,0
CUST104988,Sherry Shannon,Female,38,Jaipur,Rajasthan,2022-09-04,2025-06-15,9,2.37,27,3,1672.99,15056.91,15056.64,Home & Kitchen,Online,Medium Value,Bronze,374,High,0
CUST104989,Samantha Garcia,Male,18,Chennai,Tamil Nadu,2022-08-09,2025-11-21,6,1.55,30,5,1868.04,11208.24,11201.34,Home & Kitchen,Online,Low Value,Bronze,215,High,1
CUST104990,Joseph Beltran,Male,36,Nagpur,Maharashtra,2020-08-22,2026-01-25,7,1.2,14,2,532.72,3729.04,3727.95,Fashion,Online,Low Value,Bronze,150,Medium,1
CUST104991,Joshua Navarro,Female,36,Bengaluru,Karnataka,2022-10-11,2025-08-13,8,2.16,88,11,2333.55,18668.4,18630.07,Grocery,Online,Medium Value,Bronze,315,High,0
CUST104992,Nicholas Obrien II,Male,33,Patna,Bihar,2019-09-04,2026-01-16,48,7.06,528,11,5795.0,278160.0,278127.95,Beauty,Online,High Value,Gold,159,Low,0
CUST104993,Ronald Baxter,Female,33,Mumbai,Maharashtra,2022-09-20,2025-07-20,6,1.6,90,15,3605.03,21630.18,21650.91,Beauty,Offline,Medium Value,Bronze,339,High,1
CUST104994,Sherri Charles,Male,34,Jaipur,Rajasthan,2022-08-15,2026-05-08,101,26.22,2525,25,11018.62,1112880.62,1112919.54,Electronics,Online,High Value,Platinum,47,Low,0
CUST104995,Michael Flores,Female,22,Nashik,Maharashtra,2023-03-17,2026-06-22,3,0.92,6,2,1024.41,3073.23,3078.31,Beauty,Online,Low Value,Bronze,2,Low,1
CUST104996,Darryl Christensen,Male,51,Nagpur,Maharashtra,2022-07-30,2026-06-20,24,6.16,624,26,4457.98,106991.52,106987.61,Grocery,Offline,Medium Value,Silver,4,Low,0
CUST104997,Allison Floyd,Male,37,Bhopal,Madhya Pradesh,2019-07-03,2026-04-19,21,3.01,441,21,3092.54,64943.34,64885.85,Home & Kitchen,Online,Medium Value,Silver,66,Low,0
CUST104998,Michelle Patterson,Female,43,Indore,Madhya Pradesh,2022-09-11,2025-08-15,13,3.44,26,2,831.7,10812.1,10809.71,Home & Kitchen,Offline,Low Value,Bronze,313,High,0
CUST104999,Wendy Chavez,Female,54,Hyderabad,Telangana,2020-11-22,2026-05-28,18,3.23,324,18,200.0,3600.0,3604.51,Fashion,Online,Low Value,Bronze,27,Low,0
